
lcd.elf：     文件格式 elf32-littlearm


Disassembly of section .text:

87800000 <_start>:
87800000:	e59ff100 	ldr	pc, [pc, #256]	; 87800108 <FIQ_Handler+0x8>
87800004:	e59ff100 	ldr	pc, [pc, #256]	; 8780010c <FIQ_Handler+0xc>
87800008:	e59ff100 	ldr	pc, [pc, #256]	; 87800110 <FIQ_Handler+0x10>
8780000c:	e59ff100 	ldr	pc, [pc, #256]	; 87800114 <FIQ_Handler+0x14>
87800010:	e59ff100 	ldr	pc, [pc, #256]	; 87800118 <FIQ_Handler+0x18>
87800014:	e59ff100 	ldr	pc, [pc, #256]	; 8780011c <FIQ_Handler+0x1c>
87800018:	e59ff100 	ldr	pc, [pc, #256]	; 87800120 <FIQ_Handler+0x20>
8780001c:	e59ff100 	ldr	pc, [pc, #256]	; 87800124 <FIQ_Handler+0x24>

87800020 <Reset_Handler>:
87800020:	f10c0080 	cpsid	i
87800024:	ee110f10 	mrc	15, 0, r0, cr1, cr0, {0}
87800028:	e3c00a01 	bic	r0, r0, #4096	; 0x1000
8780002c:	e3c00004 	bic	r0, r0, #4
87800030:	e3c00002 	bic	r0, r0, #2
87800034:	e3c00b02 	bic	r0, r0, #2048	; 0x800
87800038:	e3c00001 	bic	r0, r0, #1
8780003c:	ee010f10 	mcr	15, 0, r0, cr1, cr0, {0}
87800040:	e10f0000 	mrs	r0, CPSR
87800044:	e3c0001f 	bic	r0, r0, #31
87800048:	e3800012 	orr	r0, r0, #18
8780004c:	e129f000 	msr	CPSR_fc, r0
87800050:	e59fd0d0 	ldr	sp, [pc, #208]	; 87800128 <FIQ_Handler+0x28>
87800054:	e10f0000 	mrs	r0, CPSR
87800058:	e3c0001f 	bic	r0, r0, #31
8780005c:	e380001f 	orr	r0, r0, #31
87800060:	e129f000 	msr	CPSR_fc, r0
87800064:	e59fd0c0 	ldr	sp, [pc, #192]	; 8780012c <FIQ_Handler+0x2c>
87800068:	e10f0000 	mrs	r0, CPSR
8780006c:	e3c0001f 	bic	r0, r0, #31
87800070:	e3800013 	orr	r0, r0, #19
87800074:	e129f000 	msr	CPSR_fc, r0
87800078:	e59fd0b0 	ldr	sp, [pc, #176]	; 87800130 <FIQ_Handler+0x30>
8780007c:	f1080080 	cpsie	i
87800080:	ea000daa 	b	87803730 <__main_from_arm>

87800084 <Undefined_Handler>:
87800084:	e59f0080 	ldr	r0, [pc, #128]	; 8780010c <FIQ_Handler+0xc>
87800088:	e12fff10 	bx	r0

8780008c <SVC_Handler>:
8780008c:	e59f007c 	ldr	r0, [pc, #124]	; 87800110 <FIQ_Handler+0x10>
87800090:	e12fff10 	bx	r0

87800094 <PrefAbort_Handler>:
87800094:	e59f0078 	ldr	r0, [pc, #120]	; 87800114 <FIQ_Handler+0x14>
87800098:	e12fff10 	bx	r0

8780009c <DataAbort_Handler>:
8780009c:	e59f0074 	ldr	r0, [pc, #116]	; 87800118 <FIQ_Handler+0x18>
878000a0:	e12fff10 	bx	r0

878000a4 <NotUsed_Handler>:
878000a4:	e59f0070 	ldr	r0, [pc, #112]	; 8780011c <FIQ_Handler+0x1c>
878000a8:	e12fff10 	bx	r0

878000ac <IRQ_Handler>:
878000ac:	e52de004 	push	{lr}		; (str lr, [sp, #-4]!)
878000b0:	e92d100f 	push	{r0, r1, r2, r3, ip}
878000b4:	e14f0000 	mrs	r0, SPSR
878000b8:	e52d0004 	push	{r0}		; (str r0, [sp, #-4]!)
878000bc:	ee9f1f10 	mrc	15, 4, r1, cr15, cr0, {0}
878000c0:	e2811a02 	add	r1, r1, #8192	; 0x2000
878000c4:	e591000c 	ldr	r0, [r1, #12]
878000c8:	e92d0003 	push	{r0, r1}
878000cc:	f1020013 	cps	#19
878000d0:	e52de004 	push	{lr}		; (str lr, [sp, #-4]!)
878000d4:	e59f2058 	ldr	r2, [pc, #88]	; 87800134 <FIQ_Handler+0x34>
878000d8:	e12fff32 	blx	r2
878000dc:	e49de004 	pop	{lr}		; (ldr lr, [sp], #4)
878000e0:	f1020012 	cps	#18
878000e4:	e8bd0003 	pop	{r0, r1}
878000e8:	e5810010 	str	r0, [r1, #16]
878000ec:	e49d0004 	pop	{r0}		; (ldr r0, [sp], #4)
878000f0:	e16ff000 	msr	SPSR_fsxc, r0
878000f4:	e8bd100f 	pop	{r0, r1, r2, r3, ip}
878000f8:	e49de004 	pop	{lr}		; (ldr lr, [sp], #4)
878000fc:	e25ef004 	subs	pc, lr, #4

87800100 <FIQ_Handler>:
87800100:	e59f001c 	ldr	r0, [pc, #28]	; 87800124 <FIQ_Handler+0x24>
87800104:	e12fff10 	bx	r0
87800108:	87800020 	strhi	r0, [r0, r0, lsr #32]
8780010c:	87800084 	strhi	r0, [r0, r4, lsl #1]
87800110:	8780008c 	strhi	r0, [r0, ip, lsl #1]
87800114:	87800094 			; <UNDEFINED> instruction: 0x87800094
87800118:	8780009c 			; <UNDEFINED> instruction: 0x8780009c
8780011c:	878000a4 	strhi	r0, [r0, r4, lsr #1]
87800120:	878000ac 	strhi	r0, [r0, ip, lsr #1]
87800124:	87800100 	strhi	r0, [r0, r0, lsl #2]
87800128:	80600000 	rsbhi	r0, r0, r0
8780012c:	80400000 	subhi	r0, r0, r0
87800130:	80200000 	eorhi	r0, r0, r0
87800134:	8780083d 			; <UNDEFINED> instruction: 0x8780083d
87800138:	00001e41 	andeq	r1, r0, r1, asr #28
8780013c:	61656100 	cmnvs	r5, r0, lsl #2
87800140:	01006962 	tsteq	r0, r2, ror #18
87800144:	00000014 	andeq	r0, r0, r4, lsl r0
87800148:	412d3705 			; <UNDEFINED> instruction: 0x412d3705
8780014c:	070a0600 	streq	r0, [sl, -r0, lsl #12]
87800150:	09010841 	stmdbeq	r1, {r0, r6, fp}
87800154:	00040a02 	andeq	r0, r4, r2, lsl #20
	...

87800160 <__umodsi3>:
87800160:	e2512001 	subs	r2, r1, #1
87800164:	3a000062 	bcc	878002f4 <Ldiv0>
87800168:	11500001 	cmpne	r0, r1
8780016c:	03a00000 	moveq	r0, #0
87800170:	81110002 	tsthi	r1, r2
87800174:	00000002 	andeq	r0, r0, r2
87800178:	91a0f00e 	movls	pc, lr
8780017c:	e3a02000 	mov	r2, #0
87800180:	e3510201 	cmp	r1, #268435456	; 0x10000000
87800184:	31510000 	cmpcc	r1, r0
87800188:	31a01201 	lslcc	r1, r1, #4
8780018c:	32822004 	addcc	r2, r2, #4
87800190:	3afffffa 	bcc	87800180 <__umodsi3+0x20>
87800194:	e3510102 	cmp	r1, #-2147483648	; 0x80000000
87800198:	31510000 	cmpcc	r1, r0
8780019c:	31a01081 	lslcc	r1, r1, #1
878001a0:	32822001 	addcc	r2, r2, #1
878001a4:	3afffffa 	bcc	87800194 <__umodsi3+0x34>
878001a8:	e2522003 	subs	r2, r2, #3
878001ac:	ba00000e 	blt	878001ec <__umodsi3+0x8c>
878001b0:	e1500001 	cmp	r0, r1
878001b4:	20400001 	subcs	r0, r0, r1
878001b8:	e15000a1 	cmp	r0, r1, lsr #1
878001bc:	204000a1 	subcs	r0, r0, r1, lsr #1
878001c0:	e1500121 	cmp	r0, r1, lsr #2
878001c4:	20400121 	subcs	r0, r0, r1, lsr #2
878001c8:	e15001a1 	cmp	r0, r1, lsr #3
878001cc:	204001a1 	subcs	r0, r0, r1, lsr #3
878001d0:	e3500001 	cmp	r0, #1
878001d4:	e1a01221 	lsr	r1, r1, #4
878001d8:	a2522004 	subsge	r2, r2, #4
878001dc:	aafffff3 	bge	878001b0 <__umodsi3+0x50>
878001e0:	e3120003 	tst	r2, #3
878001e4:	13300000 	teqne	r0, #0
878001e8:	0a00000a 	beq	87800218 <__umodsi3+0xb8>
878001ec:	e3720002 	cmn	r2, #2
878001f0:	ba000006 	blt	87800210 <__umodsi3+0xb0>
878001f4:	0a000002 	beq	87800204 <__umodsi3+0xa4>
878001f8:	e1500001 	cmp	r0, r1
878001fc:	20400001 	subcs	r0, r0, r1
87800200:	e1a010a1 	lsr	r1, r1, #1
87800204:	e1500001 	cmp	r0, r1
87800208:	20400001 	subcs	r0, r0, r1
8780020c:	e1a010a1 	lsr	r1, r1, #1
87800210:	e1500001 	cmp	r0, r1
87800214:	20400001 	subcs	r0, r0, r1
87800218:	e1a0f00e 	mov	pc, lr
8780021c:	90909090 	umullsls	r9, r0, r0, r0

87800220 <__modsi3>:
87800220:	e3510000 	cmp	r1, #0
87800224:	0a000032 	beq	878002f4 <Ldiv0>
87800228:	42611000 	rsbmi	r1, r1, #0
8780022c:	e1b0c000 	movs	ip, r0
87800230:	42600000 	rsbmi	r0, r0, #0
87800234:	e2512001 	subs	r2, r1, #1
87800238:	11500001 	cmpne	r0, r1
8780023c:	03a00000 	moveq	r0, #0
87800240:	81110002 	tsthi	r1, r2
87800244:	00000002 	andeq	r0, r0, r2
87800248:	9a000026 	bls	878002e8 <__modsi3+0xc8>
8780024c:	e3a02000 	mov	r2, #0
87800250:	e3510201 	cmp	r1, #268435456	; 0x10000000
87800254:	31510000 	cmpcc	r1, r0
87800258:	31a01201 	lslcc	r1, r1, #4
8780025c:	32822004 	addcc	r2, r2, #4
87800260:	3afffffa 	bcc	87800250 <__modsi3+0x30>
87800264:	e3510102 	cmp	r1, #-2147483648	; 0x80000000
87800268:	31510000 	cmpcc	r1, r0
8780026c:	31a01081 	lslcc	r1, r1, #1
87800270:	32822001 	addcc	r2, r2, #1
87800274:	3afffffa 	bcc	87800264 <__modsi3+0x44>
87800278:	e2522003 	subs	r2, r2, #3
8780027c:	ba00000e 	blt	878002bc <__modsi3+0x9c>
87800280:	e1500001 	cmp	r0, r1
87800284:	20400001 	subcs	r0, r0, r1
87800288:	e15000a1 	cmp	r0, r1, lsr #1
8780028c:	204000a1 	subcs	r0, r0, r1, lsr #1
87800290:	e1500121 	cmp	r0, r1, lsr #2
87800294:	20400121 	subcs	r0, r0, r1, lsr #2
87800298:	e15001a1 	cmp	r0, r1, lsr #3
8780029c:	204001a1 	subcs	r0, r0, r1, lsr #3
878002a0:	e3500001 	cmp	r0, #1
878002a4:	e1a01221 	lsr	r1, r1, #4
878002a8:	a2522004 	subsge	r2, r2, #4
878002ac:	aafffff3 	bge	87800280 <__modsi3+0x60>
878002b0:	e3120003 	tst	r2, #3
878002b4:	13300000 	teqne	r0, #0
878002b8:	0a00000a 	beq	878002e8 <__modsi3+0xc8>
878002bc:	e3720002 	cmn	r2, #2
878002c0:	ba000006 	blt	878002e0 <__modsi3+0xc0>
878002c4:	0a000002 	beq	878002d4 <__modsi3+0xb4>
878002c8:	e1500001 	cmp	r0, r1
878002cc:	20400001 	subcs	r0, r0, r1
878002d0:	e1a010a1 	lsr	r1, r1, #1
878002d4:	e1500001 	cmp	r0, r1
878002d8:	20400001 	subcs	r0, r0, r1
878002dc:	e1a010a1 	lsr	r1, r1, #1
878002e0:	e1500001 	cmp	r0, r1
878002e4:	20400001 	subcs	r0, r0, r1
878002e8:	e35c0000 	cmp	ip, #0
878002ec:	42600000 	rsbmi	r0, r0, #0
878002f0:	e1a0f00e 	mov	pc, lr

878002f4 <Ldiv0>:
878002f4:	e52de004 	push	{lr}		; (str lr, [sp, #-4]!)
878002f8:	e3a00000 	mov	r0, #0
878002fc:	e49df004 	pop	{pc}		; (ldr pc, [sp], #4)

87800300 <clk_enable>:
87800300:	f44f 4380 	mov.w	r3, #16384	; 0x4000
87800304:	f04f 32ff 	mov.w	r2, #4294967295	; 0xffffffff
87800308:	f2c0 230c 	movt	r3, #524	; 0x20c
8780030c:	669a      	str	r2, [r3, #104]	; 0x68
8780030e:	66da      	str	r2, [r3, #108]	; 0x6c
87800310:	671a      	str	r2, [r3, #112]	; 0x70
87800312:	675a      	str	r2, [r3, #116]	; 0x74
87800314:	679a      	str	r2, [r3, #120]	; 0x78
87800316:	67da      	str	r2, [r3, #124]	; 0x7c
87800318:	f8c3 2080 	str.w	r2, [r3, #128]	; 0x80
8780031c:	4770      	bx	lr
8780031e:	bf00      	nop

87800320 <imx6u_clkinit>:
87800320:	f44f 4380 	mov.w	r3, #16384	; 0x4000
87800324:	b430      	push	{r4, r5}
87800326:	f2c0 230c 	movt	r3, #524	; 0x20c
8780032a:	68da      	ldr	r2, [r3, #12]
8780032c:	0751      	lsls	r1, r2, #29
8780032e:	d407      	bmi.n	87800340 <imx6u_clkinit+0x20>
87800330:	68da      	ldr	r2, [r3, #12]
87800332:	f422 7280 	bic.w	r2, r2, #256	; 0x100
87800336:	60da      	str	r2, [r3, #12]
87800338:	68da      	ldr	r2, [r3, #12]
8780033a:	f042 0204 	orr.w	r2, r2, #4
8780033e:	60da      	str	r2, [r3, #12]
87800340:	f44f 4100 	mov.w	r1, #32768	; 0x8000
87800344:	f44f 4280 	mov.w	r2, #16384	; 0x4000
87800348:	f2c0 220c 	movt	r2, #524	; 0x20c
8780034c:	f2c0 210c 	movt	r1, #524	; 0x20c
87800350:	f242 0042 	movw	r0, #8258	; 0x2042
87800354:	2300      	movs	r3, #0
87800356:	6008      	str	r0, [r1, #0]
87800358:	f241 041b 	movw	r4, #4123	; 0x101b
8780035c:	6113      	str	r3, [r2, #16]
8780035e:	f2c2 0418 	movt	r4, #8216	; 0x2018
87800362:	68d5      	ldr	r5, [r2, #12]
87800364:	f241 000c 	movw	r0, #4108	; 0x100c
87800368:	f2c1 3011 	movt	r0, #4881	; 0x1311
8780036c:	4613      	mov	r3, r2
8780036e:	f025 0504 	bic.w	r5, r5, #4
87800372:	60d5      	str	r5, [r2, #12]
87800374:	f8d1 5100 	ldr.w	r5, [r1, #256]	; 0x100
87800378:	f005 35c0 	and.w	r5, r5, #3233857728	; 0xc0c0c0c0
8780037c:	432c      	orrs	r4, r5
8780037e:	f8c1 4100 	str.w	r4, [r1, #256]	; 0x100
87800382:	f8d1 4100 	ldr.w	r4, [r1, #256]	; 0x100
87800386:	f004 34c0 	and.w	r4, r4, #3233857728	; 0xc0c0c0c0
8780038a:	4320      	orrs	r0, r4
8780038c:	f8c1 00f0 	str.w	r0, [r1, #240]	; 0xf0
87800390:	6991      	ldr	r1, [r2, #24]
87800392:	f421 2140 	bic.w	r1, r1, #786432	; 0xc0000
87800396:	6191      	str	r1, [r2, #24]
87800398:	6991      	ldr	r1, [r2, #24]
8780039a:	f441 2180 	orr.w	r1, r1, #262144	; 0x40000
8780039e:	6191      	str	r1, [r2, #24]
878003a0:	6951      	ldr	r1, [r2, #20]
878003a2:	f021 7100 	bic.w	r1, r1, #33554432	; 0x2000000
878003a6:	6151      	str	r1, [r2, #20]
878003a8:	6c9a      	ldr	r2, [r3, #72]	; 0x48
878003aa:	0692      	lsls	r2, r2, #26
878003ac:	d4fc      	bmi.n	878003a8 <imx6u_clkinit+0x88>
878003ae:	695a      	ldr	r2, [r3, #20]
878003b0:	bc30      	pop	{r4, r5}
878003b2:	f422 7240 	bic.w	r2, r2, #768	; 0x300
878003b6:	615a      	str	r2, [r3, #20]
878003b8:	695a      	ldr	r2, [r3, #20]
878003ba:	f442 7280 	orr.w	r2, r2, #256	; 0x100
878003be:	615a      	str	r2, [r3, #20]
878003c0:	69da      	ldr	r2, [r3, #28]
878003c2:	f022 0240 	bic.w	r2, r2, #64	; 0x40
878003c6:	61da      	str	r2, [r3, #28]
878003c8:	69da      	ldr	r2, [r3, #28]
878003ca:	f022 023f 	bic.w	r2, r2, #63	; 0x3f
878003ce:	61da      	str	r2, [r3, #28]
878003d0:	6a5a      	ldr	r2, [r3, #36]	; 0x24
878003d2:	f022 0240 	bic.w	r2, r2, #64	; 0x40
878003d6:	625a      	str	r2, [r3, #36]	; 0x24
878003d8:	6a5a      	ldr	r2, [r3, #36]	; 0x24
878003da:	f022 023f 	bic.w	r2, r2, #63	; 0x3f
878003de:	625a      	str	r2, [r3, #36]	; 0x24
878003e0:	4770      	bx	lr
878003e2:	bf00      	nop

878003e4 <led_init>:
878003e4:	2168      	movs	r1, #104	; 0x68
878003e6:	f44f 723d 	mov.w	r2, #756	; 0x2f4
878003ea:	f44f 4340 	mov.w	r3, #49152	; 0xc000
878003ee:	b430      	push	{r4, r5}
878003f0:	f2c0 2309 	movt	r3, #521	; 0x209
878003f4:	2505      	movs	r5, #5
878003f6:	f2c0 220e 	movt	r2, #526	; 0x20e
878003fa:	f241 04b0 	movw	r4, #4272	; 0x10b0
878003fe:	2008      	movs	r0, #8
87800400:	f2c0 210e 	movt	r1, #526	; 0x20e
87800404:	600d      	str	r5, [r1, #0]
87800406:	6014      	str	r4, [r2, #0]
87800408:	6058      	str	r0, [r3, #4]
8780040a:	681a      	ldr	r2, [r3, #0]
8780040c:	bc30      	pop	{r4, r5}
8780040e:	4302      	orrs	r2, r0
87800410:	601a      	str	r2, [r3, #0]
87800412:	4770      	bx	lr

87800414 <led_on>:
87800414:	f44f 4340 	mov.w	r3, #49152	; 0xc000
87800418:	f2c0 2309 	movt	r3, #521	; 0x209
8780041c:	681a      	ldr	r2, [r3, #0]
8780041e:	f022 0208 	bic.w	r2, r2, #8
87800422:	601a      	str	r2, [r3, #0]
87800424:	4770      	bx	lr
87800426:	bf00      	nop

87800428 <led_off>:
87800428:	f44f 4340 	mov.w	r3, #49152	; 0xc000
8780042c:	f2c0 2309 	movt	r3, #521	; 0x209
87800430:	681a      	ldr	r2, [r3, #0]
87800432:	f042 0208 	orr.w	r2, r2, #8
87800436:	601a      	str	r2, [r3, #0]
87800438:	4770      	bx	lr
8780043a:	bf00      	nop

8780043c <led_switch>:
8780043c:	b950      	cbnz	r0, 87800454 <led_switch+0x18>
8780043e:	2901      	cmp	r1, #1
87800440:	d009      	beq.n	87800456 <led_switch+0x1a>
87800442:	b939      	cbnz	r1, 87800454 <led_switch+0x18>
87800444:	f44f 4340 	mov.w	r3, #49152	; 0xc000
87800448:	f2c0 2309 	movt	r3, #521	; 0x209
8780044c:	681a      	ldr	r2, [r3, #0]
8780044e:	f042 0208 	orr.w	r2, r2, #8
87800452:	601a      	str	r2, [r3, #0]
87800454:	4770      	bx	lr
87800456:	f44f 4340 	mov.w	r3, #49152	; 0xc000
8780045a:	f2c0 2309 	movt	r3, #521	; 0x209
8780045e:	681a      	ldr	r2, [r3, #0]
87800460:	f022 0208 	bic.w	r2, r2, #8
87800464:	601a      	str	r2, [r3, #0]
87800466:	4770      	bx	lr

87800468 <delay_init>:
87800468:	f44f 4200 	mov.w	r2, #32768	; 0x8000
8780046c:	2000      	movs	r0, #0
8780046e:	f2c0 2209 	movt	r2, #521	; 0x209
87800472:	f44f 4100 	mov.w	r1, #32768	; 0x8000
87800476:	4613      	mov	r3, r2
87800478:	6010      	str	r0, [r2, #0]
8780047a:	6011      	str	r1, [r2, #0]
8780047c:	681a      	ldr	r2, [r3, #0]
8780047e:	0412      	lsls	r2, r2, #16
87800480:	d4fc      	bmi.n	8780047c <delay_init+0x14>
87800482:	681a      	ldr	r2, [r3, #0]
87800484:	2041      	movs	r0, #65	; 0x41
87800486:	f04f 31ff 	mov.w	r1, #4294967295	; 0xffffffff
8780048a:	f042 0242 	orr.w	r2, r2, #66	; 0x42
8780048e:	601a      	str	r2, [r3, #0]
87800490:	6058      	str	r0, [r3, #4]
87800492:	6119      	str	r1, [r3, #16]
87800494:	681a      	ldr	r2, [r3, #0]
87800496:	f042 0201 	orr.w	r2, r2, #1
8780049a:	601a      	str	r2, [r3, #0]
8780049c:	4770      	bx	lr
8780049e:	bf00      	nop

878004a0 <delay_us>:
878004a0:	f44f 4100 	mov.w	r1, #32768	; 0x8000
878004a4:	b430      	push	{r4, r5}
878004a6:	f2c0 2109 	movt	r1, #521	; 0x209
878004aa:	2400      	movs	r4, #0
878004ac:	6a4a      	ldr	r2, [r1, #36]	; 0x24
878004ae:	6a4b      	ldr	r3, [r1, #36]	; 0x24
878004b0:	429a      	cmp	r2, r3
878004b2:	d0fc      	beq.n	878004ae <delay_us+0xe>
878004b4:	f104 35ff 	add.w	r5, r4, #4294967295	; 0xffffffff
878004b8:	eba4 0402 	sub.w	r4, r4, r2
878004bc:	eba5 0202 	sub.w	r2, r5, r2
878004c0:	bf34      	ite	cc
878004c2:	18e4      	addcc	r4, r4, r3
878004c4:	18d4      	addcs	r4, r2, r3
878004c6:	461a      	mov	r2, r3
878004c8:	4284      	cmp	r4, r0
878004ca:	d3f0      	bcc.n	878004ae <delay_us+0xe>
878004cc:	bc30      	pop	{r4, r5}
878004ce:	4770      	bx	lr

878004d0 <delay_ms>:
878004d0:	b1e0      	cbz	r0, 8780050c <delay_ms+0x3c>
878004d2:	f44f 4100 	mov.w	r1, #32768	; 0x8000
878004d6:	b470      	push	{r4, r5, r6}
878004d8:	f2c0 2109 	movt	r1, #521	; 0x209
878004dc:	2600      	movs	r6, #0
878004de:	2400      	movs	r4, #0
878004e0:	6a4a      	ldr	r2, [r1, #36]	; 0x24
878004e2:	6a4b      	ldr	r3, [r1, #36]	; 0x24
878004e4:	4293      	cmp	r3, r2
878004e6:	d0fc      	beq.n	878004e2 <delay_ms+0x12>
878004e8:	f104 35ff 	add.w	r5, r4, #4294967295	; 0xffffffff
878004ec:	eba4 0402 	sub.w	r4, r4, r2
878004f0:	eba5 0202 	sub.w	r2, r5, r2
878004f4:	bf8c      	ite	hi
878004f6:	18e4      	addhi	r4, r4, r3
878004f8:	189c      	addls	r4, r3, r2
878004fa:	461a      	mov	r2, r3
878004fc:	f5b4 7f7a 	cmp.w	r4, #1000	; 0x3e8
87800500:	d3ef      	bcc.n	878004e2 <delay_ms+0x12>
87800502:	3601      	adds	r6, #1
87800504:	4286      	cmp	r6, r0
87800506:	d1ea      	bne.n	878004de <delay_ms+0xe>
87800508:	bc70      	pop	{r4, r5, r6}
8780050a:	4770      	bx	lr
8780050c:	4770      	bx	lr
8780050e:	bf00      	nop

87800510 <delay_short>:
87800510:	b082      	sub	sp, #8
87800512:	9001      	str	r0, [sp, #4]
87800514:	9b01      	ldr	r3, [sp, #4]
87800516:	1e5a      	subs	r2, r3, #1
87800518:	9201      	str	r2, [sp, #4]
8780051a:	2b00      	cmp	r3, #0
8780051c:	d1fa      	bne.n	87800514 <delay_short+0x4>
8780051e:	b002      	add	sp, #8
87800520:	4770      	bx	lr
87800522:	bf00      	nop

87800524 <delay>:
87800524:	b082      	sub	sp, #8
87800526:	9001      	str	r0, [sp, #4]
87800528:	9b01      	ldr	r3, [sp, #4]
8780052a:	1e5a      	subs	r2, r3, #1
8780052c:	9201      	str	r2, [sp, #4]
8780052e:	b153      	cbz	r3, 87800546 <delay+0x22>
87800530:	f240 73ff 	movw	r3, #2047	; 0x7ff
87800534:	461a      	mov	r2, r3
87800536:	3b01      	subs	r3, #1
87800538:	2a00      	cmp	r2, #0
8780053a:	d1fb      	bne.n	87800534 <delay+0x10>
8780053c:	9b01      	ldr	r3, [sp, #4]
8780053e:	1e5a      	subs	r2, r3, #1
87800540:	9201      	str	r2, [sp, #4]
87800542:	2b00      	cmp	r3, #0
87800544:	d1f4      	bne.n	87800530 <delay+0xc>
87800546:	b002      	add	sp, #8
87800548:	4770      	bx	lr
8780054a:	bf00      	nop

8780054c <beep_init>:
8780054c:	210c      	movs	r1, #12
8780054e:	2250      	movs	r2, #80	; 0x50
87800550:	b530      	push	{r4, r5, lr}
87800552:	2301      	movs	r3, #1
87800554:	b085      	sub	sp, #20
87800556:	f2c0 2129 	movt	r1, #553	; 0x229
8780055a:	2505      	movs	r5, #5
8780055c:	f2c0 2229 	movt	r2, #553	; 0x229
87800560:	f241 04b0 	movw	r4, #4272	; 0x10b0
87800564:	f44f 4040 	mov.w	r0, #49152	; 0xc000
87800568:	600d      	str	r5, [r1, #0]
8780056a:	f2c0 200a 	movt	r0, #522	; 0x20a
8780056e:	6014      	str	r4, [r2, #0]
87800570:	4619      	mov	r1, r3
87800572:	aa01      	add	r2, sp, #4
87800574:	9301      	str	r3, [sp, #4]
87800576:	f88d 3008 	strb.w	r3, [sp, #8]
8780057a:	f000 f8c1 	bl	87800700 <gpio_init>
8780057e:	b005      	add	sp, #20
87800580:	bd30      	pop	{r4, r5, pc}
87800582:	bf00      	nop

87800584 <beep_switch>:
87800584:	2801      	cmp	r0, #1
87800586:	4601      	mov	r1, r0
87800588:	d009      	beq.n	8780059e <beep_switch+0x1a>
8780058a:	b100      	cbz	r0, 8780058e <beep_switch+0xa>
8780058c:	4770      	bx	lr
8780058e:	2201      	movs	r2, #1
87800590:	f44f 4040 	mov.w	r0, #49152	; 0xc000
87800594:	4611      	mov	r1, r2
87800596:	f2c0 200a 	movt	r0, #522	; 0x20a
8780059a:	f000 b85f 	b.w	8780065c <gpio_pinwrite>
8780059e:	f44f 4040 	mov.w	r0, #49152	; 0xc000
878005a2:	2200      	movs	r2, #0
878005a4:	f2c0 200a 	movt	r0, #522	; 0x20a
878005a8:	f000 b858 	b.w	8780065c <gpio_pinwrite>

878005ac <key_init>:
878005ac:	218c      	movs	r1, #140	; 0x8c
878005ae:	b530      	push	{r4, r5, lr}
878005b0:	f2c0 210e 	movt	r1, #526	; 0x20e
878005b4:	b085      	sub	sp, #20
878005b6:	2005      	movs	r0, #5
878005b8:	f44f 7346 	mov.w	r3, #792	; 0x318
878005bc:	6008      	str	r0, [r1, #0]
878005be:	f2c0 230e 	movt	r3, #526	; 0x20e
878005c2:	aa04      	add	r2, sp, #16
878005c4:	f24f 0580 	movw	r5, #61568	; 0xf080
878005c8:	2400      	movs	r4, #0
878005ca:	f44f 4040 	mov.w	r0, #49152	; 0xc000
878005ce:	601d      	str	r5, [r3, #0]
878005d0:	f2c0 2009 	movt	r0, #521	; 0x209
878005d4:	f842 4d0c 	str.w	r4, [r2, #-12]!
878005d8:	2112      	movs	r1, #18
878005da:	f000 f891 	bl	87800700 <gpio_init>
878005de:	b005      	add	sp, #20
878005e0:	bd30      	pop	{r4, r5, pc}
878005e2:	bf00      	nop

878005e4 <read_key>:
878005e4:	f44f 4040 	mov.w	r0, #49152	; 0xc000
878005e8:	2112      	movs	r1, #18
878005ea:	f2c0 2009 	movt	r0, #521	; 0x209
878005ee:	f000 b82f 	b.w	87800650 <gpio_pinread>
878005f2:	bf00      	nop

878005f4 <key_getvalue>:
878005f4:	b538      	push	{r3, r4, r5, lr}
878005f6:	f248 0448 	movw	r4, #32840	; 0x8048
878005fa:	f2c8 7480 	movt	r4, #34688	; 0x8780
878005fe:	7823      	ldrb	r3, [r4, #0]
87800600:	2b01      	cmp	r3, #1
87800602:	d00b      	beq.n	8780061c <key_getvalue+0x28>
87800604:	f44f 4040 	mov.w	r0, #49152	; 0xc000
87800608:	2112      	movs	r1, #18
8780060a:	f2c0 2009 	movt	r0, #521	; 0x209
8780060e:	f000 f81f 	bl	87800650 <gpio_pinread>
87800612:	2801      	cmp	r0, #1
87800614:	bf08      	it	eq
87800616:	7020      	strbeq	r0, [r4, #0]
87800618:	2000      	movs	r0, #0
8780061a:	bd38      	pop	{r3, r4, r5, pc}
8780061c:	f44f 4040 	mov.w	r0, #49152	; 0xc000
87800620:	2112      	movs	r1, #18
87800622:	f2c0 2009 	movt	r0, #521	; 0x209
87800626:	f000 f813 	bl	87800650 <gpio_pinread>
8780062a:	4605      	mov	r5, r0
8780062c:	2800      	cmp	r0, #0
8780062e:	d1e9      	bne.n	87800604 <key_getvalue+0x10>
87800630:	200a      	movs	r0, #10
87800632:	f7ff ff77 	bl	87800524 <delay>
87800636:	f44f 4040 	mov.w	r0, #49152	; 0xc000
8780063a:	2112      	movs	r1, #18
8780063c:	f2c0 2009 	movt	r0, #521	; 0x209
87800640:	7025      	strb	r5, [r4, #0]
87800642:	f000 f805 	bl	87800650 <gpio_pinread>
87800646:	fab0 f080 	clz	r0, r0
8780064a:	0940      	lsrs	r0, r0, #5
8780064c:	bd38      	pop	{r3, r4, r5, pc}
8780064e:	bf00      	nop

87800650 <gpio_pinread>:
87800650:	6800      	ldr	r0, [r0, #0]
87800652:	40c8      	lsrs	r0, r1
87800654:	f000 0001 	and.w	r0, r0, #1
87800658:	4770      	bx	lr
8780065a:	bf00      	nop

8780065c <gpio_pinwrite>:
8780065c:	2301      	movs	r3, #1
8780065e:	fa03 f101 	lsl.w	r1, r3, r1
87800662:	6803      	ldr	r3, [r0, #0]
87800664:	b112      	cbz	r2, 8780066c <gpio_pinwrite+0x10>
87800666:	4319      	orrs	r1, r3
87800668:	6001      	str	r1, [r0, #0]
8780066a:	4770      	bx	lr
8780066c:	ea23 0101 	bic.w	r1, r3, r1
87800670:	6001      	str	r1, [r0, #0]
87800672:	4770      	bx	lr

87800674 <gpio_intconfig>:
87800674:	b410      	push	{r4}
87800676:	2301      	movs	r3, #1
87800678:	69c4      	ldr	r4, [r0, #28]
8780067a:	408b      	lsls	r3, r1
8780067c:	290f      	cmp	r1, #15
8780067e:	f102 32ff 	add.w	r2, r2, #4294967295	; 0xffffffff
87800682:	bf88      	it	hi
87800684:	3910      	subhi	r1, #16
87800686:	ea24 0403 	bic.w	r4, r4, r3
8780068a:	61c4      	str	r4, [r0, #28]
8780068c:	bf94      	ite	ls
8780068e:	f100 040c 	addls.w	r4, r0, #12
87800692:	f100 0410 	addhi.w	r4, r0, #16
87800696:	2a04      	cmp	r2, #4
87800698:	d80e      	bhi.n	878006b8 <gpio_intconfig+0x44>
8780069a:	e8df f002 	tbb	[pc, r2]
8780069e:	26210316 			; <UNDEFINED> instruction: 0x26210316
878006a2:	68230010 	stmdavs	r3!, {r4}
878006a6:	0049      	lsls	r1, r1, #1
878006a8:	2003      	movs	r0, #3
878006aa:	2201      	movs	r2, #1
878006ac:	4088      	lsls	r0, r1
878006ae:	408a      	lsls	r2, r1
878006b0:	ea23 0100 	bic.w	r1, r3, r0
878006b4:	4311      	orrs	r1, r2
878006b6:	6021      	str	r1, [r4, #0]
878006b8:	f85d 4b04 	ldr.w	r4, [sp], #4
878006bc:	4770      	bx	lr
878006be:	69c2      	ldr	r2, [r0, #28]
878006c0:	f85d 4b04 	ldr.w	r4, [sp], #4
878006c4:	4313      	orrs	r3, r2
878006c6:	61c3      	str	r3, [r0, #28]
878006c8:	4770      	bx	lr
878006ca:	0049      	lsls	r1, r1, #1
878006cc:	6823      	ldr	r3, [r4, #0]
878006ce:	2203      	movs	r2, #3
878006d0:	fa02 f101 	lsl.w	r1, r2, r1
878006d4:	ea23 0101 	bic.w	r1, r3, r1
878006d8:	6021      	str	r1, [r4, #0]
878006da:	f85d 4b04 	ldr.w	r4, [sp], #4
878006de:	4770      	bx	lr
878006e0:	0049      	lsls	r1, r1, #1
878006e2:	2003      	movs	r0, #3
878006e4:	6823      	ldr	r3, [r4, #0]
878006e6:	2202      	movs	r2, #2
878006e8:	e7e0      	b.n	878006ac <gpio_intconfig+0x38>
878006ea:	0049      	lsls	r1, r1, #1
878006ec:	6822      	ldr	r2, [r4, #0]
878006ee:	2303      	movs	r3, #3
878006f0:	fa03 f101 	lsl.w	r1, r3, r1
878006f4:	4311      	orrs	r1, r2
878006f6:	6021      	str	r1, [r4, #0]
878006f8:	f85d 4b04 	ldr.w	r4, [sp], #4
878006fc:	4770      	bx	lr
878006fe:	bf00      	nop

87800700 <gpio_init>:
87800700:	2301      	movs	r3, #1
87800702:	b470      	push	{r4, r5, r6}
87800704:	408b      	lsls	r3, r1
87800706:	6944      	ldr	r4, [r0, #20]
87800708:	6816      	ldr	r6, [r2, #0]
8780070a:	43dd      	mvns	r5, r3
8780070c:	402c      	ands	r4, r5
8780070e:	6144      	str	r4, [r0, #20]
87800710:	b15e      	cbz	r6, 8780072a <gpio_init+0x2a>
87800712:	6844      	ldr	r4, [r0, #4]
87800714:	431c      	orrs	r4, r3
87800716:	6044      	str	r4, [r0, #4]
87800718:	7914      	ldrb	r4, [r2, #4]
8780071a:	b16c      	cbz	r4, 87800738 <gpio_init+0x38>
8780071c:	6804      	ldr	r4, [r0, #0]
8780071e:	6892      	ldr	r2, [r2, #8]
87800720:	4323      	orrs	r3, r4
87800722:	bc70      	pop	{r4, r5, r6}
87800724:	6003      	str	r3, [r0, #0]
87800726:	f7ff bfa5 	b.w	87800674 <gpio_intconfig>
8780072a:	6843      	ldr	r3, [r0, #4]
8780072c:	6892      	ldr	r2, [r2, #8]
8780072e:	401d      	ands	r5, r3
87800730:	6045      	str	r5, [r0, #4]
87800732:	bc70      	pop	{r4, r5, r6}
87800734:	f7ff bf9e 	b.w	87800674 <gpio_intconfig>
87800738:	6803      	ldr	r3, [r0, #0]
8780073a:	6892      	ldr	r2, [r2, #8]
8780073c:	401d      	ands	r5, r3
8780073e:	6005      	str	r5, [r0, #0]
87800740:	bc70      	pop	{r4, r5, r6}
87800742:	f7ff bf97 	b.w	87800674 <gpio_intconfig>
87800746:	bf00      	nop

87800748 <gpio_enableint>:
87800748:	6942      	ldr	r2, [r0, #20]
8780074a:	2301      	movs	r3, #1
8780074c:	fa03 f101 	lsl.w	r1, r3, r1
87800750:	4311      	orrs	r1, r2
87800752:	6141      	str	r1, [r0, #20]
87800754:	4770      	bx	lr
87800756:	bf00      	nop

87800758 <gpio_disableint>:
87800758:	6943      	ldr	r3, [r0, #20]
8780075a:	2201      	movs	r2, #1
8780075c:	fa02 f101 	lsl.w	r1, r2, r1
87800760:	ea23 0301 	bic.w	r3, r3, r1
87800764:	6143      	str	r3, [r0, #20]
87800766:	4770      	bx	lr

87800768 <gpio_clearintflags>:
87800768:	6982      	ldr	r2, [r0, #24]
8780076a:	2301      	movs	r3, #1
8780076c:	fa03 f101 	lsl.w	r1, r3, r1
87800770:	4311      	orrs	r1, r2
87800772:	6181      	str	r1, [r0, #24]
87800774:	4770      	bx	lr
87800776:	bf00      	nop

87800778 <default_irqhandler>:
87800778:	e7fe      	b.n	87800778 <default_irqhandler>
8780077a:	bf00      	nop

8780077c <int_init>:
8780077c:	b470      	push	{r4, r5, r6}
8780077e:	ee9f 4f10 	mrc	15, 4, r4, cr15, cr0, {0}
87800782:	0c24      	lsrs	r4, r4, #16
87800784:	f241 0204 	movw	r2, #4100	; 0x1004
87800788:	2300      	movs	r3, #0
8780078a:	0424      	lsls	r4, r4, #16
8780078c:	f04f 30ff 	mov.w	r0, #4294967295	; 0xffffffff
87800790:	58a1      	ldr	r1, [r4, r2]
87800792:	f001 011f 	and.w	r1, r1, #31
87800796:	3101      	adds	r1, #1
87800798:	f503 628c 	add.w	r2, r3, #1120	; 0x460
8780079c:	3301      	adds	r3, #1
8780079e:	4299      	cmp	r1, r3
878007a0:	f844 0022 	str.w	r0, [r4, r2, lsl #2]
878007a4:	d1f8      	bne.n	87800798 <int_init+0x1c>
878007a6:	f248 1350 	movw	r3, #33104	; 0x8150
878007aa:	2500      	movs	r5, #0
878007ac:	f2c8 7380 	movt	r3, #34688	; 0x8780
878007b0:	f242 0104 	movw	r1, #8196	; 0x2004
878007b4:	26f8      	movs	r6, #248	; 0xf8
878007b6:	f240 7279 	movw	r2, #1913	; 0x779
878007ba:	5066      	str	r6, [r4, r1]
878007bc:	f203 5004 	addw	r0, r3, #1284	; 0x504
878007c0:	f242 0608 	movw	r6, #8200	; 0x2008
878007c4:	4629      	mov	r1, r5
878007c6:	f843 5b04 	str.w	r5, [r3], #4
878007ca:	f2c8 7280 	movt	r2, #34688	; 0x8780
878007ce:	2502      	movs	r5, #2
878007d0:	51a5      	str	r5, [r4, r6]
878007d2:	f504 5680 	add.w	r6, r4, #4096	; 0x1000
878007d6:	2501      	movs	r5, #1
878007d8:	f504 5400 	add.w	r4, r4, #8192	; 0x2000
878007dc:	6035      	str	r5, [r6, #0]
878007de:	6025      	str	r5, [r4, #0]
878007e0:	e9c3 2100 	strd	r2, r1, [r3]
878007e4:	3308      	adds	r3, #8
878007e6:	4298      	cmp	r0, r3
878007e8:	d1fa      	bne.n	878007e0 <int_init+0x64>
878007ea:	2300      	movs	r3, #0
878007ec:	f2c8 7380 	movt	r3, #34688	; 0x8780
878007f0:	ee0c 3f10 	mcr	15, 0, r3, cr12, cr0, {0}
878007f4:	bc70      	pop	{r4, r5, r6}
878007f6:	4770      	bx	lr

878007f8 <system_irqtable_init>:
878007f8:	b410      	push	{r4}
878007fa:	f240 7279 	movw	r2, #1913	; 0x779
878007fe:	2400      	movs	r4, #0
87800800:	f248 1350 	movw	r3, #33104	; 0x8150
87800804:	4621      	mov	r1, r4
87800806:	f2c8 7280 	movt	r2, #34688	; 0x8780
8780080a:	f2c8 7380 	movt	r3, #34688	; 0x8780
8780080e:	f203 5004 	addw	r0, r3, #1284	; 0x504
87800812:	f843 4b04 	str.w	r4, [r3], #4
87800816:	e9c3 2100 	strd	r2, r1, [r3]
8780081a:	3308      	adds	r3, #8
8780081c:	4283      	cmp	r3, r0
8780081e:	d1fa      	bne.n	87800816 <system_irqtable_init+0x1e>
87800820:	f85d 4b04 	ldr.w	r4, [sp], #4
87800824:	4770      	bx	lr
87800826:	bf00      	nop

87800828 <system_register_irqhandler>:
87800828:	f248 1350 	movw	r3, #33104	; 0x8150
8780082c:	f2c8 7380 	movt	r3, #34688	; 0x8780
87800830:	eb03 00c0 	add.w	r0, r3, r0, lsl #3
87800834:	e9c0 1201 	strd	r1, r2, [r0, #4]
87800838:	4770      	bx	lr
8780083a:	bf00      	nop

8780083c <system_irqhandler>:
8780083c:	b538      	push	{r3, r4, r5, lr}
8780083e:	f3c0 0309 	ubfx	r3, r0, #0, #10
87800842:	2b9f      	cmp	r3, #159	; 0x9f
87800844:	d80f      	bhi.n	87800866 <system_irqhandler+0x2a>
87800846:	f248 1450 	movw	r4, #33104	; 0x8150
8780084a:	4618      	mov	r0, r3
8780084c:	f2c8 7480 	movt	r4, #34688	; 0x8780
87800850:	6822      	ldr	r2, [r4, #0]
87800852:	eb04 03c3 	add.w	r3, r4, r3, lsl #3
87800856:	685d      	ldr	r5, [r3, #4]
87800858:	3201      	adds	r2, #1
8780085a:	6899      	ldr	r1, [r3, #8]
8780085c:	6022      	str	r2, [r4, #0]
8780085e:	47a8      	blx	r5
87800860:	6823      	ldr	r3, [r4, #0]
87800862:	3b01      	subs	r3, #1
87800864:	6023      	str	r3, [r4, #0]
87800866:	bd38      	pop	{r3, r4, r5, pc}

87800868 <gpio1_io18_irqhandler>:
87800868:	b508      	push	{r3, lr}
8780086a:	200a      	movs	r0, #10
8780086c:	f7ff fe5a 	bl	87800524 <delay>
87800870:	f44f 4040 	mov.w	r0, #49152	; 0xc000
87800874:	2112      	movs	r1, #18
87800876:	f2c0 2009 	movt	r0, #521	; 0x209
8780087a:	f7ff fee9 	bl	87800650 <gpio_pinread>
8780087e:	b958      	cbnz	r0, 87800898 <gpio1_io18_irqhandler+0x30>
87800880:	f248 6254 	movw	r2, #34388	; 0x8654
87800884:	f2c8 7280 	movt	r2, #34688	; 0x8780
87800888:	7813      	ldrb	r3, [r2, #0]
8780088a:	fab3 f383 	clz	r3, r3
8780088e:	095b      	lsrs	r3, r3, #5
87800890:	4618      	mov	r0, r3
87800892:	7013      	strb	r3, [r2, #0]
87800894:	f7ff fe76 	bl	87800584 <beep_switch>
87800898:	f44f 4040 	mov.w	r0, #49152	; 0xc000
8780089c:	2112      	movs	r1, #18
8780089e:	f2c0 2009 	movt	r0, #521	; 0x209
878008a2:	e8bd 4008 	ldmia.w	sp!, {r3, lr}
878008a6:	f7ff bf5f 	b.w	87800768 <gpio_clearintflags>
878008aa:	bf00      	nop

878008ac <exit_init>:
878008ac:	228c      	movs	r2, #140	; 0x8c
878008ae:	f44f 7346 	mov.w	r3, #792	; 0x318
878008b2:	b570      	push	{r4, r5, r6, lr}
878008b4:	f2c0 220e 	movt	r2, #526	; 0x20e
878008b8:	2005      	movs	r0, #5
878008ba:	f2c0 230e 	movt	r3, #526	; 0x20e
878008be:	f24f 0180 	movw	r1, #61568	; 0xf080
878008c2:	f44f 4440 	mov.w	r4, #49152	; 0xc000
878008c6:	b084      	sub	sp, #16
878008c8:	6010      	str	r0, [r2, #0]
878008ca:	f2c0 2409 	movt	r4, #521	; 0x209
878008ce:	6019      	str	r1, [r3, #0]
878008d0:	2104      	movs	r1, #4
878008d2:	2301      	movs	r3, #1
878008d4:	eb0d 0201 	add.w	r2, sp, r1
878008d8:	9103      	str	r1, [sp, #12]
878008da:	4620      	mov	r0, r4
878008dc:	2500      	movs	r5, #0
878008de:	2112      	movs	r1, #18
878008e0:	9501      	str	r5, [sp, #4]
878008e2:	f88d 3008 	strb.w	r3, [sp, #8]
878008e6:	f7ff ff0b 	bl	87800700 <gpio_init>
878008ea:	ee9f 3f10 	mrc	15, 4, r3, cr15, cr0, {0}
878008ee:	0c1b      	lsrs	r3, r3, #16
878008f0:	f241 100c 	movw	r0, #4364	; 0x110c
878008f4:	2608      	movs	r6, #8
878008f6:	041b      	lsls	r3, r3, #16
878008f8:	f640 0169 	movw	r1, #2153	; 0x869
878008fc:	462a      	mov	r2, r5
878008fe:	501e      	str	r6, [r3, r0]
87800900:	f2c8 7180 	movt	r1, #34688	; 0x8780
87800904:	2063      	movs	r0, #99	; 0x63
87800906:	f7ff ff8f 	bl	87800828 <system_register_irqhandler>
8780090a:	4620      	mov	r0, r4
8780090c:	2112      	movs	r1, #18
8780090e:	f7ff ff1b 	bl	87800748 <gpio_enableint>
87800912:	b004      	add	sp, #16
87800914:	bd70      	pop	{r4, r5, r6, pc}
87800916:	bf00      	nop

87800918 <epit1_irqhandler>:
87800918:	b508      	push	{r3, lr}
8780091a:	f248 6355 	movw	r3, #34389	; 0x8655
8780091e:	f2c8 7380 	movt	r3, #34688	; 0x8780
87800922:	2200      	movs	r2, #0
87800924:	f2c0 220d 	movt	r2, #525	; 0x20d
87800928:	7819      	ldrb	r1, [r3, #0]
8780092a:	fab1 f181 	clz	r1, r1
8780092e:	0949      	lsrs	r1, r1, #5
87800930:	7019      	strb	r1, [r3, #0]
87800932:	6853      	ldr	r3, [r2, #4]
87800934:	07db      	lsls	r3, r3, #31
87800936:	d502      	bpl.n	8780093e <epit1_irqhandler+0x26>
87800938:	2000      	movs	r0, #0
8780093a:	f7ff fd7f 	bl	8780043c <led_switch>
8780093e:	2300      	movs	r3, #0
87800940:	f2c0 230d 	movt	r3, #525	; 0x20d
87800944:	685a      	ldr	r2, [r3, #4]
87800946:	f042 0201 	orr.w	r2, r2, #1
8780094a:	605a      	str	r2, [r3, #4]
8780094c:	bd08      	pop	{r3, pc}
8780094e:	bf00      	nop

87800950 <epit1_init>:
87800950:	f640 72ff 	movw	r2, #4095	; 0xfff
87800954:	b538      	push	{r3, r4, r5, lr}
87800956:	4290      	cmp	r0, r2
87800958:	f04f 030e 	mov.w	r3, #14
8780095c:	bf28      	it	cs
8780095e:	4610      	movcs	r0, r2
87800960:	f2c0 1300 	movt	r3, #256	; 0x100
87800964:	ea43 1300 	orr.w	r3, r3, r0, lsl #4
87800968:	2400      	movs	r4, #0
8780096a:	f2c0 240d 	movt	r4, #525	; 0x20d
8780096e:	2200      	movs	r2, #0
87800970:	6022      	str	r2, [r4, #0]
87800972:	6023      	str	r3, [r4, #0]
87800974:	60a1      	str	r1, [r4, #8]
87800976:	60e2      	str	r2, [r4, #12]
87800978:	ee9f 3f10 	mrc	15, 4, r3, cr15, cr0, {0}
8780097c:	0c1b      	lsrs	r3, r3, #16
8780097e:	f241 1008 	movw	r0, #4360	; 0x1108
87800982:	f04f 7580 	mov.w	r5, #16777216	; 0x1000000
87800986:	041b      	lsls	r3, r3, #16
87800988:	f640 1119 	movw	r1, #2329	; 0x919
8780098c:	f2c8 7180 	movt	r1, #34688	; 0x8780
87800990:	501d      	str	r5, [r3, r0]
87800992:	2058      	movs	r0, #88	; 0x58
87800994:	f7ff ff48 	bl	87800828 <system_register_irqhandler>
87800998:	6823      	ldr	r3, [r4, #0]
8780099a:	f043 0301 	orr.w	r3, r3, #1
8780099e:	6023      	str	r3, [r4, #0]
878009a0:	bd38      	pop	{r3, r4, r5, pc}
878009a2:	bf00      	nop

878009a4 <filtertimer_irqhandler>:
878009a4:	b508      	push	{r3, lr}
878009a6:	2300      	movs	r3, #0
878009a8:	f2c0 230d 	movt	r3, #525	; 0x20d
878009ac:	685a      	ldr	r2, [r3, #4]
878009ae:	07d2      	lsls	r2, r2, #31
878009b0:	d407      	bmi.n	878009c2 <filtertimer_irqhandler+0x1e>
878009b2:	2300      	movs	r3, #0
878009b4:	f2c0 230d 	movt	r3, #525	; 0x20d
878009b8:	685a      	ldr	r2, [r3, #4]
878009ba:	f042 0201 	orr.w	r2, r2, #1
878009be:	605a      	str	r2, [r3, #4]
878009c0:	bd08      	pop	{r3, pc}
878009c2:	681a      	ldr	r2, [r3, #0]
878009c4:	f44f 4040 	mov.w	r0, #49152	; 0xc000
878009c8:	f2c0 2009 	movt	r0, #521	; 0x209
878009cc:	2112      	movs	r1, #18
878009ce:	f022 0201 	bic.w	r2, r2, #1
878009d2:	601a      	str	r2, [r3, #0]
878009d4:	f7ff fe3c 	bl	87800650 <gpio_pinread>
878009d8:	2800      	cmp	r0, #0
878009da:	d1ea      	bne.n	878009b2 <filtertimer_irqhandler+0xe>
878009dc:	f248 6256 	movw	r2, #34390	; 0x8656
878009e0:	f2c8 7280 	movt	r2, #34688	; 0x8780
878009e4:	7813      	ldrb	r3, [r2, #0]
878009e6:	fab3 f383 	clz	r3, r3
878009ea:	095b      	lsrs	r3, r3, #5
878009ec:	4618      	mov	r0, r3
878009ee:	7013      	strb	r3, [r2, #0]
878009f0:	f7ff fdc8 	bl	87800584 <beep_switch>
878009f4:	e7dd      	b.n	878009b2 <filtertimer_irqhandler+0xe>
878009f6:	bf00      	nop

878009f8 <gpio1_16_31_irqhandler>:
878009f8:	2300      	movs	r3, #0
878009fa:	b410      	push	{r4}
878009fc:	f2c0 230d 	movt	r3, #525	; 0x20d
87800a00:	f44f 5491 	mov.w	r4, #4640	; 0x1220
87800a04:	f2c0 040a 	movt	r4, #10
87800a08:	f44f 4040 	mov.w	r0, #49152	; 0xc000
87800a0c:	681a      	ldr	r2, [r3, #0]
87800a0e:	f2c0 2009 	movt	r0, #521	; 0x209
87800a12:	2112      	movs	r1, #18
87800a14:	f022 0201 	bic.w	r2, r2, #1
87800a18:	601a      	str	r2, [r3, #0]
87800a1a:	609c      	str	r4, [r3, #8]
87800a1c:	681a      	ldr	r2, [r3, #0]
87800a1e:	f85d 4b04 	ldr.w	r4, [sp], #4
87800a22:	f042 0201 	orr.w	r2, r2, #1
87800a26:	601a      	str	r2, [r3, #0]
87800a28:	f7ff be9e 	b.w	87800768 <gpio_clearintflags>

87800a2c <filtertimer_init>:
87800a2c:	2300      	movs	r3, #0
87800a2e:	210e      	movs	r1, #14
87800a30:	f2c0 230d 	movt	r3, #525	; 0x20d
87800a34:	2200      	movs	r2, #0
87800a36:	f2c0 1100 	movt	r1, #256	; 0x100
87800a3a:	b410      	push	{r4}
87800a3c:	601a      	str	r2, [r3, #0]
87800a3e:	6019      	str	r1, [r3, #0]
87800a40:	6098      	str	r0, [r3, #8]
87800a42:	60da      	str	r2, [r3, #12]
87800a44:	ee9f 3f10 	mrc	15, 4, r3, cr15, cr0, {0}
87800a48:	0c1b      	lsrs	r3, r3, #16
87800a4a:	f241 1008 	movw	r0, #4360	; 0x1108
87800a4e:	f04f 7480 	mov.w	r4, #16777216	; 0x1000000
87800a52:	041b      	lsls	r3, r3, #16
87800a54:	f640 11a5 	movw	r1, #2469	; 0x9a5
87800a58:	f2c8 7180 	movt	r1, #34688	; 0x8780
87800a5c:	501c      	str	r4, [r3, r0]
87800a5e:	2058      	movs	r0, #88	; 0x58
87800a60:	f85d 4b04 	ldr.w	r4, [sp], #4
87800a64:	f7ff bee0 	b.w	87800828 <system_register_irqhandler>

87800a68 <keyfilter_init>:
87800a68:	228c      	movs	r2, #140	; 0x8c
87800a6a:	f44f 7346 	mov.w	r3, #792	; 0x318
87800a6e:	b570      	push	{r4, r5, r6, lr}
87800a70:	f2c0 220e 	movt	r2, #526	; 0x20e
87800a74:	2005      	movs	r0, #5
87800a76:	f2c0 230e 	movt	r3, #526	; 0x20e
87800a7a:	f24f 0180 	movw	r1, #61568	; 0xf080
87800a7e:	f44f 4440 	mov.w	r4, #49152	; 0xc000
87800a82:	b084      	sub	sp, #16
87800a84:	6010      	str	r0, [r2, #0]
87800a86:	f2c0 2409 	movt	r4, #521	; 0x209
87800a8a:	6019      	str	r1, [r3, #0]
87800a8c:	2104      	movs	r1, #4
87800a8e:	2301      	movs	r3, #1
87800a90:	eb0d 0201 	add.w	r2, sp, r1
87800a94:	9103      	str	r1, [sp, #12]
87800a96:	4620      	mov	r0, r4
87800a98:	2500      	movs	r5, #0
87800a9a:	2112      	movs	r1, #18
87800a9c:	9501      	str	r5, [sp, #4]
87800a9e:	f88d 3008 	strb.w	r3, [sp, #8]
87800aa2:	f7ff fe2d 	bl	87800700 <gpio_init>
87800aa6:	ee9f 3f10 	mrc	15, 4, r3, cr15, cr0, {0}
87800aaa:	0c1b      	lsrs	r3, r3, #16
87800aac:	f241 100c 	movw	r0, #4364	; 0x110c
87800ab0:	2608      	movs	r6, #8
87800ab2:	041b      	lsls	r3, r3, #16
87800ab4:	f640 11f9 	movw	r1, #2553	; 0x9f9
87800ab8:	462a      	mov	r2, r5
87800aba:	501e      	str	r6, [r3, r0]
87800abc:	f2c8 7180 	movt	r1, #34688	; 0x8780
87800ac0:	2063      	movs	r0, #99	; 0x63
87800ac2:	f7ff feb1 	bl	87800828 <system_register_irqhandler>
87800ac6:	4620      	mov	r0, r4
87800ac8:	2112      	movs	r1, #18
87800aca:	f7ff fe3d 	bl	87800748 <gpio_enableint>
87800ace:	f44f 5091 	mov.w	r0, #4640	; 0x1220
87800ad2:	f2c0 000a 	movt	r0, #10
87800ad6:	f7ff ffa9 	bl	87800a2c <filtertimer_init>
87800ada:	b004      	add	sp, #16
87800adc:	bd70      	pop	{r4, r5, r6, pc}
87800ade:	bf00      	nop

87800ae0 <filtertimer_stop>:
87800ae0:	2300      	movs	r3, #0
87800ae2:	f2c0 230d 	movt	r3, #525	; 0x20d
87800ae6:	681a      	ldr	r2, [r3, #0]
87800ae8:	f022 0201 	bic.w	r2, r2, #1
87800aec:	601a      	str	r2, [r3, #0]
87800aee:	4770      	bx	lr

87800af0 <filtertimer_restart>:
87800af0:	2300      	movs	r3, #0
87800af2:	f2c0 230d 	movt	r3, #525	; 0x20d
87800af6:	681a      	ldr	r2, [r3, #0]
87800af8:	f022 0201 	bic.w	r2, r2, #1
87800afc:	601a      	str	r2, [r3, #0]
87800afe:	6098      	str	r0, [r3, #8]
87800b00:	681a      	ldr	r2, [r3, #0]
87800b02:	f042 0201 	orr.w	r2, r2, #1
87800b06:	601a      	str	r2, [r3, #0]
87800b08:	4770      	bx	lr
87800b0a:	bf00      	nop

87800b0c <uart_setbaudrate>:
87800b0c:	e92d 4ff0 	stmdb	sp!, {r4, r5, r6, r7, r8, r9, sl, fp, lr}
87800b10:	010c      	lsls	r4, r1, #4
87800b12:	b089      	sub	sp, #36	; 0x24
87800b14:	460e      	mov	r6, r1
87800b16:	4680      	mov	r8, r0
87800b18:	4617      	mov	r7, r2
87800b1a:	bf08      	it	eq
87800b1c:	4615      	moveq	r5, r2
87800b1e:	d013      	beq.n	87800b48 <uart_setbaudrate+0x3c>
87800b20:	46a1      	mov	r9, r4
87800b22:	4610      	mov	r0, r2
87800b24:	e000      	b.n	87800b28 <uart_setbaudrate+0x1c>
87800b26:	4689      	mov	r9, r1
87800b28:	4649      	mov	r1, r9
87800b2a:	f002 fcf7 	bl	8780351c <__aeabi_uidivmod>
87800b2e:	4648      	mov	r0, r9
87800b30:	2900      	cmp	r1, #0
87800b32:	d1f8      	bne.n	87800b26 <uart_setbaudrate+0x1a>
87800b34:	4649      	mov	r1, r9
87800b36:	4638      	mov	r0, r7
87800b38:	f002 fbc2 	bl	878032c0 <__udivsi3>
87800b3c:	4649      	mov	r1, r9
87800b3e:	4605      	mov	r5, r0
87800b40:	4620      	mov	r0, r4
87800b42:	f002 fbbd 	bl	878032c0 <__udivsi3>
87800b46:	4604      	mov	r4, r0
87800b48:	f64f 79f9 	movw	r9, #65529	; 0xfff9
87800b4c:	1e69      	subs	r1, r5, #1
87800b4e:	f2c0 0906 	movt	r9, #6
87800b52:	454d      	cmp	r5, r9
87800b54:	bf98      	it	ls
87800b56:	f5b4 3f80 	cmpls.w	r4, #65536	; 0x10000
87800b5a:	bf2c      	ite	cs
87800b5c:	f04f 0901 	movcs.w	r9, #1
87800b60:	f04f 0900 	movcc.w	r9, #0
87800b64:	f080 8086 	bcs.w	87800c74 <uart_setbaudrate+0x168>
87800b68:	f248 0201 	movw	r2, #32769	; 0x8001
87800b6c:	ea4f 1a05 	mov.w	sl, r5, lsl #4
87800b70:	f2c8 0200 	movt	r2, #32768	; 0x8000
87800b74:	f8cd 9008 	str.w	r9, [sp, #8]
87800b78:	fba1 2302 	umull	r2, r3, r1, r2
87800b7c:	4650      	mov	r0, sl
87800b7e:	46a3      	mov	fp, r4
87800b80:	0bdb      	lsrs	r3, r3, #15
87800b82:	1e59      	subs	r1, r3, #1
87800b84:	3301      	adds	r3, #1
87800b86:	9306      	str	r3, [sp, #24]
87800b88:	2905      	cmp	r1, #5
87800b8a:	46b9      	mov	r9, r7
87800b8c:	bf97      	itett	ls
87800b8e:	f643 0398 	movwls	r3, #14488	; 0x3898
87800b92:	2305      	movhi	r3, #5
87800b94:	f2c8 7380 	movtls	r3, #34688	; 0x8780
87800b98:	f853 3021 	ldrls.w	r3, [r3, r1, lsl #2]
87800b9c:	9307      	str	r3, [sp, #28]
87800b9e:	2300      	movs	r3, #0
87800ba0:	f1ba 0f00 	cmp.w	sl, #0
87800ba4:	d01d      	beq.n	87800be2 <uart_setbaudrate+0xd6>
87800ba6:	46a1      	mov	r9, r4
87800ba8:	4638      	mov	r0, r7
87800baa:	4654      	mov	r4, sl
87800bac:	f8cd a010 	str.w	sl, [sp, #16]
87800bb0:	2300      	movs	r3, #0
87800bb2:	4622      	mov	r2, r4
87800bb4:	4619      	mov	r1, r3
87800bb6:	f002 fd0f 	bl	878035d8 <__aeabi_uldivmod>
87800bba:	4620      	mov	r0, r4
87800bbc:	2300      	movs	r3, #0
87800bbe:	4614      	mov	r4, r2
87800bc0:	2a00      	cmp	r2, #0
87800bc2:	d1f5      	bne.n	87800bb0 <uart_setbaudrate+0xa4>
87800bc4:	464c      	mov	r4, r9
87800bc6:	4681      	mov	r9, r0
87800bc8:	4649      	mov	r1, r9
87800bca:	9804      	ldr	r0, [sp, #16]
87800bcc:	9305      	str	r3, [sp, #20]
87800bce:	f002 fb77 	bl	878032c0 <__udivsi3>
87800bd2:	4649      	mov	r1, r9
87800bd4:	9004      	str	r0, [sp, #16]
87800bd6:	4638      	mov	r0, r7
87800bd8:	f002 fb72 	bl	878032c0 <__udivsi3>
87800bdc:	4681      	mov	r9, r0
87800bde:	e9dd 0304 	ldrd	r0, r3, [sp, #16]
87800be2:	fb0b fc03 	mul.w	ip, fp, r3
87800be6:	9f02      	ldr	r7, [sp, #8]
87800be8:	4602      	mov	r2, r0
87800bea:	2300      	movs	r3, #0
87800bec:	fbab 0109 	umull	r0, r1, fp, r9
87800bf0:	fb09 c907 	mla	r9, r9, r7, ip
87800bf4:	4449      	add	r1, r9
87800bf6:	f002 fcef 	bl	878035d8 <__aeabi_uldivmod>
87800bfa:	2300      	movs	r3, #0
87800bfc:	4299      	cmp	r1, r3
87800bfe:	bf08      	it	eq
87800c00:	42b0      	cmpeq	r0, r6
87800c02:	d331      	bcc.n	87800c68 <uart_setbaudrate+0x15c>
87800c04:	1b87      	subs	r7, r0, r6
87800c06:	eb61 0303 	sbc.w	r3, r1, r3
87800c0a:	9700      	str	r7, [sp, #0]
87800c0c:	9301      	str	r3, [sp, #4]
87800c0e:	f248 531f 	movw	r3, #34079	; 0x851f
87800c12:	e9dd 0100 	ldrd	r0, r1, [sp]
87800c16:	f2c5 13eb 	movt	r3, #20971	; 0x51eb
87800c1a:	fba6 6703 	umull	r6, r7, r6, r3
87800c1e:	2300      	movs	r3, #0
87800c20:	4299      	cmp	r1, r3
87800c22:	ea4f 1257 	mov.w	r2, r7, lsr #5
87800c26:	eb02 0242 	add.w	r2, r2, r2, lsl #1
87800c2a:	bf08      	it	eq
87800c2c:	4290      	cmpeq	r0, r2
87800c2e:	d218      	bcs.n	87800c62 <uart_setbaudrate+0x156>
87800c30:	f8d8 3090 	ldr.w	r3, [r8, #144]	; 0x90
87800c34:	3c01      	subs	r4, #1
87800c36:	9a07      	ldr	r2, [sp, #28]
87800c38:	b2a4      	uxth	r4, r4
87800c3a:	9906      	ldr	r1, [sp, #24]
87800c3c:	4628      	mov	r0, r5
87800c3e:	f423 7360 	bic.w	r3, r3, #896	; 0x380
87800c42:	f8c8 3090 	str.w	r3, [r8, #144]	; 0x90
87800c46:	f8d8 3090 	ldr.w	r3, [r8, #144]	; 0x90
87800c4a:	ea43 13c2 	orr.w	r3, r3, r2, lsl #7
87800c4e:	f8c8 3090 	str.w	r3, [r8, #144]	; 0x90
87800c52:	f8c8 40a4 	str.w	r4, [r8, #164]	; 0xa4
87800c56:	f002 fb33 	bl	878032c0 <__udivsi3>
87800c5a:	3801      	subs	r0, #1
87800c5c:	b280      	uxth	r0, r0
87800c5e:	f8c8 00a8 	str.w	r0, [r8, #168]	; 0xa8
87800c62:	b009      	add	sp, #36	; 0x24
87800c64:	e8bd 8ff0 	ldmia.w	sp!, {r4, r5, r6, r7, r8, r9, sl, fp, pc}
87800c68:	1a37      	subs	r7, r6, r0
87800c6a:	eb63 0301 	sbc.w	r3, r3, r1
87800c6e:	9700      	str	r7, [sp, #0]
87800c70:	9301      	str	r3, [sp, #4]
87800c72:	e7cc      	b.n	87800c0e <uart_setbaudrate+0x102>
87800c74:	f646 52b9 	movw	r2, #28089	; 0x6db9
87800c78:	f248 0901 	movw	r9, #32769	; 0x8001
87800c7c:	f2c2 4293 	movt	r2, #9363	; 0x2493
87800c80:	f104 3aff 	add.w	sl, r4, #4294967295	; 0xffffffff
87800c84:	fba1 2302 	umull	r2, r3, r1, r2
87800c88:	f2c8 0900 	movt	r9, #32768	; 0x8000
87800c8c:	4628      	mov	r0, r5
87800c8e:	fbaa ab09 	umull	sl, fp, sl, r9
87800c92:	e9cd 2302 	strd	r2, r3, [sp, #8]
87800c96:	1aca      	subs	r2, r1, r3
87800c98:	9b03      	ldr	r3, [sp, #12]
87800c9a:	ea4f 3adb 	mov.w	sl, fp, lsr #15
87800c9e:	eb03 0352 	add.w	r3, r3, r2, lsr #1
87800ca2:	f10a 0a01 	add.w	sl, sl, #1
87800ca6:	0c9a      	lsrs	r2, r3, #18
87800ca8:	1c53      	adds	r3, r2, #1
87800caa:	459a      	cmp	sl, r3
87800cac:	bf38      	it	cc
87800cae:	469a      	movcc	sl, r3
87800cb0:	4651      	mov	r1, sl
87800cb2:	f002 fb05 	bl	878032c0 <__udivsi3>
87800cb6:	4605      	mov	r5, r0
87800cb8:	4651      	mov	r1, sl
87800cba:	4620      	mov	r0, r4
87800cbc:	f002 fb00 	bl	878032c0 <__udivsi3>
87800cc0:	4604      	mov	r4, r0
87800cc2:	b96d      	cbnz	r5, 87800ce0 <uart_setbaudrate+0x1d4>
87800cc4:	b1e0      	cbz	r0, 87800d00 <uart_setbaudrate+0x1f4>
87800cc6:	4683      	mov	fp, r0
87800cc8:	9502      	str	r5, [sp, #8]
87800cca:	2310      	movs	r3, #16
87800ccc:	2501      	movs	r5, #1
87800cce:	469a      	mov	sl, r3
87800cd0:	9304      	str	r3, [sp, #16]
87800cd2:	2305      	movs	r3, #5
87800cd4:	46a1      	mov	r9, r4
87800cd6:	9506      	str	r5, [sp, #24]
87800cd8:	4638      	mov	r0, r7
87800cda:	9307      	str	r3, [sp, #28]
87800cdc:	4654      	mov	r4, sl
87800cde:	e767      	b.n	87800bb0 <uart_setbaudrate+0xa4>
87800ce0:	1e6a      	subs	r2, r5, #1
87800ce2:	ea4f 1a05 	mov.w	sl, r5, lsl #4
87800ce6:	fba2 2309 	umull	r2, r3, r2, r9
87800cea:	4650      	mov	r0, sl
87800cec:	0bdb      	lsrs	r3, r3, #15
87800cee:	1e59      	subs	r1, r3, #1
87800cf0:	3301      	adds	r3, #1
87800cf2:	9306      	str	r3, [sp, #24]
87800cf4:	b94c      	cbnz	r4, 87800d0a <uart_setbaudrate+0x1fe>
87800cf6:	f04f 0b01 	mov.w	fp, #1
87800cfa:	9402      	str	r4, [sp, #8]
87800cfc:	465c      	mov	r4, fp
87800cfe:	e743      	b.n	87800b88 <uart_setbaudrate+0x7c>
87800d00:	f04f 0b01 	mov.w	fp, #1
87800d04:	9002      	str	r0, [sp, #8]
87800d06:	465c      	mov	r4, fp
87800d08:	e7df      	b.n	87800cca <uart_setbaudrate+0x1be>
87800d0a:	2300      	movs	r3, #0
87800d0c:	46a3      	mov	fp, r4
87800d0e:	9302      	str	r3, [sp, #8]
87800d10:	e73a      	b.n	87800b88 <uart_setbaudrate+0x7c>
87800d12:	bf00      	nop

87800d14 <uart_init>:
87800d14:	b538      	push	{r3, r4, r5, lr}
87800d16:	2384      	movs	r3, #132	; 0x84
87800d18:	2500      	movs	r5, #0
87800d1a:	f2c0 230e 	movt	r3, #526	; 0x20e
87800d1e:	2188      	movs	r1, #136	; 0x88
87800d20:	f240 6424 	movw	r4, #1572	; 0x624
87800d24:	601d      	str	r5, [r3, #0]
87800d26:	f2c0 210e 	movt	r1, #526	; 0x20e
87800d2a:	462b      	mov	r3, r5
87800d2c:	f44f 7044 	mov.w	r0, #784	; 0x310
87800d30:	f44f 7245 	mov.w	r2, #788	; 0x314
87800d34:	600d      	str	r5, [r1, #0]
87800d36:	f2c0 2302 	movt	r3, #514	; 0x202
87800d3a:	f2c0 240e 	movt	r4, #526	; 0x20e
87800d3e:	f2c0 220e 	movt	r2, #526	; 0x20e
87800d42:	f241 01b0 	movw	r1, #4272	; 0x10b0
87800d46:	f2c0 200e 	movt	r0, #526	; 0x20e
87800d4a:	2503      	movs	r5, #3
87800d4c:	6025      	str	r5, [r4, #0]
87800d4e:	461c      	mov	r4, r3
87800d50:	6001      	str	r1, [r0, #0]
87800d52:	6011      	str	r1, [r2, #0]
87800d54:	f8d3 2080 	ldr.w	r2, [r3, #128]	; 0x80
87800d58:	f022 0201 	bic.w	r2, r2, #1
87800d5c:	f8c3 2080 	str.w	r2, [r3, #128]	; 0x80
87800d60:	f8d3 2084 	ldr.w	r2, [r3, #132]	; 0x84
87800d64:	f022 0201 	bic.w	r2, r2, #1
87800d68:	f8c3 2084 	str.w	r2, [r3, #132]	; 0x84
87800d6c:	f8d4 3084 	ldr.w	r3, [r4, #132]	; 0x84
87800d70:	07db      	lsls	r3, r3, #31
87800d72:	d5fb      	bpl.n	87800d6c <uart_init+0x58>
87800d74:	2500      	movs	r5, #0
87800d76:	f44f 4234 	mov.w	r2, #46080	; 0xb400
87800d7a:	f8c4 5080 	str.w	r5, [r4, #128]	; 0x80
87800d7e:	4628      	mov	r0, r5
87800d80:	f8d4 3080 	ldr.w	r3, [r4, #128]	; 0x80
87800d84:	f2c0 42c4 	movt	r2, #1220	; 0x4c4
87800d88:	f2c0 2002 	movt	r0, #514	; 0x202
87800d8c:	f44f 31e1 	mov.w	r1, #115200	; 0x1c200
87800d90:	f423 4380 	bic.w	r3, r3, #16384	; 0x4000
87800d94:	f8c4 3080 	str.w	r3, [r4, #128]	; 0x80
87800d98:	f8c4 5084 	str.w	r5, [r4, #132]	; 0x84
87800d9c:	f8d4 3084 	ldr.w	r3, [r4, #132]	; 0x84
87800da0:	f443 4380 	orr.w	r3, r3, #16384	; 0x4000
87800da4:	f043 0326 	orr.w	r3, r3, #38	; 0x26
87800da8:	f8c4 3084 	str.w	r3, [r4, #132]	; 0x84
87800dac:	f8d4 3088 	ldr.w	r3, [r4, #136]	; 0x88
87800db0:	f043 0304 	orr.w	r3, r3, #4
87800db4:	f8c4 3088 	str.w	r3, [r4, #136]	; 0x88
87800db8:	f7ff fea8 	bl	87800b0c <uart_setbaudrate>
87800dbc:	f8d4 3080 	ldr.w	r3, [r4, #128]	; 0x80
87800dc0:	f043 0301 	orr.w	r3, r3, #1
87800dc4:	f8c4 3080 	str.w	r3, [r4, #128]	; 0x80
87800dc8:	bd38      	pop	{r3, r4, r5, pc}
87800dca:	bf00      	nop

87800dcc <uart_disable>:
87800dcc:	f8d0 3080 	ldr.w	r3, [r0, #128]	; 0x80
87800dd0:	f023 0301 	bic.w	r3, r3, #1
87800dd4:	f8c0 3080 	str.w	r3, [r0, #128]	; 0x80
87800dd8:	4770      	bx	lr
87800dda:	bf00      	nop

87800ddc <uart_enable>:
87800ddc:	f8d0 3080 	ldr.w	r3, [r0, #128]	; 0x80
87800de0:	f043 0301 	orr.w	r3, r3, #1
87800de4:	f8c0 3080 	str.w	r3, [r0, #128]	; 0x80
87800de8:	4770      	bx	lr
87800dea:	bf00      	nop

87800dec <uart_softreset>:
87800dec:	f8d0 3084 	ldr.w	r3, [r0, #132]	; 0x84
87800df0:	f023 0301 	bic.w	r3, r3, #1
87800df4:	f8c0 3084 	str.w	r3, [r0, #132]	; 0x84
87800df8:	f8d0 3084 	ldr.w	r3, [r0, #132]	; 0x84
87800dfc:	07db      	lsls	r3, r3, #31
87800dfe:	d5fb      	bpl.n	87800df8 <uart_softreset+0xc>
87800e00:	4770      	bx	lr
87800e02:	bf00      	nop

87800e04 <putc>:
87800e04:	2200      	movs	r2, #0
87800e06:	f2c0 2202 	movt	r2, #514	; 0x202
87800e0a:	f8d2 3098 	ldr.w	r3, [r2, #152]	; 0x98
87800e0e:	071b      	lsls	r3, r3, #28
87800e10:	d5fb      	bpl.n	87800e0a <putc+0x6>
87800e12:	6410      	str	r0, [r2, #64]	; 0x40
87800e14:	4770      	bx	lr
87800e16:	bf00      	nop

87800e18 <puts>:
87800e18:	7801      	ldrb	r1, [r0, #0]
87800e1a:	b159      	cbz	r1, 87800e34 <puts+0x1c>
87800e1c:	2200      	movs	r2, #0
87800e1e:	f2c0 2202 	movt	r2, #514	; 0x202
87800e22:	f8d2 3098 	ldr.w	r3, [r2, #152]	; 0x98
87800e26:	071b      	lsls	r3, r3, #28
87800e28:	d5fb      	bpl.n	87800e22 <puts+0xa>
87800e2a:	6411      	str	r1, [r2, #64]	; 0x40
87800e2c:	f810 1f01 	ldrb.w	r1, [r0, #1]!
87800e30:	2900      	cmp	r1, #0
87800e32:	d1f6      	bne.n	87800e22 <puts+0xa>
87800e34:	4770      	bx	lr
87800e36:	bf00      	nop

87800e38 <getc>:
87800e38:	2200      	movs	r2, #0
87800e3a:	f2c0 2202 	movt	r2, #514	; 0x202
87800e3e:	f8d2 3098 	ldr.w	r3, [r2, #152]	; 0x98
87800e42:	07db      	lsls	r3, r3, #31
87800e44:	d5fb      	bpl.n	87800e3e <getc+0x6>
87800e46:	6810      	ldr	r0, [r2, #0]
87800e48:	b2c0      	uxtb	r0, r0
87800e4a:	4770      	bx	lr

87800e4c <raise>:
87800e4c:	4770      	bx	lr
87800e4e:	bf00      	nop

87800e50 <uart_io_init>:
87800e50:	b430      	push	{r4, r5}
87800e52:	2288      	movs	r2, #136	; 0x88
87800e54:	2584      	movs	r5, #132	; 0x84
87800e56:	2400      	movs	r4, #0
87800e58:	f2c0 250e 	movt	r5, #526	; 0x20e
87800e5c:	f2c0 220e 	movt	r2, #526	; 0x20e
87800e60:	f240 6024 	movw	r0, #1572	; 0x624
87800e64:	f44f 7144 	mov.w	r1, #784	; 0x310
87800e68:	f44f 7345 	mov.w	r3, #788	; 0x314
87800e6c:	602c      	str	r4, [r5, #0]
87800e6e:	f2c0 200e 	movt	r0, #526	; 0x20e
87800e72:	6014      	str	r4, [r2, #0]
87800e74:	2503      	movs	r5, #3
87800e76:	f241 02b0 	movw	r2, #4272	; 0x10b0
87800e7a:	f2c0 210e 	movt	r1, #526	; 0x20e
87800e7e:	f2c0 230e 	movt	r3, #526	; 0x20e
87800e82:	6005      	str	r5, [r0, #0]
87800e84:	600a      	str	r2, [r1, #0]
87800e86:	bc30      	pop	{r4, r5}
87800e88:	601a      	str	r2, [r3, #0]
87800e8a:	4770      	bx	lr

87800e8c <lcdclk_init>:
87800e8c:	b4f0      	push	{r4, r5, r6, r7}
87800e8e:	f44f 4400 	mov.w	r4, #32768	; 0x8000
87800e92:	f2c0 240c 	movt	r4, #524	; 0x20c
87800e96:	2600      	movs	r6, #0
87800e98:	f440 1081 	orr.w	r0, r0, #1056768	; 0x102000
87800e9c:	1e55      	subs	r5, r2, #1
87800e9e:	f8c4 60b0 	str.w	r6, [r4, #176]	; 0xb0
87800ea2:	f44f 4380 	mov.w	r3, #16384	; 0x4000
87800ea6:	f8c4 60c0 	str.w	r6, [r4, #192]	; 0xc0
87800eaa:	f2c0 230c 	movt	r3, #524	; 0x20c
87800eae:	f8c4 00a0 	str.w	r0, [r4, #160]	; 0xa0
87800eb2:	1e4f      	subs	r7, r1, #1
87800eb4:	f8d4 2170 	ldr.w	r2, [r4, #368]	; 0x170
87800eb8:	f022 4240 	bic.w	r2, r2, #3221225472	; 0xc0000000
87800ebc:	f8c4 2170 	str.w	r2, [r4, #368]	; 0x170
87800ec0:	f8c4 6170 	str.w	r6, [r4, #368]	; 0x170
87800ec4:	6b98      	ldr	r0, [r3, #56]	; 0x38
87800ec6:	f420 3060 	bic.w	r0, r0, #229376	; 0x38000
87800eca:	6398      	str	r0, [r3, #56]	; 0x38
87800ecc:	6b98      	ldr	r0, [r3, #56]	; 0x38
87800ece:	f440 3080 	orr.w	r0, r0, #65536	; 0x10000
87800ed2:	6398      	str	r0, [r3, #56]	; 0x38
87800ed4:	6b98      	ldr	r0, [r3, #56]	; 0x38
87800ed6:	f420 40e0 	bic.w	r0, r0, #28672	; 0x7000
87800eda:	6398      	str	r0, [r3, #56]	; 0x38
87800edc:	6b99      	ldr	r1, [r3, #56]	; 0x38
87800ede:	ea41 3107 	orr.w	r1, r1, r7, lsl #12
87800ee2:	6399      	str	r1, [r3, #56]	; 0x38
87800ee4:	6999      	ldr	r1, [r3, #24]
87800ee6:	f021 7160 	bic.w	r1, r1, #58720256	; 0x3800000
87800eea:	6199      	str	r1, [r3, #24]
87800eec:	699a      	ldr	r2, [r3, #24]
87800eee:	ea42 52c5 	orr.w	r2, r2, r5, lsl #23
87800ef2:	bcf0      	pop	{r4, r5, r6, r7}
87800ef4:	619a      	str	r2, [r3, #24]
87800ef6:	6b9a      	ldr	r2, [r3, #56]	; 0x38
87800ef8:	f422 6260 	bic.w	r2, r2, #3584	; 0xe00
87800efc:	639a      	str	r2, [r3, #56]	; 0x38
87800efe:	6b9a      	ldr	r2, [r3, #56]	; 0x38
87800f00:	639a      	str	r2, [r3, #56]	; 0x38
87800f02:	4770      	bx	lr

87800f04 <lcd_reset>:
87800f04:	f44f 4300 	mov.w	r3, #32768	; 0x8000
87800f08:	f2c0 231c 	movt	r3, #540	; 0x21c
87800f0c:	681a      	ldr	r2, [r3, #0]
87800f0e:	f042 4200 	orr.w	r2, r2, #2147483648	; 0x80000000
87800f12:	601a      	str	r2, [r3, #0]
87800f14:	4770      	bx	lr
87800f16:	bf00      	nop

87800f18 <lcd_noreset>:
87800f18:	f44f 4300 	mov.w	r3, #32768	; 0x8000
87800f1c:	f2c0 231c 	movt	r3, #540	; 0x21c
87800f20:	681a      	ldr	r2, [r3, #0]
87800f22:	f022 4200 	bic.w	r2, r2, #2147483648	; 0x80000000
87800f26:	601a      	str	r2, [r3, #0]
87800f28:	4770      	bx	lr
87800f2a:	bf00      	nop

87800f2c <lcd_enable>:
87800f2c:	f44f 4300 	mov.w	r3, #32768	; 0x8000
87800f30:	f2c0 231c 	movt	r3, #540	; 0x21c
87800f34:	681a      	ldr	r2, [r3, #0]
87800f36:	f042 0201 	orr.w	r2, r2, #1
87800f3a:	601a      	str	r2, [r3, #0]
87800f3c:	4770      	bx	lr
87800f3e:	bf00      	nop

87800f40 <lcd_read_panelid>:
87800f40:	f44f 7288 	mov.w	r2, #272	; 0x110
87800f44:	f44f 7367 	mov.w	r3, #924	; 0x39c
87800f48:	b530      	push	{r4, r5, lr}
87800f4a:	f2c0 220e 	movt	r2, #526	; 0x20e
87800f4e:	b085      	sub	sp, #20
87800f50:	2405      	movs	r4, #5
87800f52:	f2c0 230e 	movt	r3, #526	; 0x20e
87800f56:	f241 01b0 	movw	r1, #4272	; 0x10b0
87800f5a:	f44f 4080 	mov.w	r0, #16384	; 0x4000
87800f5e:	6014      	str	r4, [r2, #0]
87800f60:	f2c0 200a 	movt	r0, #522	; 0x20a
87800f64:	6019      	str	r1, [r3, #0]
87800f66:	aa01      	add	r2, sp, #4
87800f68:	2301      	movs	r3, #1
87800f6a:	2103      	movs	r1, #3
87800f6c:	9301      	str	r3, [sp, #4]
87800f6e:	f88d 3008 	strb.w	r3, [sp, #8]
87800f72:	f44f 7570 	mov.w	r5, #960	; 0x3c0
87800f76:	f7ff fbc3 	bl	87800700 <gpio_init>
87800f7a:	f44f 729a 	mov.w	r2, #308	; 0x134
87800f7e:	f44f 71aa 	mov.w	r1, #340	; 0x154
87800f82:	f2c0 220e 	movt	r2, #526	; 0x20e
87800f86:	f2c0 210e 	movt	r1, #526	; 0x20e
87800f8a:	f44f 73ba 	mov.w	r3, #372	; 0x174
87800f8e:	6014      	str	r4, [r2, #0]
87800f90:	f2c0 230e 	movt	r3, #526	; 0x20e
87800f94:	600c      	str	r4, [r1, #0]
87800f96:	f44f 7278 	mov.w	r2, #992	; 0x3e0
87800f9a:	f44f 6180 	mov.w	r1, #1024	; 0x400
87800f9e:	601c      	str	r4, [r3, #0]
87800fa0:	f2c0 250e 	movt	r5, #526	; 0x20e
87800fa4:	f24f 0380 	movw	r3, #61568	; 0xf080
87800fa8:	f2c0 220e 	movt	r2, #526	; 0x20e
87800fac:	f2c0 210e 	movt	r1, #526	; 0x20e
87800fb0:	f44f 4080 	mov.w	r0, #16384	; 0x4000
87800fb4:	602b      	str	r3, [r5, #0]
87800fb6:	f2c0 200a 	movt	r0, #522	; 0x20a
87800fba:	6013      	str	r3, [r2, #0]
87800fbc:	aa01      	add	r2, sp, #4
87800fbe:	600b      	str	r3, [r1, #0]
87800fc0:	2300      	movs	r3, #0
87800fc2:	210c      	movs	r1, #12
87800fc4:	9301      	str	r3, [sp, #4]
87800fc6:	f7ff fb9b 	bl	87800700 <gpio_init>
87800fca:	f44f 4080 	mov.w	r0, #16384	; 0x4000
87800fce:	aa01      	add	r2, sp, #4
87800fd0:	2114      	movs	r1, #20
87800fd2:	f2c0 200a 	movt	r0, #522	; 0x20a
87800fd6:	f7ff fb93 	bl	87800700 <gpio_init>
87800fda:	f44f 4080 	mov.w	r0, #16384	; 0x4000
87800fde:	aa01      	add	r2, sp, #4
87800fe0:	211c      	movs	r1, #28
87800fe2:	f2c0 200a 	movt	r0, #522	; 0x20a
87800fe6:	f7ff fb8b 	bl	87800700 <gpio_init>
87800fea:	f44f 4080 	mov.w	r0, #16384	; 0x4000
87800fee:	211c      	movs	r1, #28
87800ff0:	f2c0 200a 	movt	r0, #522	; 0x20a
87800ff4:	f7ff fb2c 	bl	87800650 <gpio_pinread>
87800ff8:	4605      	mov	r5, r0
87800ffa:	f44f 4080 	mov.w	r0, #16384	; 0x4000
87800ffe:	2114      	movs	r1, #20
87801000:	f2c0 200a 	movt	r0, #522	; 0x20a
87801004:	f7ff fb24 	bl	87800650 <gpio_pinread>
87801008:	4604      	mov	r4, r0
8780100a:	f44f 4080 	mov.w	r0, #16384	; 0x4000
8780100e:	f2c0 200a 	movt	r0, #522	; 0x20a
87801012:	210c      	movs	r1, #12
87801014:	f7ff fb1c 	bl	87800650 <gpio_pinread>
87801018:	0064      	lsls	r4, r4, #1
8780101a:	0083      	lsls	r3, r0, #2
8780101c:	f404 74ff 	and.w	r4, r4, #510	; 0x1fe
87801020:	f403 737f 	and.w	r3, r3, #1020	; 0x3fc
87801024:	4323      	orrs	r3, r4
87801026:	432b      	orrs	r3, r5
87801028:	f013 03ff 	ands.w	r3, r3, #255	; 0xff
8780102c:	bf08      	it	eq
8780102e:	f244 3042 	movweq	r0, #17218	; 0x4342
87801032:	d018      	beq.n	87801066 <lcd_read_panelid+0x126>
87801034:	2b01      	cmp	r3, #1
87801036:	bf08      	it	eq
87801038:	f247 0084 	movweq	r0, #28804	; 0x7084
8780103c:	d013      	beq.n	87801066 <lcd_read_panelid+0x126>
8780103e:	2b02      	cmp	r3, #2
87801040:	bf08      	it	eq
87801042:	f247 0016 	movweq	r0, #28694	; 0x7016
87801046:	d00e      	beq.n	87801066 <lcd_read_panelid+0x126>
87801048:	2b04      	cmp	r3, #4
8780104a:	bf08      	it	eq
8780104c:	f244 3084 	movweq	r0, #17284	; 0x4384
87801050:	d009      	beq.n	87801066 <lcd_read_panelid+0x126>
87801052:	2b05      	cmp	r3, #5
87801054:	bf08      	it	eq
87801056:	f241 0018 	movweq	r0, #4120	; 0x1018
8780105a:	d004      	beq.n	87801066 <lcd_read_panelid+0x126>
8780105c:	2b07      	cmp	r3, #7
8780105e:	bf0c      	ite	eq
87801060:	f44f 407f 	moveq.w	r0, #65280	; 0xff00
87801064:	2000      	movne	r0, #0
87801066:	b005      	add	sp, #20
87801068:	bd30      	pop	{r4, r5, pc}
8780106a:	bf00      	nop

8780106c <lcdgpio_init>:
8780106c:	b530      	push	{r4, r5, lr}
8780106e:	f44f 708e 	mov.w	r0, #284	; 0x11c
87801072:	f44f 748c 	mov.w	r4, #280	; 0x118
87801076:	2300      	movs	r3, #0
87801078:	f2c0 240e 	movt	r4, #526	; 0x20e
8780107c:	f2c0 200e 	movt	r0, #526	; 0x20e
87801080:	f44f 7190 	mov.w	r1, #288	; 0x120
87801084:	f44f 7292 	mov.w	r2, #292	; 0x124
87801088:	6023      	str	r3, [r4, #0]
8780108a:	f2c0 210e 	movt	r1, #526	; 0x20e
8780108e:	6003      	str	r3, [r0, #0]
87801090:	f2c0 220e 	movt	r2, #526	; 0x20e
87801094:	f44f 7594 	mov.w	r5, #296	; 0x128
87801098:	f44f 7496 	mov.w	r4, #300	; 0x12c
8780109c:	f44f 7098 	mov.w	r0, #304	; 0x130
878010a0:	600b      	str	r3, [r1, #0]
878010a2:	f2c0 250e 	movt	r5, #526	; 0x20e
878010a6:	6013      	str	r3, [r2, #0]
878010a8:	f2c0 240e 	movt	r4, #526	; 0x20e
878010ac:	f2c0 200e 	movt	r0, #526	; 0x20e
878010b0:	f44f 719a 	mov.w	r1, #308	; 0x134
878010b4:	f44f 729c 	mov.w	r2, #312	; 0x138
878010b8:	602b      	str	r3, [r5, #0]
878010ba:	f2c0 210e 	movt	r1, #526	; 0x20e
878010be:	6023      	str	r3, [r4, #0]
878010c0:	f2c0 220e 	movt	r2, #526	; 0x20e
878010c4:	6003      	str	r3, [r0, #0]
878010c6:	f44f 759e 	mov.w	r5, #316	; 0x13c
878010ca:	f44f 74a0 	mov.w	r4, #320	; 0x140
878010ce:	f44f 70a2 	mov.w	r0, #324	; 0x144
878010d2:	600b      	str	r3, [r1, #0]
878010d4:	f2c0 250e 	movt	r5, #526	; 0x20e
878010d8:	6013      	str	r3, [r2, #0]
878010da:	f2c0 240e 	movt	r4, #526	; 0x20e
878010de:	f2c0 200e 	movt	r0, #526	; 0x20e
878010e2:	f44f 71a4 	mov.w	r1, #328	; 0x148
878010e6:	f44f 72a6 	mov.w	r2, #332	; 0x14c
878010ea:	602b      	str	r3, [r5, #0]
878010ec:	f2c0 210e 	movt	r1, #526	; 0x20e
878010f0:	6023      	str	r3, [r4, #0]
878010f2:	f2c0 220e 	movt	r2, #526	; 0x20e
878010f6:	6003      	str	r3, [r0, #0]
878010f8:	f44f 75a8 	mov.w	r5, #336	; 0x150
878010fc:	f44f 74aa 	mov.w	r4, #340	; 0x154
87801100:	f44f 70ac 	mov.w	r0, #344	; 0x158
87801104:	600b      	str	r3, [r1, #0]
87801106:	f2c0 250e 	movt	r5, #526	; 0x20e
8780110a:	6013      	str	r3, [r2, #0]
8780110c:	f2c0 240e 	movt	r4, #526	; 0x20e
87801110:	f2c0 200e 	movt	r0, #526	; 0x20e
87801114:	f44f 71ae 	mov.w	r1, #348	; 0x15c
87801118:	f44f 72b0 	mov.w	r2, #352	; 0x160
8780111c:	602b      	str	r3, [r5, #0]
8780111e:	f2c0 210e 	movt	r1, #526	; 0x20e
87801122:	6023      	str	r3, [r4, #0]
87801124:	f2c0 220e 	movt	r2, #526	; 0x20e
87801128:	6003      	str	r3, [r0, #0]
8780112a:	f44f 75b2 	mov.w	r5, #356	; 0x164
8780112e:	f44f 74b4 	mov.w	r4, #360	; 0x168
87801132:	f44f 70b6 	mov.w	r0, #364	; 0x16c
87801136:	600b      	str	r3, [r1, #0]
87801138:	f2c0 250e 	movt	r5, #526	; 0x20e
8780113c:	6013      	str	r3, [r2, #0]
8780113e:	f2c0 240e 	movt	r4, #526	; 0x20e
87801142:	f2c0 200e 	movt	r0, #526	; 0x20e
87801146:	f44f 71b8 	mov.w	r1, #368	; 0x170
8780114a:	f44f 72ba 	mov.w	r2, #372	; 0x174
8780114e:	602b      	str	r3, [r5, #0]
87801150:	f2c0 210e 	movt	r1, #526	; 0x20e
87801154:	6023      	str	r3, [r4, #0]
87801156:	f2c0 220e 	movt	r2, #526	; 0x20e
8780115a:	6003      	str	r3, [r0, #0]
8780115c:	f44f 7582 	mov.w	r5, #260	; 0x104
87801160:	f44f 7484 	mov.w	r4, #264	; 0x108
87801164:	f44f 7086 	mov.w	r0, #268	; 0x10c
87801168:	600b      	str	r3, [r1, #0]
8780116a:	f2c0 250e 	movt	r5, #526	; 0x20e
8780116e:	6013      	str	r3, [r2, #0]
87801170:	f2c0 240e 	movt	r4, #526	; 0x20e
87801174:	f2c0 200e 	movt	r0, #526	; 0x20e
87801178:	f240 51dc 	movw	r1, #1500	; 0x5dc
8780117c:	f44f 7288 	mov.w	r2, #272	; 0x110
87801180:	602b      	str	r3, [r5, #0]
87801182:	f2c0 210e 	movt	r1, #526	; 0x20e
87801186:	6023      	str	r3, [r4, #0]
87801188:	f2c0 220e 	movt	r2, #526	; 0x20e
8780118c:	6003      	str	r3, [r0, #0]
8780118e:	f44f 7569 	mov.w	r5, #932	; 0x3a4
87801192:	f44f 746a 	mov.w	r4, #936	; 0x3a8
87801196:	f44f 706b 	mov.w	r0, #940	; 0x3ac
8780119a:	600b      	str	r3, [r1, #0]
8780119c:	f2c0 250e 	movt	r5, #526	; 0x20e
878011a0:	6013      	str	r3, [r2, #0]
878011a2:	f2c0 240e 	movt	r4, #526	; 0x20e
878011a6:	23b9      	movs	r3, #185	; 0xb9
878011a8:	f2c0 200e 	movt	r0, #526	; 0x20e
878011ac:	f44f 716c 	mov.w	r1, #944	; 0x3b0
878011b0:	f44f 726d 	mov.w	r2, #948	; 0x3b4
878011b4:	602b      	str	r3, [r5, #0]
878011b6:	f2c0 210e 	movt	r1, #526	; 0x20e
878011ba:	6023      	str	r3, [r4, #0]
878011bc:	f2c0 220e 	movt	r2, #526	; 0x20e
878011c0:	6003      	str	r3, [r0, #0]
878011c2:	f44f 756e 	mov.w	r5, #952	; 0x3b8
878011c6:	f44f 746f 	mov.w	r4, #956	; 0x3bc
878011ca:	f44f 7070 	mov.w	r0, #960	; 0x3c0
878011ce:	600b      	str	r3, [r1, #0]
878011d0:	f2c0 250e 	movt	r5, #526	; 0x20e
878011d4:	6013      	str	r3, [r2, #0]
878011d6:	f2c0 240e 	movt	r4, #526	; 0x20e
878011da:	f2c0 200e 	movt	r0, #526	; 0x20e
878011de:	f44f 7171 	mov.w	r1, #964	; 0x3c4
878011e2:	f44f 7272 	mov.w	r2, #968	; 0x3c8
878011e6:	602b      	str	r3, [r5, #0]
878011e8:	f2c0 210e 	movt	r1, #526	; 0x20e
878011ec:	6023      	str	r3, [r4, #0]
878011ee:	f2c0 220e 	movt	r2, #526	; 0x20e
878011f2:	6003      	str	r3, [r0, #0]
878011f4:	f44f 7573 	mov.w	r5, #972	; 0x3cc
878011f8:	f44f 7474 	mov.w	r4, #976	; 0x3d0
878011fc:	f44f 7075 	mov.w	r0, #980	; 0x3d4
87801200:	600b      	str	r3, [r1, #0]
87801202:	f2c0 250e 	movt	r5, #526	; 0x20e
87801206:	6013      	str	r3, [r2, #0]
87801208:	f2c0 240e 	movt	r4, #526	; 0x20e
8780120c:	f2c0 200e 	movt	r0, #526	; 0x20e
87801210:	f44f 7176 	mov.w	r1, #984	; 0x3d8
87801214:	f44f 7277 	mov.w	r2, #988	; 0x3dc
87801218:	602b      	str	r3, [r5, #0]
8780121a:	f2c0 210e 	movt	r1, #526	; 0x20e
8780121e:	6023      	str	r3, [r4, #0]
87801220:	f2c0 220e 	movt	r2, #526	; 0x20e
87801224:	6003      	str	r3, [r0, #0]
87801226:	f44f 7578 	mov.w	r5, #992	; 0x3e0
8780122a:	f44f 7479 	mov.w	r4, #996	; 0x3e4
8780122e:	f44f 707a 	mov.w	r0, #1000	; 0x3e8
87801232:	600b      	str	r3, [r1, #0]
87801234:	f2c0 250e 	movt	r5, #526	; 0x20e
87801238:	6013      	str	r3, [r2, #0]
8780123a:	f2c0 240e 	movt	r4, #526	; 0x20e
8780123e:	f2c0 200e 	movt	r0, #526	; 0x20e
87801242:	f44f 717b 	mov.w	r1, #1004	; 0x3ec
87801246:	f44f 727c 	mov.w	r2, #1008	; 0x3f0
8780124a:	602b      	str	r3, [r5, #0]
8780124c:	f2c0 210e 	movt	r1, #526	; 0x20e
87801250:	6023      	str	r3, [r4, #0]
87801252:	f2c0 220e 	movt	r2, #526	; 0x20e
87801256:	6003      	str	r3, [r0, #0]
87801258:	f44f 757d 	mov.w	r5, #1012	; 0x3f4
8780125c:	f44f 747e 	mov.w	r4, #1016	; 0x3f8
87801260:	f44f 707f 	mov.w	r0, #1020	; 0x3fc
87801264:	600b      	str	r3, [r1, #0]
87801266:	f2c0 250e 	movt	r5, #526	; 0x20e
8780126a:	6013      	str	r3, [r2, #0]
8780126c:	f2c0 240e 	movt	r4, #526	; 0x20e
87801270:	f2c0 200e 	movt	r0, #526	; 0x20e
87801274:	f44f 6180 	mov.w	r1, #1024	; 0x400
87801278:	f44f 7264 	mov.w	r2, #912	; 0x390
8780127c:	602b      	str	r3, [r5, #0]
8780127e:	f2c0 210e 	movt	r1, #526	; 0x20e
87801282:	6023      	str	r3, [r4, #0]
87801284:	f2c0 220e 	movt	r2, #526	; 0x20e
87801288:	6003      	str	r3, [r0, #0]
8780128a:	f44f 7565 	mov.w	r5, #916	; 0x394
8780128e:	f44f 7466 	mov.w	r4, #920	; 0x398
87801292:	f44f 7067 	mov.w	r0, #924	; 0x39c
87801296:	600b      	str	r3, [r1, #0]
87801298:	f2c0 250e 	movt	r5, #526	; 0x20e
8780129c:	6013      	str	r3, [r2, #0]
8780129e:	f2c0 240e 	movt	r4, #526	; 0x20e
878012a2:	f2c0 200e 	movt	r0, #526	; 0x20e
878012a6:	217c      	movs	r1, #124	; 0x7c
878012a8:	f44f 7242 	mov.w	r2, #776	; 0x308
878012ac:	602b      	str	r3, [r5, #0]
878012ae:	b085      	sub	sp, #20
878012b0:	6023      	str	r3, [r4, #0]
878012b2:	f2c0 210e 	movt	r1, #526	; 0x20e
878012b6:	6003      	str	r3, [r0, #0]
878012b8:	f2c0 220e 	movt	r2, #526	; 0x20e
878012bc:	2505      	movs	r5, #5
878012be:	f241 04b0 	movw	r4, #4272	; 0x10b0
878012c2:	f44f 4040 	mov.w	r0, #49152	; 0xc000
878012c6:	600d      	str	r5, [r1, #0]
878012c8:	2301      	movs	r3, #1
878012ca:	6014      	str	r4, [r2, #0]
878012cc:	f2c0 2009 	movt	r0, #521	; 0x209
878012d0:	aa01      	add	r2, sp, #4
878012d2:	2108      	movs	r1, #8
878012d4:	9301      	str	r3, [sp, #4]
878012d6:	f88d 3008 	strb.w	r3, [sp, #8]
878012da:	f7ff fa11 	bl	87800700 <gpio_init>
878012de:	b005      	add	sp, #20
878012e0:	bd30      	pop	{r4, r5, pc}
878012e2:	bf00      	nop

878012e4 <lcd_init>:
878012e4:	b5f8      	push	{r3, r4, r5, r6, r7, lr}
878012e6:	f44f 4400 	mov.w	r4, #32768	; 0x8000
878012ea:	f7ff fe29 	bl	87800f40 <lcd_read_panelid>
878012ee:	4601      	mov	r1, r0
878012f0:	4605      	mov	r5, r0
878012f2:	f643 00b0 	movw	r0, #14512	; 0x38b0
878012f6:	f2c0 241c 	movt	r4, #540	; 0x21c
878012fa:	f2c8 7080 	movt	r0, #34688	; 0x8780
878012fe:	f000 fc25 	bl	87801b4c <printf>
87801302:	f7ff feb3 	bl	8780106c <lcdgpio_init>
87801306:	6823      	ldr	r3, [r4, #0]
87801308:	200a      	movs	r0, #10
8780130a:	f043 4300 	orr.w	r3, r3, #2147483648	; 0x80000000
8780130e:	6023      	str	r3, [r4, #0]
87801310:	f7ff f8de 	bl	878004d0 <delay_ms>
87801314:	6823      	ldr	r3, [r4, #0]
87801316:	f244 3242 	movw	r2, #17218	; 0x4342
8780131a:	4295      	cmp	r5, r2
8780131c:	f023 4300 	bic.w	r3, r3, #2147483648	; 0x80000000
87801320:	6023      	str	r3, [r4, #0]
87801322:	f000 8085 	beq.w	87801430 <lcd_init+0x14c>
87801326:	f244 3384 	movw	r3, #17284	; 0x4384
8780132a:	429d      	cmp	r5, r3
8780132c:	f000 80b3 	beq.w	87801496 <lcd_init+0x1b2>
87801330:	f247 0384 	movw	r3, #28804	; 0x7084
87801334:	429d      	cmp	r5, r3
87801336:	f000 80c9 	beq.w	878014cc <lcd_init+0x1e8>
8780133a:	f247 0316 	movw	r3, #28694	; 0x7016
8780133e:	429d      	cmp	r5, r3
87801340:	f000 808f 	beq.w	87801462 <lcd_init+0x17e>
87801344:	f241 0318 	movw	r3, #4120	; 0x1018
87801348:	f648 6458 	movw	r4, #36440	; 0x8e58
8780134c:	429d      	cmp	r5, r3
8780134e:	f000 80d7 	beq.w	87801500 <lcd_init+0x21c>
87801352:	f5b5 4f7f 	cmp.w	r5, #65280	; 0xff00
87801356:	bf18      	it	ne
87801358:	f2c8 7480 	movtne	r4, #34688	; 0x8780
8780135c:	f000 80e7 	beq.w	8780152e <lcd_init+0x24a>
87801360:	f44f 4300 	mov.w	r3, #32768	; 0x8000
87801364:	2000      	movs	r0, #0
87801366:	f2c0 231c 	movt	r3, #540	; 0x21c
8780136a:	2604      	movs	r6, #4
8780136c:	f04f 4109 	mov.w	r1, #2298478592	; 0x89000000
87801370:	f06f 427f 	mvn.w	r2, #4278190080	; 0xff000000
87801374:	e9c4 0206 	strd	r0, r2, [r4, #24]
87801378:	f5b5 4f7f 	cmp.w	r5, #65280	; 0xff00
8780137c:	7126      	strb	r6, [r4, #4]
8780137e:	6161      	str	r1, [r4, #20]
87801380:	6018      	str	r0, [r3, #0]
87801382:	681f      	ldr	r7, [r3, #0]
87801384:	8866      	ldrh	r6, [r4, #2]
87801386:	8822      	ldrh	r2, [r4, #0]
87801388:	f447 2720 	orr.w	r7, r7, #655360	; 0xa0000
8780138c:	88e1      	ldrh	r1, [r4, #6]
8780138e:	f447 6772 	orr.w	r7, r7, #3872	; 0xf20
87801392:	89a5      	ldrh	r5, [r4, #12]
87801394:	601f      	str	r7, [r3, #0]
87801396:	6118      	str	r0, [r3, #16]
87801398:	ea46 4c02 	orr.w	ip, r6, r2, lsl #16
8780139c:	691f      	ldr	r7, [r3, #16]
8780139e:	440a      	add	r2, r1
878013a0:	f8b4 e00a 	ldrh.w	lr, [r4, #10]
878013a4:	f447 27e0 	orr.w	r7, r7, #458752	; 0x70000
878013a8:	611f      	str	r7, [r3, #16]
878013aa:	4472      	add	r2, lr
878013ac:	6318      	str	r0, [r3, #48]	; 0x30
878013ae:	8a27      	ldrh	r7, [r4, #16]
878013b0:	f8c3 c030 	str.w	ip, [r3, #48]	; 0x30
878013b4:	6718      	str	r0, [r3, #112]	; 0x70
878013b6:	bf0c      	ite	eq
878013b8:	f041 5091 	orreq.w	r0, r1, #304087040	; 0x12200000
878013bc:	f041 5089 	orrne.w	r0, r1, #287309824	; 0x11200000
878013c0:	f8b4 c008 	ldrh.w	ip, [r4, #8]
878013c4:	f440 1080 	orr.w	r0, r0, #1048576	; 0x100000
878013c8:	6718      	str	r0, [r3, #112]	; 0x70
878013ca:	1970      	adds	r0, r6, r5
878013cc:	4438      	add	r0, r7
878013ce:	89e7      	ldrh	r7, [r4, #14]
878013d0:	4461      	add	r1, ip
878013d2:	f44f 4300 	mov.w	r3, #32768	; 0x8000
878013d6:	f2c0 231c 	movt	r3, #540	; 0x21c
878013da:	4462      	add	r2, ip
878013dc:	4438      	add	r0, r7
878013de:	442f      	add	r7, r5
878013e0:	ea41 4107 	orr.w	r1, r1, r7, lsl #16
878013e4:	ea40 4085 	orr.w	r0, r0, r5, lsl #18
878013e8:	f8c3 2080 	str.w	r2, [r3, #128]	; 0x80
878013ec:	f446 2680 	orr.w	r6, r6, #262144	; 0x40000
878013f0:	f04f 4209 	mov.w	r2, #2298478592	; 0x89000000
878013f4:	f8c3 0090 	str.w	r0, [r3, #144]	; 0x90
878013f8:	200a      	movs	r0, #10
878013fa:	f8c3 10a0 	str.w	r1, [r3, #160]	; 0xa0
878013fe:	f8c3 60b0 	str.w	r6, [r3, #176]	; 0xb0
87801402:	641a      	str	r2, [r3, #64]	; 0x40
87801404:	651a      	str	r2, [r3, #80]	; 0x50
87801406:	681a      	ldr	r2, [r3, #0]
87801408:	f042 0201 	orr.w	r2, r2, #1
8780140c:	601a      	str	r2, [r3, #0]
8780140e:	f7ff f85f 	bl	878004d0 <delay_ms>
87801412:	8861      	ldrh	r1, [r4, #2]
87801414:	8822      	ldrh	r2, [r4, #0]
87801416:	6963      	ldr	r3, [r4, #20]
87801418:	fb02 f201 	mul.w	r2, r2, r1
8780141c:	b13a      	cbz	r2, 8780142e <lcd_init+0x14a>
8780141e:	eb03 0282 	add.w	r2, r3, r2, lsl #2
87801422:	f06f 417f 	mvn.w	r1, #4278190080	; 0xff000000
87801426:	f843 1b04 	str.w	r1, [r3], #4
8780142a:	429a      	cmp	r2, r3
8780142c:	d1fb      	bne.n	87801426 <lcd_init+0x142>
8780142e:	bdf8      	pop	{r3, r4, r5, r6, r7, pc}
87801430:	f648 6458 	movw	r4, #36440	; 0x8e58
87801434:	f44f 7288 	mov.w	r2, #272	; 0x110
87801438:	f2c8 7480 	movt	r4, #34688	; 0x8780
8780143c:	2308      	movs	r3, #8
8780143e:	2001      	movs	r0, #1
87801440:	f2c0 12e0 	movt	r2, #480	; 0x1e0
87801444:	2105      	movs	r1, #5
87801446:	2628      	movs	r6, #40	; 0x28
87801448:	6022      	str	r2, [r4, #0]
8780144a:	461a      	mov	r2, r3
8780144c:	8221      	strh	r1, [r4, #16]
8780144e:	4619      	mov	r1, r3
87801450:	80e0      	strh	r0, [r4, #6]
87801452:	81a0      	strh	r0, [r4, #12]
87801454:	201b      	movs	r0, #27
87801456:	81e6      	strh	r6, [r4, #14]
87801458:	8123      	strh	r3, [r4, #8]
8780145a:	8163      	strh	r3, [r4, #10]
8780145c:	f7ff fd16 	bl	87800e8c <lcdclk_init>
87801460:	e77e      	b.n	87801360 <lcd_init+0x7c>
87801462:	f648 6458 	movw	r4, #36440	; 0x8e58
87801466:	f44f 7316 	mov.w	r3, #600	; 0x258
8780146a:	f2c8 7480 	movt	r4, #34688	; 0x8780
8780146e:	2003      	movs	r0, #3
87801470:	f2c0 4300 	movt	r3, #1024	; 0x400
87801474:	210c      	movs	r1, #12
87801476:	22a0      	movs	r2, #160	; 0xa0
87801478:	268c      	movs	r6, #140	; 0x8c
8780147a:	6023      	str	r3, [r4, #0]
8780147c:	2314      	movs	r3, #20
8780147e:	8161      	strh	r1, [r4, #10]
87801480:	4601      	mov	r1, r0
87801482:	8222      	strh	r2, [r4, #16]
87801484:	2205      	movs	r2, #5
87801486:	80e0      	strh	r0, [r4, #6]
87801488:	2020      	movs	r0, #32
8780148a:	81e6      	strh	r6, [r4, #14]
8780148c:	8123      	strh	r3, [r4, #8]
8780148e:	81a3      	strh	r3, [r4, #12]
87801490:	f7ff fcfc 	bl	87800e8c <lcdclk_init>
87801494:	e764      	b.n	87801360 <lcd_init+0x7c>
87801496:	f648 6458 	movw	r4, #36440	; 0x8e58
8780149a:	2003      	movs	r0, #3
8780149c:	f2c8 7480 	movt	r4, #34688	; 0x8780
878014a0:	f44f 73f0 	mov.w	r3, #480	; 0x1e0
878014a4:	f2c0 3320 	movt	r3, #800	; 0x320
878014a8:	220d      	movs	r2, #13
878014aa:	2130      	movs	r1, #48	; 0x30
878014ac:	80e0      	strh	r0, [r4, #6]
878014ae:	2058      	movs	r0, #88	; 0x58
878014b0:	2620      	movs	r6, #32
878014b2:	6023      	str	r3, [r4, #0]
878014b4:	2328      	movs	r3, #40	; 0x28
878014b6:	8162      	strh	r2, [r4, #10]
878014b8:	2208      	movs	r2, #8
878014ba:	81a1      	strh	r1, [r4, #12]
878014bc:	2104      	movs	r1, #4
878014be:	81e0      	strh	r0, [r4, #14]
878014c0:	202a      	movs	r0, #42	; 0x2a
878014c2:	8126      	strh	r6, [r4, #8]
878014c4:	8223      	strh	r3, [r4, #16]
878014c6:	f7ff fce1 	bl	87800e8c <lcdclk_init>
878014ca:	e749      	b.n	87801360 <lcd_init+0x7c>
878014cc:	f648 6458 	movw	r4, #36440	; 0x8e58
878014d0:	f44f 73f0 	mov.w	r3, #480	; 0x1e0
878014d4:	f2c8 7480 	movt	r4, #34688	; 0x8780
878014d8:	f2c0 3320 	movt	r3, #800	; 0x320
878014dc:	2216      	movs	r2, #22
878014de:	212e      	movs	r1, #46	; 0x2e
878014e0:	20d2      	movs	r0, #210	; 0xd2
878014e2:	2617      	movs	r6, #23
878014e4:	6023      	str	r3, [r4, #0]
878014e6:	2301      	movs	r3, #1
878014e8:	8162      	strh	r2, [r4, #10]
878014ea:	2207      	movs	r2, #7
878014ec:	81e1      	strh	r1, [r4, #14]
878014ee:	2103      	movs	r1, #3
878014f0:	8220      	strh	r0, [r4, #16]
878014f2:	201e      	movs	r0, #30
878014f4:	8126      	strh	r6, [r4, #8]
878014f6:	80e3      	strh	r3, [r4, #6]
878014f8:	81a3      	strh	r3, [r4, #12]
878014fa:	f7ff fcc7 	bl	87800e8c <lcdclk_init>
878014fe:	e72f      	b.n	87801360 <lcd_init+0x7c>
87801500:	f44f 7348 	mov.w	r3, #800	; 0x320
87801504:	f2c8 7480 	movt	r4, #34688	; 0x8780
87801508:	2003      	movs	r0, #3
8780150a:	f2c0 5300 	movt	r3, #1280	; 0x500
8780150e:	2246      	movs	r2, #70	; 0x46
87801510:	2650      	movs	r6, #80	; 0x50
87801512:	6023      	str	r3, [r4, #0]
87801514:	4601      	mov	r1, r0
87801516:	230a      	movs	r3, #10
87801518:	8222      	strh	r2, [r4, #16]
8780151a:	80e0      	strh	r0, [r4, #6]
8780151c:	2205      	movs	r2, #5
8780151e:	2023      	movs	r0, #35	; 0x23
87801520:	81e6      	strh	r6, [r4, #14]
87801522:	8123      	strh	r3, [r4, #8]
87801524:	8163      	strh	r3, [r4, #10]
87801526:	81a3      	strh	r3, [r4, #12]
87801528:	f7ff fcb0 	bl	87800e8c <lcdclk_init>
8780152c:	e718      	b.n	87801360 <lcd_init+0x7c>
8780152e:	f2c8 7480 	movt	r4, #34688	; 0x8780
87801532:	2018      	movs	r0, #24
87801534:	f44f 7240 	mov.w	r2, #768	; 0x300
87801538:	2303      	movs	r3, #3
8780153a:	f2c0 5256 	movt	r2, #1366	; 0x556
8780153e:	21d5      	movs	r1, #213	; 0xd5
87801540:	8120      	strh	r0, [r4, #8]
87801542:	2046      	movs	r0, #70	; 0x46
87801544:	268f      	movs	r6, #143	; 0x8f
87801546:	6022      	str	r2, [r4, #0]
87801548:	81e1      	strh	r1, [r4, #14]
8780154a:	461a      	mov	r2, r3
8780154c:	8220      	strh	r0, [r4, #16]
8780154e:	4619      	mov	r1, r3
87801550:	2020      	movs	r0, #32
87801552:	81a6      	strh	r6, [r4, #12]
87801554:	80e3      	strh	r3, [r4, #6]
87801556:	8163      	strh	r3, [r4, #10]
87801558:	f7ff fc98 	bl	87800e8c <lcdclk_init>
8780155c:	e700      	b.n	87801360 <lcd_init+0x7c>
8780155e:	bf00      	nop

87801560 <lcd_drawpoint>:
87801560:	f648 6358 	movw	r3, #36440	; 0x8e58
87801564:	b430      	push	{r4, r5}
87801566:	f2c8 7380 	movt	r3, #34688	; 0x8780
8780156a:	885d      	ldrh	r5, [r3, #2]
8780156c:	791c      	ldrb	r4, [r3, #4]
8780156e:	695b      	ldr	r3, [r3, #20]
87801570:	fb01 0005 	mla	r0, r1, r5, r0
87801574:	fb04 f400 	mul.w	r4, r4, r0
87801578:	50e2      	str	r2, [r4, r3]
8780157a:	bc30      	pop	{r4, r5}
8780157c:	4770      	bx	lr
8780157e:	bf00      	nop

87801580 <lcd_readpoint>:
87801580:	f648 6358 	movw	r3, #36440	; 0x8e58
87801584:	b410      	push	{r4}
87801586:	f2c8 7380 	movt	r3, #34688	; 0x8780
8780158a:	885c      	ldrh	r4, [r3, #2]
8780158c:	791a      	ldrb	r2, [r3, #4]
8780158e:	695b      	ldr	r3, [r3, #20]
87801590:	fb01 0004 	mla	r0, r1, r4, r0
87801594:	f85d 4b04 	ldr.w	r4, [sp], #4
87801598:	fb02 f200 	mul.w	r2, r2, r0
8780159c:	58d0      	ldr	r0, [r2, r3]
8780159e:	4770      	bx	lr

878015a0 <lcd_clear>:
878015a0:	f648 6358 	movw	r3, #36440	; 0x8e58
878015a4:	f2c8 7380 	movt	r3, #34688	; 0x8780
878015a8:	8859      	ldrh	r1, [r3, #2]
878015aa:	881a      	ldrh	r2, [r3, #0]
878015ac:	695b      	ldr	r3, [r3, #20]
878015ae:	fb02 f201 	mul.w	r2, r2, r1
878015b2:	b12a      	cbz	r2, 878015c0 <lcd_clear+0x20>
878015b4:	eb03 0282 	add.w	r2, r3, r2, lsl #2
878015b8:	f843 0b04 	str.w	r0, [r3], #4
878015bc:	429a      	cmp	r2, r3
878015be:	d1fb      	bne.n	878015b8 <lcd_clear+0x18>
878015c0:	4770      	bx	lr
878015c2:	bf00      	nop

878015c4 <lcd_fill>:
878015c4:	e92d 43f0 	stmdb	sp!, {r4, r5, r6, r7, r8, r9, lr}
878015c8:	f648 6658 	movw	r6, #36440	; 0x8e58
878015cc:	f2c8 7680 	movt	r6, #34688	; 0x8780
878015d0:	4699      	mov	r9, r3
878015d2:	f8b6 8002 	ldrh.w	r8, [r6, #2]
878015d6:	8834      	ldrh	r4, [r6, #0]
878015d8:	9b07      	ldr	r3, [sp, #28]
878015da:	4590      	cmp	r8, r2
878015dc:	bf9c      	itt	ls
878015de:	f108 32ff 	addls.w	r2, r8, #4294967295	; 0xffffffff
878015e2:	b292      	uxthls	r2, r2
878015e4:	454c      	cmp	r4, r9
878015e6:	d802      	bhi.n	878015ee <lcd_fill+0x2a>
878015e8:	3c01      	subs	r4, #1
878015ea:	fa1f f984 	uxth.w	r9, r4
878015ee:	4589      	cmp	r9, r1
878015f0:	d314      	bcc.n	8780161c <lcd_fill+0x58>
878015f2:	4282      	cmp	r2, r0
878015f4:	d30e      	bcc.n	87801614 <lcd_fill+0x50>
878015f6:	fb01 fe08 	mul.w	lr, r1, r8
878015fa:	4604      	mov	r4, r0
878015fc:	f896 c004 	ldrb.w	ip, [r6, #4]
87801600:	eb04 050e 	add.w	r5, r4, lr
87801604:	3401      	adds	r4, #1
87801606:	6977      	ldr	r7, [r6, #20]
87801608:	b2a4      	uxth	r4, r4
8780160a:	fb05 f50c 	mul.w	r5, r5, ip
8780160e:	42a2      	cmp	r2, r4
87801610:	51eb      	str	r3, [r5, r7]
87801612:	d2f3      	bcs.n	878015fc <lcd_fill+0x38>
87801614:	3101      	adds	r1, #1
87801616:	b289      	uxth	r1, r1
87801618:	4589      	cmp	r9, r1
8780161a:	d2ea      	bcs.n	878015f2 <lcd_fill+0x2e>
8780161c:	e8bd 83f0 	ldmia.w	sp!, {r4, r5, r6, r7, r8, r9, pc}

87801620 <lcd_drawline>:
87801620:	e92d 4ff0 	stmdb	sp!, {r4, r5, r6, r7, r8, r9, sl, fp, lr}
87801624:	eba2 0a00 	sub.w	sl, r2, r0
87801628:	f1ba 0f00 	cmp.w	sl, #0
8780162c:	b085      	sub	sp, #20
8780162e:	eba3 0901 	sub.w	r9, r3, r1
87801632:	bfc8      	it	gt
87801634:	2301      	movgt	r3, #1
87801636:	4607      	mov	r7, r0
87801638:	4688      	mov	r8, r1
8780163a:	bfc8      	it	gt
8780163c:	9302      	strgt	r3, [sp, #8]
8780163e:	dc07      	bgt.n	87801650 <lcd_drawline+0x30>
87801640:	bf1d      	ittte	ne
87801642:	f1ca 0a00 	rsbne	sl, sl, #0
87801646:	f04f 33ff 	movne.w	r3, #4294967295	; 0xffffffff
8780164a:	9302      	strne	r3, [sp, #8]
8780164c:	f8cd a008 	streq.w	sl, [sp, #8]
87801650:	f1b9 0f00 	cmp.w	r9, #0
87801654:	bfc4      	itt	gt
87801656:	2301      	movgt	r3, #1
87801658:	9303      	strgt	r3, [sp, #12]
8780165a:	dd2d      	ble.n	878016b8 <lcd_drawline+0x98>
8780165c:	2500      	movs	r5, #0
8780165e:	45ca      	cmp	sl, r9
87801660:	46d3      	mov	fp, sl
87801662:	f648 6358 	movw	r3, #36440	; 0x8e58
87801666:	bfb8      	it	lt
87801668:	46cb      	movlt	fp, r9
8780166a:	462e      	mov	r6, r5
8780166c:	462c      	mov	r4, r5
8780166e:	f10b 0201 	add.w	r2, fp, #1
87801672:	f2c8 7380 	movt	r3, #34688	; 0x8780
87801676:	9200      	str	r2, [sp, #0]
87801678:	9301      	str	r3, [sp, #4]
8780167a:	9b01      	ldr	r3, [sp, #4]
8780167c:	4456      	add	r6, sl
8780167e:	fa1f f188 	uxth.w	r1, r8
87801682:	b2b8      	uxth	r0, r7
87801684:	699a      	ldr	r2, [r3, #24]
87801686:	444d      	add	r5, r9
87801688:	f7ff ff6a 	bl	87801560 <lcd_drawpoint>
8780168c:	455e      	cmp	r6, fp
8780168e:	f104 0401 	add.w	r4, r4, #1
87801692:	bfc4      	itt	gt
87801694:	9b02      	ldrgt	r3, [sp, #8]
87801696:	eba6 060b 	subgt.w	r6, r6, fp
8780169a:	b2a4      	uxth	r4, r4
8780169c:	bfc8      	it	gt
8780169e:	18ff      	addgt	r7, r7, r3
878016a0:	455d      	cmp	r5, fp
878016a2:	bfc2      	ittt	gt
878016a4:	9b03      	ldrgt	r3, [sp, #12]
878016a6:	eba5 050b 	subgt.w	r5, r5, fp
878016aa:	4498      	addgt	r8, r3
878016ac:	9b00      	ldr	r3, [sp, #0]
878016ae:	429c      	cmp	r4, r3
878016b0:	dde3      	ble.n	8780167a <lcd_drawline+0x5a>
878016b2:	b005      	add	sp, #20
878016b4:	e8bd 8ff0 	ldmia.w	sp!, {r4, r5, r6, r7, r8, r9, sl, fp, pc}
878016b8:	bf08      	it	eq
878016ba:	f8cd 900c 	streq.w	r9, [sp, #12]
878016be:	d0cd      	beq.n	8780165c <lcd_drawline+0x3c>
878016c0:	f04f 33ff 	mov.w	r3, #4294967295	; 0xffffffff
878016c4:	f1c9 0900 	rsb	r9, r9, #0
878016c8:	9303      	str	r3, [sp, #12]
878016ca:	e7c7      	b.n	8780165c <lcd_drawline+0x3c>

878016cc <lcd_draw_rectangle>:
878016cc:	e92d 41f0 	stmdb	sp!, {r4, r5, r6, r7, r8, lr}
878016d0:	461c      	mov	r4, r3
878016d2:	4606      	mov	r6, r0
878016d4:	460d      	mov	r5, r1
878016d6:	460b      	mov	r3, r1
878016d8:	4617      	mov	r7, r2
878016da:	f7ff ffa1 	bl	87801620 <lcd_drawline>
878016de:	4623      	mov	r3, r4
878016e0:	4632      	mov	r2, r6
878016e2:	4629      	mov	r1, r5
878016e4:	4630      	mov	r0, r6
878016e6:	f7ff ff9b 	bl	87801620 <lcd_drawline>
878016ea:	4623      	mov	r3, r4
878016ec:	463a      	mov	r2, r7
878016ee:	4621      	mov	r1, r4
878016f0:	4630      	mov	r0, r6
878016f2:	f7ff ff95 	bl	87801620 <lcd_drawline>
878016f6:	4623      	mov	r3, r4
878016f8:	463a      	mov	r2, r7
878016fa:	4629      	mov	r1, r5
878016fc:	4638      	mov	r0, r7
878016fe:	e8bd 41f0 	ldmia.w	sp!, {r4, r5, r6, r7, r8, lr}
87801702:	f7ff bf8d 	b.w	87801620 <lcd_drawline>
87801706:	bf00      	nop

87801708 <lcd_draw_Circle>:
87801708:	4613      	mov	r3, r2
8780170a:	e92d 4ff0 	stmdb	sp!, {r4, r5, r6, r7, r8, r9, sl, fp, lr}
8780170e:	f1c2 0201 	rsb	r2, r2, #1
87801712:	b085      	sub	sp, #20
87801714:	9000      	str	r0, [sp, #0]
87801716:	9201      	str	r2, [sp, #4]
87801718:	2b00      	cmp	r3, #0
8780171a:	d066      	beq.n	878017ea <lcd_draw_Circle+0xe2>
8780171c:	f648 6658 	movw	r6, #36440	; 0x8e58
87801720:	2700      	movs	r7, #0
87801722:	f2c8 7680 	movt	r6, #34688	; 0x8780
87801726:	468b      	mov	fp, r1
87801728:	b29d      	uxth	r5, r3
8780172a:	9303      	str	r3, [sp, #12]
8780172c:	9b00      	ldr	r3, [sp, #0]
8780172e:	b2bc      	uxth	r4, r7
87801730:	eb05 0a0b 	add.w	sl, r5, fp
87801734:	69b2      	ldr	r2, [r6, #24]
87801736:	fa1f fa8a 	uxth.w	sl, sl
8780173a:	eb0b 0904 	add.w	r9, fp, r4
8780173e:	1919      	adds	r1, r3, r4
87801740:	fa1f f989 	uxth.w	r9, r9
87801744:	b289      	uxth	r1, r1
87801746:	4608      	mov	r0, r1
87801748:	9102      	str	r1, [sp, #8]
8780174a:	4651      	mov	r1, sl
8780174c:	f7ff ff08 	bl	87801560 <lcd_drawpoint>
87801750:	9a00      	ldr	r2, [sp, #0]
87801752:	4649      	mov	r1, r9
87801754:	eb05 0802 	add.w	r8, r5, r2
87801758:	69b2      	ldr	r2, [r6, #24]
8780175a:	fa1f f888 	uxth.w	r8, r8
8780175e:	4640      	mov	r0, r8
87801760:	f7ff fefe 	bl	87801560 <lcd_drawpoint>
87801764:	9a00      	ldr	r2, [sp, #0]
87801766:	4651      	mov	r1, sl
87801768:	1b12      	subs	r2, r2, r4
8780176a:	ebab 0404 	sub.w	r4, fp, r4
8780176e:	fa1f fa82 	uxth.w	sl, r2
87801772:	69b2      	ldr	r2, [r6, #24]
87801774:	b2a4      	uxth	r4, r4
87801776:	4650      	mov	r0, sl
87801778:	f7ff fef2 	bl	87801560 <lcd_drawpoint>
8780177c:	9a00      	ldr	r2, [sp, #0]
8780177e:	4649      	mov	r1, r9
87801780:	1b52      	subs	r2, r2, r5
87801782:	ebab 0505 	sub.w	r5, fp, r5
87801786:	fa1f f982 	uxth.w	r9, r2
8780178a:	b2ad      	uxth	r5, r5
8780178c:	69b2      	ldr	r2, [r6, #24]
8780178e:	4648      	mov	r0, r9
87801790:	f7ff fee6 	bl	87801560 <lcd_drawpoint>
87801794:	4650      	mov	r0, sl
87801796:	69b2      	ldr	r2, [r6, #24]
87801798:	4629      	mov	r1, r5
8780179a:	f7ff fee1 	bl	87801560 <lcd_drawpoint>
8780179e:	4648      	mov	r0, r9
878017a0:	69b2      	ldr	r2, [r6, #24]
878017a2:	4621      	mov	r1, r4
878017a4:	f7ff fedc 	bl	87801560 <lcd_drawpoint>
878017a8:	4629      	mov	r1, r5
878017aa:	9802      	ldr	r0, [sp, #8]
878017ac:	69b2      	ldr	r2, [r6, #24]
878017ae:	f7ff fed7 	bl	87801560 <lcd_drawpoint>
878017b2:	4621      	mov	r1, r4
878017b4:	69b2      	ldr	r2, [r6, #24]
878017b6:	4640      	mov	r0, r8
878017b8:	f7ff fed2 	bl	87801560 <lcd_drawpoint>
878017bc:	9901      	ldr	r1, [sp, #4]
878017be:	9b03      	ldr	r3, [sp, #12]
878017c0:	2900      	cmp	r1, #0
878017c2:	eba7 0203 	sub.w	r2, r7, r3
878017c6:	bfa8      	it	ge
878017c8:	f103 33ff 	addge.w	r3, r3, #4294967295	; 0xffffffff
878017cc:	eb01 0242 	add.w	r2, r1, r2, lsl #1
878017d0:	bfba      	itte	lt
878017d2:	460a      	movlt	r2, r1
878017d4:	eb02 0247 	addlt.w	r2, r2, r7, lsl #1
878017d8:	3205      	addge	r2, #5
878017da:	f107 0701 	add.w	r7, r7, #1
878017de:	bfae      	itee	ge
878017e0:	9201      	strge	r2, [sp, #4]
878017e2:	3203      	addlt	r2, #3
878017e4:	9201      	strlt	r2, [sp, #4]
878017e6:	42bb      	cmp	r3, r7
878017e8:	dc9e      	bgt.n	87801728 <lcd_draw_Circle+0x20>
878017ea:	b005      	add	sp, #20
878017ec:	e8bd 8ff0 	ldmia.w	sp!, {r4, r5, r6, r7, r8, r9, sl, fp, pc}

878017f0 <lcd_showchar>:
878017f0:	e92d 4ff0 	stmdb	sp!, {r4, r5, r6, r7, r8, r9, sl, fp, lr}
878017f4:	461e      	mov	r6, r3
878017f6:	f013 0307 	ands.w	r3, r3, #7
878017fa:	ea4f 0556 	mov.w	r5, r6, lsr #1
878017fe:	bf18      	it	ne
87801800:	2301      	movne	r3, #1
87801802:	eb03 04d6 	add.w	r4, r3, r6, lsr #3
87801806:	b087      	sub	sp, #28
87801808:	f89d 3040 	ldrb.w	r3, [sp, #64]	; 0x40
8780180c:	4689      	mov	r9, r1
8780180e:	fb14 f105 	smulbb	r1, r4, r5
87801812:	9300      	str	r3, [sp, #0]
87801814:	f011 03ff 	ands.w	r3, r1, #255	; 0xff
87801818:	9301      	str	r3, [sp, #4]
8780181a:	d04c      	beq.n	878018b6 <lcd_showchar+0xc6>
8780181c:	3a20      	subs	r2, #32
8780181e:	f643 01c0 	movw	r1, #14528	; 0x38c0
87801822:	b2d2      	uxtb	r2, r2
87801824:	f2c8 7180 	movt	r1, #34688	; 0x8780
87801828:	4c38      	ldr	r4, [pc, #224]	; (8780190c <lcd_showchar+0x11c>)
8780182a:	f601 575c 	addw	r7, r1, #3420	; 0xd5c
8780182e:	b212      	sxth	r2, r2
87801830:	4683      	mov	fp, r0
87801832:	f245 0080 	movw	r0, #20608	; 0x5080
87801836:	eb02 0cc2 	add.w	ip, r2, r2, lsl #3
8780183a:	eb02 0542 	add.w	r5, r2, r2, lsl #1
8780183e:	eb01 038c 	add.w	r3, r1, ip, lsl #2
87801842:	f2c8 7080 	movt	r0, #34688	; 0x8780
87801846:	f04f 0a00 	mov.w	sl, #0
8780184a:	9305      	str	r3, [sp, #20]
8780184c:	eb07 1302 	add.w	r3, r7, r2, lsl #4
87801850:	f648 6758 	movw	r7, #36440	; 0x8e58
87801854:	9304      	str	r3, [sp, #16]
87801856:	eb04 0385 	add.w	r3, r4, r5, lsl #2
8780185a:	f2c8 7780 	movt	r7, #34688	; 0x8780
8780185e:	9302      	str	r3, [sp, #8]
87801860:	464c      	mov	r4, r9
87801862:	eb00 13c2 	add.w	r3, r0, r2, lsl #7
87801866:	9303      	str	r3, [sp, #12]
87801868:	2e0c      	cmp	r6, #12
8780186a:	d033      	beq.n	878018d4 <lcd_showchar+0xe4>
8780186c:	2e10      	cmp	r6, #16
8780186e:	d035      	beq.n	878018dc <lcd_showchar+0xec>
87801870:	2e18      	cmp	r6, #24
87801872:	d047      	beq.n	87801904 <lcd_showchar+0x114>
87801874:	2e20      	cmp	r6, #32
87801876:	d11e      	bne.n	878018b6 <lcd_showchar+0xc6>
87801878:	9b03      	ldr	r3, [sp, #12]
8780187a:	f813 500a 	ldrb.w	r5, [r3, sl]
8780187e:	f104 0808 	add.w	r8, r4, #8
87801882:	fa1f f888 	uxth.w	r8, r8
87801886:	062b      	lsls	r3, r5, #24
87801888:	d41e      	bmi.n	878018c8 <lcd_showchar+0xd8>
8780188a:	9b00      	ldr	r3, [sp, #0]
8780188c:	b1b3      	cbz	r3, 878018bc <lcd_showchar+0xcc>
8780188e:	3401      	adds	r4, #1
87801890:	883a      	ldrh	r2, [r7, #0]
87801892:	b2a4      	uxth	r4, r4
87801894:	006d      	lsls	r5, r5, #1
87801896:	42a2      	cmp	r2, r4
87801898:	eba4 0109 	sub.w	r1, r4, r9
8780189c:	b2ed      	uxtb	r5, r5
8780189e:	d90a      	bls.n	878018b6 <lcd_showchar+0xc6>
878018a0:	42b1      	cmp	r1, r6
878018a2:	d01f      	beq.n	878018e4 <lcd_showchar+0xf4>
878018a4:	45a0      	cmp	r8, r4
878018a6:	d1ee      	bne.n	87801886 <lcd_showchar+0x96>
878018a8:	f10a 0a01 	add.w	sl, sl, #1
878018ac:	9b01      	ldr	r3, [sp, #4]
878018ae:	fa5f f28a 	uxtb.w	r2, sl
878018b2:	429a      	cmp	r2, r3
878018b4:	d3d8      	bcc.n	87801868 <lcd_showchar+0x78>
878018b6:	b007      	add	sp, #28
878018b8:	e8bd 8ff0 	ldmia.w	sp!, {r4, r5, r6, r7, r8, r9, sl, fp, pc}
878018bc:	69fa      	ldr	r2, [r7, #28]
878018be:	4621      	mov	r1, r4
878018c0:	4658      	mov	r0, fp
878018c2:	f7ff fe4d 	bl	87801560 <lcd_drawpoint>
878018c6:	e7e2      	b.n	8780188e <lcd_showchar+0x9e>
878018c8:	69ba      	ldr	r2, [r7, #24]
878018ca:	4621      	mov	r1, r4
878018cc:	4658      	mov	r0, fp
878018ce:	f7ff fe47 	bl	87801560 <lcd_drawpoint>
878018d2:	e7dc      	b.n	8780188e <lcd_showchar+0x9e>
878018d4:	9b02      	ldr	r3, [sp, #8]
878018d6:	f813 500a 	ldrb.w	r5, [r3, sl]
878018da:	e7d0      	b.n	8780187e <lcd_showchar+0x8e>
878018dc:	9b04      	ldr	r3, [sp, #16]
878018de:	f813 500a 	ldrb.w	r5, [r3, sl]
878018e2:	e7cc      	b.n	8780187e <lcd_showchar+0x8e>
878018e4:	f10b 0b01 	add.w	fp, fp, #1
878018e8:	887a      	ldrh	r2, [r7, #2]
878018ea:	fa1f fb8b 	uxth.w	fp, fp
878018ee:	455a      	cmp	r2, fp
878018f0:	d9e1      	bls.n	878018b6 <lcd_showchar+0xc6>
878018f2:	f10a 0a01 	add.w	sl, sl, #1
878018f6:	9b01      	ldr	r3, [sp, #4]
878018f8:	fa5f f28a 	uxtb.w	r2, sl
878018fc:	464c      	mov	r4, r9
878018fe:	429a      	cmp	r2, r3
87801900:	d3b2      	bcc.n	87801868 <lcd_showchar+0x78>
87801902:	e7d8      	b.n	878018b6 <lcd_showchar+0xc6>
87801904:	9b05      	ldr	r3, [sp, #20]
87801906:	f813 500a 	ldrb.w	r5, [r3, sl]
8780190a:	e7b8      	b.n	8780187e <lcd_showchar+0x8e>
8780190c:	87804c0c 	strhi	r4, [r0, ip, lsl #24]

87801910 <lcd_pow>:
87801910:	1e4b      	subs	r3, r1, #1
87801912:	2201      	movs	r2, #1
87801914:	b2db      	uxtb	r3, r3
87801916:	b129      	cbz	r1, 87801924 <lcd_pow+0x14>
87801918:	3b01      	subs	r3, #1
8780191a:	fb00 f202 	mul.w	r2, r0, r2
8780191e:	b2db      	uxtb	r3, r3
87801920:	2bff      	cmp	r3, #255	; 0xff
87801922:	d1f9      	bne.n	87801918 <lcd_pow+0x8>
87801924:	4610      	mov	r0, r2
87801926:	4770      	bx	lr

87801928 <lcd_shownum>:
87801928:	e92d 4ff0 	stmdb	sp!, {r4, r5, r6, r7, r8, r9, sl, fp, lr}
8780192c:	b087      	sub	sp, #28
8780192e:	f89d 7040 	ldrb.w	r7, [sp, #64]	; 0x40
87801932:	2b00      	cmp	r3, #0
87801934:	d045      	beq.n	878019c2 <lcd_shownum+0x9a>
87801936:	4693      	mov	fp, r2
87801938:	1e5a      	subs	r2, r3, #1
8780193a:	fa5f f982 	uxtb.w	r9, r2
8780193e:	2500      	movs	r5, #0
87801940:	f64c 48cd 	movw	r8, #52429	; 0xcccd
87801944:	9205      	str	r2, [sp, #20]
87801946:	3b02      	subs	r3, #2
87801948:	087a      	lsrs	r2, r7, #1
8780194a:	4604      	mov	r4, r0
8780194c:	9304      	str	r3, [sp, #16]
8780194e:	468a      	mov	sl, r1
87801950:	462e      	mov	r6, r5
87801952:	f6cc 48cc 	movt	r8, #52428	; 0xcccc
87801956:	f109 0301 	add.w	r3, r9, #1
8780195a:	9202      	str	r2, [sp, #8]
8780195c:	9303      	str	r3, [sp, #12]
8780195e:	b2ea      	uxtb	r2, r5
87801960:	9b04      	ldr	r3, [sp, #16]
87801962:	454a      	cmp	r2, r9
87801964:	eba3 0302 	sub.w	r3, r3, r2
87801968:	bf08      	it	eq
8780196a:	4658      	moveq	r0, fp
8780196c:	b2db      	uxtb	r3, r3
8780196e:	d00a      	beq.n	87801986 <lcd_shownum+0x5e>
87801970:	2101      	movs	r1, #1
87801972:	3b01      	subs	r3, #1
87801974:	eb01 0181 	add.w	r1, r1, r1, lsl #2
87801978:	b2db      	uxtb	r3, r3
8780197a:	0049      	lsls	r1, r1, #1
8780197c:	2bff      	cmp	r3, #255	; 0xff
8780197e:	d1f8      	bne.n	87801972 <lcd_shownum+0x4a>
87801980:	4658      	mov	r0, fp
87801982:	f001 fc9d 	bl	878032c0 <__udivsi3>
87801986:	fba0 2308 	umull	r2, r3, r0, r8
8780198a:	08db      	lsrs	r3, r3, #3
8780198c:	eb03 0383 	add.w	r3, r3, r3, lsl #2
87801990:	eba0 0343 	sub.w	r3, r0, r3, lsl #1
87801994:	b2da      	uxtb	r2, r3
87801996:	b926      	cbnz	r6, 878019a2 <lcd_shownum+0x7a>
87801998:	9905      	ldr	r1, [sp, #20]
8780199a:	42a9      	cmp	r1, r5
8780199c:	dd01      	ble.n	878019a2 <lcd_shownum+0x7a>
8780199e:	b19b      	cbz	r3, 878019c8 <lcd_shownum+0xa0>
878019a0:	2601      	movs	r6, #1
878019a2:	2300      	movs	r3, #0
878019a4:	3230      	adds	r2, #48	; 0x30
878019a6:	9300      	str	r3, [sp, #0]
878019a8:	b2d2      	uxtb	r2, r2
878019aa:	463b      	mov	r3, r7
878019ac:	4651      	mov	r1, sl
878019ae:	4620      	mov	r0, r4
878019b0:	f7ff ff1e 	bl	878017f0 <lcd_showchar>
878019b4:	9b02      	ldr	r3, [sp, #8]
878019b6:	3501      	adds	r5, #1
878019b8:	441c      	add	r4, r3
878019ba:	9b03      	ldr	r3, [sp, #12]
878019bc:	b2a4      	uxth	r4, r4
878019be:	42ab      	cmp	r3, r5
878019c0:	d1cd      	bne.n	8780195e <lcd_shownum+0x36>
878019c2:	b007      	add	sp, #28
878019c4:	e8bd 8ff0 	ldmia.w	sp!, {r4, r5, r6, r7, r8, r9, sl, fp, pc}
878019c8:	9600      	str	r6, [sp, #0]
878019ca:	463b      	mov	r3, r7
878019cc:	2220      	movs	r2, #32
878019ce:	4651      	mov	r1, sl
878019d0:	4620      	mov	r0, r4
878019d2:	f7ff ff0d 	bl	878017f0 <lcd_showchar>
878019d6:	e7ed      	b.n	878019b4 <lcd_shownum+0x8c>

878019d8 <lcd_showxnum>:
878019d8:	e92d 4ff0 	stmdb	sp!, {r4, r5, r6, r7, r8, r9, sl, fp, lr}
878019dc:	b089      	sub	sp, #36	; 0x24
878019de:	4693      	mov	fp, r2
878019e0:	f89d 7048 	ldrb.w	r7, [sp, #72]	; 0x48
878019e4:	f89d 204c 	ldrb.w	r2, [sp, #76]	; 0x4c
878019e8:	2b00      	cmp	r3, #0
878019ea:	d049      	beq.n	87801a80 <lcd_showxnum+0xa8>
878019ec:	468a      	mov	sl, r1
878019ee:	1e59      	subs	r1, r3, #1
878019f0:	fa5f f981 	uxtb.w	r9, r1
878019f4:	9106      	str	r1, [sp, #24]
878019f6:	0879      	lsrs	r1, r7, #1
878019f8:	3b02      	subs	r3, #2
878019fa:	2500      	movs	r5, #0
878019fc:	9304      	str	r3, [sp, #16]
878019fe:	f64c 48cd 	movw	r8, #52429	; 0xcccd
87801a02:	f109 0301 	add.w	r3, r9, #1
87801a06:	9102      	str	r1, [sp, #8]
87801a08:	4604      	mov	r4, r0
87801a0a:	b251      	sxtb	r1, r2
87801a0c:	462e      	mov	r6, r5
87801a0e:	f6cc 48cc 	movt	r8, #52428	; 0xcccc
87801a12:	9303      	str	r3, [sp, #12]
87801a14:	f002 0301 	and.w	r3, r2, #1
87801a18:	9107      	str	r1, [sp, #28]
87801a1a:	9305      	str	r3, [sp, #20]
87801a1c:	b2ea      	uxtb	r2, r5
87801a1e:	9b04      	ldr	r3, [sp, #16]
87801a20:	454a      	cmp	r2, r9
87801a22:	eba3 0302 	sub.w	r3, r3, r2
87801a26:	bf08      	it	eq
87801a28:	4658      	moveq	r0, fp
87801a2a:	b2db      	uxtb	r3, r3
87801a2c:	d00a      	beq.n	87801a44 <lcd_showxnum+0x6c>
87801a2e:	2101      	movs	r1, #1
87801a30:	3b01      	subs	r3, #1
87801a32:	eb01 0181 	add.w	r1, r1, r1, lsl #2
87801a36:	b2db      	uxtb	r3, r3
87801a38:	0049      	lsls	r1, r1, #1
87801a3a:	2bff      	cmp	r3, #255	; 0xff
87801a3c:	d1f8      	bne.n	87801a30 <lcd_showxnum+0x58>
87801a3e:	4658      	mov	r0, fp
87801a40:	f001 fc3e 	bl	878032c0 <__udivsi3>
87801a44:	fba0 2308 	umull	r2, r3, r0, r8
87801a48:	08db      	lsrs	r3, r3, #3
87801a4a:	eb03 0383 	add.w	r3, r3, r3, lsl #2
87801a4e:	eba0 0343 	sub.w	r3, r0, r3, lsl #1
87801a52:	b2da      	uxtb	r2, r3
87801a54:	b926      	cbnz	r6, 87801a60 <lcd_showxnum+0x88>
87801a56:	9906      	ldr	r1, [sp, #24]
87801a58:	42a9      	cmp	r1, r5
87801a5a:	dd01      	ble.n	87801a60 <lcd_showxnum+0x88>
87801a5c:	b19b      	cbz	r3, 87801a86 <lcd_showxnum+0xae>
87801a5e:	2601      	movs	r6, #1
87801a60:	9b05      	ldr	r3, [sp, #20]
87801a62:	3230      	adds	r2, #48	; 0x30
87801a64:	b2d2      	uxtb	r2, r2
87801a66:	4651      	mov	r1, sl
87801a68:	4620      	mov	r0, r4
87801a6a:	9300      	str	r3, [sp, #0]
87801a6c:	463b      	mov	r3, r7
87801a6e:	f7ff febf 	bl	878017f0 <lcd_showchar>
87801a72:	9b02      	ldr	r3, [sp, #8]
87801a74:	3501      	adds	r5, #1
87801a76:	441c      	add	r4, r3
87801a78:	9b03      	ldr	r3, [sp, #12]
87801a7a:	b2a4      	uxth	r4, r4
87801a7c:	42ab      	cmp	r3, r5
87801a7e:	d1cd      	bne.n	87801a1c <lcd_showxnum+0x44>
87801a80:	b009      	add	sp, #36	; 0x24
87801a82:	e8bd 8ff0 	ldmia.w	sp!, {r4, r5, r6, r7, r8, r9, sl, fp, pc}
87801a86:	9b07      	ldr	r3, [sp, #28]
87801a88:	4651      	mov	r1, sl
87801a8a:	4620      	mov	r0, r4
87801a8c:	2b00      	cmp	r3, #0
87801a8e:	9b05      	ldr	r3, [sp, #20]
87801a90:	bfb4      	ite	lt
87801a92:	2230      	movlt	r2, #48	; 0x30
87801a94:	2220      	movge	r2, #32
87801a96:	9300      	str	r3, [sp, #0]
87801a98:	463b      	mov	r3, r7
87801a9a:	f7ff fea9 	bl	878017f0 <lcd_showchar>
87801a9e:	e7e8      	b.n	87801a72 <lcd_showxnum+0x9a>

87801aa0 <lcd_show_string>:
87801aa0:	e92d 4ff0 	stmdb	sp!, {r4, r5, r6, r7, r8, r9, sl, fp, lr}
87801aa4:	b085      	sub	sp, #20
87801aa6:	9f0f      	ldr	r7, [sp, #60]	; 0x3c
87801aa8:	4402      	add	r2, r0
87801aaa:	fa1f f882 	uxth.w	r8, r2
87801aae:	440b      	add	r3, r1
87801ab0:	fa1f f983 	uxth.w	r9, r3
87801ab4:	f89d 6038 	ldrb.w	r6, [sp, #56]	; 0x38
87801ab8:	783a      	ldrb	r2, [r7, #0]
87801aba:	f1a2 0320 	sub.w	r3, r2, #32
87801abe:	2b5e      	cmp	r3, #94	; 0x5e
87801ac0:	d81f      	bhi.n	87801b02 <lcd_show_string+0x62>
87801ac2:	b2c3      	uxtb	r3, r0
87801ac4:	460d      	mov	r5, r1
87801ac6:	4604      	mov	r4, r0
87801ac8:	ea4f 0b56 	mov.w	fp, r6, lsr #1
87801acc:	9303      	str	r3, [sp, #12]
87801ace:	f04f 0a00 	mov.w	sl, #0
87801ad2:	e00b      	b.n	87801aec <lcd_show_string+0x4c>
87801ad4:	f8cd a000 	str.w	sl, [sp]
87801ad8:	445c      	add	r4, fp
87801ada:	f7ff fe89 	bl	878017f0 <lcd_showchar>
87801ade:	f817 2f01 	ldrb.w	r2, [r7, #1]!
87801ae2:	b2a4      	uxth	r4, r4
87801ae4:	f1a2 0320 	sub.w	r3, r2, #32
87801ae8:	2b5e      	cmp	r3, #94	; 0x5e
87801aea:	d80a      	bhi.n	87801b02 <lcd_show_string+0x62>
87801aec:	45a0      	cmp	r8, r4
87801aee:	eb05 0106 	add.w	r1, r5, r6
87801af2:	bf9c      	itt	ls
87801af4:	b28d      	uxthls	r5, r1
87801af6:	9c03      	ldrls	r4, [sp, #12]
87801af8:	4633      	mov	r3, r6
87801afa:	454d      	cmp	r5, r9
87801afc:	4629      	mov	r1, r5
87801afe:	4620      	mov	r0, r4
87801b00:	d3e8      	bcc.n	87801ad4 <lcd_show_string+0x34>
87801b02:	b005      	add	sp, #20
87801b04:	e8bd 8ff0 	ldmia.w	sp!, {r4, r5, r6, r7, r8, r9, sl, fp, pc}

87801b08 <__muldi3>:
87801b08:	b4f0      	push	{r4, r5, r6, r7}
87801b0a:	4604      	mov	r4, r0
87801b0c:	ea4f 4610 	mov.w	r6, r0, lsr #16
87801b10:	ea4f 4512 	mov.w	r5, r2, lsr #16
87801b14:	ea20 4706 	bic.w	r7, r0, r6, lsl #16
87801b18:	ea22 4c05 	bic.w	ip, r2, r5, lsl #16
87801b1c:	fb07 f00c 	mul.w	r0, r7, ip
87801b20:	fb06 fc0c 	mul.w	ip, r6, ip
87801b24:	fb05 f707 	mul.w	r7, r5, r7
87801b28:	fb06 f505 	mul.w	r5, r6, r5
87801b2c:	eb1c 0707 	adds.w	r7, ip, r7
87801b30:	bf28      	it	cs
87801b32:	f505 3580 	addcs.w	r5, r5, #65536	; 0x10000
87801b36:	eb10 4007 	adds.w	r0, r0, r7, lsl #16
87801b3a:	eb45 4517 	adc.w	r5, r5, r7, lsr #16
87801b3e:	fb03 5304 	mla	r3, r3, r4, r5
87801b42:	bcf0      	pop	{r4, r5, r6, r7}
87801b44:	fb02 3101 	mla	r1, r2, r1, r3
87801b48:	4770      	bx	lr
87801b4a:	bf00      	nop

87801b4c <printf>:
87801b4c:	b40f      	push	{r0, r1, r2, r3}
87801b4e:	f248 6058 	movw	r0, #34392	; 0x8658
87801b52:	b5f8      	push	{r3, r4, r5, r6, r7, lr}
87801b54:	f2c8 7080 	movt	r0, #34688	; 0x8780
87801b58:	4605      	mov	r5, r0
87801b5a:	aa07      	add	r2, sp, #28
87801b5c:	462e      	mov	r6, r5
87801b5e:	2400      	movs	r4, #0
87801b60:	9906      	ldr	r1, [sp, #24]
87801b62:	f001 f91b 	bl	87802d9c <vsprintf>
87801b66:	4607      	mov	r7, r0
87801b68:	e003      	b.n	87801b72 <printf+0x26>
87801b6a:	f815 0b01 	ldrb.w	r0, [r5], #1
87801b6e:	f7ff f949 	bl	87800e04 <putc>
87801b72:	4630      	mov	r0, r6
87801b74:	f000 f950 	bl	87801e18 <strlen>
87801b78:	42a0      	cmp	r0, r4
87801b7a:	f104 0401 	add.w	r4, r4, #1
87801b7e:	d8f4      	bhi.n	87801b6a <printf+0x1e>
87801b80:	4638      	mov	r0, r7
87801b82:	e8bd 40f8 	ldmia.w	sp!, {r3, r4, r5, r6, r7, lr}
87801b86:	b004      	add	sp, #16
87801b88:	4770      	bx	lr
87801b8a:	bf00      	nop

87801b8c <scanf>:
87801b8c:	b40f      	push	{r0, r1, r2, r3}
87801b8e:	b570      	push	{r4, r5, r6, lr}
87801b90:	2500      	movs	r5, #0
87801b92:	4e10      	ldr	r6, [pc, #64]	; (87801bd4 <scanf+0x48>)
87801b94:	e002      	b.n	87801b9c <scanf+0x10>
87801b96:	3501      	adds	r5, #1
87801b98:	f806 4b01 	strb.w	r4, [r6], #1
87801b9c:	f7ff f94c 	bl	87800e38 <getc>
87801ba0:	4604      	mov	r4, r0
87801ba2:	f7ff f92f 	bl	87800e04 <putc>
87801ba6:	2c0a      	cmp	r4, #10
87801ba8:	bf18      	it	ne
87801baa:	2c0d      	cmpne	r4, #13
87801bac:	d1f3      	bne.n	87801b96 <scanf+0xa>
87801bae:	f248 6058 	movw	r0, #34392	; 0x8658
87801bb2:	2300      	movs	r3, #0
87801bb4:	f2c8 7080 	movt	r0, #34688	; 0x8780
87801bb8:	aa05      	add	r2, sp, #20
87801bba:	4405      	add	r5, r0
87801bbc:	9904      	ldr	r1, [sp, #16]
87801bbe:	f500 6080 	add.w	r0, r0, #1024	; 0x400
87801bc2:	f885 3400 	strb.w	r3, [r5, #1024]	; 0x400
87801bc6:	f001 f8fb 	bl	87802dc0 <vsscanf>
87801bca:	e8bd 4070 	ldmia.w	sp!, {r4, r5, r6, lr}
87801bce:	b004      	add	sp, #16
87801bd0:	4770      	bx	lr
87801bd2:	bf00      	nop
87801bd4:	87808a58 			; <UNDEFINED> instruction: 0x87808a58

87801bd8 <__div64_32>:
87801bd8:	e92d 43f8 	stmdb	sp!, {r3, r4, r5, r6, r7, r8, r9, lr}
87801bdc:	4680      	mov	r8, r0
87801bde:	e9d0 6700 	ldrd	r6, r7, [r0]
87801be2:	4689      	mov	r9, r1
87801be4:	460c      	mov	r4, r1
87801be6:	2500      	movs	r5, #0
87801be8:	42b9      	cmp	r1, r7
87801bea:	bf84      	itt	hi
87801bec:	f04f 0c00 	movhi.w	ip, #0
87801bf0:	46e6      	movhi	lr, ip
87801bf2:	d80c      	bhi.n	87801c0e <__div64_32+0x36>
87801bf4:	4638      	mov	r0, r7
87801bf6:	f001 fb63 	bl	878032c0 <__udivsi3>
87801bfa:	fb00 f209 	mul.w	r2, r0, r9
87801bfe:	f04f 0c00 	mov.w	ip, #0
87801c02:	ebb6 060c 	subs.w	r6, r6, ip
87801c06:	4663      	mov	r3, ip
87801c08:	4686      	mov	lr, r0
87801c0a:	eb67 0702 	sbc.w	r7, r7, r2
87801c0e:	42bd      	cmp	r5, r7
87801c10:	f04f 0201 	mov.w	r2, #1
87801c14:	bf08      	it	eq
87801c16:	42b4      	cmpeq	r4, r6
87801c18:	bf34      	ite	cc
87801c1a:	2301      	movcc	r3, #1
87801c1c:	2300      	movcs	r3, #0
87801c1e:	f1b9 0f00 	cmp.w	r9, #0
87801c22:	bf08      	it	eq
87801c24:	2300      	moveq	r3, #0
87801c26:	b373      	cbz	r3, 87801c86 <__div64_32+0xae>
87801c28:	2300      	movs	r3, #0
87801c2a:	1924      	adds	r4, r4, r4
87801c2c:	416d      	adcs	r5, r5
87801c2e:	1892      	adds	r2, r2, r2
87801c30:	415b      	adcs	r3, r3
87801c32:	2c01      	cmp	r4, #1
87801c34:	f175 0100 	sbcs.w	r1, r5, #0
87801c38:	bfac      	ite	ge
87801c3a:	2101      	movge	r1, #1
87801c3c:	2100      	movlt	r1, #0
87801c3e:	42bd      	cmp	r5, r7
87801c40:	f001 0101 	and.w	r1, r1, #1
87801c44:	bf08      	it	eq
87801c46:	42b4      	cmpeq	r4, r6
87801c48:	bf28      	it	cs
87801c4a:	2100      	movcs	r1, #0
87801c4c:	2900      	cmp	r1, #0
87801c4e:	d1ec      	bne.n	87801c2a <__div64_32+0x52>
87801c50:	42af      	cmp	r7, r5
87801c52:	bf08      	it	eq
87801c54:	42a6      	cmpeq	r6, r4
87801c56:	d306      	bcc.n	87801c66 <__div64_32+0x8e>
87801c58:	1b36      	subs	r6, r6, r4
87801c5a:	eb67 0705 	sbc.w	r7, r7, r5
87801c5e:	eb1c 0c02 	adds.w	ip, ip, r2
87801c62:	eb4e 0e03 	adc.w	lr, lr, r3
87801c66:	085b      	lsrs	r3, r3, #1
87801c68:	ea4f 0232 	mov.w	r2, r2, rrx
87801c6c:	086d      	lsrs	r5, r5, #1
87801c6e:	ea4f 0434 	mov.w	r4, r4, rrx
87801c72:	ea52 0103 	orrs.w	r1, r2, r3
87801c76:	d1eb      	bne.n	87801c50 <__div64_32+0x78>
87801c78:	f8c8 c000 	str.w	ip, [r8]
87801c7c:	4630      	mov	r0, r6
87801c7e:	f8c8 e004 	str.w	lr, [r8, #4]
87801c82:	e8bd 83f8 	ldmia.w	sp!, {r3, r4, r5, r6, r7, r8, r9, pc}
87801c86:	2300      	movs	r3, #0
87801c88:	e7e2      	b.n	87801c50 <__div64_32+0x78>
87801c8a:	bf00      	nop

87801c8c <strnicmp>:
87801c8c:	b332      	cbz	r2, 87801cdc <strnicmp+0x50>
87801c8e:	b5f0      	push	{r4, r5, r6, r7, lr}
87801c90:	f248 054c 	movw	r5, #32844	; 0x804c
87801c94:	1e44      	subs	r4, r0, #1
87801c96:	eb01 0e02 	add.w	lr, r1, r2
87801c9a:	f2c8 7580 	movt	r5, #34688	; 0x8780
87801c9e:	e006      	b.n	87801cae <strnicmp+0x22>
87801ca0:	fa5f f08c 	uxtb.w	r0, ip
87801ca4:	b9b3      	cbnz	r3, 87801cd4 <strnicmp+0x48>
87801ca6:	4282      	cmp	r2, r0
87801ca8:	d11c      	bne.n	87801ce4 <strnicmp+0x58>
87801caa:	4571      	cmp	r1, lr
87801cac:	d014      	beq.n	87801cd8 <strnicmp+0x4c>
87801cae:	f814 0f01 	ldrb.w	r0, [r4, #1]!
87801cb2:	f811 2b01 	ldrb.w	r2, [r1], #1
87801cb6:	b198      	cbz	r0, 87801ce0 <strnicmp+0x54>
87801cb8:	b17a      	cbz	r2, 87801cda <strnicmp+0x4e>
87801cba:	4290      	cmp	r0, r2
87801cbc:	d0f5      	beq.n	87801caa <strnicmp+0x1e>
87801cbe:	5c2e      	ldrb	r6, [r5, r0]
87801cc0:	f102 0720 	add.w	r7, r2, #32
87801cc4:	5cab      	ldrb	r3, [r5, r2]
87801cc6:	f100 0c20 	add.w	ip, r0, #32
87801cca:	07f6      	lsls	r6, r6, #31
87801ccc:	f003 0301 	and.w	r3, r3, #1
87801cd0:	d4e6      	bmi.n	87801ca0 <strnicmp+0x14>
87801cd2:	b13b      	cbz	r3, 87801ce4 <strnicmp+0x58>
87801cd4:	b2fa      	uxtb	r2, r7
87801cd6:	e7e6      	b.n	87801ca6 <strnicmp+0x1a>
87801cd8:	2000      	movs	r0, #0
87801cda:	bdf0      	pop	{r4, r5, r6, r7, pc}
87801cdc:	4610      	mov	r0, r2
87801cde:	4770      	bx	lr
87801ce0:	4250      	negs	r0, r2
87801ce2:	bdf0      	pop	{r4, r5, r6, r7, pc}
87801ce4:	1a80      	subs	r0, r0, r2
87801ce6:	bdf0      	pop	{r4, r5, r6, r7, pc}

87801ce8 <strcpy>:
87801ce8:	1e42      	subs	r2, r0, #1
87801cea:	f811 3b01 	ldrb.w	r3, [r1], #1
87801cee:	f802 3f01 	strb.w	r3, [r2, #1]!
87801cf2:	2b00      	cmp	r3, #0
87801cf4:	d1f9      	bne.n	87801cea <strcpy+0x2>
87801cf6:	4770      	bx	lr

87801cf8 <strncpy>:
87801cf8:	b410      	push	{r4}
87801cfa:	440a      	add	r2, r1
87801cfc:	1e44      	subs	r4, r0, #1
87801cfe:	e004      	b.n	87801d0a <strncpy+0x12>
87801d00:	f811 3b01 	ldrb.w	r3, [r1], #1
87801d04:	f804 3f01 	strb.w	r3, [r4, #1]!
87801d08:	b10b      	cbz	r3, 87801d0e <strncpy+0x16>
87801d0a:	4291      	cmp	r1, r2
87801d0c:	d1f8      	bne.n	87801d00 <strncpy+0x8>
87801d0e:	f85d 4b04 	ldr.w	r4, [sp], #4
87801d12:	4770      	bx	lr

87801d14 <strcat>:
87801d14:	7803      	ldrb	r3, [r0, #0]
87801d16:	b163      	cbz	r3, 87801d32 <strcat+0x1e>
87801d18:	4603      	mov	r3, r0
87801d1a:	f813 2f01 	ldrb.w	r2, [r3, #1]!
87801d1e:	2a00      	cmp	r2, #0
87801d20:	d1fb      	bne.n	87801d1a <strcat+0x6>
87801d22:	3b01      	subs	r3, #1
87801d24:	f811 2b01 	ldrb.w	r2, [r1], #1
87801d28:	f803 2f01 	strb.w	r2, [r3, #1]!
87801d2c:	2a00      	cmp	r2, #0
87801d2e:	d1f9      	bne.n	87801d24 <strcat+0x10>
87801d30:	4770      	bx	lr
87801d32:	4603      	mov	r3, r0
87801d34:	e7f5      	b.n	87801d22 <strcat+0xe>
87801d36:	bf00      	nop

87801d38 <strncat>:
87801d38:	b1a2      	cbz	r2, 87801d64 <strncat+0x2c>
87801d3a:	7803      	ldrb	r3, [r0, #0]
87801d3c:	b430      	push	{r4, r5}
87801d3e:	b1b3      	cbz	r3, 87801d6e <strncat+0x36>
87801d40:	4603      	mov	r3, r0
87801d42:	f813 4f01 	ldrb.w	r4, [r3, #1]!
87801d46:	2c00      	cmp	r4, #0
87801d48:	d1fb      	bne.n	87801d42 <strncat+0xa>
87801d4a:	441a      	add	r2, r3
87801d4c:	e001      	b.n	87801d52 <strncat+0x1a>
87801d4e:	4293      	cmp	r3, r2
87801d50:	d009      	beq.n	87801d66 <strncat+0x2e>
87801d52:	f811 4b01 	ldrb.w	r4, [r1], #1
87801d56:	461d      	mov	r5, r3
87801d58:	f803 4b01 	strb.w	r4, [r3], #1
87801d5c:	2c00      	cmp	r4, #0
87801d5e:	d1f6      	bne.n	87801d4e <strncat+0x16>
87801d60:	bc30      	pop	{r4, r5}
87801d62:	4770      	bx	lr
87801d64:	4770      	bx	lr
87801d66:	2300      	movs	r3, #0
87801d68:	706b      	strb	r3, [r5, #1]
87801d6a:	bc30      	pop	{r4, r5}
87801d6c:	4770      	bx	lr
87801d6e:	4603      	mov	r3, r0
87801d70:	e7eb      	b.n	87801d4a <strncat+0x12>
87801d72:	bf00      	nop

87801d74 <strcmp>:
87801d74:	1e42      	subs	r2, r0, #1
87801d76:	e000      	b.n	87801d7a <strcmp+0x6>
87801d78:	b148      	cbz	r0, 87801d8e <strcmp+0x1a>
87801d7a:	f812 0f01 	ldrb.w	r0, [r2, #1]!
87801d7e:	f811 3b01 	ldrb.w	r3, [r1], #1
87801d82:	1ac3      	subs	r3, r0, r3
87801d84:	b25b      	sxtb	r3, r3
87801d86:	2b00      	cmp	r3, #0
87801d88:	d0f6      	beq.n	87801d78 <strcmp+0x4>
87801d8a:	4618      	mov	r0, r3
87801d8c:	4770      	bx	lr
87801d8e:	4770      	bx	lr

87801d90 <strncmp>:
87801d90:	b1e2      	cbz	r2, 87801dcc <strncmp+0x3c>
87801d92:	b430      	push	{r4, r5}
87801d94:	1c4c      	adds	r4, r1, #1
87801d96:	7805      	ldrb	r5, [r0, #0]
87801d98:	780b      	ldrb	r3, [r1, #0]
87801d9a:	1aeb      	subs	r3, r5, r3
87801d9c:	b25b      	sxtb	r3, r3
87801d9e:	b97b      	cbnz	r3, 87801dc0 <strncmp+0x30>
87801da0:	b15d      	cbz	r5, 87801dba <strncmp+0x2a>
87801da2:	4411      	add	r1, r2
87801da4:	e007      	b.n	87801db6 <strncmp+0x26>
87801da6:	f810 2f01 	ldrb.w	r2, [r0, #1]!
87801daa:	f814 3b01 	ldrb.w	r3, [r4], #1
87801dae:	1ad3      	subs	r3, r2, r3
87801db0:	b25b      	sxtb	r3, r3
87801db2:	b92b      	cbnz	r3, 87801dc0 <strncmp+0x30>
87801db4:	b13a      	cbz	r2, 87801dc6 <strncmp+0x36>
87801db6:	42a1      	cmp	r1, r4
87801db8:	d1f5      	bne.n	87801da6 <strncmp+0x16>
87801dba:	2000      	movs	r0, #0
87801dbc:	bc30      	pop	{r4, r5}
87801dbe:	4770      	bx	lr
87801dc0:	4618      	mov	r0, r3
87801dc2:	bc30      	pop	{r4, r5}
87801dc4:	4770      	bx	lr
87801dc6:	4610      	mov	r0, r2
87801dc8:	bc30      	pop	{r4, r5}
87801dca:	4770      	bx	lr
87801dcc:	4610      	mov	r0, r2
87801dce:	4770      	bx	lr

87801dd0 <strchr>:
87801dd0:	7803      	ldrb	r3, [r0, #0]
87801dd2:	b2c9      	uxtb	r1, r1
87801dd4:	428b      	cmp	r3, r1
87801dd6:	d006      	beq.n	87801de6 <strchr+0x16>
87801dd8:	b123      	cbz	r3, 87801de4 <strchr+0x14>
87801dda:	f810 3f01 	ldrb.w	r3, [r0, #1]!
87801dde:	428b      	cmp	r3, r1
87801de0:	d1fa      	bne.n	87801dd8 <strchr+0x8>
87801de2:	4770      	bx	lr
87801de4:	4618      	mov	r0, r3
87801de6:	4770      	bx	lr

87801de8 <strrchr>:
87801de8:	7803      	ldrb	r3, [r0, #0]
87801dea:	b193      	cbz	r3, 87801e12 <strrchr+0x2a>
87801dec:	4603      	mov	r3, r0
87801dee:	f813 2f01 	ldrb.w	r2, [r3, #1]!
87801df2:	2a00      	cmp	r2, #0
87801df4:	d1fb      	bne.n	87801dee <strrchr+0x6>
87801df6:	b2c9      	uxtb	r1, r1
87801df8:	2200      	movs	r2, #0
87801dfa:	e003      	b.n	87801e04 <strrchr+0x1c>
87801dfc:	3b01      	subs	r3, #1
87801dfe:	4298      	cmp	r0, r3
87801e00:	d804      	bhi.n	87801e0c <strrchr+0x24>
87801e02:	781a      	ldrb	r2, [r3, #0]
87801e04:	428a      	cmp	r2, r1
87801e06:	d1f9      	bne.n	87801dfc <strrchr+0x14>
87801e08:	4618      	mov	r0, r3
87801e0a:	4770      	bx	lr
87801e0c:	2300      	movs	r3, #0
87801e0e:	4618      	mov	r0, r3
87801e10:	4770      	bx	lr
87801e12:	4603      	mov	r3, r0
87801e14:	e7ef      	b.n	87801df6 <strrchr+0xe>
87801e16:	bf00      	nop

87801e18 <strlen>:
87801e18:	7803      	ldrb	r3, [r0, #0]
87801e1a:	4602      	mov	r2, r0
87801e1c:	b12b      	cbz	r3, 87801e2a <strlen+0x12>
87801e1e:	f810 3f01 	ldrb.w	r3, [r0, #1]!
87801e22:	2b00      	cmp	r3, #0
87801e24:	d1fb      	bne.n	87801e1e <strlen+0x6>
87801e26:	1a80      	subs	r0, r0, r2
87801e28:	4770      	bx	lr
87801e2a:	4618      	mov	r0, r3
87801e2c:	4770      	bx	lr
87801e2e:	bf00      	nop

87801e30 <strnlen>:
87801e30:	b1d1      	cbz	r1, 87801e68 <strnlen+0x38>
87801e32:	7803      	ldrb	r3, [r0, #0]
87801e34:	b1d3      	cbz	r3, 87801e6c <strnlen+0x3c>
87801e36:	1c43      	adds	r3, r0, #1
87801e38:	4401      	add	r1, r0
87801e3a:	4299      	cmp	r1, r3
87801e3c:	f103 0201 	add.w	r2, r3, #1
87801e40:	d016      	beq.n	87801e70 <strnlen+0x40>
87801e42:	b410      	push	{r4}
87801e44:	781c      	ldrb	r4, [r3, #0]
87801e46:	b13c      	cbz	r4, 87801e58 <strnlen+0x28>
87801e48:	4291      	cmp	r1, r2
87801e4a:	4613      	mov	r3, r2
87801e4c:	f102 0201 	add.w	r2, r2, #1
87801e50:	d006      	beq.n	87801e60 <strnlen+0x30>
87801e52:	781c      	ldrb	r4, [r3, #0]
87801e54:	2c00      	cmp	r4, #0
87801e56:	d1f7      	bne.n	87801e48 <strnlen+0x18>
87801e58:	1a18      	subs	r0, r3, r0
87801e5a:	f85d 4b04 	ldr.w	r4, [sp], #4
87801e5e:	4770      	bx	lr
87801e60:	1a08      	subs	r0, r1, r0
87801e62:	f85d 4b04 	ldr.w	r4, [sp], #4
87801e66:	4770      	bx	lr
87801e68:	4608      	mov	r0, r1
87801e6a:	4770      	bx	lr
87801e6c:	4618      	mov	r0, r3
87801e6e:	4770      	bx	lr
87801e70:	1a08      	subs	r0, r1, r0
87801e72:	4770      	bx	lr

87801e74 <strspn>:
87801e74:	b470      	push	{r4, r5, r6}
87801e76:	7804      	ldrb	r4, [r0, #0]
87801e78:	4625      	mov	r5, r4
87801e7a:	b164      	cbz	r4, 87801e96 <strspn+0x22>
87801e7c:	780e      	ldrb	r6, [r1, #0]
87801e7e:	2500      	movs	r5, #0
87801e80:	b14e      	cbz	r6, 87801e96 <strspn+0x22>
87801e82:	42a6      	cmp	r6, r4
87801e84:	d00a      	beq.n	87801e9c <strspn+0x28>
87801e86:	460a      	mov	r2, r1
87801e88:	e001      	b.n	87801e8e <strspn+0x1a>
87801e8a:	42a3      	cmp	r3, r4
87801e8c:	d006      	beq.n	87801e9c <strspn+0x28>
87801e8e:	f812 3f01 	ldrb.w	r3, [r2, #1]!
87801e92:	2b00      	cmp	r3, #0
87801e94:	d1f9      	bne.n	87801e8a <strspn+0x16>
87801e96:	4628      	mov	r0, r5
87801e98:	bc70      	pop	{r4, r5, r6}
87801e9a:	4770      	bx	lr
87801e9c:	f810 4f01 	ldrb.w	r4, [r0, #1]!
87801ea0:	3501      	adds	r5, #1
87801ea2:	2c00      	cmp	r4, #0
87801ea4:	d1ec      	bne.n	87801e80 <strspn+0xc>
87801ea6:	4628      	mov	r0, r5
87801ea8:	bc70      	pop	{r4, r5, r6}
87801eaa:	4770      	bx	lr

87801eac <strpbrk>:
87801eac:	b430      	push	{r4, r5}
87801eae:	7804      	ldrb	r4, [r0, #0]
87801eb0:	b17c      	cbz	r4, 87801ed2 <strpbrk+0x26>
87801eb2:	780d      	ldrb	r5, [r1, #0]
87801eb4:	b14d      	cbz	r5, 87801eca <strpbrk+0x1e>
87801eb6:	42a5      	cmp	r5, r4
87801eb8:	d00c      	beq.n	87801ed4 <strpbrk+0x28>
87801eba:	460a      	mov	r2, r1
87801ebc:	e001      	b.n	87801ec2 <strpbrk+0x16>
87801ebe:	42a3      	cmp	r3, r4
87801ec0:	d008      	beq.n	87801ed4 <strpbrk+0x28>
87801ec2:	f812 3f01 	ldrb.w	r3, [r2, #1]!
87801ec6:	2b00      	cmp	r3, #0
87801ec8:	d1f9      	bne.n	87801ebe <strpbrk+0x12>
87801eca:	f810 4f01 	ldrb.w	r4, [r0, #1]!
87801ece:	2c00      	cmp	r4, #0
87801ed0:	d1f0      	bne.n	87801eb4 <strpbrk+0x8>
87801ed2:	4620      	mov	r0, r4
87801ed4:	bc30      	pop	{r4, r5}
87801ed6:	4770      	bx	lr

87801ed8 <strtok>:
87801ed8:	f648 6c7c 	movw	ip, #36476	; 0x8e7c
87801edc:	f2c8 7c80 	movt	ip, #34688	; 0x8780
87801ee0:	2800      	cmp	r0, #0
87801ee2:	d03c      	beq.n	87801f5e <strtok+0x86>
87801ee4:	b4f0      	push	{r4, r5, r6, r7}
87801ee6:	7804      	ldrb	r4, [r0, #0]
87801ee8:	2c00      	cmp	r4, #0
87801eea:	d03d      	beq.n	87801f68 <strtok+0x90>
87801eec:	780d      	ldrb	r5, [r1, #0]
87801eee:	4607      	mov	r7, r0
87801ef0:	2600      	movs	r6, #0
87801ef2:	b14d      	cbz	r5, 87801f08 <strtok+0x30>
87801ef4:	42ac      	cmp	r4, r5
87801ef6:	d01f      	beq.n	87801f38 <strtok+0x60>
87801ef8:	460a      	mov	r2, r1
87801efa:	e001      	b.n	87801f00 <strtok+0x28>
87801efc:	42a3      	cmp	r3, r4
87801efe:	d01b      	beq.n	87801f38 <strtok+0x60>
87801f00:	f812 3f01 	ldrb.w	r3, [r2, #1]!
87801f04:	2b00      	cmp	r3, #0
87801f06:	d1f9      	bne.n	87801efc <strtok+0x24>
87801f08:	5d84      	ldrb	r4, [r0, r6]
87801f0a:	4430      	add	r0, r6
87801f0c:	4606      	mov	r6, r0
87801f0e:	b35c      	cbz	r4, 87801f68 <strtok+0x90>
87801f10:	b14d      	cbz	r5, 87801f26 <strtok+0x4e>
87801f12:	42ac      	cmp	r4, r5
87801f14:	d01b      	beq.n	87801f4e <strtok+0x76>
87801f16:	460a      	mov	r2, r1
87801f18:	e001      	b.n	87801f1e <strtok+0x46>
87801f1a:	42a3      	cmp	r3, r4
87801f1c:	d017      	beq.n	87801f4e <strtok+0x76>
87801f1e:	f812 3f01 	ldrb.w	r3, [r2, #1]!
87801f22:	2b00      	cmp	r3, #0
87801f24:	d1f9      	bne.n	87801f1a <strtok+0x42>
87801f26:	f816 4f01 	ldrb.w	r4, [r6, #1]!
87801f2a:	2c00      	cmp	r4, #0
87801f2c:	d1f0      	bne.n	87801f10 <strtok+0x38>
87801f2e:	4626      	mov	r6, r4
87801f30:	f8cc 6000 	str.w	r6, [ip]
87801f34:	bcf0      	pop	{r4, r5, r6, r7}
87801f36:	4770      	bx	lr
87801f38:	f817 4f01 	ldrb.w	r4, [r7, #1]!
87801f3c:	3601      	adds	r6, #1
87801f3e:	2c00      	cmp	r4, #0
87801f40:	d1d7      	bne.n	87801ef2 <strtok+0x1a>
87801f42:	5d84      	ldrb	r4, [r0, r6]
87801f44:	4430      	add	r0, r6
87801f46:	4606      	mov	r6, r0
87801f48:	2c00      	cmp	r4, #0
87801f4a:	d1e1      	bne.n	87801f10 <strtok+0x38>
87801f4c:	e00c      	b.n	87801f68 <strtok+0x90>
87801f4e:	7833      	ldrb	r3, [r6, #0]
87801f50:	2b00      	cmp	r3, #0
87801f52:	d0ed      	beq.n	87801f30 <strtok+0x58>
87801f54:	2300      	movs	r3, #0
87801f56:	3601      	adds	r6, #1
87801f58:	f806 3c01 	strb.w	r3, [r6, #-1]
87801f5c:	e7e8      	b.n	87801f30 <strtok+0x58>
87801f5e:	f8dc 0000 	ldr.w	r0, [ip]
87801f62:	2800      	cmp	r0, #0
87801f64:	d1be      	bne.n	87801ee4 <strtok+0xc>
87801f66:	4770      	bx	lr
87801f68:	2000      	movs	r0, #0
87801f6a:	f8cc 0000 	str.w	r0, [ip]
87801f6e:	e7e1      	b.n	87801f34 <strtok+0x5c>

87801f70 <strsep>:
87801f70:	b4f0      	push	{r4, r5, r6, r7}
87801f72:	4607      	mov	r7, r0
87801f74:	6800      	ldr	r0, [r0, #0]
87801f76:	b198      	cbz	r0, 87801fa0 <strsep+0x30>
87801f78:	7804      	ldrb	r4, [r0, #0]
87801f7a:	b184      	cbz	r4, 87801f9e <strsep+0x2e>
87801f7c:	780e      	ldrb	r6, [r1, #0]
87801f7e:	4605      	mov	r5, r0
87801f80:	b14e      	cbz	r6, 87801f96 <strsep+0x26>
87801f82:	42a6      	cmp	r6, r4
87801f84:	d00e      	beq.n	87801fa4 <strsep+0x34>
87801f86:	460a      	mov	r2, r1
87801f88:	e001      	b.n	87801f8e <strsep+0x1e>
87801f8a:	42a3      	cmp	r3, r4
87801f8c:	d00a      	beq.n	87801fa4 <strsep+0x34>
87801f8e:	f812 3f01 	ldrb.w	r3, [r2, #1]!
87801f92:	2b00      	cmp	r3, #0
87801f94:	d1f9      	bne.n	87801f8a <strsep+0x1a>
87801f96:	f815 4f01 	ldrb.w	r4, [r5, #1]!
87801f9a:	2c00      	cmp	r4, #0
87801f9c:	d1f0      	bne.n	87801f80 <strsep+0x10>
87801f9e:	603c      	str	r4, [r7, #0]
87801fa0:	bcf0      	pop	{r4, r5, r6, r7}
87801fa2:	4770      	bx	lr
87801fa4:	2300      	movs	r3, #0
87801fa6:	1c6c      	adds	r4, r5, #1
87801fa8:	702b      	strb	r3, [r5, #0]
87801faa:	e7f8      	b.n	87801f9e <strsep+0x2e>

87801fac <memset>:
87801fac:	b132      	cbz	r2, 87801fbc <memset+0x10>
87801fae:	b2c9      	uxtb	r1, r1
87801fb0:	4402      	add	r2, r0
87801fb2:	4603      	mov	r3, r0
87801fb4:	f803 1b01 	strb.w	r1, [r3], #1
87801fb8:	4293      	cmp	r3, r2
87801fba:	d1fb      	bne.n	87801fb4 <memset+0x8>
87801fbc:	4770      	bx	lr
87801fbe:	bf00      	nop

87801fc0 <bcopy>:
87801fc0:	b13a      	cbz	r2, 87801fd2 <bcopy+0x12>
87801fc2:	3901      	subs	r1, #1
87801fc4:	4402      	add	r2, r0
87801fc6:	f810 3b01 	ldrb.w	r3, [r0], #1
87801fca:	4290      	cmp	r0, r2
87801fcc:	f801 3f01 	strb.w	r3, [r1, #1]!
87801fd0:	d1f9      	bne.n	87801fc6 <bcopy+0x6>
87801fd2:	4770      	bx	lr

87801fd4 <memcpy>:
87801fd4:	b15a      	cbz	r2, 87801fee <memcpy+0x1a>
87801fd6:	440a      	add	r2, r1
87801fd8:	1e43      	subs	r3, r0, #1
87801fda:	b410      	push	{r4}
87801fdc:	f811 4b01 	ldrb.w	r4, [r1], #1
87801fe0:	4291      	cmp	r1, r2
87801fe2:	f803 4f01 	strb.w	r4, [r3, #1]!
87801fe6:	d1f9      	bne.n	87801fdc <memcpy+0x8>
87801fe8:	f85d 4b04 	ldr.w	r4, [sp], #4
87801fec:	4770      	bx	lr
87801fee:	4770      	bx	lr

87801ff0 <memmove>:
87801ff0:	4288      	cmp	r0, r1
87801ff2:	b410      	push	{r4}
87801ff4:	d80b      	bhi.n	8780200e <memmove+0x1e>
87801ff6:	b13a      	cbz	r2, 87802008 <memmove+0x18>
87801ff8:	440a      	add	r2, r1
87801ffa:	1e43      	subs	r3, r0, #1
87801ffc:	f811 4b01 	ldrb.w	r4, [r1], #1
87802000:	428a      	cmp	r2, r1
87802002:	f803 4f01 	strb.w	r4, [r3, #1]!
87802006:	d1f9      	bne.n	87801ffc <memmove+0xc>
87802008:	f85d 4b04 	ldr.w	r4, [sp], #4
8780200c:	4770      	bx	lr
8780200e:	1884      	adds	r4, r0, r2
87802010:	188b      	adds	r3, r1, r2
87802012:	2a00      	cmp	r2, #0
87802014:	d0f8      	beq.n	87802008 <memmove+0x18>
87802016:	4622      	mov	r2, r4
87802018:	f813 4d01 	ldrb.w	r4, [r3, #-1]!
8780201c:	4299      	cmp	r1, r3
8780201e:	f802 4d01 	strb.w	r4, [r2, #-1]!
87802022:	d1f9      	bne.n	87802018 <memmove+0x28>
87802024:	f85d 4b04 	ldr.w	r4, [sp], #4
87802028:	4770      	bx	lr
8780202a:	bf00      	nop

8780202c <memcmp>:
8780202c:	b1aa      	cbz	r2, 8780205a <memcmp+0x2e>
8780202e:	b430      	push	{r4, r5}
87802030:	4604      	mov	r4, r0
87802032:	780b      	ldrb	r3, [r1, #0]
87802034:	7800      	ldrb	r0, [r0, #0]
87802036:	1ac0      	subs	r0, r0, r3
87802038:	d10a      	bne.n	87802050 <memcmp+0x24>
8780203a:	3a01      	subs	r2, #1
8780203c:	188d      	adds	r5, r1, r2
8780203e:	e005      	b.n	8780204c <memcmp+0x20>
87802040:	f814 3f01 	ldrb.w	r3, [r4, #1]!
87802044:	f811 2f01 	ldrb.w	r2, [r1, #1]!
87802048:	1a9b      	subs	r3, r3, r2
8780204a:	d103      	bne.n	87802054 <memcmp+0x28>
8780204c:	42a9      	cmp	r1, r5
8780204e:	d1f7      	bne.n	87802040 <memcmp+0x14>
87802050:	bc30      	pop	{r4, r5}
87802052:	4770      	bx	lr
87802054:	4618      	mov	r0, r3
87802056:	bc30      	pop	{r4, r5}
87802058:	4770      	bx	lr
8780205a:	4610      	mov	r0, r2
8780205c:	4770      	bx	lr
8780205e:	bf00      	nop

87802060 <memscan>:
87802060:	b1c2      	cbz	r2, 87802094 <memscan+0x34>
87802062:	7803      	ldrb	r3, [r0, #0]
87802064:	4299      	cmp	r1, r3
87802066:	d015      	beq.n	87802094 <memscan+0x34>
87802068:	1c43      	adds	r3, r0, #1
8780206a:	4402      	add	r2, r0
8780206c:	4293      	cmp	r3, r2
8780206e:	4618      	mov	r0, r3
87802070:	f103 0301 	add.w	r3, r3, #1
87802074:	d00f      	beq.n	87802096 <memscan+0x36>
87802076:	b410      	push	{r4}
87802078:	7804      	ldrb	r4, [r0, #0]
8780207a:	428c      	cmp	r4, r1
8780207c:	d007      	beq.n	8780208e <memscan+0x2e>
8780207e:	4293      	cmp	r3, r2
87802080:	4618      	mov	r0, r3
87802082:	f103 0301 	add.w	r3, r3, #1
87802086:	d002      	beq.n	8780208e <memscan+0x2e>
87802088:	7804      	ldrb	r4, [r0, #0]
8780208a:	428c      	cmp	r4, r1
8780208c:	d1f7      	bne.n	8780207e <memscan+0x1e>
8780208e:	f85d 4b04 	ldr.w	r4, [sp], #4
87802092:	4770      	bx	lr
87802094:	4770      	bx	lr
87802096:	4770      	bx	lr

87802098 <strstr>:
87802098:	e92d 43f0 	stmdb	sp!, {r4, r5, r6, r7, r8, r9, lr}
8780209c:	f891 8000 	ldrb.w	r8, [r1]
878020a0:	f1b8 0f00 	cmp.w	r8, #0
878020a4:	d027      	beq.n	878020f6 <strstr+0x5e>
878020a6:	460b      	mov	r3, r1
878020a8:	f813 2f01 	ldrb.w	r2, [r3, #1]!
878020ac:	2a00      	cmp	r2, #0
878020ae:	d1fb      	bne.n	878020a8 <strstr+0x10>
878020b0:	ebb3 0e01 	subs.w	lr, r3, r1
878020b4:	d01f      	beq.n	878020f6 <strstr+0x5e>
878020b6:	7802      	ldrb	r2, [r0, #0]
878020b8:	4694      	mov	ip, r2
878020ba:	b132      	cbz	r2, 878020ca <strstr+0x32>
878020bc:	4684      	mov	ip, r0
878020be:	f81c 3f01 	ldrb.w	r3, [ip, #1]!
878020c2:	2b00      	cmp	r3, #0
878020c4:	d1fb      	bne.n	878020be <strstr+0x26>
878020c6:	ebac 0c00 	sub.w	ip, ip, r0
878020ca:	45e6      	cmp	lr, ip
878020cc:	dc1a      	bgt.n	87802104 <strstr+0x6c>
878020ce:	4607      	mov	r7, r0
878020d0:	f10e 39ff 	add.w	r9, lr, #4294967295	; 0xffffffff
878020d4:	f10c 3cff 	add.w	ip, ip, #4294967295	; 0xffffffff
878020d8:	4638      	mov	r0, r7
878020da:	460d      	mov	r5, r1
878020dc:	eb09 0607 	add.w	r6, r9, r7
878020e0:	463b      	mov	r3, r7
878020e2:	4644      	mov	r4, r8
878020e4:	e003      	b.n	878020ee <strstr+0x56>
878020e6:	f813 2f01 	ldrb.w	r2, [r3, #1]!
878020ea:	f815 4f01 	ldrb.w	r4, [r5, #1]!
878020ee:	42a2      	cmp	r2, r4
878020f0:	d103      	bne.n	878020fa <strstr+0x62>
878020f2:	429e      	cmp	r6, r3
878020f4:	d1f7      	bne.n	878020e6 <strstr+0x4e>
878020f6:	e8bd 83f0 	ldmia.w	sp!, {r4, r5, r6, r7, r8, r9, pc}
878020fa:	45f4      	cmp	ip, lr
878020fc:	db02      	blt.n	87802104 <strstr+0x6c>
878020fe:	f817 2f01 	ldrb.w	r2, [r7, #1]!
87802102:	e7e7      	b.n	878020d4 <strstr+0x3c>
87802104:	2000      	movs	r0, #0
87802106:	e8bd 83f0 	ldmia.w	sp!, {r4, r5, r6, r7, r8, r9, pc}
8780210a:	bf00      	nop

8780210c <memchr>:
8780210c:	4402      	add	r2, r0
8780210e:	b2c9      	uxtb	r1, r1
87802110:	4290      	cmp	r0, r2
87802112:	4603      	mov	r3, r0
87802114:	d012      	beq.n	8780213c <memchr+0x30>
87802116:	b410      	push	{r4}
87802118:	f813 4b01 	ldrb.w	r4, [r3], #1
8780211c:	428c      	cmp	r4, r1
8780211e:	d006      	beq.n	8780212e <memchr+0x22>
87802120:	4293      	cmp	r3, r2
87802122:	4618      	mov	r0, r3
87802124:	d006      	beq.n	87802134 <memchr+0x28>
87802126:	f813 4b01 	ldrb.w	r4, [r3], #1
8780212a:	428c      	cmp	r4, r1
8780212c:	d1f8      	bne.n	87802120 <memchr+0x14>
8780212e:	f85d 4b04 	ldr.w	r4, [sp], #4
87802132:	4770      	bx	lr
87802134:	2000      	movs	r0, #0
87802136:	f85d 4b04 	ldr.w	r4, [sp], #4
8780213a:	4770      	bx	lr
8780213c:	2000      	movs	r0, #0
8780213e:	4770      	bx	lr

87802140 <number>:
87802140:	e92d 4ff0 	stmdb	sp!, {r4, r5, r6, r7, r8, r9, sl, fp, lr}
87802144:	b0a5      	sub	sp, #148	; 0x94
87802146:	460d      	mov	r5, r1
87802148:	992e      	ldr	r1, [sp, #184]	; 0xb8
8780214a:	4604      	mov	r4, r0
8780214c:	f8dd 90c4 	ldr.w	r9, [sp, #196]	; 0xc4
87802150:	390a      	subs	r1, #10
87802152:	bf18      	it	ne
87802154:	2101      	movne	r1, #1
87802156:	f009 0020 	and.w	r0, r9, #32
8780215a:	ea01 1159 	and.w	r1, r1, r9, lsr #5
8780215e:	9003      	str	r0, [sp, #12]
87802160:	9100      	str	r1, [sp, #0]
87802162:	f019 0110 	ands.w	r1, r9, #16
87802166:	bf18      	it	ne
87802168:	f029 0901 	bicne.w	r9, r9, #1
8780216c:	9101      	str	r1, [sp, #4]
8780216e:	f019 0102 	ands.w	r1, r9, #2
87802172:	d011      	beq.n	87802198 <number+0x58>
87802174:	2a00      	cmp	r2, #0
87802176:	f173 0100 	sbcs.w	r1, r3, #0
8780217a:	f2c0 816e 	blt.w	8780245a <number+0x31a>
8780217e:	f019 0f04 	tst.w	r9, #4
87802182:	f040 8188 	bne.w	87802496 <number+0x356>
87802186:	f019 0108 	ands.w	r1, r9, #8
8780218a:	d005      	beq.n	87802198 <number+0x58>
8780218c:	992f      	ldr	r1, [sp, #188]	; 0xbc
8780218e:	3901      	subs	r1, #1
87802190:	912f      	str	r1, [sp, #188]	; 0xbc
87802192:	2120      	movs	r1, #32
87802194:	9102      	str	r1, [sp, #8]
87802196:	e000      	b.n	8780219a <number+0x5a>
87802198:	9102      	str	r1, [sp, #8]
8780219a:	9900      	ldr	r1, [sp, #0]
8780219c:	2900      	cmp	r1, #0
8780219e:	d048      	beq.n	87802232 <number+0xf2>
878021a0:	992e      	ldr	r1, [sp, #184]	; 0xb8
878021a2:	2910      	cmp	r1, #16
878021a4:	992f      	ldr	r1, [sp, #188]	; 0xbc
878021a6:	f000 8161 	beq.w	8780246c <number+0x32c>
878021aa:	3901      	subs	r1, #1
878021ac:	912f      	str	r1, [sp, #188]	; 0xbc
878021ae:	ea52 0103 	orrs.w	r1, r2, r3
878021b2:	d042      	beq.n	8780223a <number+0xfa>
878021b4:	992e      	ldr	r1, [sp, #184]	; 0xb8
878021b6:	2910      	cmp	r1, #16
878021b8:	f101 3aff 	add.w	sl, r1, #4294967295	; 0xffffffff
878021bc:	bf0a      	itet	eq
878021be:	2004      	moveq	r0, #4
878021c0:	2003      	movne	r0, #3
878021c2:	f04f 0a0f 	moveq.w	sl, #15
878021c6:	f248 0800 	movw	r8, #32768	; 0x8000
878021ca:	f1c0 0120 	rsb	r1, r0, #32
878021ce:	9506      	str	r5, [sp, #24]
878021d0:	f10d 0c2c 	add.w	ip, sp, #44	; 0x2c
878021d4:	f8cd 90c4 	str.w	r9, [sp, #196]	; 0xc4
878021d8:	f2c8 7880 	movt	r8, #34688	; 0x8780
878021dc:	2600      	movs	r6, #0
878021de:	9404      	str	r4, [sp, #16]
878021e0:	f8dd 900c 	ldr.w	r9, [sp, #12]
878021e4:	460d      	mov	r5, r1
878021e6:	e000      	b.n	878021ea <number+0xaa>
878021e8:	463e      	mov	r6, r7
878021ea:	fa03 f705 	lsl.w	r7, r3, r5
878021ee:	f1b0 0e20 	subs.w	lr, r0, #32
878021f2:	b2d4      	uxtb	r4, r2
878021f4:	fa22 f100 	lsr.w	r1, r2, r0
878021f8:	fa43 fe0e 	asr.w	lr, r3, lr
878021fc:	fa43 fb00 	asr.w	fp, r3, r0
87802200:	ea41 0107 	orr.w	r1, r1, r7
87802204:	ea04 040a 	and.w	r4, r4, sl
87802208:	bf58      	it	pl
8780220a:	ea41 010e 	orrpl.w	r1, r1, lr
8780220e:	f818 4004 	ldrb.w	r4, [r8, r4]
87802212:	460a      	mov	r2, r1
87802214:	465b      	mov	r3, fp
87802216:	ea52 0103 	orrs.w	r1, r2, r3
8780221a:	f106 0701 	add.w	r7, r6, #1
8780221e:	ea49 0404 	orr.w	r4, r9, r4
87802222:	f80c 4b01 	strb.w	r4, [ip], #1
87802226:	d1df      	bne.n	878021e8 <number+0xa8>
87802228:	9c04      	ldr	r4, [sp, #16]
8780222a:	9d06      	ldr	r5, [sp, #24]
8780222c:	f8dd 90c4 	ldr.w	r9, [sp, #196]	; 0xc4
87802230:	e008      	b.n	87802244 <number+0x104>
87802232:	ea52 0103 	orrs.w	r1, r2, r3
87802236:	f040 8081 	bne.w	8780233c <number+0x1fc>
8780223a:	2600      	movs	r6, #0
8780223c:	2701      	movs	r7, #1
8780223e:	2330      	movs	r3, #48	; 0x30
87802240:	f88d 302c 	strb.w	r3, [sp, #44]	; 0x2c
87802244:	9b30      	ldr	r3, [sp, #192]	; 0xc0
87802246:	42bb      	cmp	r3, r7
87802248:	bfb8      	it	lt
8780224a:	463b      	movlt	r3, r7
8780224c:	f019 0f11 	tst.w	r9, #17
87802250:	461a      	mov	r2, r3
87802252:	9b2f      	ldr	r3, [sp, #188]	; 0xbc
87802254:	eba3 0302 	sub.w	r3, r3, r2
87802258:	f103 31ff 	add.w	r1, r3, #4294967295	; 0xffffffff
8780225c:	d10f      	bne.n	8780227e <number+0x13e>
8780225e:	2900      	cmp	r1, #0
87802260:	bfb8      	it	lt
87802262:	1e99      	sublt	r1, r3, #2
87802264:	db0b      	blt.n	8780227e <number+0x13e>
87802266:	4423      	add	r3, r4
87802268:	2120      	movs	r1, #32
8780226a:	42a5      	cmp	r5, r4
8780226c:	f104 0401 	add.w	r4, r4, #1
87802270:	bf88      	it	hi
87802272:	f804 1c01 	strbhi.w	r1, [r4, #-1]
87802276:	429c      	cmp	r4, r3
87802278:	d1f7      	bne.n	8780226a <number+0x12a>
8780227a:	f06f 0101 	mvn.w	r1, #1
8780227e:	9b02      	ldr	r3, [sp, #8]
87802280:	b12b      	cbz	r3, 8780228e <number+0x14e>
87802282:	42ac      	cmp	r4, r5
87802284:	f104 0401 	add.w	r4, r4, #1
87802288:	bf38      	it	cc
8780228a:	f804 3c01 	strbcc.w	r3, [r4, #-1]
8780228e:	9b00      	ldr	r3, [sp, #0]
87802290:	b153      	cbz	r3, 878022a8 <number+0x168>
87802292:	982e      	ldr	r0, [sp, #184]	; 0xb8
87802294:	42ac      	cmp	r4, r5
87802296:	bf3c      	itt	cc
87802298:	2330      	movcc	r3, #48	; 0x30
8780229a:	7023      	strbcc	r3, [r4, #0]
8780229c:	1c63      	adds	r3, r4, #1
8780229e:	2810      	cmp	r0, #16
878022a0:	bf18      	it	ne
878022a2:	461c      	movne	r4, r3
878022a4:	f000 80ed 	beq.w	87802482 <number+0x342>
878022a8:	9b01      	ldr	r3, [sp, #4]
878022aa:	b9ab      	cbnz	r3, 878022d8 <number+0x198>
878022ac:	f019 0f01 	tst.w	r9, #1
878022b0:	bf0c      	ite	eq
878022b2:	2320      	moveq	r3, #32
878022b4:	2330      	movne	r3, #48	; 0x30
878022b6:	2900      	cmp	r1, #0
878022b8:	bfb8      	it	lt
878022ba:	f101 31ff 	addlt.w	r1, r1, #4294967295	; 0xffffffff
878022be:	db0b      	blt.n	878022d8 <number+0x198>
878022c0:	3101      	adds	r1, #1
878022c2:	4421      	add	r1, r4
878022c4:	42a5      	cmp	r5, r4
878022c6:	f104 0401 	add.w	r4, r4, #1
878022ca:	bf88      	it	hi
878022cc:	f804 3c01 	strbhi.w	r3, [r4, #-1]
878022d0:	428c      	cmp	r4, r1
878022d2:	d1f7      	bne.n	878022c4 <number+0x184>
878022d4:	f06f 0101 	mvn.w	r1, #1
878022d8:	4297      	cmp	r7, r2
878022da:	bfbe      	ittt	lt
878022dc:	1bd7      	sublt	r7, r2, r7
878022de:	2330      	movlt	r3, #48	; 0x30
878022e0:	193f      	addlt	r7, r7, r4
878022e2:	da07      	bge.n	878022f4 <number+0x1b4>
878022e4:	42a5      	cmp	r5, r4
878022e6:	f104 0401 	add.w	r4, r4, #1
878022ea:	bf88      	it	hi
878022ec:	f804 3c01 	strbhi.w	r3, [r4, #-1]
878022f0:	42bc      	cmp	r4, r7
878022f2:	d1f7      	bne.n	878022e4 <number+0x1a4>
878022f4:	2e00      	cmp	r6, #0
878022f6:	f2c0 80d4 	blt.w	878024a2 <number+0x362>
878022fa:	4632      	mov	r2, r6
878022fc:	4623      	mov	r3, r4
878022fe:	af0b      	add	r7, sp, #44	; 0x2c
87802300:	429d      	cmp	r5, r3
87802302:	f103 0301 	add.w	r3, r3, #1
87802306:	bf88      	it	hi
87802308:	5dd0      	ldrbhi	r0, [r2, r7]
8780230a:	f102 32ff 	add.w	r2, r2, #4294967295	; 0xffffffff
8780230e:	bf88      	it	hi
87802310:	f803 0c01 	strbhi.w	r0, [r3, #-1]
87802314:	1c50      	adds	r0, r2, #1
87802316:	d1f3      	bne.n	87802300 <number+0x1c0>
87802318:	1c70      	adds	r0, r6, #1
8780231a:	4420      	add	r0, r4
8780231c:	2900      	cmp	r1, #0
8780231e:	db0a      	blt.n	87802336 <number+0x1f6>
87802320:	1c4b      	adds	r3, r1, #1
87802322:	2220      	movs	r2, #32
87802324:	4403      	add	r3, r0
87802326:	4285      	cmp	r5, r0
87802328:	f100 0001 	add.w	r0, r0, #1
8780232c:	bf88      	it	hi
8780232e:	f800 2c01 	strbhi.w	r2, [r0, #-1]
87802332:	4298      	cmp	r0, r3
87802334:	d1f7      	bne.n	87802326 <number+0x1e6>
87802336:	b025      	add	sp, #148	; 0x94
87802338:	e8bd 8ff0 	ldmia.w	sp!, {r4, r5, r6, r7, r8, r9, sl, fp, pc}
8780233c:	992e      	ldr	r1, [sp, #184]	; 0xb8
8780233e:	290a      	cmp	r1, #10
87802340:	f47f af38 	bne.w	878021b4 <number+0x74>
87802344:	4692      	mov	sl, r2
87802346:	469b      	mov	fp, r3
87802348:	f248 629f 	movw	r2, #34463	; 0x869f
8780234c:	2300      	movs	r3, #0
8780234e:	f2c0 0201 	movt	r2, #1
87802352:	455b      	cmp	r3, fp
87802354:	bf08      	it	eq
87802356:	4552      	cmpeq	r2, sl
87802358:	e9cd ab08 	strd	sl, fp, [sp, #32]
8780235c:	f080 8109 	bcs.w	87802572 <number+0x432>
87802360:	f248 61a0 	movw	r1, #34464	; 0x86a0
87802364:	f645 20c5 	movw	r0, #23237	; 0x5ac5
87802368:	f2c0 0101 	movt	r1, #1
8780236c:	f6c0 207c 	movt	r0, #2684	; 0xa7c
87802370:	e9cd 4506 	strd	r4, r5, [sp, #24]
87802374:	460f      	mov	r7, r1
87802376:	e9cd 2304 	strd	r2, r3, [sp, #16]
8780237a:	f10d 0631 	add.w	r6, sp, #49	; 0x31
8780237e:	4604      	mov	r4, r0
87802380:	e05c      	b.n	8780243c <number+0x2fc>
87802382:	09d8      	lsrs	r0, r3, #7
87802384:	f04f 0b00 	mov.w	fp, #0
87802388:	4603      	mov	r3, r0
8780238a:	fb07 a010 	mls	r0, r7, r0, sl
8780238e:	469a      	mov	sl, r3
87802390:	e9cd ab08 	strd	sl, fp, [sp, #32]
87802394:	f3c0 2303 	ubfx	r3, r0, #8, #4
87802398:	f3c0 1203 	ubfx	r2, r0, #4, #4
8780239c:	0b01      	lsrs	r1, r0, #12
8780239e:	eb02 0c03 	add.w	ip, r2, r3
878023a2:	f000 080f 	and.w	r8, r0, #15
878023a6:	eb03 0e83 	add.w	lr, r3, r3, lsl #2
878023aa:	448c      	add	ip, r1
878023ac:	eb01 00c1 	add.w	r0, r1, r1, lsl #3
878023b0:	eb0c 0c4c 	add.w	ip, ip, ip, lsl #1
878023b4:	4635      	mov	r5, r6
878023b6:	4402      	add	r2, r0
878023b8:	eb08 004c 	add.w	r0, r8, ip, lsl #1
878023bc:	f04f 0ccd 	mov.w	ip, #205	; 0xcd
878023c0:	4472      	add	r2, lr
878023c2:	fb0c f800 	mul.w	r8, ip, r0
878023c6:	3605      	adds	r6, #5
878023c8:	ea4f 28d8 	mov.w	r8, r8, lsr #11
878023cc:	4442      	add	r2, r8
878023ce:	eb08 0888 	add.w	r8, r8, r8, lsl #2
878023d2:	fb0c fe02 	mul.w	lr, ip, r2
878023d6:	eba0 0048 	sub.w	r0, r0, r8, lsl #1
878023da:	3030      	adds	r0, #48	; 0x30
878023dc:	ea4f 2ede 	mov.w	lr, lr, lsr #11
878023e0:	f806 0c0a 	strb.w	r0, [r6, #-10]
878023e4:	eb0e 0343 	add.w	r3, lr, r3, lsl #1
878023e8:	eb0e 0e8e 	add.w	lr, lr, lr, lsl #2
878023ec:	eb03 0043 	add.w	r0, r3, r3, lsl #1
878023f0:	eba2 024e 	sub.w	r2, r2, lr, lsl #1
878023f4:	eb03 0080 	add.w	r0, r3, r0, lsl #2
878023f8:	3230      	adds	r2, #48	; 0x30
878023fa:	f806 2c09 	strb.w	r2, [r6, #-9]
878023fe:	09c2      	lsrs	r2, r0, #7
87802400:	eb02 0181 	add.w	r1, r2, r1, lsl #2
87802404:	eb02 0282 	add.w	r2, r2, r2, lsl #2
87802408:	fb0c fc01 	mul.w	ip, ip, r1
8780240c:	eba3 0342 	sub.w	r3, r3, r2, lsl #1
87802410:	3330      	adds	r3, #48	; 0x30
87802412:	f806 3c08 	strb.w	r3, [r6, #-8]
87802416:	ea4f 2cdc 	mov.w	ip, ip, lsr #11
8780241a:	eb0c 038c 	add.w	r3, ip, ip, lsl #2
8780241e:	f10c 0c30 	add.w	ip, ip, #48	; 0x30
87802422:	f806 cc06 	strb.w	ip, [r6, #-6]
87802426:	eba1 0143 	sub.w	r1, r1, r3, lsl #1
8780242a:	e9dd 2304 	ldrd	r2, r3, [sp, #16]
8780242e:	3130      	adds	r1, #48	; 0x30
87802430:	455b      	cmp	r3, fp
87802432:	f806 1c07 	strb.w	r1, [r6, #-7]
87802436:	bf08      	it	eq
87802438:	4552      	cmpeq	r2, sl
8780243a:	d234      	bcs.n	878024a6 <number+0x366>
8780243c:	4658      	mov	r0, fp
8780243e:	2100      	movs	r1, #0
87802440:	ea4f 125a 	mov.w	r2, sl, lsr #5
87802444:	4301      	orrs	r1, r0
87802446:	fba2 2304 	umull	r2, r3, r2, r4
8780244a:	d09a      	beq.n	87802382 <number+0x242>
8780244c:	4639      	mov	r1, r7
8780244e:	a808      	add	r0, sp, #32
87802450:	f7ff fbc2 	bl	87801bd8 <__div64_32>
87802454:	e9dd ab08 	ldrd	sl, fp, [sp, #32]
87802458:	e79c      	b.n	87802394 <number+0x254>
8780245a:	992f      	ldr	r1, [sp, #188]	; 0xbc
8780245c:	4252      	negs	r2, r2
8780245e:	eb63 0343 	sbc.w	r3, r3, r3, lsl #1
87802462:	3901      	subs	r1, #1
87802464:	912f      	str	r1, [sp, #188]	; 0xbc
87802466:	212d      	movs	r1, #45	; 0x2d
87802468:	9102      	str	r1, [sp, #8]
8780246a:	e696      	b.n	8780219a <number+0x5a>
8780246c:	3902      	subs	r1, #2
8780246e:	912f      	str	r1, [sp, #188]	; 0xbc
87802470:	ea52 0103 	orrs.w	r1, r2, r3
87802474:	bf1c      	itt	ne
87802476:	f04f 0a0f 	movne.w	sl, #15
8780247a:	2004      	movne	r0, #4
8780247c:	f47f aea3 	bne.w	878021c6 <number+0x86>
87802480:	e6db      	b.n	8780223a <number+0xfa>
87802482:	429d      	cmp	r5, r3
87802484:	f104 0402 	add.w	r4, r4, #2
87802488:	bf82      	ittt	hi
8780248a:	9b03      	ldrhi	r3, [sp, #12]
8780248c:	f043 0358 	orrhi.w	r3, r3, #88	; 0x58
87802490:	f804 3c01 	strbhi.w	r3, [r4, #-1]
87802494:	e708      	b.n	878022a8 <number+0x168>
87802496:	992f      	ldr	r1, [sp, #188]	; 0xbc
87802498:	3901      	subs	r1, #1
8780249a:	912f      	str	r1, [sp, #188]	; 0xbc
8780249c:	212b      	movs	r1, #43	; 0x2b
8780249e:	9102      	str	r1, [sp, #8]
878024a0:	e67b      	b.n	8780219a <number+0x5a>
878024a2:	4620      	mov	r0, r4
878024a4:	e73a      	b.n	8780231c <number+0x1dc>
878024a6:	46a8      	mov	r8, r5
878024a8:	e9dd 4506 	ldrd	r4, r5, [sp, #24]
878024ac:	f10d 0e2c 	add.w	lr, sp, #44	; 0x2c
878024b0:	f3ca 1003 	ubfx	r0, sl, #4, #4
878024b4:	ea4f 371a 	mov.w	r7, sl, lsr #12
878024b8:	f3ca 2103 	ubfx	r1, sl, #8, #4
878024bc:	1843      	adds	r3, r0, r1
878024be:	eb07 02c7 	add.w	r2, r7, r7, lsl #3
878024c2:	443b      	add	r3, r7
878024c4:	eb01 0681 	add.w	r6, r1, r1, lsl #2
878024c8:	eb03 0343 	add.w	r3, r3, r3, lsl #1
878024cc:	f00a 0a0f 	and.w	sl, sl, #15
878024d0:	4402      	add	r2, r0
878024d2:	eb0a 0343 	add.w	r3, sl, r3, lsl #1
878024d6:	f04f 0ccd 	mov.w	ip, #205	; 0xcd
878024da:	1990      	adds	r0, r2, r6
878024dc:	fb0c f203 	mul.w	r2, ip, r3
878024e0:	0ad2      	lsrs	r2, r2, #11
878024e2:	eb02 0682 	add.w	r6, r2, r2, lsl #2
878024e6:	1812      	adds	r2, r2, r0
878024e8:	bf08      	it	eq
878024ea:	f108 0701 	addeq.w	r7, r8, #1
878024ee:	eba3 0346 	sub.w	r3, r3, r6, lsl #1
878024f2:	f103 0330 	add.w	r3, r3, #48	; 0x30
878024f6:	f888 3000 	strb.w	r3, [r8]
878024fa:	d036      	beq.n	8780256a <number+0x42a>
878024fc:	fb0c f302 	mul.w	r3, ip, r2
87802500:	0adb      	lsrs	r3, r3, #11
87802502:	eb03 0083 	add.w	r0, r3, r3, lsl #2
87802506:	eb03 0341 	add.w	r3, r3, r1, lsl #1
8780250a:	eba2 0240 	sub.w	r2, r2, r0, lsl #1
8780250e:	3230      	adds	r2, #48	; 0x30
87802510:	f888 2001 	strb.w	r2, [r8, #1]
87802514:	ea57 0203 	orrs.w	r2, r7, r3
87802518:	bf08      	it	eq
8780251a:	f108 0702 	addeq.w	r7, r8, #2
8780251e:	d024      	beq.n	8780256a <number+0x42a>
87802520:	eb03 0243 	add.w	r2, r3, r3, lsl #1
87802524:	eb03 0282 	add.w	r2, r3, r2, lsl #2
87802528:	09d2      	lsrs	r2, r2, #7
8780252a:	eb02 0182 	add.w	r1, r2, r2, lsl #2
8780252e:	eb12 0287 	adds.w	r2, r2, r7, lsl #2
87802532:	eba3 0341 	sub.w	r3, r3, r1, lsl #1
87802536:	bf08      	it	eq
87802538:	f108 0703 	addeq.w	r7, r8, #3
8780253c:	f103 0330 	add.w	r3, r3, #48	; 0x30
87802540:	f888 3002 	strb.w	r3, [r8, #2]
87802544:	d011      	beq.n	8780256a <number+0x42a>
87802546:	fb0c f302 	mul.w	r3, ip, r2
8780254a:	f108 0704 	add.w	r7, r8, #4
8780254e:	0adb      	lsrs	r3, r3, #11
87802550:	eb03 0183 	add.w	r1, r3, r3, lsl #2
87802554:	eba2 0241 	sub.w	r2, r2, r1, lsl #1
87802558:	3230      	adds	r2, #48	; 0x30
8780255a:	f888 2003 	strb.w	r2, [r8, #3]
8780255e:	b123      	cbz	r3, 8780256a <number+0x42a>
87802560:	f108 0705 	add.w	r7, r8, #5
87802564:	3330      	adds	r3, #48	; 0x30
87802566:	f888 3004 	strb.w	r3, [r8, #4]
8780256a:	eba7 070e 	sub.w	r7, r7, lr
8780256e:	1e7e      	subs	r6, r7, #1
87802570:	e668      	b.n	87802244 <number+0x104>
87802572:	f10d 0e2c 	add.w	lr, sp, #44	; 0x2c
87802576:	46f0      	mov	r8, lr
87802578:	e79a      	b.n	878024b0 <number+0x370>
8780257a:	bf00      	nop

8780257c <simple_strtoul>:
8780257c:	b4f0      	push	{r4, r5, r6, r7}
8780257e:	4607      	mov	r7, r0
87802580:	7804      	ldrb	r4, [r0, #0]
87802582:	bb52      	cbnz	r2, 878025da <simple_strtoul+0x5e>
87802584:	2c30      	cmp	r4, #48	; 0x30
87802586:	d04f      	beq.n	87802628 <simple_strtoul+0xac>
87802588:	f248 0c4c 	movw	ip, #32844	; 0x804c
8780258c:	4623      	mov	r3, r4
8780258e:	f2c8 7c80 	movt	ip, #34688	; 0x8780
87802592:	220a      	movs	r2, #10
87802594:	f81c 5004 	ldrb.w	r5, [ip, r4]
87802598:	f005 0044 	and.w	r0, r5, #68	; 0x44
8780259c:	b1c8      	cbz	r0, 878025d2 <simple_strtoul+0x56>
8780259e:	2000      	movs	r0, #0
878025a0:	e009      	b.n	878025b6 <simple_strtoul+0x3a>
878025a2:	f817 4f01 	ldrb.w	r4, [r7, #1]!
878025a6:	fb02 3000 	mla	r0, r2, r0, r3
878025aa:	f81c 5004 	ldrb.w	r5, [ip, r4]
878025ae:	4623      	mov	r3, r4
878025b0:	f015 0f44 	tst.w	r5, #68	; 0x44
878025b4:	d00d      	beq.n	878025d2 <simple_strtoul+0x56>
878025b6:	f015 0f04 	tst.w	r5, #4
878025ba:	f1a3 0330 	sub.w	r3, r3, #48	; 0x30
878025be:	d106      	bne.n	878025ce <simple_strtoul+0x52>
878025c0:	f1a4 0320 	sub.w	r3, r4, #32
878025c4:	07ad      	lsls	r5, r5, #30
878025c6:	bf48      	it	mi
878025c8:	b2dc      	uxtbmi	r4, r3
878025ca:	f1a4 0337 	sub.w	r3, r4, #55	; 0x37
878025ce:	4293      	cmp	r3, r2
878025d0:	d3e7      	bcc.n	878025a2 <simple_strtoul+0x26>
878025d2:	b101      	cbz	r1, 878025d6 <simple_strtoul+0x5a>
878025d4:	600f      	str	r7, [r1, #0]
878025d6:	bcf0      	pop	{r4, r5, r6, r7}
878025d8:	4770      	bx	lr
878025da:	2a10      	cmp	r2, #16
878025dc:	d009      	beq.n	878025f2 <simple_strtoul+0x76>
878025de:	f248 0c4c 	movw	ip, #32844	; 0x804c
878025e2:	4623      	mov	r3, r4
878025e4:	f2c8 7c80 	movt	ip, #34688	; 0x8780
878025e8:	f81c 5004 	ldrb.w	r5, [ip, r4]
878025ec:	f005 0044 	and.w	r0, r5, #68	; 0x44
878025f0:	e7d4      	b.n	8780259c <simple_strtoul+0x20>
878025f2:	2c30      	cmp	r4, #48	; 0x30
878025f4:	d1f3      	bne.n	878025de <simple_strtoul+0x62>
878025f6:	7843      	ldrb	r3, [r0, #1]
878025f8:	f248 0c4c 	movw	ip, #32844	; 0x804c
878025fc:	f2c8 7c80 	movt	ip, #34688	; 0x8780
87802600:	f81c 0003 	ldrb.w	r0, [ip, r3]
87802604:	0786      	lsls	r6, r0, #30
87802606:	bf44      	itt	mi
87802608:	3b20      	submi	r3, #32
8780260a:	b2db      	uxtbmi	r3, r3
8780260c:	2b58      	cmp	r3, #88	; 0x58
8780260e:	bf0d      	iteet	eq
87802610:	78bc      	ldrbeq	r4, [r7, #2]
87802612:	2330      	movne	r3, #48	; 0x30
87802614:	f89c 5030 	ldrbne.w	r5, [ip, #48]	; 0x30
87802618:	3702      	addeq	r7, #2
8780261a:	bf04      	itt	eq
8780261c:	f81c 5004 	ldrbeq.w	r5, [ip, r4]
87802620:	4623      	moveq	r3, r4
87802622:	f005 0044 	and.w	r0, r5, #68	; 0x44
87802626:	e7b9      	b.n	8780259c <simple_strtoul+0x20>
87802628:	7844      	ldrb	r4, [r0, #1]
8780262a:	f248 0c4c 	movw	ip, #32844	; 0x804c
8780262e:	f2c8 7c80 	movt	ip, #34688	; 0x8780
87802632:	3001      	adds	r0, #1
87802634:	f81c 5004 	ldrb.w	r5, [ip, r4]
87802638:	4623      	mov	r3, r4
8780263a:	07aa      	lsls	r2, r5, #30
8780263c:	bf4a      	itet	mi
8780263e:	f1a4 0220 	submi.w	r2, r4, #32
87802642:	4622      	movpl	r2, r4
87802644:	b2d2      	uxtbmi	r2, r2
87802646:	2a58      	cmp	r2, #88	; 0x58
87802648:	d004      	beq.n	87802654 <simple_strtoul+0xd8>
8780264a:	4607      	mov	r7, r0
8780264c:	2208      	movs	r2, #8
8780264e:	f005 0044 	and.w	r0, r5, #68	; 0x44
87802652:	e7a3      	b.n	8780259c <simple_strtoul+0x20>
87802654:	78be      	ldrb	r6, [r7, #2]
87802656:	f81c 2006 	ldrb.w	r2, [ip, r6]
8780265a:	f012 0f44 	tst.w	r2, #68	; 0x44
8780265e:	d0f4      	beq.n	8780264a <simple_strtoul+0xce>
87802660:	4615      	mov	r5, r2
87802662:	4633      	mov	r3, r6
87802664:	3702      	adds	r7, #2
87802666:	4634      	mov	r4, r6
87802668:	2210      	movs	r2, #16
8780266a:	e798      	b.n	8780259e <simple_strtoul+0x22>

8780266c <simple_strtol>:
8780266c:	b510      	push	{r4, lr}
8780266e:	7804      	ldrb	r4, [r0, #0]
87802670:	2c2d      	cmp	r4, #45	; 0x2d
87802672:	d003      	beq.n	8780267c <simple_strtol+0x10>
87802674:	e8bd 4010 	ldmia.w	sp!, {r4, lr}
87802678:	f7ff bf80 	b.w	8780257c <simple_strtoul>
8780267c:	3001      	adds	r0, #1
8780267e:	f7ff ff7d 	bl	8780257c <simple_strtoul>
87802682:	4240      	negs	r0, r0
87802684:	bd10      	pop	{r4, pc}
87802686:	bf00      	nop

87802688 <simple_strtoull>:
87802688:	e92d 4ff0 	stmdb	sp!, {r4, r5, r6, r7, r8, r9, sl, fp, lr}
8780268c:	7803      	ldrb	r3, [r0, #0]
8780268e:	2a00      	cmp	r2, #0
87802690:	d140      	bne.n	87802714 <simple_strtoull+0x8c>
87802692:	2b30      	cmp	r3, #48	; 0x30
87802694:	d066      	beq.n	87802764 <simple_strtoull+0xdc>
87802696:	f248 0e4c 	movw	lr, #32844	; 0x804c
8780269a:	469b      	mov	fp, r3
8780269c:	f2c8 7e80 	movt	lr, #34688	; 0x8780
878026a0:	220a      	movs	r2, #10
878026a2:	f81e c003 	ldrb.w	ip, [lr, r3]
878026a6:	f00c 0444 	and.w	r4, ip, #68	; 0x44
878026aa:	2c00      	cmp	r4, #0
878026ac:	d071      	beq.n	87802792 <simple_strtoull+0x10a>
878026ae:	f04f 0a00 	mov.w	sl, #0
878026b2:	4690      	mov	r8, r2
878026b4:	f04f 0900 	mov.w	r9, #0
878026b8:	4652      	mov	r2, sl
878026ba:	e00e      	b.n	878026da <simple_strtoull+0x52>
878026bc:	fb08 3202 	mla	r2, r8, r2, r3
878026c0:	f810 3f01 	ldrb.w	r3, [r0, #1]!
878026c4:	eb16 0a04 	adds.w	sl, r6, r4
878026c8:	f81e c003 	ldrb.w	ip, [lr, r3]
878026cc:	469b      	mov	fp, r3
878026ce:	4417      	add	r7, r2
878026d0:	eb47 0205 	adc.w	r2, r7, r5
878026d4:	f01c 0f44 	tst.w	ip, #68	; 0x44
878026d8:	d016      	beq.n	87802708 <simple_strtoull+0x80>
878026da:	f01c 0f04 	tst.w	ip, #4
878026de:	f1ab 0430 	sub.w	r4, fp, #48	; 0x30
878026e2:	d108      	bne.n	878026f6 <simple_strtoull+0x6e>
878026e4:	3b20      	subs	r3, #32
878026e6:	f01c 0f02 	tst.w	ip, #2
878026ea:	b2db      	uxtb	r3, r3
878026ec:	f1ab 0437 	sub.w	r4, fp, #55	; 0x37
878026f0:	bf18      	it	ne
878026f2:	f1a3 0437 	subne.w	r4, r3, #55	; 0x37
878026f6:	17e5      	asrs	r5, r4, #31
878026f8:	fb0a f309 	mul.w	r3, sl, r9
878026fc:	454d      	cmp	r5, r9
878026fe:	fbaa 6708 	umull	r6, r7, sl, r8
87802702:	bf08      	it	eq
87802704:	4544      	cmpeq	r4, r8
87802706:	d3d9      	bcc.n	878026bc <simple_strtoull+0x34>
87802708:	b101      	cbz	r1, 8780270c <simple_strtoull+0x84>
8780270a:	6008      	str	r0, [r1, #0]
8780270c:	4650      	mov	r0, sl
8780270e:	4611      	mov	r1, r2
87802710:	e8bd 8ff0 	ldmia.w	sp!, {r4, r5, r6, r7, r8, r9, sl, fp, pc}
87802714:	2a10      	cmp	r2, #16
87802716:	d009      	beq.n	8780272c <simple_strtoull+0xa4>
87802718:	f248 0e4c 	movw	lr, #32844	; 0x804c
8780271c:	469b      	mov	fp, r3
8780271e:	f2c8 7e80 	movt	lr, #34688	; 0x8780
87802722:	f81e c003 	ldrb.w	ip, [lr, r3]
87802726:	f00c 0444 	and.w	r4, ip, #68	; 0x44
8780272a:	e7be      	b.n	878026aa <simple_strtoull+0x22>
8780272c:	2b30      	cmp	r3, #48	; 0x30
8780272e:	d1f3      	bne.n	87802718 <simple_strtoull+0x90>
87802730:	7844      	ldrb	r4, [r0, #1]
87802732:	f248 0e4c 	movw	lr, #32844	; 0x804c
87802736:	f2c8 7e80 	movt	lr, #34688	; 0x8780
8780273a:	f81e 5004 	ldrb.w	r5, [lr, r4]
8780273e:	07ad      	lsls	r5, r5, #30
87802740:	bf44      	itt	mi
87802742:	3c20      	submi	r4, #32
87802744:	b2e4      	uxtbmi	r4, r4
87802746:	2c58      	cmp	r4, #88	; 0x58
87802748:	bf0d      	iteet	eq
8780274a:	7883      	ldrbeq	r3, [r0, #2]
8780274c:	f04f 0b30 	movne.w	fp, #48	; 0x30
87802750:	f89e c030 	ldrbne.w	ip, [lr, #48]	; 0x30
87802754:	3002      	addeq	r0, #2
87802756:	bf04      	itt	eq
87802758:	f81e c003 	ldrbeq.w	ip, [lr, r3]
8780275c:	469b      	moveq	fp, r3
8780275e:	f00c 0444 	and.w	r4, ip, #68	; 0x44
87802762:	e7a2      	b.n	878026aa <simple_strtoull+0x22>
87802764:	7843      	ldrb	r3, [r0, #1]
87802766:	f248 0e4c 	movw	lr, #32844	; 0x804c
8780276a:	f2c8 7e80 	movt	lr, #34688	; 0x8780
8780276e:	1c44      	adds	r4, r0, #1
87802770:	f81e c003 	ldrb.w	ip, [lr, r3]
87802774:	469b      	mov	fp, r3
87802776:	f01c 0f02 	tst.w	ip, #2
8780277a:	bf16      	itet	ne
8780277c:	f1a3 0220 	subne.w	r2, r3, #32
87802780:	461a      	moveq	r2, r3
87802782:	b2d2      	uxtbne	r2, r2
87802784:	2a58      	cmp	r2, #88	; 0x58
87802786:	d008      	beq.n	8780279a <simple_strtoull+0x112>
87802788:	4620      	mov	r0, r4
8780278a:	2208      	movs	r2, #8
8780278c:	f00c 0444 	and.w	r4, ip, #68	; 0x44
87802790:	e78b      	b.n	878026aa <simple_strtoull+0x22>
87802792:	f04f 0a00 	mov.w	sl, #0
87802796:	4652      	mov	r2, sl
87802798:	e7b6      	b.n	87802708 <simple_strtoull+0x80>
8780279a:	7885      	ldrb	r5, [r0, #2]
8780279c:	f81e 2005 	ldrb.w	r2, [lr, r5]
878027a0:	f012 0f44 	tst.w	r2, #68	; 0x44
878027a4:	d0f0      	beq.n	87802788 <simple_strtoull+0x100>
878027a6:	4694      	mov	ip, r2
878027a8:	46ab      	mov	fp, r5
878027aa:	3002      	adds	r0, #2
878027ac:	462b      	mov	r3, r5
878027ae:	2210      	movs	r2, #16
878027b0:	e77d      	b.n	878026ae <simple_strtoull+0x26>
878027b2:	bf00      	nop

878027b4 <simple_strtoll>:
878027b4:	b510      	push	{r4, lr}
878027b6:	7804      	ldrb	r4, [r0, #0]
878027b8:	2c2d      	cmp	r4, #45	; 0x2d
878027ba:	d003      	beq.n	878027c4 <simple_strtoll+0x10>
878027bc:	e8bd 4010 	ldmia.w	sp!, {r4, lr}
878027c0:	f7ff bf62 	b.w	87802688 <simple_strtoull>
878027c4:	3001      	adds	r0, #1
878027c6:	f7ff ff5f 	bl	87802688 <simple_strtoull>
878027ca:	4240      	negs	r0, r0
878027cc:	eb61 0141 	sbc.w	r1, r1, r1, lsl #1
878027d0:	bd10      	pop	{r4, pc}
878027d2:	bf00      	nop

878027d4 <vsnprintf>:
878027d4:	e92d 4ff0 	stmdb	sp!, {r4, r5, r6, r7, r8, r9, sl, fp, lr}
878027d8:	469a      	mov	sl, r3
878027da:	1e0b      	subs	r3, r1, #0
878027dc:	b089      	sub	sp, #36	; 0x24
878027de:	9305      	str	r3, [sp, #20]
878027e0:	f2c0 826a 	blt.w	87802cb8 <vsnprintf+0x4e4>
878027e4:	f103 38ff 	add.w	r8, r3, #4294967295	; 0xffffffff
878027e8:	1e43      	subs	r3, r0, #1
878027ea:	4480      	add	r8, r0
878027ec:	4605      	mov	r5, r0
878027ee:	4598      	cmp	r8, r3
878027f0:	9006      	str	r0, [sp, #24]
878027f2:	4614      	mov	r4, r2
878027f4:	7810      	ldrb	r0, [r2, #0]
878027f6:	f0c0 80c9 	bcc.w	8780298c <vsnprintf+0x1b8>
878027fa:	2800      	cmp	r0, #0
878027fc:	f000 80d1 	beq.w	878029a2 <vsnprintf+0x1ce>
87802800:	f248 0310 	movw	r3, #32784	; 0x8010
87802804:	f248 094c 	movw	r9, #32844	; 0x804c
87802808:	f2c8 7380 	movt	r3, #34688	; 0x8780
8780280c:	f2c8 7980 	movt	r9, #34688	; 0x8780
87802810:	9307      	str	r3, [sp, #28]
87802812:	e008      	b.n	87802826 <vsnprintf+0x52>
87802814:	45a8      	cmp	r8, r5
87802816:	bf28      	it	cs
87802818:	7028      	strbcs	r0, [r5, #0]
8780281a:	7860      	ldrb	r0, [r4, #1]
8780281c:	3501      	adds	r5, #1
8780281e:	3401      	adds	r4, #1
87802820:	2800      	cmp	r0, #0
87802822:	f000 80bc 	beq.w	8780299e <vsnprintf+0x1ca>
87802826:	2825      	cmp	r0, #37	; 0x25
87802828:	d1f4      	bne.n	87802814 <vsnprintf+0x40>
8780282a:	2700      	movs	r7, #0
8780282c:	7863      	ldrb	r3, [r4, #1]
8780282e:	1c62      	adds	r2, r4, #1
87802830:	f1a3 0120 	sub.w	r1, r3, #32
87802834:	2910      	cmp	r1, #16
87802836:	d81e      	bhi.n	87802876 <vsnprintf+0xa2>
87802838:	e8df f001 	tbb	[pc, r1]
8780283c:	151d1d19 	ldrne	r1, [sp, #-3353]	; 0xfffff2e7
87802840:	1d1d1d1d 	ldcne	13, cr1, [sp, #-116]	; 0xffffff8c
87802844:	111d1d1d 	tstne	sp, sp, lsl sp
87802848:	1d1d0d1d 	ldcne	13, cr0, [sp, #-116]	; 0xffffff8c
8780284c:	f0470009 			; <UNDEFINED> instruction: 0xf0470009
87802850:	0701      	lsls	r1, r0, #28
87802852:	4614      	mov	r4, r2
87802854:	e7ea      	b.n	8780282c <vsnprintf+0x58>
87802856:	f047 0710 	orr.w	r7, r7, #16
8780285a:	4614      	mov	r4, r2
8780285c:	e7e6      	b.n	8780282c <vsnprintf+0x58>
8780285e:	f047 0704 	orr.w	r7, r7, #4
87802862:	4614      	mov	r4, r2
87802864:	e7e2      	b.n	8780282c <vsnprintf+0x58>
87802866:	f047 0720 	orr.w	r7, r7, #32
8780286a:	4614      	mov	r4, r2
8780286c:	e7de      	b.n	8780282c <vsnprintf+0x58>
8780286e:	f047 0708 	orr.w	r7, r7, #8
87802872:	4614      	mov	r4, r2
87802874:	e7da      	b.n	8780282c <vsnprintf+0x58>
87802876:	f819 0003 	ldrb.w	r0, [r9, r3]
8780287a:	4619      	mov	r1, r3
8780287c:	0746      	lsls	r6, r0, #29
8780287e:	f100 809b 	bmi.w	878029b8 <vsnprintf+0x1e4>
87802882:	2b2a      	cmp	r3, #42	; 0x2a
87802884:	bf18      	it	ne
87802886:	f04f 36ff 	movne.w	r6, #4294967295	; 0xffffffff
8780288a:	d10a      	bne.n	878028a2 <vsnprintf+0xce>
8780288c:	f8da 6000 	ldr.w	r6, [sl]
87802890:	1ca2      	adds	r2, r4, #2
87802892:	78a3      	ldrb	r3, [r4, #2]
87802894:	f10a 0a04 	add.w	sl, sl, #4
87802898:	2e00      	cmp	r6, #0
8780289a:	bfbc      	itt	lt
8780289c:	4276      	neglt	r6, r6
8780289e:	f047 0710 	orrlt.w	r7, r7, #16
878028a2:	2b2e      	cmp	r3, #46	; 0x2e
878028a4:	bf18      	it	ne
878028a6:	f04f 31ff 	movne.w	r1, #4294967295	; 0xffffffff
878028aa:	f000 8098 	beq.w	878029de <vsnprintf+0x20a>
878028ae:	f003 00df 	and.w	r0, r3, #223	; 0xdf
878028b2:	285a      	cmp	r0, #90	; 0x5a
878028b4:	bf18      	it	ne
878028b6:	284c      	cmpne	r0, #76	; 0x4c
878028b8:	bf0c      	ite	eq
878028ba:	2001      	moveq	r0, #1
878028bc:	2000      	movne	r0, #0
878028be:	2b68      	cmp	r3, #104	; 0x68
878028c0:	bf08      	it	eq
878028c2:	f040 0001 	orreq.w	r0, r0, #1
878028c6:	2800      	cmp	r0, #0
878028c8:	f000 8100 	beq.w	87802acc <vsnprintf+0x2f8>
878028cc:	4618      	mov	r0, r3
878028ce:	1c54      	adds	r4, r2, #1
878028d0:	286c      	cmp	r0, #108	; 0x6c
878028d2:	7853      	ldrb	r3, [r2, #1]
878028d4:	f000 8098 	beq.w	87802a08 <vsnprintf+0x234>
878028d8:	3b25      	subs	r3, #37	; 0x25
878028da:	2b53      	cmp	r3, #83	; 0x53
878028dc:	f200 81b8 	bhi.w	87802c50 <vsnprintf+0x47c>
878028e0:	e8df f013 	tbh	[pc, r3, lsl #1]
878028e4:	01b60175 			; <UNDEFINED> instruction: 0x01b60175
878028e8:	01b601b6 			; <UNDEFINED> instruction: 0x01b601b6
878028ec:	01b601b6 			; <UNDEFINED> instruction: 0x01b601b6
878028f0:	01b601b6 			; <UNDEFINED> instruction: 0x01b601b6
878028f4:	01b601b6 			; <UNDEFINED> instruction: 0x01b601b6
878028f8:	01b601b6 			; <UNDEFINED> instruction: 0x01b601b6
878028fc:	01b601b6 			; <UNDEFINED> instruction: 0x01b601b6
87802900:	01b601b6 			; <UNDEFINED> instruction: 0x01b601b6
87802904:	01b601b6 			; <UNDEFINED> instruction: 0x01b601b6
87802908:	01b601b6 			; <UNDEFINED> instruction: 0x01b601b6
8780290c:	01b601b6 			; <UNDEFINED> instruction: 0x01b601b6
87802910:	01b601b6 			; <UNDEFINED> instruction: 0x01b601b6
87802914:	01b601b6 			; <UNDEFINED> instruction: 0x01b601b6
87802918:	01b601b6 			; <UNDEFINED> instruction: 0x01b601b6
8780291c:	01b601b6 			; <UNDEFINED> instruction: 0x01b601b6
87802920:	01b601b6 			; <UNDEFINED> instruction: 0x01b601b6
87802924:	01b601b6 			; <UNDEFINED> instruction: 0x01b601b6
87802928:	01b601b6 			; <UNDEFINED> instruction: 0x01b601b6
8780292c:	01b601b6 			; <UNDEFINED> instruction: 0x01b601b6
87802930:	01b601b6 			; <UNDEFINED> instruction: 0x01b601b6
87802934:	01b601b6 			; <UNDEFINED> instruction: 0x01b601b6
87802938:	01b601b6 			; <UNDEFINED> instruction: 0x01b601b6
8780293c:	01b601b6 			; <UNDEFINED> instruction: 0x01b601b6
87802940:	01b601b6 			; <UNDEFINED> instruction: 0x01b601b6
87802944:	01b601b6 			; <UNDEFINED> instruction: 0x01b601b6
87802948:	019601b6 			; <UNDEFINED> instruction: 0x019601b6
8780294c:	01b601b6 			; <UNDEFINED> instruction: 0x01b601b6
87802950:	01b601b6 			; <UNDEFINED> instruction: 0x01b601b6
87802954:	01b601b6 			; <UNDEFINED> instruction: 0x01b601b6
87802958:	01b601b6 			; <UNDEFINED> instruction: 0x01b601b6
8780295c:	01b601b6 			; <UNDEFINED> instruction: 0x01b601b6
87802960:	01a10153 			; <UNDEFINED> instruction: 0x01a10153
87802964:	01b601b6 			; <UNDEFINED> instruction: 0x01b601b6
87802968:	01b601b6 			; <UNDEFINED> instruction: 0x01b601b6
8780296c:	01b601a1 			; <UNDEFINED> instruction: 0x01b601a1
87802970:	01b601b6 			; <UNDEFINED> instruction: 0x01b601b6
87802974:	01ac01b6 			; <UNDEFINED> instruction: 0x01ac01b6
87802978:	013d01a6 	teqeq	sp, r6, lsr #3
8780297c:	01b601b6 			; <UNDEFINED> instruction: 0x01b601b6
87802980:	01b60109 			; <UNDEFINED> instruction: 0x01b60109
87802984:	01b6017a 			; <UNDEFINED> instruction: 0x01b6017a
87802988:	01a901b6 			; <UNDEFINED> instruction: 0x01a901b6
8780298c:	426b      	negs	r3, r5
8780298e:	9305      	str	r3, [sp, #20]
87802990:	2800      	cmp	r0, #0
87802992:	f000 8096 	beq.w	87802ac2 <vsnprintf+0x2ee>
87802996:	f04f 38ff 	mov.w	r8, #4294967295	; 0xffffffff
8780299a:	e731      	b.n	87802800 <vsnprintf+0x2c>
8780299c:	4615      	mov	r5, r2
8780299e:	9b06      	ldr	r3, [sp, #24]
878029a0:	1ae8      	subs	r0, r5, r3
878029a2:	45a8      	cmp	r8, r5
878029a4:	f080 808d 	bcs.w	87802ac2 <vsnprintf+0x2ee>
878029a8:	9b05      	ldr	r3, [sp, #20]
878029aa:	b113      	cbz	r3, 878029b2 <vsnprintf+0x1de>
878029ac:	2300      	movs	r3, #0
878029ae:	f888 3000 	strb.w	r3, [r8]
878029b2:	b009      	add	sp, #36	; 0x24
878029b4:	e8bd 8ff0 	ldmia.w	sp!, {r4, r5, r6, r7, r8, r9, sl, fp, pc}
878029b8:	2600      	movs	r6, #0
878029ba:	eb06 0686 	add.w	r6, r6, r6, lsl #2
878029be:	eb01 0646 	add.w	r6, r1, r6, lsl #1
878029c2:	f812 1f01 	ldrb.w	r1, [r2, #1]!
878029c6:	3e30      	subs	r6, #48	; 0x30
878029c8:	f819 0001 	ldrb.w	r0, [r9, r1]
878029cc:	460b      	mov	r3, r1
878029ce:	0740      	lsls	r0, r0, #29
878029d0:	d4f3      	bmi.n	878029ba <vsnprintf+0x1e6>
878029d2:	2b2e      	cmp	r3, #46	; 0x2e
878029d4:	bf18      	it	ne
878029d6:	f04f 31ff 	movne.w	r1, #4294967295	; 0xffffffff
878029da:	f47f af68 	bne.w	878028ae <vsnprintf+0xda>
878029de:	7850      	ldrb	r0, [r2, #1]
878029e0:	1c54      	adds	r4, r2, #1
878029e2:	f819 1000 	ldrb.w	r1, [r9, r0]
878029e6:	4603      	mov	r3, r0
878029e8:	f011 0104 	ands.w	r1, r1, #4
878029ec:	d172      	bne.n	87802ad4 <vsnprintf+0x300>
878029ee:	282a      	cmp	r0, #42	; 0x2a
878029f0:	bf09      	itett	eq
878029f2:	f8da 1000 	ldreq.w	r1, [sl]
878029f6:	4622      	movne	r2, r4
878029f8:	7893      	ldrbeq	r3, [r2, #2]
878029fa:	f10a 0a04 	addeq.w	sl, sl, #4
878029fe:	bf04      	itt	eq
87802a00:	3202      	addeq	r2, #2
87802a02:	ea21 71e1 	biceq.w	r1, r1, r1, asr #31
87802a06:	e752      	b.n	878028ae <vsnprintf+0xda>
87802a08:	2b6c      	cmp	r3, #108	; 0x6c
87802a0a:	f000 8147 	beq.w	87802c9c <vsnprintf+0x4c8>
87802a0e:	3b25      	subs	r3, #37	; 0x25
87802a10:	2b53      	cmp	r3, #83	; 0x53
87802a12:	f200 811d 	bhi.w	87802c50 <vsnprintf+0x47c>
87802a16:	e8df f013 	tbh	[pc, r3, lsl #1]
87802a1a:	011b00da 	ldrsbeq	r0, [fp, -sl]
87802a1e:	011b011b 	tsteq	fp, fp, lsl r1
87802a22:	011b011b 	tsteq	fp, fp, lsl r1
87802a26:	011b011b 	tsteq	fp, fp, lsl r1
87802a2a:	011b011b 	tsteq	fp, fp, lsl r1
87802a2e:	011b011b 	tsteq	fp, fp, lsl r1
87802a32:	011b011b 	tsteq	fp, fp, lsl r1
87802a36:	011b011b 	tsteq	fp, fp, lsl r1
87802a3a:	011b011b 	tsteq	fp, fp, lsl r1
87802a3e:	011b011b 	tsteq	fp, fp, lsl r1
87802a42:	011b011b 	tsteq	fp, fp, lsl r1
87802a46:	011b011b 	tsteq	fp, fp, lsl r1
87802a4a:	011b011b 	tsteq	fp, fp, lsl r1
87802a4e:	011b011b 	tsteq	fp, fp, lsl r1
87802a52:	011b011b 	tsteq	fp, fp, lsl r1
87802a56:	011b011b 	tsteq	fp, fp, lsl r1
87802a5a:	011b011b 	tsteq	fp, fp, lsl r1
87802a5e:	011b011b 	tsteq	fp, fp, lsl r1
87802a62:	011b011b 	tsteq	fp, fp, lsl r1
87802a66:	011b011b 	tsteq	fp, fp, lsl r1
87802a6a:	011b011b 	tsteq	fp, fp, lsl r1
87802a6e:	011b011b 	tsteq	fp, fp, lsl r1
87802a72:	011b011b 	tsteq	fp, fp, lsl r1
87802a76:	011b011b 	tsteq	fp, fp, lsl r1
87802a7a:	011b011b 	tsteq	fp, fp, lsl r1
87802a7e:	0188011b 	orreq	r0, r8, fp, lsl r1
87802a82:	011b011b 	tsteq	fp, fp, lsl r1
87802a86:	011b011b 	tsteq	fp, fp, lsl r1
87802a8a:	011b011b 	tsteq	fp, fp, lsl r1
87802a8e:	011b011b 	tsteq	fp, fp, lsl r1
87802a92:	011b011b 	tsteq	fp, fp, lsl r1
87802a96:	018100b8 	strheq	r0, [r1, r8]
87802a9a:	011b011b 	tsteq	fp, fp, lsl r1
87802a9e:	011b011b 	tsteq	fp, fp, lsl r1
87802aa2:	011b0181 	tsteq	fp, r1, lsl #3
87802aa6:	011b011b 	tsteq	fp, fp, lsl r1
87802aaa:	012d011b 			; <UNDEFINED> instruction: 0x012d011b
87802aae:	00a2018f 	adceq	r0, r2, pc, lsl #3
87802ab2:	011b011b 	tsteq	fp, fp, lsl r1
87802ab6:	011b006e 	tsteq	fp, lr, rrx
87802aba:	011b0194 			; <UNDEFINED> instruction: 0x011b0194
87802abe:	0136011b 	teqeq	r6, fp, lsl r1
87802ac2:	2300      	movs	r3, #0
87802ac4:	702b      	strb	r3, [r5, #0]
87802ac6:	b009      	add	sp, #36	; 0x24
87802ac8:	e8bd 8ff0 	ldmia.w	sp!, {r4, r5, r6, r7, r8, r9, sl, fp, pc}
87802acc:	4614      	mov	r4, r2
87802ace:	f04f 30ff 	mov.w	r0, #4294967295	; 0xffffffff
87802ad2:	e701      	b.n	878028d8 <vsnprintf+0x104>
87802ad4:	2100      	movs	r1, #0
87802ad6:	f814 3f01 	ldrb.w	r3, [r4, #1]!
87802ada:	eb01 0181 	add.w	r1, r1, r1, lsl #2
87802ade:	eb00 0141 	add.w	r1, r0, r1, lsl #1
87802ae2:	f819 2003 	ldrb.w	r2, [r9, r3]
87802ae6:	4618      	mov	r0, r3
87802ae8:	3930      	subs	r1, #48	; 0x30
87802aea:	0752      	lsls	r2, r2, #29
87802aec:	d4f3      	bmi.n	87802ad6 <vsnprintf+0x302>
87802aee:	ea21 71e1 	bic.w	r1, r1, r1, asr #31
87802af2:	4622      	mov	r2, r4
87802af4:	e6db      	b.n	878028ae <vsnprintf+0xda>
87802af6:	f8da b000 	ldr.w	fp, [sl]
87802afa:	f10a 0a04 	add.w	sl, sl, #4
87802afe:	9b07      	ldr	r3, [sp, #28]
87802b00:	f5bb 6f80 	cmp.w	fp, #1024	; 0x400
87802b04:	bf38      	it	cc
87802b06:	469b      	movcc	fp, r3
87802b08:	4658      	mov	r0, fp
87802b0a:	f7ff f991 	bl	87801e30 <strnlen>
87802b0e:	06f9      	lsls	r1, r7, #27
87802b10:	f106 33ff 	add.w	r3, r6, #4294967295	; 0xffffffff
87802b14:	f140 80d8 	bpl.w	87802cc8 <vsnprintf+0x4f4>
87802b18:	2800      	cmp	r0, #0
87802b1a:	bfd8      	it	le
87802b1c:	462a      	movle	r2, r5
87802b1e:	dd0d      	ble.n	87802b3c <vsnprintf+0x368>
87802b20:	182a      	adds	r2, r5, r0
87802b22:	4545      	cmp	r5, r8
87802b24:	f105 0501 	add.w	r5, r5, #1
87802b28:	bf98      	it	ls
87802b2a:	f89b 1000 	ldrbls.w	r1, [fp]
87802b2e:	f10b 0b01 	add.w	fp, fp, #1
87802b32:	bf98      	it	ls
87802b34:	f805 1c01 	strbls.w	r1, [r5, #-1]
87802b38:	4295      	cmp	r5, r2
87802b3a:	d1f2      	bne.n	87802b22 <vsnprintf+0x34e>
87802b3c:	4286      	cmp	r6, r0
87802b3e:	4615      	mov	r5, r2
87802b40:	bfc2      	ittt	gt
87802b42:	3301      	addgt	r3, #1
87802b44:	2120      	movgt	r1, #32
87802b46:	18d2      	addgt	r2, r2, r3
87802b48:	dd60      	ble.n	87802c0c <vsnprintf+0x438>
87802b4a:	4545      	cmp	r5, r8
87802b4c:	f105 0501 	add.w	r5, r5, #1
87802b50:	bf98      	it	ls
87802b52:	f805 1c01 	strbls.w	r1, [r5, #-1]
87802b56:	1b53      	subs	r3, r2, r5
87802b58:	4298      	cmp	r0, r3
87802b5a:	dbf6      	blt.n	87802b4a <vsnprintf+0x376>
87802b5c:	e056      	b.n	87802c0c <vsnprintf+0x438>
87802b5e:	1c72      	adds	r2, r6, #1
87802b60:	f8da 2000 	ldr.w	r2, [sl]
87802b64:	bf04      	itt	eq
87802b66:	f047 0701 	orreq.w	r7, r7, #1
87802b6a:	2608      	moveq	r6, #8
87802b6c:	9102      	str	r1, [sp, #8]
87802b6e:	2110      	movs	r1, #16
87802b70:	4628      	mov	r0, r5
87802b72:	9100      	str	r1, [sp, #0]
87802b74:	9703      	str	r7, [sp, #12]
87802b76:	2300      	movs	r3, #0
87802b78:	9601      	str	r6, [sp, #4]
87802b7a:	4641      	mov	r1, r8
87802b7c:	f7ff fae0 	bl	87802140 <number>
87802b80:	f10a 0a04 	add.w	sl, sl, #4
87802b84:	4605      	mov	r5, r0
87802b86:	7860      	ldrb	r0, [r4, #1]
87802b88:	e649      	b.n	8780281e <vsnprintf+0x4a>
87802b8a:	06f8      	lsls	r0, r7, #27
87802b8c:	f106 31ff 	add.w	r1, r6, #4294967295	; 0xffffffff
87802b90:	f140 80af 	bpl.w	87802cf2 <vsnprintf+0x51e>
87802b94:	4545      	cmp	r5, r8
87802b96:	f10a 0604 	add.w	r6, sl, #4
87802b9a:	bf98      	it	ls
87802b9c:	f8da 3000 	ldrls.w	r3, [sl]
87802ba0:	f105 0001 	add.w	r0, r5, #1
87802ba4:	bf98      	it	ls
87802ba6:	702b      	strbls	r3, [r5, #0]
87802ba8:	2900      	cmp	r1, #0
87802baa:	f340 80cf 	ble.w	87802d4c <vsnprintf+0x578>
87802bae:	1c4a      	adds	r2, r1, #1
87802bb0:	4603      	mov	r3, r0
87802bb2:	4415      	add	r5, r2
87802bb4:	2220      	movs	r2, #32
87802bb6:	4543      	cmp	r3, r8
87802bb8:	f103 0301 	add.w	r3, r3, #1
87802bbc:	bf98      	it	ls
87802bbe:	f803 2c01 	strbls.w	r2, [r3, #-1]
87802bc2:	42ab      	cmp	r3, r5
87802bc4:	d1f7      	bne.n	87802bb6 <vsnprintf+0x3e2>
87802bc6:	1845      	adds	r5, r0, r1
87802bc8:	46b2      	mov	sl, r6
87802bca:	7860      	ldrb	r0, [r4, #1]
87802bcc:	e627      	b.n	8780281e <vsnprintf+0x4a>
87802bce:	45a8      	cmp	r8, r5
87802bd0:	bf24      	itt	cs
87802bd2:	2325      	movcs	r3, #37	; 0x25
87802bd4:	702b      	strbcs	r3, [r5, #0]
87802bd6:	e620      	b.n	8780281a <vsnprintf+0x46>
87802bd8:	f04f 0c0a 	mov.w	ip, #10
87802bdc:	284c      	cmp	r0, #76	; 0x4c
87802bde:	d01d      	beq.n	87802c1c <vsnprintf+0x448>
87802be0:	286c      	cmp	r0, #108	; 0x6c
87802be2:	f10a 0e04 	add.w	lr, sl, #4
87802be6:	d052      	beq.n	87802c8e <vsnprintf+0x4ba>
87802be8:	f020 0320 	bic.w	r3, r0, #32
87802bec:	2b5a      	cmp	r3, #90	; 0x5a
87802bee:	d159      	bne.n	87802ca4 <vsnprintf+0x4d0>
87802bf0:	f8da 2000 	ldr.w	r2, [sl]
87802bf4:	46f2      	mov	sl, lr
87802bf6:	2300      	movs	r3, #0
87802bf8:	e9cd 1702 	strd	r1, r7, [sp, #8]
87802bfc:	4628      	mov	r0, r5
87802bfe:	9601      	str	r6, [sp, #4]
87802c00:	4641      	mov	r1, r8
87802c02:	f8cd c000 	str.w	ip, [sp]
87802c06:	f7ff fa9b 	bl	87802140 <number>
87802c0a:	4605      	mov	r5, r0
87802c0c:	7860      	ldrb	r0, [r4, #1]
87802c0e:	e606      	b.n	8780281e <vsnprintf+0x4a>
87802c10:	284c      	cmp	r0, #76	; 0x4c
87802c12:	f047 0740 	orr.w	r7, r7, #64	; 0x40
87802c16:	f04f 0c10 	mov.w	ip, #16
87802c1a:	d1e1      	bne.n	87802be0 <vsnprintf+0x40c>
87802c1c:	e9da 2300 	ldrd	r2, r3, [sl]
87802c20:	f10a 0a08 	add.w	sl, sl, #8
87802c24:	e7e8      	b.n	87802bf8 <vsnprintf+0x424>
87802c26:	f047 0702 	orr.w	r7, r7, #2
87802c2a:	f04f 0c0a 	mov.w	ip, #10
87802c2e:	e7d5      	b.n	87802bdc <vsnprintf+0x408>
87802c30:	f04f 0c08 	mov.w	ip, #8
87802c34:	e7d2      	b.n	87802bdc <vsnprintf+0x408>
87802c36:	f04f 0c10 	mov.w	ip, #16
87802c3a:	e7cf      	b.n	87802bdc <vsnprintf+0x408>
87802c3c:	9b06      	ldr	r3, [sp, #24]
87802c3e:	f8da 2000 	ldr.w	r2, [sl]
87802c42:	1ae9      	subs	r1, r5, r3
87802c44:	f10a 0304 	add.w	r3, sl, #4
87802c48:	6011      	str	r1, [r2, #0]
87802c4a:	469a      	mov	sl, r3
87802c4c:	7860      	ldrb	r0, [r4, #1]
87802c4e:	e5e6      	b.n	8780281e <vsnprintf+0x4a>
87802c50:	45a8      	cmp	r8, r5
87802c52:	f105 0201 	add.w	r2, r5, #1
87802c56:	bf24      	itt	cs
87802c58:	2325      	movcs	r3, #37	; 0x25
87802c5a:	702b      	strbcs	r3, [r5, #0]
87802c5c:	7823      	ldrb	r3, [r4, #0]
87802c5e:	2b00      	cmp	r3, #0
87802c60:	f43f ae9c 	beq.w	8780299c <vsnprintf+0x1c8>
87802c64:	4542      	cmp	r2, r8
87802c66:	f105 0502 	add.w	r5, r5, #2
87802c6a:	bf98      	it	ls
87802c6c:	f805 3c01 	strbls.w	r3, [r5, #-1]
87802c70:	7860      	ldrb	r0, [r4, #1]
87802c72:	e5d4      	b.n	8780281e <vsnprintf+0x4a>
87802c74:	9906      	ldr	r1, [sp, #24]
87802c76:	f10a 0a04 	add.w	sl, sl, #4
87802c7a:	f85a 3c04 	ldr.w	r3, [sl, #-4]
87802c7e:	1a69      	subs	r1, r5, r1
87802c80:	6019      	str	r1, [r3, #0]
87802c82:	7890      	ldrb	r0, [r2, #2]
87802c84:	e5cb      	b.n	8780281e <vsnprintf+0x4a>
87802c86:	f10a 0e04 	add.w	lr, sl, #4
87802c8a:	f04f 0c10 	mov.w	ip, #16
87802c8e:	07bb      	lsls	r3, r7, #30
87802c90:	f8da 2000 	ldr.w	r2, [sl]
87802c94:	46f2      	mov	sl, lr
87802c96:	d5ae      	bpl.n	87802bf6 <vsnprintf+0x422>
87802c98:	17d3      	asrs	r3, r2, #31
87802c9a:	e7ad      	b.n	87802bf8 <vsnprintf+0x424>
87802c9c:	1c94      	adds	r4, r2, #2
87802c9e:	7893      	ldrb	r3, [r2, #2]
87802ca0:	204c      	movs	r0, #76	; 0x4c
87802ca2:	e619      	b.n	878028d8 <vsnprintf+0x104>
87802ca4:	2868      	cmp	r0, #104	; 0x68
87802ca6:	f8da 2000 	ldr.w	r2, [sl]
87802caa:	f007 0302 	and.w	r3, r7, #2
87802cae:	46f2      	mov	sl, lr
87802cb0:	d006      	beq.n	87802cc0 <vsnprintf+0x4ec>
87802cb2:	2b00      	cmp	r3, #0
87802cb4:	d1f0      	bne.n	87802c98 <vsnprintf+0x4c4>
87802cb6:	e79e      	b.n	87802bf6 <vsnprintf+0x422>
87802cb8:	2000      	movs	r0, #0
87802cba:	b009      	add	sp, #36	; 0x24
87802cbc:	e8bd 8ff0 	ldmia.w	sp!, {r4, r5, r6, r7, r8, r9, sl, fp, pc}
87802cc0:	b34b      	cbz	r3, 87802d16 <vsnprintf+0x542>
87802cc2:	b212      	sxth	r2, r2
87802cc4:	17d3      	asrs	r3, r2, #31
87802cc6:	e797      	b.n	87802bf8 <vsnprintf+0x424>
87802cc8:	4286      	cmp	r6, r0
87802cca:	bfde      	ittt	le
87802ccc:	1eb2      	suble	r2, r6, #2
87802cce:	461e      	movle	r6, r3
87802cd0:	4613      	movle	r3, r2
87802cd2:	f77f af21 	ble.w	87802b18 <vsnprintf+0x344>
87802cd6:	1a33      	subs	r3, r6, r0
87802cd8:	2220      	movs	r2, #32
87802cda:	442b      	add	r3, r5
87802cdc:	4545      	cmp	r5, r8
87802cde:	f105 0501 	add.w	r5, r5, #1
87802ce2:	bf98      	it	ls
87802ce4:	f805 2c01 	strbls.w	r2, [r5, #-1]
87802ce8:	429d      	cmp	r5, r3
87802cea:	d1f7      	bne.n	87802cdc <vsnprintf+0x508>
87802cec:	1e46      	subs	r6, r0, #1
87802cee:	1e73      	subs	r3, r6, #1
87802cf0:	e712      	b.n	87802b18 <vsnprintf+0x344>
87802cf2:	2900      	cmp	r1, #0
87802cf4:	bfd8      	it	le
87802cf6:	1eb1      	suble	r1, r6, #2
87802cf8:	f77f af4c 	ble.w	87802b94 <vsnprintf+0x3c0>
87802cfc:	4429      	add	r1, r5
87802cfe:	2320      	movs	r3, #32
87802d00:	4545      	cmp	r5, r8
87802d02:	f105 0501 	add.w	r5, r5, #1
87802d06:	bf98      	it	ls
87802d08:	f805 3c01 	strbls.w	r3, [r5, #-1]
87802d0c:	428d      	cmp	r5, r1
87802d0e:	d1f7      	bne.n	87802d00 <vsnprintf+0x52c>
87802d10:	f04f 31ff 	mov.w	r1, #4294967295	; 0xffffffff
87802d14:	e73e      	b.n	87802b94 <vsnprintf+0x3c0>
87802d16:	b292      	uxth	r2, r2
87802d18:	2300      	movs	r3, #0
87802d1a:	e76d      	b.n	87802bf8 <vsnprintf+0x424>
87802d1c:	f047 0702 	orr.w	r7, r7, #2
87802d20:	f10a 0e04 	add.w	lr, sl, #4
87802d24:	f04f 0c0a 	mov.w	ip, #10
87802d28:	e7b1      	b.n	87802c8e <vsnprintf+0x4ba>
87802d2a:	f047 0740 	orr.w	r7, r7, #64	; 0x40
87802d2e:	f10a 0e04 	add.w	lr, sl, #4
87802d32:	f04f 0c10 	mov.w	ip, #16
87802d36:	e7aa      	b.n	87802c8e <vsnprintf+0x4ba>
87802d38:	f10a 0e04 	add.w	lr, sl, #4
87802d3c:	f04f 0c08 	mov.w	ip, #8
87802d40:	e7a5      	b.n	87802c8e <vsnprintf+0x4ba>
87802d42:	f10a 0e04 	add.w	lr, sl, #4
87802d46:	f04f 0c0a 	mov.w	ip, #10
87802d4a:	e7a0      	b.n	87802c8e <vsnprintf+0x4ba>
87802d4c:	4605      	mov	r5, r0
87802d4e:	46b2      	mov	sl, r6
87802d50:	7860      	ldrb	r0, [r4, #1]
87802d52:	e564      	b.n	8780281e <vsnprintf+0x4a>

87802d54 <vscnprintf>:
87802d54:	b510      	push	{r4, lr}
87802d56:	460c      	mov	r4, r1
87802d58:	f7ff fd3c 	bl	878027d4 <vsnprintf>
87802d5c:	42a0      	cmp	r0, r4
87802d5e:	bf28      	it	cs
87802d60:	f104 30ff 	addcs.w	r0, r4, #4294967295	; 0xffffffff
87802d64:	bd10      	pop	{r4, pc}
87802d66:	bf00      	nop

87802d68 <snprintf>:
87802d68:	b40c      	push	{r2, r3}
87802d6a:	b508      	push	{r3, lr}
87802d6c:	ab03      	add	r3, sp, #12
87802d6e:	9a02      	ldr	r2, [sp, #8]
87802d70:	f7ff fd30 	bl	878027d4 <vsnprintf>
87802d74:	e8bd 4008 	ldmia.w	sp!, {r3, lr}
87802d78:	b002      	add	sp, #8
87802d7a:	4770      	bx	lr

87802d7c <scnprintf>:
87802d7c:	b40c      	push	{r2, r3}
87802d7e:	b510      	push	{r4, lr}
87802d80:	460c      	mov	r4, r1
87802d82:	ab03      	add	r3, sp, #12
87802d84:	9a02      	ldr	r2, [sp, #8]
87802d86:	f7ff fd25 	bl	878027d4 <vsnprintf>
87802d8a:	42a0      	cmp	r0, r4
87802d8c:	bf28      	it	cs
87802d8e:	f104 30ff 	addcs.w	r0, r4, #4294967295	; 0xffffffff
87802d92:	e8bd 4010 	ldmia.w	sp!, {r4, lr}
87802d96:	b002      	add	sp, #8
87802d98:	4770      	bx	lr
87802d9a:	bf00      	nop

87802d9c <vsprintf>:
87802d9c:	4613      	mov	r3, r2
87802d9e:	460a      	mov	r2, r1
87802da0:	f06f 4100 	mvn.w	r1, #2147483648	; 0x80000000
87802da4:	f7ff bd16 	b.w	878027d4 <vsnprintf>

87802da8 <sprintf>:
87802da8:	b40e      	push	{r1, r2, r3}
87802daa:	f06f 4100 	mvn.w	r1, #2147483648	; 0x80000000
87802dae:	b500      	push	{lr}
87802db0:	ab02      	add	r3, sp, #8
87802db2:	9a01      	ldr	r2, [sp, #4]
87802db4:	f7ff fd0e 	bl	878027d4 <vsnprintf>
87802db8:	f85d eb04 	ldr.w	lr, [sp], #4
87802dbc:	b003      	add	sp, #12
87802dbe:	4770      	bx	lr

87802dc0 <vsscanf>:
87802dc0:	e92d 47f0 	stmdb	sp!, {r4, r5, r6, r7, r8, r9, sl, lr}
87802dc4:	f248 044c 	movw	r4, #32844	; 0x804c
87802dc8:	780b      	ldrb	r3, [r1, #0]
87802dca:	b082      	sub	sp, #8
87802dcc:	4680      	mov	r8, r0
87802dce:	460d      	mov	r5, r1
87802dd0:	f2c8 7480 	movt	r4, #34688	; 0x8780
87802dd4:	2700      	movs	r7, #0
87802dd6:	b143      	cbz	r3, 87802dea <vsscanf+0x2a>
87802dd8:	7806      	ldrb	r6, [r0, #0]
87802dda:	b136      	cbz	r6, 87802dea <vsscanf+0x2a>
87802ddc:	5ce1      	ldrb	r1, [r4, r3]
87802dde:	0689      	lsls	r1, r1, #26
87802de0:	d407      	bmi.n	87802df2 <vsscanf+0x32>
87802de2:	2b25      	cmp	r3, #37	; 0x25
87802de4:	d01f      	beq.n	87802e26 <vsscanf+0x66>
87802de6:	42b3      	cmp	r3, r6
87802de8:	d017      	beq.n	87802e1a <vsscanf+0x5a>
87802dea:	4638      	mov	r0, r7
87802dec:	b002      	add	sp, #8
87802dee:	e8bd 87f0 	ldmia.w	sp!, {r4, r5, r6, r7, r8, r9, sl, pc}
87802df2:	f815 3f01 	ldrb.w	r3, [r5, #1]!
87802df6:	5ce1      	ldrb	r1, [r4, r3]
87802df8:	0689      	lsls	r1, r1, #26
87802dfa:	d4fa      	bmi.n	87802df2 <vsscanf+0x32>
87802dfc:	5da1      	ldrb	r1, [r4, r6]
87802dfe:	068e      	lsls	r6, r1, #26
87802e00:	d504      	bpl.n	87802e0c <vsscanf+0x4c>
87802e02:	f810 1f01 	ldrb.w	r1, [r0, #1]!
87802e06:	5c61      	ldrb	r1, [r4, r1]
87802e08:	0689      	lsls	r1, r1, #26
87802e0a:	d4fa      	bmi.n	87802e02 <vsscanf+0x42>
87802e0c:	2b25      	cmp	r3, #37	; 0x25
87802e0e:	bf18      	it	ne
87802e10:	2b00      	cmpne	r3, #0
87802e12:	d006      	beq.n	87802e22 <vsscanf+0x62>
87802e14:	7806      	ldrb	r6, [r0, #0]
87802e16:	42b3      	cmp	r3, r6
87802e18:	d1e7      	bne.n	87802dea <vsscanf+0x2a>
87802e1a:	786b      	ldrb	r3, [r5, #1]
87802e1c:	3001      	adds	r0, #1
87802e1e:	3501      	adds	r5, #1
87802e20:	e7d9      	b.n	87802dd6 <vsscanf+0x16>
87802e22:	2b00      	cmp	r3, #0
87802e24:	d0e1      	beq.n	87802dea <vsscanf+0x2a>
87802e26:	786b      	ldrb	r3, [r5, #1]
87802e28:	3501      	adds	r5, #1
87802e2a:	2b2a      	cmp	r3, #42	; 0x2a
87802e2c:	461e      	mov	r6, r3
87802e2e:	5ce1      	ldrb	r1, [r4, r3]
87802e30:	f000 81f5 	beq.w	8780321e <vsscanf+0x45e>
87802e34:	0749      	lsls	r1, r1, #29
87802e36:	bf58      	it	pl
87802e38:	f04f 31ff 	movpl.w	r1, #4294967295	; 0xffffffff
87802e3c:	f100 80d0 	bmi.w	87802fe0 <vsscanf+0x220>
87802e40:	f003 06df 	and.w	r6, r3, #223	; 0xdf
87802e44:	2e5a      	cmp	r6, #90	; 0x5a
87802e46:	bf18      	it	ne
87802e48:	2e4c      	cmpne	r6, #76	; 0x4c
87802e4a:	bf0c      	ite	eq
87802e4c:	2601      	moveq	r6, #1
87802e4e:	2600      	movne	r6, #0
87802e50:	2b68      	cmp	r3, #104	; 0x68
87802e52:	bf08      	it	eq
87802e54:	f046 0601 	orreq.w	r6, r6, #1
87802e58:	2e00      	cmp	r6, #0
87802e5a:	f000 81db 	beq.w	87803214 <vsscanf+0x454>
87802e5e:	f895 c001 	ldrb.w	ip, [r5, #1]
87802e62:	f105 0901 	add.w	r9, r5, #1
87802e66:	459c      	cmp	ip, r3
87802e68:	f000 8193 	beq.w	87803192 <vsscanf+0x3d2>
87802e6c:	f1bc 0f00 	cmp.w	ip, #0
87802e70:	d0bb      	beq.n	87802dea <vsscanf+0x2a>
87802e72:	7806      	ldrb	r6, [r0, #0]
87802e74:	2e00      	cmp	r6, #0
87802e76:	d0b8      	beq.n	87802dea <vsscanf+0x2a>
87802e78:	f1ac 0c25 	sub.w	ip, ip, #37	; 0x25
87802e7c:	f109 0501 	add.w	r5, r9, #1
87802e80:	f1bc 0f53 	cmp.w	ip, #83	; 0x53
87802e84:	d8b1      	bhi.n	87802dea <vsscanf+0x2a>
87802e86:	f20f 0e08 	addw	lr, pc, #8
87802e8a:	f85e f02c 	ldr.w	pc, [lr, ip, lsl #2]
87802e8e:	bf00      	nop
87802e90:	878030cb 	strhi	r3, [r0, fp, asr #1]
87802e94:	87802deb 	strhi	r2, [r0, fp, ror #27]
87802e98:	87802deb 	strhi	r2, [r0, fp, ror #27]
87802e9c:	87802deb 	strhi	r2, [r0, fp, ror #27]
87802ea0:	87802deb 	strhi	r2, [r0, fp, ror #27]
87802ea4:	87802deb 	strhi	r2, [r0, fp, ror #27]
87802ea8:	87802deb 	strhi	r2, [r0, fp, ror #27]
87802eac:	87802deb 	strhi	r2, [r0, fp, ror #27]
87802eb0:	87802deb 	strhi	r2, [r0, fp, ror #27]
87802eb4:	87802deb 	strhi	r2, [r0, fp, ror #27]
87802eb8:	87802deb 	strhi	r2, [r0, fp, ror #27]
87802ebc:	87802deb 	strhi	r2, [r0, fp, ror #27]
87802ec0:	87802deb 	strhi	r2, [r0, fp, ror #27]
87802ec4:	87802deb 	strhi	r2, [r0, fp, ror #27]
87802ec8:	87802deb 	strhi	r2, [r0, fp, ror #27]
87802ecc:	87802deb 	strhi	r2, [r0, fp, ror #27]
87802ed0:	87802deb 	strhi	r2, [r0, fp, ror #27]
87802ed4:	87802deb 	strhi	r2, [r0, fp, ror #27]
87802ed8:	87802deb 	strhi	r2, [r0, fp, ror #27]
87802edc:	87802deb 	strhi	r2, [r0, fp, ror #27]
87802ee0:	87802deb 	strhi	r2, [r0, fp, ror #27]
87802ee4:	87802deb 	strhi	r2, [r0, fp, ror #27]
87802ee8:	87802deb 	strhi	r2, [r0, fp, ror #27]
87802eec:	87802deb 	strhi	r2, [r0, fp, ror #27]
87802ef0:	87802deb 	strhi	r2, [r0, fp, ror #27]
87802ef4:	87802deb 	strhi	r2, [r0, fp, ror #27]
87802ef8:	87802deb 	strhi	r2, [r0, fp, ror #27]
87802efc:	87802deb 	strhi	r2, [r0, fp, ror #27]
87802f00:	87802deb 	strhi	r2, [r0, fp, ror #27]
87802f04:	87802deb 	strhi	r2, [r0, fp, ror #27]
87802f08:	87802deb 	strhi	r2, [r0, fp, ror #27]
87802f0c:	87802deb 	strhi	r2, [r0, fp, ror #27]
87802f10:	87802deb 	strhi	r2, [r0, fp, ror #27]
87802f14:	87802deb 	strhi	r2, [r0, fp, ror #27]
87802f18:	87802deb 	strhi	r2, [r0, fp, ror #27]
87802f1c:	87802deb 	strhi	r2, [r0, fp, ror #27]
87802f20:	87802deb 	strhi	r2, [r0, fp, ror #27]
87802f24:	87802deb 	strhi	r2, [r0, fp, ror #27]
87802f28:	87802deb 	strhi	r2, [r0, fp, ror #27]
87802f2c:	87802deb 	strhi	r2, [r0, fp, ror #27]
87802f30:	87802deb 	strhi	r2, [r0, fp, ror #27]
87802f34:	87802deb 	strhi	r2, [r0, fp, ror #27]
87802f38:	87802deb 	strhi	r2, [r0, fp, ror #27]
87802f3c:	87802deb 	strhi	r2, [r0, fp, ror #27]
87802f40:	87802deb 	strhi	r2, [r0, fp, ror #27]
87802f44:	87802deb 	strhi	r2, [r0, fp, ror #27]
87802f48:	87802deb 	strhi	r2, [r0, fp, ror #27]
87802f4c:	87802deb 	strhi	r2, [r0, fp, ror #27]
87802f50:	87802deb 	strhi	r2, [r0, fp, ror #27]
87802f54:	87802deb 	strhi	r2, [r0, fp, ror #27]
87802f58:	87802deb 	strhi	r2, [r0, fp, ror #27]
87802f5c:	8780317b 			; <UNDEFINED> instruction: 0x8780317b
87802f60:	87802deb 	strhi	r2, [r0, fp, ror #27]
87802f64:	87802deb 	strhi	r2, [r0, fp, ror #27]
87802f68:	87802deb 	strhi	r2, [r0, fp, ror #27]
87802f6c:	87802deb 	strhi	r2, [r0, fp, ror #27]
87802f70:	87802deb 	strhi	r2, [r0, fp, ror #27]
87802f74:	87802deb 	strhi	r2, [r0, fp, ror #27]
87802f78:	87802deb 	strhi	r2, [r0, fp, ror #27]
87802f7c:	87802deb 	strhi	r2, [r0, fp, ror #27]
87802f80:	87802deb 	strhi	r2, [r0, fp, ror #27]
87802f84:	87802deb 	strhi	r2, [r0, fp, ror #27]
87802f88:	8780314f 	strhi	r3, [r0, pc, asr #2]
87802f8c:	87802fff 			; <UNDEFINED> instruction: 0x87802fff
87802f90:	87802deb 	strhi	r2, [r0, fp, ror #27]
87802f94:	87802deb 	strhi	r2, [r0, fp, ror #27]
87802f98:	87802deb 	strhi	r2, [r0, fp, ror #27]
87802f9c:	87802deb 	strhi	r2, [r0, fp, ror #27]
87802fa0:	87803187 	strhi	r3, [r0, r7, lsl #3]
87802fa4:	87802deb 	strhi	r2, [r0, fp, ror #27]
87802fa8:	87802deb 	strhi	r2, [r0, fp, ror #27]
87802fac:	87802deb 	strhi	r2, [r0, fp, ror #27]
87802fb0:	87802deb 	strhi	r2, [r0, fp, ror #27]
87802fb4:	878030d9 			; <UNDEFINED> instruction: 0x878030d9
87802fb8:	878030e9 	strhi	r3, [r0, r9, ror #1]
87802fbc:	87802deb 	strhi	r2, [r0, fp, ror #27]
87802fc0:	87802deb 	strhi	r2, [r0, fp, ror #27]
87802fc4:	87802deb 	strhi	r2, [r0, fp, ror #27]
87802fc8:	878030f5 			; <UNDEFINED> instruction: 0x878030f5
87802fcc:	87802deb 	strhi	r2, [r0, fp, ror #27]
87802fd0:	87803143 	strhi	r3, [r0, r3, asr #2]
87802fd4:	87802deb 	strhi	r2, [r0, fp, ror #27]
87802fd8:	87802deb 	strhi	r2, [r0, fp, ror #27]
87802fdc:	8780317b 			; <UNDEFINED> instruction: 0x8780317b
87802fe0:	2100      	movs	r1, #0
87802fe2:	eb01 0181 	add.w	r1, r1, r1, lsl #2
87802fe6:	eb06 0141 	add.w	r1, r6, r1, lsl #1
87802fea:	f815 6f01 	ldrb.w	r6, [r5, #1]!
87802fee:	3930      	subs	r1, #48	; 0x30
87802ff0:	f814 c006 	ldrb.w	ip, [r4, r6]
87802ff4:	4633      	mov	r3, r6
87802ff6:	f01c 0f04 	tst.w	ip, #4
87802ffa:	d1f2      	bne.n	87802fe2 <vsscanf+0x222>
87802ffc:	e720      	b.n	87802e40 <vsscanf+0x80>
87802ffe:	f04f 0a01 	mov.w	sl, #1
87803002:	f04f 0c0a 	mov.w	ip, #10
87803006:	46d6      	mov	lr, sl
87803008:	5da1      	ldrb	r1, [r4, r6]
8780300a:	0689      	lsls	r1, r1, #26
8780300c:	f140 8127 	bpl.w	8780325e <vsscanf+0x49e>
87803010:	f810 6f01 	ldrb.w	r6, [r0, #1]!
87803014:	5da1      	ldrb	r1, [r4, r6]
87803016:	0689      	lsls	r1, r1, #26
87803018:	d4fa      	bmi.n	87803010 <vsscanf+0x250>
8780301a:	2e2d      	cmp	r6, #45	; 0x2d
8780301c:	bf14      	ite	ne
8780301e:	2100      	movne	r1, #0
87803020:	f00a 0101 	andeq.w	r1, sl, #1
87803024:	b101      	cbz	r1, 87803028 <vsscanf+0x268>
87803026:	7846      	ldrb	r6, [r0, #1]
87803028:	2e00      	cmp	r6, #0
8780302a:	f43f aede 	beq.w	87802dea <vsscanf+0x2a>
8780302e:	f1bc 0f10 	cmp.w	ip, #16
87803032:	f000 80e9 	beq.w	87803208 <vsscanf+0x448>
87803036:	f1bc 0f0a 	cmp.w	ip, #10
8780303a:	f000 80e0 	beq.w	878031fe <vsscanf+0x43e>
8780303e:	f1bc 0f08 	cmp.w	ip, #8
87803042:	f040 80d8 	bne.w	878031f6 <vsscanf+0x436>
87803046:	5da1      	ldrb	r1, [r4, r6]
87803048:	f081 0104 	eor.w	r1, r1, #4
8780304c:	f3c1 0180 	ubfx	r1, r1, #2, #1
87803050:	2e37      	cmp	r6, #55	; 0x37
87803052:	bf94      	ite	ls
87803054:	460e      	movls	r6, r1
87803056:	f041 0601 	orrhi.w	r6, r1, #1
8780305a:	2e00      	cmp	r6, #0
8780305c:	f47f aec5 	bne.w	87802dea <vsscanf+0x2a>
87803060:	3b48      	subs	r3, #72	; 0x48
87803062:	1d16      	adds	r6, r2, #4
87803064:	f8d2 a000 	ldr.w	sl, [r2]
87803068:	2b32      	cmp	r3, #50	; 0x32
8780306a:	d81b      	bhi.n	878030a4 <vsscanf+0x2e4>
8780306c:	e8df f003 	tbb	[pc, r3]
87803070:	1a1a1ab9 	bne	87e89b5c <__bss_end+0x680cdc>
87803074:	1a1a1aaf 	bne	87e89b38 <__bss_end+0x680cb8>
87803078:	1a1a1a1a 	bne	87e898e8 <__bss_end+0x680a68>
8780307c:	1a1a1a1a 	bne	87e898ec <__bss_end+0x680a6c>
87803080:	1aa81a1a 	bne	862098f0 <shift+0x862098f0>
87803084:	1a1a1a1a 	bne	87e898f4 <__bss_end+0x680a74>
87803088:	1a1a1a1a 	bne	87e898f8 <__bss_end+0x680a78>
8780308c:	1a1a1a1a 	bne	87e898fc <__bss_end+0x680a7c>
87803090:	1a1a1a9e 	bne	87e89b10 <__bss_end+0x680c90>
87803094:	1a1a1a1a 	bne	87e89904 <__bss_end+0x680a84>
87803098:	1a1a1a1a 	bne	87e89908 <__bss_end+0x680a88>
8780309c:	1a1a1a1a 	bne	87e8990c <__bss_end+0x680a8c>
878030a0:	00a81a1a 	adceq	r1, r8, sl, lsl sl
878030a4:	4662      	mov	r2, ip
878030a6:	a901      	add	r1, sp, #4
878030a8:	f1be 0f00 	cmp.w	lr, #0
878030ac:	f000 80d2 	beq.w	87803254 <vsscanf+0x494>
878030b0:	f7ff fadc 	bl	8780266c <simple_strtol>
878030b4:	f8ca 0000 	str.w	r0, [sl]
878030b8:	9801      	ldr	r0, [sp, #4]
878030ba:	3701      	adds	r7, #1
878030bc:	2800      	cmp	r0, #0
878030be:	f43f ae94 	beq.w	87802dea <vsscanf+0x2a>
878030c2:	f899 3001 	ldrb.w	r3, [r9, #1]
878030c6:	4632      	mov	r2, r6
878030c8:	e685      	b.n	87802dd6 <vsscanf+0x16>
878030ca:	2e25      	cmp	r6, #37	; 0x25
878030cc:	f47f ae8d 	bne.w	87802dea <vsscanf+0x2a>
878030d0:	3001      	adds	r0, #1
878030d2:	f899 3001 	ldrb.w	r3, [r9, #1]
878030d6:	e67e      	b.n	87802dd6 <vsscanf+0x16>
878030d8:	6813      	ldr	r3, [r2, #0]
878030da:	eba0 0108 	sub.w	r1, r0, r8
878030de:	3204      	adds	r2, #4
878030e0:	6019      	str	r1, [r3, #0]
878030e2:	f899 3001 	ldrb.w	r3, [r9, #1]
878030e6:	e676      	b.n	87802dd6 <vsscanf+0x16>
878030e8:	f04f 0a00 	mov.w	sl, #0
878030ec:	f04f 0c08 	mov.w	ip, #8
878030f0:	46d6      	mov	lr, sl
878030f2:	e789      	b.n	87803008 <vsscanf+0x248>
878030f4:	f102 0e04 	add.w	lr, r2, #4
878030f8:	f8d2 c000 	ldr.w	ip, [r2]
878030fc:	1c4a      	adds	r2, r1, #1
878030fe:	5da3      	ldrb	r3, [r4, r6]
87803100:	f000 80cb 	beq.w	8780329a <vsscanf+0x4da>
87803104:	069b      	lsls	r3, r3, #26
87803106:	d505      	bpl.n	87803114 <vsscanf+0x354>
87803108:	f810 6f01 	ldrb.w	r6, [r0, #1]!
8780310c:	5da3      	ldrb	r3, [r4, r6]
8780310e:	069a      	lsls	r2, r3, #26
87803110:	d4fa      	bmi.n	87803108 <vsscanf+0x348>
87803112:	b176      	cbz	r6, 87803132 <vsscanf+0x372>
87803114:	b169      	cbz	r1, 87803132 <vsscanf+0x372>
87803116:	1c43      	adds	r3, r0, #1
87803118:	e004      	b.n	87803124 <vsscanf+0x364>
8780311a:	5da2      	ldrb	r2, [r4, r6]
8780311c:	0692      	lsls	r2, r2, #26
8780311e:	d408      	bmi.n	87803132 <vsscanf+0x372>
87803120:	3901      	subs	r1, #1
87803122:	d006      	beq.n	87803132 <vsscanf+0x372>
87803124:	f80c 6b01 	strb.w	r6, [ip], #1
87803128:	4618      	mov	r0, r3
8780312a:	f813 6b01 	ldrb.w	r6, [r3], #1
8780312e:	2e00      	cmp	r6, #0
87803130:	d1f3      	bne.n	8780311a <vsscanf+0x35a>
87803132:	2300      	movs	r3, #0
87803134:	3701      	adds	r7, #1
87803136:	f88c 3000 	strb.w	r3, [ip]
8780313a:	4672      	mov	r2, lr
8780313c:	f899 3001 	ldrb.w	r3, [r9, #1]
87803140:	e649      	b.n	87802dd6 <vsscanf+0x16>
87803142:	f04f 0a00 	mov.w	sl, #0
87803146:	f04f 0c0a 	mov.w	ip, #10
8780314a:	46d6      	mov	lr, sl
8780314c:	e75c      	b.n	87803008 <vsscanf+0x248>
8780314e:	1c4b      	adds	r3, r1, #1
87803150:	f102 0c04 	add.w	ip, r2, #4
87803154:	6812      	ldr	r2, [r2, #0]
87803156:	f000 80a6 	beq.w	878032a6 <vsscanf+0x4e6>
8780315a:	1c43      	adds	r3, r0, #1
8780315c:	3901      	subs	r1, #1
8780315e:	f802 6b01 	strb.w	r6, [r2], #1
87803162:	2900      	cmp	r1, #0
87803164:	4618      	mov	r0, r3
87803166:	dd03      	ble.n	87803170 <vsscanf+0x3b0>
87803168:	f813 6b01 	ldrb.w	r6, [r3], #1
8780316c:	2e00      	cmp	r6, #0
8780316e:	d1f5      	bne.n	8780315c <vsscanf+0x39c>
87803170:	3701      	adds	r7, #1
87803172:	f899 3001 	ldrb.w	r3, [r9, #1]
87803176:	4662      	mov	r2, ip
87803178:	e62d      	b.n	87802dd6 <vsscanf+0x16>
8780317a:	f04f 0a00 	mov.w	sl, #0
8780317e:	f04f 0c10 	mov.w	ip, #16
87803182:	46d6      	mov	lr, sl
87803184:	e740      	b.n	87803008 <vsscanf+0x248>
87803186:	f04f 0a01 	mov.w	sl, #1
8780318a:	f04f 0c00 	mov.w	ip, #0
8780318e:	46d6      	mov	lr, sl
87803190:	e73a      	b.n	87803008 <vsscanf+0x248>
87803192:	2b68      	cmp	r3, #104	; 0x68
87803194:	d07b      	beq.n	8780328e <vsscanf+0x4ce>
87803196:	2b6c      	cmp	r3, #108	; 0x6c
87803198:	bf18      	it	ne
8780319a:	469c      	movne	ip, r3
8780319c:	f47f ae66 	bne.w	87802e6c <vsscanf+0xac>
878031a0:	f105 0902 	add.w	r9, r5, #2
878031a4:	f895 c002 	ldrb.w	ip, [r5, #2]
878031a8:	234c      	movs	r3, #76	; 0x4c
878031aa:	e65f      	b.n	87802e6c <vsscanf+0xac>
878031ac:	4662      	mov	r2, ip
878031ae:	a901      	add	r1, sp, #4
878031b0:	f1be 0f00 	cmp.w	lr, #0
878031b4:	d066      	beq.n	87803284 <vsscanf+0x4c4>
878031b6:	f7ff fa59 	bl	8780266c <simple_strtol>
878031ba:	f8aa 0000 	strh.w	r0, [sl]
878031be:	e77b      	b.n	878030b8 <vsscanf+0x2f8>
878031c0:	4662      	mov	r2, ip
878031c2:	a901      	add	r1, sp, #4
878031c4:	f7ff f9da 	bl	8780257c <simple_strtoul>
878031c8:	f8ca 0000 	str.w	r0, [sl]
878031cc:	e774      	b.n	878030b8 <vsscanf+0x2f8>
878031ce:	4662      	mov	r2, ip
878031d0:	a901      	add	r1, sp, #4
878031d2:	f1be 0f00 	cmp.w	lr, #0
878031d6:	d050      	beq.n	8780327a <vsscanf+0x4ba>
878031d8:	f7ff faec 	bl	878027b4 <simple_strtoll>
878031dc:	e9ca 0100 	strd	r0, r1, [sl]
878031e0:	e76a      	b.n	878030b8 <vsscanf+0x2f8>
878031e2:	4662      	mov	r2, ip
878031e4:	a901      	add	r1, sp, #4
878031e6:	f1be 0f00 	cmp.w	lr, #0
878031ea:	d041      	beq.n	87803270 <vsscanf+0x4b0>
878031ec:	f7ff fa3e 	bl	8780266c <simple_strtol>
878031f0:	f88a 0000 	strb.w	r0, [sl]
878031f4:	e760      	b.n	878030b8 <vsscanf+0x2f8>
878031f6:	f1bc 0f00 	cmp.w	ip, #0
878031fa:	f47f af31 	bne.w	87803060 <vsscanf+0x2a0>
878031fe:	5da1      	ldrb	r1, [r4, r6]
87803200:	0749      	lsls	r1, r1, #29
87803202:	f57f adf2 	bpl.w	87802dea <vsscanf+0x2a>
87803206:	e72b      	b.n	87803060 <vsscanf+0x2a0>
87803208:	5da1      	ldrb	r1, [r4, r6]
8780320a:	f011 0f44 	tst.w	r1, #68	; 0x44
8780320e:	f47f af27 	bne.w	87803060 <vsscanf+0x2a0>
87803212:	e5ea      	b.n	87802dea <vsscanf+0x2a>
87803214:	469c      	mov	ip, r3
87803216:	46a9      	mov	r9, r5
87803218:	f04f 33ff 	mov.w	r3, #4294967295	; 0xffffffff
8780321c:	e626      	b.n	87802e6c <vsscanf+0xac>
8780321e:	068e      	lsls	r6, r1, #26
87803220:	d40a      	bmi.n	87803238 <vsscanf+0x478>
87803222:	f815 3f01 	ldrb.w	r3, [r5, #1]!
87803226:	5ce1      	ldrb	r1, [r4, r3]
87803228:	1c1e      	adds	r6, r3, #0
8780322a:	bf18      	it	ne
8780322c:	2601      	movne	r6, #1
8780322e:	f081 0120 	eor.w	r1, r1, #32
87803232:	ea16 1151 	ands.w	r1, r6, r1, lsr #5
87803236:	d1f4      	bne.n	87803222 <vsscanf+0x462>
87803238:	7801      	ldrb	r1, [r0, #0]
8780323a:	e001      	b.n	87803240 <vsscanf+0x480>
8780323c:	f810 1f01 	ldrb.w	r1, [r0, #1]!
87803240:	5c66      	ldrb	r6, [r4, r1]
87803242:	3100      	adds	r1, #0
87803244:	bf18      	it	ne
87803246:	2101      	movne	r1, #1
87803248:	f086 0620 	eor.w	r6, r6, #32
8780324c:	ea11 1156 	ands.w	r1, r1, r6, lsr #5
87803250:	d1f4      	bne.n	8780323c <vsscanf+0x47c>
87803252:	e5c0      	b.n	87802dd6 <vsscanf+0x16>
87803254:	f7ff f992 	bl	8780257c <simple_strtoul>
87803258:	f8ca 0000 	str.w	r0, [sl]
8780325c:	e72c      	b.n	878030b8 <vsscanf+0x2f8>
8780325e:	2e2d      	cmp	r6, #45	; 0x2d
87803260:	bf14      	ite	ne
87803262:	2100      	movne	r1, #0
87803264:	f00a 0101 	andeq.w	r1, sl, #1
87803268:	2900      	cmp	r1, #0
8780326a:	f47f aedc 	bne.w	87803026 <vsscanf+0x266>
8780326e:	e6de      	b.n	8780302e <vsscanf+0x26e>
87803270:	f7ff f984 	bl	8780257c <simple_strtoul>
87803274:	f88a 0000 	strb.w	r0, [sl]
87803278:	e71e      	b.n	878030b8 <vsscanf+0x2f8>
8780327a:	f7ff fa05 	bl	87802688 <simple_strtoull>
8780327e:	e9ca 0100 	strd	r0, r1, [sl]
87803282:	e719      	b.n	878030b8 <vsscanf+0x2f8>
87803284:	f7ff f97a 	bl	8780257c <simple_strtoul>
87803288:	f8aa 0000 	strh.w	r0, [sl]
8780328c:	e714      	b.n	878030b8 <vsscanf+0x2f8>
8780328e:	f105 0902 	add.w	r9, r5, #2
87803292:	f895 c002 	ldrb.w	ip, [r5, #2]
87803296:	2348      	movs	r3, #72	; 0x48
87803298:	e5e8      	b.n	87802e6c <vsscanf+0xac>
8780329a:	069b      	lsls	r3, r3, #26
8780329c:	f06f 4100 	mvn.w	r1, #2147483648	; 0x80000000
878032a0:	f57f af39 	bpl.w	87803116 <vsscanf+0x356>
878032a4:	e730      	b.n	87803108 <vsscanf+0x348>
878032a6:	3001      	adds	r0, #1
878032a8:	7016      	strb	r6, [r2, #0]
878032aa:	e761      	b.n	87803170 <vsscanf+0x3b0>

878032ac <sscanf>:
878032ac:	b40e      	push	{r1, r2, r3}
878032ae:	b500      	push	{lr}
878032b0:	aa02      	add	r2, sp, #8
878032b2:	9901      	ldr	r1, [sp, #4]
878032b4:	f7ff fd84 	bl	87802dc0 <vsscanf>
878032b8:	f85d eb04 	ldr.w	lr, [sp], #4
878032bc:	b003      	add	sp, #12
878032be:	4770      	bx	lr

878032c0 <__udivsi3>:
878032c0:	1e4a      	subs	r2, r1, #1
878032c2:	bf08      	it	eq
878032c4:	4770      	bxeq	lr
878032c6:	f0c0 8124 	bcc.w	87803512 <__udivsi3+0x252>
878032ca:	4288      	cmp	r0, r1
878032cc:	f240 8116 	bls.w	878034fc <__udivsi3+0x23c>
878032d0:	4211      	tst	r1, r2
878032d2:	f000 8117 	beq.w	87803504 <__udivsi3+0x244>
878032d6:	fab0 f380 	clz	r3, r0
878032da:	fab1 f281 	clz	r2, r1
878032de:	eba2 0303 	sub.w	r3, r2, r3
878032e2:	f1c3 031f 	rsb	r3, r3, #31
878032e6:	a204      	add	r2, pc, #16	; (adr r2, 878032f8 <__udivsi3+0x38>)
878032e8:	eb02 1303 	add.w	r3, r2, r3, lsl #4
878032ec:	f04f 0200 	mov.w	r2, #0
878032f0:	469f      	mov	pc, r3
878032f2:	bf00      	nop
878032f4:	f3af 8000 	nop.w
878032f8:	ebb0 7fc1 	cmp.w	r0, r1, lsl #31
878032fc:	bf00      	nop
878032fe:	eb42 0202 	adc.w	r2, r2, r2
87803302:	bf28      	it	cs
87803304:	eba0 70c1 	subcs.w	r0, r0, r1, lsl #31
87803308:	ebb0 7f81 	cmp.w	r0, r1, lsl #30
8780330c:	bf00      	nop
8780330e:	eb42 0202 	adc.w	r2, r2, r2
87803312:	bf28      	it	cs
87803314:	eba0 7081 	subcs.w	r0, r0, r1, lsl #30
87803318:	ebb0 7f41 	cmp.w	r0, r1, lsl #29
8780331c:	bf00      	nop
8780331e:	eb42 0202 	adc.w	r2, r2, r2
87803322:	bf28      	it	cs
87803324:	eba0 7041 	subcs.w	r0, r0, r1, lsl #29
87803328:	ebb0 7f01 	cmp.w	r0, r1, lsl #28
8780332c:	bf00      	nop
8780332e:	eb42 0202 	adc.w	r2, r2, r2
87803332:	bf28      	it	cs
87803334:	eba0 7001 	subcs.w	r0, r0, r1, lsl #28
87803338:	ebb0 6fc1 	cmp.w	r0, r1, lsl #27
8780333c:	bf00      	nop
8780333e:	eb42 0202 	adc.w	r2, r2, r2
87803342:	bf28      	it	cs
87803344:	eba0 60c1 	subcs.w	r0, r0, r1, lsl #27
87803348:	ebb0 6f81 	cmp.w	r0, r1, lsl #26
8780334c:	bf00      	nop
8780334e:	eb42 0202 	adc.w	r2, r2, r2
87803352:	bf28      	it	cs
87803354:	eba0 6081 	subcs.w	r0, r0, r1, lsl #26
87803358:	ebb0 6f41 	cmp.w	r0, r1, lsl #25
8780335c:	bf00      	nop
8780335e:	eb42 0202 	adc.w	r2, r2, r2
87803362:	bf28      	it	cs
87803364:	eba0 6041 	subcs.w	r0, r0, r1, lsl #25
87803368:	ebb0 6f01 	cmp.w	r0, r1, lsl #24
8780336c:	bf00      	nop
8780336e:	eb42 0202 	adc.w	r2, r2, r2
87803372:	bf28      	it	cs
87803374:	eba0 6001 	subcs.w	r0, r0, r1, lsl #24
87803378:	ebb0 5fc1 	cmp.w	r0, r1, lsl #23
8780337c:	bf00      	nop
8780337e:	eb42 0202 	adc.w	r2, r2, r2
87803382:	bf28      	it	cs
87803384:	eba0 50c1 	subcs.w	r0, r0, r1, lsl #23
87803388:	ebb0 5f81 	cmp.w	r0, r1, lsl #22
8780338c:	bf00      	nop
8780338e:	eb42 0202 	adc.w	r2, r2, r2
87803392:	bf28      	it	cs
87803394:	eba0 5081 	subcs.w	r0, r0, r1, lsl #22
87803398:	ebb0 5f41 	cmp.w	r0, r1, lsl #21
8780339c:	bf00      	nop
8780339e:	eb42 0202 	adc.w	r2, r2, r2
878033a2:	bf28      	it	cs
878033a4:	eba0 5041 	subcs.w	r0, r0, r1, lsl #21
878033a8:	ebb0 5f01 	cmp.w	r0, r1, lsl #20
878033ac:	bf00      	nop
878033ae:	eb42 0202 	adc.w	r2, r2, r2
878033b2:	bf28      	it	cs
878033b4:	eba0 5001 	subcs.w	r0, r0, r1, lsl #20
878033b8:	ebb0 4fc1 	cmp.w	r0, r1, lsl #19
878033bc:	bf00      	nop
878033be:	eb42 0202 	adc.w	r2, r2, r2
878033c2:	bf28      	it	cs
878033c4:	eba0 40c1 	subcs.w	r0, r0, r1, lsl #19
878033c8:	ebb0 4f81 	cmp.w	r0, r1, lsl #18
878033cc:	bf00      	nop
878033ce:	eb42 0202 	adc.w	r2, r2, r2
878033d2:	bf28      	it	cs
878033d4:	eba0 4081 	subcs.w	r0, r0, r1, lsl #18
878033d8:	ebb0 4f41 	cmp.w	r0, r1, lsl #17
878033dc:	bf00      	nop
878033de:	eb42 0202 	adc.w	r2, r2, r2
878033e2:	bf28      	it	cs
878033e4:	eba0 4041 	subcs.w	r0, r0, r1, lsl #17
878033e8:	ebb0 4f01 	cmp.w	r0, r1, lsl #16
878033ec:	bf00      	nop
878033ee:	eb42 0202 	adc.w	r2, r2, r2
878033f2:	bf28      	it	cs
878033f4:	eba0 4001 	subcs.w	r0, r0, r1, lsl #16
878033f8:	ebb0 3fc1 	cmp.w	r0, r1, lsl #15
878033fc:	bf00      	nop
878033fe:	eb42 0202 	adc.w	r2, r2, r2
87803402:	bf28      	it	cs
87803404:	eba0 30c1 	subcs.w	r0, r0, r1, lsl #15
87803408:	ebb0 3f81 	cmp.w	r0, r1, lsl #14
8780340c:	bf00      	nop
8780340e:	eb42 0202 	adc.w	r2, r2, r2
87803412:	bf28      	it	cs
87803414:	eba0 3081 	subcs.w	r0, r0, r1, lsl #14
87803418:	ebb0 3f41 	cmp.w	r0, r1, lsl #13
8780341c:	bf00      	nop
8780341e:	eb42 0202 	adc.w	r2, r2, r2
87803422:	bf28      	it	cs
87803424:	eba0 3041 	subcs.w	r0, r0, r1, lsl #13
87803428:	ebb0 3f01 	cmp.w	r0, r1, lsl #12
8780342c:	bf00      	nop
8780342e:	eb42 0202 	adc.w	r2, r2, r2
87803432:	bf28      	it	cs
87803434:	eba0 3001 	subcs.w	r0, r0, r1, lsl #12
87803438:	ebb0 2fc1 	cmp.w	r0, r1, lsl #11
8780343c:	bf00      	nop
8780343e:	eb42 0202 	adc.w	r2, r2, r2
87803442:	bf28      	it	cs
87803444:	eba0 20c1 	subcs.w	r0, r0, r1, lsl #11
87803448:	ebb0 2f81 	cmp.w	r0, r1, lsl #10
8780344c:	bf00      	nop
8780344e:	eb42 0202 	adc.w	r2, r2, r2
87803452:	bf28      	it	cs
87803454:	eba0 2081 	subcs.w	r0, r0, r1, lsl #10
87803458:	ebb0 2f41 	cmp.w	r0, r1, lsl #9
8780345c:	bf00      	nop
8780345e:	eb42 0202 	adc.w	r2, r2, r2
87803462:	bf28      	it	cs
87803464:	eba0 2041 	subcs.w	r0, r0, r1, lsl #9
87803468:	ebb0 2f01 	cmp.w	r0, r1, lsl #8
8780346c:	bf00      	nop
8780346e:	eb42 0202 	adc.w	r2, r2, r2
87803472:	bf28      	it	cs
87803474:	eba0 2001 	subcs.w	r0, r0, r1, lsl #8
87803478:	ebb0 1fc1 	cmp.w	r0, r1, lsl #7
8780347c:	bf00      	nop
8780347e:	eb42 0202 	adc.w	r2, r2, r2
87803482:	bf28      	it	cs
87803484:	eba0 10c1 	subcs.w	r0, r0, r1, lsl #7
87803488:	ebb0 1f81 	cmp.w	r0, r1, lsl #6
8780348c:	bf00      	nop
8780348e:	eb42 0202 	adc.w	r2, r2, r2
87803492:	bf28      	it	cs
87803494:	eba0 1081 	subcs.w	r0, r0, r1, lsl #6
87803498:	ebb0 1f41 	cmp.w	r0, r1, lsl #5
8780349c:	bf00      	nop
8780349e:	eb42 0202 	adc.w	r2, r2, r2
878034a2:	bf28      	it	cs
878034a4:	eba0 1041 	subcs.w	r0, r0, r1, lsl #5
878034a8:	ebb0 1f01 	cmp.w	r0, r1, lsl #4
878034ac:	bf00      	nop
878034ae:	eb42 0202 	adc.w	r2, r2, r2
878034b2:	bf28      	it	cs
878034b4:	eba0 1001 	subcs.w	r0, r0, r1, lsl #4
878034b8:	ebb0 0fc1 	cmp.w	r0, r1, lsl #3
878034bc:	bf00      	nop
878034be:	eb42 0202 	adc.w	r2, r2, r2
878034c2:	bf28      	it	cs
878034c4:	eba0 00c1 	subcs.w	r0, r0, r1, lsl #3
878034c8:	ebb0 0f81 	cmp.w	r0, r1, lsl #2
878034cc:	bf00      	nop
878034ce:	eb42 0202 	adc.w	r2, r2, r2
878034d2:	bf28      	it	cs
878034d4:	eba0 0081 	subcs.w	r0, r0, r1, lsl #2
878034d8:	ebb0 0f41 	cmp.w	r0, r1, lsl #1
878034dc:	bf00      	nop
878034de:	eb42 0202 	adc.w	r2, r2, r2
878034e2:	bf28      	it	cs
878034e4:	eba0 0041 	subcs.w	r0, r0, r1, lsl #1
878034e8:	ebb0 0f01 	cmp.w	r0, r1
878034ec:	bf00      	nop
878034ee:	eb42 0202 	adc.w	r2, r2, r2
878034f2:	bf28      	it	cs
878034f4:	eba0 0001 	subcs.w	r0, r0, r1
878034f8:	4610      	mov	r0, r2
878034fa:	4770      	bx	lr
878034fc:	bf0c      	ite	eq
878034fe:	2001      	moveq	r0, #1
87803500:	2000      	movne	r0, #0
87803502:	4770      	bx	lr
87803504:	fab1 f281 	clz	r2, r1
87803508:	f1c2 021f 	rsb	r2, r2, #31
8780350c:	fa20 f002 	lsr.w	r0, r0, r2
87803510:	4770      	bx	lr
87803512:	b108      	cbz	r0, 87803518 <__udivsi3+0x258>
87803514:	f04f 30ff 	mov.w	r0, #4294967295	; 0xffffffff
87803518:	f000 b876 	b.w	87803608 <__aeabi_idiv0>

8780351c <__aeabi_uidivmod>:
8780351c:	2900      	cmp	r1, #0
8780351e:	d0f8      	beq.n	87803512 <__udivsi3+0x252>
87803520:	e92d 4003 	stmdb	sp!, {r0, r1, lr}
87803524:	f7ff fecc 	bl	878032c0 <__udivsi3>
87803528:	e8bd 4006 	ldmia.w	sp!, {r1, r2, lr}
8780352c:	fb02 f300 	mul.w	r3, r2, r0
87803530:	eba1 0103 	sub.w	r1, r1, r3
87803534:	4770      	bx	lr
87803536:	bf00      	nop

87803538 <__aeabi_ldivmod>:
87803538:	b97b      	cbnz	r3, 8780355a <__aeabi_ldivmod+0x22>
8780353a:	b972      	cbnz	r2, 8780355a <__aeabi_ldivmod+0x22>
8780353c:	2900      	cmp	r1, #0
8780353e:	bfbe      	ittt	lt
87803540:	2000      	movlt	r0, #0
87803542:	f04f 4100 	movlt.w	r1, #2147483648	; 0x80000000
87803546:	e006      	blt.n	87803556 <__aeabi_ldivmod+0x1e>
87803548:	bf08      	it	eq
8780354a:	2800      	cmpeq	r0, #0
8780354c:	bf1c      	itt	ne
8780354e:	f06f 4100 	mvnne.w	r1, #2147483648	; 0x80000000
87803552:	f04f 30ff 	movne.w	r0, #4294967295	; 0xffffffff
87803556:	f000 b857 	b.w	87803608 <__aeabi_idiv0>
8780355a:	f1ad 0c08 	sub.w	ip, sp, #8
8780355e:	e96d ce04 	strd	ip, lr, [sp, #-16]!
87803562:	2900      	cmp	r1, #0
87803564:	db09      	blt.n	8780357a <__aeabi_ldivmod+0x42>
87803566:	2b00      	cmp	r3, #0
87803568:	db1a      	blt.n	878035a0 <__aeabi_ldivmod+0x68>
8780356a:	f000 f853 	bl	87803614 <__udivmoddi4>
8780356e:	f8dd e004 	ldr.w	lr, [sp, #4]
87803572:	e9dd 2302 	ldrd	r2, r3, [sp, #8]
87803576:	b004      	add	sp, #16
87803578:	4770      	bx	lr
8780357a:	4240      	negs	r0, r0
8780357c:	eb61 0141 	sbc.w	r1, r1, r1, lsl #1
87803580:	2b00      	cmp	r3, #0
87803582:	db1b      	blt.n	878035bc <__aeabi_ldivmod+0x84>
87803584:	f000 f846 	bl	87803614 <__udivmoddi4>
87803588:	f8dd e004 	ldr.w	lr, [sp, #4]
8780358c:	e9dd 2302 	ldrd	r2, r3, [sp, #8]
87803590:	b004      	add	sp, #16
87803592:	4240      	negs	r0, r0
87803594:	eb61 0141 	sbc.w	r1, r1, r1, lsl #1
87803598:	4252      	negs	r2, r2
8780359a:	eb63 0343 	sbc.w	r3, r3, r3, lsl #1
8780359e:	4770      	bx	lr
878035a0:	4252      	negs	r2, r2
878035a2:	eb63 0343 	sbc.w	r3, r3, r3, lsl #1
878035a6:	f000 f835 	bl	87803614 <__udivmoddi4>
878035aa:	f8dd e004 	ldr.w	lr, [sp, #4]
878035ae:	e9dd 2302 	ldrd	r2, r3, [sp, #8]
878035b2:	b004      	add	sp, #16
878035b4:	4240      	negs	r0, r0
878035b6:	eb61 0141 	sbc.w	r1, r1, r1, lsl #1
878035ba:	4770      	bx	lr
878035bc:	4252      	negs	r2, r2
878035be:	eb63 0343 	sbc.w	r3, r3, r3, lsl #1
878035c2:	f000 f827 	bl	87803614 <__udivmoddi4>
878035c6:	f8dd e004 	ldr.w	lr, [sp, #4]
878035ca:	e9dd 2302 	ldrd	r2, r3, [sp, #8]
878035ce:	b004      	add	sp, #16
878035d0:	4252      	negs	r2, r2
878035d2:	eb63 0343 	sbc.w	r3, r3, r3, lsl #1
878035d6:	4770      	bx	lr

878035d8 <__aeabi_uldivmod>:
878035d8:	b953      	cbnz	r3, 878035f0 <__aeabi_uldivmod+0x18>
878035da:	b94a      	cbnz	r2, 878035f0 <__aeabi_uldivmod+0x18>
878035dc:	2900      	cmp	r1, #0
878035de:	bf08      	it	eq
878035e0:	2800      	cmpeq	r0, #0
878035e2:	bf1c      	itt	ne
878035e4:	f04f 31ff 	movne.w	r1, #4294967295	; 0xffffffff
878035e8:	f04f 30ff 	movne.w	r0, #4294967295	; 0xffffffff
878035ec:	f000 b80c 	b.w	87803608 <__aeabi_idiv0>
878035f0:	f1ad 0c08 	sub.w	ip, sp, #8
878035f4:	e96d ce04 	strd	ip, lr, [sp, #-16]!
878035f8:	f000 f80c 	bl	87803614 <__udivmoddi4>
878035fc:	f8dd e004 	ldr.w	lr, [sp, #4]
87803600:	e9dd 2302 	ldrd	r2, r3, [sp, #8]
87803604:	b004      	add	sp, #16
87803606:	4770      	bx	lr

87803608 <__aeabi_idiv0>:
87803608:	b502      	push	{r1, lr}
8780360a:	f04f 0008 	mov.w	r0, #8
8780360e:	f7fd fc1d 	bl	87800e4c <raise>
87803612:	bd02      	pop	{r1, pc}

87803614 <__udivmoddi4>:
87803614:	4299      	cmp	r1, r3
87803616:	e92d 4ff0 	stmdb	sp!, {r4, r5, r6, r7, r8, r9, sl, fp, lr}
8780361a:	bf08      	it	eq
8780361c:	4290      	cmpeq	r0, r2
8780361e:	4604      	mov	r4, r0
87803620:	bf38      	it	cc
87803622:	2000      	movcc	r0, #0
87803624:	460d      	mov	r5, r1
87803626:	f8dd e024 	ldr.w	lr, [sp, #36]	; 0x24
8780362a:	bf38      	it	cc
8780362c:	4601      	movcc	r1, r0
8780362e:	d368      	bcc.n	87803702 <__udivmoddi4+0xee>
87803630:	4692      	mov	sl, r2
87803632:	469b      	mov	fp, r3
87803634:	fab3 fc83 	clz	ip, r3
87803638:	2b00      	cmp	r3, #0
8780363a:	d06d      	beq.n	87803718 <__udivmoddi4+0x104>
8780363c:	fab5 f185 	clz	r1, r5
87803640:	2d00      	cmp	r5, #0
87803642:	d065      	beq.n	87803710 <__udivmoddi4+0xfc>
87803644:	ebac 0c01 	sub.w	ip, ip, r1
87803648:	f1ac 0820 	sub.w	r8, ip, #32
8780364c:	fa0b f70c 	lsl.w	r7, fp, ip
87803650:	fa0a f108 	lsl.w	r1, sl, r8
87803654:	f1cc 0920 	rsb	r9, ip, #32
87803658:	fa2a f309 	lsr.w	r3, sl, r9
8780365c:	fa0a f60c 	lsl.w	r6, sl, ip
87803660:	430f      	orrs	r7, r1
87803662:	431f      	orrs	r7, r3
87803664:	42bd      	cmp	r5, r7
87803666:	bf08      	it	eq
87803668:	42b4      	cmpeq	r4, r6
8780366a:	bf3c      	itt	cc
8780366c:	2000      	movcc	r0, #0
8780366e:	4601      	movcc	r1, r0
87803670:	d30a      	bcc.n	87803688 <__udivmoddi4+0x74>
87803672:	2001      	movs	r0, #1
87803674:	1ba4      	subs	r4, r4, r6
87803676:	fa00 f108 	lsl.w	r1, r0, r8
8780367a:	fa20 f309 	lsr.w	r3, r0, r9
8780367e:	fa00 f00c 	lsl.w	r0, r0, ip
87803682:	eb65 0507 	sbc.w	r5, r5, r7
87803686:	4319      	orrs	r1, r3
87803688:	f1bc 0f00 	cmp.w	ip, #0
8780368c:	d039      	beq.n	87803702 <__udivmoddi4+0xee>
8780368e:	087f      	lsrs	r7, r7, #1
87803690:	ea4f 0636 	mov.w	r6, r6, rrx
87803694:	4662      	mov	r2, ip
87803696:	e00a      	b.n	878036ae <__udivmoddi4+0x9a>
87803698:	1ba3      	subs	r3, r4, r6
8780369a:	eb65 0a07 	sbc.w	sl, r5, r7
8780369e:	18db      	adds	r3, r3, r3
878036a0:	eb4a 0a0a 	adc.w	sl, sl, sl
878036a4:	1c5c      	adds	r4, r3, #1
878036a6:	f14a 0500 	adc.w	r5, sl, #0
878036aa:	3a01      	subs	r2, #1
878036ac:	d007      	beq.n	878036be <__udivmoddi4+0xaa>
878036ae:	42bd      	cmp	r5, r7
878036b0:	bf08      	it	eq
878036b2:	42b4      	cmpeq	r4, r6
878036b4:	d2f0      	bcs.n	87803698 <__udivmoddi4+0x84>
878036b6:	1924      	adds	r4, r4, r4
878036b8:	416d      	adcs	r5, r5
878036ba:	3a01      	subs	r2, #1
878036bc:	d1f7      	bne.n	878036ae <__udivmoddi4+0x9a>
878036be:	fa24 f30c 	lsr.w	r3, r4, ip
878036c2:	fa05 f909 	lsl.w	r9, r5, r9
878036c6:	fa25 f20c 	lsr.w	r2, r5, ip
878036ca:	fa25 f808 	lsr.w	r8, r5, r8
878036ce:	1900      	adds	r0, r0, r4
878036d0:	ea43 0309 	orr.w	r3, r3, r9
878036d4:	ea43 0408 	orr.w	r4, r3, r8
878036d8:	eb45 0101 	adc.w	r1, r5, r1
878036dc:	4615      	mov	r5, r2
878036de:	f1ac 0220 	sub.w	r2, ip, #32
878036e2:	fa05 f30c 	lsl.w	r3, r5, ip
878036e6:	fa04 f60c 	lsl.w	r6, r4, ip
878036ea:	fa04 f202 	lsl.w	r2, r4, r2
878036ee:	f1cc 0c20 	rsb	ip, ip, #32
878036f2:	fa24 fc0c 	lsr.w	ip, r4, ip
878036f6:	4313      	orrs	r3, r2
878036f8:	1b80      	subs	r0, r0, r6
878036fa:	ea43 030c 	orr.w	r3, r3, ip
878036fe:	eb61 0103 	sbc.w	r1, r1, r3
87803702:	f1be 0f00 	cmp.w	lr, #0
87803706:	d001      	beq.n	8780370c <__udivmoddi4+0xf8>
87803708:	e9ce 4500 	strd	r4, r5, [lr]
8780370c:	e8bd 8ff0 	ldmia.w	sp!, {r4, r5, r6, r7, r8, r9, sl, fp, pc}
87803710:	fab4 f184 	clz	r1, r4
87803714:	3120      	adds	r1, #32
87803716:	e795      	b.n	87803644 <__udivmoddi4+0x30>
87803718:	fab2 fc82 	clz	ip, r2
8780371c:	fab5 f185 	clz	r1, r5
87803720:	f10c 0c20 	add.w	ip, ip, #32
87803724:	2d00      	cmp	r5, #0
87803726:	d18d      	bne.n	87803644 <__udivmoddi4+0x30>
87803728:	e7f2      	b.n	87803710 <__udivmoddi4+0xfc>
8780372a:	bf00      	nop
8780372c:	0000      	movs	r0, r0
	...

87803730 <__main_from_arm>:
87803730:	e51ff004 	ldr	pc, [pc, #-4]	; 87803734 <__main_from_arm+0x4>
87803734:	87803739 			; <UNDEFINED> instruction: 0x87803739

Disassembly of section .text.startup:

87803738 <main>:
87803738:	e92d 4ff0 	stmdb	sp!, {r4, r5, r6, r7, r8, r9, sl, fp, lr}
8780373c:	f643 0a64 	movw	sl, #14436	; 0x3864
87803740:	f648 6458 	movw	r4, #36440	; 0x8e58
87803744:	b083      	sub	sp, #12
87803746:	f2c8 7480 	movt	r4, #34688	; 0x8780
8780374a:	2620      	movs	r6, #32
8780374c:	f44f 077f 	mov.w	r7, #16711680	; 0xff0000
87803750:	f06f 457f 	mvn.w	r5, #4278190080	; 0xff000000
87803754:	f2c8 7a80 	movt	sl, #34688	; 0x8780
87803758:	f643 0970 	movw	r9, #14448	; 0x3870
8780375c:	f7fd f80e 	bl	8780077c <int_init>
87803760:	f7fc fdde 	bl	87800320 <imx6u_clkinit>
87803764:	f7fc fe80 	bl	87800468 <delay_init>
87803768:	f7fd fad4 	bl	87800d14 <uart_init>
8780376c:	f7fc fdc8 	bl	87800300 <clk_enable>
87803770:	f7fc fe38 	bl	878003e4 <led_init>
87803774:	f7fc feea 	bl	8780054c <beep_init>
87803778:	f7fc ff18 	bl	878005ac <key_init>
8780377c:	f7fd fdb2 	bl	878012e4 <lcd_init>
87803780:	f8cd a004 	str.w	sl, [sp, #4]
87803784:	4633      	mov	r3, r6
87803786:	9600      	str	r6, [sp, #0]
87803788:	f44f 7282 	mov.w	r2, #260	; 0x104
8780378c:	61a7      	str	r7, [r4, #24]
8780378e:	2128      	movs	r1, #40	; 0x28
87803790:	61e5      	str	r5, [r4, #28]
87803792:	200a      	movs	r0, #10
87803794:	f7fe f984 	bl	87801aa0 <lcd_show_string>
87803798:	f2c8 7980 	movt	r9, #34688	; 0x8780
8780379c:	2318      	movs	r3, #24
8780379e:	e9cd 3900 	strd	r3, r9, [sp]
878037a2:	22f0      	movs	r2, #240	; 0xf0
878037a4:	2150      	movs	r1, #80	; 0x50
878037a6:	200a      	movs	r0, #10
878037a8:	f643 087c 	movw	r8, #14460	; 0x387c
878037ac:	f643 078c 	movw	r7, #14476	; 0x388c
878037b0:	f7fe f976 	bl	87801aa0 <lcd_show_string>
878037b4:	f2c8 7880 	movt	r8, #34688	; 0x8780
878037b8:	2310      	movs	r3, #16
878037ba:	e9cd 3800 	strd	r3, r8, [sp]
878037be:	22f0      	movs	r2, #240	; 0xf0
878037c0:	216e      	movs	r1, #110	; 0x6e
878037c2:	200a      	movs	r0, #10
878037c4:	f248 0b20 	movw	fp, #32800	; 0x8020
878037c8:	f248 154c 	movw	r5, #33100	; 0x814c
878037cc:	f7fe f968 	bl	87801aa0 <lcd_show_string>
878037d0:	f2c8 7780 	movt	r7, #34688	; 0x8780
878037d4:	230c      	movs	r3, #12
878037d6:	f2c8 7b80 	movt	fp, #34688	; 0x8780
878037da:	f2c8 7580 	movt	r5, #34688	; 0x8780
878037de:	2400      	movs	r4, #0
878037e0:	e9cd 3700 	strd	r3, r7, [sp]
878037e4:	22f0      	movs	r2, #240	; 0xf0
878037e6:	2182      	movs	r1, #130	; 0x82
878037e8:	200a      	movs	r0, #10
878037ea:	f7fe f959 	bl	87801aa0 <lcd_show_string>
878037ee:	3401      	adds	r4, #1
878037f0:	b2e4      	uxtb	r4, r4
878037f2:	f85b 0024 	ldr.w	r0, [fp, r4, lsl #2]
878037f6:	f7fd fed3 	bl	878015a0 <lcd_clear>
878037fa:	f8cd a004 	str.w	sl, [sp, #4]
878037fe:	2320      	movs	r3, #32
87803800:	9600      	str	r6, [sp, #0]
87803802:	f44f 7282 	mov.w	r2, #260	; 0x104
87803806:	2128      	movs	r1, #40	; 0x28
87803808:	200a      	movs	r0, #10
8780380a:	f7fe f949 	bl	87801aa0 <lcd_show_string>
8780380e:	2318      	movs	r3, #24
87803810:	22f0      	movs	r2, #240	; 0xf0
87803812:	e9cd 3900 	strd	r3, r9, [sp]
87803816:	2150      	movs	r1, #80	; 0x50
87803818:	200a      	movs	r0, #10
8780381a:	f7fe f941 	bl	87801aa0 <lcd_show_string>
8780381e:	2310      	movs	r3, #16
87803820:	22f0      	movs	r2, #240	; 0xf0
87803822:	e9cd 3800 	strd	r3, r8, [sp]
87803826:	216e      	movs	r1, #110	; 0x6e
87803828:	200a      	movs	r0, #10
8780382a:	f7fe f939 	bl	87801aa0 <lcd_show_string>
8780382e:	230c      	movs	r3, #12
87803830:	22f0      	movs	r2, #240	; 0xf0
87803832:	e9cd 3700 	strd	r3, r7, [sp]
87803836:	2182      	movs	r1, #130	; 0x82
87803838:	200a      	movs	r0, #10
8780383a:	f7fe f931 	bl	87801aa0 <lcd_show_string>
8780383e:	782b      	ldrb	r3, [r5, #0]
87803840:	2c0a      	cmp	r4, #10
87803842:	f04f 0000 	mov.w	r0, #0
87803846:	bf08      	it	eq
87803848:	4604      	moveq	r4, r0
8780384a:	fab3 f383 	clz	r3, r3
8780384e:	095b      	lsrs	r3, r3, #5
87803850:	4619      	mov	r1, r3
87803852:	702b      	strb	r3, [r5, #0]
87803854:	f7fc fdf2 	bl	8780043c <led_switch>
87803858:	f44f 707a 	mov.w	r0, #1000	; 0x3e8
8780385c:	f7fc fe38 	bl	878004d0 <delay_ms>
87803860:	e7c5      	b.n	878037ee <main+0xb6>
87803862:	bf00      	nop

Disassembly of section .rodata:

87803864 <CSWTCH.8-0x34>:
87803864:	48504c41 	ldmdami	r0, {r0, r6, sl, fp, lr}^
87803868:	4d492041 	stclmi	0, cr2, [r9, #-260]	; 0xfffffefc
8780386c:	00553658 	subseq	r3, r5, r8, asr r6
87803870:	4c424752 	mcrrmi	7, 5, r4, r2, cr2
87803874:	54204443 	strtpl	r4, [r0], #-1091	; 0xfffffbbd
87803878:	00545345 	subseq	r5, r4, r5, asr #6
8780387c:	4d4f5441 	cfstrdmi	mvd5, [pc, #-260]	; 87803780 <main+0x48>
87803880:	494c4140 	stmdbmi	ip, {r6, r8, lr}^
87803884:	45544e45 	ldrbmi	r4, [r4, #-3653]	; 0xfffff1bb
87803888:	0000004b 	andeq	r0, r0, fp, asr #32
8780388c:	35323032 	ldrcc	r3, [r2, #-50]!	; 0xffffffce
87803890:	362f312f 	strtcc	r3, [pc], -pc, lsr #2
87803894:	00000000 	andeq	r0, r0, r0

87803898 <CSWTCH.8>:
87803898:	00000004 	andeq	r0, r0, r4
8780389c:	00000003 	andeq	r0, r0, r3
878038a0:	00000002 	andeq	r0, r0, r2
878038a4:	00000001 	andeq	r0, r0, r1
878038a8:	00000000 	andeq	r0, r0, r0
878038ac:	00000006 	andeq	r0, r0, r6
878038b0:	2044434c 	subcs	r4, r4, ip, asr #6
878038b4:	253d4449 	ldrcs	r4, [sp, #-1097]!	; 0xfffffbb7
878038b8:	0a0d5823 	beq	87b5994c <__bss_end+0x350acc>
878038bc:	00000000 	andeq	r0, r0, r0

878038c0 <asc2_2412>:
	...
878038f0:	0f000000 	svceq	0x00000000
878038f4:	fe0f3880 	vcmla.f16	d3, d31, d0[0], #0
878038f8:	38800f38 	stmcc	r0, {r3, r4, r5, r8, r9, sl, fp}
	...
8780390c:	00010000 	andeq	r0, r1, r0
87803910:	00000600 	andeq	r0, r0, r0, lsl #12
87803914:	3800000c 	stmdacc	r0, {r2, r3}
87803918:	00310000 	eorseq	r0, r1, r0
8780391c:	00000600 	andeq	r0, r0, r0, lsl #12
87803920:	3800000c 	stmdacc	r0, {r2, r3}
87803924:	00300000 	eorseq	r0, r0, r0
	...
87803930:	67008061 	strvs	r8, [r0, -r1, rrx]
87803934:	80f907f8 	ldrshthi	r0, [r9], #120	; 0x78
87803938:	00806100 	addeq	r6, r0, r0, lsl #2
8780393c:	61008061 	tstvs	r0, r1, rrx
87803940:	80610080 	rsbhi	r0, r1, r0, lsl #1
87803944:	07f86700 	ldrbeq	r6, [r8, r0, lsl #14]!
87803948:	610080f9 	strdvs	r8, [r0, -r9]
8780394c:	00000080 	andeq	r0, r0, r0, lsl #1
87803950:	00000000 	andeq	r0, r0, r0
87803954:	c0010000 	andgt	r0, r1, r0
87803958:	f0e003e0 			; <UNDEFINED> instruction: 0xf0e003e0
8780395c:	04083006 	streq	r3, [r8], #-6
87803960:	ff1f0818 			; <UNDEFINED> instruction: 0xff1f0818
87803964:	080e04fe 	stmdaeq	lr, {r1, r2, r3, r4, r5, r6, r7, sl}
87803968:	03f08707 	mvnseq	r8, #1835008	; 0x1c0000
8780396c:	0000e081 	andeq	lr, r0, r1, lsl #1
87803970:	00000000 	andeq	r0, r0, r0
87803974:	0600f001 	streq	pc, [r0], -r1
87803978:	0404000c 	streq	r0, [r4], #-12
8780397c:	700c0608 	andvc	r0, ip, r8, lsl #12
87803980:	00c0f901 	sbceq	pc, r0, r1, lsl #18
87803984:	3b00000e 	blcc	878039c4 <asc2_2412+0x104>
87803988:	18ec00e0 	stmiane	ip!, {r5, r6, r7}^
8780398c:	04080807 	streq	r0, [r8], #-2055	; 0xfffff7f9
87803990:	0300180c 	movweq	r1, #2060	; 0x80c
87803994:	000000e0 	andeq	r0, r0, r0, ror #1
87803998:	00e00100 	rsceq	r0, r0, r0, lsl #2
8780399c:	f803f007 			; <UNDEFINED> instruction: 0xf803f007
878039a0:	081c0418 	ldmdaeq	ip, {r3, r4, sl}
878039a4:	07081704 	streq	r1, [r8, -r4, lsl #14]
878039a8:	c003d0e1 	andgt	sp, r3, r1, ror #1
878039ac:	b02300e0 	eorlt	r0, r3, r0, ror #1
878039b0:	00083c00 	andeq	r3, r8, r0, lsl #24
878039b4:	00000820 	andeq	r0, r0, r0, lsr #16
878039b8:	00000010 	andeq	r0, r0, r0, lsl r0
878039bc:	01000000 	mrseq	r0, (UNDEF: 0)
878039c0:	00310000 	eorseq	r0, r1, r0
878039c4:	00003200 	andeq	r3, r0, r0, lsl #4
878039c8:	0000001c 	andeq	r0, r0, ip, lsl r0
	...
878039f0:	ff01007f 			; <UNDEFINED> instruction: 0xff01007f
878039f4:	f08007c0 			; <UNDEFINED> instruction: 0xf08007c0
878039f8:	1018000c 	andsne	r0, r8, ip
878039fc:	00200400 	eoreq	r0, r0, r0, lsl #8
87803a00:	00000002 	andeq	r0, r0, r2
87803a04:	20000000 	andcs	r0, r0, r0
87803a08:	00100200 	andseq	r0, r0, r0, lsl #4
87803a0c:	18000c04 	stmdane	r0, {r2, sl, fp}
87803a10:	01f08007 	mvnseq	r8, r7
87803a14:	7f00c0ff 	svcvc	0x0000c0ff
	...
87803a2c:	66000042 	strvs	r0, [r0], -r2, asr #32
87803a30:	00660000 	rsbeq	r0, r6, r0
87803a34:	00003c00 	andeq	r3, r0, r0, lsl #24
87803a38:	ff030018 			; <UNDEFINED> instruction: 0xff030018
87803a3c:	001800c0 	andseq	r0, r8, r0, asr #1
87803a40:	00003c00 	andeq	r3, r0, r0, lsl #24
87803a44:	66000066 	strvs	r0, [r0], -r6, rrx
87803a48:	00420000 	subeq	r0, r2, r0
87803a4c:	00000000 	andeq	r0, r0, r0
87803a50:	08000008 	stmdaeq	r0, {r3}
87803a54:	00080000 	andeq	r0, r8, r0
87803a58:	00000800 	andeq	r0, r0, r0, lsl #16
87803a5c:	ff010008 			; <UNDEFINED> instruction: 0xff010008
87803a60:	000800c0 	andeq	r0, r8, r0, asr #1
87803a64:	00000800 	andeq	r0, r0, r0, lsl #16
87803a68:	08000008 	stmdaeq	r0, {r3}
87803a6c:	00080000 	andeq	r0, r8, r0
87803a70:	00000000 	andeq	r0, r0, r0
87803a74:	00000100 	andeq	r0, r0, r0, lsl #2
87803a78:	32000031 	andcc	r0, r0, #49	; 0x31
87803a7c:	001c0000 	andseq	r0, ip, r0
	...
87803a98:	08000008 	stmdaeq	r0, {r3}
87803a9c:	00080000 	andeq	r0, r8, r0
87803aa0:	00000800 	andeq	r0, r0, r0, lsl #16
87803aa4:	08000008 	stmdaeq	r0, {r3}
87803aa8:	00080000 	andeq	r0, r8, r0
87803aac:	00000800 	andeq	r0, r0, r0, lsl #16
87803ab0:	08000008 	stmdaeq	r0, {r3}
	...
87803ac0:	38000038 	stmdacc	r0, {r3, r4, r5}
87803ac4:	00380000 	eorseq	r0, r8, r0
	...
87803ae0:	00000600 	andeq	r0, r0, r0, lsl #12
87803ae4:	7000001c 	andvc	r0, r0, ip, lsl r0
87803ae8:	00800100 	addeq	r0, r0, r0, lsl #2
87803aec:	3800000e 	stmdacc	r0, {r1, r2, r3}
87803af0:	00c00000 	sbceq	r0, r0, r0
87803af4:	1c000007 	stcne	0, cr0, [r0], {7}
87803af8:	00300000 	eorseq	r0, r0, r0
	...
87803b04:	ff01807f 			; <UNDEFINED> instruction: 0xff01807f
87803b08:	708003e0 	addvc	r0, r0, r0, ror #7
87803b0c:	04180006 	ldreq	r0, [r8], #-6
87803b10:	00040800 	andeq	r0, r4, r0, lsl #16
87803b14:	18000608 	stmdane	r0, {r3, r9, sl}
87803b18:	01708003 	cmneq	r0, r3
87803b1c:	7f00e0ff 	svcvc	0x0000e0ff
87803b20:	00000080 	andeq	r0, r0, r0, lsl #1
87803b24:	00000000 	andeq	r0, r0, r0
87803b28:	00010000 	andeq	r0, r1, r0
87803b2c:	08000108 	stmdaeq	r0, {r3, r8}
87803b30:	03080001 	movweq	r0, #32769	; 0x8001
87803b34:	ff07f8ff 			; <UNDEFINED> instruction: 0xff07f8ff
87803b38:	080000f8 	stmdaeq	r0, {r3, r4, r5, r6, r7}
87803b3c:	00080000 	andeq	r0, r8, r0
87803b40:	00000800 	andeq	r0, r0, r0, lsl #16
87803b44:	00000000 	andeq	r0, r0, r0
87803b48:	01000000 	mrseq	r0, (UNDEF: 0)
87803b4c:	c00238c0 	andgt	r3, r2, r0, asr #17
87803b50:	98000458 	stmdals	r0, {r3, r4, r6, sl}
87803b54:	04180104 	ldreq	r0, [r8], #-260	; 0xfffffefc
87803b58:	04041802 	streq	r1, [r4], #-2050	; 0xfffff7fe
87803b5c:	181c0618 	ldmdane	ip, {r3, r4, r9, sl}
87803b60:	0118f803 	tsteq	r8, r3, lsl #16	; <UNPREDICTABLE>
87803b64:	0000f8e0 	andeq	pc, r0, r0, ror #17
87803b68:	00000000 	andeq	r0, r0, r0
87803b6c:	01000000 	mrseq	r0, (UNDEF: 0)
87803b70:	c003e0c0 	andgt	lr, r3, r0, asr #1
87803b74:	080004f0 	stmdaeq	r0, {r4, r5, r6, r7, sl}
87803b78:	04080804 	streq	r0, [r8], #-2052	; 0xfffff7fc
87803b7c:	18060808 	stmdane	r6, {r3, fp}
87803b80:	18f40308 	ldmne	r4!, {r3, r8, r9}^
87803b84:	00f0e701 	rscseq	lr, r0, r1, lsl #14
87803b88:	0000e001 	andeq	lr, r0, r1
	...
87803b94:	0d000003 	stceq	0, cr0, [r0, #-12]
87803b98:	00110000 	andseq	r0, r1, r0
87803b9c:	00006100 	andeq	r6, r0, r0, lsl #2
87803ba0:	01030881 	smlabbeq	r3, r1, r8, r0
87803ba4:	f8ff0708 			; <UNDEFINED> instruction: 0xf8ff0708
87803ba8:	00f8ff0f 	rscseq	pc, r8, pc, lsl #30
87803bac:	01000801 	tsteq	r0, r1, lsl #16
87803bb0:	00000008 	andeq	r0, r0, r8
87803bb4:	00000000 	andeq	r0, r0, r0
87803bb8:	fc07e000 	stc2	0, cr14, [r7], {-0}
87803bbc:	080806d0 	stmdaeq	r8, {r4, r6, r7, r9, sl}
87803bc0:	06081006 	streq	r1, [r8], -r6
87803bc4:	10060810 	andne	r0, r6, r0, lsl r8
87803bc8:	38180608 	ldmdacc	r8, {r3, r9, sl}
87803bcc:	06f00f06 	ldrbteq	r0, [r0], r6, lsl #30
87803bd0:	0000c007 	andeq	ip, r0, r7
	...
87803bdc:	ff01803f 			; <UNDEFINED> instruction: 0xff01803f
87803be0:	308403e0 	addcc	r0, r4, r0, ror #7
87803be4:	04180802 	ldreq	r0, [r8], #-2050	; 0xfffff7fe
87803be8:	10040810 	andne	r0, r4, r0, lsl r8
87803bec:	08100408 	ldmdaeq	r0, {r3, sl}
87803bf0:	03101807 	tsteq	r0, #458752	; 0x70000
87803bf4:	0700f00f 	streq	pc, [r0, -pc]
87803bf8:	000000c0 	andeq	r0, r0, r0, asr #1
87803bfc:	00000000 	andeq	r0, r0, r0
87803c00:	c0030000 	andgt	r0, r3, r0
87803c04:	00000700 	andeq	r0, r0, r0, lsl #14
87803c08:	06000006 	streq	r0, [r0], -r6
87803c0c:	0706f800 	streq	pc, [r6, -r0, lsl #16]
87803c10:	001806f8 			; <UNDEFINED> instruction: 0x001806f8
87803c14:	0700e006 	streq	lr, [r0, -r6]
87803c18:	00060000 	andeq	r0, r6, r0
87803c1c:	00000000 	andeq	r0, r0, r0
87803c20:	01000000 	mrseq	r0, (UNDEF: 0)
87803c24:	f703e0e1 			; <UNDEFINED> instruction: 0xf703e0e1
87803c28:	103406f0 	ldrshtne	r0, [r4], -r0
87803c2c:	04081804 	streq	r1, [r8], #-2052	; 0xfffff7fc
87803c30:	0c040818 	stceq	8, cr0, [r4], {24}
87803c34:	080c0408 	stmdaeq	ip, {r3, sl}
87803c38:	03181606 	tsteq	r8, #6291456	; 0x600000
87803c3c:	c101f0f3 	strdgt	pc, [r1, -r3]
87803c40:	000000e0 	andeq	r0, r0, r0, ror #1
87803c44:	00000000 	andeq	r0, r0, r0
87803c48:	fc0300f8 	stc2	0, cr0, [r3], {248}	; 0xf8
87803c4c:	38060330 	stmdacc	r6, {r4, r5, r8, r9}
87803c50:	04080204 	streq	r0, [r8], #-516	; 0xfffffdfc
87803c54:	02040802 	andeq	r0, r4, #131072	; 0x20000
87803c58:	10040408 	andne	r0, r4, r8, lsl #8
87803c5c:	01f00803 	mvnseq	r0, r3, lsl #16
87803c60:	7f00c0ff 	svcvc	0x0000c0ff
	...
87803c78:	70003870 	andvc	r3, r0, r0, ror r8
87803c7c:	38700038 	ldmdacc	r0!, {r3, r4, r5}^
	...
87803c9c:	30001a30 	andcc	r1, r0, r0, lsr sl
87803ca0:	0000001c 	andeq	r0, r0, ip, lsl r0
	...
87803cb4:	08000000 	stmdaeq	r0, {}	; <UNPREDICTABLE>
87803cb8:	00140000 	andseq	r0, r4, r0
87803cbc:	00002200 	andeq	r2, r0, r0, lsl #4
87803cc0:	80000041 	andhi	r0, r0, r1, asr #32
87803cc4:	40000180 	andmi	r0, r0, r0, lsl #3
87803cc8:	04200002 	strteq	r0, [r0], #-2
87803ccc:	00081000 	andeq	r1, r8, r0
87803cd0:	00000008 	andeq	r0, r0, r8
87803cd4:	00000000 	andeq	r0, r0, r0
87803cd8:	21000021 	tstcs	r0, r1, lsr #32
87803cdc:	00210000 	eoreq	r0, r1, r0
87803ce0:	00002100 	andeq	r2, r0, r0, lsl #2
87803ce4:	21000021 	tstcs	r0, r1, lsr #32
87803ce8:	00210000 	eoreq	r0, r1, r0
87803cec:	00002100 	andeq	r2, r0, r0, lsl #2
87803cf0:	21000021 	tstcs	r0, r1, lsr #32
	...
87803cfc:	00080000 	andeq	r0, r8, r0
87803d00:	10000408 	andne	r0, r0, r8, lsl #8
87803d04:	01200002 			; <UNDEFINED> instruction: 0x01200002
87803d08:	80004000 	andhi	r4, r0, r0
87803d0c:	00410080 	subeq	r0, r1, r0, lsl #1
87803d10:	00002200 	andeq	r2, r0, r0, lsl #4
87803d14:	08000014 	stmdaeq	r0, {r2, r4}
87803d18:	00000000 	andeq	r0, r0, r0
87803d1c:	03000000 	movweq	r0, #0
87803d20:	c00400c0 	andgt	r0, r4, r0, asr #1
87803d24:	00000400 	andeq	r0, r0, r0, lsl #8
87803d28:	08380008 	ldmdaeq	r8!, {r3}
87803d2c:	0808380f 	stmdaeq	r8, {r0, r1, r2, r3, fp, ip, sp}
87803d30:	00100838 	andseq	r0, r0, r8, lsr r8
87803d34:	0700300c 	streq	r3, [r0, -ip]
87803d38:	c00300e0 	andgt	r0, r3, r0, ror #1
	...
87803d44:	ff00803f 			; <UNDEFINED> instruction: 0xff00803f
87803d48:	708003e0 	addvc	r0, r0, r0, ror #7
87803d4c:	06100f02 	ldreq	r0, [r0], -r2, lsl #30
87803d50:	c0048870 	andgt	r8, r4, r0, ror r8
87803d54:	08830488 	stmeq	r3, {r3, r7, sl}
87803d58:	02887f04 	addeq	r7, r8, #4, 30
87803d5c:	010390c0 	smlabteq	r3, r0, r0, r9
87803d60:	40fe0020 	rscsmi	r0, lr, r0, lsr #32
87803d64:	00080000 	andeq	r0, r8, r0
87803d68:	01001800 	tsteq	r0, r0, lsl #16
87803d6c:	083e00f8 	ldmdaeq	lr!, {r3, r4, r5, r6, r7}
87803d70:	0700c201 	streq	ip, [r0, -r1, lsl #4]
87803d74:	e2070002 	and	r0, r7, #2
87803d78:	00fe0000 	rscseq	r0, lr, r0
87803d7c:	00c81f00 	sbceq	r1, r8, r0, lsl #30
87803d80:	0000f801 	andeq	pc, r0, r1, lsl #16
87803d84:	08000038 	stmdaeq	r0, {r3, r4, r5}
87803d88:	07080004 	streq	r0, [r8, -r4]
87803d8c:	ff07f8ff 			; <UNDEFINED> instruction: 0xff07f8ff
87803d90:	080804f8 	stmdaeq	r8, {r3, r4, r5, r6, r7, sl}
87803d94:	04080804 	streq	r0, [r8], #-2052	; 0xfffff7fc
87803d98:	08040808 	stmdaeq	r4, {r3, fp}
87803d9c:	08180608 	ldmdaeq	r8, {r3, r9, sl}
87803da0:	0118f403 	tsteq	r8, r3, lsl #8	; <UNPREDICTABLE>
87803da4:	0100f0e7 	smlatteq	r0, r7, r0, pc	; <UNPREDICTABLE>
87803da8:	000000e0 	andeq	r0, r0, r0, ror #1
87803dac:	00000000 	andeq	r0, r0, r0
87803db0:	ff01803f 			; <UNDEFINED> instruction: 0xff01803f
87803db4:	708003e0 	addvc	r0, r0, r0, ror #7
87803db8:	04180002 	ldreq	r0, [r8], #-2
87803dbc:	00040800 	andeq	r0, r4, r0, lsl #16
87803dc0:	08000408 	stmdaeq	r0, {r3, sl}
87803dc4:	06100004 	ldreq	r0, [r0], -r4
87803dc8:	80072000 	andhi	r2, r7, r0
87803dcc:	000000c0 	andeq	r0, r0, r0, asr #1
87803dd0:	07080004 	streq	r0, [r8, -r4]
87803dd4:	ff07f8ff 			; <UNDEFINED> instruction: 0xff07f8ff
87803dd8:	080004f8 	stmdaeq	r0, {r3, r4, r5, r6, r7, sl}
87803ddc:	04080004 	streq	r0, [r8], #-4
87803de0:	00040800 	andeq	r0, r4, r0, lsl #16
87803de4:	10000218 	andne	r0, r0, r8, lsl r2
87803de8:	01708003 	cmneq	r0, r3
87803dec:	7f00e0ff 	svcvc	0x0000e0ff
87803df0:	00000080 	andeq	r0, r0, r0, lsl #1
87803df4:	07080004 	streq	r0, [r8, -r4]
87803df8:	ff07f8ff 			; <UNDEFINED> instruction: 0xff07f8ff
87803dfc:	080804f8 	stmdaeq	r8, {r3, r4, r5, r6, r7, sl}
87803e00:	04080804 	streq	r0, [r8], #-2052	; 0xfffff7fc
87803e04:	08040808 	stmdaeq	r4, {r3, fp}
87803e08:	083e0408 	ldmdaeq	lr!, {r3, sl}
87803e0c:	06080004 	streq	r0, [r8], -r4
87803e10:	00011800 	andeq	r1, r1, r0, lsl #16
87803e14:	00000060 	andeq	r0, r0, r0, rrx
87803e18:	07080004 	streq	r0, [r8, -r4]
87803e1c:	ff07f8ff 			; <UNDEFINED> instruction: 0xff07f8ff
87803e20:	080804f8 	stmdaeq	r8, {r3, r4, r5, r6, r7, sl}
87803e24:	04000804 	streq	r0, [r0], #-2052	; 0xfffff7fc
87803e28:	08040008 	stmdaeq	r4, {r3}
87803e2c:	003e0400 	eorseq	r0, lr, r0, lsl #8
87803e30:	06000006 	streq	r0, [r0], -r6
87803e34:	80010000 	andhi	r0, r1, r0
	...
87803e40:	ff01803f 			; <UNDEFINED> instruction: 0xff01803f
87803e44:	708003e0 	addvc	r0, r0, r0, ror #7
87803e48:	04180006 	ldreq	r0, [r8], #-6
87803e4c:	02040800 	andeq	r0, r4, #0, 16
87803e50:	08020408 	stmdaeq	r2, {r3, sl}
87803e54:	07f00302 	ldrbeq	r0, [r0, r2, lsl #6]!
87803e58:	0200f083 	andeq	pc, r0, #131	; 0x83
87803e5c:	00020000 	andeq	r0, r2, r0
87803e60:	07080004 	streq	r0, [r8, -r4]
87803e64:	ff07f8ff 			; <UNDEFINED> instruction: 0xff07f8ff
87803e68:	080804f8 	stmdaeq	r8, {r3, r4, r5, r6, r7, sl}
87803e6c:	00000800 	andeq	r0, r0, r0, lsl #16
87803e70:	08000008 	stmdaeq	r0, {r3}
87803e74:	00080000 	andeq	r0, r8, r0
87803e78:	07080804 	streq	r0, [r8, -r4, lsl #16]
87803e7c:	ff07f8ff 			; <UNDEFINED> instruction: 0xff07f8ff
87803e80:	080004f8 	stmdaeq	r0, {r3, r4, r5, r6, r7, sl}
87803e84:	00000000 	andeq	r0, r0, r0
87803e88:	00040000 	andeq	r0, r4, r0
87803e8c:	08000408 	stmdaeq	r0, {r3, sl}
87803e90:	07080004 	streq	r0, [r8, -r4]
87803e94:	ff07f8ff 			; <UNDEFINED> instruction: 0xff07f8ff
87803e98:	080004f8 	stmdaeq	r0, {r3, r4, r5, r6, r7, sl}
87803e9c:	04080004 	streq	r0, [r8], #-4
87803ea0:	00000800 	andeq	r0, r0, r0, lsl #16
	...
87803eac:	00000600 	andeq	r0, r0, r0, lsl #12
87803eb0:	01000007 	tsteq	r0, r7
87803eb4:	04010004 	streq	r0, [r1], #-4
87803eb8:	00040100 	andeq	r0, r4, r0, lsl #2
87803ebc:	feff0703 	cdp2	7, 15, cr0, cr15, cr3, {0}
87803ec0:	04fcff07 	ldrbteq	pc, [ip], #3847	; 0xf07	; <UNPREDICTABLE>
87803ec4:	00040000 	andeq	r0, r4, r0
87803ec8:	00000400 	andeq	r0, r0, r0, lsl #8
87803ecc:	07080004 	streq	r0, [r8, -r4]
87803ed0:	ff07f8ff 			; <UNDEFINED> instruction: 0xff07f8ff
87803ed4:	080c04f8 	stmdaeq	ip, {r3, r4, r5, r6, r7, sl}
87803ed8:	00001800 	andeq	r1, r0, r0, lsl #16
87803edc:	c704003e 	smladxgt	r4, lr, r0, r0
87803ee0:	c8030580 	stmdagt	r3, {r7, r8, sl}
87803ee4:	04f80006 	ldrbteq	r0, [r8], #6
87803ee8:	00043800 	andeq	r3, r4, r0, lsl #16
87803eec:	08000018 	stmdaeq	r0, {r3, r4}
87803ef0:	07080004 	streq	r0, [r8, -r4]
87803ef4:	ff07f8ff 			; <UNDEFINED> instruction: 0xff07f8ff
87803ef8:	080004f8 	stmdaeq	r0, {r3, r4, r5, r6, r7, sl}
87803efc:	00080000 	andeq	r0, r8, r0
87803f00:	00000800 	andeq	r0, r0, r0, lsl #16
87803f04:	08000008 	stmdaeq	r0, {r3}
87803f08:	00080000 	andeq	r0, r8, r0
87803f0c:	00001800 	andeq	r1, r0, r0, lsl #16
87803f10:	00000060 	andeq	r0, r0, r0, rrx
87803f14:	07080004 	streq	r0, [r8, -r4]
87803f18:	8007f8ff 	strdhi	pc, [r7], -pc	; <UNPREDICTABLE>
87803f1c:	00fc0708 	rscseq	r0, ip, r8, lsl #14
87803f20:	00c07f00 	sbceq	r7, r0, r0, lsl #30
87803f24:	0700f803 	streq	pc, [r0, -r3, lsl #16]
87803f28:	007800c0 	rsbseq	r0, r8, r0, asr #1
87803f2c:	07088007 	streq	r8, [r8, -r7]
87803f30:	ff07f8ff 			; <UNDEFINED> instruction: 0xff07f8ff
87803f34:	080004f8 	stmdaeq	r0, {r3, r4, r5, r6, r7, sl}
87803f38:	07080004 	streq	r0, [r8, -r4]
87803f3c:	0007f8ff 	strdeq	pc, [r7], -pc	; <UNPREDICTABLE>
87803f40:	00c00308 	sbceq	r0, r0, r8, lsl #6
87803f44:	0000e000 	andeq	lr, r0, r0
87803f48:	1e000038 	mcrne	0, 0, r0, cr0, cr8, {1}
87803f4c:	00070000 	andeq	r0, r7, r0
87803f50:	04c00100 	strbeq	r0, [r0], #256	; 0x100
87803f54:	ff07f000 			; <UNDEFINED> instruction: 0xff07f000
87803f58:	000004f8 	strdeq	r0, [r0], -r8
87803f5c:	00000000 	andeq	r0, r0, r0
87803f60:	ff01807f 			; <UNDEFINED> instruction: 0xff01807f
87803f64:	708003e0 	addvc	r0, r0, r0, ror #7
87803f68:	04180006 	ldreq	r0, [r8], #-6
87803f6c:	00040800 	andeq	r0, r4, r0, lsl #16
87803f70:	18000608 	stmdane	r0, {r3, r9, sl}
87803f74:	01300003 	teqeq	r0, r3
87803f78:	7f00e0ff 	svcvc	0x0000e0ff
87803f7c:	00000080 	andeq	r0, r0, r0, lsl #1
87803f80:	07080004 	streq	r0, [r8, -r4]
87803f84:	ff07f8ff 			; <UNDEFINED> instruction: 0xff07f8ff
87803f88:	080404f8 	stmdaeq	r4, {r3, r4, r5, r6, r7, sl}
87803f8c:	04000404 	streq	r0, [r0], #-1028	; 0xfffffbfc
87803f90:	04040004 	streq	r0, [r4], #-4
87803f94:	00040400 	andeq	r0, r4, r0, lsl #8
87803f98:	03000c06 	movweq	r0, #3078	; 0xc06
87803f9c:	f00100f8 			; <UNDEFINED> instruction: 0xf00100f8
	...
87803fa8:	ff01807f 			; <UNDEFINED> instruction: 0xff01807f
87803fac:	708003e0 	addvc	r0, r0, r0, ror #7
87803fb0:	04880006 	streq	r0, [r8], #6
87803fb4:	00048800 	andeq	r8, r4, r0, lsl #16
87803fb8:	3c0006c8 	stccc	6, cr0, [r0], {200}	; 0xc8
87803fbc:	013e0003 	teqeq	lr, r3
87803fc0:	7f00e6ff 	svcvc	0x0000e6ff
87803fc4:	00000084 	andeq	r0, r0, r4, lsl #1
87803fc8:	07080004 	streq	r0, [r8, -r4]
87803fcc:	ff07f8ff 			; <UNDEFINED> instruction: 0xff07f8ff
87803fd0:	080804f8 	stmdaeq	r8, {r3, r4, r5, r6, r7, sl}
87803fd4:	04000804 	streq	r0, [r0], #-2052	; 0xfffff7fc
87803fd8:	0f04000c 	svceq	0x0004000c
87803fdc:	c00b0400 	andgt	r0, fp, r0, lsl #8
87803fe0:	03f01006 	mvnseq	r1, #6
87803fe4:	e00138f0 	strd	r3, [r1], -r0
87803fe8:	08000008 	stmdaeq	r0, {r3}
87803fec:	01000000 	mrseq	r0, (UNDEF: 0)
87803ff0:	f003f8e0 			; <UNDEFINED> instruction: 0xf003f8e0
87803ff4:	10300630 	eorsne	r0, r0, r0, lsr r6
87803ff8:	04081804 	streq	r1, [r8], #-2052	; 0xfffff7fc
87803ffc:	0c040818 	stceq	8, cr0, [r4], {24}
87804000:	080c0408 	stmdaeq	ip, {r3, sl}
87804004:	02180602 	andseq	r0, r8, #2097152	; 0x200000
87804008:	8107f007 	tsthi	r7, r7	; <UNPREDICTABLE>
8780400c:	000000e0 	andeq	r0, r0, r0, ror #1
87804010:	06008001 	streq	r8, [r0], -r1
87804014:	00040000 	andeq	r0, r4, r0
87804018:	00000400 	andeq	r0, r0, r0, lsl #8
8780401c:	07080004 	streq	r0, [r8, -r4]
87804020:	ff07f8ff 			; <UNDEFINED> instruction: 0xff07f8ff
87804024:	080004f8 	stmdaeq	r0, {r3, r4, r5, r6, r7, sl}
87804028:	04000004 	streq	r0, [r0], #-4
8780402c:	00060000 	andeq	r0, r6, r0
87804030:	00800100 	addeq	r0, r0, r0, lsl #2
87804034:	07000004 	streq	r0, [r0, -r4]
87804038:	ff07e0ff 			; <UNDEFINED> instruction: 0xff07e0ff
8780403c:	180004f0 	stmdane	r0, {r4, r5, r6, r7, sl}
87804040:	00080000 	andeq	r0, r8, r0
87804044:	00000800 	andeq	r0, r0, r0, lsl #16
87804048:	08000008 	stmdaeq	r0, {r3}
8780404c:	04080000 	streq	r0, [r8], #-0
87804050:	ff071000 			; <UNDEFINED> instruction: 0xff071000
87804054:	000004e0 	andeq	r0, r0, r0, ror #9
87804058:	06000004 	streq	r0, [r0], -r4
8780405c:	e0070000 	and	r0, r7, r0
87804060:	00fe0700 	rscseq	r0, lr, r0, lsl #14
87804064:	00e01f04 	rsceq	r1, r0, r4, lsl #30
87804068:	0000f801 	andeq	pc, r0, r1, lsl #16
8780406c:	e0010038 	and	r0, r1, r8, lsr r0
87804070:	07003e04 	streq	r3, [r0, -r4, lsl #28]
87804074:	000600c0 	andeq	r0, r6, r0, asr #1
87804078:	00000400 	andeq	r0, r0, r0, lsl #8
8780407c:	07000004 	streq	r0, [r0, -r4]
87804080:	ff0700e0 			; <UNDEFINED> instruction: 0xff0700e0
87804084:	f81f04c0 			; <UNDEFINED> instruction: 0xf81f04c0
87804088:	07c00700 	strbeq	r0, [r0, r0, lsl #14]
8780408c:	ff0700f8 			; <UNDEFINED> instruction: 0xff0700f8
87804090:	f83f0480 			; <UNDEFINED> instruction: 0xf83f0480
87804094:	04c00700 	strbeq	r0, [r0], #1792	; 0x700
87804098:	000700f8 	strdeq	r0, [r7], -r8
8780409c:	00000400 	andeq	r0, r0, r0, lsl #8
878040a0:	04000000 	streq	r0, [r0], #-0
878040a4:	00060800 	andeq	r0, r6, r0, lsl #16
878040a8:	78c00718 	stmiavc	r0, {r3, r4, r8, r9, sl}^
878040ac:	00c8f105 	sbceq	pc, r8, r5, lsl #2
878040b0:	1f00003e 	svcne	0x0000003e
878040b4:	e8630480 	stmda	r3!, {r7, sl}^
878040b8:	06f88007 	ldrbteq	r8, [r8], r7
878040bc:	00041800 	andeq	r1, r4, r0, lsl #16
878040c0:	00000008 	andeq	r0, r0, r8
878040c4:	06000004 	streq	r0, [r0], -r4
878040c8:	80070000 	andhi	r0, r7, r0
878040cc:	08e00700 	stmiaeq	r0!, {r8, r9, sl}^
878040d0:	00087c04 	andeq	r7, r8, r4, lsl #24
878040d4:	0700f81f 	smuadeq	r0, pc, r8	; <UNPREDICTABLE>
878040d8:	081800f8 	ldmdaeq	r8, {r3, r4, r5, r6, r7}
878040dc:	0708e004 	streq	lr, [r8, -r4]
878040e0:	00060000 	andeq	r0, r6, r0
878040e4:	00000400 	andeq	r0, r0, r0, lsl #8
878040e8:	01000000 	mrseq	r0, (UNDEF: 0)
878040ec:	00060800 	andeq	r0, r6, r0, lsl #16
878040f0:	f8000438 			; <UNDEFINED> instruction: 0xf8000438
878040f4:	04e80304 	strbteq	r0, [r8], #772	; 0x304
878040f8:	7c04080f 	stcvc	8, cr0, [r4], {15}
878040fc:	08f00508 	ldmeq	r0!, {r3, r8, sl}^
87804100:	0708c007 	streq	ip, [r8, -r7]
87804104:	00041800 	andeq	r1, r4, r0, lsl #16
87804108:	00000060 	andeq	r0, r0, r0, rrx
	...
87804118:	3f000000 	svccc	0x00000000
8780411c:	0020feff 	strdeq	pc, [r0], -pc	; <UNPREDICTABLE>
87804120:	02002002 	andeq	r2, r0, #2
87804124:	20020020 	andcs	r0, r2, r0, lsr #32
87804128:	00200200 	eoreq	r0, r0, r0, lsl #4
8780412c:	00000002 	andeq	r0, r0, r2
87804130:	00000000 	andeq	r0, r0, r0
87804134:	00080000 	andeq	r0, r8, r0
87804138:	00000700 	andeq	r0, r0, r0, lsl #14
8780413c:	0000c000 	andeq	ip, r0, r0
87804140:	06000038 			; <UNDEFINED> instruction: 0x06000038
87804144:	c0010000 	andgt	r0, r1, r0
87804148:	00300000 	eorseq	r0, r0, r0
8780414c:	00000e00 	andeq	r0, r0, r0, lsl #28
87804150:	00000001 	andeq	r0, r0, r1
87804154:	00000000 	andeq	r0, r0, r0
87804158:	00200000 	eoreq	r0, r0, r0
8780415c:	02002002 	andeq	r2, r0, #2
87804160:	20020020 	andcs	r0, r2, r0, lsr #32
87804164:	00200200 	eoreq	r0, r0, r0, lsl #4
87804168:	feff3f02 	cdp2	15, 15, cr3, cr15, cr2, {0}
	...
87804180:	00000800 	andeq	r0, r0, r0, lsl #16
87804184:	30000010 	andcc	r0, r0, r0, lsl r0
87804188:	00200000 	eoreq	r0, r0, r0
8780418c:	00003000 	andeq	r3, r0, r0
87804190:	08000010 	stmdaeq	r0, {r4}
	...
8780419c:	00010000 	andeq	r0, r1, r0
878041a0:	00000100 	andeq	r0, r0, r0, lsl #2
878041a4:	01000001 	tsteq	r0, r1
878041a8:	00010000 	andeq	r0, r1, r0
878041ac:	00000100 	andeq	r0, r0, r0, lsl #2
878041b0:	01000001 	tsteq	r0, r1
878041b4:	00010000 	andeq	r0, r1, r0
878041b8:	00000100 	andeq	r0, r0, r0, lsl #2
878041bc:	01000001 	tsteq	r0, r1
	...
878041c8:	00002000 	andeq	r2, r0, r0
878041cc:	10000020 	andne	r0, r0, r0, lsr #32
878041d0:	00100000 	andseq	r0, r0, r0
	...
878041e8:	1900f000 	stmdbne	r0, {ip, sp, lr, pc}
878041ec:	181b00f8 	ldmdane	fp, {r3, r4, r5, r6, r7}
878041f0:	00082200 	andeq	r2, r8, r0, lsl #4
878041f4:	24000826 	strcs	r0, [r0], #-2086	; 0xfffff7da
878041f8:	10240008 	eorne	r0, r4, r8
878041fc:	00f83f00 	rscseq	r3, r8, r0, lsl #30
87804200:	0000f81f 	andeq	pc, r0, pc, lsl r8	; <UNPREDICTABLE>
87804204:	18000008 	stmdane	r0, {r3}
87804208:	04000000 	streq	r0, [r0], #-0
8780420c:	ff070000 			; <UNDEFINED> instruction: 0xff070000
87804210:	f0ff0ff8 			; <UNDEFINED> instruction: 0xf0ff0ff8
87804214:	00181800 	andseq	r1, r8, r0, lsl #16
87804218:	20000810 	andcs	r0, r0, r0, lsl r8
8780421c:	08200008 	stmdaeq	r0!, {r3}
87804220:	00183000 	andseq	r3, r8, r0
87804224:	0f00f01f 	svceq	0x0000f01f
87804228:	000000c0 	andeq	r0, r0, r0, asr #1
8780422c:	00000000 	andeq	r0, r0, r0
87804230:	1f00c007 	svcne	0x0000c007
87804234:	301800f0 	ldrshcc	r0, [r8], -r0	; <UNPREDICTABLE>
87804238:	00082000 	andeq	r2, r8, r0
8780423c:	20000820 	andcs	r0, r0, r0, lsr #16
87804240:	083c0008 	ldmdaeq	ip!, {r3}
87804244:	00101c00 	andseq	r1, r0, r0, lsl #24
87804248:	00006000 	andeq	r6, r0, r0
	...
87804254:	1f00c007 	svcne	0x0000c007
87804258:	183800f0 	ldmdane	r8!, {r4, r5, r6, r7}
8780425c:	00082000 	andeq	r2, r8, r0
87804260:	20000820 	andcs	r0, r0, r0, lsr #16
87804264:	10100408 	andsne	r0, r0, r8, lsl #8
87804268:	0ff8ff07 	svceq	0x00f8ff07
8780426c:	0000f0ff 	strdeq	pc, [r0], -pc	; <UNPREDICTABLE>
87804270:	00000010 	andeq	r0, r0, r0, lsl r0
87804274:	00000000 	andeq	r0, r0, r0
87804278:	07000000 	streq	r0, [r0, -r0]
8780427c:	f01f00c0 			; <UNDEFINED> instruction: 0xf01f00c0
87804280:	00301200 	eorseq	r1, r0, r0, lsl #4
87804284:	22001822 	andcs	r1, r0, #2228224	; 0x220000
87804288:	08220008 	stmdaeq	r2!, {r3}
8780428c:	00083200 	andeq	r3, r8, r0, lsl #4
87804290:	0e00101e 	mcreq	0, 0, r1, cr0, cr14, {0}
87804294:	00000020 	andeq	r0, r0, r0, lsr #32
87804298:	00000000 	andeq	r0, r0, r0
8780429c:	20000020 	andcs	r0, r0, r0, lsr #32
878042a0:	08200008 	stmdaeq	r0!, {r3}
878042a4:	03f8ff01 	mvnseq	pc, #1, 30
878042a8:	2006f8ff 	strdcs	pc, [r6], -pc	; <UNPREDICTABLE>
878042ac:	08200408 	stmdaeq	r0!, {r3, sl}
878042b0:	07082004 	streq	r2, [r8, -r4]
878042b4:	00030020 	andeq	r0, r3, r0, lsr #32
	...
878042c0:	0e000e00 	cdpeq	14, 0, cr0, cr0, cr0, {0}
878042c4:	f31f006e 	vhadd.u16	q0, <illegal reg q7.5>, q15
878042c8:	00b13100 	adcseq	r3, r1, r0, lsl #2
878042cc:	2000b120 	andcs	fp, r0, r0, lsr #2
878042d0:	913100b1 	ldrhls	r0, [r1, -r1]!
878042d4:	00131f00 	andseq	r1, r3, r0, lsl #30
878042d8:	20001e2e 	andcs	r1, r0, lr, lsr #28
878042dc:	0030000e 	eorseq	r0, r0, lr
878042e0:	04000000 	streq	r0, [r0], #-0
878042e4:	ff070800 	vcmla.f16	d0, d7, d0[0], #0
878042e8:	f8ff0ff8 			; <UNDEFINED> instruction: 0xf8ff0ff8
878042ec:	00081000 	andeq	r1, r8, r0
878042f0:	20000020 	andcs	r0, r0, r0, lsr #32
878042f4:	08200000 	stmdaeq	r0!, {}	; <UNPREDICTABLE>
878042f8:	00f83f00 	rscseq	r3, r8, r0, lsl #30
878042fc:	0000f81f 	andeq	pc, r0, pc, lsl r8	; <UNPREDICTABLE>
87804300:	00000008 	andeq	r0, r0, r8
87804304:	00000000 	andeq	r0, r0, r0
87804308:	20000000 	andcs	r0, r0, r0
8780430c:	08200008 	stmdaeq	r0!, {r3}
87804310:	06082000 	streq	r2, [r8], -r0
87804314:	3f06f83f 	svccc	0x0006f83f
87804318:	080000f8 	stmdaeq	r0, {r3, r4, r5, r6, r7}
8780431c:	00080000 	andeq	r0, r8, r0
87804320:	00000800 	andeq	r0, r0, r0, lsl #16
	...
87804330:	03000003 	movweq	r0, #3
87804334:	00012000 	andeq	r2, r1, r0
87804338:	20000120 	andcs	r0, r0, r0, lsr #2
8780433c:	fe3f0603 	cdp2	6, 3, cr0, cr15, cr3, {0}
87804340:	00fc3f06 	rscseq	r3, ip, r6, lsl #30
	...
8780434c:	04000000 	streq	r0, [r0], #-0
87804350:	ff070800 	vcmla.f16	d0, d7, d0[0], #0
87804354:	f8ff0ff8 			; <UNDEFINED> instruction: 0xf8ff0ff8
87804358:	00880100 	addeq	r0, r8, r0, lsl #2
8780435c:	2f000003 	svccs	0x00000003
87804360:	f83800c0 			; <UNDEFINED> instruction: 0xf83800c0
87804364:	00382000 	eorseq	r2, r8, r0
87804368:	00000820 	andeq	r0, r0, r0, lsr #16
8780436c:	00000008 	andeq	r0, r0, r8
87804370:	00000000 	andeq	r0, r0, r0
87804374:	00040000 	andeq	r0, r4, r0
87804378:	08000408 	stmdaeq	r0, {r3, sl}
8780437c:	07080004 	streq	r0, [r8, -r4]
87804380:	ff0ff8ff 			; <UNDEFINED> instruction: 0xff0ff8ff
87804384:	080000f8 	stmdaeq	r0, {r3, r4, r5, r6, r7}
87804388:	00080000 	andeq	r0, r8, r0
8780438c:	00000800 	andeq	r0, r0, r0, lsl #16
87804390:	00000000 	andeq	r0, r0, r0
87804394:	00082000 	andeq	r2, r8, r0
87804398:	3f00f83f 	svccc	0x0000f83f
8780439c:	081000f8 	ldmdaeq	r0, {r3, r4, r5, r6, r7}
878043a0:	00002000 	andeq	r2, r0, r0
878043a4:	3f00f83f 	svccc	0x0000f83f
878043a8:	081000f8 	ldmdaeq	r0, {r3, r4, r5, r6, r7}
878043ac:	00002000 	andeq	r2, r0, r0
878043b0:	3f00f83f 	svccc	0x0000f83f
878043b4:	080000f8 	stmdaeq	r0, {r3, r4, r5, r6, r7}
878043b8:	00000000 	andeq	r0, r0, r0
878043bc:	3f000820 	svccc	0x00000820
878043c0:	f83f00f8 			; <UNDEFINED> instruction: 0xf83f00f8
878043c4:	00081000 	andeq	r1, r8, r0
878043c8:	20000010 	andcs	r0, r0, r0, lsl r0
878043cc:	08200000 	stmdaeq	r0!, {}	; <UNPREDICTABLE>
878043d0:	00f83f00 	rscseq	r3, r8, r0, lsl #30
878043d4:	0000f81f 	andeq	pc, r0, pc, lsl r8	; <UNPREDICTABLE>
878043d8:	00000008 	andeq	r0, r0, r8
878043dc:	00000000 	andeq	r0, r0, r0
878043e0:	0f00c007 	svceq	0x0000c007
878043e4:	301800f0 	ldrshcc	r0, [r8], -r0	; <UNPREDICTABLE>
878043e8:	00083000 	andeq	r3, r8, r0
878043ec:	20000820 	andcs	r0, r0, r0, lsr #16
878043f0:	08300008 	ldmdaeq	r0!, {r3}
878043f4:	00301800 	eorseq	r1, r0, r0, lsl #16
878043f8:	0700f00f 	streq	pc, [r0, -pc]
878043fc:	000000c0 	andeq	r0, r0, r0, asr #1
87804400:	00000000 	andeq	r0, r0, r0
87804404:	3f000120 	svccc	0x00000120
87804408:	ff3f00ff 			; <UNDEFINED> instruction: 0xff3f00ff
8780440c:	00111000 	andseq	r1, r1, r0
87804410:	20000920 	andcs	r0, r0, r0, lsr #18
87804414:	08200008 	stmdaeq	r0!, {r3}
87804418:	00383000 	eorseq	r3, r8, r0
8780441c:	0f00f01f 	svceq	0x0000f01f
87804420:	000000c0 	andeq	r0, r0, r0, asr #1
87804424:	00000000 	andeq	r0, r0, r0
87804428:	1f00c007 	svcne	0x0000c007
8780442c:	183800f0 	ldmdane	r8!, {r4, r5, r6, r7}
87804430:	00082000 	andeq	r2, r8, r0
87804434:	20000820 	andcs	r0, r0, r0, lsr #16
87804438:	11100009 	tstne	r0, r9
8780443c:	00ff1f00 	rscseq	r1, pc, r0, lsl #30
87804440:	0000ff3f 	andeq	pc, r0, pc, lsr pc	; <UNPREDICTABLE>
87804444:	00000001 	andeq	r0, r0, r1
87804448:	00082000 	andeq	r2, r8, r0
8780444c:	20000820 	andcs	r0, r0, r0, lsr #16
87804450:	f83f0008 			; <UNDEFINED> instruction: 0xf83f0008
87804454:	00f83f00 	rscseq	r3, r8, r0, lsl #30
87804458:	10000808 	andne	r0, r0, r8, lsl #16
8780445c:	08200008 	stmdaeq	r0!, {r3}
87804460:	00002000 	andeq	r2, r0, r0
87804464:	30000030 	andcc	r0, r0, r0, lsr r0
	...
87804470:	0c000000 	stceq	0, cr0, [r0], {-0}
87804474:	181e0078 	ldmdane	lr, {r3, r4, r5, r6}
87804478:	00083300 	andeq	r3, r8, r0, lsl #6
8780447c:	21000823 	tstcs	r0, r3, lsr #16
87804480:	88210008 	stmdahi	r1!, {r3}
87804484:	00982100 	addseq	r2, r8, r0, lsl #2
87804488:	3800f030 	stmdacc	r0, {r4, r5, ip, sp, lr, pc}
8780448c:	00000060 	andeq	r0, r0, r0, rrx
87804490:	00000000 	andeq	r0, r0, r0
87804494:	20000020 	andcs	r0, r0, r0, lsr #32
87804498:	00200000 	eoreq	r0, r0, r0
8780449c:	03f0ff00 	mvnseq	pc, #0, 30
878044a0:	2000f8ff 	strdcs	pc, [r0], -pc	; <UNPREDICTABLE>
878044a4:	08200008 	stmdaeq	r0!, {r3}
878044a8:	00082000 	andeq	r2, r8, r0
878044ac:	00003000 	andeq	r3, r0, r0
	...
878044b8:	3f000020 	svccc	0x00000020
878044bc:	f87f00f0 			; <UNDEFINED> instruction: 0xf87f00f0
878044c0:	00180000 	andseq	r0, r8, r0
878044c4:	00000800 	andeq	r0, r0, r0, lsl #16
878044c8:	10200008 	eorne	r0, r0, r8
878044cc:	00f83f00 	rscseq	r3, r8, r0, lsl #30
878044d0:	0000f07f 	andeq	pc, r0, pc, ror r0	; <UNPREDICTABLE>
878044d4:	00000010 	andeq	r0, r0, r0, lsl r0
878044d8:	00000000 	andeq	r0, r0, r0
878044dc:	30000020 	andcc	r0, r0, r0, lsr #32
878044e0:	003c0000 	eorseq	r0, ip, r0
878044e4:	00803f00 	addeq	r3, r0, r0, lsl #30
878044e8:	0000f023 	andeq	pc, r0, r3, lsr #32
878044ec:	70000078 	andvc	r0, r0, r8, ror r0
878044f0:	00802300 	addeq	r2, r0, r0, lsl #6
878044f4:	3000003c 	andcc	r0, r0, ip, lsr r0
878044f8:	00200000 	eoreq	r0, r0, r0
878044fc:	00002000 	andeq	r2, r0, r0
87804500:	3f00003c 	svccc	0x0000003c
87804504:	f82300e0 			; <UNDEFINED> instruction: 0xf82300e0
87804508:	00e00000 	rsceq	r0, r0, r0
8780450c:	3e000027 	cdpcc	0, 0, cr0, cr0, cr7, {1}
87804510:	e03f0000 	eors	r0, pc, r0
87804514:	00f82100 	rscseq	r2, r8, r0, lsl #2
87804518:	3e00e001 	cdpcc	0, 0, cr14, cr0, cr1, {0}
8780451c:	00200000 	eoreq	r0, r0, r0
87804520:	00000000 	andeq	r0, r0, r0
87804524:	20000820 	andcs	r0, r0, r0, lsr #16
87804528:	38380008 	ldmdacc	r8!, {r3}
8780452c:	00683e00 	rsbeq	r3, r8, r0, lsl #28
87804530:	03008027 	movweq	r8, #39	; 0x27
87804534:	f82c00c8 			; <UNDEFINED> instruction: 0xf82c00c8
87804538:	00383800 	eorseq	r3, r8, r0, lsl #16
8780453c:	20001820 	andcs	r1, r0, r0, lsr #16
87804540:	00000008 	andeq	r0, r0, r8
87804544:	00000000 	andeq	r0, r0, r0
87804548:	30000020 	andcc	r0, r0, r0, lsr #32
8780454c:	013c0003 	teqeq	ip, r3
87804550:	00833f00 	addeq	r3, r3, r0, lsl #30
87804554:	0000ec23 	andeq	lr, r0, r3, lsr #24
87804558:	80230070 	eorhi	r0, r3, r0, ror r0
8780455c:	00003c00 	andeq	r3, r0, r0, lsl #24
87804560:	20000020 	andcs	r0, r0, r0, lsr #32
	...
8780456c:	38000000 	stmdacc	r0, {}	; <UNPREDICTABLE>
87804570:	38200008 	stmdacc	r0!, {r3}
87804574:	00f82000 	rscseq	r2, r8, r0
87804578:	2f00e823 	svccs	0x0000e823
8780457c:	083e0088 	ldmdaeq	lr!, {r3, r7}
87804580:	00083800 	andeq	r3, r8, r0, lsl #16
87804584:	00001820 	andeq	r1, r0, r0, lsr #16
87804588:	00000070 	andeq	r0, r0, r0, ror r0
	...
8780459c:	14000008 	strne	r0, [r0], #-8
878045a0:	fcf71f00 	ldc2l	15, cr1, [r7]
878045a4:	20060030 	andcs	r0, r6, r0, lsr r0
878045a8:	00000200 	andeq	r0, r0, r0, lsl #4
	...
878045c0:	ffff0000 			; <UNDEFINED> instruction: 0xffff0000
878045c4:	000000ff 	strdeq	r0, [r0], -pc	; <UNPREDICTABLE>
	...
878045d8:	00200000 	eoreq	r0, r0, r0
878045dc:	06003002 	streq	r3, [r0], -r2
878045e0:	00fcf71f 	rscseq	pc, ip, pc, lsl r7	; <UNPREDICTABLE>
878045e4:	08000014 	stmdaeq	r0, {r2, r4}
	...
878045f8:	18000000 	stmdane	r0, {}	; <UNPREDICTABLE>
878045fc:	00600000 	rsbeq	r0, r0, r0
87804600:	00004000 	andeq	r4, r0, r0
87804604:	20000040 	andcs	r0, r0, r0, asr #32
87804608:	00100000 	andseq	r0, r0, r0
8780460c:	00000800 	andeq	r0, r0, r0, lsl #16
87804610:	04000004 	streq	r0, [r0], #-4
87804614:	000c0000 	andeq	r0, ip, r0
87804618:	00001000 	andeq	r1, r0, r0

8780461c <asc2_1608>:
	...
87804630:	cc1f0000 	ldcgt	0, cr0, [pc], {-0}
87804634:	00000c00 	andeq	r0, r0, r0, lsl #24
87804638:	00000000 	andeq	r0, r0, r0
8780463c:	00080000 	andeq	r0, r8, r0
87804640:	00600030 	rsbeq	r0, r0, r0, lsr r0
87804644:	00300008 	eorseq	r0, r0, r8
87804648:	00000060 	andeq	r0, r0, r0, rrx
8780464c:	fc032002 	stc2	0, cr2, [r3], {2}
87804650:	2002201e 	andcs	r2, r2, lr, lsl r0
87804654:	201efc03 	andscs	pc, lr, r3, lsl #24
87804658:	00002002 	andeq	r2, r0, r2
8780465c:	180e0000 	stmdane	lr, {}	; <UNPREDICTABLE>
87804660:	ff3f0411 			; <UNDEFINED> instruction: 0xff3f0411
87804664:	780c8410 	stmdavc	ip, {r4, sl, pc}
87804668:	00000000 	andeq	r0, r0, r0
8780466c:	8410000f 	ldrhi	r0, [r0], #-15
87804670:	c000380f 	andgt	r3, r0, pc, lsl #16
87804674:	84187807 	ldrhi	r7, [r8], #-2055	; 0xfffff7f9
87804678:	00007800 	andeq	r7, r0, r0, lsl #16
8780467c:	840f7800 	strhi	r7, [pc], #-2048	; 87804684 <asc2_1608+0x68>
87804680:	2411c410 	ldrcs	ip, [r1], #-1040	; 0xfffffbf0
87804684:	e400980e 	str	r9, [r0], #-2062	; 0xfffff7f2
87804688:	08008400 	stmdaeq	r0, {sl, pc}
8780468c:	00680008 	rsbeq	r0, r8, r8
87804690:	00000070 	andeq	r0, r0, r0, ror r0
	...
878046a0:	e0070000 	and	r0, r7, r0
878046a4:	04201818 	strteq	r1, [r0], #-2072	; 0xfffff7e8
878046a8:	00000240 	andeq	r0, r0, r0, asr #4
878046ac:	02400000 	subeq	r0, r0, #0
878046b0:	18180420 	ldmdane	r8, {r5, sl}
878046b4:	0000e007 	andeq	lr, r0, r7
878046b8:	00000000 	andeq	r0, r0, r0
878046bc:	40024002 	andmi	r4, r2, r2
878046c0:	f00f8001 			; <UNDEFINED> instruction: 0xf00f8001
878046c4:	40028001 	andmi	r8, r2, r1
878046c8:	00004002 	andeq	r4, r0, r2
878046cc:	80008000 	andhi	r8, r0, r0
878046d0:	f80f8000 			; <UNDEFINED> instruction: 0xf80f8000
878046d4:	80008000 	andhi	r8, r0, r0
878046d8:	00008000 	andeq	r8, r0, r0
878046dc:	0d000100 	stfeqs	f0, [r0, #-0]
878046e0:	00000e00 	andeq	r0, r0, r0, lsl #28
	...
878046ec:	80000000 	andhi	r0, r0, r0
878046f0:	80008000 	andhi	r8, r0, r0
878046f4:	80008000 	andhi	r8, r0, r0
878046f8:	80008000 	andhi	r8, r0, r0
878046fc:	0c000000 	stceq	0, cr0, [r0], {-0}
87804700:	00000c00 	andeq	r0, r0, r0, lsl #24
	...
8780470c:	06000000 	streq	r0, [r0], -r0
87804710:	60001800 	andvs	r1, r0, r0, lsl #16
87804714:	00068001 	andeq	r8, r6, r1
87804718:	00200018 	eoreq	r0, r0, r8, lsl r0
8780471c:	f0070000 			; <UNDEFINED> instruction: 0xf0070000
87804720:	04100808 	ldreq	r0, [r0], #-2056	; 0xfffff7f8
87804724:	08080410 	stmdaeq	r8, {r4, sl}
87804728:	0000f007 	andeq	pc, r0, r7
8780472c:	04080000 	streq	r0, [r8], #-0
87804730:	fc1f0408 	ldc2	4, cr0, [pc], {8}
87804734:	04000400 	streq	r0, [r0], #-1024	; 0xfffffc00
87804738:	00000000 	andeq	r0, r0, r0
8780473c:	0c0e0000 	stceq	0, cr0, [lr], {-0}
87804740:	24101410 	ldrcs	r1, [r0], #-1040	; 0xfffffbf0
87804744:	84114410 	ldrhi	r4, [r1], #-1040	; 0xfffffbf0
87804748:	00000c0e 	andeq	r0, r0, lr, lsl #24
8780474c:	180c0000 	stmdane	ip, {}	; <UNPREDICTABLE>
87804750:	04110410 	ldreq	r0, [r1], #-1040	; 0xfffffbf0
87804754:	88120411 	ldmdahi	r2, {r0, r4, sl}
87804758:	0000700c 	andeq	r7, r0, ip
8780475c:	e0000000 	and	r0, r0, r0
87804760:	24042003 	strcs	r2, [r4], #-3
87804764:	fc1f2408 	ldc2	4, cr2, [pc], {8}
87804768:	00002400 	andeq	r2, r0, r0, lsl #8
8780476c:	981f0000 	ldmdals	pc, {}	; <UNPREDICTABLE>
87804770:	04118410 	ldreq	r8, [r1], #-1040	; 0xfffffbf0
87804774:	88100411 	ldmdahi	r0, {r0, r4, sl}
87804778:	00007010 	andeq	r7, r0, r0, lsl r0
8780477c:	f0070000 			; <UNDEFINED> instruction: 0xf0070000
87804780:	04118808 	ldreq	r8, [r1], #-2056	; 0xfffff7f8
87804784:	88180411 	ldmdahi	r8, {r0, r4, sl}
87804788:	00007000 	andeq	r7, r0, r0
8780478c:	001c0000 	andseq	r0, ip, r0
87804790:	fc100010 	ldc2	0, cr0, [r0], {16}
87804794:	001c0013 	andseq	r0, ip, r3, lsl r0
87804798:	00000010 	andeq	r0, r0, r0, lsl r0
8780479c:	380e0000 	stmdacc	lr, {}	; <UNPREDICTABLE>
878047a0:	84104411 	ldrhi	r4, [r0], #-1041	; 0xfffffbef
878047a4:	44118410 	ldrmi	r8, [r1], #-1040	; 0xfffffbf0
878047a8:	0000380e 	andeq	r3, r0, lr, lsl #16
878047ac:	00070000 	andeq	r0, r7, r0
878047b0:	44108c08 	ldrmi	r8, [r0], #-3080	; 0xfffff3f8
878047b4:	88084410 	stmdahi	r8, {r4, sl, lr}
878047b8:	0000f007 	andeq	pc, r0, r7
878047bc:	00000000 	andeq	r0, r0, r0
878047c0:	0c030000 	stceq	0, cr0, [r3], {-0}
878047c4:	00000c03 	andeq	r0, r0, r3, lsl #24
	...
878047d0:	06010100 	streq	r0, [r1], -r0, lsl #2
	...
878047dc:	80000000 	andhi	r0, r0, r0
878047e0:	20024001 	andcs	r4, r2, r1
878047e4:	08081004 	stmdaeq	r8, {r2, ip}
878047e8:	00000410 	andeq	r0, r0, r0, lsl r4
878047ec:	20022002 	andcs	r2, r2, r2
878047f0:	20022002 	andcs	r2, r2, r2
878047f4:	20022002 	andcs	r2, r2, r2
878047f8:	00002002 	andeq	r2, r0, r2
878047fc:	04100000 	ldreq	r0, [r0], #-0
87804800:	10040808 	andne	r0, r4, r8, lsl #16
87804804:	40012002 	andmi	r2, r1, r2
87804808:	00008000 	andeq	r8, r0, r0
8780480c:	000e0000 	andeq	r0, lr, r0
87804810:	0c100012 	ldceq	0, cr0, [r0], {18}
87804814:	80106c10 	andshi	r6, r0, r0, lsl ip
87804818:	0000000f 	andeq	r0, r0, pc
8780481c:	180ce003 	stmdane	ip, {r0, r1, sp, lr, pc}
87804820:	2414e413 	ldrcs	lr, [r4], #-1043	; 0xfffffbed
87804824:	2808c417 	stmdacs	r8, {r0, r1, r2, r4, sl, lr, pc}
87804828:	0000d007 	andeq	sp, r0, r7
8780482c:	3c000400 	cfstrscc	mvf0, [r0], {-0}
87804830:	401cc403 	andsmi	ip, ip, r3, lsl #8
87804834:	e4004007 	str	r4, [r0], #-7
87804838:	04001c00 	streq	r1, [r0], #-3072	; 0xfffff400
8780483c:	fc1f0410 	ldc2	4, cr0, [pc], {16}
87804840:	04110411 	ldreq	r0, [r1], #-1041	; 0xfffffbef
87804844:	880e0411 	stmdahi	lr, {r0, r4, sl}
87804848:	00007000 	andeq	r7, r0, r0
8780484c:	180ce003 	stmdane	ip, {r0, r1, sp, lr, pc}
87804850:	04100410 	ldreq	r0, [r0], #-1040	; 0xfffffbf0
87804854:	08100410 	ldmdaeq	r0, {r4, sl}
87804858:	0000101c 	andeq	r1, r0, ip, lsl r0
8780485c:	fc1f0410 	ldc2	4, cr0, [pc], {16}
87804860:	04100410 	ldreq	r0, [r0], #-1040	; 0xfffffbf0
87804864:	08080410 	stmdaeq	r8, {r4, sl}
87804868:	0000f007 	andeq	pc, r0, r7
8780486c:	fc1f0410 	ldc2	4, cr0, [pc], {16}
87804870:	04110411 	ldreq	r0, [r1], #-1041	; 0xfffffbef
87804874:	0410c417 	ldreq	ip, [r0], #-1047	; 0xfffffbe9
87804878:	00001808 	andeq	r1, r0, r8, lsl #16
8780487c:	fc1f0410 	ldc2	4, cr0, [pc], {16}
87804880:	00110411 	andseq	r0, r1, r1, lsl r4
87804884:	0010c017 	andseq	ip, r0, r7, lsl r0
87804888:	00000008 	andeq	r0, r0, r8
8780488c:	180ce003 	stmdane	ip, {r0, r1, sp, lr, pc}
87804890:	04100410 	ldreq	r0, [r0], #-1040	; 0xfffffbf0
87804894:	781c4410 	ldmdavc	ip, {r4, sl, lr}
87804898:	00004000 	andeq	r4, r0, r0
8780489c:	fc1f0410 	ldc2	4, cr0, [pc], {16}
878048a0:	80008410 	andhi	r8, r0, r0, lsl r4
878048a4:	84108000 	ldrhi	r8, [r0], #-0
878048a8:	0410fc1f 	ldreq	pc, [r0], #-3103	; 0xfffff3e1
878048ac:	04100000 	ldreq	r0, [r0], #-0
878048b0:	fc1f0410 	ldc2	4, cr0, [pc], {16}
878048b4:	04100410 	ldreq	r0, [r0], #-1040	; 0xfffffbf0
878048b8:	00000000 	andeq	r0, r0, r0
878048bc:	01000300 	mrseq	r0, LR_irq
878048c0:	01100110 	tsteq	r0, r0, lsl r1
878048c4:	0010fe1f 	andseq	pc, r0, pc, lsl lr	; <UNPREDICTABLE>
878048c8:	00000010 	andeq	r0, r0, r0, lsl r0
878048cc:	fc1f0410 	ldc2	4, cr0, [pc], {16}
878048d0:	80030411 	andhi	r0, r3, r1, lsl r4
878048d4:	1c186414 	cfldrsne	mvf6, [r8], {20}
878048d8:	00000410 	andeq	r0, r0, r0, lsl r4
878048dc:	fc1f0410 	ldc2	4, cr0, [pc], {16}
878048e0:	04000410 	streq	r0, [r0], #-1040	; 0xfffffbf0
878048e4:	04000400 	streq	r0, [r0], #-1024	; 0xfffffc00
878048e8:	00000c00 	andeq	r0, r0, r0, lsl #24
878048ec:	fc1f0410 	ldc2	4, cr0, [pc], {16}
878048f0:	fc00001f 	stc2	0, cr0, [r0], {31}
878048f4:	fc1f001f 	ldc2	0, cr0, [pc], {31}
878048f8:	00000410 	andeq	r0, r0, r0, lsl r4
878048fc:	fc1f0410 	ldc2	4, cr0, [pc], {16}
87804900:	0003040c 	andeq	r0, r3, ip, lsl #8
87804904:	1810e000 	ldmdane	r0, {sp, lr, pc}
87804908:	0010fc1f 	andseq	pc, r0, pc, lsl ip	; <UNPREDICTABLE>
8780490c:	0808f007 	stmdaeq	r8, {r0, r1, r2, ip, sp, lr, pc}
87804910:	04100410 	ldreq	r0, [r0], #-1040	; 0xfffffbf0
87804914:	08080410 	stmdaeq	r8, {r4, sl}
87804918:	0000f007 	andeq	pc, r0, r7
8780491c:	fc1f0410 	ldc2	4, cr0, [pc], {16}
87804920:	80108410 	andshi	r8, r0, r0, lsl r4
87804924:	80108010 	andshi	r8, r0, r0, lsl r0
87804928:	0000000f 	andeq	r0, r0, pc
8780492c:	1808f007 	stmdane	r8, {r0, r1, r2, ip, sp, lr, pc}
87804930:	24102410 	ldrcs	r2, [r0], #-1040	; 0xfffffbf0
87804934:	0a081c10 	beq	87a0b97c <__bss_end+0x202afc>
87804938:	0000f207 	andeq	pc, r0, r7, lsl #4
8780493c:	fc1f0410 	ldc2	4, cr0, [pc], {16}
87804940:	00110411 	andseq	r0, r1, r1, lsl r4
87804944:	3011c011 	andscc	ip, r1, r1, lsl r0
87804948:	04000c0e 	streq	r0, [r0], #-3086	; 0xfffff3f2
8780494c:	1c0e0000 	stcne	0, cr0, [lr], {-0}
87804950:	84100411 	ldrhi	r0, [r0], #-1041	; 0xfffffbef
87804954:	44108410 	ldrmi	r8, [r0], #-1040	; 0xfffffbf0
87804958:	0000381c 	andeq	r3, r0, ip, lsl r8
8780495c:	00100018 	andseq	r0, r0, r8, lsl r0
87804960:	fc1f0410 	ldc2	4, cr0, [pc], {16}
87804964:	00100410 	andseq	r0, r0, r0, lsl r4
87804968:	00000018 	andeq	r0, r0, r8, lsl r0
8780496c:	f81f0010 			; <UNDEFINED> instruction: 0xf81f0010
87804970:	04000410 	streq	r0, [r0], #-1040	; 0xfffffbf0
87804974:	04100400 	ldreq	r0, [r0], #-1024	; 0xfffffc00
87804978:	0010f81f 	andseq	pc, r0, pc, lsl r8	; <UNPREDICTABLE>
8780497c:	001e0010 	andseq	r0, lr, r0, lsl r0
87804980:	1c00e011 	stcne	0, cr14, [r0], {17}
87804984:	80137000 	andshi	r7, r3, r0
87804988:	0010001c 	andseq	r0, r0, ip, lsl r0
8780498c:	3c10c01f 	ldccc	0, cr12, [r0], {31}
87804990:	001fe000 	andseq	lr, pc, r0
87804994:	3c10e000 	ldccc	0, cr14, [r0], {-0}
87804998:	0000c01f 	andeq	ip, r0, pc, lsl r0
8780499c:	0c180410 	cfldrseq	mvf0, [r8], {16}
878049a0:	c0013416 	andgt	r3, r1, r6, lsl r4
878049a4:	3416c001 	ldrcc	ip, [r6], #-1
878049a8:	04100c18 	ldreq	r0, [r0], #-3096	; 0xfffff3e8
878049ac:	001c0010 	andseq	r0, ip, r0, lsl r0
878049b0:	fc000413 	stc2	4, cr0, [r0], {19}
878049b4:	001c0413 	andseq	r0, ip, r3, lsl r4
878049b8:	00000010 	andeq	r0, r0, r0, lsl r0
878049bc:	1c100408 	cfldrsne	mvf0, [r0], {8}
878049c0:	84106410 	ldrhi	r6, [r0], #-1040	; 0xfffffbf0
878049c4:	041c0413 	ldreq	r0, [ip], #-1043	; 0xfffffbed
878049c8:	00001810 	andeq	r1, r0, r0, lsl r8
878049cc:	00000000 	andeq	r0, r0, r0
878049d0:	fe7f0000 	cdp2	0, 7, cr0, cr15, cr0, {0}
878049d4:	02400240 	subeq	r0, r0, #64, 4
878049d8:	00000240 	andeq	r0, r0, r0, asr #4
878049dc:	00300000 	eorseq	r0, r0, r0
878049e0:	8003000c 	andhi	r0, r3, ip
878049e4:	1c006000 	stcne	0, cr6, [r0], {-0}
878049e8:	00000300 	andeq	r0, r0, r0, lsl #6
878049ec:	02400000 	subeq	r0, r0, #0
878049f0:	02400240 	subeq	r0, r0, #64, 4
878049f4:	0000fe7f 	andeq	pc, r0, pc, ror lr	; <UNPREDICTABLE>
	...
87804a00:	00400020 	subeq	r0, r0, r0, lsr #32
87804a04:	00400040 	subeq	r0, r0, r0, asr #32
87804a08:	00000020 	andeq	r0, r0, r0, lsr #32
87804a0c:	01000100 	mrseq	r0, (UNDEF: 16)
87804a10:	01000100 	mrseq	r0, (UNDEF: 16)
87804a14:	01000100 	mrseq	r0, (UNDEF: 16)
87804a18:	01000100 	mrseq	r0, (UNDEF: 16)
87804a1c:	00400000 	subeq	r0, r0, r0
87804a20:	00200040 	eoreq	r0, r0, r0, asr #32
	...
87804a2c:	98000000 	stmdals	r0, {}	; <UNPREDICTABLE>
87804a30:	44012401 	strmi	r2, [r1], #-1025	; 0xfffffbff
87804a34:	44014401 	strmi	r4, [r1], #-1025	; 0xfffffbff
87804a38:	0400fc00 	streq	pc, [r0], #-3072	; 0xfffff400
87804a3c:	fc1f0010 	ldc2	0, cr0, [pc], {16}
87804a40:	04018800 	streq	r8, [r1], #-2048	; 0xfffff800
87804a44:	88000401 	stmdahi	r0, {r0, sl}
87804a48:	00007000 	andeq	r7, r0, r0
87804a4c:	70000000 	andvc	r0, r0, r0
87804a50:	04018800 	streq	r8, [r1], #-2048	; 0xfffff800
87804a54:	04010401 	streq	r0, [r1], #-1025	; 0xfffffbff
87804a58:	00008800 	andeq	r8, r0, r0, lsl #16
87804a5c:	70000000 	andvc	r0, r0, r0
87804a60:	04018800 	streq	r8, [r1], #-2048	; 0xfffff800
87804a64:	08110401 	ldmdaeq	r1, {r0, sl}
87804a68:	0400fc1f 	streq	pc, [r0], #-3103	; 0xfffff3e1
87804a6c:	f8000000 			; <UNDEFINED> instruction: 0xf8000000
87804a70:	44014401 	strmi	r4, [r1], #-1025	; 0xfffffbff
87804a74:	44014401 	strmi	r4, [r1], #-1025	; 0xfffffbff
87804a78:	0000c800 	andeq	ip, r0, r0, lsl #16
87804a7c:	04010000 	streq	r0, [r1], #-0
87804a80:	fc0f0401 	stc2	4, cr0, [pc], {1}
87804a84:	04110411 	ldreq	r0, [r1], #-1041	; 0xfffffbef
87804a88:	00180011 	andseq	r0, r8, r1, lsl r0
87804a8c:	d6000000 	strle	r0, [r0], -r0
87804a90:	29012901 	stmdbcs	r1, {r0, r8, fp, sp}
87804a94:	c9012901 	stmdbgt	r1, {r0, r8, fp, sp}
87804a98:	00000601 	andeq	r0, r0, r1, lsl #12
87804a9c:	fc1f0410 	ldc2	4, cr0, [pc], {16}
87804aa0:	00018400 	andeq	r8, r1, r0, lsl #8
87804aa4:	04010001 	streq	r0, [r1], #-1
87804aa8:	0400fc00 	streq	pc, [r0], #-3072	; 0xfffff400
87804aac:	04010000 	streq	r0, [r1], #-0
87804ab0:	fc190419 	ldc2	4, cr0, [r9], {25}
87804ab4:	04000400 	streq	r0, [r0], #-1024	; 0xfffffc00
87804ab8:	00000000 	andeq	r0, r0, r0
87804abc:	03000000 	movweq	r0, #0
87804ac0:	01010100 	mrseq	r0, (UNDEF: 17)
87804ac4:	fe190119 	mrc2	1, 0, r0, cr9, cr9, {0}
87804ac8:	00000000 	andeq	r0, r0, r0
87804acc:	fc1f0410 	ldc2	4, cr0, [pc], {16}
87804ad0:	40002400 	andmi	r2, r0, r0, lsl #8
87804ad4:	0c01b401 	cfstrseq	mvf11, [r1], {1}
87804ad8:	00000401 	andeq	r0, r0, r1, lsl #8
87804adc:	04100000 	ldreq	r0, [r0], #-0
87804ae0:	fc1f0410 	ldc2	4, cr0, [pc], {16}
87804ae4:	04000400 	streq	r0, [r0], #-1024	; 0xfffffc00
87804ae8:	00000000 	andeq	r0, r0, r0
87804aec:	fc010401 	stc2	4, cr0, [r1], {1}
87804af0:	00010401 	andeq	r0, r1, r1, lsl #8
87804af4:	0401fc01 	streq	pc, [r1], #-3073	; 0xfffff3ff
87804af8:	fc000001 	stc2	0, cr0, [r0], {1}
87804afc:	fc010401 	stc2	4, cr0, [r1], {1}
87804b00:	00018400 	andeq	r8, r1, r0, lsl #8
87804b04:	04010001 	streq	r0, [r1], #-1
87804b08:	0400fc00 	streq	pc, [r0], #-3072	; 0xfffff400
87804b0c:	f8000000 			; <UNDEFINED> instruction: 0xf8000000
87804b10:	04010401 	streq	r0, [r1], #-1025	; 0xfffffbff
87804b14:	04010401 	streq	r0, [r1], #-1025	; 0xfffffbff
87804b18:	0000f800 	andeq	pc, r0, r0, lsl #16
87804b1c:	ff010101 			; <UNDEFINED> instruction: 0xff010101
87804b20:	04018500 	streq	r8, [r1], #-1280	; 0xfffffb00
87804b24:	88000401 	stmdahi	r0, {r0, sl}
87804b28:	00007000 	andeq	r7, r0, r0
87804b2c:	70000000 	andvc	r0, r0, r0
87804b30:	04018800 	streq	r8, [r1], #-2048	; 0xfffff800
87804b34:	05010401 	streq	r0, [r1, #-1025]	; 0xfffffbff
87804b38:	0100ff01 	tsteq	r0, r1, lsl #30	; <UNPREDICTABLE>
87804b3c:	04010401 	streq	r0, [r1], #-1025	; 0xfffffbff
87804b40:	8400fc01 	strhi	pc, [r0], #-3073	; 0xfffff3ff
87804b44:	00010401 	andeq	r0, r1, r1, lsl #8
87804b48:	00008001 	andeq	r8, r0, r1
87804b4c:	cc000000 	stcgt	0, cr0, [r0], {-0}
87804b50:	24012401 	strcs	r2, [r1], #-1025	; 0xfffffbff
87804b54:	24012401 	strcs	r2, [r1], #-1025	; 0xfffffbff
87804b58:	00009801 	andeq	r9, r0, r1, lsl #16
87804b5c:	00010000 	andeq	r0, r1, r0
87804b60:	f8070001 			; <UNDEFINED> instruction: 0xf8070001
87804b64:	04010401 	streq	r0, [r1], #-1025	; 0xfffffbff
87804b68:	00000000 	andeq	r0, r0, r0
87804b6c:	f8010001 			; <UNDEFINED> instruction: 0xf8010001
87804b70:	04000400 	streq	r0, [r0], #-1024	; 0xfffffc00
87804b74:	08010400 	stmdaeq	r1, {sl}
87804b78:	0400fc01 	streq	pc, [r0], #-3073	; 0xfffff3ff
87804b7c:	80010001 	andhi	r0, r1, r1
87804b80:	0c007001 	stceq	0, cr7, [r0], {1}
87804b84:	60011000 	andvs	r1, r1, r0
87804b88:	00018001 	andeq	r8, r1, r1
87804b8c:	0c01f001 	stceq	0, cr15, [r1], {1}
87804b90:	c0013000 	andgt	r3, r1, r0
87804b94:	0c013000 	stceq	0, cr3, [r1], {-0}
87804b98:	0001f001 	andeq	pc, r1, r1
87804b9c:	04010000 	streq	r0, [r1], #-0
87804ba0:	74008c01 	strvc	r8, [r0], #-3073	; 0xfffff3ff
87804ba4:	8c017001 	stchi	0, cr7, [r1], {1}
87804ba8:	00000401 	andeq	r0, r0, r1, lsl #8
87804bac:	81010101 	tsthi	r1, r1, lsl #2
87804bb0:	0e007101 	adfeqs	f7, f0, f1
87804bb4:	60011800 	andvs	r1, r1, r0, lsl #16
87804bb8:	00018001 	andeq	r8, r1, r1
87804bbc:	84010000 	strhi	r0, [r1], #-0
87804bc0:	34010c01 	strcc	r0, [r1], #-3073	; 0xfffff3ff
87804bc4:	84014401 	strhi	r4, [r1], #-1025	; 0xfffffbff
87804bc8:	00000c01 	andeq	r0, r0, r1, lsl #24
	...
87804bd4:	fc3e0001 	ldc2	0, cr0, [lr], #-4
87804bd8:	02400240 	subeq	r0, r0, #64, 4
	...
87804be4:	0000ffff 	strdeq	pc, [r0], -pc	; <UNPREDICTABLE>
87804be8:	00000000 	andeq	r0, r0, r0
87804bec:	02400000 	subeq	r0, r0, #0
87804bf0:	fc3e0240 	ldc2	2, cr0, [lr], #-256	; 0xffffff00
87804bf4:	00000001 	andeq	r0, r0, r1
87804bf8:	00000000 	andeq	r0, r0, r0
87804bfc:	00600000 	rsbeq	r0, r0, r0
87804c00:	00800080 	addeq	r0, r0, r0, lsl #1
87804c04:	00400040 	subeq	r0, r0, r0, asr #32
87804c08:	00200020 	eoreq	r0, r0, r0, lsr #32

87804c0c <asc2_1206>:
	...
87804c1c:	0000403f 	andeq	r4, r0, pc, lsr r0
87804c20:	00000000 	andeq	r0, r0, r0
87804c24:	00300000 	eorseq	r0, r0, r0
87804c28:	00300040 	eorseq	r0, r0, r0, asr #32
87804c2c:	00000040 	andeq	r0, r0, r0, asr #32
87804c30:	c00b0009 	andgt	r0, fp, r9
87804c34:	c00b003d 	andgt	r0, fp, sp, lsr r0
87804c38:	0009003d 	andeq	r0, r9, sp, lsr r0
87804c3c:	4024c018 	eormi	ip, r4, r8, lsl r0
87804c40:	4022e07f 	eormi	lr, r2, pc, ror r0
87804c44:	00008031 	andeq	r8, r0, r1, lsr r0
87804c48:	c0240018 	eorgt	r0, r4, r8, lsl r0
87804c4c:	800d001b 	andhi	r0, sp, fp, lsl r0
87804c50:	80014032 	andhi	r4, r1, r2, lsr r0
87804c54:	401c8003 	andsmi	r8, ip, r3
87804c58:	801c4027 	andshi	r4, ip, r7, lsr #32
87804c5c:	40004007 	andmi	r4, r0, r7
87804c60:	00600010 	rsbeq	r0, r0, r0, lsl r0
	...
87804c70:	801f0000 	andshi	r0, pc, r0
87804c74:	20404020 	subcs	r4, r0, r0, lsr #32
87804c78:	20400000 	subcs	r0, r0, r0
87804c7c:	801f4020 	andshi	r4, pc, r0, lsr #32
87804c80:	00000000 	andeq	r0, r0, r0
87804c84:	00060009 	andeq	r0, r6, r9
87804c88:	0006801f 	andeq	r8, r6, pc, lsl r0
87804c8c:	00000009 	andeq	r0, r0, r9
87804c90:	00040004 	andeq	r0, r4, r4
87804c94:	0004803f 	andeq	r8, r4, pc, lsr r0
87804c98:	00000004 	andeq	r0, r0, r4
87804c9c:	60001000 	andvs	r1, r0, r0
	...
87804ca8:	00040004 	andeq	r0, r4, r4
87804cac:	00040004 	andeq	r0, r4, r4
87804cb0:	00000004 	andeq	r0, r0, r4
87804cb4:	40000000 	andmi	r0, r0, r0
	...
87804cc0:	c0012000 	andgt	r2, r1, r0
87804cc4:	00380006 	eorseq	r0, r8, r6
87804cc8:	00000040 	andeq	r0, r0, r0, asr #32
87804ccc:	4020801f 	eormi	r8, r0, pc, lsl r0
87804cd0:	40204020 	eormi	r4, r0, r0, lsr #32
87804cd4:	0000801f 	andeq	r8, r0, pc, lsl r0
87804cd8:	40100000 	andsmi	r0, r0, r0
87804cdc:	4000c03f 	andmi	ip, r0, pc, lsr r0
87804ce0:	00000000 	andeq	r0, r0, r0
87804ce4:	4021c018 	eormi	ip, r1, r8, lsl r0
87804ce8:	40244022 	eormi	r4, r4, r2, lsr #32
87804cec:	00004018 	andeq	r4, r0, r8, lsl r0
87804cf0:	40208010 	eormi	r8, r0, r0, lsl r0
87804cf4:	40244024 	eormi	r4, r4, r4, lsr #32
87804cf8:	0000801b 	andeq	r8, r0, fp, lsl r0
87804cfc:	000d0002 	andeq	r0, sp, r2
87804d00:	c03f0011 	eorsgt	r0, pc, r1, lsl r0	; <UNPREDICTABLE>
87804d04:	00004001 	andeq	r4, r0, r1
87804d08:	4024803c 	eormi	r8, r4, ip, lsr r0
87804d0c:	40244024 	eormi	r4, r4, r4, lsr #32
87804d10:	00008023 	andeq	r8, r0, r3, lsr #32
87804d14:	4024801f 	eormi	r8, r4, pc, lsl r0
87804d18:	40344024 	eorsmi	r4, r4, r4, lsr #32
87804d1c:	00008003 	andeq	r8, r0, r3
87804d20:	00200030 	eoreq	r0, r0, r0, lsr r0
87804d24:	0038c027 	eorseq	ip, r8, r7, lsr #32
87804d28:	00000020 	andeq	r0, r0, r0, lsr #32
87804d2c:	4024801b 	eormi	r8, r4, fp, lsl r0
87804d30:	40244024 	eormi	r4, r4, r4, lsr #32
87804d34:	0000801b 	andeq	r8, r0, fp, lsl r0
87804d38:	c022001c 	eorgt	r0, r2, ip, lsl r0
87804d3c:	40224022 	eormi	r4, r2, r2, lsr #32
87804d40:	0000801f 	andeq	r8, r0, pc, lsl r0
87804d44:	00000000 	andeq	r0, r0, r0
87804d48:	00004008 	andeq	r4, r0, r8
	...
87804d54:	00006004 	andeq	r6, r0, r4
87804d58:	00000000 	andeq	r0, r0, r0
87804d5c:	00040000 	andeq	r0, r4, r0
87804d60:	0011000a 	andseq	r0, r1, sl
87804d64:	40408020 	submi	r8, r0, r0, lsr #32
87804d68:	00090009 	andeq	r0, r9, r9
87804d6c:	00090009 	andeq	r0, r9, r9
87804d70:	00000009 	andeq	r0, r0, r9
87804d74:	40400000 	submi	r0, r0, r0
87804d78:	00118020 	andseq	r8, r1, r0, lsr #32
87804d7c:	0004000a 	andeq	r0, r4, sl
87804d80:	00200018 	eoreq	r0, r0, r8, lsl r0
87804d84:	00244023 	eoreq	r4, r4, r3, lsr #32
87804d88:	00000018 	andeq	r0, r0, r8, lsl r0
87804d8c:	4020801f 	eormi	r8, r0, pc, lsl r0
87804d90:	40294027 	eormi	r4, r9, r7, lsr #32
87804d94:	0000401f 	andeq	r4, r0, pc, lsl r0
87804d98:	c0074000 	andgt	r4, r7, r0
87804d9c:	000f0039 	andeq	r0, pc, r9, lsr r0	; <UNPREDICTABLE>
87804da0:	4000c001 	andmi	ip, r0, r1
87804da4:	c03f4020 	eorsgt	r4, pc, r0, lsr #32
87804da8:	40244024 	eormi	r4, r4, r4, lsr #32
87804dac:	0000801b 	andeq	r8, r0, fp, lsl r0
87804db0:	4020801f 	eormi	r8, r0, pc, lsl r0
87804db4:	40204020 	eormi	r4, r0, r0, lsr #32
87804db8:	00008030 	andeq	r8, r0, r0, lsr r0
87804dbc:	c03f4020 	eorsgt	r4, pc, r0, lsr #32
87804dc0:	40204020 	eormi	r4, r0, r0, lsr #32
87804dc4:	0000801f 	andeq	r8, r0, pc, lsl r0
87804dc8:	c03f4020 	eorsgt	r4, pc, r0, lsr #32
87804dcc:	402e4024 	eormi	r4, lr, r4, lsr #32
87804dd0:	0000c030 	andeq	ip, r0, r0, lsr r0
87804dd4:	c03f4020 	eorsgt	r4, pc, r0, lsr #32
87804dd8:	002e4024 	eoreq	r4, lr, r4, lsr #32
87804ddc:	00000030 	andeq	r0, r0, r0, lsr r0
87804de0:	8010000f 	andshi	r0, r0, pc
87804de4:	40224020 	eormi	r4, r2, r0, lsr #32
87804de8:	00028033 	andeq	r8, r2, r3, lsr r0
87804dec:	c03f4020 	eorsgt	r4, pc, r0, lsr #32
87804df0:	00040004 	andeq	r0, r4, r4
87804df4:	4020c03f 	eormi	ip, r0, pc, lsr r0
87804df8:	40204020 	eormi	r4, r0, r0, lsr #32
87804dfc:	4020c03f 	eormi	ip, r0, pc, lsr r0
87804e00:	00004020 	andeq	r4, r0, r0, lsr #32
87804e04:	20206000 	eorcs	r6, r0, r0
87804e08:	c03f2020 	eorsgt	r2, pc, r0, lsr #32
87804e0c:	00200020 	eoreq	r0, r0, r0, lsr #32
87804e10:	c03f4020 	eorsgt	r4, pc, r0, lsr #32
87804e14:	000b4024 	andeq	r4, fp, r4, lsr #32
87804e18:	4020c030 	eormi	ip, r0, r0, lsr r0
87804e1c:	c03f4020 	eorsgt	r4, pc, r0, lsr #32
87804e20:	40004020 	andmi	r4, r0, r0, lsr #32
87804e24:	c0004000 	andgt	r4, r0, r0
87804e28:	003cc03f 	eorseq	ip, ip, pc, lsr r0
87804e2c:	003cc003 	eorseq	ip, ip, r3
87804e30:	0000c03f 	andeq	ip, r0, pc, lsr r0
87804e34:	c03f4020 	eorsgt	r4, pc, r0, lsr #32
87804e38:	0023400c 	eoreq	r4, r3, ip
87804e3c:	0020c03f 	eoreq	ip, r0, pc, lsr r0
87804e40:	4020801f 	eormi	r8, r0, pc, lsl r0
87804e44:	40204020 	eormi	r4, r0, r0, lsr #32
87804e48:	0000801f 	andeq	r8, r0, pc, lsl r0
87804e4c:	c03f4020 	eorsgt	r4, pc, r0, lsr #32
87804e50:	00244024 	eoreq	r4, r4, r4, lsr #32
87804e54:	00000018 	andeq	r0, r0, r8, lsl r0
87804e58:	4021801f 	eormi	r8, r1, pc, lsl r0
87804e5c:	e0204021 	eor	r4, r0, r1, lsr #32
87804e60:	0000a01f 	andeq	sl, r0, pc, lsl r0
87804e64:	c03f4020 	eorsgt	r4, pc, r0, lsr #32
87804e68:	00264024 	eoreq	r4, r6, r4, lsr #32
87804e6c:	4000c019 	andmi	ip, r0, r9, lsl r0
87804e70:	4024c018 	eormi	ip, r4, r8, lsl r0
87804e74:	40224024 	eormi	r4, r2, r4, lsr #32
87804e78:	00008031 	andeq	r8, r0, r1, lsr r0
87804e7c:	40200030 	eormi	r0, r0, r0, lsr r0
87804e80:	4020c03f 	eormi	ip, r0, pc, lsr r0
87804e84:	00000030 	andeq	r0, r0, r0, lsr r0
87804e88:	803f0020 	eorshi	r0, pc, r0, lsr #32
87804e8c:	40004000 	andmi	r4, r0, r0
87804e90:	0020803f 	eoreq	r8, r0, pc, lsr r0
87804e94:	003e0020 	eorseq	r0, lr, r0, lsr #32
87804e98:	0007c001 	andeq	ip, r7, r1
87804e9c:	00200038 	eoreq	r0, r0, r8, lsr r0
87804ea0:	c0070038 	andgt	r0, r7, r8, lsr r0
87804ea4:	c007003c 	andgt	r0, r7, ip, lsr r0
87804ea8:	00000038 	andeq	r0, r0, r8, lsr r0
87804eac:	c0394020 	eorsgt	r4, r9, r0, lsr #32
87804eb0:	c0390006 	eorsgt	r0, r9, r6
87804eb4:	00004020 	andeq	r4, r0, r0, lsr #32
87804eb8:	40380020 	eorsmi	r0, r8, r0, lsr #32
87804ebc:	4038c007 	eorsmi	ip, r8, r7
87804ec0:	00000020 	andeq	r0, r0, r0, lsr #32
87804ec4:	c0214030 	eorgt	r4, r1, r0, lsr r0
87804ec8:	40384026 	eorsmi	r4, r8, r6, lsr #32
87804ecc:	0000c020 	andeq	ip, r0, r0, lsr #32
87804ed0:	00000000 	andeq	r0, r0, r0
87804ed4:	2040e07f 	subcs	lr, r0, pc, ror r0
87804ed8:	00002040 	andeq	r2, r0, r0, asr #32
87804edc:	00700000 	rsbseq	r0, r0, r0
87804ee0:	8003000c 	andhi	r0, r3, ip
87804ee4:	00004000 	andeq	r4, r0, r0
87804ee8:	20400000 	subcs	r0, r0, r0
87804eec:	e07f2040 	rsbs	r2, pc, r0, asr #32
87804ef0:	00000000 	andeq	r0, r0, r0
87804ef4:	00200000 	eoreq	r0, r0, r0
87804ef8:	00200040 	eoreq	r0, r0, r0, asr #32
87804efc:	00000000 	andeq	r0, r0, r0
87804f00:	10001000 	andne	r1, r0, r0
87804f04:	10001000 	andne	r1, r0, r0
87804f08:	10001000 	andne	r1, r0, r0
87804f0c:	00000000 	andeq	r0, r0, r0
87804f10:	00000040 	andeq	r0, r0, r0, asr #32
87804f14:	00000000 	andeq	r0, r0, r0
87804f18:	80020000 	andhi	r0, r2, r0
87804f1c:	40054005 	andmi	r4, r5, r5
87804f20:	4000c003 	andmi	ip, r0, r3
87804f24:	c03f0020 	eorsgt	r0, pc, r0, lsr #32
87804f28:	40044004 	andmi	r4, r4, r4
87804f2c:	00008003 	andeq	r8, r0, r3
87804f30:	80030000 	andhi	r0, r3, r0
87804f34:	40044004 	andmi	r4, r4, r4
87804f38:	00004006 	andeq	r4, r0, r6
87804f3c:	80030000 	andhi	r0, r3, r0
87804f40:	40244004 	eormi	r4, r4, r4
87804f44:	4000c03f 	andmi	ip, r0, pc, lsr r0
87804f48:	80030000 	andhi	r0, r3, r0
87804f4c:	40054005 	andmi	r4, r5, r5
87804f50:	00004003 	andeq	r4, r0, r3
87804f54:	40040000 	andmi	r0, r4, r0
87804f58:	4024c01f 	eormi	ip, r4, pc, lsl r0
87804f5c:	00204024 	eoreq	r4, r0, r4, lsr #32
87804f60:	e0020000 	and	r0, r2, r0
87804f64:	50055005 	andpl	r5, r5, r5
87804f68:	20045006 	andcs	r5, r4, r6
87804f6c:	c03f4020 	eorsgt	r4, pc, r0, lsr #32
87804f70:	00044004 	andeq	r4, r4, r4
87804f74:	4000c003 	andmi	ip, r0, r3
87804f78:	40040000 	andmi	r0, r4, r0
87804f7c:	4000c027 	andmi	ip, r0, r7, lsr #32
87804f80:	00000000 	andeq	r0, r0, r0
87804f84:	10001000 	andne	r1, r0, r0
87804f88:	e0271004 	eor	r1, r7, r4
87804f8c:	00000000 	andeq	r0, r0, r0
87804f90:	c03f4020 	eorsgt	r4, pc, r0, lsr #32
87804f94:	00074001 	andeq	r4, r7, r1
87804f98:	4004c004 	andmi	ip, r4, r4
87804f9c:	40204020 	eormi	r4, r0, r0, lsr #32
87804fa0:	4000c03f 	andmi	ip, r0, pc, lsr r0
87804fa4:	00004000 	andeq	r4, r0, r0
87804fa8:	0004c007 	andeq	ip, r4, r7
87804fac:	0004c007 	andeq	ip, r4, r7
87804fb0:	0000c003 	andeq	ip, r0, r3
87804fb4:	c0074004 	andgt	r4, r7, r4
87804fb8:	00044004 	andeq	r4, r4, r4
87804fbc:	4000c003 	andmi	ip, r0, r3
87804fc0:	80030000 	andhi	r0, r3, r0
87804fc4:	40044004 	andmi	r4, r4, r4
87804fc8:	00008003 	andeq	r8, r0, r3
87804fcc:	f0071004 			; <UNDEFINED> instruction: 0xf0071004
87804fd0:	40045004 	andmi	r5, r4, r4
87804fd4:	00008003 	andeq	r8, r0, r3
87804fd8:	80030000 	andhi	r0, r3, r0
87804fdc:	50044004 	andpl	r4, r4, r4
87804fe0:	1000f007 	andne	pc, r0, r7
87804fe4:	c0074004 	andgt	r4, r7, r4
87804fe8:	00044002 	andeq	r4, r4, r2
87804fec:	00000004 	andeq	r0, r0, r4
87804ff0:	40060000 	andmi	r0, r6, r0
87804ff4:	40054005 	andmi	r4, r5, r5
87804ff8:	0000c004 	andeq	ip, r0, r4
87804ffc:	00040000 	andeq	r0, r4, r0
87805000:	4004801f 	andmi	r8, r4, pc, lsl r0
87805004:	00004000 	andeq	r4, r0, r0
87805008:	80070004 	andhi	r0, r7, r4
8780500c:	40044000 	andmi	r4, r4, r0
87805010:	4000c007 	andmi	ip, r0, r7
87805014:	00070004 	andeq	r0, r7, r4
87805018:	8001c004 	andhi	ip, r1, r4
8780501c:	00040006 	andeq	r0, r4, r6
87805020:	c0010006 	andgt	r0, r1, r6
87805024:	c0010007 	andgt	r0, r1, r7
87805028:	00000006 	andeq	r0, r0, r6
8780502c:	c0064004 	andgt	r4, r6, r4
87805030:	c0060001 	andgt	r0, r6, r1
87805034:	00004004 	andeq	r4, r0, r4
87805038:	10071004 	andne	r1, r7, r4
8780503c:	8001e004 	andhi	lr, r1, r4
87805040:	00040006 	andeq	r0, r4, r6
87805044:	40040000 	andmi	r0, r4, r0
87805048:	4006c005 	andmi	ip, r6, r5
8780504c:	00004004 	andeq	r4, r0, r4
87805050:	00000000 	andeq	r0, r0, r0
87805054:	e07b0004 	rsbs	r0, fp, r4
87805058:	00002040 	andeq	r2, r0, r0, asr #32
8780505c:	00000000 	andeq	r0, r0, r0
87805060:	f0ff0000 			; <UNDEFINED> instruction: 0xf0ff0000
87805064:	00000000 	andeq	r0, r0, r0
87805068:	20400000 	subcs	r0, r0, r0
8780506c:	0004e07b 	andeq	lr, r4, fp, ror r0
87805070:	00000000 	andeq	r0, r0, r0
87805074:	00800040 	addeq	r0, r0, r0, asr #32
87805078:	00200040 	eoreq	r0, r0, r0, asr #32
8780507c:	00400020 	subeq	r0, r0, r0, lsr #32

87805080 <asc2_3216>:
	...
87805118:	c000f007 	andgt	pc, r0, r7
8780511c:	e0e1ff07 	rsc	pc, r1, r7, lsl #30
87805120:	e001f007 	and	pc, r1, r7
87805124:	c0000000 	andgt	r0, r0, r0
	...
87805188:	00002000 	andeq	r2, r0, r0
8780518c:	0000c001 	andeq	ip, r0, r1
87805190:	00008007 	andeq	r8, r0, r7
87805194:	0000001f 	andeq	r0, r0, pc, lsl r0
87805198:	0000001e 	andeq	r0, r0, lr, lsl r0
8780519c:	0000201c 	andeq	r2, r0, ip, lsl r0
878051a0:	0000c001 	andeq	ip, r0, r1
878051a4:	00008007 	andeq	r8, r0, r7
878051a8:	0000001f 	andeq	r0, r0, pc, lsl r0
878051ac:	0000001e 	andeq	r0, r0, lr, lsl r0
878051b0:	0000001c 	andeq	r0, r0, ip, lsl r0
	...
87805204:	000c1800 	andeq	r1, ip, r0, lsl #16
87805208:	000c1800 	andeq	r1, ip, r0, lsl #16
8780520c:	e00f1800 	and	r1, pc, r0, lsl #16
87805210:	00fc1f00 	rscseq	r1, ip, r0, lsl #30
87805214:	000cf803 	andeq	pc, ip, r3, lsl #16
87805218:	000c1800 	andeq	r1, ip, r0, lsl #16
8780521c:	000c1800 	andeq	r1, ip, r0, lsl #16
87805220:	000c1800 	andeq	r1, ip, r0, lsl #16
87805224:	000c1800 	andeq	r1, ip, r0, lsl #16
87805228:	e00f1800 	and	r1, pc, r0, lsl #16
8780522c:	00fc1f00 	rscseq	r1, ip, r0, lsl #30
87805230:	000cf803 	andeq	pc, ip, r3, lsl #16
87805234:	000c1800 	andeq	r1, ip, r0, lsl #16
87805238:	000c1800 	andeq	r1, ip, r0, lsl #16
	...
87805288:	80070000 	andhi	r0, r7, r0
8780528c:	c0077800 	andgt	r7, r7, r0, lsl #16
87805290:	4006fc00 	andmi	pc, r6, r0, lsl #24
87805294:	20000e01 	andcs	r0, r0, r1, lsl #28
87805298:	20000703 	andcs	r0, r0, r3, lsl #14
8780529c:	20800302 	addcs	r0, r0, r2, lsl #6
878052a0:	fcffff0f 	ldc2l	15, cr15, [pc], #60	; 878052e4 <asc2_3216+0x264>
878052a4:	20c00102 	sbccs	r0, r0, r2, lsl #2
878052a8:	60e00002 	rscvs	r0, r0, r2
878052ac:	40703001 	rsbsmi	r3, r0, r1
878052b0:	803ff001 	eorshi	pc, pc, r1
878052b4:	001ff000 	andseq	pc, pc, r0
	...
87805300:	0000fe00 	andeq	pc, r0, r0, lsl #28
87805304:	0000ff01 	andeq	pc, r0, r1, lsl #30
87805308:	00800103 	addeq	r0, r0, r3, lsl #2
8780530c:	60800002 	addvs	r0, r0, r2
87805310:	c0810103 	addgt	r0, r1, r3, lsl #2
87805314:	0007ff01 	andeq	pc, r7, r1, lsl #30
87805318:	0018fe00 	andseq	pc, r8, r0, lsl #28
8780531c:	00e00000 	rsceq	r0, r0, r0
87805320:	00bf0300 	adcseq	r0, pc, r0, lsl #6
87805324:	c0ff0c00 	rscsgt	r0, pc, r0, lsl #24
87805328:	60807100 	addvs	r7, r0, r0, lsl #2
8780532c:	2000c101 	andcs	ip, r0, r1, lsl #2
87805330:	60800103 	addvs	r0, r0, r3, lsl #2
87805334:	c0ff0000 	rscsgt	r0, pc, r0
87805338:	003f0000 	eorseq	r0, pc, r0
	...
87805380:	001f0000 	andseq	r0, pc, r0
87805384:	c07f0000 	rsbsgt	r0, pc, r0
87805388:	c0c0fc00 	sbcgt	pc, r0, r0, lsl #24
8780538c:	6080ff01 	addvs	pc, r0, r1, lsl #30
87805390:	20e00303 	rsccs	r0, r0, r3, lsl #6
87805394:	20780202 	rsbscs	r0, r8, r2, lsl #4
87805398:	201e0602 	andscs	r0, lr, r2, lsl #12
8780539c:	4007fc03 	andmi	pc, r7, r3, lsl #24
878053a0:	8003f001 	andhi	pc, r3, r1
878053a4:	c0030100 	andgt	r0, r3, r0, lsl #2
878053a8:	601c0100 	andsvs	r0, ip, r0, lsl #2
878053ac:	20e00100 	rsccs	r0, r0, r0, lsl #2
878053b0:	20000100 	andcs	r0, r0, r0, lsl #2
878053b4:	40000100 	andmi	r0, r0, r0, lsl #2
878053b8:	80010000 	andhi	r0, r1, r0
	...
87805404:	00002000 	andeq	r2, r0, r0
87805408:	0000601c 	andeq	r6, r0, ip, lsl r0
8780540c:	0000401c 	andeq	r4, r0, ip, lsl r0
87805410:	0000801f 	andeq	r8, r0, pc, lsl r0
87805414:	0000000f 	andeq	r0, r0, pc
	...
8780549c:	00f80700 	rscseq	r0, r8, r0, lsl #14
878054a0:	00ff3f00 	rscseq	r3, pc, r0, lsl #30
878054a4:	c0077800 	andgt	r7, r7, r0, lsl #16
878054a8:	e000c001 	and	ip, r0, r1
878054ac:	30000003 	andcc	r0, r0, r3
878054b0:	08000004 	stmdaeq	r0, {r2}
878054b4:	04000008 	streq	r0, [r0], #-8
878054b8:	02000010 	andeq	r0, r0, #16
	...
87805504:	02000010 	andeq	r0, r0, #16
87805508:	04000008 	streq	r0, [r0], #-8
8780550c:	08000004 	stmdaeq	r0, {r2}
87805510:	30000003 	andcc	r0, r0, r3
87805514:	e000c001 	and	ip, r0, r1
87805518:	c0077800 	andgt	r7, r7, r0, lsl #16
8780551c:	00ff3f00 	rscseq	r3, pc, r0, lsl #30
87805520:	00f80700 	rscseq	r0, r8, r0, lsl #14
	...
87805588:	00180c00 	andseq	r0, r8, r0, lsl #24
8780558c:	00380e00 	eorseq	r0, r8, r0, lsl #28
87805590:	00380e00 	eorseq	r0, r8, r0, lsl #28
87805594:	00300600 	eorseq	r0, r0, r0, lsl #12
87805598:	00600300 	rsbeq	r0, r0, r0, lsl #6
8780559c:	80436100 	subhi	r6, r3, r0, lsl #2
878055a0:	80ffff00 	rscshi	pc, pc, r0, lsl #30
878055a4:	00436100 	subeq	r6, r3, r0, lsl #2
878055a8:	00600300 	rsbeq	r0, r0, r0, lsl #6
878055ac:	00300600 	eorseq	r0, r0, r0, lsl #12
878055b0:	00380e00 	eorseq	r0, r8, r0, lsl #28
878055b4:	00380e00 	eorseq	r0, r8, r0, lsl #28
878055b8:	00180c00 	andseq	r0, r8, r0, lsl #24
	...
87805608:	00800000 	addeq	r0, r0, r0
8780560c:	00800000 	addeq	r0, r0, r0
87805610:	00800000 	addeq	r0, r0, r0
87805614:	00800000 	addeq	r0, r0, r0
87805618:	00800000 	addeq	r0, r0, r0
8780561c:	00800000 	addeq	r0, r0, r0
87805620:	00ff7f00 	rscseq	r7, pc, r0, lsl #30
87805624:	00800000 	addeq	r0, r0, r0
87805628:	00800000 	addeq	r0, r0, r0
8780562c:	00800000 	addeq	r0, r0, r0
87805630:	00800000 	addeq	r0, r0, r0
87805634:	00800000 	addeq	r0, r0, r0
87805638:	00800000 	addeq	r0, r0, r0
	...
87805684:	01000000 	mrseq	r0, (UNDEF: 0)
87805688:	e3000000 	movw	r0, #0
8780568c:	e2000000 	and	r0, r0, #0
87805690:	fc000000 	stc2	0, cr0, [r0], {-0}
87805694:	78000000 	stmdavc	r0, {}	; <UNPREDICTABLE>
	...
87805704:	00800000 	addeq	r0, r0, r0
87805708:	00800000 	addeq	r0, r0, r0
8780570c:	00800000 	addeq	r0, r0, r0
87805710:	00800000 	addeq	r0, r0, r0
87805714:	00800000 	addeq	r0, r0, r0
87805718:	00800000 	addeq	r0, r0, r0
8780571c:	00800000 	addeq	r0, r0, r0
87805720:	00800000 	addeq	r0, r0, r0
87805724:	00800000 	addeq	r0, r0, r0
87805728:	00800000 	addeq	r0, r0, r0
8780572c:	00800000 	addeq	r0, r0, r0
87805730:	00800000 	addeq	r0, r0, r0
87805734:	00800000 	addeq	r0, r0, r0
87805738:	00800000 	addeq	r0, r0, r0
	...
87805788:	c0000000 	andgt	r0, r0, r0
8780578c:	e0010000 	and	r0, r1, r0
87805790:	e0010000 	and	r0, r1, r0
87805794:	c0000000 	andgt	r0, r0, r0
	...
87805804:	0c000000 	stceq	0, cr0, [r0], {-0}
87805808:	38000000 	stmdacc	r0, {}	; <UNPREDICTABLE>
8780580c:	e0000000 	and	r0, r0, r0
87805810:	80030000 	andhi	r0, r3, r0
87805814:	000e0000 	andeq	r0, lr, r0
87805818:	00380000 	eorseq	r0, r8, r0
8780581c:	00e00000 	rsceq	r0, r0, r0
87805820:	00800300 	addeq	r0, r0, r0, lsl #6
87805824:	00000e00 	andeq	r0, r0, r0, lsl #28
87805828:	00003800 	andeq	r3, r0, r0, lsl #16
8780582c:	0000e000 	andeq	lr, r0, r0
87805830:	00008003 	andeq	r8, r0, r3
87805834:	0000000e 	andeq	r0, r0, lr
87805838:	00000018 	andeq	r0, r0, r8, lsl r0
	...
87805888:	00f80f00 	rscseq	r0, r8, r0, lsl #30
8780588c:	00ff7f00 	rscseq	r7, pc, r0, lsl #30
87805890:	8007f000 	andhi	pc, r7, r0
87805894:	c0008001 	andgt	r8, r0, r1
87805898:	60000003 	andvs	r0, r0, r3
8780589c:	20000002 	andcs	r0, r0, r2
878058a0:	20000002 	andcs	r0, r0, r2
878058a4:	20000002 	andcs	r0, r0, r2
878058a8:	60000003 	andvs	r0, r0, r3
878058ac:	c0008001 	andgt	r8, r0, r1
878058b0:	8003e000 	andhi	lr, r3, r0
878058b4:	00ff7f00 	rscseq	r7, pc, r0, lsl #30
878058b8:	00f80f00 	rscseq	r0, r8, r0, lsl #30
	...
8780590c:	20008000 	andcs	r8, r0, r0
87805910:	20008000 	andcs	r8, r0, r0
87805914:	20008000 	andcs	r8, r0, r0
87805918:	60008000 	andvs	r8, r0, r0
8780591c:	e0ffff01 	rscs	pc, pc, r1, lsl #30
87805920:	e0ffff03 	rscs	pc, pc, r3, lsl #30
87805924:	60000000 	andvs	r0, r0, r0
87805928:	20000000 	andcs	r0, r0, r0
8780592c:	20000000 	andcs	r0, r0, r0
87805930:	20000000 	andcs	r0, r0, r0
	...
87805988:	e0007800 	and	r7, r0, r0, lsl #16
8780598c:	60019800 	andvs	r9, r1, r0, lsl #16
87805990:	60020001 	andvs	r0, r2, r1
87805994:	60040002 	andvs	r0, r4, r2
87805998:	60080002 	andvs	r0, r8, r2
8780599c:	60100002 	andsvs	r0, r0, r2
878059a0:	60200002 	eorvs	r0, r0, r2
878059a4:	60400002 	subvs	r0, r0, r2
878059a8:	60800003 	addvs	r0, r0, r3
878059ac:	60008301 	andvs	r8, r0, r1, lsl #6
878059b0:	e000fe01 	and	pc, r0, r1, lsl #28
878059b4:	80077c00 	andhi	r7, r7, r0, lsl #24
	...
87805a08:	8007f000 	andhi	pc, r7, r0
87805a0c:	c007f001 	andgt	pc, r7, r1
87805a10:	40000001 	andmi	r0, r0, r1
87805a14:	20000002 	andcs	r0, r0, r2
87805a18:	20000102 	andcs	r0, r0, r2, lsl #2
87805a1c:	20000102 	andcs	r0, r0, r2, lsl #2
87805a20:	20000102 	andcs	r0, r0, r2, lsl #2
87805a24:	20800303 	addcs	r0, r0, r3, lsl #6
87805a28:	40808601 	addmi	r8, r0, r1, lsl #12
87805a2c:	c0c0fc01 	sbcgt	pc, r0, r1, lsl #24
87805a30:	807f7800 	rsbshi	r7, pc, r0, lsl #16
87805a34:	001e0000 	andseq	r0, lr, r0
	...
87805a84:	00080000 	andeq	r0, r8, r0
87805a88:	00380000 	eorseq	r0, r8, r0
87805a8c:	00480000 	subeq	r0, r8, r0
87805a90:	00880100 	addeq	r0, r8, r0, lsl #2
87805a94:	00080600 	andeq	r0, r8, r0, lsl #12
87805a98:	10080c00 	andne	r0, r8, r0, lsl #24
87805a9c:	10083000 	andne	r3, r8, r0
87805aa0:	10084000 	andne	r4, r8, r0
87805aa4:	f0ffff01 			; <UNDEFINED> instruction: 0xf0ffff01
87805aa8:	f0ffff03 			; <UNDEFINED> instruction: 0xf0ffff03
87805aac:	f0ffff03 			; <UNDEFINED> instruction: 0xf0ffff03
87805ab0:	10080000 	andne	r0, r8, r0
87805ab4:	10080000 	andne	r0, r8, r0
87805ab8:	10080000 	andne	r0, r8, r0
	...
87805b08:	80070000 	andhi	r0, r7, r0
87805b0c:	40861f00 	addmi	r1, r6, r0, lsl #30
87805b10:	2000e103 	andcs	lr, r0, r3, lsl #2
87805b14:	20000203 	andcs	r0, r0, r3, lsl #4
87805b18:	20000403 	andcs	r0, r0, r3, lsl #8
87805b1c:	20000403 	andcs	r0, r0, r3, lsl #8
87805b20:	20000403 	andcs	r0, r0, r3, lsl #8
87805b24:	20000403 	andcs	r0, r0, r3, lsl #8
87805b28:	40000603 	andmi	r0, r0, r3, lsl #12
87805b2c:	c0010303 	andgt	r0, r1, r3, lsl #6
87805b30:	80ff0103 	rscshi	r0, pc, r3, lsl #2
87805b34:	007e0003 	rsbseq	r0, lr, r3
	...
87805b88:	00fc0700 	rscseq	r0, ip, r0, lsl #14
87805b8c:	00ff3f00 	rscseq	r3, pc, r0, lsl #30
87805b90:	80c37000 	sbchi	r7, r3, r0
87805b94:	c0808100 	addgt	r8, r0, r0, lsl #2
87805b98:	60000101 	andvs	r0, r0, r1, lsl #2
87805b9c:	20000203 	andcs	r0, r0, r3, lsl #4
87805ba0:	20000202 	andcs	r0, r0, r2, lsl #4
87805ba4:	20000202 	andcs	r0, r0, r2, lsl #4
87805ba8:	20000202 	andcs	r0, r0, r2, lsl #4
87805bac:	40000302 	andmi	r0, r0, r2, lsl #6
87805bb0:	c080c101 	addgt	ip, r0, r1, lsl #2
87805bb4:	80ffc000 	rscshi	ip, pc, r0
87805bb8:	007e0000 	rsbseq	r0, lr, r0
	...
87805c08:	0000f000 	andeq	pc, r0, r0
87805c0c:	0000c003 	andeq	ip, r0, r3
87805c10:	00008003 	andeq	r8, r0, r3
87805c14:	00000003 	andeq	r0, r0, r3
87805c18:	e0070003 	and	r0, r7, r3
87805c1c:	e03f0003 	eors	r0, pc, r3
87805c20:	00c00103 	sbceq	r0, r0, r3, lsl #2
87805c24:	00000603 	andeq	r0, r0, r3, lsl #12
87805c28:	00001803 	andeq	r1, r0, r3, lsl #16
87805c2c:	00006003 	andeq	r6, r0, r3
87805c30:	00008003 	andeq	r8, r0, r3
87805c34:	00000003 	andeq	r0, r0, r3
	...
87805c84:	001f0000 	andseq	r0, pc, r0
87805c88:	803f7800 	eorshi	r7, pc, r0, lsl #16
87805c8c:	c060fc00 	rsbgt	pc, r0, r0, lsl #24
87805c90:	40c08e01 	sbcmi	r8, r0, r1, lsl #28
87805c94:	20800703 	addcs	r0, r0, r3, lsl #14
87805c98:	20000302 	andcs	r0, r0, r2, lsl #6
87805c9c:	20800102 	addcs	r0, r0, r2, lsl #2
87805ca0:	20800102 	addcs	r0, r0, r2, lsl #2
87805ca4:	20c00102 	sbccs	r0, r0, r2, lsl #2
87805ca8:	40e00103 	rscmi	r0, r0, r3, lsl #2
87805cac:	c0708601 	rsbsgt	r8, r0, r1, lsl #12
87805cb0:	803ffc00 	eorshi	pc, pc, r0, lsl #24
87805cb4:	001f7800 	andseq	r7, pc, r0, lsl #16
	...
87805d04:	00003f00 	andeq	r3, r0, r0, lsl #30
87805d08:	c081ff00 	addgt	pc, r1, r0, lsl #30
87805d0c:	c0c1c001 	sbcgt	ip, r1, r1
87805d10:	20600001 	rsbcs	r0, r0, r1
87805d14:	20200002 	eorcs	r0, r0, r2
87805d18:	20200002 	eorcs	r0, r0, r2
87805d1c:	20200002 	eorcs	r0, r0, r2
87805d20:	60200002 	eorvs	r0, r0, r2
87805d24:	c0400002 	subgt	r0, r0, r2
87805d28:	80c10001 	sbchi	r0, r1, r1
87805d2c:	008fc100 	addeq	ip, pc, r0, lsl #2
87805d30:	00fe7f00 	rscseq	r7, lr, r0, lsl #30
87805d34:	00f01f00 	rscseq	r1, r0, r0, lsl #30
	...
87805d98:	c0000300 	andgt	r0, r0, r0, lsl #6
87805d9c:	e0810700 	add	r0, r1, r0, lsl #14
87805da0:	e0810700 	add	r0, r1, r0, lsl #14
87805da4:	c0000300 	andgt	r0, r0, r0, lsl #6
	...
87805e18:	66000600 	strvs	r0, [r0], -r0, lsl #12
87805e1c:	78000600 	stmdavc	r0, {r9, sl}
	...
87805e88:	00800000 	addeq	r0, r0, r0
87805e8c:	00c00100 	sbceq	r0, r0, r0, lsl #2
87805e90:	00600300 	rsbeq	r0, r0, r0, lsl #6
87805e94:	00300600 	eorseq	r0, r0, r0, lsl #12
87805e98:	00180c00 	andseq	r0, r8, r0, lsl #24
87805e9c:	000c1800 	andeq	r1, ip, r0, lsl #16
87805ea0:	00063000 	andeq	r3, r6, r0
87805ea4:	00036000 	andeq	r6, r3, r0
87805ea8:	8001c000 	andhi	ip, r1, r0
87805eac:	40000001 	andmi	r0, r0, r1
87805eb0:	20000002 	andcs	r0, r0, r2
87805eb4:	10000004 	andne	r0, r0, r4
	...
87805f04:	00100400 	andseq	r0, r0, r0, lsl #8
87805f08:	00100400 	andseq	r0, r0, r0, lsl #8
87805f0c:	00100400 	andseq	r0, r0, r0, lsl #8
87805f10:	00100400 	andseq	r0, r0, r0, lsl #8
87805f14:	00100400 	andseq	r0, r0, r0, lsl #8
87805f18:	00100400 	andseq	r0, r0, r0, lsl #8
87805f1c:	00100400 	andseq	r0, r0, r0, lsl #8
87805f20:	00100400 	andseq	r0, r0, r0, lsl #8
87805f24:	00100400 	andseq	r0, r0, r0, lsl #8
87805f28:	00100400 	andseq	r0, r0, r0, lsl #8
87805f2c:	00100400 	andseq	r0, r0, r0, lsl #8
87805f30:	00100400 	andseq	r0, r0, r0, lsl #8
87805f34:	00100400 	andseq	r0, r0, r0, lsl #8
87805f38:	00100400 	andseq	r0, r0, r0, lsl #8
	...
87805f88:	10000004 	andne	r0, r0, r4
87805f8c:	20000002 	andcs	r0, r0, r2
87805f90:	40000001 	andmi	r0, r0, r1
87805f94:	8001c000 	andhi	ip, r1, r0
87805f98:	00036000 	andeq	r6, r3, r0
87805f9c:	00063000 	andeq	r3, r6, r0
87805fa0:	000c1800 	andeq	r1, ip, r0, lsl #16
87805fa4:	00180c00 	andseq	r0, r8, r0, lsl #24
87805fa8:	00300600 	eorseq	r0, r0, r0, lsl #12
87805fac:	00600300 	rsbeq	r0, r0, r0, lsl #6
87805fb0:	00c00100 	sbceq	r0, r0, r0, lsl #2
87805fb4:	00800000 	addeq	r0, r0, r0
	...
87806008:	00007800 	andeq	r7, r0, r0, lsl #16
8780600c:	0000f801 	andeq	pc, r0, r1, lsl #16
87806010:	00003802 	andeq	r3, r0, r2, lsl #16
87806014:	00000002 	andeq	r0, r0, r2
87806018:	c0000004 	andgt	r0, r0, r4
8780601c:	e0790004 	rsbs	r0, r9, r4
87806020:	e0810004 	add	r0, r1, r4
87806024:	c0000104 	andgt	r0, r0, r4, lsl #2
87806028:	00000304 	andeq	r0, r0, r4, lsl #6
8780602c:	00000202 	andeq	r0, r0, r2, lsl #4
87806030:	00000603 	andeq	r0, r0, r3, lsl #12
87806034:	0000fc01 	andeq	pc, r0, r1, lsl #24
87806038:	0000f800 	andeq	pc, r0, r0, lsl #16
	...
87806084:	00f80f00 	rscseq	r0, r8, r0, lsl #30
87806088:	00fe3f00 	rscseq	r3, lr, r0, lsl #30
8780608c:	80077000 	andhi	r7, r7, r0
87806090:	c000c000 	andgt	ip, r0, r0
87806094:	40f80101 	rscsmi	r0, r8, r1, lsl #2
87806098:	20fc0703 	rscscs	r0, ip, r3, lsl #14
8780609c:	20041e02 	andcs	r1, r4, r2, lsl #28
878060a0:	20083002 	andcs	r3, r8, r2
878060a4:	20302002 	eorscs	r2, r0, r2
878060a8:	20fc3f02 	rscscs	r3, ip, r2, lsl #30
878060ac:	40043f01 	andmi	r3, r4, r1, lsl #30
878060b0:	c00c8001 	andgt	r8, ip, r1
878060b4:	8031e000 	eorshi	lr, r1, r0
878060b8:	00c21f00 	sbceq	r1, r2, r0, lsl #30
	...
87806100:	20000000 	andcs	r0, r0, r0
87806104:	60000000 	andvs	r0, r0, r0
87806108:	e0030000 	and	r0, r3, r0
8780610c:	203e0000 	eorscs	r0, lr, r0
87806110:	20e00300 	rsccs	r0, r0, r0, lsl #6
87806114:	00203e00 	eoreq	r3, r0, r0, lsl #28
87806118:	0020e003 	eoreq	lr, r0, r3
8780611c:	00208003 	eoreq	r8, r0, r3
87806120:	0020fc07 	eoreq	pc, r0, r7, lsl #24
87806124:	00e03f00 	rsceq	r3, r0, r0, lsl #30
87806128:	20fe0300 	rscscs	r0, lr, r0, lsl #6
8780612c:	e03f0000 	eors	r0, pc, r0
87806130:	e0010000 	and	r0, r1, r0
87806134:	20000000 	andcs	r0, r0, r0
87806138:	20000000 	andcs	r0, r0, r0
	...
87806184:	20000002 	andcs	r0, r0, r2
87806188:	20000002 	andcs	r0, r0, r2
8780618c:	e0ffff03 	rscs	pc, pc, r3, lsl #30
87806190:	e0ffff03 	rscs	pc, pc, r3, lsl #30
87806194:	20000102 	andcs	r0, r0, r2, lsl #2
87806198:	20000102 	andcs	r0, r0, r2, lsl #2
8780619c:	20000102 	andcs	r0, r0, r2, lsl #2
878061a0:	20000102 	andcs	r0, r0, r2, lsl #2
878061a4:	20000102 	andcs	r0, r0, r2, lsl #2
878061a8:	20000303 	andcs	r0, r0, r3, lsl #6
878061ac:	60808601 	addvs	r8, r0, r1, lsl #12
878061b0:	c0c0fc01 	sbcgt	pc, r0, r1, lsl #24
878061b4:	807ff800 	rsbshi	pc, pc, r0, lsl #16
878061b8:	001f0000 	andseq	r0, pc, r0
	...
87806204:	00f80700 	rscseq	r0, r8, r0, lsl #14
87806208:	00ff3f00 	rscseq	r3, pc, r0, lsl #30
8780620c:	80077000 	andhi	r7, r7, r0
87806210:	c000c000 	andgt	ip, r0, r0
87806214:	40000001 	andmi	r0, r0, r1
87806218:	20000003 	andcs	r0, r0, r3
8780621c:	20000002 	andcs	r0, r0, r2
87806220:	20000002 	andcs	r0, r0, r2
87806224:	20000002 	andcs	r0, r0, r2
87806228:	20000002 	andcs	r0, r0, r2
8780622c:	40000001 	andmi	r0, r0, r1
87806230:	c0008001 	andgt	r8, r0, r1
87806234:	8001c003 	andhi	ip, r1, r3
87806238:	00063000 	andeq	r3, r6, r0
	...
87806284:	20000002 	andcs	r0, r0, r2
87806288:	20000002 	andcs	r0, r0, r2
8780628c:	e0ffff03 	rscs	pc, pc, r3, lsl #30
87806290:	e0ffff03 	rscs	pc, pc, r3, lsl #30
87806294:	20000002 	andcs	r0, r0, r2
87806298:	20000002 	andcs	r0, r0, r2
8780629c:	20000002 	andcs	r0, r0, r2
878062a0:	20000002 	andcs	r0, r0, r2
878062a4:	60000003 	andvs	r0, r0, r3
878062a8:	40000001 	andmi	r0, r0, r1
878062ac:	c0008001 	andgt	r8, r0, r1
878062b0:	8007f000 	andhi	pc, r7, r0
878062b4:	00fe7f00 	rscseq	r7, lr, r0, lsl #30
878062b8:	00f80f00 	rscseq	r0, r8, r0, lsl #30
	...
87806304:	20000002 	andcs	r0, r0, r2
87806308:	20000002 	andcs	r0, r0, r2
8780630c:	e0ffff03 	rscs	pc, pc, r3, lsl #30
87806310:	e0ffff03 	rscs	pc, pc, r3, lsl #30
87806314:	20000102 	andcs	r0, r0, r2, lsl #2
87806318:	20000102 	andcs	r0, r0, r2, lsl #2
8780631c:	20000102 	andcs	r0, r0, r2, lsl #2
87806320:	20000102 	andcs	r0, r0, r2, lsl #2
87806324:	20000102 	andcs	r0, r0, r2, lsl #2
87806328:	20800302 	addcs	r0, r0, r2, lsl #6
8780632c:	20e00f02 	rsccs	r0, r0, r2, lsl #30
87806330:	60000003 	andvs	r0, r0, r3
87806334:	e000c003 	and	ip, r0, r3
87806338:	00036000 	andeq	r6, r3, r0
	...
87806384:	20000002 	andcs	r0, r0, r2
87806388:	20000002 	andcs	r0, r0, r2
8780638c:	e0ffff03 	rscs	pc, pc, r3, lsl #30
87806390:	e0ffff03 	rscs	pc, pc, r3, lsl #30
87806394:	20000102 	andcs	r0, r0, r2, lsl #2
87806398:	20000102 	andcs	r0, r0, r2, lsl #2
8780639c:	00000102 	andeq	r0, r0, r2, lsl #2
878063a0:	00000102 	andeq	r0, r0, r2, lsl #2
878063a4:	00000102 	andeq	r0, r0, r2, lsl #2
878063a8:	00000102 	andeq	r0, r0, r2, lsl #2
878063ac:	00800302 	addeq	r0, r0, r2, lsl #6
878063b0:	00e00f03 	rsceq	r0, r0, r3, lsl #30
878063b4:	00000003 	andeq	r0, r0, r3
878063b8:	0000c003 	andeq	ip, r0, r3
878063bc:	00006000 	andeq	r6, r0, r0
	...
87806404:	00f80700 	rscseq	r0, r8, r0, lsl #14
87806408:	00fe3f00 	rscseq	r3, lr, r0, lsl #30
8780640c:	80077000 	andhi	r7, r7, r0
87806410:	c001c001 	andgt	ip, r1, r1
87806414:	40000001 	andmi	r0, r0, r1
87806418:	20000003 	andcs	r0, r0, r3
8780641c:	20000002 	andcs	r0, r0, r2
87806420:	20000002 	andcs	r0, r0, r2
87806424:	20000002 	andcs	r0, r0, r2
87806428:	20200001 	eorcs	r0, r0, r1
8780642c:	40200001 	eormi	r0, r0, r1
87806430:	803fc003 	eorshi	ip, pc, r3
87806434:	803f3000 	eorshi	r3, pc, r0
87806438:	00200000 	eoreq	r0, r0, r0
8780643c:	00200000 	eoreq	r0, r0, r0
	...
87806480:	20000002 	andcs	r0, r0, r2
87806484:	20000002 	andcs	r0, r0, r2
87806488:	e0ffff03 	rscs	pc, pc, r3, lsl #30
8780648c:	e0ffff03 	rscs	pc, pc, r3, lsl #30
87806490:	20800002 	addcs	r0, r0, r2
87806494:	20800002 	addcs	r0, r0, r2
87806498:	00800000 	addeq	r0, r0, r0
8780649c:	00800000 	addeq	r0, r0, r0
878064a0:	00800000 	addeq	r0, r0, r0
878064a4:	20800002 	addcs	r0, r0, r2
878064a8:	20800002 	addcs	r0, r0, r2
878064ac:	e0ffff03 	rscs	pc, pc, r3, lsl #30
878064b0:	e0ffff03 	rscs	pc, pc, r3, lsl #30
878064b4:	20000002 	andcs	r0, r0, r2
878064b8:	20000002 	andcs	r0, r0, r2
	...
8780650c:	20000002 	andcs	r0, r0, r2
87806510:	20000002 	andcs	r0, r0, r2
87806514:	20000002 	andcs	r0, r0, r2
87806518:	20000002 	andcs	r0, r0, r2
8780651c:	e0ffff03 	rscs	pc, pc, r3, lsl #30
87806520:	e0ffff03 	rscs	pc, pc, r3, lsl #30
87806524:	20000002 	andcs	r0, r0, r2
87806528:	20000002 	andcs	r0, r0, r2
8780652c:	20000002 	andcs	r0, r0, r2
87806530:	20000002 	andcs	r0, r0, r2
	...
87806584:	0e000000 	cdpeq	0, 0, cr0, cr0, cr0, {0}
87806588:	0f000000 	svceq	0x00000000
8780658c:	0f000000 	svceq	0x00000000
87806590:	01000000 	mrseq	r0, (UNDEF: 0)
87806594:	01000002 	tsteq	r0, r2
87806598:	01000002 	tsteq	r0, r2
8780659c:	03000002 	movweq	r0, #2
878065a0:	06000002 	streq	r0, [r0], -r2
878065a4:	fcffff03 	ldc2l	15, cr15, [pc], #12	; 878065b8 <asc2_3216+0x1538>
878065a8:	f8ffff03 			; <UNDEFINED> instruction: 0xf8ffff03
878065ac:	00000002 	andeq	r0, r0, r2
878065b0:	00000002 	andeq	r0, r0, r2
878065b4:	00000002 	andeq	r0, r0, r2
878065b8:	00000002 	andeq	r0, r0, r2
	...
87806604:	20000002 	andcs	r0, r0, r2
87806608:	20000002 	andcs	r0, r0, r2
8780660c:	e0ffff03 	rscs	pc, pc, r3, lsl #30
87806610:	e0ffff03 	rscs	pc, pc, r3, lsl #30
87806614:	20c00002 	sbccs	r0, r0, r2
87806618:	20000102 	andcs	r0, r0, r2, lsl #2
8780661c:	00800700 	addeq	r0, r0, r0, lsl #14
87806620:	00e00f00 	rsceq	r0, r0, r0, lsl #30
87806624:	00f83000 	rscseq	r3, r8, r0
87806628:	203e6002 	eorscs	r6, lr, r2
8780662c:	200f8003 	andcs	r8, pc, r3
87806630:	e0030003 	and	r0, r3, r3
87806634:	e0000002 	and	r0, r0, r2
87806638:	20000002 	andcs	r0, r0, r2
8780663c:	20000000 	andcs	r0, r0, r0
	...
87806684:	20000002 	andcs	r0, r0, r2
87806688:	20000002 	andcs	r0, r0, r2
8780668c:	e0ffff03 	rscs	pc, pc, r3, lsl #30
87806690:	e0ffff03 	rscs	pc, pc, r3, lsl #30
87806694:	20000002 	andcs	r0, r0, r2
87806698:	20000002 	andcs	r0, r0, r2
8780669c:	20000000 	andcs	r0, r0, r0
878066a0:	20000000 	andcs	r0, r0, r0
878066a4:	20000000 	andcs	r0, r0, r0
878066a8:	20000000 	andcs	r0, r0, r0
878066ac:	20000000 	andcs	r0, r0, r0
878066b0:	60000000 	andvs	r0, r0, r0
878066b4:	e0000000 	and	r0, r0, r0
878066b8:	00030000 	andeq	r0, r3, r0
	...
87806700:	20000002 	andcs	r0, r0, r2
87806704:	20000002 	andcs	r0, r0, r2
87806708:	e0ffff03 	rscs	pc, pc, r3, lsl #30
8780670c:	2000e003 	andcs	lr, r0, r3
87806710:	2000ff03 	andcs	pc, r0, r3, lsl #30
87806714:	00f01f00 	rscseq	r1, r0, r0, lsl #30
87806718:	80ff0100 	rscshi	r0, pc, r0, lsl #2
8780671c:	e00f0000 	and	r0, pc, r0
87806720:	001e0000 	andseq	r0, lr, r0
87806724:	00e00300 	rsceq	r0, r0, r0, lsl #6
87806728:	20003e00 	andcs	r3, r0, r0, lsl #28
8780672c:	2000e003 	andcs	lr, r0, r3
87806730:	e0ffff03 	rscs	pc, pc, r3, lsl #30
87806734:	e0ffff03 	rscs	pc, pc, r3, lsl #30
87806738:	20000002 	andcs	r0, r0, r2
8780673c:	20000002 	andcs	r0, r0, r2
	...
87806780:	20000002 	andcs	r0, r0, r2
87806784:	20000002 	andcs	r0, r0, r2
87806788:	e0ffff03 	rscs	pc, pc, r3, lsl #30
8780678c:	20008003 	andcs	r8, r0, r3
87806790:	2000f003 	andcs	pc, r0, r3
87806794:	0000fc00 	andeq	pc, r0, r0, lsl #24
87806798:	00001f00 	andeq	r1, r0, r0, lsl #30
8780679c:	00c00700 	sbceq	r0, r0, r0, lsl #14
878067a0:	00f00100 	rscseq	r0, r0, r0, lsl #2
878067a4:	007c0000 	rsbseq	r0, ip, r0
878067a8:	801f0002 	andshi	r0, pc, r2
878067ac:	e0070002 	and	r0, r7, r2
878067b0:	e0ffff03 	rscs	pc, pc, r3, lsl #30
878067b4:	00000002 	andeq	r0, r0, r2
878067b8:	00000002 	andeq	r0, r0, r2
	...
87806804:	00f80f00 	rscseq	r0, r8, r0, lsl #30
87806808:	00fe3f00 	rscseq	r3, lr, r0, lsl #30
8780680c:	8007f000 	andhi	pc, r7, r0
87806810:	c0008001 	andgt	r8, r0, r1
87806814:	40000001 	andmi	r0, r0, r1
87806818:	20000002 	andcs	r0, r0, r2
8780681c:	20000002 	andcs	r0, r0, r2
87806820:	20000002 	andcs	r0, r0, r2
87806824:	20000002 	andcs	r0, r0, r2
87806828:	40000001 	andmi	r0, r0, r1
8780682c:	c0008001 	andgt	r8, r0, r1
87806830:	8003f000 	andhi	pc, r3, r0
87806834:	00fe3f00 	rscseq	r3, lr, r0, lsl #30
87806838:	00f80f00 	rscseq	r0, r8, r0, lsl #30
	...
87806884:	20000002 	andcs	r0, r0, r2
87806888:	20000002 	andcs	r0, r0, r2
8780688c:	e0ffff03 	rscs	pc, pc, r3, lsl #30
87806890:	e0ffff03 	rscs	pc, pc, r3, lsl #30
87806894:	20800002 	addcs	r0, r0, r2
87806898:	20800002 	addcs	r0, r0, r2
8780689c:	00800002 	addeq	r0, r0, r2
878068a0:	00800002 	addeq	r0, r0, r2
878068a4:	00800002 	addeq	r0, r0, r2
878068a8:	00800002 	addeq	r0, r0, r2
878068ac:	00800103 	addeq	r0, r0, r3, lsl #2
878068b0:	00008301 	andeq	r8, r0, r1, lsl #6
878068b4:	0000fe00 	andeq	pc, r0, r0, lsl #28
878068b8:	00007c00 	andeq	r7, r0, r0, lsl #24
	...
87806904:	00f80f00 	rscseq	r0, r8, r0, lsl #30
87806908:	00ff7f00 	rscseq	r7, pc, r0, lsl #30
8780690c:	8003f000 	andhi	pc, r3, r0
87806910:	c0018001 	andgt	r8, r1, r1
87806914:	40060001 	andmi	r0, r6, r1
87806918:	20040002 	andcs	r0, r4, r2
8780691c:	20040002 	andcs	r0, r4, r2
87806920:	20060002 	andcs	r0, r6, r2
87806924:	e0030002 	and	r0, r3, r2
87806928:	f8000001 			; <UNDEFINED> instruction: 0xf8000001
8780692c:	5c008001 	stcpl	0, cr8, [r0], {1}
87806930:	8c03e000 	stchi	0, cr14, [r3], {-0}
87806934:	0cff3f00 	ldcleq	15, cr3, [pc]	; 8780693c <asc2_3216+0x18bc>
87806938:	18fc0f00 	ldmne	ip!, {r8, r9, sl, fp}^
	...
87806984:	20000002 	andcs	r0, r0, r2
87806988:	20000002 	andcs	r0, r0, r2
8780698c:	e0ffff03 	rscs	pc, pc, r3, lsl #30
87806990:	e0ffff03 	rscs	pc, pc, r3, lsl #30
87806994:	20000102 	andcs	r0, r0, r2, lsl #2
87806998:	20000102 	andcs	r0, r0, r2, lsl #2
8780699c:	00800102 	addeq	r0, r0, r2, lsl #2
878069a0:	00e00102 	rsceq	r0, r0, r2, lsl #2
878069a4:	00fc0102 	rscseq	r0, ip, r2, lsl #2
878069a8:	803f0303 	eorshi	r0, pc, r3, lsl #6
878069ac:	e0078601 	and	r8, r7, r1, lsl #12
878069b0:	e000fc01 	and	pc, r0, r1, lsl #24
878069b4:	2000f800 	andcs	pc, r0, r0, lsl #16
878069b8:	20000000 	andcs	r0, r0, r0
	...
87806a08:	00067800 	andeq	r7, r6, r0, lsl #16
87806a0c:	e001fe00 	and	pc, r1, r0, lsl #28
87806a10:	c0008601 	andgt	r8, r0, r1, lsl #12
87806a14:	40000303 	andmi	r0, r0, r3, lsl #6
87806a18:	20000302 	andcs	r0, r0, r2, lsl #6
87806a1c:	20800102 	addcs	r0, r0, r2, lsl #2
87806a20:	20800102 	addcs	r0, r0, r2, lsl #2
87806a24:	20c00102 	sbccs	r0, r0, r2, lsl #2
87806a28:	20c00002 	sbccs	r0, r0, r2
87806a2c:	60e00001 	rscvs	r0, r0, r1
87806a30:	c0708001 	rsbsgt	r8, r0, r1
87806a34:	803fe003 	eorshi	lr, pc, r3
87806a38:	001f0000 	andseq	r0, pc, r0
	...
87806a84:	00006000 	andeq	r6, r0, r0
87806a88:	00008003 	andeq	r8, r0, r3
87806a8c:	00000003 	andeq	r0, r0, r3
87806a90:	00000002 	andeq	r0, r0, r2
87806a94:	20000002 	andcs	r0, r0, r2
87806a98:	20000002 	andcs	r0, r0, r2
87806a9c:	e0ffff03 	rscs	pc, pc, r3, lsl #30
87806aa0:	e0ffff03 	rscs	pc, pc, r3, lsl #30
87806aa4:	20000002 	andcs	r0, r0, r2
87806aa8:	20000002 	andcs	r0, r0, r2
87806aac:	00000002 	andeq	r0, r0, r2
87806ab0:	00000002 	andeq	r0, r0, r2
87806ab4:	00008003 	andeq	r8, r0, r3
87806ab8:	0000e000 	andeq	lr, r0, r0
	...
87806b00:	00000002 	andeq	r0, r0, r2
87806b04:	00000002 	andeq	r0, r0, r2
87806b08:	00ffff03 	rscseq	pc, pc, r3, lsl #30
87806b0c:	c0ffff03 	rscsgt	pc, pc, r3, lsl #30
87806b10:	40000002 	andmi	r0, r0, r2
87806b14:	60000002 	andvs	r0, r0, r2
87806b18:	20000000 	andcs	r0, r0, r0
87806b1c:	20000000 	andcs	r0, r0, r0
87806b20:	20000000 	andcs	r0, r0, r0
87806b24:	20000000 	andcs	r0, r0, r0
87806b28:	40000002 	andmi	r0, r0, r2
87806b2c:	80000002 	andhi	r0, r0, r2
87806b30:	00ffff03 	rscseq	pc, pc, r3, lsl #30
87806b34:	00000002 	andeq	r0, r0, r2
87806b38:	00000002 	andeq	r0, r0, r2
	...
87806b84:	00000002 	andeq	r0, r0, r2
87806b88:	00000002 	andeq	r0, r0, r2
87806b8c:	0000c003 	andeq	ip, r0, r3
87806b90:	0000fc03 	andeq	pc, r0, r3, lsl #24
87806b94:	00c03f02 	sbceq	r3, r0, r2, lsl #30
87806b98:	00f80300 	rscseq	r0, r8, r0, lsl #6
87806b9c:	807f0000 	rsbshi	r0, pc, r0
87806ba0:	e0070000 	and	r0, r7, r0
87806ba4:	80070000 	andhi	r0, r7, r0
87806ba8:	00780000 	rsbseq	r0, r8, r0
87806bac:	00c00302 	sbceq	r0, r0, r2, lsl #6
87806bb0:	00003c02 	andeq	r3, r0, r2, lsl #24
87806bb4:	0000c003 	andeq	ip, r0, r3
87806bb8:	00000002 	andeq	r0, r0, r2
87806bbc:	00000002 	andeq	r0, r0, r2
	...
87806c00:	00000002 	andeq	r0, r0, r2
87806c04:	0000c003 	andeq	ip, r0, r3
87806c08:	0080ff03 	addeq	pc, r0, r3, lsl #30
87806c0c:	00fe3f02 	rscseq	r3, lr, r2, lsl #30
87806c10:	e07f0002 	rsbs	r0, pc, r2
87806c14:	000f0000 	andeq	r0, pc, r0
87806c18:	00f00002 	rscseq	r0, r0, r2
87806c1c:	0000ef03 	andeq	lr, r0, r3, lsl #30
87806c20:	0080ff03 	addeq	pc, r0, r3, lsl #30
87806c24:	00fe0f02 	rscseq	r0, lr, r2, lsl #30
87806c28:	e03f0000 	eors	r0, pc, r0
87806c2c:	001f0000 	andseq	r0, pc, r0
87806c30:	00e00702 	rsceq	r0, r0, r2, lsl #14
87806c34:	0000f803 	andeq	pc, r0, r3, lsl #16
87806c38:	00000003 	andeq	r0, r0, r3
87806c3c:	00000002 	andeq	r0, r0, r2
	...
87806c84:	20000002 	andcs	r0, r0, r2
87806c88:	20000002 	andcs	r0, r0, r2
87806c8c:	e0008003 	and	r8, r0, r3
87806c90:	2003f003 	andcs	pc, r3, r3
87806c94:	200cfc02 	andcs	pc, ip, r2, lsl #24
87806c98:	00301f02 	eorseq	r1, r0, r2, lsl #30
87806c9c:	00c00700 	sbceq	r0, r0, r0, lsl #14
87806ca0:	00f00700 	rscseq	r0, r0, r0, lsl #14
87806ca4:	007c1802 	rsbseq	r1, ip, r2, lsl #16
87806ca8:	201f6002 	andscs	r6, pc, r2
87806cac:	e0038003 	and	r8, r3, r3
87806cb0:	e0000002 	and	r0, r0, r2
87806cb4:	20000002 	andcs	r0, r0, r2
87806cb8:	20000000 	andcs	r0, r0, r0
	...
87806d04:	00000002 	andeq	r0, r0, r2
87806d08:	00000003 	andeq	r0, r0, r3
87806d0c:	0000c003 	andeq	ip, r0, r3
87806d10:	0000f803 	andeq	pc, r0, r3, lsl #16
87806d14:	20003e02 	andcs	r3, r0, r2, lsl #28
87806d18:	20c00f02 	sbccs	r0, r0, r2, lsl #30
87806d1c:	e0ff0100 	rscs	r0, pc, r0, lsl #2
87806d20:	e07f0000 	rsbs	r0, pc, r0
87806d24:	20800300 	addcs	r0, r0, r0, lsl #6
87806d28:	20001c02 	andcs	r1, r0, r2, lsl #24
87806d2c:	00007002 	andeq	r7, r0, r2
87806d30:	00008003 	andeq	r8, r0, r3
87806d34:	00000002 	andeq	r0, r0, r2
87806d38:	00000002 	andeq	r0, r0, r2
	...
87806d84:	20000000 	andcs	r0, r0, r0
87806d88:	e0006000 	and	r6, r0, r0
87806d8c:	e0038003 	and	r8, r3, r3
87806d90:	a00f0003 	andge	r0, pc, r3
87806d94:	203e0002 	eorscs	r0, lr, r2
87806d98:	20f80002 	rscscs	r0, r8, r2
87806d9c:	20e00302 	rsccs	r0, r0, r2, lsl #6
87806da0:	20800f02 	addcs	r0, r0, r2, lsl #30
87806da4:	20003e02 	andcs	r3, r0, r2, lsl #28
87806da8:	20007802 	andcs	r7, r0, r2, lsl #16
87806dac:	6000e003 	andvs	lr, r0, r3
87806db0:	e0008003 	and	r8, r0, r3
87806db4:	00030002 	andeq	r0, r3, r2
	...
87806e18:	fcffff1f 	ldc2l	15, cr15, [pc], #124	; 87806e9c <asc2_3216+0x1e1c>
87806e1c:	04000010 	streq	r0, [r0], #-16
87806e20:	04000010 	streq	r0, [r0], #-16
87806e24:	04000010 	streq	r0, [r0], #-16
87806e28:	04000010 	streq	r0, [r0], #-16
87806e2c:	04000010 	streq	r0, [r0], #-16
87806e30:	04000010 	streq	r0, [r0], #-16
87806e34:	04000010 	streq	r0, [r0], #-16
	...
87806e8c:	00000007 	andeq	r0, r0, r7
87806e90:	0000c003 	andeq	ip, r0, r3
87806e94:	00007800 	andeq	r7, r0, r0, lsl #16
87806e98:	00001e00 	andeq	r1, r0, r0, lsl #28
87806e9c:	00c00300 	sbceq	r0, r0, r0, lsl #6
87806ea0:	00f00000 	rscseq	r0, r0, r0
87806ea4:	001e0000 	andseq	r0, lr, r0
87806ea8:	80070000 	andhi	r0, r7, r0
87806eac:	f0000000 			; <UNDEFINED> instruction: 0xf0000000
87806eb0:	3c000000 	stccc	0, cr0, [r0], {-0}
87806eb4:	06000000 	streq	r0, [r0], -r0
	...
87806f08:	04000010 	streq	r0, [r0], #-16
87806f0c:	04000010 	streq	r0, [r0], #-16
87806f10:	04000010 	streq	r0, [r0], #-16
87806f14:	04000010 	streq	r0, [r0], #-16
87806f18:	04000010 	streq	r0, [r0], #-16
87806f1c:	04000010 	streq	r0, [r0], #-16
87806f20:	04000010 	streq	r0, [r0], #-16
87806f24:	fcffff1f 	ldc2l	15, cr15, [pc], #124	; 87806fa8 <asc2_3216+0x1f28>
	...
87806f90:	00000002 	andeq	r0, r0, r2
87806f94:	00000004 	andeq	r0, r0, r4
87806f98:	00000008 	andeq	r0, r0, r8
87806f9c:	00000018 	andeq	r0, r0, r8, lsl r0
87806fa0:	00000010 	andeq	r0, r0, r0, lsl r0
87806fa4:	00000018 	andeq	r0, r0, r8, lsl r0
87806fa8:	00000018 	andeq	r0, r0, r8, lsl r0
87806fac:	00000004 	andeq	r0, r0, r4
87806fb0:	00000002 	andeq	r0, r0, r2
	...
87807000:	01000000 	mrseq	r0, (UNDEF: 0)
87807004:	01000000 	mrseq	r0, (UNDEF: 0)
87807008:	01000000 	mrseq	r0, (UNDEF: 0)
8780700c:	01000000 	mrseq	r0, (UNDEF: 0)
87807010:	01000000 	mrseq	r0, (UNDEF: 0)
87807014:	01000000 	mrseq	r0, (UNDEF: 0)
87807018:	01000000 	mrseq	r0, (UNDEF: 0)
8780701c:	01000000 	mrseq	r0, (UNDEF: 0)
87807020:	01000000 	mrseq	r0, (UNDEF: 0)
87807024:	01000000 	mrseq	r0, (UNDEF: 0)
87807028:	01000000 	mrseq	r0, (UNDEF: 0)
8780702c:	01000000 	mrseq	r0, (UNDEF: 0)
87807030:	01000000 	mrseq	r0, (UNDEF: 0)
87807034:	01000000 	mrseq	r0, (UNDEF: 0)
87807038:	01000000 	mrseq	r0, (UNDEF: 0)
8780703c:	01000000 	mrseq	r0, (UNDEF: 0)
	...
8780708c:	00000010 	andeq	r0, r0, r0, lsl r0
87807090:	00000010 	andeq	r0, r0, r0, lsl r0
87807094:	00000010 	andeq	r0, r0, r0, lsl r0
87807098:	00000018 	andeq	r0, r0, r8, lsl r0
8780709c:	00000008 	andeq	r0, r0, r8
878070a0:	00000004 	andeq	r0, r0, r4
	...
87807104:	80030000 	andhi	r0, r3, r0
87807108:	c08f0100 	addgt	r0, pc, r0, lsl #2
8780710c:	608c0300 	addvs	r0, ip, r0, lsl #6
87807110:	20180600 	andscs	r0, r8, r0, lsl #12
87807114:	20100400 	andscs	r0, r0, r0, lsl #8
87807118:	20100400 	andscs	r0, r0, r0, lsl #8
8780711c:	20200400 	eorcs	r0, r0, r0, lsl #8
87807120:	40200400 	eormi	r0, r0, r0, lsl #8
87807124:	40200600 	eormi	r0, r0, r0, lsl #12
87807128:	c0ff0300 	rscsgt	r0, pc, r0, lsl #6
8780712c:	e0ff0100 	rscs	r0, pc, r0, lsl #2
87807130:	20000000 	andcs	r0, r0, r0
87807134:	20000000 	andcs	r0, r0, r0
87807138:	c0000000 	andgt	r0, r0, r0
	...
87807184:	00000002 	andeq	r0, r0, r2
87807188:	00000002 	andeq	r0, r0, r2
8780718c:	e0ffff03 	rscs	pc, pc, r3, lsl #30
87807190:	c0ffff07 	rscsgt	pc, pc, r7, lsl #30
87807194:	c0800100 	addgt	r0, r0, r0, lsl #2
87807198:	60000200 	andvs	r0, r0, r0, lsl #4
8780719c:	20000200 	andcs	r0, r0, r0, lsl #4
878071a0:	20000400 	andcs	r0, r0, r0, lsl #8
878071a4:	20000400 	andcs	r0, r0, r0, lsl #8
878071a8:	20000400 	andcs	r0, r0, r0, lsl #8
878071ac:	40000600 	andmi	r0, r0, r0, lsl #12
878071b0:	c0000300 	andgt	r0, r0, r0, lsl #6
878071b4:	80ff0100 	rscshi	r0, pc, r0, lsl #2
878071b8:	00fe0000 	rscseq	r0, lr, r0
	...
87807208:	007e0000 	rsbseq	r0, lr, r0
8780720c:	80ff0100 	rscshi	r0, pc, r0, lsl #2
87807210:	c0810300 	addgt	r0, r1, r0, lsl #6
87807214:	40000200 	andmi	r0, r0, r0, lsl #4
87807218:	20000600 	andcs	r0, r0, r0, lsl #12
8780721c:	20000400 	andcs	r0, r0, r0, lsl #8
87807220:	20000400 	andcs	r0, r0, r0, lsl #8
87807224:	20000400 	andcs	r0, r0, r0, lsl #8
87807228:	20000600 	andcs	r0, r0, r0, lsl #12
8780722c:	40c00300 	sbcmi	r0, r0, r0, lsl #6
87807230:	80c00100 	sbchi	r0, r0, r0, lsl #2
87807234:	00030000 	andeq	r0, r3, r0
	...
87807288:	007e0000 	rsbseq	r0, lr, r0
8780728c:	80ff0100 	rscshi	r0, pc, r0, lsl #2
87807290:	c0800300 	addgt	r0, r0, r0, lsl #6
87807294:	60000600 	andvs	r0, r0, r0, lsl #12
87807298:	20000400 	andcs	r0, r0, r0, lsl #8
8780729c:	20000400 	andcs	r0, r0, r0, lsl #8
878072a0:	20000400 	andcs	r0, r0, r0, lsl #8
878072a4:	40000402 	andmi	r0, r0, r2, lsl #8
878072a8:	80000202 	andhi	r0, r0, r2, lsl #4
878072ac:	e0ffff03 	rscs	pc, pc, r3, lsl #30
878072b0:	c0ffff07 	rscsgt	pc, pc, r7, lsl #30
878072b4:	40000000 	andmi	r0, r0, r0
878072b8:	40000000 	andmi	r0, r0, r0
	...
87807308:	007e0000 	rsbseq	r0, lr, r0
8780730c:	80ff0100 	rscshi	r0, pc, r0, lsl #2
87807310:	c0110300 	andsgt	r0, r1, r0, lsl #6
87807314:	40100200 	andsmi	r0, r0, r0, lsl #4
87807318:	60100400 	andsvs	r0, r0, r0, lsl #8
8780731c:	20100400 	andscs	r0, r0, r0, lsl #8
87807320:	20100400 	andscs	r0, r0, r0, lsl #8
87807324:	20100400 	andscs	r0, r0, r0, lsl #8
87807328:	20100600 	andscs	r0, r0, r0, lsl #12
8780732c:	40100300 	andsmi	r0, r0, r0, lsl #6
87807330:	c0f00100 	rscsgt	r0, r0, r0, lsl #2
87807334:	00710000 	rsbseq	r0, r1, r0
	...
87807388:	00000400 	andeq	r0, r0, r0, lsl #8
8780738c:	20000400 	andcs	r0, r0, r0, lsl #8
87807390:	20000400 	andcs	r0, r0, r0, lsl #8
87807394:	20000400 	andcs	r0, r0, r0, lsl #8
87807398:	e0ff7f00 	rscs	r7, pc, r0, lsl #30
8780739c:	e0ffff01 	rscs	pc, pc, r1, lsl #30
878073a0:	20000401 	andcs	r0, r0, r1, lsl #8
878073a4:	20000403 	andcs	r0, r0, r3, lsl #8
878073a8:	20000402 	andcs	r0, r0, r2, lsl #8
878073ac:	20000402 	andcs	r0, r0, r2, lsl #8
878073b0:	00000402 	andeq	r0, r0, r2, lsl #8
878073b4:	00000002 	andeq	r0, r0, r2
878073b8:	0000c001 	andeq	ip, r0, r1
878073bc:	0000c001 	andeq	ip, r0, r1
	...
87807408:	1c000000 	stcne	0, cr0, [r0], {-0}
8780740c:	3ee30000 	cdpcc	0, 14, cr0, cr3, cr0, {0}
87807410:	c2ff0300 	rscsgt	r0, pc, #0, 6
87807414:	c30c0200 	movwgt	r0, #49664	; 0xc200
87807418:	c1040400 	tstgt	r4, r0, lsl #8
8780741c:	c1040400 	tstgt	r4, r0, lsl #8
87807420:	c1040400 	tstgt	r4, r0, lsl #8
87807424:	c1040400 	tstgt	r4, r0, lsl #8
87807428:	c10c0600 	tstgt	ip, r0, lsl #12
8780742c:	c3f80300 	mvnsgt	r0, #0, 6
87807430:	62f00500 	rscsvs	r0, r0, #0, 10
87807434:	7e000600 	cfmadd32vc	mvax0, mvfx0, mvfx0, mvfx0
87807438:	3c000600 	stccc	6, cr0, [r0], {-0}
	...
87807484:	20000002 	andcs	r0, r0, r2
87807488:	20000002 	andcs	r0, r0, r2
8780748c:	e0ffff03 	rscs	pc, pc, r3, lsl #30
87807490:	e0ffff07 	rscs	pc, pc, r7, lsl #30
87807494:	20000100 	andcs	r0, r0, r0, lsl #2
87807498:	20000200 	andcs	r0, r0, r0, lsl #4
8780749c:	00000600 	andeq	r0, r0, r0, lsl #12
878074a0:	00000400 	andeq	r0, r0, r0, lsl #8
878074a4:	00000400 	andeq	r0, r0, r0, lsl #8
878074a8:	20000400 	andcs	r0, r0, r0, lsl #8
878074ac:	20000600 	andcs	r0, r0, r0, lsl #12
878074b0:	e0ff0300 	rscs	r0, pc, r0, lsl #6
878074b4:	e0ff0100 	rscs	r0, pc, r0, lsl #2
878074b8:	20000000 	andcs	r0, r0, r0
878074bc:	20000000 	andcs	r0, r0, r0
	...
8780750c:	20000400 	andcs	r0, r0, r0, lsl #8
87807510:	20000400 	andcs	r0, r0, r0, lsl #8
87807514:	20000400 	andcs	r0, r0, r0, lsl #8
87807518:	20000400 	andcs	r0, r0, r0, lsl #8
8780751c:	e0ff8703 	rscs	r8, pc, r3, lsl #14
87807520:	e0ff8f03 	rscs	r8, pc, r3, lsl #30
87807524:	20008003 	andcs	r8, r0, r3
87807528:	20000000 	andcs	r0, r0, r0
8780752c:	20000000 	andcs	r0, r0, r0
87807530:	20000000 	andcs	r0, r0, r0
	...
8780758c:	06000000 	streq	r0, [r0], -r0
87807590:	07000000 	streq	r0, [r0, -r0]
87807594:	01000000 	mrseq	r0, (UNDEF: 0)
87807598:	01000000 	mrseq	r0, (UNDEF: 0)
8780759c:	01000400 	tsteq	r0, r0, lsl #8
878075a0:	01000400 	tsteq	r0, r0, lsl #8
878075a4:	03000400 	movweq	r0, #1024	; 0x400
878075a8:	06000400 	streq	r0, [r0], -r0, lsl #8
878075ac:	fcff8703 	ldc2l	7, cr8, [pc], #12	; 878075c0 <asc2_3216+0x2540>
878075b0:	f8ff8f03 			; <UNDEFINED> instruction: 0xf8ff8f03
878075b4:	00008003 	andeq	r8, r0, r3
	...
87807604:	20000002 	andcs	r0, r0, r2
87807608:	20000002 	andcs	r0, r0, r2
8780760c:	e0ffff03 	rscs	pc, pc, r3, lsl #30
87807610:	e0ffff07 	rscs	pc, pc, r7, lsl #30
87807614:	20080000 	andcs	r0, r8, r0
87807618:	20100000 	andscs	r0, r0, r0
8780761c:	00300000 	eorseq	r0, r0, r0
87807620:	00fc0000 	rscseq	r0, ip, r0
87807624:	008e0500 	addeq	r0, lr, r0, lsl #10
87807628:	a0070700 	andge	r0, r7, r0, lsl #14
8780762c:	e0010600 	and	r0, r1, r0, lsl #12
87807630:	e0000400 	and	r0, r0, r0, lsl #8
87807634:	20000400 	andcs	r0, r0, r0, lsl #8
87807638:	20000000 	andcs	r0, r0, r0
	...
8780768c:	20000002 	andcs	r0, r0, r2
87807690:	20000002 	andcs	r0, r0, r2
87807694:	20000002 	andcs	r0, r0, r2
87807698:	20000002 	andcs	r0, r0, r2
8780769c:	e0ffff03 	rscs	pc, pc, r3, lsl #30
878076a0:	e0ffff07 	rscs	pc, pc, r7, lsl #30
878076a4:	20000000 	andcs	r0, r0, r0
878076a8:	20000000 	andcs	r0, r0, r0
878076ac:	20000000 	andcs	r0, r0, r0
878076b0:	20000000 	andcs	r0, r0, r0
	...
87807704:	20000400 	andcs	r0, r0, r0, lsl #8
87807708:	e0ff0700 	rscs	r0, pc, r0, lsl #14
8780770c:	e0ff0f00 	rscs	r0, pc, r0, lsl #30
87807710:	20000200 	andcs	r0, r0, r0, lsl #4
87807714:	00000400 	andeq	r0, r0, r0, lsl #8
87807718:	20000400 	andcs	r0, r0, r0, lsl #8
8780771c:	e0ff0700 	rscs	r0, pc, r0, lsl #14
87807720:	e0ff0300 	rscs	r0, pc, r0, lsl #6
87807724:	20000200 	andcs	r0, r0, r0, lsl #4
87807728:	00000400 	andeq	r0, r0, r0, lsl #8
8780772c:	20000400 	andcs	r0, r0, r0, lsl #8
87807730:	e0ff0700 	rscs	r0, pc, r0, lsl #14
87807734:	e0ff0300 	rscs	r0, pc, r0, lsl #6
87807738:	20000000 	andcs	r0, r0, r0
	...
87807784:	20000400 	andcs	r0, r0, r0, lsl #8
87807788:	20000400 	andcs	r0, r0, r0, lsl #8
8780778c:	e0ff0700 	rscs	r0, pc, r0, lsl #14
87807790:	e0ff0f00 	rscs	r0, pc, r0, lsl #30
87807794:	20000100 	andcs	r0, r0, r0, lsl #2
87807798:	20000200 	andcs	r0, r0, r0, lsl #4
8780779c:	00000200 	andeq	r0, r0, r0, lsl #4
878077a0:	00000400 	andeq	r0, r0, r0, lsl #8
878077a4:	00000400 	andeq	r0, r0, r0, lsl #8
878077a8:	20000400 	andcs	r0, r0, r0, lsl #8
878077ac:	20000600 	andcs	r0, r0, r0, lsl #12
878077b0:	e0ff0300 	rscs	r0, pc, r0, lsl #6
878077b4:	e0ff0100 	rscs	r0, pc, r0, lsl #2
878077b8:	20000000 	andcs	r0, r0, r0
878077bc:	20000000 	andcs	r0, r0, r0
	...
87807808:	007e0000 	rsbseq	r0, lr, r0
8780780c:	80ff0000 	rscshi	r0, pc, r0
87807810:	c0810300 	addgt	r0, r1, r0, lsl #6
87807814:	40000200 	andmi	r0, r0, r0, lsl #4
87807818:	20000600 	andcs	r0, r0, r0, lsl #12
8780781c:	20000400 	andcs	r0, r0, r0, lsl #8
87807820:	20000400 	andcs	r0, r0, r0, lsl #8
87807824:	20000400 	andcs	r0, r0, r0, lsl #8
87807828:	20000600 	andcs	r0, r0, r0, lsl #12
8780782c:	40000200 	andmi	r0, r0, r0, lsl #4
87807830:	c0810300 	addgt	r0, r1, r0, lsl #6
87807834:	80ff0100 	rscshi	r0, pc, r0, lsl #2
87807838:	007e0000 	rsbseq	r0, lr, r0
	...
87807884:	01000400 	tsteq	r0, r0, lsl #8
87807888:	01000400 	tsteq	r0, r0, lsl #8
8780788c:	ffff0700 			; <UNDEFINED> instruction: 0xffff0700
87807890:	ffff0f00 			; <UNDEFINED> instruction: 0xffff0f00
87807894:	c1000100 	mrsgt	r0, (UNDEF: 16)
87807898:	41000200 	mrsmi	r0, R8_usr
8780789c:	20000400 	andcs	r0, r0, r0, lsl #8
878078a0:	20000400 	andcs	r0, r0, r0, lsl #8
878078a4:	20000400 	andcs	r0, r0, r0, lsl #8
878078a8:	20000400 	andcs	r0, r0, r0, lsl #8
878078ac:	40000600 	andmi	r0, r0, r0, lsl #12
878078b0:	c0010300 	andgt	r0, r1, r0, lsl #6
878078b4:	80ff0100 	rscshi	r0, pc, r0, lsl #2
878078b8:	007e0000 	rsbseq	r0, lr, r0
	...
87807908:	007e0000 	rsbseq	r0, lr, r0
8780790c:	80ff0100 	rscshi	r0, pc, r0, lsl #2
87807910:	c0800300 	addgt	r0, r0, r0, lsl #6
87807914:	60000200 	andvs	r0, r0, r0, lsl #4
87807918:	20000400 	andcs	r0, r0, r0, lsl #8
8780791c:	20000400 	andcs	r0, r0, r0, lsl #8
87807920:	20000400 	andcs	r0, r0, r0, lsl #8
87807924:	20000400 	andcs	r0, r0, r0, lsl #8
87807928:	41000200 	mrsmi	r0, R8_usr
8780792c:	c1000300 	mrsgt	r0, LR_irq
87807930:	ffff0300 			; <UNDEFINED> instruction: 0xffff0300
87807934:	ffff0700 			; <UNDEFINED> instruction: 0xffff0700
87807938:	01000000 	mrseq	r0, (UNDEF: 0)
8780793c:	01000000 	mrseq	r0, (UNDEF: 0)
	...
87807984:	20000400 	andcs	r0, r0, r0, lsl #8
87807988:	20000400 	andcs	r0, r0, r0, lsl #8
8780798c:	20000400 	andcs	r0, r0, r0, lsl #8
87807990:	20000400 	andcs	r0, r0, r0, lsl #8
87807994:	e0ff0f00 	rscs	r0, pc, r0, lsl #30
87807998:	e0ff0f00 	rscs	r0, pc, r0, lsl #30
8780799c:	20c00000 	sbccs	r0, r0, r0
878079a0:	20000100 	andcs	r0, r0, r0, lsl #2
878079a4:	20000200 	andcs	r0, r0, r0, lsl #4
878079a8:	20000600 	andcs	r0, r0, r0, lsl #12
878079ac:	00000400 	andeq	r0, r0, r0, lsl #8
878079b0:	00000400 	andeq	r0, r0, r0, lsl #8
878079b4:	00000700 	andeq	r0, r0, r0, lsl #14
878079b8:	00000300 	andeq	r0, r0, r0, lsl #6
	...
87807a08:	e0030000 	and	r0, r3, r0
87807a0c:	e0c00100 	sbc	r0, r0, r0, lsl #2
87807a10:	40e00300 	rscmi	r0, r0, r0, lsl #6
87807a14:	20300600 	eorscs	r0, r0, r0, lsl #12
87807a18:	20300400 	eorscs	r0, r0, r0, lsl #8
87807a1c:	20180400 	andscs	r0, r8, r0, lsl #8
87807a20:	20180400 	andscs	r0, r8, r0, lsl #8
87807a24:	20180400 	andscs	r0, r8, r0, lsl #8
87807a28:	200c0400 	andcs	r0, ip, r0, lsl #8
87807a2c:	600c0200 	andvs	r0, ip, r0, lsl #4
87807a30:	c0070300 	andgt	r0, r7, r0, lsl #6
87807a34:	80830700 	addhi	r0, r3, r0, lsl #14
	...
87807a88:	00000400 	andeq	r0, r0, r0, lsl #8
87807a8c:	00000400 	andeq	r0, r0, r0, lsl #8
87807a90:	00000400 	andeq	r0, r0, r0, lsl #8
87807a94:	00000c00 	andeq	r0, r0, r0, lsl #24
87807a98:	80ff1f00 	rscshi	r1, pc, r0, lsl #30
87807a9c:	c0ffff00 	rscsgt	pc, pc, r0, lsl #30
87807aa0:	60000400 	andvs	r0, r0, r0, lsl #8
87807aa4:	20000400 	andcs	r0, r0, r0, lsl #8
87807aa8:	20000400 	andcs	r0, r0, r0, lsl #8
87807aac:	20000400 	andcs	r0, r0, r0, lsl #8
87807ab0:	40000400 	andmi	r0, r0, r0, lsl #8
87807ab4:	80010000 	andhi	r0, r1, r0
	...
87807b04:	00000400 	andeq	r0, r0, r0, lsl #8
87807b08:	00000400 	andeq	r0, r0, r0, lsl #8
87807b0c:	80ff0700 	rscshi	r0, pc, r0, lsl #14
87807b10:	c0ff0f00 	rscsgt	r0, pc, r0, lsl #30
87807b14:	60000000 	andvs	r0, r0, r0
87807b18:	20000000 	andcs	r0, r0, r0
87807b1c:	20000000 	andcs	r0, r0, r0
87807b20:	20000000 	andcs	r0, r0, r0
87807b24:	20000000 	andcs	r0, r0, r0
87807b28:	40000400 	andmi	r0, r0, r0, lsl #8
87807b2c:	80000400 	andhi	r0, r0, r0, lsl #8
87807b30:	e0ff0700 	rscs	r0, pc, r0, lsl #14
87807b34:	c0ff0f00 	rscsgt	r0, pc, r0, lsl #30
87807b38:	40000000 	andmi	r0, r0, r0
87807b3c:	40000000 	andmi	r0, r0, r0
	...
87807b84:	00000400 	andeq	r0, r0, r0, lsl #8
87807b88:	00000400 	andeq	r0, r0, r0, lsl #8
87807b8c:	00800700 	addeq	r0, r0, r0, lsl #14
87807b90:	00f00700 	rscseq	r0, r0, r0, lsl #14
87807b94:	00fe0400 	rscseq	r0, lr, r0, lsl #8
87807b98:	c01f0400 	andsgt	r0, pc, r0, lsl #8
87807b9c:	e0030000 	and	r0, r3, r0
87807ba0:	80030000 	andhi	r0, r3, r0
87807ba4:	001c0000 	andseq	r0, ip, r0
87807ba8:	00600400 	rsbeq	r0, r0, r0, lsl #8
87807bac:	00800700 	addeq	r0, r0, r0, lsl #14
87807bb0:	00000600 	andeq	r0, r0, r0, lsl #12
87807bb4:	00000400 	andeq	r0, r0, r0, lsl #8
	...
87807c00:	00000400 	andeq	r0, r0, r0, lsl #8
87807c04:	00000600 	andeq	r0, r0, r0, lsl #12
87807c08:	00c00700 	sbceq	r0, r0, r0, lsl #14
87807c0c:	00fc0700 	rscseq	r0, ip, r0, lsl #14
87807c10:	803f0400 	eorshi	r0, pc, r0, lsl #8
87807c14:	e0030000 	and	r0, r3, r0
87807c18:	800f0400 	andhi	r0, pc, r0, lsl #8
87807c1c:	00f00600 	rscseq	r0, r0, r0, lsl #12
87807c20:	00f00700 	rscseq	r0, r0, r0, lsl #14
87807c24:	80ff0700 	rscshi	r0, pc, r0, lsl #14
87807c28:	e00f0400 	and	r0, pc, r0, lsl #8
87807c2c:	80030000 	andhi	r0, r3, r0
87807c30:	003c0400 	eorseq	r0, ip, r0, lsl #8
87807c34:	00c00700 	sbceq	r0, r0, r0, lsl #14
87807c38:	00000600 	andeq	r0, r0, r0, lsl #12
87807c3c:	00000400 	andeq	r0, r0, r0, lsl #8
	...
87807c84:	20000000 	andcs	r0, r0, r0
87807c88:	20000400 	andcs	r0, r0, r0, lsl #8
87807c8c:	60000400 	andvs	r0, r0, r0, lsl #8
87807c90:	e0000700 	and	r0, r0, r0, lsl #14
87807c94:	20830700 	addcs	r0, r3, r0, lsl #14
87807c98:	00e60700 	rsceq	r0, r6, r0, lsl #14
87807c9c:	00f80400 	rscseq	r0, r8, r0, lsl #8
87807ca0:	003c0000 	eorseq	r0, ip, r0
87807ca4:	205e0400 	subscs	r0, lr, r0, lsl #8
87807ca8:	a0870500 	addge	r0, r7, r0, lsl #10
87807cac:	e0010600 	and	r0, r1, r0, lsl #12
87807cb0:	60000400 	andvs	r0, r0, r0, lsl #8
87807cb4:	20000400 	andcs	r0, r0, r0, lsl #8
87807cb8:	20000000 	andcs	r0, r0, r0
	...
87807d04:	00000400 	andeq	r0, r0, r0, lsl #8
87807d08:	03000400 	movweq	r0, #1024	; 0x400
87807d0c:	03000700 	movweq	r0, #1792	; 0x700
87807d10:	01e00700 	mvneq	r0, r0, lsl #14
87807d14:	01f80400 	mvnseq	r0, r0, lsl #8
87807d18:	021f0400 	andseq	r0, pc, #0, 8
87807d1c:	fc070000 	stc2	0, cr0, [r7], {-0}
87807d20:	e0000000 	and	r0, r0, r0
87807d24:	00070000 	andeq	r0, r7, r0
87807d28:	00380400 	eorseq	r0, r8, r0, lsl #8
87807d2c:	00c00700 	sbceq	r0, r0, r0, lsl #14
87807d30:	00000600 	andeq	r0, r0, r0, lsl #12
87807d34:	00000400 	andeq	r0, r0, r0, lsl #8
87807d38:	00000400 	andeq	r0, r0, r0, lsl #8
	...
87807d88:	60800700 	addvs	r0, r0, r0, lsl #14
87807d8c:	e0000600 	and	r0, r0, r0, lsl #12
87807d90:	e0030400 	and	r0, r3, r0, lsl #8
87807d94:	a0070400 	andge	r0, r7, r0, lsl #8
87807d98:	200e0400 	andcs	r0, lr, r0, lsl #8
87807d9c:	203c0400 	eorscs	r0, ip, r0, lsl #8
87807da0:	20700400 	rsbscs	r0, r0, r0, lsl #8
87807da4:	20e00500 	rsccs	r0, r0, r0, lsl #10
87807da8:	20800700 	addcs	r0, r0, r0, lsl #14
87807dac:	60000700 	andvs	r0, r0, r0, lsl #14
87807db0:	e0000400 	and	r0, r0, r0, lsl #8
87807db4:	80030000 	andhi	r0, r3, r0
	...
87807e1c:	00800000 	addeq	r0, r0, r0
87807e20:	00800000 	addeq	r0, r0, r0
87807e24:	00400100 	subeq	r0, r0, r0, lsl #2
87807e28:	f83ffe07 			; <UNDEFINED> instruction: 0xf83ffe07
87807e2c:	04000008 	streq	r0, [r0], #-8
87807e30:	02000010 	andeq	r0, r0, #16
87807e34:	02000010 	andeq	r0, r0, #16
	...
87807ea0:	ffffffff 			; <UNDEFINED> instruction: 0xffffffff
	...
87807f08:	02000010 	andeq	r0, r0, #16
87807f0c:	02000010 	andeq	r0, r0, #16
87807f10:	04000008 	streq	r0, [r0], #-8
87807f14:	f83ffe07 			; <UNDEFINED> instruction: 0xf83ffe07
87807f18:	00400100 	subeq	r0, r0, r0, lsl #2
87807f1c:	00800000 	addeq	r0, r0, r0
87807f20:	00800000 	addeq	r0, r0, r0
	...
87807f84:	00000018 	andeq	r0, r0, r8, lsl r0
87807f88:	00000030 	andeq	r0, r0, r0, lsr r0
87807f8c:	00000040 	andeq	r0, r0, r0, asr #32
87807f90:	00000040 	andeq	r0, r0, r0, asr #32
87807f94:	00000040 	andeq	r0, r0, r0, asr #32
87807f98:	00000020 	andeq	r0, r0, r0, lsr #32
87807f9c:	00000030 	andeq	r0, r0, r0, lsr r0
87807fa0:	00000008 	andeq	r0, r0, r8
87807fa4:	00000004 	andeq	r0, r0, r4
87807fa8:	00000002 	andeq	r0, r0, r2
87807fac:	00000002 	andeq	r0, r0, r2
87807fb0:	00000002 	andeq	r0, r0, r2
87807fb4:	0000000c 	andeq	r0, r0, ip
87807fb8:	00000018 	andeq	r0, r0, r8, lsl r0
	...

87808000 <digits.8941>:
87808000:	33323130 	teqcc	r2, #48, 2
87808004:	37363534 			; <UNDEFINED> instruction: 0x37363534
87808008:	42413938 	submi	r3, r1, #56, 18	; 0xe0000
8780800c:	46454443 	strbmi	r4, [r5], -r3, asr #8
87808010:	4c554e3c 	mrrcmi	14, 3, r4, r5, cr12
87808014:	00003e4c 	andeq	r3, r0, ip, asr #28

Disassembly of section .ARM.exidx:

87808018 <.ARM.exidx>:
87808018:	7fffb5fc 	svcvc	0x00ffb5fc
8780801c:	00000001 	andeq	r0, r0, r1

Disassembly of section .data:

87808020 <backcolor>:
87808020:	000000ff 	strdeq	r0, [r0], -pc	; <UNPREDICTABLE>
87808024:	0000ff00 	andeq	pc, r0, r0, lsl #30
87808028:	00ff0000 	rscseq	r0, pc, r0
8780802c:	0000ffff 	strdeq	pc, [r0], -pc	; <UNPREDICTABLE>
87808030:	00ffff00 	rscseq	pc, pc, r0, lsl #30
87808034:	008080ff 	strdeq	r8, [r0], pc	; <UNPREDICTABLE>
87808038:	00000080 	andeq	r0, r0, r0, lsl #1
8780803c:	00ffffff 	ldrshteq	pc, [pc], #255	; <UNPREDICTABLE>
87808040:	00000000 	andeq	r0, r0, r0
87808044:	00ffa500 	rscseq	sl, pc, r0, lsl #10

87808048 <release.8796>:
87808048:	00000001 	andeq	r0, r0, r1

8780804c <_ctype>:
8780804c:	08080808 	stmdaeq	r8, {r3, fp}
87808050:	08080808 	stmdaeq	r8, {r3, fp}
87808054:	28282808 	stmdacs	r8!, {r3, fp, sp}
87808058:	08082828 	stmdaeq	r8, {r3, r5, fp, sp}
8780805c:	08080808 	stmdaeq	r8, {r3, fp}
87808060:	08080808 	stmdaeq	r8, {r3, fp}
87808064:	08080808 	stmdaeq	r8, {r3, fp}
87808068:	08080808 	stmdaeq	r8, {r3, fp}
8780806c:	101010a0 	andsne	r1, r0, r0, lsr #1
87808070:	10101010 	andsne	r1, r0, r0, lsl r0
87808074:	10101010 	andsne	r1, r0, r0, lsl r0
87808078:	10101010 	andsne	r1, r0, r0, lsl r0
8780807c:	04040404 	streq	r0, [r4], #-1028	; 0xfffffbfc
87808080:	04040404 	streq	r0, [r4], #-1028	; 0xfffffbfc
87808084:	10100404 	andsne	r0, r0, r4, lsl #8
87808088:	10101010 	andsne	r1, r0, r0, lsl r0
8780808c:	41414110 	cmpmi	r1, r0, lsl r1
87808090:	01414141 	cmpeq	r1, r1, asr #2
87808094:	01010101 	tsteq	r1, r1, lsl #2
87808098:	01010101 	tsteq	r1, r1, lsl #2
8780809c:	01010101 	tsteq	r1, r1, lsl #2
878080a0:	01010101 	tsteq	r1, r1, lsl #2
878080a4:	10010101 	andne	r0, r1, r1, lsl #2
878080a8:	10101010 	andsne	r1, r0, r0, lsl r0
878080ac:	42424210 	submi	r4, r2, #16, 4
878080b0:	02424242 	subeq	r4, r2, #536870916	; 0x20000004
878080b4:	02020202 	andeq	r0, r2, #536870912	; 0x20000000
878080b8:	02020202 	andeq	r0, r2, #536870912	; 0x20000000
878080bc:	02020202 	andeq	r0, r2, #536870912	; 0x20000000
878080c0:	02020202 	andeq	r0, r2, #536870912	; 0x20000000
878080c4:	10020202 	andne	r0, r2, r2, lsl #4
878080c8:	08101010 	ldmdaeq	r0, {r4, ip}
	...
878080ec:	101010a0 	andsne	r1, r0, r0, lsr #1
878080f0:	10101010 	andsne	r1, r0, r0, lsl r0
878080f4:	10101010 	andsne	r1, r0, r0, lsl r0
878080f8:	10101010 	andsne	r1, r0, r0, lsl r0
878080fc:	10101010 	andsne	r1, r0, r0, lsl r0
87808100:	10101010 	andsne	r1, r0, r0, lsl r0
87808104:	10101010 	andsne	r1, r0, r0, lsl r0
87808108:	10101010 	andsne	r1, r0, r0, lsl r0
8780810c:	01010101 	tsteq	r1, r1, lsl #2
87808110:	01010101 	tsteq	r1, r1, lsl #2
87808114:	01010101 	tsteq	r1, r1, lsl #2
87808118:	01010101 	tsteq	r1, r1, lsl #2
8780811c:	01010101 	tsteq	r1, r1, lsl #2
87808120:	10010101 	andne	r0, r1, r1, lsl #2
87808124:	01010101 	tsteq	r1, r1, lsl #2
87808128:	02010101 	andeq	r0, r1, #1073741824	; 0x40000000
8780812c:	02020202 	andeq	r0, r2, #536870912	; 0x20000000
87808130:	02020202 	andeq	r0, r2, #536870912	; 0x20000000
87808134:	02020202 	andeq	r0, r2, #536870912	; 0x20000000
87808138:	02020202 	andeq	r0, r2, #536870912	; 0x20000000
8780813c:	02020202 	andeq	r0, r2, #536870912	; 0x20000000
87808140:	10020202 	andne	r0, r2, r2, lsl #4
87808144:	02020202 	andeq	r0, r2, #536870912	; 0x20000000
87808148:	02020202 	andeq	r0, r2, #536870912	; 0x20000000

Disassembly of section .bss:

8780814c <state.8949>:
8780814c:	00000000 	andeq	r0, r0, r0

87808150 <irqNesting>:
87808150:	00000000 	andeq	r0, r0, r0

87808154 <irqTable>:
	...

87808654 <state.8810>:
	...

87808655 <state.8765>:
	...

87808656 <state.8815>:
	...

87808658 <g_pcOutBuf>:
	...

87808a58 <g_pcInBuf>:
	...

87808e58 <tftlcd_dev>:
	...

87808e7c <___strtok>:
87808e7c:	00000000 	andeq	r0, r0, r0

Disassembly of section .ARM.attributes:

00000000 <.ARM.attributes>:
   0:	00002e41 	andeq	r2, r0, r1, asr #28
   4:	61656100 	cmnvs	r5, r0, lsl #2
   8:	01006962 	tsteq	r0, r2, ror #18
   c:	00000024 	andeq	r0, r0, r4, lsr #32
  10:	412d3705 			; <UNDEFINED> instruction: 0x412d3705
  14:	070a0600 	streq	r0, [sl, -r0, lsl #12]
  18:	09010841 	stmdbeq	r1, {r0, r6, fp}
  1c:	12040a02 	andne	r0, r4, #8192	; 0x2000
  20:	15011404 	strne	r1, [r1, #-1028]	; 0xfffffbfc
  24:	18031701 	stmdane	r3, {r0, r8, r9, sl, ip}
  28:	1c021a01 			; <UNDEFINED> instruction: 0x1c021a01
  2c:	地址 0x000000000000002c 越界。


Disassembly of section .comment:

00000000 <.comment>:
   0:	3a434347 	bcc	10d0d24 <shift+0x10d0d24>
   4:	694c2820 	stmdbvs	ip, {r5, fp, sp}^
   8:	6f72616e 	svcvs	0x0072616e
   c:	43434720 	movtmi	r4, #14112	; 0x3720
  10:	352e3720 	strcc	r3, [lr, #-1824]!	; 0xfffff8e0
  14:	3130322d 	teqcc	r0, sp, lsr #4
  18:	32312e39 	eorscc	r2, r1, #912	; 0x390
  1c:	2e372029 	cdpcs	0, 3, cr2, cr7, cr9, {1}
  20:	00302e35 	eorseq	r2, r0, r5, lsr lr

Disassembly of section .debug_frame:

00000000 <.debug_frame>:
   0:	0000000c 	andeq	r0, r0, ip
   4:	ffffffff 			; <UNDEFINED> instruction: 0xffffffff
   8:	7c010001 	stcvc	0, cr0, [r1], {1}
   c:	000d0c0e 	andeq	r0, sp, lr, lsl #24
  10:	0000000c 	andeq	r0, r0, ip
  14:	00000000 	andeq	r0, r0, r0
  18:	878032c1 	strhi	r3, [r0, r1, asr #5]
  1c:	0000025c 	andeq	r0, r0, ip, asr r2
  20:	0000000c 	andeq	r0, r0, ip
  24:	ffffffff 			; <UNDEFINED> instruction: 0xffffffff
  28:	7c020001 	stcvc	0, cr0, [r2], {1}
  2c:	000d0c0e 	andeq	r0, sp, lr, lsl #24
  30:	00000030 	andeq	r0, r0, r0, lsr r0
  34:	00000020 	andeq	r0, r0, r0, lsr #32
  38:	87803538 			; <UNDEFINED> instruction: 0x87803538
  3c:	000000a0 	andeq	r0, r0, r0, lsr #1
  40:	8e100e55 	mrchi	14, 0, r0, cr0, cr5, {2}
  44:	450a4603 	strmi	r4, [sl, #-1539]	; 0xfffff9fd
  48:	41100ece 	tstmi	r0, lr, asr #29
  4c:	450a470b 	strmi	r4, [sl, #-1803]	; 0xfffff8f5
  50:	47100ece 	ldrmi	r0, [r0, -lr, asr #29]
  54:	450a450b 	strmi	r4, [sl, #-1291]	; 0xfffffaf5
  58:	44100ece 	ldrmi	r0, [r0], #-3790	; 0xfffff132
  5c:	0ece4a0b 	vdiveq.f32	s9, s28, s22
  60:	00000010 	andeq	r0, r0, r0, lsl r0
  64:	0000000c 	andeq	r0, r0, ip
  68:	ffffffff 			; <UNDEFINED> instruction: 0xffffffff
  6c:	7c020001 	stcvc	0, cr0, [r2], {1}
  70:	000d0c0e 	andeq	r0, sp, lr, lsl #24
  74:	00000018 	andeq	r0, r0, r8, lsl r0
  78:	00000064 	andeq	r0, r0, r4, rrx
  7c:	878035d8 			; <UNDEFINED> instruction: 0x878035d8
  80:	00000030 	andeq	r0, r0, r0, lsr r0
  84:	8e100e50 	mrchi	14, 0, r0, cr0, cr0, {2}
  88:	0ece4703 	cdpeq	7, 12, cr4, cr14, cr3, {0}
  8c:	00000010 	andeq	r0, r0, r0, lsl r0
  90:	0000000c 	andeq	r0, r0, ip
  94:	ffffffff 			; <UNDEFINED> instruction: 0xffffffff
  98:	7c010001 	stcvc	0, cr0, [r1], {1}
  9c:	000d0c0e 	andeq	r0, sp, lr, lsl #24
  a0:	00000014 	andeq	r0, r0, r4, lsl r0
  a4:	00000090 	muleq	r0, r0, r0
  a8:	87803609 	strhi	r3, [r0, r9, lsl #12]
  ac:	0000000c 	andeq	r0, r0, ip
  b0:	0e018e42 	cdpeq	14, 0, cr8, cr1, cr2, {2}
  b4:	00000008 	andeq	r0, r0, r8
  b8:	0000000c 	andeq	r0, r0, ip
  bc:	ffffffff 			; <UNDEFINED> instruction: 0xffffffff
  c0:	7c020001 	stcvc	0, cr0, [r2], {1}
  c4:	000d0c0e 	andeq	r0, sp, lr, lsl #24
  c8:	00000024 	andeq	r0, r0, r4, lsr #32
  cc:	000000b8 	strheq	r0, [r0], -r8
  d0:	87803614 	usada8hi	r0, r4, r6, r3
  d4:	00000116 	andeq	r0, r0, r6, lsl r1
  d8:	84240e43 	strthi	r0, [r4], #-3651	; 0xfffff1bd
  dc:	86088509 	strhi	r8, [r8], -r9, lsl #10
  e0:	88068707 	stmdahi	r6, {r0, r1, r2, r8, r9, sl, pc}
  e4:	8a048905 	bhi	122500 <shift+0x122500>
  e8:	8e028b03 	vmlahi.f64	d8, d2, d3
  ec:	00000001 	andeq	r0, r0, r1

Disassembly of section .debug_line:

00000000 <.debug_line>:
   0:	000000c2 	andeq	r0, r0, r2, asr #1
   4:	008d0002 	addeq	r0, sp, r2
   8:	01020000 	mrseq	r0, (UNDEF: 2)
   c:	000d0efb 	strdeq	r0, [sp], -fp
  10:	01010101 	tsteq	r1, r1, lsl #2
  14:	01000000 	mrseq	r0, (UNDEF: 0)
  18:	2f010000 	svccs	0x00010000
  1c:	656d6f68 	strbvs	r6, [sp, #-3944]!	; 0xfffff098
  20:	7763742f 	strbvc	r7, [r3, -pc, lsr #8]!
  24:	75622d67 	strbvc	r2, [r2, #-3431]!	; 0xfffff299
  28:	73646c69 	cmnvc	r4, #26880	; 0x6900
  2c:	6576616c 	ldrbvs	r6, [r6, #-364]!	; 0xfffffe94
  30:	726f772f 	rsbvc	r7, pc, #12320768	; 0xbc0000
  34:	6170736b 	cmnvs	r0, fp, ror #6
  38:	742f6563 	strtvc	r6, [pc], #-1379	; 40 <shift+0x40>
  3c:	2d677763 	stclcs	7, cr7, [r7, #-396]!	; 0xfffffe74
  40:	656b616d 	strbvs	r6, [fp, #-365]!	; 0xfffffe93
  44:	6c65722d 	sfmvs	f7, 2, [r5], #-180	; 0xffffff4c
  48:	65736165 	ldrbvs	r6, [r3, #-357]!	; 0xfffffe9b
  4c:	732f315f 			; <UNDEFINED> instruction: 0x732f315f
  50:	7370616e 	cmnvc	r0, #-2147483621	; 0x8000001b
  54:	73746f68 	cmnvc	r4, #104, 30	; 0x1a0
  58:	6363672f 	cmnvs	r3, #12320768	; 0xbc0000
  5c:	7469672e 	strbtvc	r6, [r9], #-1838	; 0xfffff8d2
  60:	6e696c7e 	mcrvs	12, 3, r6, cr9, cr14, {3}
  64:	2d6f7261 	sfmcs	f7, 2, [pc, #-388]!	; fffffee8 <__bss_end+0x787f7068>
  68:	2d352e37 	ldccs	14, cr2, [r5, #-220]!	; 0xffffff24
  6c:	39313032 	ldmdbcc	r1!, {r1, r4, r5, ip, sp}
  70:	2f32312e 	svccs	0x0032312e
  74:	6762696c 	strbvs	r6, [r2, -ip, ror #18]!
  78:	632f6363 			; <UNDEFINED> instruction: 0x632f6363
  7c:	69666e6f 	stmdbvs	r6!, {r0, r1, r2, r3, r5, r6, r9, sl, fp, sp, lr}^
  80:	72612f67 	rsbvc	r2, r1, #412	; 0x19c
  84:	6c00006d 	stcvs	0, cr0, [r0], {109}	; 0x6d
  88:	66316269 	ldrtvs	r6, [r1], -r9, ror #4
  8c:	73636e75 	cmnvc	r3, #1872	; 0x750
  90:	0100532e 	tsteq	r0, lr, lsr #6
  94:	00000000 	andeq	r0, r0, r0
  98:	32c00205 	sbccc	r0, r0, #1342177280	; 0x50000000
  9c:	fd038780 	stc2	7, cr8, [r3, #-512]	; 0xfffffe00
  a0:	21210108 			; <UNDEFINED> instruction: 0x21210108
  a4:	2f212f21 	svccs	0x00212f21
  a8:	91023021 	tstls	r2, r1, lsr #32
  ac:	22211402 	eorcs	r1, r1, #33554432	; 0x2000000
  b0:	22212121 	eorcs	r2, r1, #1073741832	; 0x40000008
  b4:	03242f4c 			; <UNDEFINED> instruction: 0x03242f4c
  b8:	2121581f 			; <UNDEFINED> instruction: 0x2121581f
  bc:	2f2f2f2f 	svccs	0x002f2f2f
  c0:	0001022f 	andeq	r0, r1, pc, lsr #4
  c4:	00c10101 	sbceq	r0, r1, r1, lsl #2
  c8:	00020000 	andeq	r0, r2, r0
  cc:	00000089 	andeq	r0, r0, r9, lsl #1
  d0:	0efb0102 	cdpeq	1, 15, cr0, cr11, cr2, {0}
  d4:	0101000d 	tsteq	r1, sp
  d8:	00000101 	andeq	r0, r0, r1, lsl #2
  dc:	00000100 	andeq	r0, r0, r0, lsl #2
  e0:	6f682f01 	svcvs	0x00682f01
  e4:	742f656d 	strtvc	r6, [pc], #-1389	; ec <shift+0xec>
  e8:	2d677763 	stclcs	7, cr7, [r7, #-396]!	; 0xfffffe74
  ec:	6c697562 	cfstr64vs	mvdx7, [r9], #-392	; 0xfffffe78
  f0:	616c7364 	cmnvs	ip, r4, ror #6
  f4:	772f6576 			; <UNDEFINED> instruction: 0x772f6576
  f8:	736b726f 	cmnvc	fp, #-268435450	; 0xf0000006
  fc:	65636170 	strbvs	r6, [r3, #-368]!	; 0xfffffe90
 100:	7763742f 	strbvc	r7, [r3, -pc, lsr #8]!
 104:	616d2d67 	cmnvs	sp, r7, ror #26
 108:	722d656b 	eorvc	r6, sp, #448790528	; 0x1ac00000
 10c:	61656c65 	cmnvs	r5, r5, ror #24
 110:	315f6573 	cmpcc	pc, r3, ror r5	; <UNPREDICTABLE>
 114:	616e732f 	cmnvs	lr, pc, lsr #6
 118:	6f687370 	svcvs	0x00687370
 11c:	672f7374 			; <UNDEFINED> instruction: 0x672f7374
 120:	672e6363 	strvs	r6, [lr, -r3, ror #6]!
 124:	6c7e7469 	cfldrdvs	mvd7, [lr], #-420	; 0xfffffe5c
 128:	72616e69 	rsbvc	r6, r1, #1680	; 0x690
 12c:	2e372d6f 	cdpcs	13, 3, cr2, cr7, cr15, {3}
 130:	30322d35 	eorscc	r2, r2, r5, lsr sp
 134:	312e3931 			; <UNDEFINED> instruction: 0x312e3931
 138:	696c2f32 	stmdbvs	ip!, {r1, r4, r5, r8, r9, sl, fp, sp}^
 13c:	63636762 	cmnvs	r3, #25690112	; 0x1880000
 140:	6e6f632f 	cdpvs	3, 6, cr6, cr15, cr15, {1}
 144:	2f676966 	svccs	0x00676966
 148:	006d7261 	rsbeq	r7, sp, r1, ror #4
 14c:	61706200 	cmnvs	r0, r0, lsl #4
 150:	532e6962 			; <UNDEFINED> instruction: 0x532e6962
 154:	00000100 	andeq	r0, r0, r0, lsl #2
 158:	02050000 	andeq	r0, r5, #0
 15c:	87803538 			; <UNDEFINED> instruction: 0x87803538
 160:	0101b903 	tsteq	r1, r3, lsl #18
 164:	214b1408 	cmpcs	fp, r8, lsl #8
 168:	30222121 	eorcc	r2, r2, r1, lsr #2
 16c:	2f212459 	svccs	0x00212459
 170:	59302221 	ldmdbpl	r0!, {r0, r5, r9, sp}
 174:	2f212f21 	svccs	0x00212f21
 178:	30302124 	eorscc	r2, r0, r4, lsr #2
 17c:	242f2159 	strtcs	r2, [pc], #-345	; 184 <shift+0x184>
 180:	592f3021 	stmdbpl	pc!, {r0, r5, ip, sp}	; <UNPREDICTABLE>
 184:	01022f21 	tsteq	r2, r1, lsr #30
 188:	a3010100 	movwge	r0, #4352	; 0x1100
 18c:	02000000 	andeq	r0, r0, #0
 190:	00008900 	andeq	r8, r0, r0, lsl #18
 194:	fb010200 	blx	4099e <shift+0x4099e>
 198:	01000d0e 	tsteq	r0, lr, lsl #26
 19c:	00010101 	andeq	r0, r1, r1, lsl #2
 1a0:	00010000 	andeq	r0, r1, r0
 1a4:	682f0100 	stmdavs	pc!, {r8}	; <UNPREDICTABLE>
 1a8:	2f656d6f 	svccs	0x00656d6f
 1ac:	67776374 			; <UNDEFINED> instruction: 0x67776374
 1b0:	6975622d 	ldmdbvs	r5!, {r0, r2, r3, r5, r9, sp, lr}^
 1b4:	6c73646c 	cfldrdvs	mvd6, [r3], #-432	; 0xfffffe50
 1b8:	2f657661 	svccs	0x00657661
 1bc:	6b726f77 	blvs	1c9bfa0 <shift+0x1c9bfa0>
 1c0:	63617073 	cmnvs	r1, #115	; 0x73
 1c4:	63742f65 	cmnvs	r4, #404	; 0x194
 1c8:	6d2d6777 	stcvs	7, cr6, [sp, #-476]!	; 0xfffffe24
 1cc:	2d656b61 	fstmdbxcs	r5!, {d22-d69}	;@ Deprecated
 1d0:	656c6572 	strbvs	r6, [ip, #-1394]!	; 0xfffffa8e
 1d4:	5f657361 	svcpl	0x00657361
 1d8:	6e732f31 	mrcvs	15, 3, r2, cr3, cr1, {1}
 1dc:	68737061 	ldmdavs	r3!, {r0, r5, r6, ip, sp, lr}^
 1e0:	2f73746f 	svccs	0x0073746f
 1e4:	2e636367 	cdpcs	3, 6, cr6, cr3, cr7, {3}
 1e8:	7e746967 	vsubvc.f16	s13, s8, s15	; <UNPREDICTABLE>
 1ec:	616e696c 	cmnvs	lr, ip, ror #18
 1f0:	372d6f72 			; <UNDEFINED> instruction: 0x372d6f72
 1f4:	322d352e 	eorcc	r3, sp, #192937984	; 0xb800000
 1f8:	2e393130 	mrccs	1, 1, r3, cr9, cr0, {1}
 1fc:	6c2f3231 	sfmvs	f3, 4, [pc], #-196	; 140 <shift+0x140>
 200:	63676269 	cmnvs	r7, #-1879048186	; 0x90000006
 204:	6f632f63 	svcvs	0x00632f63
 208:	6769666e 	strbvs	r6, [r9, -lr, ror #12]!
 20c:	6d72612f 	ldfvse	f6, [r2, #-188]!	; 0xffffff44
 210:	70620000 	rsbvc	r0, r2, r0
 214:	2e696261 	cdpcs	2, 6, cr6, cr9, cr1, {3}
 218:	00010053 	andeq	r0, r1, r3, asr r0
 21c:	05000000 	streq	r0, [r0, #-0]
 220:	8035d802 	eorshi	sp, r5, r2, lsl #16
 224:	01fd0387 	mvnseq	r0, r7, lsl #7
 228:	2f4cbc01 	svccs	0x004cbc01
 22c:	00010259 	andeq	r0, r1, r9, asr r2
 230:	00a80101 	adceq	r0, r8, r1, lsl #2
 234:	00020000 	andeq	r0, r2, r0
 238:	0000008d 	andeq	r0, r0, sp, lsl #1
 23c:	0efb0102 	cdpeq	1, 15, cr0, cr11, cr2, {0}
 240:	0101000d 	tsteq	r1, sp
 244:	00000101 	andeq	r0, r0, r1, lsl #2
 248:	00000100 	andeq	r0, r0, r0, lsl #2
 24c:	6f682f01 	svcvs	0x00682f01
 250:	742f656d 	strtvc	r6, [pc], #-1389	; 258 <shift+0x258>
 254:	2d677763 	stclcs	7, cr7, [r7, #-396]!	; 0xfffffe74
 258:	6c697562 	cfstr64vs	mvdx7, [r9], #-392	; 0xfffffe78
 25c:	616c7364 	cmnvs	ip, r4, ror #6
 260:	772f6576 			; <UNDEFINED> instruction: 0x772f6576
 264:	736b726f 	cmnvc	fp, #-268435450	; 0xf0000006
 268:	65636170 	strbvs	r6, [r3, #-368]!	; 0xfffffe90
 26c:	7763742f 	strbvc	r7, [r3, -pc, lsr #8]!
 270:	616d2d67 	cmnvs	sp, r7, ror #26
 274:	722d656b 	eorvc	r6, sp, #448790528	; 0x1ac00000
 278:	61656c65 	cmnvs	r5, r5, ror #24
 27c:	315f6573 	cmpcc	pc, r3, ror r5	; <UNPREDICTABLE>
 280:	616e732f 	cmnvs	lr, pc, lsr #6
 284:	6f687370 	svcvs	0x00687370
 288:	672f7374 			; <UNDEFINED> instruction: 0x672f7374
 28c:	672e6363 	strvs	r6, [lr, -r3, ror #6]!
 290:	6c7e7469 	cfldrdvs	mvd7, [lr], #-420	; 0xfffffe5c
 294:	72616e69 	rsbvc	r6, r1, #1680	; 0x690
 298:	2e372d6f 	cdpcs	13, 3, cr2, cr7, cr15, {3}
 29c:	30322d35 	eorscc	r2, r2, r5, lsr sp
 2a0:	312e3931 			; <UNDEFINED> instruction: 0x312e3931
 2a4:	696c2f32 	stmdbvs	ip!, {r1, r4, r5, r8, r9, sl, fp, sp}^
 2a8:	63636762 	cmnvs	r3, #25690112	; 0x1880000
 2ac:	6e6f632f 	cdpvs	3, 6, cr6, cr15, cr15, {1}
 2b0:	2f676966 	svccs	0x00676966
 2b4:	006d7261 	rsbeq	r7, sp, r1, ror #4
 2b8:	62696c00 	rsbvs	r6, r9, #0, 24
 2bc:	6e756631 	mrcvs	6, 3, r6, cr5, cr1, {1}
 2c0:	532e7363 			; <UNDEFINED> instruction: 0x532e7363
 2c4:	00000100 	andeq	r0, r0, r0, lsl #2
 2c8:	02050000 	andeq	r0, r5, #0
 2cc:	87803608 	strhi	r3, [r0, r8, lsl #12]
 2d0:	010bfe03 	tsteq	fp, r3, lsl #28	; <UNPREDICTABLE>
 2d4:	2f200903 	svccs	0x00200903
 2d8:	0001022f 	andeq	r0, r1, pc, lsr #4
 2dc:	03df0101 	bicseq	r0, pc, #1073741824	; 0x40000000
 2e0:	00020000 	andeq	r0, r2, r0
 2e4:	0000038f 	andeq	r0, r0, pc, lsl #7
 2e8:	0efb0102 	cdpeq	1, 15, cr0, cr11, cr2, {0}
 2ec:	0101000d 	tsteq	r1, sp
 2f0:	00000101 	andeq	r0, r0, r1, lsl #2
 2f4:	00000100 	andeq	r0, r0, r0, lsl #2
 2f8:	6f682f01 	svcvs	0x00682f01
 2fc:	742f656d 	strtvc	r6, [pc], #-1389	; 304 <shift+0x304>
 300:	2d677763 	stclcs	7, cr7, [r7, #-396]!	; 0xfffffe74
 304:	6c697562 	cfstr64vs	mvdx7, [r9], #-392	; 0xfffffe78
 308:	616c7364 	cmnvs	ip, r4, ror #6
 30c:	772f6576 			; <UNDEFINED> instruction: 0x772f6576
 310:	736b726f 	cmnvc	fp, #-268435450	; 0xf0000006
 314:	65636170 	strbvs	r6, [r3, #-368]!	; 0xfffffe90
 318:	7763742f 	strbvc	r7, [r3, -pc, lsr #8]!
 31c:	616d2d67 	cmnvs	sp, r7, ror #26
 320:	722d656b 	eorvc	r6, sp, #448790528	; 0x1ac00000
 324:	61656c65 	cmnvs	r5, r5, ror #24
 328:	315f6573 	cmpcc	pc, r3, ror r5	; <UNPREDICTABLE>
 32c:	616e732f 	cmnvs	lr, pc, lsr #6
 330:	6f687370 	svcvs	0x00687370
 334:	672f7374 			; <UNDEFINED> instruction: 0x672f7374
 338:	672e6363 	strvs	r6, [lr, -r3, ror #6]!
 33c:	6c7e7469 	cfldrdvs	mvd7, [lr], #-420	; 0xfffffe5c
 340:	72616e69 	rsbvc	r6, r1, #1680	; 0x690
 344:	2e372d6f 	cdpcs	13, 3, cr2, cr7, cr15, {3}
 348:	30322d35 	eorscc	r2, r2, r5, lsr sp
 34c:	312e3931 			; <UNDEFINED> instruction: 0x312e3931
 350:	696c2f32 	stmdbvs	ip!, {r1, r4, r5, r8, r9, sl, fp, sp}^
 354:	63636762 	cmnvs	r3, #25690112	; 0x1880000
 358:	6f682f00 	svcvs	0x00682f00
 35c:	742f656d 	strtvc	r6, [pc], #-1389	; 364 <shift+0x364>
 360:	2d677763 	stclcs	7, cr7, [r7, #-396]!	; 0xfffffe74
 364:	6c697562 	cfstr64vs	mvdx7, [r9], #-392	; 0xfffffe78
 368:	616c7364 	cmnvs	ip, r4, ror #6
 36c:	772f6576 			; <UNDEFINED> instruction: 0x772f6576
 370:	736b726f 	cmnvc	fp, #-268435450	; 0xf0000006
 374:	65636170 	strbvs	r6, [r3, #-368]!	; 0xfffffe90
 378:	7763742f 	strbvc	r7, [r3, -pc, lsr #8]!
 37c:	616d2d67 	cmnvs	sp, r7, ror #26
 380:	722d656b 	eorvc	r6, sp, #448790528	; 0x1ac00000
 384:	61656c65 	cmnvs	r5, r5, ror #24
 388:	315f6573 	cmpcc	pc, r3, ror r5	; <UNPREDICTABLE>
 38c:	75625f2f 	strbvc	r5, [r2, #-3887]!	; 0xfffff0d1
 390:	2f646c69 	svccs	0x00646c69
 394:	6c697562 	cfstr64vs	mvdx7, [r9], #-392	; 0xfffffe78
 398:	782f7364 	stmdavc	pc!, {r2, r5, r6, r8, r9, ip, sp, lr}	; <UNPREDICTABLE>
 39c:	365f3638 			; <UNDEFINED> instruction: 0x365f3638
 3a0:	6e752d34 	mrcvs	13, 3, r2, cr5, cr4, {1}
 3a4:	776f6e6b 	strbvc	r6, [pc, -fp, ror #28]!
 3a8:	696c2d6e 	stmdbvs	ip!, {r1, r2, r3, r5, r6, r8, sl, fp, sp}^
 3ac:	2d78756e 	cfldr64cs	mvdx7, [r8, #-440]!	; 0xfffffe48
 3b0:	2f756e67 	svccs	0x00756e67
 3b4:	2d6d7261 	sfmcs	f7, 2, [sp, #-388]!	; 0xfffffe7c
 3b8:	756e696c 	strbvc	r6, [lr, #-2412]!	; 0xfffff694
 3bc:	6e672d78 	mcrvs	13, 3, r2, cr7, cr8, {3}
 3c0:	62616575 	rsbvs	r6, r1, #490733568	; 0x1d400000
 3c4:	2f666869 	svccs	0x00666869
 3c8:	2e636367 	cdpcs	3, 6, cr6, cr3, cr7, {3}
 3cc:	7e746967 	vsubvc.f16	s13, s8, s15	; <UNPREDICTABLE>
 3d0:	616e696c 	cmnvs	lr, ip, ror #18
 3d4:	372d6f72 			; <UNDEFINED> instruction: 0x372d6f72
 3d8:	322d352e 	eorcc	r3, sp, #192937984	; 0xb800000
 3dc:	2e393130 	mrccs	1, 1, r3, cr9, cr0, {1}
 3e0:	732d3231 			; <UNDEFINED> instruction: 0x732d3231
 3e4:	65676174 	strbvs	r6, [r7, #-372]!	; 0xfffffe8c
 3e8:	63672f32 	cmnvs	r7, #50, 30	; 0xc8
 3ec:	6e692f63 	cdpvs	15, 6, cr2, cr9, cr3, {3}
 3f0:	64756c63 	ldrbtvs	r6, [r5], #-3171	; 0xfffff39d
 3f4:	682f0065 	stmdavs	pc!, {r0, r2, r5, r6}	; <UNPREDICTABLE>
 3f8:	2f656d6f 	svccs	0x00656d6f
 3fc:	67776374 			; <UNDEFINED> instruction: 0x67776374
 400:	6975622d 	ldmdbvs	r5!, {r0, r2, r3, r5, r9, sp, lr}^
 404:	6c73646c 	cfldrdvs	mvd6, [r3], #-432	; 0xfffffe50
 408:	2f657661 	svccs	0x00657661
 40c:	6b726f77 	blvs	1c9c1f0 <shift+0x1c9c1f0>
 410:	63617073 	cmnvs	r1, #115	; 0x73
 414:	63742f65 	cmnvs	r4, #404	; 0x194
 418:	6d2d6777 	stcvs	7, cr6, [sp, #-476]!	; 0xfffffe24
 41c:	2d656b61 	fstmdbxcs	r5!, {d22-d69}	;@ Deprecated
 420:	656c6572 	strbvs	r6, [ip, #-1394]!	; 0xfffffa8e
 424:	5f657361 	svcpl	0x00657361
 428:	625f2f31 	subsvs	r2, pc, #49, 30	; 0xc4
 42c:	646c6975 	strbtvs	r6, [ip], #-2421	; 0xfffff68b
 430:	7379732f 	cmnvc	r9, #-1140850688	; 0xbc000000
 434:	746f6f72 	strbtvc	r6, [pc], #-3954	; 43c <shift+0x43c>
 438:	72612f73 	rsbvc	r2, r1, #460	; 0x1cc
 43c:	696c2d6d 	stmdbvs	ip!, {r0, r2, r3, r5, r6, r8, sl, fp, sp}^
 440:	2d78756e 	cfldr64cs	mvdx7, [r8, #-440]!	; 0xfffffe48
 444:	65756e67 	ldrbvs	r6, [r5, #-3687]!	; 0xfffff199
 448:	68696261 	stmdavs	r9!, {r0, r5, r6, r9, sp, lr}^
 44c:	73752f66 	cmnvc	r5, #408	; 0x198
 450:	6e692f72 	mcrvs	15, 3, r2, cr9, cr2, {3}
 454:	64756c63 	ldrbtvs	r6, [r5], #-3171	; 0xfffff39d
 458:	69622f65 	stmdbvs	r2!, {r0, r2, r5, r6, r8, r9, sl, fp, sp}^
 45c:	2f007374 	svccs	0x00007374
 460:	656d6f68 	strbvs	r6, [sp, #-3944]!	; 0xfffff098
 464:	7763742f 	strbvc	r7, [r3, -pc, lsr #8]!
 468:	75622d67 	strbvc	r2, [r2, #-3431]!	; 0xfffff299
 46c:	73646c69 	cmnvc	r4, #26880	; 0x6900
 470:	6576616c 	ldrbvs	r6, [r6, #-364]!	; 0xfffffe94
 474:	726f772f 	rsbvc	r7, pc, #12320768	; 0xbc0000
 478:	6170736b 	cmnvs	r0, fp, ror #6
 47c:	742f6563 	strtvc	r6, [pc], #-1379	; 484 <shift+0x484>
 480:	2d677763 	stclcs	7, cr7, [r7, #-396]!	; 0xfffffe74
 484:	656b616d 	strbvs	r6, [fp, #-365]!	; 0xfffffe93
 488:	6c65722d 	sfmvs	f7, 2, [r5], #-180	; 0xffffff4c
 48c:	65736165 	ldrbvs	r6, [r3, #-357]!	; 0xfffffe9b
 490:	5f2f315f 	svcpl	0x002f315f
 494:	6c697562 	cfstr64vs	mvdx7, [r9], #-392	; 0xfffffe78
 498:	79732f64 	ldmdbvc	r3!, {r2, r5, r6, r8, r9, sl, fp, sp}^
 49c:	6f6f7273 	svcvs	0x006f7273
 4a0:	612f7374 			; <UNDEFINED> instruction: 0x612f7374
 4a4:	6c2d6d72 	stcvs	13, cr6, [sp], #-456	; 0xfffffe38
 4a8:	78756e69 	ldmdavc	r5!, {r0, r3, r5, r6, r9, sl, fp, sp, lr}^
 4ac:	756e672d 	strbvc	r6, [lr, #-1837]!	; 0xfffff8d3
 4b0:	69626165 	stmdbvs	r2!, {r0, r2, r5, r6, r8, sp, lr}^
 4b4:	752f6668 	strvc	r6, [pc, #-1640]!	; fffffe54 <__bss_end+0x787f6fd4>
 4b8:	692f7273 	stmdbvs	pc!, {r0, r1, r4, r5, r6, r9, ip, sp, lr}	; <UNPREDICTABLE>
 4bc:	756c636e 	strbvc	r6, [ip, #-878]!	; 0xfffffc92
 4c0:	2f006564 	svccs	0x00006564
 4c4:	656d6f68 	strbvs	r6, [sp, #-3944]!	; 0xfffff098
 4c8:	7763742f 	strbvc	r7, [r3, -pc, lsr #8]!
 4cc:	75622d67 	strbvc	r2, [r2, #-3431]!	; 0xfffff299
 4d0:	73646c69 	cmnvc	r4, #26880	; 0x6900
 4d4:	6576616c 	ldrbvs	r6, [r6, #-364]!	; 0xfffffe94
 4d8:	726f772f 	rsbvc	r7, pc, #12320768	; 0xbc0000
 4dc:	6170736b 	cmnvs	r0, fp, ror #6
 4e0:	742f6563 	strtvc	r6, [pc], #-1379	; 4e8 <shift+0x4e8>
 4e4:	2d677763 	stclcs	7, cr7, [r7, #-396]!	; 0xfffffe74
 4e8:	656b616d 	strbvs	r6, [fp, #-365]!	; 0xfffffe93
 4ec:	6c65722d 	sfmvs	f7, 2, [r5], #-180	; 0xffffff4c
 4f0:	65736165 	ldrbvs	r6, [r3, #-357]!	; 0xfffffe9b
 4f4:	732f315f 			; <UNDEFINED> instruction: 0x732f315f
 4f8:	7370616e 	cmnvc	r0, #-2147483621	; 0x8000001b
 4fc:	73746f68 	cmnvc	r4, #104, 30	; 0x1a0
 500:	6363672f 	cmnvs	r3, #12320768	; 0xbc0000
 504:	7469672e 	strbtvc	r6, [r9], #-1838	; 0xfffff8d2
 508:	6e696c7e 	mcrvs	12, 3, r6, cr9, cr14, {3}
 50c:	2d6f7261 	sfmcs	f7, 2, [pc, #-388]!	; 390 <shift+0x390>
 510:	2d352e37 	ldccs	14, cr2, [r5, #-220]!	; 0xffffff24
 514:	39313032 	ldmdbcc	r1!, {r1, r4, r5, ip, sp}
 518:	2f32312e 	svccs	0x0032312e
 51c:	6762696c 	strbvs	r6, [r2, -ip, ror #18]!
 520:	2e2f6363 	cdpcs	3, 2, cr6, cr15, cr3, {3}
 524:	6e692f2e 	cdpvs	15, 6, cr2, cr9, cr14, {1}
 528:	64756c63 	ldrbtvs	r6, [r5], #-3171	; 0xfffff39d
 52c:	682f0065 	stmdavs	pc!, {r0, r2, r5, r6}	; <UNPREDICTABLE>
 530:	2f656d6f 	svccs	0x00656d6f
 534:	67776374 			; <UNDEFINED> instruction: 0x67776374
 538:	6975622d 	ldmdbvs	r5!, {r0, r2, r3, r5, r9, sp, lr}^
 53c:	6c73646c 	cfldrdvs	mvd6, [r3], #-432	; 0xfffffe50
 540:	2f657661 	svccs	0x00657661
 544:	6b726f77 	blvs	1c9c328 <shift+0x1c9c328>
 548:	63617073 	cmnvs	r1, #115	; 0x73
 54c:	63742f65 	cmnvs	r4, #404	; 0x194
 550:	6d2d6777 	stcvs	7, cr6, [sp, #-476]!	; 0xfffffe24
 554:	2d656b61 	fstmdbxcs	r5!, {d22-d69}	;@ Deprecated
 558:	656c6572 	strbvs	r6, [ip, #-1394]!	; 0xfffffa8e
 55c:	5f657361 	svcpl	0x00657361
 560:	6e732f31 	mrcvs	15, 3, r2, cr3, cr1, {1}
 564:	68737061 	ldmdavs	r3!, {r0, r5, r6, ip, sp, lr}^
 568:	2f73746f 	svccs	0x0073746f
 56c:	2e636367 	cdpcs	3, 6, cr6, cr3, cr7, {3}
 570:	7e746967 	vsubvc.f16	s13, s8, s15	; <UNPREDICTABLE>
 574:	616e696c 	cmnvs	lr, ip, ror #18
 578:	372d6f72 			; <UNDEFINED> instruction: 0x372d6f72
 57c:	322d352e 	eorcc	r3, sp, #192937984	; 0xb800000
 580:	2e393130 	mrccs	1, 1, r3, cr9, cr0, {1}
 584:	6c2f3231 	sfmvs	f3, 4, [pc], #-196	; 4c8 <shift+0x4c8>
 588:	63676269 	cmnvs	r7, #-1879048186	; 0x90000006
 58c:	2e2e2f63 	cdpcs	15, 2, cr2, cr14, cr3, {3}
 590:	6363672f 	cmnvs	r3, #12320768	; 0xbc0000
 594:	6e6f632f 	cdpvs	3, 6, cr6, cr15, cr15, {1}
 598:	2f676966 	svccs	0x00676966
 59c:	006d7261 	rsbeq	r7, sp, r1, ror #4
 5a0:	2e2f2e2e 	cdpcs	14, 2, cr2, cr15, cr14, {1}
 5a4:	2f2e2f2e 	svccs	0x002e2f2e
 5a8:	00636367 	rsbeq	r6, r3, r7, ror #6
 5ac:	62696c00 	rsbvs	r6, r9, #0, 24
 5b0:	32636367 	rsbcc	r6, r3, #-1677721599	; 0x9c000001
 5b4:	0100632e 	tsteq	r0, lr, lsr #6
 5b8:	74730000 	ldrbtvc	r0, [r3], #-0
 5bc:	66656464 	strbtvs	r6, [r5], -r4, ror #8
 5c0:	0200682e 	andeq	r6, r0, #3014656	; 0x2e0000
 5c4:	79740000 	ldmdbvc	r4!, {}^	; <UNPREDICTABLE>
 5c8:	2e736570 	mrccs	5, 3, r6, cr3, cr0, {3}
 5cc:	00030068 	andeq	r0, r3, r8, rrx
 5d0:	62696c00 	rsbvs	r6, r9, #0, 24
 5d4:	682e6f69 	stmdavs	lr!, {r0, r3, r5, r6, r8, r9, sl, fp, sp, lr}
 5d8:	00000400 	andeq	r0, r0, r0, lsl #8
 5dc:	69647473 	stmdbvs	r4!, {r0, r1, r4, r5, r6, sl, ip, sp, lr}^
 5e0:	00682e6f 	rsbeq	r2, r8, pc, ror #28
 5e4:	73000004 	movwvc	r0, #4
 5e8:	655f7379 	ldrbvs	r7, [pc, #-889]	; 277 <shift+0x277>
 5ec:	696c7272 	stmdbvs	ip!, {r1, r4, r5, r6, r9, ip, sp, lr}^
 5f0:	682e7473 	stmdavs	lr!, {r0, r1, r4, r5, r6, sl, ip, sp, lr}
 5f4:	00000300 	andeq	r0, r0, r0, lsl #6
 5f8:	6e727265 	cdpvs	2, 7, cr7, cr2, cr5, {3}
 5fc:	00682e6f 	rsbeq	r2, r8, pc, ror #28
 600:	75000004 	strvc	r0, [r0, #-4]
 604:	7473696e 	ldrbtvc	r6, [r3], #-2414	; 0xfffff692
 608:	00682e64 	rsbeq	r2, r8, r4, ror #28
 60c:	67000004 	strvs	r0, [r0, -r4]
 610:	706f7465 	rsbvc	r7, pc, r5, ror #8
 614:	00682e74 	rsbeq	r2, r8, r4, ror lr
 618:	74000005 	strvc	r0, [r0], #-5
 61c:	2e656d69 	cdpcs	13, 6, cr6, cr5, cr9, {3}
 620:	00040068 	andeq	r0, r4, r8, rrx
 624:	73616800 	cmnvc	r1, #0, 16
 628:	62617468 	rsbvs	r7, r1, #104, 8	; 0x68000000
 62c:	0500682e 	streq	r6, [r0, #-2094]	; 0xfffff7d2
 630:	72610000 	rsbvc	r0, r1, #0
 634:	73692d6d 	cmnvc	r9, #6976	; 0x1b40
 638:	00682e61 	rsbeq	r2, r8, r1, ror #28
 63c:	61000006 	tstvs	r0, r6
 640:	632d6d72 			; <UNDEFINED> instruction: 0x632d6d72
 644:	682e7570 	stmdavs	lr!, {r4, r5, r6, r8, sl, ip, sp, lr}
 648:	00000600 	andeq	r0, r0, r0, lsl #12
 64c:	6e736e69 	cdpvs	14, 7, cr6, cr3, cr9, {3}
 650:	6e6f632d 	cdpvs	3, 6, cr6, cr15, cr13, {1}
 654:	6e617473 	mcrvs	4, 3, r7, cr1, cr3, {3}
 658:	682e7374 	stmdavs	lr!, {r2, r4, r5, r6, r8, r9, ip, sp, lr}
 65c:	00000700 	andeq	r0, r0, r0, lsl #14
 660:	2e6d7261 	cdpcs	2, 6, cr7, cr13, cr1, {3}
 664:	00060068 	andeq	r0, r6, r8, rrx
 668:	62696c00 	rsbvs	r6, r9, #0, 24
 66c:	32636367 	rsbcc	r6, r3, #-1677721599	; 0x9c000001
 670:	0100682e 	tsteq	r0, lr, lsr #16
 674:	00000000 	andeq	r0, r0, r0
 678:	36140205 	ldrcc	r0, [r4], -r5, lsl #4
 67c:	b3038780 	movwlt	r8, #14208	; 0x3780
 680:	0c030107 	stfeqs	f0, [r3], {7}
 684:	20740301 	rsbscs	r0, r4, r1, lsl #6
 688:	032e0c03 			; <UNDEFINED> instruction: 0x032e0c03
 68c:	2d212e74 	stccs	14, cr2, [r1, #-464]!	; 0xfffffe30
 690:	2e0b033d 	mcrcs	3, 0, r0, cr11, cr13, {1}
 694:	2f4c4b3e 	svccs	0x004c4b3e
 698:	3c6803dd 	stclcc	3, cr0, [r8], #-884	; 0xfffffc8c
 69c:	233c1803 	teqcs	ip, #196608	; 0x30000
 6a0:	2f65211f 	svccs	0x0065211f
 6a4:	94603e23 	strbtls	r3, [r0], #-3619	; 0xfffff1dd
 6a8:	33304d29 	teqcc	r0, #2624	; 0xa40
 6ac:	2f492181 	svccs	0x00492181
 6b0:	3d240821 	stccc	8, cr0, [r4, #-132]!	; 0xffffff7c
 6b4:	2e550330 	mrccs	3, 2, r0, cr5, cr0, {1}
 6b8:	2f2d2f49 	svccs	0x002d2f49
 6bc:	01000302 	tsteq	r0, r2, lsl #6
 6c0:	地址 0x00000000000006c0 越界。


Disassembly of section .debug_info:

00000000 <.debug_info>:
       0:	00000147 	andeq	r0, r0, r7, asr #2
       4:	00000002 	andeq	r0, r0, r2
       8:	01040000 	mrseq	r0, (UNDEF: 4)
       c:	00000000 	andeq	r0, r0, r0
      10:	878032c0 	strhi	r3, [r0, r0, asr #5]
      14:	87803536 			; <UNDEFINED> instruction: 0x87803536
      18:	6d6f682f 	stclvs	8, cr6, [pc, #-188]!	; ffffff64 <__bss_end+0x787f70e4>
      1c:	63742f65 	cmnvs	r4, #404	; 0x194
      20:	622d6777 	eorvs	r6, sp, #31195136	; 0x1dc0000
      24:	646c6975 	strbtvs	r6, [ip], #-2421	; 0xfffff68b
      28:	76616c73 			; <UNDEFINED> instruction: 0x76616c73
      2c:	6f772f65 	svcvs	0x00772f65
      30:	70736b72 	rsbsvc	r6, r3, r2, ror fp
      34:	2f656361 	svccs	0x00656361
      38:	67776374 			; <UNDEFINED> instruction: 0x67776374
      3c:	6b616d2d 	blvs	185b4f8 <shift+0x185b4f8>
      40:	65722d65 	ldrbvs	r2, [r2, #-3429]!	; 0xfffff29b
      44:	7361656c 	cmnvc	r1, #108, 10	; 0x1b000000
      48:	2f315f65 	svccs	0x00315f65
      4c:	70616e73 	rsbvc	r6, r1, r3, ror lr
      50:	746f6873 	strbtvc	r6, [pc], #-2163	; 58 <shift+0x58>
      54:	63672f73 	cmnvs	r7, #460	; 0x1cc
      58:	69672e63 	stmdbvs	r7!, {r0, r1, r5, r6, r9, sl, fp, sp}^
      5c:	696c7e74 	stmdbvs	ip!, {r2, r4, r5, r6, r9, sl, fp, ip, sp, lr}^
      60:	6f72616e 	svcvs	0x0072616e
      64:	352e372d 	strcc	r3, [lr, #-1837]!	; 0xfffff8d3
      68:	3130322d 	teqcc	r0, sp, lsr #4
      6c:	32312e39 	eorscc	r2, r1, #912	; 0x390
      70:	62696c2f 	rsbvs	r6, r9, #12032	; 0x2f00
      74:	2f636367 	svccs	0x00636367
      78:	666e6f63 	strbtvs	r6, [lr], -r3, ror #30
      7c:	612f6769 			; <UNDEFINED> instruction: 0x612f6769
      80:	6c2f6d72 	stcvs	13, cr6, [pc], #-456	; fffffec0 <__bss_end+0x787f7040>
      84:	66316269 	ldrtvs	r6, [r1], -r9, ror #4
      88:	73636e75 	cmnvc	r3, #1872	; 0x750
      8c:	2f00532e 	svccs	0x0000532e
      90:	656d6f68 	strbvs	r6, [sp, #-3944]!	; 0xfffff098
      94:	7763742f 	strbvc	r7, [r3, -pc, lsr #8]!
      98:	75622d67 	strbvc	r2, [r2, #-3431]!	; 0xfffff299
      9c:	73646c69 	cmnvc	r4, #26880	; 0x6900
      a0:	6576616c 	ldrbvs	r6, [r6, #-364]!	; 0xfffffe94
      a4:	726f772f 	rsbvc	r7, pc, #12320768	; 0xbc0000
      a8:	6170736b 	cmnvs	r0, fp, ror #6
      ac:	742f6563 	strtvc	r6, [pc], #-1379	; b4 <shift+0xb4>
      b0:	2d677763 	stclcs	7, cr7, [r7, #-396]!	; 0xfffffe74
      b4:	656b616d 	strbvs	r6, [fp, #-365]!	; 0xfffffe93
      b8:	6c65722d 	sfmvs	f7, 2, [r5], #-180	; 0xffffff4c
      bc:	65736165 	ldrbvs	r6, [r3, #-357]!	; 0xfffffe9b
      c0:	5f2f315f 	svcpl	0x002f315f
      c4:	6c697562 	cfstr64vs	mvdx7, [r9], #-392	; 0xfffffe78
      c8:	75622f64 	strbvc	r2, [r2, #-3940]!	; 0xfffff09c
      cc:	73646c69 	cmnvc	r4, #26880	; 0x6900
      d0:	3638782f 	ldrtcc	r7, [r8], -pc, lsr #16
      d4:	2d34365f 	ldccs	6, cr3, [r4, #-380]!	; 0xfffffe84
      d8:	6e6b6e75 	mcrvs	14, 3, r6, cr11, cr5, {3}
      dc:	2d6e776f 	stclcs	7, cr7, [lr, #-444]!	; 0xfffffe44
      e0:	756e696c 	strbvc	r6, [lr, #-2412]!	; 0xfffff694
      e4:	6e672d78 	mcrvs	13, 3, r2, cr7, cr8, {3}
      e8:	72612f75 	rsbvc	r2, r1, #468	; 0x1d4
      ec:	696c2d6d 	stmdbvs	ip!, {r0, r2, r3, r5, r6, r8, sl, fp, sp}^
      f0:	2d78756e 	cfldr64cs	mvdx7, [r8, #-440]!	; 0xfffffe48
      f4:	65756e67 	ldrbvs	r6, [r5, #-3687]!	; 0xfffff199
      f8:	68696261 	stmdavs	r9!, {r0, r5, r6, r9, sp, lr}^
      fc:	63672f66 	cmnvs	r7, #408	; 0x198
     100:	69672e63 	stmdbvs	r7!, {r0, r1, r5, r6, r9, sl, fp, sp}^
     104:	696c7e74 	stmdbvs	ip!, {r2, r4, r5, r6, r9, sl, fp, ip, sp, lr}^
     108:	6f72616e 	svcvs	0x0072616e
     10c:	352e372d 	strcc	r3, [lr, #-1837]!	; 0xfffff8d3
     110:	3130322d 	teqcc	r0, sp, lsr #4
     114:	32312e39 	eorscc	r2, r1, #912	; 0x390
     118:	6174732d 	cmnvs	r4, sp, lsr #6
     11c:	2f326567 	svccs	0x00326567
     120:	2d6d7261 	sfmcs	f7, 2, [sp, #-388]!	; 0xfffffe7c
     124:	756e696c 	strbvc	r6, [lr, #-2412]!	; 0xfffff694
     128:	6e672d78 	mcrvs	13, 3, r2, cr7, cr8, {3}
     12c:	62616575 	rsbvs	r6, r1, #490733568	; 0x1d400000
     130:	2f666869 	svccs	0x00666869
     134:	6762696c 	strbvs	r6, [r2, -ip, ror #18]!
     138:	47006363 	strmi	r6, [r0, -r3, ror #6]
     13c:	4120554e 			; <UNDEFINED> instruction: 0x4120554e
     140:	2e322053 	mrccs	0, 1, r2, cr2, cr3, {2}
     144:	322e3832 	eorcc	r3, lr, #3276800	; 0x320000
     148:	43800100 	orrmi	r0, r0, #0, 2
     14c:	02000001 	andeq	r0, r0, #1
     150:	00001400 	andeq	r1, r0, r0, lsl #8
     154:	c6010400 	strgt	r0, [r1], -r0, lsl #8
     158:	38000000 	stmdacc	r0, {}	; <UNPREDICTABLE>
     15c:	d8878035 	stmle	r7, {r0, r2, r4, r5, pc}
     160:	2f878035 	svccs	0x00878035
     164:	656d6f68 	strbvs	r6, [sp, #-3944]!	; 0xfffff098
     168:	7763742f 	strbvc	r7, [r3, -pc, lsr #8]!
     16c:	75622d67 	strbvc	r2, [r2, #-3431]!	; 0xfffff299
     170:	73646c69 	cmnvc	r4, #26880	; 0x6900
     174:	6576616c 	ldrbvs	r6, [r6, #-364]!	; 0xfffffe94
     178:	726f772f 	rsbvc	r7, pc, #12320768	; 0xbc0000
     17c:	6170736b 	cmnvs	r0, fp, ror #6
     180:	742f6563 	strtvc	r6, [pc], #-1379	; 188 <shift+0x188>
     184:	2d677763 	stclcs	7, cr7, [r7, #-396]!	; 0xfffffe74
     188:	656b616d 	strbvs	r6, [fp, #-365]!	; 0xfffffe93
     18c:	6c65722d 	sfmvs	f7, 2, [r5], #-180	; 0xffffff4c
     190:	65736165 	ldrbvs	r6, [r3, #-357]!	; 0xfffffe9b
     194:	732f315f 			; <UNDEFINED> instruction: 0x732f315f
     198:	7370616e 	cmnvc	r0, #-2147483621	; 0x8000001b
     19c:	73746f68 	cmnvc	r4, #104, 30	; 0x1a0
     1a0:	6363672f 	cmnvs	r3, #12320768	; 0xbc0000
     1a4:	7469672e 	strbtvc	r6, [r9], #-1838	; 0xfffff8d2
     1a8:	6e696c7e 	mcrvs	12, 3, r6, cr9, cr14, {3}
     1ac:	2d6f7261 	sfmcs	f7, 2, [pc, #-388]!	; 30 <shift+0x30>
     1b0:	2d352e37 	ldccs	14, cr2, [r5, #-220]!	; 0xffffff24
     1b4:	39313032 	ldmdbcc	r1!, {r1, r4, r5, ip, sp}
     1b8:	2f32312e 	svccs	0x0032312e
     1bc:	6762696c 	strbvs	r6, [r2, -ip, ror #18]!
     1c0:	632f6363 			; <UNDEFINED> instruction: 0x632f6363
     1c4:	69666e6f 	stmdbvs	r6!, {r0, r1, r2, r3, r5, r6, r9, sl, fp, sp, lr}^
     1c8:	72612f67 	rsbvc	r2, r1, #412	; 0x19c
     1cc:	70622f6d 	rsbvc	r2, r2, sp, ror #30
     1d0:	2e696261 	cdpcs	2, 6, cr6, cr9, cr1, {3}
     1d4:	682f0053 	stmdavs	pc!, {r0, r1, r4, r6}	; <UNPREDICTABLE>
     1d8:	2f656d6f 	svccs	0x00656d6f
     1dc:	67776374 			; <UNDEFINED> instruction: 0x67776374
     1e0:	6975622d 	ldmdbvs	r5!, {r0, r2, r3, r5, r9, sp, lr}^
     1e4:	6c73646c 	cfldrdvs	mvd6, [r3], #-432	; 0xfffffe50
     1e8:	2f657661 	svccs	0x00657661
     1ec:	6b726f77 	blvs	1c9bfd0 <shift+0x1c9bfd0>
     1f0:	63617073 	cmnvs	r1, #115	; 0x73
     1f4:	63742f65 	cmnvs	r4, #404	; 0x194
     1f8:	6d2d6777 	stcvs	7, cr6, [sp, #-476]!	; 0xfffffe24
     1fc:	2d656b61 	fstmdbxcs	r5!, {d22-d69}	;@ Deprecated
     200:	656c6572 	strbvs	r6, [ip, #-1394]!	; 0xfffffa8e
     204:	5f657361 	svcpl	0x00657361
     208:	625f2f31 	subsvs	r2, pc, #49, 30	; 0xc4
     20c:	646c6975 	strbtvs	r6, [ip], #-2421	; 0xfffff68b
     210:	6975622f 	ldmdbvs	r5!, {r0, r1, r2, r3, r5, r9, sp, lr}^
     214:	2f73646c 	svccs	0x0073646c
     218:	5f363878 	svcpl	0x00363878
     21c:	752d3436 	strvc	r3, [sp, #-1078]!	; 0xfffffbca
     220:	6f6e6b6e 	svcvs	0x006e6b6e
     224:	6c2d6e77 	stcvs	14, cr6, [sp], #-476	; 0xfffffe24
     228:	78756e69 	ldmdavc	r5!, {r0, r3, r5, r6, r9, sl, fp, sp, lr}^
     22c:	756e672d 	strbvc	r6, [lr, #-1837]!	; 0xfffff8d3
     230:	6d72612f 	ldfvse	f6, [r2, #-188]!	; 0xffffff44
     234:	6e696c2d 	cdpvs	12, 6, cr6, cr9, cr13, {1}
     238:	672d7875 			; <UNDEFINED> instruction: 0x672d7875
     23c:	6165756e 	cmnvs	r5, lr, ror #10
     240:	66686962 	strbtvs	r6, [r8], -r2, ror #18
     244:	6363672f 	cmnvs	r3, #12320768	; 0xbc0000
     248:	7469672e 	strbtvc	r6, [r9], #-1838	; 0xfffff8d2
     24c:	6e696c7e 	mcrvs	12, 3, r6, cr9, cr14, {3}
     250:	2d6f7261 	sfmcs	f7, 2, [pc, #-388]!	; d4 <shift+0xd4>
     254:	2d352e37 	ldccs	14, cr2, [r5, #-220]!	; 0xffffff24
     258:	39313032 	ldmdbcc	r1!, {r1, r4, r5, ip, sp}
     25c:	2d32312e 	ldfcss	f3, [r2, #-184]!	; 0xffffff48
     260:	67617473 			; <UNDEFINED> instruction: 0x67617473
     264:	612f3265 			; <UNDEFINED> instruction: 0x612f3265
     268:	6c2d6d72 	stcvs	13, cr6, [sp], #-456	; 0xfffffe38
     26c:	78756e69 	ldmdavc	r5!, {r0, r3, r5, r6, r9, sl, fp, sp, lr}^
     270:	756e672d 	strbvc	r6, [lr, #-1837]!	; 0xfffff8d3
     274:	69626165 	stmdbvs	r2!, {r0, r2, r5, r6, r8, sp, lr}^
     278:	6c2f6668 	stcvs	6, cr6, [pc], #-416	; e0 <shift+0xe0>
     27c:	63676269 	cmnvs	r7, #-1879048186	; 0x90000006
     280:	4e470063 	cdpmi	0, 4, cr0, cr7, cr3, {3}
     284:	53412055 	movtpl	r2, #4181	; 0x1055
     288:	322e3220 	eorcc	r3, lr, #32, 4
     28c:	00322e38 	eorseq	r2, r2, r8, lsr lr
     290:	01438001 	cmpeq	r3, r1
     294:	00020000 	andeq	r0, r2, r0
     298:	00000028 	andeq	r0, r0, r8, lsr #32
     29c:	018b0104 	orreq	r0, fp, r4, lsl #2
     2a0:	35d80000 	ldrbcc	r0, [r8]
     2a4:	36088780 	strcc	r8, [r8], -r0, lsl #15
     2a8:	682f8780 	stmdavs	pc!, {r7, r8, r9, sl, pc}	; <UNPREDICTABLE>
     2ac:	2f656d6f 	svccs	0x00656d6f
     2b0:	67776374 			; <UNDEFINED> instruction: 0x67776374
     2b4:	6975622d 	ldmdbvs	r5!, {r0, r2, r3, r5, r9, sp, lr}^
     2b8:	6c73646c 	cfldrdvs	mvd6, [r3], #-432	; 0xfffffe50
     2bc:	2f657661 	svccs	0x00657661
     2c0:	6b726f77 	blvs	1c9c0a4 <shift+0x1c9c0a4>
     2c4:	63617073 	cmnvs	r1, #115	; 0x73
     2c8:	63742f65 	cmnvs	r4, #404	; 0x194
     2cc:	6d2d6777 	stcvs	7, cr6, [sp, #-476]!	; 0xfffffe24
     2d0:	2d656b61 	fstmdbxcs	r5!, {d22-d69}	;@ Deprecated
     2d4:	656c6572 	strbvs	r6, [ip, #-1394]!	; 0xfffffa8e
     2d8:	5f657361 	svcpl	0x00657361
     2dc:	6e732f31 	mrcvs	15, 3, r2, cr3, cr1, {1}
     2e0:	68737061 	ldmdavs	r3!, {r0, r5, r6, ip, sp, lr}^
     2e4:	2f73746f 	svccs	0x0073746f
     2e8:	2e636367 	cdpcs	3, 6, cr6, cr3, cr7, {3}
     2ec:	7e746967 	vsubvc.f16	s13, s8, s15	; <UNPREDICTABLE>
     2f0:	616e696c 	cmnvs	lr, ip, ror #18
     2f4:	372d6f72 			; <UNDEFINED> instruction: 0x372d6f72
     2f8:	322d352e 	eorcc	r3, sp, #192937984	; 0xb800000
     2fc:	2e393130 	mrccs	1, 1, r3, cr9, cr0, {1}
     300:	6c2f3231 	sfmvs	f3, 4, [pc], #-196	; 244 <shift+0x244>
     304:	63676269 	cmnvs	r7, #-1879048186	; 0x90000006
     308:	6f632f63 	svcvs	0x00632f63
     30c:	6769666e 	strbvs	r6, [r9, -lr, ror #12]!
     310:	6d72612f 	ldfvse	f6, [r2, #-188]!	; 0xffffff44
     314:	6170622f 	cmnvs	r0, pc, lsr #4
     318:	532e6962 			; <UNDEFINED> instruction: 0x532e6962
     31c:	6f682f00 	svcvs	0x00682f00
     320:	742f656d 	strtvc	r6, [pc], #-1389	; 328 <shift+0x328>
     324:	2d677763 	stclcs	7, cr7, [r7, #-396]!	; 0xfffffe74
     328:	6c697562 	cfstr64vs	mvdx7, [r9], #-392	; 0xfffffe78
     32c:	616c7364 	cmnvs	ip, r4, ror #6
     330:	772f6576 			; <UNDEFINED> instruction: 0x772f6576
     334:	736b726f 	cmnvc	fp, #-268435450	; 0xf0000006
     338:	65636170 	strbvs	r6, [r3, #-368]!	; 0xfffffe90
     33c:	7763742f 	strbvc	r7, [r3, -pc, lsr #8]!
     340:	616d2d67 	cmnvs	sp, r7, ror #26
     344:	722d656b 	eorvc	r6, sp, #448790528	; 0x1ac00000
     348:	61656c65 	cmnvs	r5, r5, ror #24
     34c:	315f6573 	cmpcc	pc, r3, ror r5	; <UNPREDICTABLE>
     350:	75625f2f 	strbvc	r5, [r2, #-3887]!	; 0xfffff0d1
     354:	2f646c69 	svccs	0x00646c69
     358:	6c697562 	cfstr64vs	mvdx7, [r9], #-392	; 0xfffffe78
     35c:	782f7364 	stmdavc	pc!, {r2, r5, r6, r8, r9, ip, sp, lr}	; <UNPREDICTABLE>
     360:	365f3638 			; <UNDEFINED> instruction: 0x365f3638
     364:	6e752d34 	mrcvs	13, 3, r2, cr5, cr4, {1}
     368:	776f6e6b 	strbvc	r6, [pc, -fp, ror #28]!
     36c:	696c2d6e 	stmdbvs	ip!, {r1, r2, r3, r5, r6, r8, sl, fp, sp}^
     370:	2d78756e 	cfldr64cs	mvdx7, [r8, #-440]!	; 0xfffffe48
     374:	2f756e67 	svccs	0x00756e67
     378:	2d6d7261 	sfmcs	f7, 2, [sp, #-388]!	; 0xfffffe7c
     37c:	756e696c 	strbvc	r6, [lr, #-2412]!	; 0xfffff694
     380:	6e672d78 	mcrvs	13, 3, r2, cr7, cr8, {3}
     384:	62616575 	rsbvs	r6, r1, #490733568	; 0x1d400000
     388:	2f666869 	svccs	0x00666869
     38c:	2e636367 	cdpcs	3, 6, cr6, cr3, cr7, {3}
     390:	7e746967 	vsubvc.f16	s13, s8, s15	; <UNPREDICTABLE>
     394:	616e696c 	cmnvs	lr, ip, ror #18
     398:	372d6f72 			; <UNDEFINED> instruction: 0x372d6f72
     39c:	322d352e 	eorcc	r3, sp, #192937984	; 0xb800000
     3a0:	2e393130 	mrccs	1, 1, r3, cr9, cr0, {1}
     3a4:	732d3231 			; <UNDEFINED> instruction: 0x732d3231
     3a8:	65676174 	strbvs	r6, [r7, #-372]!	; 0xfffffe8c
     3ac:	72612f32 	rsbvc	r2, r1, #50, 30	; 0xc8
     3b0:	696c2d6d 	stmdbvs	ip!, {r0, r2, r3, r5, r6, r8, sl, fp, sp}^
     3b4:	2d78756e 	cfldr64cs	mvdx7, [r8, #-440]!	; 0xfffffe48
     3b8:	65756e67 	ldrbvs	r6, [r5, #-3687]!	; 0xfffff199
     3bc:	68696261 	stmdavs	r9!, {r0, r5, r6, r9, sp, lr}^
     3c0:	696c2f66 	stmdbvs	ip!, {r1, r2, r5, r6, r8, r9, sl, fp, sp}^
     3c4:	63636762 	cmnvs	r3, #25690112	; 0x1880000
     3c8:	554e4700 	strbpl	r4, [lr, #-1792]	; 0xfffff900
     3cc:	20534120 	subscs	r4, r3, r0, lsr #2
     3d0:	38322e32 	ldmdacc	r2!, {r1, r4, r5, r9, sl, fp, sp}
     3d4:	0100322e 	tsteq	r0, lr, lsr #4
     3d8:	00014780 	andeq	r4, r1, r0, lsl #15
     3dc:	3c000200 	sfmcc	f0, 4, [r0], {-0}
     3e0:	04000000 	streq	r0, [r0], #-0
     3e4:	00023201 	andeq	r3, r2, r1, lsl #4
     3e8:	80360800 	eorshi	r0, r6, r0, lsl #16
     3ec:	80361487 	eorshi	r1, r6, r7, lsl #9
     3f0:	6f682f87 	svcvs	0x00682f87
     3f4:	742f656d 	strtvc	r6, [pc], #-1389	; 3fc <shift+0x3fc>
     3f8:	2d677763 	stclcs	7, cr7, [r7, #-396]!	; 0xfffffe74
     3fc:	6c697562 	cfstr64vs	mvdx7, [r9], #-392	; 0xfffffe78
     400:	616c7364 	cmnvs	ip, r4, ror #6
     404:	772f6576 			; <UNDEFINED> instruction: 0x772f6576
     408:	736b726f 	cmnvc	fp, #-268435450	; 0xf0000006
     40c:	65636170 	strbvs	r6, [r3, #-368]!	; 0xfffffe90
     410:	7763742f 	strbvc	r7, [r3, -pc, lsr #8]!
     414:	616d2d67 	cmnvs	sp, r7, ror #26
     418:	722d656b 	eorvc	r6, sp, #448790528	; 0x1ac00000
     41c:	61656c65 	cmnvs	r5, r5, ror #24
     420:	315f6573 	cmpcc	pc, r3, ror r5	; <UNPREDICTABLE>
     424:	616e732f 	cmnvs	lr, pc, lsr #6
     428:	6f687370 	svcvs	0x00687370
     42c:	672f7374 			; <UNDEFINED> instruction: 0x672f7374
     430:	672e6363 	strvs	r6, [lr, -r3, ror #6]!
     434:	6c7e7469 	cfldrdvs	mvd7, [lr], #-420	; 0xfffffe5c
     438:	72616e69 	rsbvc	r6, r1, #1680	; 0x690
     43c:	2e372d6f 	cdpcs	13, 3, cr2, cr7, cr15, {3}
     440:	30322d35 	eorscc	r2, r2, r5, lsr sp
     444:	312e3931 			; <UNDEFINED> instruction: 0x312e3931
     448:	696c2f32 	stmdbvs	ip!, {r1, r4, r5, r8, r9, sl, fp, sp}^
     44c:	63636762 	cmnvs	r3, #25690112	; 0x1880000
     450:	6e6f632f 	cdpvs	3, 6, cr6, cr15, cr15, {1}
     454:	2f676966 	svccs	0x00676966
     458:	2f6d7261 	svccs	0x006d7261
     45c:	3162696c 	cmncc	r2, ip, ror #18
     460:	636e7566 	cmnvs	lr, #427819008	; 0x19800000
     464:	00532e73 	subseq	r2, r3, r3, ror lr
     468:	6d6f682f 	stclvs	8, cr6, [pc, #-188]!	; 3b4 <shift+0x3b4>
     46c:	63742f65 	cmnvs	r4, #404	; 0x194
     470:	622d6777 	eorvs	r6, sp, #31195136	; 0x1dc0000
     474:	646c6975 	strbtvs	r6, [ip], #-2421	; 0xfffff68b
     478:	76616c73 			; <UNDEFINED> instruction: 0x76616c73
     47c:	6f772f65 	svcvs	0x00772f65
     480:	70736b72 	rsbsvc	r6, r3, r2, ror fp
     484:	2f656361 	svccs	0x00656361
     488:	67776374 			; <UNDEFINED> instruction: 0x67776374
     48c:	6b616d2d 	blvs	185b948 <shift+0x185b948>
     490:	65722d65 	ldrbvs	r2, [r2, #-3429]!	; 0xfffff29b
     494:	7361656c 	cmnvc	r1, #108, 10	; 0x1b000000
     498:	2f315f65 	svccs	0x00315f65
     49c:	6975625f 	ldmdbvs	r5!, {r0, r1, r2, r3, r4, r6, r9, sp, lr}^
     4a0:	622f646c 	eorvs	r6, pc, #108, 8	; 0x6c000000
     4a4:	646c6975 	strbtvs	r6, [ip], #-2421	; 0xfffff68b
     4a8:	38782f73 	ldmdacc	r8!, {r0, r1, r4, r5, r6, r8, r9, sl, fp, sp}^
     4ac:	34365f36 	ldrtcc	r5, [r6], #-3894	; 0xfffff0ca
     4b0:	6b6e752d 	blvs	1b9d96c <shift+0x1b9d96c>
     4b4:	6e776f6e 	cdpvs	15, 7, cr6, cr7, cr14, {3}
     4b8:	6e696c2d 	cdpvs	12, 6, cr6, cr9, cr13, {1}
     4bc:	672d7875 			; <UNDEFINED> instruction: 0x672d7875
     4c0:	612f756e 			; <UNDEFINED> instruction: 0x612f756e
     4c4:	6c2d6d72 	stcvs	13, cr6, [sp], #-456	; 0xfffffe38
     4c8:	78756e69 	ldmdavc	r5!, {r0, r3, r5, r6, r9, sl, fp, sp, lr}^
     4cc:	756e672d 	strbvc	r6, [lr, #-1837]!	; 0xfffff8d3
     4d0:	69626165 	stmdbvs	r2!, {r0, r2, r5, r6, r8, sp, lr}^
     4d4:	672f6668 	strvs	r6, [pc, -r8, ror #12]!
     4d8:	672e6363 	strvs	r6, [lr, -r3, ror #6]!
     4dc:	6c7e7469 	cfldrdvs	mvd7, [lr], #-420	; 0xfffffe5c
     4e0:	72616e69 	rsbvc	r6, r1, #1680	; 0x690
     4e4:	2e372d6f 	cdpcs	13, 3, cr2, cr7, cr15, {3}
     4e8:	30322d35 	eorscc	r2, r2, r5, lsr sp
     4ec:	312e3931 			; <UNDEFINED> instruction: 0x312e3931
     4f0:	74732d32 	ldrbtvc	r2, [r3], #-3378	; 0xfffff2ce
     4f4:	32656761 	rsbcc	r6, r5, #25427968	; 0x1840000
     4f8:	6d72612f 	ldfvse	f6, [r2, #-188]!	; 0xffffff44
     4fc:	6e696c2d 	cdpvs	12, 6, cr6, cr9, cr13, {1}
     500:	672d7875 			; <UNDEFINED> instruction: 0x672d7875
     504:	6165756e 	cmnvs	r5, lr, ror #10
     508:	66686962 	strbtvs	r6, [r8], -r2, ror #18
     50c:	62696c2f 	rsbvs	r6, r9, #12032	; 0x2f00
     510:	00636367 	rsbeq	r6, r3, r7, ror #6
     514:	20554e47 	subscs	r4, r5, r7, asr #28
     518:	32205341 	eorcc	r5, r0, #67108865	; 0x4000001
     51c:	2e38322e 	cdpcs	2, 3, cr3, cr8, cr14, {1}
     520:	80010032 	andhi	r0, r1, r2, lsr r0
     524:	00000d82 	andeq	r0, r0, r2, lsl #27
     528:	00500004 	subseq	r0, r0, r4
     52c:	01040000 	mrseq	r0, (UNDEF: 4)
     530:	000007a5 	andeq	r0, r0, r5, lsr #15
     534:	00139d0c 	andseq	r9, r3, ip, lsl #26
     538:	00018800 	andeq	r8, r1, r0, lsl #16
     53c:	80361400 	eorshi	r1, r6, r0, lsl #8
     540:	00011687 	andeq	r1, r1, r7, lsl #13
     544:	0002de00 	andeq	sp, r2, r0, lsl #28
     548:	07080200 	streq	r0, [r8, -r0, lsl #4]
     54c:	0000055e 	andeq	r0, r0, lr, asr r5
     550:	69050403 	stmdbvs	r5, {r0, r1, sl}
     554:	0400746e 	streq	r7, [r0], #-1134	; 0xfffffb92
     558:	00000759 	andeq	r0, r0, r9, asr r7
     55c:	003ed802 	eorseq	sp, lr, r2, lsl #16
     560:	04020000 	streq	r0, [r2], #-0
     564:	00056807 	andeq	r6, r5, r7, lsl #16
     568:	05080200 	streq	r0, [r8, #-512]	; 0xfffffe00
     56c:	00000c3b 	andeq	r0, r0, fp, lsr ip
     570:	00040802 	andeq	r0, r4, r2, lsl #16
     574:	0500000f 	streq	r0, [r0, #-15]
     578:	08010204 	stmdaeq	r1, {r2, r9}
     57c:	0000137c 	andeq	r1, r0, ip, ror r3
     580:	38070202 	stmdacc	r7, {r1, r9}
     584:	02000015 	andeq	r0, r0, #21
     588:	05630704 	strbeq	r0, [r3, #-1796]!	; 0xfffff8fc
     58c:	01020000 	mrseq	r0, (UNDEF: 2)
     590:	00137e06 	andseq	r7, r3, r6, lsl #28
     594:	05020200 	streq	r0, [r2, #-512]	; 0xfffffe00
     598:	00000ffa 	strdeq	r0, [r0], -sl
     59c:	000db904 	andeq	fp, sp, r4, lsl #18
     5a0:	45370300 	ldrmi	r0, [r7, #-768]!	; 0xfffffd00
     5a4:	04000000 	streq	r0, [r0], #-0
     5a8:	00001513 	andeq	r1, r0, r3, lsl r5
     5ac:	008e8c03 	addeq	r8, lr, r3, lsl #24
     5b0:	04020000 	streq	r0, [r2], #-0
     5b4:	000c4005 	andeq	r4, ip, r5
     5b8:	165c0400 	ldrbne	r0, [ip], -r0, lsl #8
     5bc:	8d030000 	stchi	0, cr0, [r3, #-0]
     5c0:	00000078 	andeq	r0, r0, r8, ror r0
     5c4:	00a60406 	adceq	r0, r6, r6, lsl #8
     5c8:	01020000 	mrseq	r0, (UNDEF: 2)
     5cc:	00138508 	andseq	r8, r3, r8, lsl #10
     5d0:	00a60700 	adceq	r0, r6, r0, lsl #14
     5d4:	ac080000 	stcge	0, cr0, [r8], {-0}
     5d8:	98000005 	stmdals	r0, {r0, r2}
     5dc:	022ff104 	eoreq	pc, pc, #4, 2
     5e0:	9d090000 	stcls	0, cr0, [r9, #-0]
     5e4:	04000002 	streq	r0, [r0], #-2
     5e8:	00002cf2 	strdeq	r2, [r0], -r2	; <UNPREDICTABLE>
     5ec:	4e090000 	cdpmi	0, 0, cr0, cr9, cr0, {0}
     5f0:	0400000a 	streq	r0, [r0], #-10
     5f4:	0000a0f7 	strdeq	sl, [r0], -r7
     5f8:	d2090400 	andle	r0, r9, #0, 8
     5fc:	0400000f 	streq	r0, [r0], #-15
     600:	0000a0f8 	strdeq	sl, [r0], -r8
     604:	8b090800 	blhi	24260c <shift+0x24260c>
     608:	04000007 	streq	r0, [r0], #-7
     60c:	0000a0f9 	strdeq	sl, [r0], -r9
     610:	ed090c00 	stc	12, cr0, [r9, #-0]
     614:	0400000b 	streq	r0, [r0], #-11
     618:	0000a0fa 	strdeq	sl, [r0], -sl	; <UNPREDICTABLE>
     61c:	2d091000 	stccs	0, cr1, [r9, #-0]
     620:	04000014 	streq	r0, [r0], #-20	; 0xffffffec
     624:	0000a0fb 	strdeq	sl, [r0], -fp
     628:	66091400 	strvs	r1, [r9], -r0, lsl #8
     62c:	04000002 	streq	r0, [r0], #-2
     630:	0000a0fc 	strdeq	sl, [r0], -ip
     634:	6f091800 	svcvs	0x00091800
     638:	04000016 	streq	r0, [r0], #-22	; 0xffffffea
     63c:	0000a0fd 	strdeq	sl, [r0], -sp
     640:	d5091c00 	strle	r1, [r9, #-3072]	; 0xfffff400
     644:	04000000 	streq	r0, [r0], #-0
     648:	0000a0fe 	strdeq	sl, [r0], -lr
     64c:	9c0a2000 	stcls	0, cr2, [sl], {-0}
     650:	0400000f 	streq	r0, [r0], #-15
     654:	00a00100 	adceq	r0, r0, r0, lsl #2
     658:	0a240000 	beq	900660 <shift+0x900660>
     65c:	0000063b 	andeq	r0, r0, fp, lsr r6
     660:	a0010104 	andge	r0, r1, r4, lsl #2
     664:	28000000 	stmdacs	r0, {}	; <UNPREDICTABLE>
     668:	0004d70a 	andeq	sp, r4, sl, lsl #14
     66c:	01020400 	tsteq	r2, r0, lsl #8
     670:	000000a0 	andeq	r0, r0, r0, lsr #1
     674:	07720a2c 	ldrbeq	r0, [r2, -ip, lsr #20]!
     678:	04040000 	streq	r0, [r4], #-0
     67c:	00026701 	andeq	r6, r2, r1, lsl #14
     680:	f30a3000 	vhadd.u8	d3, d10, d0
     684:	04000015 	streq	r0, [r0], #-21	; 0xffffffeb
     688:	026d0106 	rsbeq	r0, sp, #-2147483647	; 0x80000001
     68c:	0a340000 	beq	d00694 <shift+0xd00694>
     690:	000006b8 			; <UNDEFINED> instruction: 0x000006b8
     694:	2c010804 	stccs	8, cr0, [r1], {4}
     698:	38000000 	stmdacc	r0, {}	; <UNPREDICTABLE>
     69c:	0002d50a 	andeq	sp, r2, sl, lsl #10
     6a0:	010c0400 	tsteq	ip, r0, lsl #8
     6a4:	0000002c 	andeq	r0, r0, ip, lsr #32
     6a8:	12d80a3c 	sbcsne	r0, r8, #60, 20	; 0x3c000
     6ac:	0e040000 	cdpeq	0, 0, cr0, cr4, cr0, {0}
     6b0:	00008301 	andeq	r8, r0, r1, lsl #6
     6b4:	990a4000 	stmdbls	sl, {lr}
     6b8:	04000007 	streq	r0, [r0], #-7
     6bc:	005c0112 	subseq	r0, ip, r2, lsl r1
     6c0:	0a440000 	beq	11006c8 <shift+0x11006c8>
     6c4:	00000e7f 	andeq	r0, r0, pc, ror lr
     6c8:	6a011304 	bvs	452e0 <shift+0x452e0>
     6cc:	46000000 	strmi	r0, [r0], -r0
     6d0:	0000490a 	andeq	r4, r0, sl, lsl #18
     6d4:	01140400 	tsteq	r4, r0, lsl #8
     6d8:	00000273 	andeq	r0, r0, r3, ror r2
     6dc:	129e0a47 	addsne	r0, lr, #290816	; 0x47000
     6e0:	18040000 	stmdane	r4, {}	; <UNPREDICTABLE>
     6e4:	00028301 	andeq	r8, r2, r1, lsl #6
     6e8:	dc0a4800 	stcle	8, cr4, [sl], {-0}
     6ec:	04000012 	streq	r0, [r0], #-18	; 0xffffffee
     6f0:	00950121 	addseq	r0, r5, r1, lsr #2
     6f4:	0a500000 	beq	14006fc <shift+0x14006fc>
     6f8:	000006c0 	andeq	r0, r0, r0, asr #13
     6fc:	53012904 	movwpl	r2, #6404	; 0x1904
     700:	58000000 	stmdapl	r0, {}	; <UNPREDICTABLE>
     704:	000dd80a 	andeq	sp, sp, sl, lsl #16
     708:	012a0400 			; <UNDEFINED> instruction: 0x012a0400
     70c:	00000053 	andeq	r0, r0, r3, asr r0
     710:	0ddf0a5c 	vldreq	s1, [pc, #368]	; 888 <shift+0x888>
     714:	2b040000 	blcs	10071c <shift+0x10071c>
     718:	00005301 	andeq	r5, r0, r1, lsl #6
     71c:	e60a6000 	str	r6, [sl], -r0
     720:	0400000d 	streq	r0, [r0], #-13
     724:	0053012c 	subseq	r0, r3, ip, lsr #2
     728:	0a640000 	beq	1900730 <shift+0x1900730>
     72c:	00000ded 	andeq	r0, r0, sp, ror #27
     730:	33012e04 	movwcc	r2, #7684	; 0x1e04
     734:	68000000 	stmdavs	r0, {}	; <UNPREDICTABLE>
     738:	000a080a 	andeq	r0, sl, sl, lsl #16
     73c:	012f0400 			; <UNDEFINED> instruction: 0x012f0400
     740:	0000002c 	andeq	r0, r0, ip, lsr #32
     744:	16660a6c 	strbtne	r0, [r6], -ip, ror #20
     748:	31040000 	mrscc	r0, (UNDEF: 4)
     74c:	00028901 	andeq	r8, r2, r1, lsl #18
     750:	0b007000 	bleq	1c758 <shift+0x1c758>
     754:	0000005a 	andeq	r0, r0, sl, asr r0
     758:	1a089604 	bne	225f70 <shift+0x225f70>
     75c:	0c000009 	stceq	0, cr0, [r0], {9}
     760:	02679c04 	rsbeq	r9, r7, #4, 24	; 0x400
     764:	f1090000 			; <UNDEFINED> instruction: 0xf1090000
     768:	04000008 	streq	r0, [r0], #-8
     76c:	0002679d 	muleq	r2, sp, r7
     770:	5b090000 	blpl	240778 <shift+0x240778>
     774:	04000013 	streq	r0, [r0], #-19	; 0xffffffed
     778:	00026d9e 	muleq	r2, lr, sp
     77c:	b1090400 	tstlt	r9, r0, lsl #8
     780:	04000004 	streq	r0, [r0], #-4
     784:	00002ca2 	andeq	r2, r0, r2, lsr #25
     788:	06000800 	streq	r0, [r0], -r0, lsl #16
     78c:	00023604 	andeq	r3, r2, r4, lsl #12
     790:	b2040600 	andlt	r0, r4, #0, 12
     794:	0c000000 	stceq	0, cr0, [r0], {-0}
     798:	000000a6 	andeq	r0, r0, r6, lsr #1
     79c:	00000283 	andeq	r0, r0, r3, lsl #5
     7a0:	00003e0d 	andeq	r3, r0, sp, lsl #28
     7a4:	06000000 	streq	r0, [r0], -r0
     7a8:	00022f04 	andeq	r2, r2, r4, lsl #30
     7ac:	00a60c00 	adceq	r0, r6, r0, lsl #24
     7b0:	02990000 	addseq	r0, r9, #0
     7b4:	3e0d0000 	cdpcc	0, 0, cr0, cr13, cr0, {0}
     7b8:	27000000 	strcs	r0, [r0, -r0]
     7bc:	118a0e00 	orrne	r0, sl, r0, lsl #28
     7c0:	780f0000 	stmdavc	pc, {}	; <UNPREDICTABLE>
     7c4:	04000004 	streq	r0, [r0], #-4
     7c8:	0299013b 	addseq	r0, r9, #-1073741810	; 0xc000000e
     7cc:	630f0000 	movwvs	r0, #61440	; 0xf000
     7d0:	0400000c 	streq	r0, [r0], #-12
     7d4:	0299013c 	addseq	r0, r9, #60, 2
     7d8:	e10f0000 	mrs	r0, CPSR
     7dc:	04000009 	streq	r0, [r0], #-9
     7e0:	0299013d 	addseq	r0, r9, #1073741839	; 0x4000000f
     7e4:	04060000 	streq	r0, [r6], #-0
     7e8:	000000ad 	andeq	r0, r0, sp, lsr #1
     7ec:	0002c207 	andeq	ip, r2, r7, lsl #4
     7f0:	08ba1000 	ldmeq	sl!, {ip}
     7f4:	ab050000 	blge	1407fc <shift+0x1407fc>
     7f8:	0000026d 	andeq	r0, r0, sp, ror #4
     7fc:	0004c310 	andeq	ip, r4, r0, lsl r3
     800:	6dac0500 	cfstr32vs	mvfx0, [ip]
     804:	10000002 	andne	r0, r0, r2
     808:	000000a8 	andeq	r0, r0, r8, lsr #1
     80c:	026dad05 	rsbeq	sl, sp, #320	; 0x140
     810:	2c100000 	ldccs	0, cr0, [r0], {-0}
     814:	06000003 	streq	r0, [r0], -r3
     818:	00002c1a 	andeq	r2, r0, sl, lsl ip
     81c:	02c80c00 	sbceq	r0, r8, #0, 24
     820:	03040000 	movweq	r0, #16384	; 0x4000
     824:	00110000 	andseq	r0, r1, r0
     828:	0002f907 	andeq	pc, r2, r7, lsl #18
     82c:	155d1000 	ldrbne	r1, [sp, #-0]
     830:	1b060000 	blne	180838 <shift+0x180838>
     834:	00000304 	andeq	r0, r0, r4, lsl #6
     838:	00032b10 	andeq	r2, r3, r0, lsl fp
     83c:	2c1e0600 	ldccs	6, cr0, [lr], {-0}
     840:	10000000 	andne	r0, r0, r0
     844:	0000155c 	andeq	r1, r0, ip, asr r5
     848:	03041f06 	movweq	r1, #20230	; 0x4f06
     84c:	8f100000 	svchi	0x00100000
     850:	07000006 	streq	r0, [r0, -r6]
     854:	0000a036 	andeq	sl, r0, r6, lsr r0
     858:	008a1000 	addeq	r1, sl, r0
     85c:	36070000 	strcc	r0, [r7], -r0
     860:	000000a0 	andeq	r0, r0, r0, lsr #1
     864:	03460406 	movteq	r0, #25606	; 0x6406
     868:	2c120000 	ldccs	0, cr0, [r2], {-0}
     86c:	5a000000 	bpl	874 <shift+0x874>
     870:	13000003 	movwne	r0, #3
     874:	0000035a 	andeq	r0, r0, sl, asr r3
     878:	00035a13 	andeq	r5, r3, r3, lsl sl
     87c:	04060000 	streq	r0, [r6], #-0
     880:	00000360 	andeq	r0, r0, r0, ror #6
     884:	11720f14 	cmnne	r2, r4, lsl pc
     888:	22080000 	andcs	r0, r8, #0
     88c:	00036d02 	andeq	r6, r3, r2, lsl #26
     890:	a0040600 	andge	r0, r4, r0, lsl #12
     894:	0f000000 	svceq	0x00000000
     898:	00001174 	andeq	r1, r0, r4, ror r1
     89c:	6d022408 	cfstrsvs	mvf2, [r2, #-32]	; 0xffffffe0
     8a0:	10000003 	andne	r0, r0, r3
     8a4:	00000ec0 	andeq	r0, r0, r0, asr #29
     8a8:	00a02309 	adceq	r2, r0, r9, lsl #6
     8ac:	25100000 	ldrcs	r0, [r0, #-0]
     8b0:	0900000d 	stmdbeq	r0, {r0, r2, r3}
     8b4:	00002c31 	andeq	r2, r0, r1, lsr ip
     8b8:	0e8e1000 	cdpeq	0, 8, cr1, cr14, cr0, {0}
     8bc:	36090000 	strcc	r0, [r9], -r0
     8c0:	0000002c 	andeq	r0, r0, ip, lsr #32
     8c4:	00013910 	andeq	r3, r1, r0, lsl r9
     8c8:	2c3a0900 			; <UNDEFINED> instruction: 0x2c3a0900
     8cc:	0c000000 	stceq	0, cr0, [r0], {-0}
     8d0:	000000a0 	andeq	r0, r0, r0, lsr #1
     8d4:	000003bb 			; <UNDEFINED> instruction: 0x000003bb
     8d8:	00003e0d 	andeq	r3, r0, sp, lsl #28
     8dc:	10000100 	andne	r0, r0, r0, lsl #2
     8e0:	00000465 	andeq	r0, r0, r5, ror #8
     8e4:	03aba50a 			; <UNDEFINED> instruction: 0x03aba50a
     8e8:	2f100000 	svccs	0x00100000
     8ec:	0a000016 	beq	94c <shift+0x94c>
     8f0:	00002ca6 	andeq	r2, r0, r6, lsr #25
     8f4:	04101000 	ldreq	r1, [r0], #-0
     8f8:	a70a0000 	strge	r0, [sl, -r0]
     8fc:	0000008e 	andeq	r0, r0, lr, lsl #1
     900:	00046710 	andeq	r6, r4, r0, lsl r7
     904:	abac0a00 	blge	feb0310c <__bss_end+0x772fa28c>
     908:	10000003 	andne	r0, r0, r3
     90c:	00001631 	andeq	r1, r0, r1, lsr r6
     910:	002cb40a 	eoreq	fp, ip, sl, lsl #8
     914:	12100000 	andsne	r0, r0, #0
     918:	0a000004 	beq	930 <shift+0x930>
     91c:	00008eb5 			; <UNDEFINED> instruction: 0x00008eb5
     920:	02890f00 	addeq	r0, r9, #0, 30
     924:	1e0a0000 	cdpne	0, 0, cr0, cr10, cr0, {0}
     928:	00002c01 	andeq	r2, r0, r1, lsl #24
     92c:	046e0400 	strbteq	r0, [lr], #-1024	; 0xfffffc00
     930:	2a0b0000 	bcs	2c0938 <shift+0x2c0938>
     934:	0000003e 	andeq	r0, r0, lr, lsr r0
     938:	000a4404 	andeq	r4, sl, r4, lsl #8
     93c:	1f2f0b00 	svcne	0x002f0b00
     940:	06000004 	streq	r0, [r0], -r4
     944:	00042504 	andeq	r2, r4, r4, lsl #10
     948:	04091200 	streq	r1, [r9], #-512	; 0xfffffe00
     94c:	04340000 	ldrteq	r0, [r4], #-0
     950:	5a130000 	bpl	4c0958 <shift+0x4c0958>
     954:	00000003 	andeq	r0, r0, r3
     958:	000dc204 	andeq	ip, sp, r4, lsl #4
     95c:	40360b00 	eorsmi	r0, r6, r0, lsl #22
     960:	10000003 	andne	r0, r0, r3
     964:	00000cae 	andeq	r0, r0, lr, lsr #25
     968:	0414bb0b 	ldreq	fp, [r4], #-2827	; 0xfffff4f5
     96c:	3b100000 	blcc	400974 <shift+0x400974>
     970:	0b000014 	bleq	9c8 <shift+0x9c8>
     974:	000434be 			; <UNDEFINED> instruction: 0x000434be
     978:	09371500 	ldmdbeq	r7!, {r8, sl, ip}
     97c:	04070000 	streq	r0, [r7], #-0
     980:	0000003e 	andeq	r0, r0, lr, lsr r0
     984:	057b1d0c 	ldrbeq	r1, [fp, #-3340]!	; 0xfffff2f4
     988:	a4160000 	ldrge	r0, [r6], #-0
     98c:	00000002 	andeq	r0, r0, r2
     990:	0012b116 	andseq	fp, r2, r6, lsl r1
     994:	86160100 	ldrhi	r0, [r6], -r0, lsl #2
     998:	02000010 	andeq	r0, r0, #16
     99c:	0011f616 	andseq	pc, r1, r6, lsl r6	; <UNPREDICTABLE>
     9a0:	ff160300 			; <UNDEFINED> instruction: 0xff160300
     9a4:	04000012 	streq	r0, [r0], #-18	; 0xffffffee
     9a8:	00130d16 	andseq	r0, r3, r6, lsl sp
     9ac:	7c160500 	cfldr32vc	mvfx0, [r6], {-0}
     9b0:	06000000 	streq	r0, [r0], -r0
     9b4:	00152916 	andseq	r2, r5, r6, lsl r9
     9b8:	95160700 	ldrls	r0, [r6, #-1792]	; 0xfffff900
     9bc:	08000010 	stmdaeq	r0, {r4}
     9c0:	00131b16 	andseq	r1, r3, r6, lsl fp
     9c4:	fd160900 	ldc2	9, cr0, [r6, #-0]	; <UNPREDICTABLE>
     9c8:	0a000002 	beq	9d8 <shift+0x9d8>
     9cc:	000d1616 	andeq	r1, sp, r6, lsl r6
     9d0:	e4160b00 	ldr	r0, [r6], #-2816	; 0xfffff500
     9d4:	0c000012 	stceq	0, cr0, [r0], {18}
     9d8:	00072016 	andeq	r2, r7, r6, lsl r0
     9dc:	5b160d00 	blpl	583de4 <shift+0x583de4>
     9e0:	0e00000a 	cdpeq	0, 0, cr0, cr0, cr10, {0}
     9e4:	00132916 	andseq	r2, r3, r6, lsl r9
     9e8:	d4160f00 	ldrle	r0, [r6], #-3840	; 0xfffff100
     9ec:	10000009 	andne	r0, r0, r9
     9f0:	00133716 	andseq	r3, r3, r6, lsl r7
     9f4:	7c161100 	ldfvcs	f1, [r6], {-0}
     9f8:	12000011 	andne	r0, r0, #17
     9fc:	000bad16 	andeq	sl, fp, r6, lsl sp
     a00:	e8161300 	ldmda	r6, {r8, r9, ip}
     a04:	1400000c 	strne	r0, [r0], #-12
     a08:	00095416 	andeq	r5, r9, r6, lsl r4
     a0c:	64161500 	ldrvs	r1, [r6], #-1280	; 0xfffffb00
     a10:	16000009 	strne	r0, [r0], -r9
     a14:	00039f16 	andeq	r9, r3, r6, lsl pc
     a18:	9f161700 	svcls	0x00161700
     a1c:	18000011 	stmdane	r0, {r0, r4}
     a20:	0011ad16 	andseq	sl, r1, r6, lsl sp
     a24:	bb161900 	bllt	586e2c <shift+0x586e2c>
     a28:	1a000011 	bne	a74 <shift+0xa74>
     a2c:	000c4916 	andeq	r4, ip, r6, lsl r9
     a30:	a4161b00 	ldrge	r1, [r6], #-2816	; 0xfffff500
     a34:	1c000012 	stcne	0, cr0, [r0], {18}
     a38:	0015fa16 	andseq	pc, r5, r6, lsl sl	; <UNPREDICTABLE>
     a3c:	2e161d00 	cdpcs	13, 1, cr1, cr6, cr0, {0}
     a40:	1e00000c 	cdpne	0, 0, cr0, cr0, cr12, {0}
     a44:	0003ff16 	andeq	pc, r3, r6, lsl pc	; <UNPREDICTABLE>
     a48:	00161f00 	andseq	r1, r6, r0, lsl #30
     a4c:	20000000 	andcs	r0, r0, r0
     a50:	00099b16 	andeq	r9, r9, r6, lsl fp
     a54:	e2162100 	ands	r2, r6, #0, 2
     a58:	22000008 	andcs	r0, r0, #8
     a5c:	0004ca16 	andeq	ip, r4, r6, lsl sl
     a60:	39162300 	ldmdbcc	r6, {r8, r9, sp}
     a64:	2400000d 	strcs	r0, [r0], #-13
     a68:	00059316 	andeq	r9, r5, r6, lsl r3
     a6c:	4f162500 	svcmi	0x00162500
     a70:	2600000f 	strcs	r0, [r0], -pc
     a74:	00037e16 	andeq	r7, r3, r6, lsl lr
     a78:	43162700 	tstmi	r6, #0, 14
     a7c:	28000009 	stmdacs	r0, {r0, r3}
     a80:	00163a16 	andseq	r3, r6, r6, lsl sl
     a84:	86162900 	ldrhi	r2, [r6], -r0, lsl #18
     a88:	2a00000c 	bcs	ac0 <shift+0xac0>
     a8c:	0005b516 	andeq	fp, r5, r6, lsl r5
     a90:	f1162b00 			; <UNDEFINED> instruction: 0xf1162b00
     a94:	2c000012 	stccs	0, cr0, [r0], {18}
     a98:	0006c716 	andeq	ip, r6, r6, lsl r7
     a9c:	15002d00 	strne	r2, [r0, #-3328]	; 0xfffff300
     aa0:	000009f1 	strdeq	r0, [r0], -r1
     aa4:	003e0407 	eorseq	r0, lr, r7, lsl #8
     aa8:	170d0000 	strne	r0, [sp, -r0]
     aac:	0000081b 	andeq	r0, r0, fp, lsl r8
     ab0:	0004eb16 	andeq	lr, r4, r6, lsl fp
     ab4:	69160000 	ldmdbvs	r6, {}	; <UNPREDICTABLE>
     ab8:	01000015 	tsteq	r0, r5, lsl r0
     abc:	0004fb16 	andeq	pc, r4, r6, lsl fp	; <UNPREDICTABLE>
     ac0:	1e160200 	cdpne	2, 1, cr0, cr6, cr0, {0}
     ac4:	03000005 	movweq	r0, #5
     ac8:	00144b16 	andseq	r4, r4, r6, lsl fp
     acc:	04160400 	ldreq	r0, [r6], #-1024	; 0xfffffc00
     ad0:	05000010 	streq	r0, [r0, #-16]
     ad4:	0005d316 	andeq	sp, r5, r6, lsl r3
     ad8:	60160600 	andsvs	r0, r6, r0, lsl #12
     adc:	07000007 	streq	r0, [r0, -r7]
     ae0:	00052e16 	andeq	r2, r5, r6, lsl lr
     ae4:	1e160800 	cdpne	8, 1, cr0, cr6, cr0, {0}
     ae8:	09000016 	stmdbeq	r0, {r1, r2, r4}
     aec:	00014016 	andeq	r4, r1, r6, lsl r0
     af0:	4b160a00 	blmi	5832f8 <shift+0x5832f8>
     af4:	0b000015 	bleq	b50 <shift+0xb50>
     af8:	000e1f16 	andeq	r1, lr, r6, lsl pc
     afc:	b9160c00 	ldmdblt	r6, {sl, fp}
     b00:	0d000014 	stceq	0, cr0, [r0, #-80]	; 0xffffffb0
     b04:	000f7616 	andeq	r7, pc, r6, lsl r6	; <UNPREDICTABLE>
     b08:	3c160e00 	ldccc	14, cr0, [r6], {-0}
     b0c:	0f000012 	svceq	0x00000012
     b10:	00060c16 	andeq	r0, r6, r6, lsl ip
     b14:	0b161000 	bleq	584b1c <shift+0x584b1c>
     b18:	11000005 	tstne	r0, r5
     b1c:	000f3c16 	andeq	r3, pc, r6, lsl ip	; <UNPREDICTABLE>
     b20:	f7161200 			; <UNDEFINED> instruction: 0xf7161200
     b24:	13000005 	movwne	r0, #5
     b28:	00164b16 	andseq	r4, r6, r6, lsl fp
     b2c:	6a161400 	bvs	585b34 <shift+0x585b34>
     b30:	15000001 	strne	r0, [r0, #-1]
     b34:	000b0616 	andeq	r0, fp, r6, lsl r6
     b38:	3e161600 	cfmsub32cc	mvax0, mvfx1, mvfx6, mvfx0
     b3c:	17000005 	strne	r0, [r0, -r5]
     b40:	00010016 	andeq	r0, r1, r6, lsl r0
     b44:	ac161800 	ldcge	8, cr1, [r6], {-0}
     b48:	19000015 	stmdbne	r0, {r0, r2, r4}
     b4c:	0012c016 	andseq	ip, r2, r6, lsl r0
     b50:	a4161a00 	ldrge	r1, [r6], #-2560	; 0xfffff600
     b54:	1b000010 	blne	b9c <shift+0xb9c>
     b58:	00122316 	andseq	r2, r2, r6, lsl r3
     b5c:	07161c00 	ldreq	r1, [r6, -r0, lsl #24]
     b60:	1d000014 	stcne	0, cr0, [r0, #-80]	; 0xffffffb0
     b64:	00057516 	andeq	r7, r5, r6, lsl r5
     b68:	c9161e00 	ldmdbgt	r6, {r9, sl, fp, ip}
     b6c:	1f00000a 	svcne	0x0000000a
     b70:	000e5616 	andeq	r5, lr, r6, lsl r6
     b74:	7c162000 	ldcvc	0, cr2, [r6], {-0}
     b78:	21000006 	tstcs	r0, r6
     b7c:	00101616 	andseq	r1, r0, r6, lsl r6
     b80:	8d162200 	lfmhi	f2, 4, [r6, #-0]
     b84:	2300000b 	movwcs	r0, #11
     b88:	00054e16 	andeq	r4, r5, r6, lsl lr
     b8c:	db162400 	blle	589b94 <shift+0x589b94>
     b90:	25000011 	strcs	r0, [r0, #-17]	; 0xffffffef
     b94:	00043016 	andeq	r3, r4, r6, lsl r0
     b98:	8a162600 	bhi	58a3a0 <shift+0x58a3a0>
     b9c:	27000013 	smladcs	r0, r3, r0, r0
     ba0:	00160b16 	andseq	r0, r6, r6, lsl fp
     ba4:	19162800 	ldmdbne	r6, {fp, sp}
     ba8:	2900000f 	stmdbcs	r0, {r0, r1, r2, r3}
     bac:	00092516 	andeq	r2, r9, r6, lsl r5
     bb0:	ea162a00 	b	58b3b8 <shift+0x58b3b8>
     bb4:	2b000010 	blcs	bfc <shift+0xbfc>
     bb8:	000bd916 	andeq	sp, fp, r6, lsl r9
     bbc:	dd162c00 	ldcle	12, cr2, [r6, #-0]
     bc0:	2d000002 	stccs	0, cr0, [r0, #-8]
     bc4:	00025216 	andeq	r5, r2, r6, lsl r2
     bc8:	8e162e00 	cdphi	14, 1, cr2, cr6, cr0, {0}
     bcc:	2f000014 	svccs	0x00000014
     bd0:	000b7916 	andeq	r7, fp, r6, lsl r9
     bd4:	e5163000 	ldr	r3, [r6, #-0]
     bd8:	31000005 	tstcc	r0, r5
     bdc:	000b5816 	andeq	r5, fp, r6, lsl r8
     be0:	6b163200 	blvs	58d3e8 <shift+0x58d3e8>
     be4:	3300000e 	movwcc	r0, #14
     be8:	00024016 	andeq	r4, r2, r6, lsl r0
     bec:	e1163400 	tst	r6, r0, lsl #8
     bf0:	35000015 	strcc	r0, [r0, #-21]	; 0xffffffeb
     bf4:	000c1b16 	andeq	r1, ip, r6, lsl fp
     bf8:	a7163600 	ldrge	r3, [r6, -r0, lsl #12]
     bfc:	37000008 	strcc	r0, [r0, -r8]
     c00:	000c7316 	andeq	r7, ip, r6, lsl r3
     c04:	ec163800 	ldc	8, cr3, [r6], {-0}
     c08:	39000014 	stmdbcc	r0, {r2, r4}
     c0c:	0003c916 	andeq	ip, r3, r6, lsl r9
     c10:	c0163a00 	andsgt	r3, r6, r0, lsl #20
     c14:	3b000008 	blcc	c3c <shift+0xc3c>
     c18:	00087d16 	andeq	r7, r8, r6, lsl sp
     c1c:	0f163c00 	svceq	0x00163c00
     c20:	3d000000 	stccc	0, cr0, [r0, #-0]
     c24:	000bbc16 	andeq	fp, fp, r6, lsl ip
     c28:	b1163e00 	tstlt	r6, r0, lsl #28
     c2c:	3f000009 	svccc	0x00000009
     c30:	0002ae16 	andeq	sl, r2, r6, lsl lr
     c34:	a2164000 	andsge	r4, r6, #0
     c38:	41000014 	tstmi	r0, r4, lsl r0
     c3c:	000b1916 	andeq	r1, fp, r6, lsl r9
     c40:	45164200 	ldrmi	r4, [r6, #-512]	; 0xfffffe00
     c44:	43000013 	movwmi	r0, #19
     c48:	00006516 	andeq	r6, r0, r6, lsl r5
     c4c:	7f164400 	svcvc	0x00164400
     c50:	4500000a 	strmi	r0, [r0, #-10]
     c54:	000a6b16 	andeq	r6, sl, r6, lsl fp
     c58:	bd164600 	ldclt	6, cr4, [r6, #-0]
     c5c:	47000010 	smladmi	r0, r0, r0, r0
     c60:	00111e16 	andseq	r1, r1, r6, lsl lr
     c64:	6d164800 	ldcvs	8, cr4, [r6, #-0]
     c68:	49000014 	stmdbmi	r0, {r2, r4}
     c6c:	0006d416 	andeq	sp, r6, r6, lsl r4
     c70:	09164a00 	ldmdbeq	r6, {r9, fp, lr}
     c74:	4b00000e 	blmi	cb4 <shift+0xcb4>
     c78:	000f8816 	andeq	r8, pc, r6, lsl r8	; <UNPREDICTABLE>
     c7c:	6b164c00 	blvs	593c84 <shift+0x593c84>
     c80:	4d000010 	stcmi	0, cr0, [r0, #-64]	; 0xffffffc0
     c84:	000faa16 	andeq	sl, pc, r6, lsl sl	; <UNPREDICTABLE>
     c88:	be164e00 	cdplt	14, 1, cr4, cr6, cr0, {0}
     c8c:	4f00000f 	svcmi	0x0000000f
     c90:	00045016 	andeq	r5, r4, r6, lsl r0
     c94:	ac165000 	ldcge	0, cr5, [r6], {-0}
     c98:	51000003 	tstpl	r0, r3
     c9c:	0003dc16 	andeq	sp, r3, r6, lsl ip
     ca0:	4e165200 	cdpmi	2, 1, cr5, cr6, cr0, {0}
     ca4:	53000012 	movwpl	r0, #18
     ca8:	00041b16 	andeq	r1, r4, r6, lsl fp
     cac:	62165400 	andsvs	r5, r6, #0, 8
     cb0:	55000012 	strpl	r0, [r0, #-18]	; 0xffffffee
     cb4:	00127616 	andseq	r7, r2, r6, lsl r6
     cb8:	8a165600 	bhi	5964c0 <shift+0x5964c0>
     cbc:	57000012 	smladpl	r0, r2, r0, r0
     cc0:	000add16 	andeq	sp, sl, r6, lsl sp
     cc4:	a7165800 	ldrge	r5, [r6, -r0, lsl #16]
     cc8:	5900000a 	stmdbpl	r0, {r1, r3}
     ccc:	000a9316 	andeq	r9, sl, r6, lsl r3
     cd0:	97165a00 	ldrls	r5, [r6, -r0, lsl #20]
     cd4:	5b00000c 	blpl	d0c <shift+0xd0c>
     cd8:	000a1916 	andeq	r1, sl, r6, lsl r9
     cdc:	5f165c00 	svcpl	0x00165c00
     ce0:	5d000006 	stcpl	0, cr0, [r0, #-24]	; 0xffffffe8
     ce4:	00074416 	andeq	r4, r7, r6, lsl r4
     ce8:	c0165e00 	andsgt	r5, r6, r0, lsl #28
     cec:	5f00000c 	svcpl	0x0000000c
     cf0:	000af116 	andeq	pc, sl, r6, lsl r1	; <UNPREDICTABLE>
     cf4:	29166000 	ldmdbcs	r6, {sp, lr}
     cf8:	61000010 	tstvs	r0, r0, lsl r0
     cfc:	00158716 	andseq	r8, r5, r6, lsl r7
     d00:	f4166200 			; <UNDEFINED> instruction: 0xf4166200
     d04:	6300000d 	movwvs	r0, #13
     d08:	0006f916 	andeq	pc, r6, r6, lsl r9	; <UNPREDICTABLE>
     d0c:	12166400 	andsne	r6, r6, #0, 8
     d10:	65000001 	strvs	r0, [r0, #-1]
     d14:	0000b716 	andeq	fp, r0, r6, lsl r7
     d18:	f8166600 			; <UNDEFINED> instruction: 0xf8166600
     d1c:	6700000c 	strvs	r0, [r0, -ip]
     d20:	000ea216 	andeq	sl, lr, r6, lsl r2
     d24:	4d166800 	ldcmi	8, cr6, [r6, #-0]
     d28:	69000010 	stmdbvs	r0, {r4}
     d2c:	00003416 	andeq	r3, r0, r6, lsl r4
     d30:	74166a00 	ldrvc	r6, [r6], #-2560	; 0xfffff600
     d34:	6b000002 	blvs	d44 <shift+0xd44>
     d38:	000b2b16 	andeq	r2, fp, r6, lsl fp
     d3c:	0f006c00 	svceq	0x00006c00
     d40:	0000031c 	andeq	r0, r0, ip, lsl r3
     d44:	0401410e 	streq	r4, [r1], #-270	; 0xfffffef2
     d48:	0f000003 	svceq	0x00000003
     d4c:	0000077b 	andeq	r0, r0, fp, ror r7
     d50:	0401760e 	streq	r7, [r1], #-1550	; 0xfffff9f2
     d54:	0c000003 	stceq	0, cr0, [r0], {3}
     d58:	000000a6 	andeq	r0, r0, r6, lsr #1
     d5c:	0000083e 	andeq	r0, r0, lr, lsr r8
     d60:	bb100011 	bllt	400dac <shift+0x400dac>
     d64:	0f00000a 	svceq	0x0000000a
     d68:	0008332d 	andeq	r3, r8, sp, lsr #6
     d6c:	13611000 	cmnne	r1, #0
     d70:	350f0000 	strcc	r0, [pc, #-0]	; d78 <shift+0xd78>
     d74:	0000057b 	andeq	r0, r0, fp, ror r5
     d78:	00061f15 	andeq	r1, r6, r5, lsl pc
     d7c:	3e040700 	cdpcc	7, 0, cr0, cr4, cr0, {0}
     d80:	0f000000 	svceq	0x00000000
     d84:	0008c637 	andeq	ip, r8, r7, lsr r6
     d88:	00531600 	subseq	r1, r3, r0, lsl #12
     d8c:	16000000 	strne	r0, [r0], -r0
     d90:	000009aa 	andeq	r0, r0, sl, lsr #19
     d94:	14fe1601 	ldrbtne	r1, [lr], #1537	; 0x601
     d98:	16020000 	strne	r0, [r2], -r0
     d9c:	000014cc 	andeq	r1, r0, ip, asr #9
     da0:	0d681603 	stcleq	6, cr1, [r8, #-12]!
     da4:	16040000 	strne	r0, [r4], -r0
     da8:	00001198 	muleq	r0, r8, r1
     dac:	035d1605 	cmpeq	sp, #5242880	; 0x500000
     db0:	16060000 	strne	r0, [r6], -r0
     db4:	0000033f 	andeq	r0, r0, pc, lsr r3
     db8:	04e41607 	strbteq	r1, [r4], #1543	; 0x607
     dbc:	16080000 	strne	r0, [r8], -r0
     dc0:	00000bd2 	ldrdeq	r0, [r0], -r2
     dc4:	03641609 	cmneq	r4, #9437184	; 0x900000
     dc8:	160a0000 	strne	r0, [sl], -r0
     dcc:	000003f8 	strdeq	r0, [r0], -r8
     dd0:	03f1160b 	mvnseq	r1, #11534336	; 0xb00000
     dd4:	160c0000 	strne	r0, [ip], -r0
     dd8:	00000356 	andeq	r0, r0, r6, asr r3
     ddc:	11ef160d 	mvnne	r1, sp, lsl #12
     de0:	160e0000 	strne	r0, [lr], -r0
     de4:	00000ec7 	andeq	r0, r0, r7, asr #29
     de8:	7f04000f 	svcvc	0x0004000f
     dec:	0f000010 	svceq	0x00000010
     df0:	0008543c 	andeq	r5, r8, ip, lsr r4
     df4:	113f1000 	teqne	pc, r0
     df8:	3e0f0000 	cdpcc	0, 0, cr0, cr15, cr0, {0}
     dfc:	000008c6 	andeq	r0, r0, r6, asr #17
     e00:	00121210 	andseq	r1, r2, r0, lsl r2
     e04:	2c470f00 	mcrrcs	15, 0, r0, r7, cr0
     e08:	10000000 	andne	r0, r0, r0
     e0c:	0000030c 	andeq	r0, r0, ip, lsl #6
     e10:	002c480f 	eoreq	r4, ip, pc, lsl #16
     e14:	5e0e0000 	cdppl	0, 0, cr0, cr14, cr0, {0}
     e18:	10000011 	andne	r0, r0, r1, lsl r0
     e1c:	0000114e 	andeq	r1, r0, lr, asr #2
     e20:	0902490f 	stmdbeq	r2, {r0, r1, r2, r3, r8, fp, lr}
     e24:	04060000 	streq	r0, [r6], #-0
     e28:	000008f2 	strdeq	r0, [r0], -r2
     e2c:	09741017 	ldmdbeq	r4!, {r0, r1, r2, r4, ip}^
     e30:	4b0f0000 	blmi	3c0e38 <shift+0x3c0e38>
     e34:	00000914 	andeq	r0, r0, r4, lsl r9
     e38:	09080406 	stmdbeq	r8, {r1, r2, sl}
     e3c:	d5180000 	ldrle	r0, [r8, #-0]
     e40:	10000010 	andne	r0, r0, r0, lsl r0
     e44:	00000d55 	andeq	r0, r0, r5, asr sp
     e48:	092a4f0f 	stmdbeq	sl!, {r0, r1, r2, r3, r8, r9, sl, fp, lr}
     e4c:	04060000 	streq	r0, [r6], #-0
     e50:	0000091a 	andeq	r0, r0, sl, lsl r9
     e54:	0004b619 	andeq	fp, r4, r9, lsl r6
     e58:	4f0fb800 	svcmi	0x000fb800
     e5c:	00095801 	andeq	r5, r9, r1, lsl #16
     e60:	0ac40a00 	beq	ff103668 <__bss_end+0x778fa7e8>
     e64:	510f0000 	mrspl	r0, CPSR
     e68:	0002c201 	andeq	ip, r2, r1, lsl #4
     e6c:	950a0000 	strls	r0, [sl, #-0]
     e70:	0f000004 	svceq	0x00000004
     e74:	095d0152 	ldmdbeq	sp, {r1, r4, r6, r8}^
     e78:	00040000 	andeq	r0, r4, r0
     e7c:	00093007 	andeq	r3, r9, r7
     e80:	04550c00 	ldrbeq	r0, [r5], #-3072	; 0xfffff400
     e84:	096d0000 	stmdbeq	sp!, {}^	; <UNPREDICTABLE>
     e88:	3e0d0000 	cdpcc	0, 0, cr0, cr13, cr0, {0}
     e8c:	2c000000 	stccs	0, cr0, [r0], {-0}
     e90:	09580c00 	ldmdbeq	r8, {sl, fp}^
     e94:	09780000 	ldmdbeq	r8!, {}^	; <UNPREDICTABLE>
     e98:	00110000 	andseq	r0, r1, r0
     e9c:	00096d07 	andeq	r6, r9, r7, lsl #26
     ea0:	08930f00 	ldmeq	r3, {r8, r9, sl, fp}
     ea4:	530f0000 	movwpl	r0, #61440	; 0xf000
     ea8:	00097801 	andeq	r7, r9, r1, lsl #16
     eac:	0c560f00 	mrrceq	15, 0, r0, r6, cr0
     eb0:	560f0000 	strpl	r0, [pc], -r0
     eb4:	00002c01 	andeq	r2, r0, r1, lsl #24
     eb8:	10ff1a00 	rscsne	r1, pc, r0, lsl #20
     ebc:	04070000 	streq	r0, [r7], #-0
     ec0:	0000003e 	andeq	r0, r0, lr, lsr r0
     ec4:	4401690f 	strmi	r6, [r1], #-2319	; 0xfffff6f1
     ec8:	1600000a 	strne	r0, [r0], -sl
     ecc:	00000d49 	andeq	r0, r0, r9, asr #26
     ed0:	01521600 	cmpeq	r2, r0, lsl #12
     ed4:	16020000 	strne	r0, [r2], -r0
     ed8:	0000015e 	andeq	r0, r0, lr, asr r1
     edc:	05861603 	streq	r1, [r6, #1539]	; 0x603
     ee0:	16030000 	strne	r0, [r3], -r0
     ee4:	00000d85 	andeq	r0, r0, r5, lsl #27
     ee8:	08d51604 	ldmeq	r5, {r2, r9, sl, ip}^
     eec:	16040000 	strne	r0, [r4], -r0
     ef0:	0000017c 	andeq	r0, r0, ip, ror r1
     ef4:	09c71605 	stmibeq	r7, {r0, r2, r9, sl, ip}^
     ef8:	16050000 	strne	r0, [r5], -r0
     efc:	00000e95 	muleq	r0, r5, lr
     f00:	090c1605 	stmdbeq	ip, {r0, r2, r9, sl, ip}
     f04:	16050000 	strne	r0, [r5], -r0
     f08:	000002ee 	andeq	r0, r0, lr, ror #5
     f0c:	0d9e1605 	ldceq	6, cr1, [lr, #20]
     f10:	16060000 	strne	r0, [r6], -r0
     f14:	00000b6c 	andeq	r0, r0, ip, ror #22
     f18:	04871606 	streq	r1, [r7], #1542	; 0x606
     f1c:	16060000 	strne	r0, [r6], -r0
     f20:	00000f0c 	andeq	r0, r0, ip, lsl #30
     f24:	0dca1606 	stcleq	6, cr1, [sl, #24]
     f28:	16060000 	strne	r0, [r6], -r0
     f2c:	00000ba0 	andeq	r0, r0, r0, lsr #23
     f30:	0bfc1606 	bleq	fff06750 <__bss_end+0x786fd8d0>
     f34:	16060000 	strne	r0, [r6], -r0
     f38:	00000234 	andeq	r0, r0, r4, lsr r2
     f3c:	0d2c1607 	stceq	6, cr1, [ip, #-28]!	; 0xffffffe4
     f40:	16070000 	strne	r0, [r7], -r0
     f44:	00000d91 	muleq	r0, r1, sp
     f48:	12051607 	andne	r1, r5, #7340032	; 0x700000
     f4c:	16070000 	strne	r0, [r7], -r0
     f50:	00000442 	andeq	r0, r0, r2, asr #8
     f54:	0e491607 	cdpeq	6, 4, cr1, cr9, cr7, {0}
     f58:	16080000 	strne	r0, [r8], -r0
     f5c:	000000ee 	andeq	r0, r0, lr, ror #1
     f60:	11c91608 	bicne	r1, r9, r8, lsl #12
     f64:	00080000 	andeq	r0, r8, r0
     f68:	00151b0f 	andseq	r1, r5, pc, lsl #22
     f6c:	01880f00 	orreq	r0, r8, r0, lsl #30
     f70:	00000995 	muleq	r0, r5, r9
     f74:	00089c0f 	andeq	r9, r8, pc, lsl #24
     f78:	018b0f00 	orreq	r0, fp, r0, lsl #30
     f7c:	0000002c 	andeq	r0, r0, ip, lsr #32
     f80:	000ece0f 	andeq	ip, lr, pc, lsl #28
     f84:	018e0f00 	orreq	r0, lr, r0, lsl #30
     f88:	0000002c 	andeq	r0, r0, ip, lsr #32
     f8c:	000a0e0f 	andeq	r0, sl, pc, lsl #28
     f90:	01910f00 	orrseq	r0, r1, r0, lsl #30
     f94:	0000002c 	andeq	r0, r0, ip, lsr #32
     f98:	000ed80f 	andeq	sp, lr, pc, lsl #16
     f9c:	01940f00 	orrseq	r0, r4, r0, lsl #30
     fa0:	0000002c 	andeq	r0, r0, ip, lsr #32
     fa4:	000b4d0f 	andeq	r4, fp, pc, lsl #26
     fa8:	01970f00 	orrseq	r0, r7, r0, lsl #30
     fac:	0000002c 	andeq	r0, r0, ip, lsr #32
     fb0:	000ee20f 	andeq	lr, lr, pc, lsl #4
     fb4:	019a0f00 	orrseq	r0, sl, r0, lsl #30
     fb8:	0000002c 	andeq	r0, r0, ip, lsr #32
     fbc:	000d6f0f 	andeq	r6, sp, pc, lsl #30
     fc0:	019d0f00 	orrseq	r0, sp, r0, lsl #30
     fc4:	0000002c 	andeq	r0, r0, ip, lsr #32
     fc8:	000d7a0f 	andeq	r7, sp, pc, lsl #20
     fcc:	01a00f00 	lsleq	r0, r0, #30
     fd0:	0000002c 	andeq	r0, r0, ip, lsr #32
     fd4:	000eec0f 	andeq	lr, lr, pc, lsl #24
     fd8:	01a30f00 			; <UNDEFINED> instruction: 0x01a30f00
     fdc:	0000002c 	andeq	r0, r0, ip, lsr #32
     fe0:	000b3f0f 	andeq	r3, fp, pc, lsl #30
     fe4:	01a60f00 			; <UNDEFINED> instruction: 0x01a60f00
     fe8:	0000002c 	andeq	r0, r0, ip, lsr #32
     fec:	00157b0f 	andseq	r7, r5, pc, lsl #22
     ff0:	01a90f00 			; <UNDEFINED> instruction: 0x01a90f00
     ff4:	0000002c 	andeq	r0, r0, ip, lsr #32
     ff8:	000ef60f 	andeq	pc, lr, pc, lsl #12
     ffc:	01ac0f00 			; <UNDEFINED> instruction: 0x01ac0f00
    1000:	0000002c 	andeq	r0, r0, ip, lsr #32
    1004:	00167c0f 	andseq	r7, r6, pc, lsl #24
    1008:	01af0f00 			; <UNDEFINED> instruction: 0x01af0f00
    100c:	0000002c 	andeq	r0, r0, ip, lsr #32
    1010:	0014d30f 	andseq	sp, r4, pc, lsl #6
    1014:	01b20f00 			; <UNDEFINED> instruction: 0x01b20f00
    1018:	0000002c 	andeq	r0, r0, ip, lsr #32
    101c:	0015050f 	andseq	r0, r5, pc, lsl #10
    1020:	01b60f00 			; <UNDEFINED> instruction: 0x01b60f00
    1024:	0000002c 	andeq	r0, r0, ip, lsr #32
    1028:	0014df0f 	andseq	sp, r4, pc, lsl #30
    102c:	01b90f00 			; <UNDEFINED> instruction: 0x01b90f00
    1030:	0000002c 	andeq	r0, r0, ip, lsr #32
    1034:	00036b0f 	andeq	r6, r3, pc, lsl #22
    1038:	01bc0f00 			; <UNDEFINED> instruction: 0x01bc0f00
    103c:	0000002c 	andeq	r0, r0, ip, lsr #32
    1040:	0000240f 	andeq	r2, r0, pc, lsl #8
    1044:	01bf0f00 			; <UNDEFINED> instruction: 0x01bf0f00
    1048:	0000002c 	andeq	r0, r0, ip, lsr #32
    104c:	0006a70f 	andeq	sl, r6, pc, lsl #14
    1050:	01c20f00 	biceq	r0, r2, r0, lsl #30
    1054:	0000002c 	andeq	r0, r0, ip, lsr #32
    1058:	0003460f 	andeq	r4, r3, pc, lsl #12
    105c:	01c50f00 	biceq	r0, r5, r0, lsl #30
    1060:	0000002c 	andeq	r0, r0, ip, lsr #32
    1064:	000f2c0f 	andeq	r2, pc, pc, lsl #24
    1068:	01c80f00 	biceq	r0, r8, r0, lsl #30
    106c:	0000002c 	andeq	r0, r0, ip, lsr #32
    1070:	000a360f 	andeq	r3, sl, pc, lsl #12
    1074:	01cb0f00 	biceq	r0, fp, r0, lsl #30
    1078:	0000002c 	andeq	r0, r0, ip, lsr #32
    107c:	000cd50f 	andeq	sp, ip, pc, lsl #10
    1080:	01ce0f00 	biceq	r0, lr, r0, lsl #30
    1084:	0000002c 	andeq	r0, r0, ip, lsr #32
    1088:	00136a0f 	andseq	r6, r3, pc, lsl #20
    108c:	01d50f00 	bicseq	r0, r5, r0, lsl #30
    1090:	0000002c 	andeq	r0, r0, ip, lsr #32
    1094:	0015c10f 	andseq	ip, r5, pc, lsl #2
    1098:	01d80f00 	bicseq	r0, r8, r0, lsl #30
    109c:	0000002c 	andeq	r0, r0, ip, lsr #32
    10a0:	0015d10f 	andseq	sp, r5, pc, lsl #2
    10a4:	01db0f00 	bicseq	r0, fp, r0, lsl #30
    10a8:	0000002c 	andeq	r0, r0, ip, lsr #32
    10ac:	00049e0f 	andeq	r9, r4, pc, lsl #28
    10b0:	01de0f00 	bicseq	r0, lr, r0, lsl #30
    10b4:	0000002c 	andeq	r0, r0, ip, lsr #32
    10b8:	0014180f 	andseq	r1, r4, pc, lsl #16
    10bc:	01e10f00 	mvneq	r0, r0, lsl #30
    10c0:	0000002c 	andeq	r0, r0, ip, lsr #32
    10c4:	000e310f 	andeq	r3, lr, pc, lsl #2
    10c8:	01e40f00 	mvneq	r0, r0, lsl #30
    10cc:	0000002c 	andeq	r0, r0, ip, lsr #32
    10d0:	00072d0f 	andeq	r2, r7, pc, lsl #26
    10d4:	01e80f00 	mvneq	r0, r0, lsl #30
    10d8:	0000002c 	andeq	r0, r0, ip, lsr #32
    10dc:	0011110f 	andseq	r1, r1, pc, lsl #2
    10e0:	01f00f00 	mvnseq	r0, r0, lsl #30
    10e4:	0000002c 	andeq	r0, r0, ip, lsr #32
    10e8:	0005c50f 	andeq	ip, r5, pc, lsl #10
    10ec:	01f30f00 	mvnseq	r0, r0, lsl #30
    10f0:	0000002c 	andeq	r0, r0, ip, lsr #32
    10f4:	00002c0c 	andeq	r2, r0, ip, lsl #24
    10f8:	000bdb00 	andeq	sp, fp, r0, lsl #22
    10fc:	0f001100 	svceq	0x00001100
    1100:	000008f7 	strdeq	r0, [r0], -r7
    1104:	d003fe0f 	andle	pc, r3, pc, lsl #28
    1108:	0c00000b 	stceq	0, cr0, [r0], {11}
    110c:	00000902 	andeq	r0, r0, r2, lsl #18
    1110:	00000bf7 	strdeq	r0, [r0], -r7
    1114:	00003e0d 	andeq	r3, r0, sp, lsl #28
    1118:	0f000d00 	svceq	0x00000d00
    111c:	00000f61 	andeq	r0, r0, r1, ror #30
    1120:	e7059e0f 	str	r9, [r5, -pc, lsl #28]
    1124:	1a00000b 	bne	1158 <shift+0x1158>
    1128:	00000a00 	andeq	r0, r0, r0, lsl #20
    112c:	003e0407 	eorseq	r0, lr, r7, lsl #8
    1130:	a50f0000 	strge	r0, [pc, #-0]	; 1138 <shift+0x1138>
    1134:	000c4005 	andeq	r4, ip, r5
    1138:	062d1600 	strteq	r1, [sp], -r0, lsl #12
    113c:	16000000 	strne	r0, [r0], -r0
    1140:	00000c09 	andeq	r0, r0, r9, lsl #24
    1144:	01241601 			; <UNDEFINED> instruction: 0x01241601
    1148:	16020000 	strne	r0, [r2], -r0
    114c:	0000064b 	andeq	r0, r0, fp, asr #12
    1150:	0fec1603 	svceq	0x00ec1603
    1154:	16040000 	strne	r0, [r4], -r0
    1158:	00000fdf 	ldrdeq	r0, [r0], -pc	; <UNPREDICTABLE>
    115c:	02c51605 	sbceq	r1, r5, #5242880	; 0x500000
    1160:	00060000 	andeq	r0, r6, r0
    1164:	00159c0f 	andseq	r9, r5, pc, lsl #24
    1168:	05b20f00 	ldreq	r0, [r2, #3840]!	; 0xf00
    116c:	00000c03 	andeq	r0, r0, r3, lsl #24
    1170:	00145c0f 	andseq	r5, r4, pc, lsl #24
    1174:	07ba0f00 	ldreq	r0, [sl, r0, lsl #30]!
    1178:	0000003e 	andeq	r0, r0, lr, lsr r0
    117c:	00070d0f 	andeq	r0, r7, pc, lsl #26
    1180:	07cf0f00 	strbeq	r0, [pc, r0, lsl #30]
    1184:	0000002c 	andeq	r0, r0, ip, lsr #32
    1188:	0003c104 	andeq	ip, r3, r4, lsl #2
    118c:	557b1000 	ldrbpl	r1, [fp, #-0]!
    1190:	07000000 	streq	r0, [r0, -r0]
    1194:	00000c64 	andeq	r0, r0, r4, ror #24
    1198:	00029504 	andeq	r9, r2, r4, lsl #10
    119c:	3e811000 	cdpcc	0, 8, cr1, cr1, cr0, {0}
    11a0:	04000000 	streq	r0, [r0], #-0
    11a4:	000000af 	andeq	r0, r0, pc, lsr #1
    11a8:	00258510 	eoreq	r8, r5, r0, lsl r5
    11ac:	04020000 	streq	r0, [r2], #-0
    11b0:	00039904 	andeq	r9, r3, r4, lsl #18
    11b4:	03080200 	movweq	r0, #33280	; 0x8200
    11b8:	00000391 	muleq	r0, r1, r3
    11bc:	05040802 	streq	r0, [r4, #-2050]	; 0xfffff7fe
    11c0:	0200000f 	andeq	r0, r0, #15
    11c4:	103e0310 	eorsne	r0, lr, r0, lsl r3
    11c8:	6f0c0000 	svcvs	0x000c0000
    11cc:	b600000c 	strlt	r0, [r0], -ip
    11d0:	0d00000c 	stceq	0, cr0, [r0, #-48]	; 0xffffffd0
    11d4:	0000003e 	andeq	r0, r0, lr, lsr r0
    11d8:	a60700ff 			; <UNDEFINED> instruction: 0xa60700ff
    11dc:	0f00000c 	svceq	0x0000000c
    11e0:	00000daa 	andeq	r0, r0, sl, lsr #27
    11e4:	b601fc10 			; <UNDEFINED> instruction: 0xb601fc10
    11e8:	0f00000c 	svceq	0x0000000c
    11ec:	00000335 	andeq	r0, r0, r5, lsr r3
    11f0:	b6020210 			; <UNDEFINED> instruction: 0xb6020210
    11f4:	1b00000c 	blne	122c <shift+0x122c>
    11f8:	000000e1 	andeq	r0, r0, r1, ror #1
    11fc:	7f03b301 	svcvc	0x0003b301
    1200:	1400000c 	strne	r0, [r0], #-12
    1204:	16878036 			; <UNDEFINED> instruction: 0x16878036
    1208:	01000001 	tsteq	r0, r1
    120c:	000d7f9c 	muleq	sp, ip, pc	; <UNPREDICTABLE>
    1210:	006e1c00 	rsbeq	r1, lr, r0, lsl #24
    1214:	7f03b301 	svcvc	0x0003b301
    1218:	0000000c 	andeq	r0, r0, ip
    121c:	1c000000 	stcne	0, cr0, [r0], {-0}
    1220:	b3010064 	movwlt	r0, #4196	; 0x1064
    1224:	000c7f03 	andeq	r7, ip, r3, lsl #30
    1228:	00002800 	andeq	r2, r0, r0, lsl #16
    122c:	70721c00 	rsbsvc	r1, r2, r0, lsl #24
    1230:	03b30100 			; <UNDEFINED> instruction: 0x03b30100
    1234:	00000d7f 	andeq	r0, r0, pc, ror sp
    1238:	00000060 	andeq	r0, r0, r0, rrx
    123c:	0100711d 	tsteq	r0, sp, lsl r1
    1240:	0c7f03b5 	ldcleq	3, cr0, [pc], #-724	; f74 <shift+0xf74>
    1244:	00800000 	addeq	r0, r0, r0
    1248:	721d0000 	andsvc	r0, sp, #0
    124c:	03b50100 			; <UNDEFINED> instruction: 0x03b50100
    1250:	00000c7f 	andeq	r0, r0, pc, ror ip
    1254:	000000e0 	andeq	r0, r0, r0, ror #1
    1258:	0100791d 	tsteq	r0, sp, lsl r9
    125c:	0c7f03b5 	ldcleq	3, cr0, [pc], #-724	; f90 <shift+0xf90>
    1260:	01380000 	teqeq	r8, r0
    1264:	6c1d0000 	ldcvs	0, cr0, [sp], {-0}
    1268:	0100317a 	tsteq	r0, sl, ror r1
    126c:	0c7403b6 	ldcleq	3, cr0, [r4], #-728	; 0xfffffd28
    1270:	01500000 	cmpeq	r0, r0
    1274:	6c1d0000 	ldcvs	0, cr0, [sp], {-0}
    1278:	0100327a 	tsteq	r0, sl, ror r2
    127c:	0c7403b6 	ldcleq	3, cr0, [r4], #-728	; 0xfffffd28
    1280:	01630000 	cmneq	r3, r0
    1284:	691d0000 	ldmdbvs	sp, {}	; <UNPREDICTABLE>
    1288:	03b60100 			; <UNDEFINED> instruction: 0x03b60100
    128c:	00000c74 	andeq	r0, r0, r4, ror ip
    1290:	00000176 	andeq	r0, r0, r6, ror r1
    1294:	01006b1d 	tsteq	r0, sp, lsl fp
    1298:	0c7403b6 	ldcleq	3, cr0, [r4], #-728	; 0xfffffd28
    129c:	01c40000 	biceq	r0, r4, r0
    12a0:	06000000 	streq	r0, [r0], -r0
    12a4:	000c7f04 	andeq	r7, ip, r4, lsl #30
	...

Disassembly of section .debug_abbrev:

00000000 <.debug_abbrev>:
   0:	10001101 	andne	r1, r0, r1, lsl #2
   4:	12011106 	andne	r1, r1, #-2147483647	; 0x80000001
   8:	1b080301 	blne	200c14 <shift+0x200c14>
   c:	13082508 	movwne	r2, #34056	; 0x8508
  10:	00000005 	andeq	r0, r0, r5
  14:	10001101 	andne	r1, r0, r1, lsl #2
  18:	12011106 	andne	r1, r1, #-2147483647	; 0x80000001
  1c:	1b080301 	blne	200c28 <shift+0x200c28>
  20:	13082508 	movwne	r2, #34056	; 0x8508
  24:	00000005 	andeq	r0, r0, r5
  28:	10001101 	andne	r1, r0, r1, lsl #2
  2c:	12011106 	andne	r1, r1, #-2147483647	; 0x80000001
  30:	1b080301 	blne	200c3c <shift+0x200c3c>
  34:	13082508 	movwne	r2, #34056	; 0x8508
  38:	00000005 	andeq	r0, r0, r5
  3c:	10001101 	andne	r1, r0, r1, lsl #2
  40:	12011106 	andne	r1, r1, #-2147483647	; 0x80000001
  44:	1b080301 	blne	200c50 <shift+0x200c50>
  48:	13082508 	movwne	r2, #34056	; 0x8508
  4c:	00000005 	andeq	r0, r0, r5
  50:	25011101 	strcs	r1, [r1, #-257]	; 0xfffffeff
  54:	030b130e 	movweq	r1, #45838	; 0xb30e
  58:	110e1b0e 	tstne	lr, lr, lsl #22
  5c:	10061201 	andne	r1, r6, r1, lsl #4
  60:	02000017 	andeq	r0, r0, #23
  64:	0b0b0024 	bleq	2c00fc <shift+0x2c00fc>
  68:	0e030b3e 	vmoveq.16	d3[0], r0
  6c:	24030000 	strcs	r0, [r3], #-0
  70:	3e0b0b00 	vmlacc.f64	d0, d11, d0
  74:	0008030b 	andeq	r0, r8, fp, lsl #6
  78:	00160400 	andseq	r0, r6, r0, lsl #8
  7c:	0b3a0e03 	bleq	e83890 <shift+0xe83890>
  80:	13490b3b 	movtne	r0, #39739	; 0x9b3b
  84:	0f050000 	svceq	0x00050000
  88:	000b0b00 	andeq	r0, fp, r0, lsl #22
  8c:	000f0600 	andeq	r0, pc, r0, lsl #12
  90:	13490b0b 	movtne	r0, #39691	; 0x9b0b
  94:	26070000 	strcs	r0, [r7], -r0
  98:	00134900 	andseq	r4, r3, r0, lsl #18
  9c:	01130800 	tsteq	r3, r0, lsl #16
  a0:	0b0b0e03 	bleq	2c38b4 <shift+0x2c38b4>
  a4:	0b3b0b3a 	bleq	ec2d94 <shift+0xec2d94>
  a8:	00001301 	andeq	r1, r0, r1, lsl #6
  ac:	03000d09 	movweq	r0, #3337	; 0xd09
  b0:	3b0b3a0e 	blcc	2ce8f0 <shift+0x2ce8f0>
  b4:	3813490b 	ldmdacc	r3, {r0, r1, r3, r8, fp, lr}
  b8:	0a00000b 	beq	ec <shift+0xec>
  bc:	0e03000d 	cdpeq	0, 0, cr0, cr3, cr13, {0}
  c0:	053b0b3a 	ldreq	r0, [fp, #-2874]!	; 0xfffff4c6
  c4:	0b381349 	bleq	e04df0 <shift+0xe04df0>
  c8:	160b0000 	strne	r0, [fp], -r0
  cc:	3a0e0300 	bcc	380cd4 <shift+0x380cd4>
  d0:	000b3b0b 	andeq	r3, fp, fp, lsl #22
  d4:	01010c00 	tsteq	r1, r0, lsl #24
  d8:	13011349 	movwne	r1, #4937	; 0x1349
  dc:	210d0000 	mrscs	r0, (UNDEF: 13)
  e0:	2f134900 	svccs	0x00134900
  e4:	0e00000b 	cdpeq	0, 0, cr0, cr0, cr11, {0}
  e8:	0e030013 	mcreq	0, 0, r0, cr3, cr3, {0}
  ec:	0000193c 	andeq	r1, r0, ip, lsr r9
  f0:	0300340f 	movweq	r3, #1039	; 0x40f
  f4:	3b0b3a0e 	blcc	2ce934 <shift+0x2ce934>
  f8:	3f134905 	svccc	0x00134905
  fc:	00193c19 	andseq	r3, r9, r9, lsl ip
 100:	00341000 	eorseq	r1, r4, r0
 104:	0b3a0e03 	bleq	e83918 <shift+0xe83918>
 108:	13490b3b 	movtne	r0, #39739	; 0x9b3b
 10c:	193c193f 	ldmdbne	ip!, {r0, r1, r2, r3, r4, r5, r8, fp, ip}
 110:	21110000 	tstcs	r1, r0
 114:	12000000 	andne	r0, r0, #0
 118:	19270115 	stmdbne	r7!, {r0, r2, r4, r8}
 11c:	13011349 	movwne	r1, #4937	; 0x1349
 120:	05130000 	ldreq	r0, [r3, #-0]
 124:	00134900 	andseq	r4, r3, r0, lsl #18
 128:	00261400 	eoreq	r1, r6, r0, lsl #8
 12c:	04150000 	ldreq	r0, [r5], #-0
 130:	3e0e0301 	cdpcc	3, 0, cr0, cr14, cr1, {0}
 134:	490b0b0b 	stmdbmi	fp, {r0, r1, r3, r8, r9, fp}
 138:	3b0b3a13 	blcc	2ce98c <shift+0x2ce98c>
 13c:	0013010b 	andseq	r0, r3, fp, lsl #2
 140:	00281600 	eoreq	r1, r8, r0, lsl #12
 144:	0b1c0e03 	bleq	703958 <shift+0x703958>
 148:	15170000 	ldrne	r0, [r7, #-0]
 14c:	00192700 	andseq	r2, r9, r0, lsl #14
 150:	00171800 	andseq	r1, r7, r0, lsl #16
 154:	193c0e03 	ldmdbne	ip!, {r0, r1, r9, sl, fp}
 158:	13190000 	tstne	r9, #0
 15c:	0b0e0301 	bleq	380d68 <shift+0x380d68>
 160:	3b0b3a0b 	blcc	2ce994 <shift+0x2ce994>
 164:	00130105 	andseq	r0, r3, r5, lsl #2
 168:	01041a00 	tsteq	r4, r0, lsl #20
 16c:	0b3e0e03 	bleq	f83980 <shift+0xf83980>
 170:	13490b0b 	movtne	r0, #39691	; 0x9b0b
 174:	053b0b3a 	ldreq	r0, [fp, #-2874]!	; 0xfffff4c6
 178:	00001301 	andeq	r1, r0, r1, lsl #6
 17c:	3f012e1b 	svccc	0x00012e1b
 180:	3a0e0319 	bcc	380dec <shift+0x380dec>
 184:	27053b0b 	strcs	r3, [r5, -fp, lsl #22]
 188:	11134919 	tstne	r3, r9, lsl r9
 18c:	40061201 	andmi	r1, r6, r1, lsl #4
 190:	19429718 	stmdbne	r2, {r3, r4, r8, r9, sl, ip, pc}^
 194:	00001301 	andeq	r1, r0, r1, lsl #6
 198:	0300051c 	movweq	r0, #1308	; 0x51c
 19c:	3b0b3a08 	blcc	2ce9c4 <shift+0x2ce9c4>
 1a0:	02134905 	andseq	r4, r3, #81920	; 0x14000
 1a4:	1d000017 	stcne	0, cr0, [r0, #-92]	; 0xffffffa4
 1a8:	08030034 	stmdaeq	r3, {r2, r4, r5}
 1ac:	053b0b3a 	ldreq	r0, [fp, #-2874]!	; 0xfffff4c6
 1b0:	17021349 	strne	r1, [r2, -r9, asr #6]
 1b4:	地址 0x00000000000001b4 越界。


Disassembly of section .debug_aranges:

00000000 <.debug_aranges>:
   0:	0000001c 	andeq	r0, r0, ip, lsl r0
   4:	00000002 	andeq	r0, r0, r2
   8:	00040000 	andeq	r0, r4, r0
   c:	00000000 	andeq	r0, r0, r0
  10:	878032c0 	strhi	r3, [r0, r0, asr #5]
  14:	00000276 	andeq	r0, r0, r6, ror r2
	...
  20:	0000001c 	andeq	r0, r0, ip, lsl r0
  24:	014b0002 	cmpeq	fp, r2
  28:	00040000 	andeq	r0, r4, r0
  2c:	00000000 	andeq	r0, r0, r0
  30:	87803538 			; <UNDEFINED> instruction: 0x87803538
  34:	000000a0 	andeq	r0, r0, r0, lsr #1
	...
  40:	0000001c 	andeq	r0, r0, ip, lsl r0
  44:	02920002 	addseq	r0, r2, #2
  48:	00040000 	andeq	r0, r4, r0
  4c:	00000000 	andeq	r0, r0, r0
  50:	878035d8 			; <UNDEFINED> instruction: 0x878035d8
  54:	00000030 	andeq	r0, r0, r0, lsr r0
	...
  60:	0000001c 	andeq	r0, r0, ip, lsl r0
  64:	03d90002 	bicseq	r0, r9, #2
  68:	00040000 	andeq	r0, r4, r0
  6c:	00000000 	andeq	r0, r0, r0
  70:	87803608 	strhi	r3, [r0, r8, lsl #12]
  74:	0000000c 	andeq	r0, r0, ip
	...
  80:	0000001c 	andeq	r0, r0, ip, lsl r0
  84:	05240002 	streq	r0, [r4, #-2]!
  88:	00040000 	andeq	r0, r4, r0
  8c:	00000000 	andeq	r0, r0, r0
  90:	87803614 	usada8hi	r0, r4, r6, r3
  94:	00000116 	andeq	r0, r0, r6, lsl r1
	...

Disassembly of section .debug_loc:

00000000 <.debug_loc>:
   0:	00000000 	andeq	r0, r0, r0
   4:	00000010 	andeq	r0, r0, r0, lsl r0
   8:	93500006 	cmpls	r0, #6
   c:	04935104 	ldreq	r5, [r3], #260	; 0x104
  10:	00000010 	andeq	r0, r0, r0, lsl r0
  14:	00000116 	andeq	r0, r0, r6, lsl r1
  18:	03f30006 	mvnseq	r0, #6
  1c:	9f2500f5 	svcls	0x002500f5
	...
  2c:	00000082 	andeq	r0, r0, r2, lsl #1
  30:	93520006 	cmpls	r2, #6
  34:	04935304 	ldreq	r5, [r3], #772	; 0x304
  38:	00000082 	andeq	r0, r0, r2, lsl #1
  3c:	000000fc 	strdeq	r0, [r0], -ip
  40:	03f30006 	mvnseq	r0, #6
  44:	9f2502f5 	svcls	0x002502f5
  48:	000000fc 	strdeq	r0, [r0], -ip
  4c:	00000116 	andeq	r0, r0, r6, lsl r1
  50:	93520006 	cmpls	r2, #6
  54:	04935304 	ldreq	r5, [r3], #772	; 0x304
	...
  64:	000000fc 	strdeq	r0, [r0], -ip
  68:	00910002 	addseq	r0, r1, r2
  6c:	000000fc 	strdeq	r0, [r0], -ip
  70:	00000116 	andeq	r0, r0, r6, lsl r1
  74:	00910002 	addseq	r0, r1, r2
	...
  84:	00000074 	andeq	r0, r0, r4, ror r0
  88:	089e000a 	ldmeq	lr, {r1, r3}
	...
  94:	00000074 	andeq	r0, r0, r4, ror r0
  98:	000000bc 	strheq	r0, [r0], -ip
  9c:	93500006 	cmpls	r0, #6
  a0:	04935104 	ldreq	r5, [r3], #260	; 0x104
  a4:	000000c8 	andeq	r0, r0, r8, asr #1
  a8:	000000e6 	andeq	r0, r0, r6, ror #1
  ac:	93500006 	cmpls	r0, #6
  b0:	04935104 	ldreq	r5, [r3], #260	; 0x104
  b4:	000000ee 	andeq	r0, r0, lr, ror #1
  b8:	000000fc 	strdeq	r0, [r0], -ip
  bc:	93500006 	cmpls	r0, #6
  c0:	04935104 	ldreq	r5, [r3], #260	; 0x104
  c4:	000000fc 	strdeq	r0, [r0], -ip
  c8:	00000116 	andeq	r0, r0, r6, lsl r1
  cc:	089e000a 	ldmeq	lr, {r1, r3}
	...
  e0:	00000012 	andeq	r0, r0, r2, lsl r0
  e4:	00000062 	andeq	r0, r0, r2, rrx
  e8:	93540006 	cmpls	r4, #6
  ec:	04935504 	ldreq	r5, [r3], #1284	; 0x504
  f0:	00000072 	andeq	r0, r0, r2, ror r0
  f4:	00000092 	muleq	r0, r2, r0
  f8:	93540006 	cmpls	r4, #6
  fc:	04935504 	ldreq	r5, [r3], #1284	; 0x504
 100:	00000096 	muleq	r0, r6, r0
 104:	000000a4 	andeq	r0, r0, r4, lsr #1
 108:	93540006 	cmpls	r4, #6
 10c:	04935504 	ldreq	r5, [r3], #1284	; 0x504
 110:	000000a6 	andeq	r0, r0, r6, lsr #1
 114:	000000c4 	andeq	r0, r0, r4, asr #1
 118:	93540006 	cmpls	r4, #6
 11c:	04935504 	ldreq	r5, [r3], #1284	; 0x504
 120:	000000ca 	andeq	r0, r0, sl, asr #1
 124:	00000116 	andeq	r0, r0, r6, lsl r1
 128:	93540006 	cmpls	r4, #6
 12c:	04935504 	ldreq	r5, [r3], #1284	; 0x504
	...
 138:	00000050 	andeq	r0, r0, r0, asr r0
 13c:	000000d6 	ldrdeq	r0, [r0], -r6
 140:	93560006 	cmpls	r6, #6
 144:	04935704 	ldreq	r5, [r3], #1796	; 0x704
	...
 150:	00000110 	andeq	r0, r0, r0, lsl r1
 154:	00000116 	andeq	r0, r0, r6, lsl r1
 158:	005c0001 	subseq	r0, ip, r1
 15c:	00000000 	andeq	r0, r0, r0
 160:	30000000 	andcc	r0, r0, r0
 164:	40000000 	andmi	r0, r0, r0
 168:	01000000 	mrseq	r0, (UNDEF: 0)
 16c:	00005100 	andeq	r5, r0, r0, lsl #2
 170:	00000000 	andeq	r0, r0, r0
 174:	00800000 	addeq	r0, r0, r0
 178:	00840000 	addeq	r0, r4, r0
 17c:	00010000 	andeq	r0, r1, r0
 180:	0000845c 	andeq	r8, r0, ip, asr r4
 184:	00009600 	andeq	r9, r0, r0, lsl #12
 188:	52000100 	andpl	r0, r0, #0, 2
 18c:	00000096 	muleq	r0, r6, r0
 190:	00000098 	muleq	r0, r8, r0
 194:	7f720003 	svcvc	0x00720003
 198:	0000989f 	muleq	r0, pc, r8	; <UNPREDICTABLE>
 19c:	0000a600 	andeq	sl, r0, r0, lsl #12
 1a0:	52000100 	andpl	r0, r0, #0, 2
 1a4:	000000a6 	andeq	r0, r0, r6, lsr #1
 1a8:	000000a8 	andeq	r0, r0, r8, lsr #1
 1ac:	7f720003 	svcvc	0x00720003
 1b0:	0000a89f 	muleq	r0, pc, r8	; <UNPREDICTABLE>
 1b4:	0000b600 	andeq	fp, r0, r0, lsl #12
 1b8:	52000100 	andpl	r0, r0, #0, 2
	...
 1c4:	00000034 	andeq	r0, r0, r4, lsr r0
 1c8:	000000de 	ldrdeq	r0, [r0], -lr
 1cc:	005c0001 	subseq	r0, ip, r1
 1d0:	00000000 	andeq	r0, r0, r0
 1d4:	地址 0x00000000000001d4 越界。


Disassembly of section .debug_str:

00000000 <.debug_str>:
       0:	5f617369 	svcpl	0x00617369
       4:	5f746962 	svcpl	0x00746962
       8:	645f7066 	ldrbvs	r7, [pc], #-102	; 10 <shift+0x10>
       c:	54006c62 	strpl	r6, [r0], #-3170	; 0xfffff39e
      10:	45475241 	strbmi	r5, [r7, #-577]	; 0xfffffdbf
      14:	50435f54 	subpl	r5, r3, r4, asr pc
      18:	72615f55 	rsbvc	r5, r1, #340	; 0x154
      1c:	3331316d 	teqcc	r1, #1073741851	; 0x4000001b
      20:	00736a36 	rsbseq	r6, r3, r6, lsr sl
      24:	5f6d7261 	svcpl	0x006d7261
      28:	68637261 	stmdavs	r3!, {r0, r5, r6, r9, ip, sp, lr}^
      2c:	6d77695f 			; <UNDEFINED> instruction: 0x6d77695f
      30:	0074786d 	rsbseq	r7, r4, sp, ror #16
      34:	47524154 			; <UNDEFINED> instruction: 0x47524154
      38:	435f5445 	cmpmi	pc, #1157627904	; 0x45000000
      3c:	635f5550 	cmpvs	pc, #80, 10	; 0x14000000
      40:	6574726f 	ldrbvs	r7, [r4, #-623]!	; 0xfffffd91
      44:	33326d78 	teqcc	r2, #120, 26	; 0x1e00
      48:	68735f00 	ldmdavs	r3!, {r8, r9, sl, fp, ip, lr}^
      4c:	6274726f 	rsbsvs	r7, r4, #-268435450	; 0xf0000006
      50:	41006675 	tstmi	r0, r5, ror r6
      54:	455f4d52 	ldrbmi	r4, [pc, #-3410]	; fffff30a <__bss_end+0x787f648a>
      58:	495f0051 	ldmdbmi	pc, {r0, r4, r6}^	; <UNPREDICTABLE>
      5c:	6f6c5f4f 	svcvs	0x006c5f4f
      60:	745f6b63 	ldrbvc	r6, [pc], #-2915	; 68 <shift+0x68>
      64:	52415400 	subpl	r5, r1, #0, 8
      68:	5f544547 	svcpl	0x00544547
      6c:	5f555043 	svcpl	0x00555043
      70:	316d7261 	cmncc	sp, r1, ror #4
      74:	74363531 	ldrtvc	r3, [r6], #-1329	; 0xfffffacf
      78:	00736632 	rsbseq	r6, r3, r2, lsr r6
      7c:	5f617369 	svcpl	0x00617369
      80:	5f746962 	svcpl	0x00746962
      84:	6d756874 	ldclvs	8, cr6, [r5, #-464]!	; 0xfffffe30
      88:	72700062 	rsbsvc	r0, r0, #98	; 0x62
      8c:	6172676f 	cmnvs	r2, pc, ror #14
      90:	6e695f6d 	cdpvs	15, 6, cr5, cr9, cr13, {3}
      94:	61636f76 	smcvs	14070	; 0x36f6
      98:	6e6f6974 			; <UNDEFINED> instruction: 0x6e6f6974
      9c:	6f68735f 	svcvs	0x0068735f
      a0:	6e5f7472 	mrcvs	4, 2, r7, cr15, cr2, {3}
      a4:	00656d61 	rsbeq	r6, r5, r1, ror #26
      a8:	65647473 	strbvs	r7, [r4, #-1139]!	; 0xfffffb8d
      ac:	55007272 	strpl	r7, [r0, #-626]	; 0xfffffd8e
      b0:	79744944 	ldmdbvc	r4!, {r2, r6, r8, fp, lr}^
      b4:	54006570 	strpl	r6, [r0], #-1392	; 0xfffffa90
      b8:	45475241 	strbmi	r5, [r7, #-577]	; 0xfffffdbf
      bc:	50435f54 	subpl	r5, r3, r4, asr pc
      c0:	6f635f55 	svcvs	0x00635f55
      c4:	78657472 	stmdavc	r5!, {r1, r4, r5, r6, sl, ip, sp, lr}^
      c8:	63373561 	teqvs	r7, #406847488	; 0x18400000
      cc:	6574726f 	ldrbvs	r7, [r4, #-623]!	; 0xfffffd91
      d0:	33356178 	teqcc	r5, #120, 2
      d4:	4f495f00 	svcmi	0x00495f00
      d8:	6675625f 			; <UNDEFINED> instruction: 0x6675625f
      dc:	646e655f 	strbtvs	r6, [lr], #-1375	; 0xfffffaa1
      e0:	755f5f00 	ldrbvc	r5, [pc, #-3840]	; fffff1e8 <__bss_end+0x787f6368>
      e4:	6d766964 			; <UNDEFINED> instruction: 0x6d766964
      e8:	6964646f 	stmdbvs	r4!, {r0, r1, r2, r3, r5, r6, sl, sp, lr}^
      ec:	41420034 	cmpmi	r2, r4, lsr r0
      f0:	415f4553 	cmpmi	pc, r3, asr r5	; <UNPREDICTABLE>
      f4:	5f484352 	svcpl	0x00484352
      f8:	425f4d38 	subsmi	r4, pc, #56, 26	; 0xe00
      fc:	00455341 	subeq	r5, r5, r1, asr #6
     100:	47524154 			; <UNDEFINED> instruction: 0x47524154
     104:	435f5445 	cmpmi	pc, #1157627904	; 0x45000000
     108:	615f5550 	cmpvs	pc, r0, asr r5	; <UNPREDICTABLE>
     10c:	31386d72 	teqcc	r8, r2, ror sp
     110:	41540030 	cmpmi	r4, r0, lsr r0
     114:	54454752 	strbpl	r4, [r5], #-1874	; 0xfffff8ae
     118:	5550435f 	ldrbpl	r4, [r0, #-863]	; 0xfffffca1
     11c:	6567785f 	strbvs	r7, [r7, #-2143]!	; 0xfffff7a1
     120:	0031656e 	eorseq	r6, r1, lr, ror #10
     124:	5f4d5241 	svcpl	0x004d5241
     128:	5f534350 	svcpl	0x00534350
     12c:	43504141 	cmpmi	r0, #1073741840	; 0x40000010
     130:	57495f53 	smlsldpl	r5, r9, r3, pc	; <UNPREDICTABLE>
     134:	54584d4d 	ldrbpl	r4, [r8], #-3405	; 0xfffff2b3
     138:	74706f00 	ldrbtvc	r6, [r0], #-3840	; 0xfffff100
     13c:	0074706f 	rsbseq	r7, r4, pc, rrx
     140:	47524154 			; <UNDEFINED> instruction: 0x47524154
     144:	435f5445 	cmpmi	pc, #1157627904	; 0x45000000
     148:	615f5550 	cmpvs	pc, r0, asr r5	; <UNPREDICTABLE>
     14c:	64376d72 	ldrtvs	r6, [r7], #-3442	; 0xfffff28e
     150:	41420069 	cmpmi	r2, r9, rrx
     154:	415f4553 	cmpmi	pc, r3, asr r5	; <UNPREDICTABLE>
     158:	5f484352 	svcpl	0x00484352
     15c:	41420032 	cmpmi	r2, r2, lsr r0
     160:	415f4553 	cmpmi	pc, r3, asr r5	; <UNPREDICTABLE>
     164:	5f484352 	svcpl	0x00484352
     168:	41540033 	cmpmi	r4, r3, lsr r0
     16c:	54454752 	strbpl	r4, [r5], #-1874	; 0xfffff8ae
     170:	5550435f 	ldrbpl	r4, [r0, #-863]	; 0xfffffca1
     174:	6d72615f 	ldfvse	f6, [r2, #-380]!	; 0xfffffe84
     178:	006d6437 	rsbeq	r6, sp, r7, lsr r4
     17c:	45534142 	ldrbmi	r4, [r3, #-322]	; 0xfffffebe
     180:	4352415f 	cmpmi	r2, #-1073741801	; 0xc0000017
     184:	00355f48 	eorseq	r5, r5, r8, asr #30
     188:	6d6f682f 	stclvs	8, cr6, [pc, #-188]!	; d4 <shift+0xd4>
     18c:	63742f65 	cmnvs	r4, #404	; 0x194
     190:	622d6777 	eorvs	r6, sp, #31195136	; 0x1dc0000
     194:	646c6975 	strbtvs	r6, [ip], #-2421	; 0xfffff68b
     198:	76616c73 			; <UNDEFINED> instruction: 0x76616c73
     19c:	6f772f65 	svcvs	0x00772f65
     1a0:	70736b72 	rsbsvc	r6, r3, r2, ror fp
     1a4:	2f656361 	svccs	0x00656361
     1a8:	67776374 			; <UNDEFINED> instruction: 0x67776374
     1ac:	6b616d2d 	blvs	185b668 <shift+0x185b668>
     1b0:	65722d65 	ldrbvs	r2, [r2, #-3429]!	; 0xfffff29b
     1b4:	7361656c 	cmnvc	r1, #108, 10	; 0x1b000000
     1b8:	2f315f65 	svccs	0x00315f65
     1bc:	6975625f 	ldmdbvs	r5!, {r0, r1, r2, r3, r4, r6, r9, sp, lr}^
     1c0:	622f646c 	eorvs	r6, pc, #108, 8	; 0x6c000000
     1c4:	646c6975 	strbtvs	r6, [ip], #-2421	; 0xfffff68b
     1c8:	38782f73 	ldmdacc	r8!, {r0, r1, r4, r5, r6, r8, r9, sl, fp, sp}^
     1cc:	34365f36 	ldrtcc	r5, [r6], #-3894	; 0xfffff0ca
     1d0:	6b6e752d 	blvs	1b9d68c <shift+0x1b9d68c>
     1d4:	6e776f6e 	cdpvs	15, 7, cr6, cr7, cr14, {3}
     1d8:	6e696c2d 	cdpvs	12, 6, cr6, cr9, cr13, {1}
     1dc:	672d7875 			; <UNDEFINED> instruction: 0x672d7875
     1e0:	612f756e 			; <UNDEFINED> instruction: 0x612f756e
     1e4:	6c2d6d72 	stcvs	13, cr6, [sp], #-456	; 0xfffffe38
     1e8:	78756e69 	ldmdavc	r5!, {r0, r3, r5, r6, r9, sl, fp, sp, lr}^
     1ec:	756e672d 	strbvc	r6, [lr, #-1837]!	; 0xfffff8d3
     1f0:	69626165 	stmdbvs	r2!, {r0, r2, r5, r6, r8, sp, lr}^
     1f4:	672f6668 	strvs	r6, [pc, -r8, ror #12]!
     1f8:	672e6363 	strvs	r6, [lr, -r3, ror #6]!
     1fc:	6c7e7469 	cfldrdvs	mvd7, [lr], #-420	; 0xfffffe5c
     200:	72616e69 	rsbvc	r6, r1, #1680	; 0x690
     204:	2e372d6f 	cdpcs	13, 3, cr2, cr7, cr15, {3}
     208:	30322d35 	eorscc	r2, r2, r5, lsr sp
     20c:	312e3931 			; <UNDEFINED> instruction: 0x312e3931
     210:	74732d32 	ldrbtvc	r2, [r3], #-3378	; 0xfffff2ce
     214:	32656761 	rsbcc	r6, r5, #25427968	; 0x1840000
     218:	6d72612f 	ldfvse	f6, [r2, #-188]!	; 0xffffff44
     21c:	6e696c2d 	cdpvs	12, 6, cr6, cr9, cr13, {1}
     220:	672d7875 			; <UNDEFINED> instruction: 0x672d7875
     224:	6165756e 	cmnvs	r5, lr, ror #10
     228:	66686962 	strbtvs	r6, [r8], -r2, ror #18
     22c:	62696c2f 	rsbvs	r6, r9, #12032	; 0x2f00
     230:	00636367 	rsbeq	r6, r3, r7, ror #6
     234:	45534142 	ldrbmi	r4, [r3, #-322]	; 0xfffffebe
     238:	4352415f 	cmpmi	r2, #-1073741801	; 0xc0000017
     23c:	00375f48 	eorseq	r5, r7, r8, asr #30
     240:	47524154 			; <UNDEFINED> instruction: 0x47524154
     244:	435f5445 	cmpmi	pc, #1157627904	; 0x45000000
     248:	785f5550 	ldmdavc	pc, {r4, r6, r8, sl, ip, lr}^	; <UNPREDICTABLE>
     24c:	6c616373 	stclvs	3, cr6, [r1], #-460	; 0xfffffe34
     250:	41540065 	cmpmi	r4, r5, rrx
     254:	54454752 	strbpl	r4, [r5], #-1874	; 0xfffff8ae
     258:	5550435f 	ldrbpl	r4, [r0, #-863]	; 0xfffffca1
     25c:	6d72615f 	ldfvse	f6, [r2, #-380]!	; 0xfffffe84
     260:	65363439 	ldrvs	r3, [r6, #-1081]!	; 0xfffffbc7
     264:	495f0073 	ldmdbmi	pc, {r0, r1, r4, r5, r6}^	; <UNPREDICTABLE>
     268:	72775f4f 	rsbsvc	r5, r7, #316	; 0x13c
     26c:	5f657469 	svcpl	0x00657469
     270:	00646e65 	rsbeq	r6, r4, r5, ror #28
     274:	47524154 			; <UNDEFINED> instruction: 0x47524154
     278:	435f5445 	cmpmi	pc, #1157627904	; 0x45000000
     27c:	635f5550 	cmpvs	pc, #80, 10	; 0x14000000
     280:	6574726f 	ldrbvs	r7, [r4, #-623]!	; 0xfffffd91
     284:	33336d78 	teqcc	r3, #120, 26	; 0x1e00
     288:	74656700 	strbtvc	r6, [r5], #-1792	; 0xfffff900
     28c:	65746164 	ldrbvs	r6, [r4, #-356]!	; 0xfffffe9c
     290:	7272655f 	rsbsvc	r6, r2, #398458880	; 0x17c00000
     294:	49535500 	ldmdbmi	r3, {r8, sl, ip, lr}^
     298:	65707974 	ldrbvs	r7, [r0, #-2420]!	; 0xfffff68c
     29c:	6c665f00 	stclvs	15, cr5, [r6], #-0
     2a0:	00736761 	rsbseq	r6, r3, r1, ror #14
     2a4:	5f617369 	svcpl	0x00617369
     2a8:	69626f6e 	stmdbvs	r2!, {r1, r2, r3, r5, r6, r8, r9, sl, fp, sp, lr}^
     2ac:	41540074 	cmpmi	r4, r4, ror r0
     2b0:	54454752 	strbpl	r4, [r5], #-1874	; 0xfffff8ae
     2b4:	5550435f 	ldrbpl	r4, [r0, #-863]	; 0xfffffca1
     2b8:	6d72615f 	ldfvse	f6, [r2, #-380]!	; 0xfffffe84
     2bc:	36373131 			; <UNDEFINED> instruction: 0x36373131
     2c0:	73667a6a 	cmnvc	r6, #434176	; 0x6a000
     2c4:	4d524100 	ldfmie	f4, [r2, #-0]
     2c8:	5343505f 	movtpl	r5, #12383	; 0x305f
     2cc:	4b4e555f 	blmi	1395850 <shift+0x1395850>
     2d0:	4e574f4e 	cdpmi	15, 5, cr4, cr7, cr14, {2}
     2d4:	6c665f00 	stclvs	15, cr5, [r6], #-0
     2d8:	32736761 	rsbscc	r6, r3, #25427968	; 0x1840000
     2dc:	52415400 	subpl	r5, r1, #0, 8
     2e0:	5f544547 	svcpl	0x00544547
     2e4:	5f555043 	svcpl	0x00555043
     2e8:	396d7261 	stmdbcc	sp!, {r0, r5, r6, r9, ip, sp, lr}^
     2ec:	41420065 	cmpmi	r2, r5, rrx
     2f0:	415f4553 	cmpmi	pc, r3, asr r5	; <UNPREDICTABLE>
     2f4:	5f484352 	svcpl	0x00484352
     2f8:	4a455435 	bmi	11553d4 <shift+0x11553d4>
     2fc:	61736900 	cmnvs	r3, r0, lsl #18
     300:	7469625f 	strbtvc	r6, [r9], #-607	; 0xfffffda1
     304:	4d52415f 	ldfmie	f4, [r2, #-380]	; 0xfffffe84
     308:	006b3676 	rsbeq	r3, fp, r6, ror r6
     30c:	5f6d7261 	svcpl	0x006d7261
     310:	73666363 	cmnvc	r6, #-1946157055	; 0x8c000001
     314:	74735f6d 	ldrbtvc	r5, [r3], #-3949	; 0xfffff093
     318:	00657461 	rsbeq	r7, r5, r1, ror #8
     31c:	70736e75 	rsbsvc	r6, r3, r5, ror lr
     320:	735f6365 	cmpvc	pc, #-1811939327	; 0x94000001
     324:	6e697274 	mcrvs	2, 3, r7, cr9, cr4, {3}
     328:	5f007367 	svcpl	0x00007367
     32c:	5f737973 	svcpl	0x00737973
     330:	7272656e 	rsbsvc	r6, r2, #461373440	; 0x1b800000
     334:	635f5f00 	cmpvs	pc, #0, 30
     338:	745f7a6c 	ldrbvc	r7, [pc], #-2668	; 340 <shift+0x340>
     33c:	41006261 	tstmi	r0, r1, ror #4
     340:	565f4d52 			; <UNDEFINED> instruction: 0x565f4d52
     344:	72610043 	rsbvc	r0, r1, #67	; 0x43
     348:	72615f6d 	rsbvc	r5, r1, #436	; 0x1b4
     34c:	785f6863 	ldmdavc	pc, {r0, r1, r5, r6, fp, sp, lr}^	; <UNPREDICTABLE>
     350:	6c616373 	stclvs	3, cr6, [r1], #-460	; 0xfffffe34
     354:	52410065 	subpl	r0, r1, #101	; 0x65
     358:	454c5f4d 	strbmi	r5, [ip, #-3917]	; 0xfffff0b3
     35c:	4d524100 	ldfmie	f4, [r2, #-0]
     360:	0053565f 	subseq	r5, r3, pc, asr r6
     364:	5f4d5241 	svcpl	0x004d5241
     368:	61004547 	tstvs	r0, r7, asr #10
     36c:	745f6d72 	ldrbvc	r6, [pc], #-3442	; 374 <shift+0x374>
     370:	5f656e75 	svcpl	0x00656e75
     374:	6f727473 	svcvs	0x00727473
     378:	7261676e 	rsbvc	r6, r1, #28835840	; 0x1b80000
     37c:	7369006d 	cmnvc	r9, #109	; 0x6d
     380:	75715f61 	ldrbvc	r5, [r1, #-3937]!	; 0xfffff09f
     384:	5f6b7269 	svcpl	0x006b7269
     388:	5f336d63 	svcpl	0x00336d63
     38c:	6472646c 	ldrbtvs	r6, [r2], #-1132	; 0xfffffb94
     390:	6d6f6300 	stclvs	3, cr6, [pc, #-0]	; 398 <shift+0x398>
     394:	78656c70 	stmdavc	r5!, {r4, r5, r6, sl, fp, sp, lr}^
     398:	6f6c6620 	svcvs	0x006c6620
     39c:	69007461 	stmdbvs	r0, {r0, r5, r6, sl, ip, sp, lr}
     3a0:	625f6173 	subsvs	r6, pc, #-1073741796	; 0xc000001c
     3a4:	635f7469 	cmpvs	pc, #1761607680	; 0x69000000
     3a8:	0065736d 	rsbeq	r7, r5, sp, ror #6
     3ac:	47524154 			; <UNDEFINED> instruction: 0x47524154
     3b0:	435f5445 	cmpmi	pc, #1157627904	; 0x45000000
     3b4:	635f5550 	cmpvs	pc, #80, 10	; 0x14000000
     3b8:	6574726f 	ldrbvs	r7, [r4, #-623]!	; 0xfffffd91
     3bc:	35316178 	ldrcc	r6, [r1, #-376]!	; 0xfffffe88
     3c0:	49515500 	ldmdbmi	r1, {r8, sl, ip, lr}^
     3c4:	65707974 	ldrbvs	r7, [r0, #-2420]!	; 0xfffff68c
     3c8:	52415400 	subpl	r5, r1, #0, 8
     3cc:	5f544547 	svcpl	0x00544547
     3d0:	5f555043 	svcpl	0x00555043
     3d4:	32376166 	eorscc	r6, r7, #-2147483623	; 0x80000019
     3d8:	00657436 	rsbeq	r7, r5, r6, lsr r4
     3dc:	47524154 			; <UNDEFINED> instruction: 0x47524154
     3e0:	435f5445 	cmpmi	pc, #1157627904	; 0x45000000
     3e4:	635f5550 	cmpvs	pc, #80, 10	; 0x14000000
     3e8:	6574726f 	ldrbvs	r7, [r4, #-623]!	; 0xfffffd91
     3ec:	37316178 			; <UNDEFINED> instruction: 0x37316178
     3f0:	4d524100 	ldfmie	f4, [r2, #-0]
     3f4:	0054475f 	subseq	r4, r4, pc, asr r7
     3f8:	5f4d5241 	svcpl	0x004d5241
     3fc:	6900544c 	stmdbvs	r0, {r2, r3, r6, sl, ip, lr}
     400:	625f6173 	subsvs	r6, pc, #-1073741796	; 0xc000001c
     404:	665f7469 	ldrbvs	r7, [pc], -r9, ror #8
     408:	63363170 	teqvs	r6, #112, 2
     40c:	00766e6f 	rsbseq	r6, r6, pc, ror #28
     410:	69745f5f 	ldmdbvs	r4!, {r0, r1, r2, r3, r4, r6, r8, r9, sl, fp, ip, lr}^
     414:	6f7a656d 	svcvs	0x007a656d
     418:	5400656e 	strpl	r6, [r0], #-1390	; 0xfffffa92
     41c:	45475241 	strbmi	r5, [r7, #-577]	; 0xfffffdbf
     420:	50435f54 	subpl	r5, r3, r4, asr pc
     424:	6f635f55 	svcvs	0x00635f55
     428:	78657472 	stmdavc	r5!, {r1, r4, r5, r6, sl, ip, sp, lr}^
     42c:	00663472 	rsbeq	r3, r6, r2, ror r4
     430:	47524154 			; <UNDEFINED> instruction: 0x47524154
     434:	435f5445 	cmpmi	pc, #1157627904	; 0x45000000
     438:	615f5550 	cmpvs	pc, r0, asr r5	; <UNPREDICTABLE>
     43c:	32396d72 	eorscc	r6, r9, #7296	; 0x1c80
     440:	41420030 	cmpmi	r2, r0, lsr r0
     444:	415f4553 	cmpmi	pc, r3, asr r5	; <UNPREDICTABLE>
     448:	5f484352 	svcpl	0x00484352
     44c:	004d4537 	subeq	r4, sp, r7, lsr r5
     450:	47524154 			; <UNDEFINED> instruction: 0x47524154
     454:	435f5445 	cmpmi	pc, #1157627904	; 0x45000000
     458:	635f5550 	cmpvs	pc, #80, 10	; 0x14000000
     45c:	6574726f 	ldrbvs	r7, [r4, #-623]!	; 0xfffffd91
     460:	32316178 	eorscc	r6, r1, #120, 2
     464:	745f5f00 	ldrbvc	r5, [pc], #-3840	; 46c <shift+0x46c>
     468:	6d616e7a 	stclvs	14, cr6, [r1, #-488]!	; 0xfffffe18
     46c:	61680065 	cmnvs	r8, r5, rrx
     470:	61766873 	cmnvs	r6, r3, ror r8
     474:	00745f6c 	rsbseq	r5, r4, ip, ror #30
     478:	5f4f495f 	svcpl	0x004f495f
     47c:	5f315f32 	svcpl	0x00315f32
     480:	69647473 	stmdbvs	r4!, {r0, r1, r4, r5, r6, sl, ip, sp, lr}^
     484:	42005f6e 	andmi	r5, r0, #440	; 0x1b8
     488:	5f455341 	svcpl	0x00455341
     48c:	48435241 	stmdami	r3, {r0, r6, r9, ip, lr}^
     490:	5a4b365f 	bpl	12cde14 <shift+0x12cde14>
     494:	61736900 	cmnvs	r3, r0, lsl #18
     498:	7469625f 	strbtvc	r6, [r9], #-607	; 0xfffffda1
     49c:	72610073 	rsbvc	r0, r1, #115	; 0x73
     4a0:	72615f6d 	rsbvc	r5, r1, #436	; 0x1b4
     4a4:	615f6863 	cmpvs	pc, r3, ror #16
     4a8:	685f6d72 	ldmdavs	pc, {r1, r4, r5, r6, r8, sl, fp, sp, lr}^	; <UNPREDICTABLE>
     4ac:	76696477 			; <UNDEFINED> instruction: 0x76696477
     4b0:	6f705f00 	svcvs	0x00705f00
     4b4:	72610073 	rsbvc	r0, r1, #115	; 0x73
     4b8:	70665f6d 	rsbvc	r5, r6, sp, ror #30
     4bc:	65645f75 	strbvs	r5, [r4, #-3957]!	; 0xfffff08b
     4c0:	73006373 	movwvc	r6, #883	; 0x373
     4c4:	756f6474 	strbvc	r6, [pc, #-1140]!	; 58 <shift+0x58>
     4c8:	73690074 	cmnvc	r9, #116	; 0x74
     4cc:	69625f61 	stmdbvs	r2!, {r0, r5, r6, r8, r9, sl, fp, ip, lr}^
     4d0:	70665f74 	rsbvc	r5, r6, r4, ror pc
     4d4:	5f003631 	svcpl	0x00003631
     4d8:	735f4f49 	cmpvc	pc, #292	; 0x124
     4dc:	5f657661 	svcpl	0x00657661
     4e0:	00646e65 	rsbeq	r6, r4, r5, ror #28
     4e4:	5f4d5241 	svcpl	0x004d5241
     4e8:	54004948 	strpl	r4, [r0], #-2376	; 0xfffff6b8
     4ec:	45475241 	strbmi	r5, [r7, #-577]	; 0xfffffdbf
     4f0:	50435f54 	subpl	r5, r3, r4, asr pc
     4f4:	72615f55 	rsbvc	r5, r1, #340	; 0x154
     4f8:	5400326d 	strpl	r3, [r0], #-621	; 0xfffffd93
     4fc:	45475241 	strbmi	r5, [r7, #-577]	; 0xfffffdbf
     500:	50435f54 	subpl	r5, r3, r4, asr pc
     504:	72615f55 	rsbvc	r5, r1, #340	; 0x154
     508:	5400336d 	strpl	r3, [r0], #-877	; 0xfffffc93
     50c:	45475241 	strbmi	r5, [r7, #-577]	; 0xfffffdbf
     510:	50435f54 	subpl	r5, r3, r4, asr pc
     514:	72615f55 	rsbvc	r5, r1, #340	; 0x154
     518:	3031376d 	eorscc	r3, r1, sp, ror #14
     51c:	41540030 	cmpmi	r4, r0, lsr r0
     520:	54454752 	strbpl	r4, [r5], #-1874	; 0xfffff8ae
     524:	5550435f 	ldrbpl	r4, [r0, #-863]	; 0xfffffca1
     528:	6d72615f 	ldfvse	f6, [r2, #-380]!	; 0xfffffe84
     52c:	41540036 	cmpmi	r4, r6, lsr r0
     530:	54454752 	strbpl	r4, [r5], #-1874	; 0xfffff8ae
     534:	5550435f 	ldrbpl	r4, [r0, #-863]	; 0xfffffca1
     538:	6d72615f 	ldfvse	f6, [r2, #-380]!	; 0xfffffe84
     53c:	41540037 	cmpmi	r4, r7, lsr r0
     540:	54454752 	strbpl	r4, [r5], #-1874	; 0xfffff8ae
     544:	5550435f 	ldrbpl	r4, [r0, #-863]	; 0xfffffca1
     548:	6d72615f 	ldfvse	f6, [r2, #-380]!	; 0xfffffe84
     54c:	41540038 	cmpmi	r4, r8, lsr r0
     550:	54454752 	strbpl	r4, [r5], #-1874	; 0xfffff8ae
     554:	5550435f 	ldrbpl	r4, [r0, #-863]	; 0xfffffca1
     558:	6d72615f 	ldfvse	f6, [r2, #-380]!	; 0xfffffe84
     55c:	6f6c0039 	svcvs	0x006c0039
     560:	6c20676e 	stcvs	7, cr6, [r0], #-440	; 0xfffffe48
     564:	20676e6f 	rsbcs	r6, r7, pc, ror #28
     568:	69736e75 	ldmdbvs	r3!, {r0, r2, r4, r5, r6, r9, sl, fp, sp, lr}^
     56c:	64656e67 	strbtvs	r6, [r5], #-3687	; 0xfffff199
     570:	746e6920 	strbtvc	r6, [lr], #-2336	; 0xfffff6e0
     574:	52415400 	subpl	r5, r1, #0, 8
     578:	5f544547 	svcpl	0x00544547
     57c:	5f555043 	svcpl	0x00555043
     580:	32366166 	eorscc	r6, r6, #-2147483623	; 0x80000019
     584:	41420036 	cmpmi	r2, r6, lsr r0
     588:	415f4553 	cmpmi	pc, r3, asr r5	; <UNPREDICTABLE>
     58c:	5f484352 	svcpl	0x00484352
     590:	69004d33 	stmdbvs	r0, {r0, r1, r4, r5, r8, sl, fp, lr}
     594:	715f6173 	cmpvc	pc, r3, ror r1	; <UNPREDICTABLE>
     598:	6b726975 	blvs	1c9ab74 <shift+0x1c9ab74>
     59c:	5f6f6e5f 	svcpl	0x006f6e5f
     5a0:	616c6f76 	smcvs	50934	; 0xc6f6
     5a4:	656c6974 	strbvs	r6, [ip, #-2420]!	; 0xfffff68c
     5a8:	0065635f 	rsbeq	r6, r5, pc, asr r3
     5ac:	5f4f495f 	svcpl	0x004f495f
     5b0:	454c4946 	strbmi	r4, [ip, #-2374]	; 0xfffff6ba
     5b4:	61736900 	cmnvs	r3, r0, lsl #18
     5b8:	6e75745f 	mrcvs	4, 3, r7, cr5, cr15, {2}
     5bc:	74735f65 	ldrbtvc	r5, [r3], #-3941	; 0xfffff09b
     5c0:	676e6f72 			; <UNDEFINED> instruction: 0x676e6f72
     5c4:	6d726100 	ldfvse	f6, [r2, #-0]
     5c8:	6372615f 	cmnvs	r2, #-1073741801	; 0xc0000017
     5cc:	6d635f68 	stclvs	15, cr5, [r3, #-416]!	; 0xfffffe60
     5d0:	54006573 	strpl	r6, [r0], #-1395	; 0xfffffa8d
     5d4:	45475241 	strbmi	r5, [r7, #-577]	; 0xfffffdbf
     5d8:	50435f54 	subpl	r5, r3, r4, asr pc
     5dc:	72615f55 	rsbvc	r5, r1, #340	; 0x154
     5e0:	3031366d 	eorscc	r3, r1, sp, ror #12
     5e4:	52415400 	subpl	r5, r1, #0, 8
     5e8:	5f544547 	svcpl	0x00544547
     5ec:	5f555043 	svcpl	0x00555043
     5f0:	316d7261 	cmncc	sp, r1, ror #4
     5f4:	54006530 	strpl	r6, [r0], #-1328	; 0xfffffad0
     5f8:	45475241 	strbmi	r5, [r7, #-577]	; 0xfffffdbf
     5fc:	50435f54 	subpl	r5, r3, r4, asr pc
     600:	72615f55 	rsbvc	r5, r1, #340	; 0x154
     604:	3035376d 	eorscc	r3, r5, sp, ror #14
     608:	00656630 	rsbeq	r6, r5, r0, lsr r6
     60c:	47524154 			; <UNDEFINED> instruction: 0x47524154
     610:	435f5445 	cmpmi	pc, #1157627904	; 0x45000000
     614:	615f5550 	cmpvs	pc, r0, asr r5	; <UNPREDICTABLE>
     618:	31376d72 	teqcc	r7, r2, ror sp
     61c:	61006330 	tstvs	r0, r0, lsr r3
     620:	635f6d72 	cmpvs	pc, #7296	; 0x1c80
     624:	5f646e6f 	svcpl	0x00646e6f
     628:	65646f63 	strbvs	r6, [r4, #-3939]!	; 0xfffff09d
     62c:	4d524100 	ldfmie	f4, [r2, #-0]
     630:	5343505f 	movtpl	r5, #12383	; 0x305f
     634:	5041415f 	subpl	r4, r1, pc, asr r1
     638:	5f005343 	svcpl	0x00005343
     63c:	625f4f49 	subsvs	r4, pc, #292	; 0x124
     640:	756b6361 	strbvc	r6, [fp, #-865]!	; 0xfffffc9f
     644:	61625f70 	smcvs	9712	; 0x25f0
     648:	41006573 	tstmi	r0, r3, ror r5
     64c:	505f4d52 	subspl	r4, pc, r2, asr sp	; <UNPREDICTABLE>
     650:	415f5343 	cmpmi	pc, r3, asr #6
     654:	53435041 	movtpl	r5, #12353	; 0x3041
     658:	434f4c5f 	movtmi	r4, #64607	; 0xfc5f
     65c:	54004c41 	strpl	r4, [r0], #-3137	; 0xfffff3bf
     660:	45475241 	strbmi	r5, [r7, #-577]	; 0xfffffdbf
     664:	50435f54 	subpl	r5, r3, r4, asr pc
     668:	6f635f55 	svcvs	0x00635f55
     66c:	78657472 	stmdavc	r5!, {r1, r4, r5, r6, sl, ip, sp, lr}^
     670:	63373161 	teqvs	r7, #1073741848	; 0x40000018
     674:	6574726f 	ldrbvs	r7, [r4, #-623]!	; 0xfffffd91
     678:	00376178 	eorseq	r6, r7, r8, ror r1
     67c:	47524154 			; <UNDEFINED> instruction: 0x47524154
     680:	435f5445 	cmpmi	pc, #1157627904	; 0x45000000
     684:	615f5550 	cmpvs	pc, r0, asr r5	; <UNPREDICTABLE>
     688:	31376d72 	teqcc	r7, r2, ror sp
     68c:	70007430 	andvc	r7, r0, r0, lsr r4
     690:	72676f72 	rsbvc	r6, r7, #456	; 0x1c8
     694:	695f6d61 	ldmdbvs	pc, {r0, r5, r6, r8, sl, fp, sp, lr}^	; <UNPREDICTABLE>
     698:	636f766e 	cmnvs	pc, #115343360	; 0x6e00000
     69c:	6f697461 	svcvs	0x00697461
     6a0:	616e5f6e 	cmnvs	lr, lr, ror #30
     6a4:	6100656d 	tstvs	r0, sp, ror #10
     6a8:	615f6d72 	cmpvs	pc, r2, ror sp	; <UNPREDICTABLE>
     6ac:	5f686372 	svcpl	0x00686372
     6b0:	6d6d7769 	stclvs	7, cr7, [sp, #-420]!	; 0xfffffe5c
     6b4:	00327478 	eorseq	r7, r2, r8, ror r4
     6b8:	6c69665f 	stclvs	6, cr6, [r9], #-380	; 0xfffffe84
     6bc:	006f6e65 	rsbeq	r6, pc, r5, ror #28
     6c0:	61705f5f 	cmnvs	r0, pc, asr pc
     6c4:	69003164 	stmdbvs	r0, {r2, r5, r6, r8, ip, sp}
     6c8:	6e5f6173 	mrcvs	1, 2, r6, cr15, cr3, {3}
     6cc:	625f6d75 	subsvs	r6, pc, #7488	; 0x1d40
     6d0:	00737469 	rsbseq	r7, r3, r9, ror #8
     6d4:	47524154 			; <UNDEFINED> instruction: 0x47524154
     6d8:	435f5445 	cmpmi	pc, #1157627904	; 0x45000000
     6dc:	635f5550 	cmpvs	pc, #80, 10	; 0x14000000
     6e0:	6574726f 	ldrbvs	r7, [r4, #-623]!	; 0xfffffd91
     6e4:	70306d78 	eorsvc	r6, r0, r8, ror sp
     6e8:	7373756c 	cmnvc	r3, #108, 10	; 0x1b000000
     6ec:	6c6c616d 	stfvse	f6, [ip], #-436	; 0xfffffe4c
     6f0:	746c756d 	strbtvc	r7, [ip], #-1389	; 0xfffffa93
     6f4:	796c7069 	stmdbvc	ip!, {r0, r3, r5, r6, ip, sp, lr}^
     6f8:	52415400 	subpl	r5, r1, #0, 8
     6fc:	5f544547 	svcpl	0x00544547
     700:	5f555043 	svcpl	0x00555043
     704:	6e797865 	cdpvs	8, 7, cr7, cr9, cr5, {3}
     708:	316d736f 	cmncc	sp, pc, ror #6
     70c:	6b616d00 	blvs	185bb14 <shift+0x185bb14>
     710:	5f676e69 	svcpl	0x00676e69
     714:	736e6f63 	cmnvc	lr, #396	; 0x18c
     718:	61745f74 	cmnvs	r4, r4, ror pc
     71c:	00656c62 	rsbeq	r6, r5, r2, ror #24
     720:	5f617369 	svcpl	0x00617369
     724:	5f746962 	svcpl	0x00746962
     728:	76696474 			; <UNDEFINED> instruction: 0x76696474
     72c:	65727000 	ldrbvs	r7, [r2, #-0]!
     730:	5f726566 	svcpl	0x00726566
     734:	6e6f656e 	cdpvs	5, 6, cr6, cr15, cr14, {3}
     738:	726f665f 	rsbvc	r6, pc, #99614720	; 0x5f00000
     73c:	6234365f 	eorsvs	r3, r4, #99614720	; 0x5f00000
     740:	00737469 	rsbseq	r7, r3, r9, ror #8
     744:	47524154 			; <UNDEFINED> instruction: 0x47524154
     748:	435f5445 	cmpmi	pc, #1157627904	; 0x45000000
     74c:	635f5550 	cmpvs	pc, #80, 10	; 0x14000000
     750:	6574726f 	ldrbvs	r7, [r4, #-623]!	; 0xfffffd91
     754:	32336178 	eorscc	r6, r3, #120, 2
     758:	7a697300 	bvc	1a5d360 <shift+0x1a5d360>
     75c:	00745f65 	rsbseq	r5, r4, r5, ror #30
     760:	47524154 			; <UNDEFINED> instruction: 0x47524154
     764:	435f5445 	cmpmi	pc, #1157627904	; 0x45000000
     768:	615f5550 	cmpvs	pc, r0, asr r5	; <UNPREDICTABLE>
     76c:	32366d72 	eorscc	r6, r6, #7296	; 0x1c80
     770:	6d5f0030 	ldclvs	0, cr0, [pc, #-192]	; 6b8 <shift+0x6b8>
     774:	656b7261 	strbvs	r7, [fp, #-609]!	; 0xfffffd9f
     778:	75007372 	strvc	r7, [r0, #-882]	; 0xfffffc8e
     77c:	6570736e 	ldrbvs	r7, [r0, #-878]!	; 0xfffffc92
     780:	735f7663 	cmpvc	pc, #103809024	; 0x6300000
     784:	6e697274 	mcrvs	2, 3, r7, cr9, cr4, {3}
     788:	5f007367 	svcpl	0x00007367
     78c:	725f4f49 	subsvc	r4, pc, #292	; 0x124
     790:	5f646165 	svcpl	0x00646165
     794:	65736162 	ldrbvs	r6, [r3, #-354]!	; 0xfffffe9e
     798:	75635f00 	strbvc	r5, [r3, #-3840]!	; 0xfffff100
     79c:	6f635f72 	svcvs	0x00635f72
     7a0:	6e6d756c 	cdpvs	5, 6, cr7, cr13, cr12, {3}
     7a4:	554e4700 	strbpl	r4, [lr, #-1792]	; 0xfffff900
     7a8:	31314320 	teqcc	r1, r0, lsr #6
     7ac:	352e3720 	strcc	r3, [lr, #-1824]!	; 0xfffff8e0
     7b0:	2d20302e 	stccs	0, cr3, [r0, #-184]!	; 0xffffff48
     7b4:	6372616d 	cmnvs	r2, #1073741851	; 0x4000001b
     7b8:	72613d68 	rsbvc	r3, r1, #104, 26	; 0x1a00
     7bc:	2d37766d 	ldccs	6, cr7, [r7, #-436]!	; 0xfffffe4c
     7c0:	6d2d2061 	stcvs	0, cr2, [sp, #-388]!	; 0xfffffe7c
     7c4:	656e7574 	strbvs	r7, [lr, #-1396]!	; 0xfffffa8c
     7c8:	726f633d 	rsbvc	r6, pc, #-201326592	; 0xf4000000
     7cc:	2d786574 	cfldr64cs	mvdx6, [r8, #-464]!	; 0xfffffe30
     7d0:	2d203961 			; <UNDEFINED> instruction: 0x2d203961
     7d4:	6f6c666d 	svcvs	0x006c666d
     7d8:	612d7461 			; <UNDEFINED> instruction: 0x612d7461
     7dc:	683d6962 	ldmdavs	sp!, {r1, r5, r6, r8, fp, sp, lr}
     7e0:	20647261 	rsbcs	r7, r4, r1, ror #4
     7e4:	70666d2d 	rsbvc	r6, r6, sp, lsr #26
     7e8:	66763d75 			; <UNDEFINED> instruction: 0x66763d75
     7ec:	2d337670 	ldccs	6, cr7, [r3, #-448]!	; 0xfffffe40
     7f0:	20363164 	eorscs	r3, r6, r4, ror #2
     7f4:	68746d2d 	ldmdavs	r4!, {r0, r2, r3, r5, r8, sl, fp, sp, lr}^
     7f8:	20626d75 	rsbcs	r6, r2, r5, ror sp
     7fc:	6c746d2d 	ldclvs	13, cr6, [r4], #-180	; 0xffffff4c
     800:	69642d73 	stmdbvs	r4!, {r0, r1, r4, r5, r6, r8, sl, fp, sp}^
     804:	63656c61 	cmnvs	r5, #24832	; 0x6100
     808:	6e673d74 	mcrvs	13, 3, r3, cr7, cr4, {3}
     80c:	672d2075 			; <UNDEFINED> instruction: 0x672d2075
     810:	20672d20 	rsbcs	r2, r7, r0, lsr #26
     814:	2d20672d 	stccs	7, cr6, [r0, #-180]!	; 0xffffff4c
     818:	2d20324f 	sfmcs	f3, 4, [r0, #-316]!	; 0xfffffec4
     81c:	2d20324f 	sfmcs	f3, 4, [r0, #-316]!	; 0xfffffec4
     820:	2d20324f 	sfmcs	f3, 4, [r0, #-316]!	; 0xfffffec4
     824:	69756266 	ldmdbvs	r5!, {r1, r2, r5, r6, r9, sp, lr}^
     828:	6e69646c 	cdpvs	4, 6, cr6, cr9, cr12, {3}
     82c:	696c2d67 	stmdbvs	ip!, {r0, r1, r2, r5, r6, r8, sl, fp, sp}^
     830:	63636762 	cmnvs	r3, #25690112	; 0x1880000
     834:	6e662d20 	cdpvs	13, 6, cr2, cr6, cr0, {1}
     838:	74732d6f 	ldrbtvc	r2, [r3], #-3439	; 0xfffff291
     83c:	2d6b6361 	stclcs	3, cr6, [fp, #-388]!	; 0xfffffe7c
     840:	746f7270 	strbtvc	r7, [pc], #-624	; 848 <shift+0x848>
     844:	6f746365 	svcvs	0x00746365
     848:	662d2072 			; <UNDEFINED> instruction: 0x662d2072
     84c:	20434950 	subcs	r4, r3, r0, asr r9
     850:	6f6e662d 	svcvs	0x006e662d
     854:	6c6e692d 			; <UNDEFINED> instruction: 0x6c6e692d
     858:	20656e69 	rsbcs	r6, r5, r9, ror #28
     85c:	7865662d 	stmdavc	r5!, {r0, r2, r3, r5, r9, sl, sp, lr}^
     860:	74706563 	ldrbtvc	r6, [r0], #-1379	; 0xfffffa9d
     864:	736e6f69 	cmnvc	lr, #420	; 0x1a4
     868:	76662d20 	strbtvc	r2, [r6], -r0, lsr #26
     86c:	62697369 	rsbvs	r7, r9, #-1543503871	; 0xa4000001
     870:	74696c69 	strbtvc	r6, [r9], #-3177	; 0xfffff397
     874:	69683d79 	stmdbvs	r8!, {r0, r3, r4, r5, r6, r8, sl, fp, ip, sp}^
     878:	6e656464 	cdpvs	4, 6, cr6, cr5, cr4, {3}
     87c:	52415400 	subpl	r5, r1, #0, 8
     880:	5f544547 	svcpl	0x00544547
     884:	5f555043 	svcpl	0x00555043
     888:	316d7261 	cmncc	sp, r1, ror #4
     88c:	65363230 	ldrvs	r3, [r6, #-560]!	; 0xfffffdd0
     890:	6100736a 	tstvs	r0, sl, ror #6
     894:	665f6c6c 	ldrbvs	r6, [pc], -ip, ror #24
     898:	00737570 	rsbseq	r7, r3, r0, ror r5
     89c:	5f6d7261 	svcpl	0x006d7261
     8a0:	68637261 	stmdavs	r3!, {r0, r5, r6, r9, ip, sp, lr}^
     8a4:	54006d33 	strpl	r6, [r0], #-3379	; 0xfffff2cd
     8a8:	45475241 	strbmi	r5, [r7, #-577]	; 0xfffffdbf
     8ac:	50435f54 	subpl	r5, r3, r4, asr pc
     8b0:	61665f55 	cmnvs	r6, r5, asr pc
     8b4:	74363036 	ldrtvc	r3, [r6], #-54	; 0xffffffca
     8b8:	74730065 	ldrbtvc	r0, [r3], #-101	; 0xffffff9b
     8bc:	006e6964 	rsbeq	r6, lr, r4, ror #18
     8c0:	47524154 			; <UNDEFINED> instruction: 0x47524154
     8c4:	435f5445 	cmpmi	pc, #1157627904	; 0x45000000
     8c8:	615f5550 	cmpvs	pc, r0, asr r5	; <UNPREDICTABLE>
     8cc:	32396d72 	eorscc	r6, r9, #7296	; 0x1c80
     8d0:	736a6536 	cmnvc	sl, #226492416	; 0xd800000
     8d4:	53414200 	movtpl	r4, #4608	; 0x1200
     8d8:	52415f45 	subpl	r5, r1, #276	; 0x114
     8dc:	345f4843 	ldrbcc	r4, [pc], #-2115	; 8e4 <shift+0x8e4>
     8e0:	73690054 	cmnvc	r9, #84	; 0x54
     8e4:	69625f61 	stmdbvs	r2!, {r0, r5, r6, r8, r9, sl, fp, ip, lr}^
     8e8:	72635f74 	rsbvc	r5, r3, #116, 30	; 0x1d0
     8ec:	6f747079 	svcvs	0x00747079
     8f0:	656e5f00 	strbvs	r5, [lr, #-3840]!	; 0xfffff100
     8f4:	61007478 	tstvs	r0, r8, ror r4
     8f8:	725f6d72 	subsvc	r6, pc, #7296	; 0x1c80
     8fc:	5f736765 	svcpl	0x00736765
     900:	735f6e69 	cmpvc	pc, #1680	; 0x690
     904:	65757165 	ldrbvs	r7, [r5, #-357]!	; 0xfffffe9b
     908:	0065636e 	rsbeq	r6, r5, lr, ror #6
     90c:	45534142 	ldrbmi	r4, [r3, #-322]	; 0xfffffebe
     910:	4352415f 	cmpmi	r2, #-1073741801	; 0xc0000017
     914:	54355f48 	ldrtpl	r5, [r5], #-3912	; 0xfffff0b8
     918:	495f0045 	ldmdbmi	pc, {r0, r2, r6}^	; <UNPREDICTABLE>
     91c:	616d5f4f 	cmnvs	sp, pc, asr #30
     920:	72656b72 	rsbvc	r6, r5, #116736	; 0x1c800
     924:	52415400 	subpl	r5, r1, #0, 8
     928:	5f544547 	svcpl	0x00544547
     92c:	5f555043 	svcpl	0x00555043
     930:	33397065 	teqcc	r9, #101	; 0x65
     934:	69003231 	stmdbvs	r0, {r0, r4, r5, r9, ip, sp}
     938:	665f6173 			; <UNDEFINED> instruction: 0x665f6173
     93c:	75746165 	ldrbvc	r6, [r4, #-357]!	; 0xfffffe9b
     940:	69006572 	stmdbvs	r0, {r1, r4, r5, r6, r8, sl, sp, lr}
     944:	625f6173 	subsvs	r6, pc, #-1073741796	; 0xc000001c
     948:	735f7469 	cmpvc	pc, #1761607680	; 0x69000000
     94c:	6c6c616d 	stfvse	f6, [ip], #-436	; 0xfffffe4c
     950:	006c756d 	rsbeq	r7, ip, sp, ror #10
     954:	5f617369 	svcpl	0x00617369
     958:	5f746962 	svcpl	0x00746962
     95c:	764d5241 	strbvc	r5, [sp], -r1, asr #4
     960:	00315f38 	eorseq	r5, r1, r8, lsr pc
     964:	5f617369 	svcpl	0x00617369
     968:	5f746962 	svcpl	0x00746962
     96c:	764d5241 	strbvc	r5, [sp], -r1, asr #4
     970:	00325f38 	eorseq	r5, r2, r8, lsr pc
     974:	5f6d7261 	svcpl	0x006d7261
     978:	676e616c 	strbvs	r6, [lr, -ip, ror #2]!
     97c:	74756f5f 	ldrbtvc	r6, [r5], #-3935	; 0xfffff0a1
     980:	5f747570 	svcpl	0x00747570
     984:	656a626f 	strbvs	r6, [sl, #-623]!	; 0xfffffd91
     988:	615f7463 	cmpvs	pc, r3, ror #8
     98c:	69727474 	ldmdbvs	r2!, {r2, r4, r5, r6, sl, ip, sp, lr}^
     990:	65747562 	ldrbvs	r7, [r4, #-1378]!	; 0xfffffa9e
     994:	6f685f73 	svcvs	0x00685f73
     998:	69006b6f 	stmdbvs	r0, {r0, r1, r2, r3, r5, r6, r8, r9, fp, sp, lr}
     99c:	625f6173 	subsvs	r6, pc, #-1073741796	; 0xc000001c
     9a0:	665f7469 	ldrbvs	r7, [pc], -r9, ror #8
     9a4:	33645f70 	cmncc	r4, #112, 30	; 0x1c0
     9a8:	52410032 	subpl	r0, r1, #50	; 0x32
     9ac:	454e5f4d 	strbmi	r5, [lr, #-3917]	; 0xfffff0b3
     9b0:	52415400 	subpl	r5, r1, #0, 8
     9b4:	5f544547 	svcpl	0x00544547
     9b8:	5f555043 	svcpl	0x00555043
     9bc:	316d7261 	cmncc	sp, r1, ror #4
     9c0:	6a363731 	bvs	d8e68c <shift+0xd8e68c>
     9c4:	4200737a 	andmi	r7, r0, #-402653183	; 0xe8000001
     9c8:	5f455341 	svcpl	0x00455341
     9cc:	48435241 	stmdami	r3, {r0, r6, r9, ip, lr}^
     9d0:	0045355f 	subeq	r3, r5, pc, asr r5
     9d4:	5f617369 	svcpl	0x00617369
     9d8:	5f746962 	svcpl	0x00746962
     9dc:	76696461 	strbtvc	r6, [r9], -r1, ror #8
     9e0:	4f495f00 	svcmi	0x00495f00
     9e4:	315f325f 	cmpcc	pc, pc, asr r2	; <UNPREDICTABLE>
     9e8:	6474735f 	ldrbtvs	r7, [r4], #-863	; 0xfffffca1
     9ec:	5f727265 	svcpl	0x00727265
     9f0:	6f727000 	svcvs	0x00727000
     9f4:	73736563 	cmnvc	r3, #415236096	; 0x18c00000
     9f8:	745f726f 	ldrbvc	r7, [pc], #-623	; a00 <shift+0xa00>
     9fc:	00657079 	rsbeq	r7, r5, r9, ror r0
     a00:	5f6d7261 	svcpl	0x006d7261
     a04:	00736370 	rsbseq	r6, r3, r0, ror r3
     a08:	646f6d5f 	strbtvs	r6, [pc], #-3423	; a10 <shift+0xa10>
     a0c:	72610065 	rsbvc	r0, r1, #101	; 0x65
     a10:	72615f6d 	rsbvc	r5, r1, #436	; 0x1b4
     a14:	74346863 	ldrtvc	r6, [r4], #-2147	; 0xfffff79d
     a18:	52415400 	subpl	r5, r1, #0, 8
     a1c:	5f544547 	svcpl	0x00544547
     a20:	5f555043 	svcpl	0x00555043
     a24:	74726f63 	ldrbtvc	r6, [r2], #-3939	; 0xfffff09d
     a28:	31617865 	cmncc	r1, r5, ror #16
     a2c:	726f6335 	rsbvc	r6, pc, #-738197504	; 0xd4000000
     a30:	61786574 	cmnvs	r8, r4, ror r5
     a34:	72610037 	rsbvc	r0, r1, #55	; 0x37
     a38:	75745f6d 	ldrbvc	r5, [r4, #-3949]!	; 0xfffff093
     a3c:	775f656e 	ldrbvc	r6, [pc, -lr, ror #10]
     a40:	00667562 	rsbeq	r7, r6, r2, ror #10
     a44:	62617468 	rsbvs	r7, r1, #104, 8	; 0x68000000
     a48:	7361685f 	cmnvc	r1, #6225920	; 0x5f0000
     a4c:	495f0068 	ldmdbmi	pc, {r3, r5, r6}^	; <UNPREDICTABLE>
     a50:	65725f4f 	ldrbvs	r5, [r2, #-3919]!	; 0xfffff0b1
     a54:	705f6461 	subsvc	r6, pc, r1, ror #8
     a58:	69007274 	stmdbvs	r0, {r2, r4, r5, r6, r9, ip, sp, lr}
     a5c:	625f6173 	subsvs	r6, pc, #-1073741796	; 0xc000001c
     a60:	415f7469 	cmpmi	pc, r9, ror #8
     a64:	37764d52 			; <UNDEFINED> instruction: 0x37764d52
     a68:	54006d65 	strpl	r6, [r0], #-3429	; 0xfffff29b
     a6c:	45475241 	strbmi	r5, [r7, #-577]	; 0xfffffdbf
     a70:	50435f54 	subpl	r5, r3, r4, asr pc
     a74:	6f635f55 	svcvs	0x00635f55
     a78:	78657472 	stmdavc	r5!, {r1, r4, r5, r6, sl, ip, sp, lr}^
     a7c:	5400306d 	strpl	r3, [r0], #-109	; 0xffffff93
     a80:	45475241 	strbmi	r5, [r7, #-577]	; 0xfffffdbf
     a84:	50435f54 	subpl	r5, r3, r4, asr pc
     a88:	6f635f55 	svcvs	0x00635f55
     a8c:	78657472 	stmdavc	r5!, {r1, r4, r5, r6, sl, ip, sp, lr}^
     a90:	5400316d 	strpl	r3, [r0], #-365	; 0xfffffe93
     a94:	45475241 	strbmi	r5, [r7, #-577]	; 0xfffffdbf
     a98:	50435f54 	subpl	r5, r3, r4, asr pc
     a9c:	6f635f55 	svcvs	0x00635f55
     aa0:	78657472 	stmdavc	r5!, {r1, r4, r5, r6, sl, ip, sp, lr}^
     aa4:	5400336d 	strpl	r3, [r0], #-877	; 0xfffffc93
     aa8:	45475241 	strbmi	r5, [r7, #-577]	; 0xfffffdbf
     aac:	50435f54 	subpl	r5, r3, r4, asr pc
     ab0:	6f635f55 	svcvs	0x00635f55
     ab4:	78657472 	stmdavc	r5!, {r1, r4, r5, r6, sl, ip, sp, lr}^
     ab8:	6100346d 	tstvs	r0, sp, ror #8
     abc:	615f6d72 	cmpvs	pc, r2, ror sp	; <UNPREDICTABLE>
     ac0:	5f686372 	svcpl	0x00686372
     ac4:	656d616e 	strbvs	r6, [sp, #-366]!	; 0xfffffe92
     ac8:	52415400 	subpl	r5, r1, #0, 8
     acc:	5f544547 	svcpl	0x00544547
     ad0:	5f555043 	svcpl	0x00555043
     ad4:	376d7261 	strbcc	r7, [sp, -r1, ror #4]!
     ad8:	696d6474 	stmdbvs	sp!, {r2, r4, r5, r6, sl, sp, lr}^
     adc:	52415400 	subpl	r5, r1, #0, 8
     ae0:	5f544547 	svcpl	0x00544547
     ae4:	5f555043 	svcpl	0x00555043
     ae8:	74726f63 	ldrbtvc	r6, [r2], #-3939	; 0xfffff09d
     aec:	376d7865 	strbcc	r7, [sp, -r5, ror #16]!
     af0:	52415400 	subpl	r5, r1, #0, 8
     af4:	5f544547 	svcpl	0x00544547
     af8:	5f555043 	svcpl	0x00555043
     afc:	74726f63 	ldrbtvc	r6, [r2], #-3939	; 0xfffff09d
     b00:	35617865 	strbcc	r7, [r1, #-2149]!	; 0xfffff79b
     b04:	41540033 	cmpmi	r4, r3, lsr r0
     b08:	54454752 	strbpl	r4, [r5], #-1874	; 0xfffff8ae
     b0c:	5550435f 	ldrbpl	r4, [r0, #-863]	; 0xfffffca1
     b10:	6d72615f 	ldfvse	f6, [r2, #-380]!	; 0xfffffe84
     b14:	696d6437 	stmdbvs	sp!, {r0, r1, r2, r4, r5, sl, sp, lr}^
     b18:	52415400 	subpl	r5, r1, #0, 8
     b1c:	5f544547 	svcpl	0x00544547
     b20:	5f555043 	svcpl	0x00555043
     b24:	6f63706d 	svcvs	0x0063706d
     b28:	54006572 	strpl	r6, [r0], #-1394	; 0xfffffa8e
     b2c:	45475241 	strbmi	r5, [r7, #-577]	; 0xfffffdbf
     b30:	50435f54 	subpl	r5, r3, r4, asr pc
     b34:	72615f55 	rsbvc	r5, r1, #340	; 0x154
     b38:	6f6e5f6d 	svcvs	0x006e5f6d
     b3c:	6100656e 	tstvs	r0, lr, ror #10
     b40:	615f6d72 	cmpvs	pc, r2, ror sp	; <UNPREDICTABLE>
     b44:	5f686372 	svcpl	0x00686372
     b48:	6d746f6e 	ldclvs	15, cr6, [r4, #-440]!	; 0xfffffe48
     b4c:	6d726100 	ldfvse	f6, [r2, #-0]
     b50:	6372615f 	cmnvs	r2, #-1073741801	; 0xc0000017
     b54:	00653568 	rsbeq	r3, r5, r8, ror #10
     b58:	47524154 			; <UNDEFINED> instruction: 0x47524154
     b5c:	435f5445 	cmpmi	pc, #1157627904	; 0x45000000
     b60:	615f5550 	cmpvs	pc, r0, asr r5	; <UNPREDICTABLE>
     b64:	30316d72 	eorscc	r6, r1, r2, ror sp
     b68:	00653032 	rsbeq	r3, r5, r2, lsr r0
     b6c:	45534142 	ldrbmi	r4, [r3, #-322]	; 0xfffffebe
     b70:	4352415f 	cmpmi	r2, #-1073741801	; 0xc0000017
     b74:	4a365f48 	bmi	d9889c <shift+0xd9889c>
     b78:	52415400 	subpl	r5, r1, #0, 8
     b7c:	5f544547 	svcpl	0x00544547
     b80:	5f555043 	svcpl	0x00555043
     b84:	396d7261 	stmdbcc	sp!, {r0, r5, r6, r9, ip, sp, lr}^
     b88:	73653836 	cmnvc	r5, #3538944	; 0x360000
     b8c:	52415400 	subpl	r5, r1, #0, 8
     b90:	5f544547 	svcpl	0x00544547
     b94:	5f555043 	svcpl	0x00555043
     b98:	376d7261 	strbcc	r7, [sp, -r1, ror #4]!
     b9c:	00743034 	rsbseq	r3, r4, r4, lsr r0
     ba0:	45534142 	ldrbmi	r4, [r3, #-322]	; 0xfffffebe
     ba4:	4352415f 	cmpmi	r2, #-1073741801	; 0xc0000017
     ba8:	4d365f48 	ldcmi	15, cr5, [r6, #-288]!	; 0xfffffee0
     bac:	61736900 	cmnvs	r3, r0, lsl #18
     bb0:	7469625f 	strbtvc	r6, [r9], #-607	; 0xfffffda1
     bb4:	6d77695f 			; <UNDEFINED> instruction: 0x6d77695f
     bb8:	0074786d 	rsbseq	r7, r4, sp, ror #16
     bbc:	47524154 			; <UNDEFINED> instruction: 0x47524154
     bc0:	435f5445 	cmpmi	pc, #1157627904	; 0x45000000
     bc4:	615f5550 	cmpvs	pc, r0, asr r5	; <UNPREDICTABLE>
     bc8:	31316d72 	teqcc	r1, r2, ror sp
     bcc:	666a3633 			; <UNDEFINED> instruction: 0x666a3633
     bd0:	52410073 	subpl	r0, r1, #115	; 0x73
     bd4:	534c5f4d 	movtpl	r5, #53069	; 0xcf4d
     bd8:	52415400 	subpl	r5, r1, #0, 8
     bdc:	5f544547 	svcpl	0x00544547
     be0:	5f555043 	svcpl	0x00555043
     be4:	316d7261 	cmncc	sp, r1, ror #4
     be8:	74303230 	ldrtvc	r3, [r0], #-560	; 0xfffffdd0
     bec:	4f495f00 	svcmi	0x00495f00
     bf0:	6972775f 	ldmdbvs	r2!, {r0, r1, r2, r3, r4, r6, r8, r9, sl, ip, sp, lr}^
     bf4:	625f6574 	subsvs	r6, pc, #116, 10	; 0x1d000000
     bf8:	00657361 	rsbeq	r7, r5, r1, ror #6
     bfc:	45534142 	ldrbmi	r4, [r3, #-322]	; 0xfffffebe
     c00:	4352415f 	cmpmi	r2, #-1073741801	; 0xc0000017
     c04:	5a365f48 	bpl	d9892c <shift+0xd9892c>
     c08:	4d524100 	ldfmie	f4, [r2, #-0]
     c0c:	5343505f 	movtpl	r5, #12383	; 0x305f
     c10:	5041415f 	subpl	r4, r1, pc, asr r1
     c14:	565f5343 	ldrbpl	r5, [pc], -r3, asr #6
     c18:	54005046 	strpl	r5, [r0], #-70	; 0xffffffba
     c1c:	45475241 	strbmi	r5, [r7, #-577]	; 0xfffffdbf
     c20:	50435f54 	subpl	r5, r3, r4, asr pc
     c24:	77695f55 			; <UNDEFINED> instruction: 0x77695f55
     c28:	74786d6d 	ldrbtvc	r6, [r8], #-3437	; 0xfffff293
     c2c:	73690032 	cmnvc	r9, #50	; 0x32
     c30:	69625f61 	stmdbvs	r2!, {r0, r5, r6, r8, r9, sl, fp, ip, lr}^
     c34:	656e5f74 	strbvs	r5, [lr, #-3956]!	; 0xfffff08c
     c38:	6c006e6f 	stcvs	14, cr6, [r0], {111}	; 0x6f
     c3c:	20676e6f 	rsbcs	r6, r7, pc, ror #28
     c40:	676e6f6c 	strbvs	r6, [lr, -ip, ror #30]!
     c44:	746e6920 	strbtvc	r6, [lr], #-2336	; 0xfffff6e0
     c48:	61736900 	cmnvs	r3, r0, lsl #18
     c4c:	7469625f 	strbtvc	r6, [r9], #-607	; 0xfffffda1
     c50:	7650465f 			; <UNDEFINED> instruction: 0x7650465f
     c54:	72610035 	rsbvc	r0, r1, #53	; 0x35
     c58:	70665f6d 	rsbvc	r5, r6, sp, ror #30
     c5c:	74615f75 	strbtvc	r5, [r1], #-3957	; 0xfffff08b
     c60:	5f007274 	svcpl	0x00007274
     c64:	325f4f49 	subscc	r4, pc, #292	; 0x124
     c68:	735f315f 	cmpvc	pc, #-1073741801	; 0xc0000017
     c6c:	756f6474 	strbvc	r6, [pc, #-1140]!	; 800 <shift+0x800>
     c70:	54005f74 	strpl	r5, [r0], #-3956	; 0xfffff08c
     c74:	45475241 	strbmi	r5, [r7, #-577]	; 0xfffffdbf
     c78:	50435f54 	subpl	r5, r3, r4, asr pc
     c7c:	61665f55 	cmnvs	r6, r5, asr pc
     c80:	74363236 	ldrtvc	r3, [r6], #-566	; 0xfffffdca
     c84:	73690065 	cmnvc	r9, #101	; 0x65
     c88:	75745f61 	ldrbvc	r5, [r4, #-3937]!	; 0xfffff09f
     c8c:	6c5f656e 	cfldr64vs	mvdx6, [pc], {110}	; 0x6e
     c90:	68637364 	stmdavs	r3!, {r2, r5, r6, r8, r9, ip, sp, lr}^
     c94:	54006465 	strpl	r6, [r0], #-1125	; 0xfffffb9b
     c98:	45475241 	strbmi	r5, [r7, #-577]	; 0xfffffdbf
     c9c:	50435f54 	subpl	r5, r3, r4, asr pc
     ca0:	616d5f55 	cmnvs	sp, r5, asr pc
     ca4:	6c657672 	stclvs	6, cr7, [r5], #-456	; 0xfffffe38
     ca8:	6a705f6c 	bvs	1c18a60 <shift+0x1c18a60>
     cac:	74680034 	strbtvc	r0, [r8], #-52	; 0xffffffcc
     cb0:	685f6261 	ldmdavs	pc, {r0, r5, r6, r9, sp, lr}^	; <UNPREDICTABLE>
     cb4:	5f687361 	svcpl	0x00687361
     cb8:	6e696f70 	mcrvs	15, 3, r6, cr9, cr0, {3}
     cbc:	00726574 	rsbseq	r6, r2, r4, ror r5
     cc0:	47524154 			; <UNDEFINED> instruction: 0x47524154
     cc4:	435f5445 	cmpmi	pc, #1157627904	; 0x45000000
     cc8:	635f5550 	cmpvs	pc, #80, 10	; 0x14000000
     ccc:	6574726f 	ldrbvs	r7, [r4, #-623]!	; 0xfffffd91
     cd0:	35336178 	ldrcc	r6, [r3, #-376]!	; 0xfffffe88
     cd4:	6d726100 	ldfvse	f6, [r2, #-0]
     cd8:	6e75745f 	mrcvs	4, 3, r7, cr5, cr15, {2}
     cdc:	6f635f65 	svcvs	0x00635f65
     ce0:	78657472 	stmdavc	r5!, {r1, r4, r5, r6, sl, ip, sp, lr}^
     ce4:	0039615f 	eorseq	r6, r9, pc, asr r1
     ce8:	5f617369 	svcpl	0x00617369
     cec:	5f746962 	svcpl	0x00746962
     cf0:	6d6d7769 	stclvs	7, cr7, [sp, #-420]!	; 0xfffffe5c
     cf4:	00327478 	eorseq	r7, r2, r8, ror r4
     cf8:	47524154 			; <UNDEFINED> instruction: 0x47524154
     cfc:	435f5445 	cmpmi	pc, #1157627904	; 0x45000000
     d00:	635f5550 	cmpvs	pc, #80, 10	; 0x14000000
     d04:	6574726f 	ldrbvs	r7, [r4, #-623]!	; 0xfffffd91
     d08:	32376178 	eorscc	r6, r7, #120, 2
     d0c:	74726f63 	ldrbtvc	r6, [r2], #-3939	; 0xfffff09d
     d10:	35617865 	strbcc	r7, [r1, #-2149]!	; 0xfffff79b
     d14:	73690033 	cmnvc	r9, #51	; 0x33
     d18:	69625f61 	stmdbvs	r2!, {r0, r5, r6, r8, r9, sl, fp, ip, lr}^
     d1c:	68745f74 	ldmdavs	r4!, {r2, r4, r5, r6, r8, r9, sl, fp, ip, lr}^
     d20:	32626d75 	rsbcc	r6, r2, #7488	; 0x1d40
     d24:	74706f00 	ldrbtvc	r6, [r0], #-3840	; 0xfffff100
     d28:	00646e69 	rsbeq	r6, r4, r9, ror #28
     d2c:	45534142 	ldrbmi	r4, [r3, #-322]	; 0xfffffebe
     d30:	4352415f 	cmpmi	r2, #-1073741801	; 0xc0000017
     d34:	41375f48 	teqmi	r7, r8, asr #30
     d38:	61736900 	cmnvs	r3, r0, lsl #18
     d3c:	7469625f 	strbtvc	r6, [r9], #-607	; 0xfffffda1
     d40:	746f645f 	strbtvc	r6, [pc], #-1119	; d48 <shift+0xd48>
     d44:	646f7270 	strbtvs	r7, [pc], #-624	; d4c <shift+0xd4c>
     d48:	53414200 	movtpl	r4, #4608	; 0x1200
     d4c:	52415f45 	subpl	r5, r1, #276	; 0x114
     d50:	305f4843 	subscc	r4, pc, r3, asr #16
     d54:	6d726100 	ldfvse	f6, [r2, #-0]
     d58:	3170665f 	cmncc	r0, pc, asr r6
     d5c:	79745f36 	ldmdbvc	r4!, {r1, r2, r4, r5, r8, r9, sl, fp, ip, lr}^
     d60:	6e5f6570 	mrcvs	5, 2, r6, cr15, cr0, {3}
     d64:	0065646f 	rsbeq	r6, r5, pc, ror #8
     d68:	5f4d5241 	svcpl	0x004d5241
     d6c:	6100494d 	tstvs	r0, sp, asr #18
     d70:	615f6d72 	cmpvs	pc, r2, ror sp	; <UNPREDICTABLE>
     d74:	36686372 			; <UNDEFINED> instruction: 0x36686372
     d78:	7261006b 	rsbvc	r0, r1, #107	; 0x6b
     d7c:	72615f6d 	rsbvc	r5, r1, #436	; 0x1b4
     d80:	6d366863 	ldcvs	8, cr6, [r6, #-396]!	; 0xfffffe74
     d84:	53414200 	movtpl	r4, #4608	; 0x1200
     d88:	52415f45 	subpl	r5, r1, #276	; 0x114
     d8c:	345f4843 	ldrbcc	r4, [pc], #-2115	; d94 <shift+0xd94>
     d90:	53414200 	movtpl	r4, #4608	; 0x1200
     d94:	52415f45 	subpl	r5, r1, #276	; 0x114
     d98:	375f4843 	ldrbcc	r4, [pc, -r3, asr #16]
     d9c:	41420052 	qdaddmi	r0, r2, r2
     da0:	415f4553 	cmpmi	pc, r3, asr r5	; <UNPREDICTABLE>
     da4:	5f484352 	svcpl	0x00484352
     da8:	5f5f0036 	svcpl	0x005f0036
     dac:	63706f70 	cmnvs	r0, #112, 30	; 0x1c0
     db0:	746e756f 	strbtvc	r7, [lr], #-1391	; 0xfffffa91
     db4:	6261745f 	rsbvs	r7, r1, #1593835520	; 0x5f000000
     db8:	715f5f00 	cmpvc	pc, r0, lsl #30
     dbc:	5f646175 	svcpl	0x00646175
     dc0:	74680074 	strbtvc	r0, [r8], #-116	; 0xffffff8c
     dc4:	655f6261 	ldrbvs	r6, [pc, #-609]	; b6b <shift+0xb6b>
     dc8:	41420071 	hvcmi	8193	; 0x2001
     dcc:	415f4553 	cmpmi	pc, r3, asr r5	; <UNPREDICTABLE>
     dd0:	5f484352 	svcpl	0x00484352
     dd4:	00325436 	eorseq	r5, r2, r6, lsr r4
     dd8:	61705f5f 	cmnvs	r0, pc, asr pc
     ddc:	5f003264 	svcpl	0x00003264
     de0:	6461705f 	strbtvs	r7, [r1], #-95	; 0xffffffa1
     de4:	5f5f0033 	svcpl	0x005f0033
     de8:	34646170 	strbtcc	r6, [r4], #-368	; 0xfffffe90
     dec:	705f5f00 	subsvc	r5, pc, r0, lsl #30
     df0:	00356461 	eorseq	r6, r5, r1, ror #8
     df4:	47524154 			; <UNDEFINED> instruction: 0x47524154
     df8:	435f5445 	cmpmi	pc, #1157627904	; 0x45000000
     dfc:	635f5550 	cmpvs	pc, #80, 10	; 0x14000000
     e00:	6574726f 	ldrbvs	r7, [r4, #-623]!	; 0xfffffd91
     e04:	33376178 	teqcc	r7, #120, 2
     e08:	52415400 	subpl	r5, r1, #0, 8
     e0c:	5f544547 	svcpl	0x00544547
     e10:	5f555043 	svcpl	0x00555043
     e14:	656e6567 	strbvs	r6, [lr, #-1383]!	; 0xfffffa99
     e18:	76636972 			; <UNDEFINED> instruction: 0x76636972
     e1c:	54006137 	strpl	r6, [r0], #-311	; 0xfffffec9
     e20:	45475241 	strbmi	r5, [r7, #-577]	; 0xfffffdbf
     e24:	50435f54 	subpl	r5, r3, r4, asr pc
     e28:	72615f55 	rsbvc	r5, r1, #340	; 0x154
     e2c:	3030376d 	eorscc	r3, r0, sp, ror #14
     e30:	6d726100 	ldfvse	f6, [r2, #-0]
     e34:	6372615f 	cmnvs	r2, #-1073741801	; 0xc0000017
     e38:	6f6e5f68 	svcvs	0x006e5f68
     e3c:	6c6f765f 	stclvs	6, cr7, [pc], #-380	; cc8 <shift+0xcc8>
     e40:	6c697461 	cfstrdvs	mvd7, [r9], #-388	; 0xfffffe7c
     e44:	65635f65 	strbvs	r5, [r3, #-3941]!	; 0xfffff09b
     e48:	53414200 	movtpl	r4, #4608	; 0x1200
     e4c:	52415f45 	subpl	r5, r1, #276	; 0x114
     e50:	385f4843 	ldmdacc	pc, {r0, r1, r6, fp, lr}^	; <UNPREDICTABLE>
     e54:	41540041 	cmpmi	r4, r1, asr #32
     e58:	54454752 	strbpl	r4, [r5], #-1874	; 0xfffff8ae
     e5c:	5550435f 	ldrbpl	r4, [r0, #-863]	; 0xfffffca1
     e60:	6d72615f 	ldfvse	f6, [r2, #-380]!	; 0xfffffe84
     e64:	6d647437 	cfstrdvs	mvd7, [r4, #-220]!	; 0xffffff24
     e68:	54007369 	strpl	r7, [r0], #-873	; 0xfffffc97
     e6c:	45475241 	strbmi	r5, [r7, #-577]	; 0xfffffdbf
     e70:	50435f54 	subpl	r5, r3, r4, asr pc
     e74:	72615f55 	rsbvc	r5, r1, #340	; 0x154
     e78:	3230316d 	eorscc	r3, r0, #1073741851	; 0x4000001b
     e7c:	5f006532 	svcpl	0x00006532
     e80:	62617476 	rsbvs	r7, r1, #1979711488	; 0x76000000
     e84:	6f5f656c 	svcvs	0x005f656c
     e88:	65736666 	ldrbvs	r6, [r3, #-1638]!	; 0xfffff99a
     e8c:	706f0074 	rsbvc	r0, pc, r4, ror r0	; <UNPREDICTABLE>
     e90:	72726574 	rsbsvc	r6, r2, #116, 10	; 0x1d000000
     e94:	53414200 	movtpl	r4, #4608	; 0x1200
     e98:	52415f45 	subpl	r5, r1, #276	; 0x114
     e9c:	355f4843 	ldrbcc	r4, [pc, #-2115]	; 661 <shift+0x661>
     ea0:	41540054 	cmpmi	r4, r4, asr r0
     ea4:	54454752 	strbpl	r4, [r5], #-1874	; 0xfffff8ae
     ea8:	5550435f 	ldrbpl	r4, [r0, #-863]	; 0xfffffca1
     eac:	726f635f 	rsbvc	r6, pc, #2080374785	; 0x7c000001
     eb0:	61786574 	cmnvs	r8, r4, ror r5
     eb4:	6f633337 	svcvs	0x00633337
     eb8:	78657472 	stmdavc	r5!, {r1, r4, r5, r6, sl, ip, sp, lr}^
     ebc:	00353361 	eorseq	r3, r5, r1, ror #6
     ec0:	6174706f 	cmnvs	r4, pc, rrx
     ec4:	41006772 	tstmi	r0, r2, ror r7
     ec8:	4e5f4d52 	mrcmi	13, 2, r4, cr15, cr2, {2}
     ecc:	72610056 	rsbvc	r0, r1, #86	; 0x56
     ed0:	72615f6d 	rsbvc	r5, r1, #436	; 0x1b4
     ed4:	00346863 	eorseq	r6, r4, r3, ror #16
     ed8:	5f6d7261 	svcpl	0x006d7261
     edc:	68637261 	stmdavs	r3!, {r0, r5, r6, r9, ip, sp, lr}^
     ee0:	72610035 	rsbvc	r0, r1, #53	; 0x35
     ee4:	72615f6d 	rsbvc	r5, r1, #436	; 0x1b4
     ee8:	00366863 	eorseq	r6, r6, r3, ror #16
     eec:	5f6d7261 	svcpl	0x006d7261
     ef0:	68637261 	stmdavs	r3!, {r0, r5, r6, r9, ip, sp, lr}^
     ef4:	72610037 	rsbvc	r0, r1, #55	; 0x37
     ef8:	72615f6d 	rsbvc	r5, r1, #436	; 0x1b4
     efc:	00386863 	eorseq	r6, r8, r3, ror #16
     f00:	676e6f6c 	strbvs	r6, [lr, -ip, ror #30]!
     f04:	756f6420 	strbvc	r6, [pc, #-1056]!	; aec <shift+0xaec>
     f08:	00656c62 	rsbeq	r6, r5, r2, ror #24
     f0c:	45534142 	ldrbmi	r4, [r3, #-322]	; 0xfffffebe
     f10:	4352415f 	cmpmi	r2, #-1073741801	; 0xc0000017
     f14:	4b365f48 	blmi	d98c3c <shift+0xd98c3c>
     f18:	52415400 	subpl	r5, r1, #0, 8
     f1c:	5f544547 	svcpl	0x00544547
     f20:	5f555043 	svcpl	0x00555043
     f24:	396d7261 	stmdbcc	sp!, {r0, r5, r6, r9, ip, sp, lr}^
     f28:	00743034 	rsbseq	r3, r4, r4, lsr r0
     f2c:	5f6d7261 	svcpl	0x006d7261
     f30:	656e7574 	strbvs	r7, [lr, #-1396]!	; 0xfffffa8c
     f34:	6373785f 	cmnvs	r3, #6225920	; 0x5f0000
     f38:	00656c61 	rsbeq	r6, r5, r1, ror #24
     f3c:	47524154 			; <UNDEFINED> instruction: 0x47524154
     f40:	435f5445 	cmpmi	pc, #1157627904	; 0x45000000
     f44:	615f5550 	cmpvs	pc, r0, asr r5	; <UNPREDICTABLE>
     f48:	35376d72 	ldrcc	r6, [r7, #-3442]!	; 0xfffff28e
     f4c:	69003030 	stmdbvs	r0, {r4, r5, ip, sp}
     f50:	715f6173 	cmpvc	pc, r3, ror r1	; <UNPREDICTABLE>
     f54:	6b726975 	blvs	1c9b530 <shift+0x1c9b530>
     f58:	4d52415f 	ldfmie	f4, [r2, #-380]	; 0xfffffe84
     f5c:	7a6b3676 	bvc	1ace93c <shift+0x1ace93c>
     f60:	75687400 	strbvc	r7, [r8, #-1024]!	; 0xfffffc00
     f64:	635f626d 	cmpvs	pc, #-805306362	; 0xd0000006
     f68:	5f6c6c61 	svcpl	0x006c6c61
     f6c:	5f616976 	svcpl	0x00616976
     f70:	6562616c 	strbvs	r6, [r2, #-364]!	; 0xfffffe94
     f74:	4154006c 	cmpmi	r4, ip, rrx
     f78:	54454752 	strbpl	r4, [r5], #-1874	; 0xfffff8ae
     f7c:	5550435f 	ldrbpl	r4, [r0, #-863]	; 0xfffffca1
     f80:	6d72615f 	ldfvse	f6, [r2, #-380]!	; 0xfffffe84
     f84:	00303137 	eorseq	r3, r0, r7, lsr r1
     f88:	47524154 			; <UNDEFINED> instruction: 0x47524154
     f8c:	435f5445 	cmpmi	pc, #1157627904	; 0x45000000
     f90:	635f5550 	cmpvs	pc, #80, 10	; 0x14000000
     f94:	6574726f 	ldrbvs	r7, [r4, #-623]!	; 0xfffffd91
     f98:	00356178 	eorseq	r6, r5, r8, ror r1
     f9c:	5f4f495f 	svcpl	0x004f495f
     fa0:	65766173 	ldrbvs	r6, [r6, #-371]!	; 0xfffffe8d
     fa4:	7361625f 	cmnvc	r1, #-268435451	; 0xf0000005
     fa8:	41540065 	cmpmi	r4, r5, rrx
     fac:	54454752 	strbpl	r4, [r5], #-1874	; 0xfffff8ae
     fb0:	5550435f 	ldrbpl	r4, [r0, #-863]	; 0xfffffca1
     fb4:	726f635f 	rsbvc	r6, pc, #2080374785	; 0x7c000001
     fb8:	61786574 	cmnvs	r8, r4, ror r5
     fbc:	41540038 	cmpmi	r4, r8, lsr r0
     fc0:	54454752 	strbpl	r4, [r5], #-1874	; 0xfffff8ae
     fc4:	5550435f 	ldrbpl	r4, [r0, #-863]	; 0xfffffca1
     fc8:	726f635f 	rsbvc	r6, pc, #2080374785	; 0x7c000001
     fcc:	61786574 	cmnvs	r8, r4, ror r5
     fd0:	495f0039 	ldmdbmi	pc, {r0, r3, r4, r5}^	; <UNPREDICTABLE>
     fd4:	65725f4f 	ldrbvs	r5, [r2, #-3919]!	; 0xfffff0b1
     fd8:	655f6461 	ldrbvs	r6, [pc, #-1121]	; b7f <shift+0xb7f>
     fdc:	4100646e 	tstmi	r0, lr, ror #8
     fe0:	505f4d52 	subspl	r4, pc, r2, asr sp	; <UNPREDICTABLE>
     fe4:	415f5343 	cmpmi	pc, r3, asr #6
     fe8:	00534350 	subseq	r4, r3, r0, asr r3
     fec:	5f4d5241 	svcpl	0x004d5241
     ff0:	5f534350 	svcpl	0x00534350
     ff4:	43505441 	cmpmi	r0, #1090519040	; 0x41000000
     ff8:	68730053 	ldmdavs	r3!, {r0, r1, r4, r6}^
     ffc:	2074726f 	rsbscs	r7, r4, pc, ror #4
    1000:	00746e69 	rsbseq	r6, r4, r9, ror #28
    1004:	47524154 			; <UNDEFINED> instruction: 0x47524154
    1008:	435f5445 	cmpmi	pc, #1157627904	; 0x45000000
    100c:	615f5550 	cmpvs	pc, r0, asr r5	; <UNPREDICTABLE>
    1010:	30366d72 	eorscc	r6, r6, r2, ror sp
    1014:	41540030 	cmpmi	r4, r0, lsr r0
    1018:	54454752 	strbpl	r4, [r5], #-1874	; 0xfffff8ae
    101c:	5550435f 	ldrbpl	r4, [r0, #-863]	; 0xfffffca1
    1020:	6d72615f 	ldfvse	f6, [r2, #-380]!	; 0xfffffe84
    1024:	74303237 	ldrtvc	r3, [r0], #-567	; 0xfffffdc9
    1028:	52415400 	subpl	r5, r1, #0, 8
    102c:	5f544547 	svcpl	0x00544547
    1030:	5f555043 	svcpl	0x00555043
    1034:	74726f63 	ldrbtvc	r6, [r2], #-3939	; 0xfffff09d
    1038:	35617865 	strbcc	r7, [r1, #-2149]!	; 0xfffff79b
    103c:	6f630037 	svcvs	0x00630037
    1040:	656c706d 	strbvs	r7, [ip, #-109]!	; 0xffffff93
    1044:	6f642078 	svcvs	0x00642078
    1048:	656c6275 	strbvs	r6, [ip, #-629]!	; 0xfffffd8b
    104c:	52415400 	subpl	r5, r1, #0, 8
    1050:	5f544547 	svcpl	0x00544547
    1054:	5f555043 	svcpl	0x00555043
    1058:	74726f63 	ldrbtvc	r6, [r2], #-3939	; 0xfffff09d
    105c:	37617865 	strbcc	r7, [r1, -r5, ror #16]!
    1060:	726f6333 	rsbvc	r6, pc, #-872415232	; 0xcc000000
    1064:	61786574 	cmnvs	r8, r4, ror r5
    1068:	54003335 	strpl	r3, [r0], #-821	; 0xfffffccb
    106c:	45475241 	strbmi	r5, [r7, #-577]	; 0xfffffdbf
    1070:	50435f54 	subpl	r5, r3, r4, asr pc
    1074:	6f635f55 	svcvs	0x00635f55
    1078:	78657472 	stmdavc	r5!, {r1, r4, r5, r6, sl, ip, sp, lr}^
    107c:	61003761 	tstvs	r0, r1, ror #14
    1080:	635f6d72 	cmpvs	pc, #7296	; 0x1c80
    1084:	73690063 	cmnvc	r9, #99	; 0x63
    1088:	69625f61 	stmdbvs	r2!, {r0, r5, r6, r8, r9, sl, fp, ip, lr}^
    108c:	6f6d5f74 	svcvs	0x006d5f74
    1090:	36326564 	ldrtcc	r6, [r2], -r4, ror #10
    1094:	61736900 	cmnvs	r3, r0, lsl #18
    1098:	7469625f 	strbtvc	r6, [r9], #-607	; 0xfffffda1
    109c:	6373785f 	cmnvs	r3, #6225920	; 0x5f0000
    10a0:	00656c61 	rsbeq	r6, r5, r1, ror #24
    10a4:	47524154 			; <UNDEFINED> instruction: 0x47524154
    10a8:	435f5445 	cmpmi	pc, #1157627904	; 0x45000000
    10ac:	735f5550 	cmpvc	pc, #80, 10	; 0x14000000
    10b0:	6e6f7274 	mcrvs	2, 3, r7, cr15, cr4, {3}
    10b4:	6d726167 	ldfvse	f6, [r2, #-412]!	; 0xfffffe64
    10b8:	30303131 	eorscc	r3, r0, r1, lsr r1
    10bc:	52415400 	subpl	r5, r1, #0, 8
    10c0:	5f544547 	svcpl	0x00544547
    10c4:	5f555043 	svcpl	0x00555043
    10c8:	74726f63 	ldrbtvc	r6, [r2], #-3939	; 0xfffff09d
    10cc:	306d7865 	rsbcc	r7, sp, r5, ror #16
    10d0:	73756c70 	cmnvc	r5, #112, 24	; 0x7000
    10d4:	6f645f00 	svcvs	0x00645f00
    10d8:	755f746e 	ldrbvc	r7, [pc, #-1134]	; c72 <shift+0xc72>
    10dc:	745f6573 	ldrbvc	r6, [pc], #-1395	; 10e4 <shift+0x10e4>
    10e0:	5f656572 	svcpl	0x00656572
    10e4:	65726568 	ldrbvs	r6, [r2, #-1384]!	; 0xfffffa98
    10e8:	4154005f 	cmpmi	r4, pc, asr r0
    10ec:	54454752 	strbpl	r4, [r5], #-1874	; 0xfffff8ae
    10f0:	5550435f 	ldrbpl	r4, [r0, #-863]	; 0xfffffca1
    10f4:	6d72615f 	ldfvse	f6, [r2, #-380]!	; 0xfffffe84
    10f8:	64743031 	ldrbtvs	r3, [r4], #-49	; 0xffffffcf
    10fc:	6200696d 	andvs	r6, r0, #1785856	; 0x1b4000
    1100:	5f657361 	svcpl	0x00657361
    1104:	68637261 	stmdavs	r3!, {r0, r5, r6, r9, ip, sp, lr}^
    1108:	63657469 	cmnvs	r5, #1761607680	; 0x69000000
    110c:	65727574 	ldrbvs	r7, [r2, #-1396]!	; 0xfffffa8c
    1110:	6d726100 	ldfvse	f6, [r2, #-0]
    1114:	6372615f 	cmnvs	r2, #-1073741801	; 0xc0000017
    1118:	72635f68 	rsbvc	r5, r3, #104, 30	; 0x1a0
    111c:	41540063 	cmpmi	r4, r3, rrx
    1120:	54454752 	strbpl	r4, [r5], #-1874	; 0xfffff8ae
    1124:	5550435f 	ldrbpl	r4, [r0, #-863]	; 0xfffffca1
    1128:	726f635f 	rsbvc	r6, pc, #2080374785	; 0x7c000001
    112c:	6d786574 	cfldr64vs	mvdx6, [r8, #-464]!	; 0xfffffe30
    1130:	616d7331 	cmnvs	sp, r1, lsr r3
    1134:	756d6c6c 	strbvc	r6, [sp, #-3180]!	; 0xfffff394
    1138:	7069746c 	rsbvc	r7, r9, ip, ror #8
    113c:	6100796c 	tstvs	r0, ip, ror #18
    1140:	635f6d72 	cmpvs	pc, #7296	; 0x1c80
    1144:	65727275 	ldrbvs	r7, [r2, #-629]!	; 0xfffffd8b
    1148:	635f746e 	cmpvs	pc, #1845493760	; 0x6e000000
    114c:	72610063 	rsbvc	r0, r1, #99	; 0x63
    1150:	61745f6d 	cmnvs	r4, sp, ror #30
    1154:	74656772 	strbtvc	r6, [r5], #-1906	; 0xfffff88e
    1158:	736e695f 	cmnvc	lr, #1556480	; 0x17c000
    115c:	645f006e 	ldrbvs	r0, [pc], #-110	; 1164 <shift+0x1164>
    1160:	5f746e6f 	svcpl	0x00746e6f
    1164:	5f657375 	svcpl	0x00657375
    1168:	5f787472 	svcpl	0x00787472
    116c:	65726568 	ldrbvs	r6, [r2, #-1384]!	; 0xfffffa98
    1170:	5f5f005f 	svcpl	0x005f005f
    1174:	69766e65 	ldmdbvs	r6!, {r0, r2, r5, r6, r9, sl, fp, sp, lr}^
    1178:	006e6f72 	rsbeq	r6, lr, r2, ror pc
    117c:	5f617369 	svcpl	0x00617369
    1180:	5f746962 	svcpl	0x00746962
    1184:	33637263 	cmncc	r3, #805306374	; 0x30000006
    1188:	495f0032 	ldmdbmi	pc, {r1, r4, r5}^	; <UNPREDICTABLE>
    118c:	49465f4f 	stmdbmi	r6, {r0, r1, r2, r3, r6, r8, r9, sl, fp, ip, lr}^
    1190:	705f454c 	subsvc	r4, pc, ip, asr #10
    1194:	0073756c 	rsbseq	r7, r3, ip, ror #10
    1198:	5f4d5241 	svcpl	0x004d5241
    119c:	69004c50 	stmdbvs	r0, {r4, r6, sl, fp, lr}
    11a0:	625f6173 	subsvs	r6, pc, #-1073741796	; 0xc000001c
    11a4:	565f7469 	ldrbpl	r7, [pc], -r9, ror #8
    11a8:	32765046 	rsbscc	r5, r6, #70	; 0x46
    11ac:	61736900 	cmnvs	r3, r0, lsl #18
    11b0:	7469625f 	strbtvc	r6, [r9], #-607	; 0xfffffda1
    11b4:	5046565f 	subpl	r5, r6, pc, asr r6
    11b8:	69003376 	stmdbvs	r0, {r1, r2, r4, r5, r6, r8, r9, ip, sp}
    11bc:	625f6173 	subsvs	r6, pc, #-1073741796	; 0xc000001c
    11c0:	565f7469 	ldrbpl	r7, [pc], -r9, ror #8
    11c4:	34765046 	ldrbtcc	r5, [r6], #-70	; 0xffffffba
    11c8:	53414200 	movtpl	r4, #4608	; 0x1200
    11cc:	52415f45 	subpl	r5, r1, #276	; 0x114
    11d0:	385f4843 	ldmdacc	pc, {r0, r1, r6, fp, lr}^	; <UNPREDICTABLE>
    11d4:	414d5f4d 	cmpmi	sp, sp, asr #30
    11d8:	54004e49 	strpl	r4, [r0], #-3657	; 0xfffff1b7
    11dc:	45475241 	strbmi	r5, [r7, #-577]	; 0xfffffdbf
    11e0:	50435f54 	subpl	r5, r3, r4, asr pc
    11e4:	72615f55 	rsbvc	r5, r1, #340	; 0x154
    11e8:	6474396d 	ldrbtvs	r3, [r4], #-2413	; 0xfffff693
    11ec:	4100696d 	tstmi	r0, sp, ror #18
    11f0:	415f4d52 	cmpmi	pc, r2, asr sp	; <UNPREDICTABLE>
    11f4:	7369004c 	cmnvc	r9, #76	; 0x4c
    11f8:	69625f61 	stmdbvs	r2!, {r0, r5, r6, r8, r9, sl, fp, ip, lr}^
    11fc:	6f6d5f74 	svcvs	0x006d5f74
    1200:	32336564 	eorscc	r6, r3, #100, 10	; 0x19000000
    1204:	53414200 	movtpl	r4, #4608	; 0x1200
    1208:	52415f45 	subpl	r5, r1, #276	; 0x114
    120c:	375f4843 	ldrbcc	r4, [pc, -r3, asr #16]
    1210:	7261004d 	rsbvc	r0, r1, #77	; 0x4d
    1214:	61745f6d 	cmnvs	r4, sp, ror #30
    1218:	74656772 	strbtvc	r6, [r5], #-1906	; 0xfffff88e
    121c:	62616c5f 	rsbvs	r6, r1, #24320	; 0x5f00
    1220:	54006c65 	strpl	r6, [r0], #-3173	; 0xfffff39b
    1224:	45475241 	strbmi	r5, [r7, #-577]	; 0xfffffdbf
    1228:	50435f54 	subpl	r5, r3, r4, asr pc
    122c:	74735f55 	ldrbtvc	r5, [r3], #-3925	; 0xfffff0ab
    1230:	676e6f72 			; <UNDEFINED> instruction: 0x676e6f72
    1234:	316d7261 	cmncc	sp, r1, ror #4
    1238:	00303131 	eorseq	r3, r0, r1, lsr r1
    123c:	47524154 			; <UNDEFINED> instruction: 0x47524154
    1240:	435f5445 	cmpmi	pc, #1157627904	; 0x45000000
    1244:	615f5550 	cmpvs	pc, r0, asr r5	; <UNPREDICTABLE>
    1248:	32376d72 	eorscc	r6, r7, #7296	; 0x1c80
    124c:	41540030 	cmpmi	r4, r0, lsr r0
    1250:	54454752 	strbpl	r4, [r5], #-1874	; 0xfffff8ae
    1254:	5550435f 	ldrbpl	r4, [r0, #-863]	; 0xfffffca1
    1258:	726f635f 	rsbvc	r6, pc, #2080374785	; 0x7c000001
    125c:	72786574 	rsbsvc	r6, r8, #116, 10	; 0x1d000000
    1260:	41540034 	cmpmi	r4, r4, lsr r0
    1264:	54454752 	strbpl	r4, [r5], #-1874	; 0xfffff8ae
    1268:	5550435f 	ldrbpl	r4, [r0, #-863]	; 0xfffffca1
    126c:	726f635f 	rsbvc	r6, pc, #2080374785	; 0x7c000001
    1270:	72786574 	rsbsvc	r6, r8, #116, 10	; 0x1d000000
    1274:	41540035 	cmpmi	r4, r5, lsr r0
    1278:	54454752 	strbpl	r4, [r5], #-1874	; 0xfffff8ae
    127c:	5550435f 	ldrbpl	r4, [r0, #-863]	; 0xfffffca1
    1280:	726f635f 	rsbvc	r6, pc, #2080374785	; 0x7c000001
    1284:	72786574 	rsbsvc	r6, r8, #116, 10	; 0x1d000000
    1288:	41540037 	cmpmi	r4, r7, lsr r0
    128c:	54454752 	strbpl	r4, [r5], #-1874	; 0xfffff8ae
    1290:	5550435f 	ldrbpl	r4, [r0, #-863]	; 0xfffffca1
    1294:	726f635f 	rsbvc	r6, pc, #2080374785	; 0x7c000001
    1298:	72786574 	rsbsvc	r6, r8, #116, 10	; 0x1d000000
    129c:	6c5f0038 	mrrcvs	0, 3, r0, pc, cr8	; <UNPREDICTABLE>
    12a0:	006b636f 	rsbeq	r6, fp, pc, ror #6
    12a4:	5f617369 	svcpl	0x00617369
    12a8:	5f746962 	svcpl	0x00746962
    12ac:	6561706c 	strbvs	r7, [r1, #-108]!	; 0xffffff94
    12b0:	61736900 	cmnvs	r3, r0, lsl #18
    12b4:	7469625f 	strbtvc	r6, [r9], #-607	; 0xfffffda1
    12b8:	4d52415f 	ldfmie	f4, [r2, #-380]	; 0xfffffe84
    12bc:	006d3376 	rsbeq	r3, sp, r6, ror r3
    12c0:	47524154 			; <UNDEFINED> instruction: 0x47524154
    12c4:	435f5445 	cmpmi	pc, #1157627904	; 0x45000000
    12c8:	735f5550 	cmpvc	pc, #80, 10	; 0x14000000
    12cc:	6e6f7274 	mcrvs	2, 3, r7, cr15, cr4, {3}
    12d0:	6d726167 	ldfvse	f6, [r2, #-412]!	; 0xfffffe64
    12d4:	00303131 	eorseq	r3, r0, r1, lsr r1
    12d8:	646c6f5f 	strbtvs	r6, [ip], #-3935	; 0xfffff0a1
    12dc:	66666f5f 	uqsaxvs	r6, r6, pc	; <UNPREDICTABLE>
    12e0:	00746573 	rsbseq	r6, r4, r3, ror r5
    12e4:	5f617369 	svcpl	0x00617369
    12e8:	5f746962 	svcpl	0x00746962
    12ec:	6d746f6e 	ldclvs	15, cr6, [r4, #-440]!	; 0xfffffe48
    12f0:	61736900 	cmnvs	r3, r0, lsl #18
    12f4:	6e75745f 	mrcvs	4, 3, r7, cr5, cr15, {2}
    12f8:	62775f65 	rsbsvs	r5, r7, #404	; 0x194
    12fc:	69006675 	stmdbvs	r0, {r0, r2, r4, r5, r6, r9, sl, sp, lr}
    1300:	625f6173 	subsvs	r6, pc, #-1073741796	; 0xc000001c
    1304:	415f7469 	cmpmi	pc, r9, ror #8
    1308:	34764d52 	ldrbtcc	r4, [r6], #-3410	; 0xfffff2ae
    130c:	61736900 	cmnvs	r3, r0, lsl #18
    1310:	7469625f 	strbtvc	r6, [r9], #-607	; 0xfffffda1
    1314:	4d52415f 	ldfmie	f4, [r2, #-380]	; 0xfffffe84
    1318:	69003576 	stmdbvs	r0, {r1, r2, r4, r5, r6, r8, sl, ip, sp}
    131c:	625f6173 	subsvs	r6, pc, #-1073741796	; 0xc000001c
    1320:	415f7469 	cmpmi	pc, r9, ror #8
    1324:	36764d52 			; <UNDEFINED> instruction: 0x36764d52
    1328:	61736900 	cmnvs	r3, r0, lsl #18
    132c:	7469625f 	strbtvc	r6, [r9], #-607	; 0xfffffda1
    1330:	4d52415f 	ldfmie	f4, [r2, #-380]	; 0xfffffe84
    1334:	69003776 	stmdbvs	r0, {r1, r2, r4, r5, r6, r8, r9, sl, ip, sp}
    1338:	625f6173 	subsvs	r6, pc, #-1073741796	; 0xc000001c
    133c:	415f7469 	cmpmi	pc, r9, ror #8
    1340:	38764d52 	ldmdacc	r6!, {r1, r4, r6, r8, sl, fp, lr}^
    1344:	52415400 	subpl	r5, r1, #0, 8
    1348:	5f544547 	svcpl	0x00544547
    134c:	5f555043 	svcpl	0x00555043
    1350:	316d7261 	cmncc	sp, r1, ror #4
    1354:	74363531 	ldrtvc	r3, [r6], #-1329	; 0xfffffacf
    1358:	5f007332 	svcpl	0x00007332
    135c:	66756273 			; <UNDEFINED> instruction: 0x66756273
    1360:	6d726100 	ldfvse	f6, [r2, #-0]
    1364:	6e75745f 	mrcvs	4, 3, r7, cr5, cr15, {2}
    1368:	72610065 	rsbvc	r0, r1, #101	; 0x65
    136c:	70635f6d 	rsbvc	r5, r3, sp, ror #30
    1370:	6e695f70 	mcrvs	15, 3, r5, cr9, cr0, {3}
    1374:	77726574 			; <UNDEFINED> instruction: 0x77726574
    1378:	006b726f 	rsbeq	r7, fp, pc, ror #4
    137c:	69736e75 	ldmdbvs	r3!, {r0, r2, r4, r5, r6, r9, sl, fp, sp, lr}^
    1380:	64656e67 	strbtvs	r6, [r5], #-3687	; 0xfffff199
    1384:	61686320 	cmnvs	r8, r0, lsr #6
    1388:	41540072 	cmpmi	r4, r2, ror r0
    138c:	54454752 	strbpl	r4, [r5], #-1874	; 0xfffff8ae
    1390:	5550435f 	ldrbpl	r4, [r0, #-863]	; 0xfffffca1
    1394:	6d72615f 	ldfvse	f6, [r2, #-380]!	; 0xfffffe84
    1398:	74303239 	ldrtvc	r3, [r0], #-569	; 0xfffffdc7
    139c:	6f682f00 	svcvs	0x00682f00
    13a0:	742f656d 	strtvc	r6, [pc], #-1389	; 13a8 <shift+0x13a8>
    13a4:	2d677763 	stclcs	7, cr7, [r7, #-396]!	; 0xfffffe74
    13a8:	6c697562 	cfstr64vs	mvdx7, [r9], #-392	; 0xfffffe78
    13ac:	616c7364 	cmnvs	ip, r4, ror #6
    13b0:	772f6576 			; <UNDEFINED> instruction: 0x772f6576
    13b4:	736b726f 	cmnvc	fp, #-268435450	; 0xf0000006
    13b8:	65636170 	strbvs	r6, [r3, #-368]!	; 0xfffffe90
    13bc:	7763742f 	strbvc	r7, [r3, -pc, lsr #8]!
    13c0:	616d2d67 	cmnvs	sp, r7, ror #26
    13c4:	722d656b 	eorvc	r6, sp, #448790528	; 0x1ac00000
    13c8:	61656c65 	cmnvs	r5, r5, ror #24
    13cc:	315f6573 	cmpcc	pc, r3, ror r5	; <UNPREDICTABLE>
    13d0:	616e732f 	cmnvs	lr, pc, lsr #6
    13d4:	6f687370 	svcvs	0x00687370
    13d8:	672f7374 			; <UNDEFINED> instruction: 0x672f7374
    13dc:	672e6363 	strvs	r6, [lr, -r3, ror #6]!
    13e0:	6c7e7469 	cfldrdvs	mvd7, [lr], #-420	; 0xfffffe5c
    13e4:	72616e69 	rsbvc	r6, r1, #1680	; 0x690
    13e8:	2e372d6f 	cdpcs	13, 3, cr2, cr7, cr15, {3}
    13ec:	30322d35 	eorscc	r2, r2, r5, lsr sp
    13f0:	312e3931 			; <UNDEFINED> instruction: 0x312e3931
    13f4:	696c2f32 	stmdbvs	ip!, {r1, r4, r5, r8, r9, sl, fp, sp}^
    13f8:	63636762 	cmnvs	r3, #25690112	; 0x1880000
    13fc:	62696c2f 	rsbvs	r6, r9, #12032	; 0x2f00
    1400:	32636367 	rsbcc	r6, r3, #-1677721599	; 0x9c000001
    1404:	5400632e 	strpl	r6, [r0], #-814	; 0xfffffcd2
    1408:	45475241 	strbmi	r5, [r7, #-577]	; 0xfffffdbf
    140c:	50435f54 	subpl	r5, r3, r4, asr pc
    1410:	61665f55 	cmnvs	r6, r5, asr pc
    1414:	00363235 	eorseq	r3, r6, r5, lsr r2
    1418:	5f6d7261 	svcpl	0x006d7261
    141c:	68637261 	stmdavs	r3!, {r0, r5, r6, r9, ip, sp, lr}^
    1420:	7568745f 	strbvc	r7, [r8, #-1119]!	; 0xfffffba1
    1424:	685f626d 	ldmdavs	pc, {r0, r2, r3, r5, r6, r9, sp, lr}^	; <UNPREDICTABLE>
    1428:	76696477 			; <UNDEFINED> instruction: 0x76696477
    142c:	4f495f00 	svcmi	0x00495f00
    1430:	6972775f 	ldmdbvs	r2!, {r0, r1, r2, r3, r4, r6, r8, r9, sl, ip, sp, lr}^
    1434:	705f6574 	subsvc	r6, pc, r4, ror r5	; <UNPREDICTABLE>
    1438:	68007274 	stmdavs	r0, {r2, r4, r5, r6, r9, ip, sp, lr}
    143c:	5f626174 	svcpl	0x00626174
    1440:	705f7165 	subsvc	r7, pc, r5, ror #2
    1444:	746e696f 	strbtvc	r6, [lr], #-2415	; 0xfffff691
    1448:	54007265 	strpl	r7, [r0], #-613	; 0xfffffd9b
    144c:	45475241 	strbmi	r5, [r7, #-577]	; 0xfffffdbf
    1450:	50435f54 	subpl	r5, r3, r4, asr pc
    1454:	72615f55 	rsbvc	r5, r1, #340	; 0x154
    1458:	0030366d 	eorseq	r3, r0, sp, ror #12
    145c:	5f6d7261 	svcpl	0x006d7261
    1460:	5f636970 	svcpl	0x00636970
    1464:	69676572 	stmdbvs	r7!, {r1, r4, r5, r6, r8, sl, sp, lr}^
    1468:	72657473 	rsbvc	r7, r5, #1929379840	; 0x73000000
    146c:	52415400 	subpl	r5, r1, #0, 8
    1470:	5f544547 	svcpl	0x00544547
    1474:	5f555043 	svcpl	0x00555043
    1478:	74726f63 	ldrbtvc	r6, [r2], #-3939	; 0xfffff09d
    147c:	306d7865 	rsbcc	r7, sp, r5, ror #16
    1480:	6c616d73 	stclvs	13, cr6, [r1], #-460	; 0xfffffe34
    1484:	6c756d6c 	ldclvs	13, cr6, [r5], #-432	; 0xfffffe50
    1488:	6c706974 			; <UNDEFINED> instruction: 0x6c706974
    148c:	41540079 	cmpmi	r4, r9, ror r0
    1490:	54454752 	strbpl	r4, [r5], #-1874	; 0xfffff8ae
    1494:	5550435f 	ldrbpl	r4, [r0, #-863]	; 0xfffffca1
    1498:	6d72615f 	ldfvse	f6, [r2, #-380]!	; 0xfffffe84
    149c:	65363639 	ldrvs	r3, [r6, #-1593]!	; 0xfffff9c7
    14a0:	41540073 	cmpmi	r4, r3, ror r0
    14a4:	54454752 	strbpl	r4, [r5], #-1874	; 0xfffff8ae
    14a8:	5550435f 	ldrbpl	r4, [r0, #-863]	; 0xfffffca1
    14ac:	63706d5f 	cmnvs	r0, #6080	; 0x17c0
    14b0:	6e65726f 	cdpvs	2, 6, cr7, cr5, cr15, {3}
    14b4:	7066766f 	rsbvc	r7, r6, pc, ror #12
    14b8:	52415400 	subpl	r5, r1, #0, 8
    14bc:	5f544547 	svcpl	0x00544547
    14c0:	5f555043 	svcpl	0x00555043
    14c4:	376d7261 	strbcc	r7, [sp, -r1, ror #4]!
    14c8:	00693030 	rsbeq	r3, r9, r0, lsr r0
    14cc:	5f4d5241 	svcpl	0x004d5241
    14d0:	61004343 	tstvs	r0, r3, asr #6
    14d4:	615f6d72 	cmpvs	pc, r2, ror sp	; <UNPREDICTABLE>
    14d8:	38686372 	stmdacc	r8!, {r1, r4, r5, r6, r8, r9, sp, lr}^
    14dc:	6100325f 	tstvs	r0, pc, asr r2
    14e0:	6c5f6d72 	mrrcvs	13, 7, r6, pc, cr2	; <UNPREDICTABLE>
    14e4:	63735f64 	cmnvs	r3, #100, 30	; 0x190
    14e8:	00646568 	rsbeq	r6, r4, r8, ror #10
    14ec:	47524154 			; <UNDEFINED> instruction: 0x47524154
    14f0:	435f5445 	cmpmi	pc, #1157627904	; 0x45000000
    14f4:	665f5550 			; <UNDEFINED> instruction: 0x665f5550
    14f8:	3236706d 	eorscc	r7, r6, #109	; 0x6d
    14fc:	52410036 	subpl	r0, r1, #54	; 0x36
    1500:	53435f4d 	movtpl	r5, #16205	; 0x3f4d
    1504:	6d726100 	ldfvse	f6, [r2, #-0]
    1508:	3170665f 	cmncc	r0, pc, asr r6
    150c:	6e695f36 	mcrvs	15, 3, r5, cr9, cr6, {1}
    1510:	5f007473 	svcpl	0x00007473
    1514:	66666f5f 	uqsaxvs	r6, r6, pc	; <UNPREDICTABLE>
    1518:	6100745f 	tstvs	r0, pc, asr r4
    151c:	625f6d72 	subsvs	r6, pc, #7296	; 0x1c80
    1520:	5f657361 	svcpl	0x00657361
    1524:	68637261 	stmdavs	r3!, {r0, r5, r6, r9, ip, sp, lr}^
    1528:	61736900 	cmnvs	r3, r0, lsl #18
    152c:	7469625f 	strbtvc	r6, [r9], #-607	; 0xfffffda1
    1530:	4d52415f 	ldfmie	f4, [r2, #-380]	; 0xfffffe84
    1534:	00653576 	rsbeq	r3, r5, r6, ror r5
    1538:	726f6873 	rsbvc	r6, pc, #7536640	; 0x730000
    153c:	6e752074 	mrcvs	0, 3, r2, cr5, cr4, {3}
    1540:	6e676973 			; <UNDEFINED> instruction: 0x6e676973
    1544:	69206465 	stmdbvs	r0!, {r0, r2, r5, r6, sl, sp, lr}
    1548:	5400746e 	strpl	r7, [r0], #-1134	; 0xfffffb92
    154c:	45475241 	strbmi	r5, [r7, #-577]	; 0xfffffdbf
    1550:	50435f54 	subpl	r5, r3, r4, asr pc
    1554:	72615f55 	rsbvc	r5, r1, #340	; 0x154
    1558:	0030376d 	eorseq	r3, r0, sp, ror #14
    155c:	7379735f 	cmnvc	r9, #2080374785	; 0x7c000001
    1560:	7272655f 	rsbsvc	r6, r2, #398458880	; 0x17c00000
    1564:	7473696c 	ldrbtvc	r6, [r3], #-2412	; 0xfffff694
    1568:	52415400 	subpl	r5, r1, #0, 8
    156c:	5f544547 	svcpl	0x00544547
    1570:	5f555043 	svcpl	0x00555043
    1574:	326d7261 	rsbcc	r7, sp, #268435462	; 0x10000006
    1578:	61003035 	tstvs	r0, r5, lsr r0
    157c:	615f6d72 	cmpvs	pc, r2, ror sp	; <UNPREDICTABLE>
    1580:	37686372 			; <UNDEFINED> instruction: 0x37686372
    1584:	54006d65 	strpl	r6, [r0], #-3429	; 0xfffff29b
    1588:	45475241 	strbmi	r5, [r7, #-577]	; 0xfffffdbf
    158c:	50435f54 	subpl	r5, r3, r4, asr pc
    1590:	6f635f55 	svcvs	0x00635f55
    1594:	78657472 	stmdavc	r5!, {r1, r4, r5, r6, sl, ip, sp, lr}^
    1598:	00323761 	eorseq	r3, r2, r1, ror #14
    159c:	5f6d7261 	svcpl	0x006d7261
    15a0:	5f736370 	svcpl	0x00736370
    15a4:	61666564 	cmnvs	r6, r4, ror #10
    15a8:	00746c75 	rsbseq	r6, r4, r5, ror ip
    15ac:	47524154 			; <UNDEFINED> instruction: 0x47524154
    15b0:	435f5445 	cmpmi	pc, #1157627904	; 0x45000000
    15b4:	735f5550 	cmpvc	pc, #80, 10	; 0x14000000
    15b8:	6e6f7274 	mcrvs	2, 3, r7, cr15, cr4, {3}
    15bc:	6d726167 	ldfvse	f6, [r2, #-412]!	; 0xfffffe64
    15c0:	6d726100 	ldfvse	f6, [r2, #-0]
    15c4:	6372615f 	cmnvs	r2, #-1073741801	; 0xc0000017
    15c8:	68745f68 	ldmdavs	r4!, {r3, r5, r6, r8, r9, sl, fp, ip, lr}^
    15cc:	31626d75 	smccc	9941	; 0x26d5
    15d0:	6d726100 	ldfvse	f6, [r2, #-0]
    15d4:	6372615f 	cmnvs	r2, #-1073741801	; 0xc0000017
    15d8:	68745f68 	ldmdavs	r4!, {r3, r5, r6, r8, r9, sl, fp, ip, lr}^
    15dc:	32626d75 	rsbcc	r6, r2, #7488	; 0x1d40
    15e0:	52415400 	subpl	r5, r1, #0, 8
    15e4:	5f544547 	svcpl	0x00544547
    15e8:	5f555043 	svcpl	0x00555043
    15ec:	6d6d7769 	stclvs	7, cr7, [sp, #-420]!	; 0xfffffe5c
    15f0:	5f007478 	svcpl	0x00007478
    15f4:	69616863 	stmdbvs	r1!, {r0, r1, r5, r6, fp, sp, lr}^
    15f8:	7369006e 	cmnvc	r9, #110	; 0x6e
    15fc:	69625f61 	stmdbvs	r2!, {r0, r5, r6, r8, r9, sl, fp, ip, lr}^
    1600:	50465f74 	subpl	r5, r6, r4, ror pc
    1604:	4d52415f 	ldfmie	f4, [r2, #-380]	; 0xfffffe84
    1608:	54003876 	strpl	r3, [r0], #-2166	; 0xfffff78a
    160c:	45475241 	strbmi	r5, [r7, #-577]	; 0xfffffdbf
    1610:	50435f54 	subpl	r5, r3, r4, asr pc
    1614:	72615f55 	rsbvc	r5, r1, #340	; 0x154
    1618:	3232396d 	eorscc	r3, r2, #1785856	; 0x1b4000
    161c:	41540074 	cmpmi	r4, r4, ror r0
    1620:	54454752 	strbpl	r4, [r5], #-1874	; 0xfffff8ae
    1624:	5550435f 	ldrbpl	r4, [r0, #-863]	; 0xfffffca1
    1628:	6d72615f 	ldfvse	f6, [r2, #-380]!	; 0xfffffe84
    162c:	5f006437 	svcpl	0x00006437
    1630:	7961645f 	stmdbvc	r1!, {r0, r1, r2, r3, r4, r6, sl, sp, lr}^
    1634:	6867696c 	stmdavs	r7!, {r2, r3, r5, r6, r8, fp, sp, lr}^
    1638:	73690074 	cmnvc	r9, #116	; 0x74
    163c:	75745f61 	ldrbvc	r5, [r4, #-3937]!	; 0xfffff09f
    1640:	635f656e 	cmpvs	pc, #461373440	; 0x1b800000
    1644:	72705f6f 	rsbsvc	r5, r0, #444	; 0x1bc
    1648:	5400636f 	strpl	r6, [r0], #-879	; 0xfffffc91
    164c:	45475241 	strbmi	r5, [r7, #-577]	; 0xfffffdbf
    1650:	50435f54 	subpl	r5, r3, r4, asr pc
    1654:	72615f55 	rsbvc	r5, r1, #340	; 0x154
    1658:	006d376d 	rsbeq	r3, sp, sp, ror #14
    165c:	666f5f5f 	uqsaxvs	r5, pc, pc	; <UNPREDICTABLE>
    1660:	5f343666 	svcpl	0x00343666
    1664:	755f0074 	ldrbvc	r0, [pc, #-116]	; 15f8 <shift+0x15f8>
    1668:	6573756e 	ldrbvs	r7, [r3, #-1390]!	; 0xfffffa92
    166c:	5f003264 	svcpl	0x00003264
    1670:	625f4f49 	subsvs	r4, pc, #292	; 0x124
    1674:	625f6675 	subsvs	r6, pc, #122683392	; 0x7500000
    1678:	00657361 	rsbeq	r7, r5, r1, ror #6
    167c:	5f6d7261 	svcpl	0x006d7261
    1680:	68637261 	stmdavs	r3!, {r0, r5, r6, r9, ip, sp, lr}^
    1684:	00315f38 	eorseq	r5, r1, r8, lsr pc
