
backlight.elf：     文件格式 elf32-littlearm


Disassembly of section .text:

87800000 <_start>:
87800000:	e59ff100 	ldr	pc, [pc, #256]	; 87800108 <FIQ_Handler+0x8>
87800004:	e59ff100 	ldr	pc, [pc, #256]	; 8780010c <FIQ_Handler+0xc>
87800008:	e59ff100 	ldr	pc, [pc, #256]	; 87800110 <FIQ_Handler+0x10>
8780000c:	e59ff100 	ldr	pc, [pc, #256]	; 87800114 <FIQ_Handler+0x14>
87800010:	e59ff100 	ldr	pc, [pc, #256]	; 87800118 <FIQ_Handler+0x18>
87800014:	e59ff100 	ldr	pc, [pc, #256]	; 8780011c <FIQ_Handler+0x1c>
87800018:	e59ff100 	ldr	pc, [pc, #256]	; 87800120 <FIQ_Handler+0x20>
8780001c:	e59ff100 	ldr	pc, [pc, #256]	; 87800124 <FIQ_Handler+0x24>

87800020 <Reset_Handler>:
87800020:	f10c0080 	cpsid	i
87800024:	ee110f10 	mrc	15, 0, r0, cr1, cr0, {0}
87800028:	e3c00a01 	bic	r0, r0, #4096	; 0x1000
8780002c:	e3c00004 	bic	r0, r0, #4
87800030:	e3c00002 	bic	r0, r0, #2
87800034:	e3c00b02 	bic	r0, r0, #2048	; 0x800
87800038:	e3c00001 	bic	r0, r0, #1
8780003c:	ee010f10 	mcr	15, 0, r0, cr1, cr0, {0}
87800040:	e10f0000 	mrs	r0, CPSR
87800044:	e3c0001f 	bic	r0, r0, #31
87800048:	e3800012 	orr	r0, r0, #18
8780004c:	e129f000 	msr	CPSR_fc, r0
87800050:	e59fd0d0 	ldr	sp, [pc, #208]	; 87800128 <FIQ_Handler+0x28>
87800054:	e10f0000 	mrs	r0, CPSR
87800058:	e3c0001f 	bic	r0, r0, #31
8780005c:	e380001f 	orr	r0, r0, #31
87800060:	e129f000 	msr	CPSR_fc, r0
87800064:	e59fd0c0 	ldr	sp, [pc, #192]	; 8780012c <FIQ_Handler+0x2c>
87800068:	e10f0000 	mrs	r0, CPSR
8780006c:	e3c0001f 	bic	r0, r0, #31
87800070:	e3800013 	orr	r0, r0, #19
87800074:	e129f000 	msr	CPSR_fc, r0
87800078:	e59fd0b0 	ldr	sp, [pc, #176]	; 87800130 <FIQ_Handler+0x30>
8780007c:	f1080080 	cpsie	i
87800080:	ea00138a 	b	87804eb0 <__main_from_arm>

87800084 <Undefined_Handler>:
87800084:	e59f0080 	ldr	r0, [pc, #128]	; 8780010c <FIQ_Handler+0xc>
87800088:	e12fff10 	bx	r0

8780008c <SVC_Handler>:
8780008c:	e59f007c 	ldr	r0, [pc, #124]	; 87800110 <FIQ_Handler+0x10>
87800090:	e12fff10 	bx	r0

87800094 <PrefAbort_Handler>:
87800094:	e59f0078 	ldr	r0, [pc, #120]	; 87800114 <FIQ_Handler+0x14>
87800098:	e12fff10 	bx	r0

8780009c <DataAbort_Handler>:
8780009c:	e59f0074 	ldr	r0, [pc, #116]	; 87800118 <FIQ_Handler+0x18>
878000a0:	e12fff10 	bx	r0

878000a4 <NotUsed_Handler>:
878000a4:	e59f0070 	ldr	r0, [pc, #112]	; 8780011c <FIQ_Handler+0x1c>
878000a8:	e12fff10 	bx	r0

878000ac <IRQ_Handler>:
878000ac:	e52de004 	push	{lr}		; (str lr, [sp, #-4]!)
878000b0:	e92d100f 	push	{r0, r1, r2, r3, ip}
878000b4:	e14f0000 	mrs	r0, SPSR
878000b8:	e52d0004 	push	{r0}		; (str r0, [sp, #-4]!)
878000bc:	ee9f1f10 	mrc	15, 4, r1, cr15, cr0, {0}
878000c0:	e2811a02 	add	r1, r1, #8192	; 0x2000
878000c4:	e591000c 	ldr	r0, [r1, #12]
878000c8:	e92d0003 	push	{r0, r1}
878000cc:	f1020013 	cps	#19
878000d0:	e52de004 	push	{lr}		; (str lr, [sp, #-4]!)
878000d4:	e59f2058 	ldr	r2, [pc, #88]	; 87800134 <FIQ_Handler+0x34>
878000d8:	e12fff32 	blx	r2
878000dc:	e49de004 	pop	{lr}		; (ldr lr, [sp], #4)
878000e0:	f1020012 	cps	#18
878000e4:	e8bd0003 	pop	{r0, r1}
878000e8:	e5810010 	str	r0, [r1, #16]
878000ec:	e49d0004 	pop	{r0}		; (ldr r0, [sp], #4)
878000f0:	e16ff000 	msr	SPSR_fsxc, r0
878000f4:	e8bd100f 	pop	{r0, r1, r2, r3, ip}
878000f8:	e49de004 	pop	{lr}		; (ldr lr, [sp], #4)
878000fc:	e25ef004 	subs	pc, lr, #4

87800100 <FIQ_Handler>:
87800100:	e59f001c 	ldr	r0, [pc, #28]	; 87800124 <FIQ_Handler+0x24>
87800104:	e12fff10 	bx	r0
87800108:	87800020 	strhi	r0, [r0, r0, lsr #32]
8780010c:	87800084 	strhi	r0, [r0, r4, lsl #1]
87800110:	8780008c 	strhi	r0, [r0, ip, lsl #1]
87800114:	87800094 			; <UNDEFINED> instruction: 0x87800094
87800118:	8780009c 			; <UNDEFINED> instruction: 0x8780009c
8780011c:	878000a4 	strhi	r0, [r0, r4, lsr #1]
87800120:	878000ac 	strhi	r0, [r0, ip, lsr #1]
87800124:	87800100 	strhi	r0, [r0, r0, lsl #2]
87800128:	80600000 	rsbhi	r0, r0, r0
8780012c:	80400000 	subhi	r0, r0, r0
87800130:	80200000 	eorhi	r0, r0, r0
87800134:	87800871 			; <UNDEFINED> instruction: 0x87800871
87800138:	00001e41 	andeq	r1, r0, r1, asr #28
8780013c:	61656100 	cmnvs	r5, r0, lsl #2
87800140:	01006962 	tsteq	r0, r2, ror #18
87800144:	00000014 	andeq	r0, r0, r4, lsl r0
87800148:	412d3705 			; <UNDEFINED> instruction: 0x412d3705
8780014c:	070a0600 	streq	r0, [sl, -r0, lsl #12]
87800150:	09010841 	stmdbeq	r1, {r0, r6, fp}
87800154:	00040a02 	andeq	r0, r4, r2, lsl #20
	...

87800160 <__umodsi3>:
87800160:	e2512001 	subs	r2, r1, #1
87800164:	3a000062 	bcc	878002f4 <Ldiv0>
87800168:	11500001 	cmpne	r0, r1
8780016c:	03a00000 	moveq	r0, #0
87800170:	81110002 	tsthi	r1, r2
87800174:	00000002 	andeq	r0, r0, r2
87800178:	91a0f00e 	movls	pc, lr
8780017c:	e3a02000 	mov	r2, #0
87800180:	e3510201 	cmp	r1, #268435456	; 0x10000000
87800184:	31510000 	cmpcc	r1, r0
87800188:	31a01201 	lslcc	r1, r1, #4
8780018c:	32822004 	addcc	r2, r2, #4
87800190:	3afffffa 	bcc	87800180 <__umodsi3+0x20>
87800194:	e3510102 	cmp	r1, #-2147483648	; 0x80000000
87800198:	31510000 	cmpcc	r1, r0
8780019c:	31a01081 	lslcc	r1, r1, #1
878001a0:	32822001 	addcc	r2, r2, #1
878001a4:	3afffffa 	bcc	87800194 <__umodsi3+0x34>
878001a8:	e2522003 	subs	r2, r2, #3
878001ac:	ba00000e 	blt	878001ec <__umodsi3+0x8c>
878001b0:	e1500001 	cmp	r0, r1
878001b4:	20400001 	subcs	r0, r0, r1
878001b8:	e15000a1 	cmp	r0, r1, lsr #1
878001bc:	204000a1 	subcs	r0, r0, r1, lsr #1
878001c0:	e1500121 	cmp	r0, r1, lsr #2
878001c4:	20400121 	subcs	r0, r0, r1, lsr #2
878001c8:	e15001a1 	cmp	r0, r1, lsr #3
878001cc:	204001a1 	subcs	r0, r0, r1, lsr #3
878001d0:	e3500001 	cmp	r0, #1
878001d4:	e1a01221 	lsr	r1, r1, #4
878001d8:	a2522004 	subsge	r2, r2, #4
878001dc:	aafffff3 	bge	878001b0 <__umodsi3+0x50>
878001e0:	e3120003 	tst	r2, #3
878001e4:	13300000 	teqne	r0, #0
878001e8:	0a00000a 	beq	87800218 <__umodsi3+0xb8>
878001ec:	e3720002 	cmn	r2, #2
878001f0:	ba000006 	blt	87800210 <__umodsi3+0xb0>
878001f4:	0a000002 	beq	87800204 <__umodsi3+0xa4>
878001f8:	e1500001 	cmp	r0, r1
878001fc:	20400001 	subcs	r0, r0, r1
87800200:	e1a010a1 	lsr	r1, r1, #1
87800204:	e1500001 	cmp	r0, r1
87800208:	20400001 	subcs	r0, r0, r1
8780020c:	e1a010a1 	lsr	r1, r1, #1
87800210:	e1500001 	cmp	r0, r1
87800214:	20400001 	subcs	r0, r0, r1
87800218:	e1a0f00e 	mov	pc, lr
8780021c:	90909090 	umullsls	r9, r0, r0, r0

87800220 <__modsi3>:
87800220:	e3510000 	cmp	r1, #0
87800224:	0a000032 	beq	878002f4 <Ldiv0>
87800228:	42611000 	rsbmi	r1, r1, #0
8780022c:	e1b0c000 	movs	ip, r0
87800230:	42600000 	rsbmi	r0, r0, #0
87800234:	e2512001 	subs	r2, r1, #1
87800238:	11500001 	cmpne	r0, r1
8780023c:	03a00000 	moveq	r0, #0
87800240:	81110002 	tsthi	r1, r2
87800244:	00000002 	andeq	r0, r0, r2
87800248:	9a000026 	bls	878002e8 <__modsi3+0xc8>
8780024c:	e3a02000 	mov	r2, #0
87800250:	e3510201 	cmp	r1, #268435456	; 0x10000000
87800254:	31510000 	cmpcc	r1, r0
87800258:	31a01201 	lslcc	r1, r1, #4
8780025c:	32822004 	addcc	r2, r2, #4
87800260:	3afffffa 	bcc	87800250 <__modsi3+0x30>
87800264:	e3510102 	cmp	r1, #-2147483648	; 0x80000000
87800268:	31510000 	cmpcc	r1, r0
8780026c:	31a01081 	lslcc	r1, r1, #1
87800270:	32822001 	addcc	r2, r2, #1
87800274:	3afffffa 	bcc	87800264 <__modsi3+0x44>
87800278:	e2522003 	subs	r2, r2, #3
8780027c:	ba00000e 	blt	878002bc <__modsi3+0x9c>
87800280:	e1500001 	cmp	r0, r1
87800284:	20400001 	subcs	r0, r0, r1
87800288:	e15000a1 	cmp	r0, r1, lsr #1
8780028c:	204000a1 	subcs	r0, r0, r1, lsr #1
87800290:	e1500121 	cmp	r0, r1, lsr #2
87800294:	20400121 	subcs	r0, r0, r1, lsr #2
87800298:	e15001a1 	cmp	r0, r1, lsr #3
8780029c:	204001a1 	subcs	r0, r0, r1, lsr #3
878002a0:	e3500001 	cmp	r0, #1
878002a4:	e1a01221 	lsr	r1, r1, #4
878002a8:	a2522004 	subsge	r2, r2, #4
878002ac:	aafffff3 	bge	87800280 <__modsi3+0x60>
878002b0:	e3120003 	tst	r2, #3
878002b4:	13300000 	teqne	r0, #0
878002b8:	0a00000a 	beq	878002e8 <__modsi3+0xc8>
878002bc:	e3720002 	cmn	r2, #2
878002c0:	ba000006 	blt	878002e0 <__modsi3+0xc0>
878002c4:	0a000002 	beq	878002d4 <__modsi3+0xb4>
878002c8:	e1500001 	cmp	r0, r1
878002cc:	20400001 	subcs	r0, r0, r1
878002d0:	e1a010a1 	lsr	r1, r1, #1
878002d4:	e1500001 	cmp	r0, r1
878002d8:	20400001 	subcs	r0, r0, r1
878002dc:	e1a010a1 	lsr	r1, r1, #1
878002e0:	e1500001 	cmp	r0, r1
878002e4:	20400001 	subcs	r0, r0, r1
878002e8:	e35c0000 	cmp	ip, #0
878002ec:	42600000 	rsbmi	r0, r0, #0
878002f0:	e1a0f00e 	mov	pc, lr

878002f4 <Ldiv0>:
878002f4:	e52de004 	push	{lr}		; (str lr, [sp, #-4]!)
878002f8:	e3a00000 	mov	r0, #0
878002fc:	e49df004 	pop	{pc}		; (ldr pc, [sp], #4)

87800300 <imx6ul_hardfpu_enable>:
87800300:	ee11 3f50 	mrc	15, 0, r3, cr1, cr0, {2}
87800304:	f023 4340 	bic.w	r3, r3, #3221225472	; 0xc0000000
87800308:	f423 0370 	bic.w	r3, r3, #15728640	; 0xf00000
8780030c:	f443 0370 	orr.w	r3, r3, #15728640	; 0xf00000
87800310:	ee01 3f50 	mcr	15, 0, r3, cr1, cr0, {2}
87800314:	eef8 3a10 	vmrs	r3, fpexc
87800318:	f043 4380 	orr.w	r3, r3, #1073741824	; 0x40000000
8780031c:	eee8 3a10 	vmsr	fpexc, r3
87800320:	4770      	bx	lr
87800322:	bf00      	nop

87800324 <clk_enable>:
87800324:	f44f 4380 	mov.w	r3, #16384	; 0x4000
87800328:	f04f 32ff 	mov.w	r2, #4294967295	; 0xffffffff
8780032c:	f2c0 230c 	movt	r3, #524	; 0x20c
87800330:	669a      	str	r2, [r3, #104]	; 0x68
87800332:	66da      	str	r2, [r3, #108]	; 0x6c
87800334:	671a      	str	r2, [r3, #112]	; 0x70
87800336:	675a      	str	r2, [r3, #116]	; 0x74
87800338:	679a      	str	r2, [r3, #120]	; 0x78
8780033a:	67da      	str	r2, [r3, #124]	; 0x7c
8780033c:	f8c3 2080 	str.w	r2, [r3, #128]	; 0x80
87800340:	4770      	bx	lr
87800342:	bf00      	nop

87800344 <imx6u_clkinit>:
87800344:	f44f 4380 	mov.w	r3, #16384	; 0x4000
87800348:	b430      	push	{r4, r5}
8780034a:	f2c0 230c 	movt	r3, #524	; 0x20c
8780034e:	68da      	ldr	r2, [r3, #12]
87800350:	0751      	lsls	r1, r2, #29
87800352:	d407      	bmi.n	87800364 <imx6u_clkinit+0x20>
87800354:	68da      	ldr	r2, [r3, #12]
87800356:	f422 7280 	bic.w	r2, r2, #256	; 0x100
8780035a:	60da      	str	r2, [r3, #12]
8780035c:	68da      	ldr	r2, [r3, #12]
8780035e:	f042 0204 	orr.w	r2, r2, #4
87800362:	60da      	str	r2, [r3, #12]
87800364:	f44f 4100 	mov.w	r1, #32768	; 0x8000
87800368:	f44f 4280 	mov.w	r2, #16384	; 0x4000
8780036c:	f2c0 220c 	movt	r2, #524	; 0x20c
87800370:	f2c0 210c 	movt	r1, #524	; 0x20c
87800374:	f242 0042 	movw	r0, #8258	; 0x2042
87800378:	2300      	movs	r3, #0
8780037a:	6008      	str	r0, [r1, #0]
8780037c:	f241 041b 	movw	r4, #4123	; 0x101b
87800380:	6113      	str	r3, [r2, #16]
87800382:	f2c2 0418 	movt	r4, #8216	; 0x2018
87800386:	68d5      	ldr	r5, [r2, #12]
87800388:	f241 000c 	movw	r0, #4108	; 0x100c
8780038c:	f2c1 3011 	movt	r0, #4881	; 0x1311
87800390:	4613      	mov	r3, r2
87800392:	f025 0504 	bic.w	r5, r5, #4
87800396:	60d5      	str	r5, [r2, #12]
87800398:	f8d1 5100 	ldr.w	r5, [r1, #256]	; 0x100
8780039c:	f005 35c0 	and.w	r5, r5, #3233857728	; 0xc0c0c0c0
878003a0:	432c      	orrs	r4, r5
878003a2:	f8c1 4100 	str.w	r4, [r1, #256]	; 0x100
878003a6:	f8d1 4100 	ldr.w	r4, [r1, #256]	; 0x100
878003aa:	f004 34c0 	and.w	r4, r4, #3233857728	; 0xc0c0c0c0
878003ae:	4320      	orrs	r0, r4
878003b0:	f8c1 00f0 	str.w	r0, [r1, #240]	; 0xf0
878003b4:	6991      	ldr	r1, [r2, #24]
878003b6:	f421 2140 	bic.w	r1, r1, #786432	; 0xc0000
878003ba:	6191      	str	r1, [r2, #24]
878003bc:	6991      	ldr	r1, [r2, #24]
878003be:	f441 2180 	orr.w	r1, r1, #262144	; 0x40000
878003c2:	6191      	str	r1, [r2, #24]
878003c4:	6951      	ldr	r1, [r2, #20]
878003c6:	f021 7100 	bic.w	r1, r1, #33554432	; 0x2000000
878003ca:	6151      	str	r1, [r2, #20]
878003cc:	6c9a      	ldr	r2, [r3, #72]	; 0x48
878003ce:	0692      	lsls	r2, r2, #26
878003d0:	d4fc      	bmi.n	878003cc <imx6u_clkinit+0x88>
878003d2:	695a      	ldr	r2, [r3, #20]
878003d4:	bc30      	pop	{r4, r5}
878003d6:	f422 7240 	bic.w	r2, r2, #768	; 0x300
878003da:	615a      	str	r2, [r3, #20]
878003dc:	695a      	ldr	r2, [r3, #20]
878003de:	f442 7280 	orr.w	r2, r2, #256	; 0x100
878003e2:	615a      	str	r2, [r3, #20]
878003e4:	69da      	ldr	r2, [r3, #28]
878003e6:	f022 0240 	bic.w	r2, r2, #64	; 0x40
878003ea:	61da      	str	r2, [r3, #28]
878003ec:	69da      	ldr	r2, [r3, #28]
878003ee:	f022 023f 	bic.w	r2, r2, #63	; 0x3f
878003f2:	61da      	str	r2, [r3, #28]
878003f4:	6a5a      	ldr	r2, [r3, #36]	; 0x24
878003f6:	f022 0240 	bic.w	r2, r2, #64	; 0x40
878003fa:	625a      	str	r2, [r3, #36]	; 0x24
878003fc:	6a5a      	ldr	r2, [r3, #36]	; 0x24
878003fe:	f022 023f 	bic.w	r2, r2, #63	; 0x3f
87800402:	625a      	str	r2, [r3, #36]	; 0x24
87800404:	6b9a      	ldr	r2, [r3, #56]	; 0x38
87800406:	f422 2280 	bic.w	r2, r2, #262144	; 0x40000
8780040a:	639a      	str	r2, [r3, #56]	; 0x38
8780040c:	6b9a      	ldr	r2, [r3, #56]	; 0x38
8780040e:	f022 72fc 	bic.w	r2, r2, #33030144	; 0x1f80000
87800412:	639a      	str	r2, [r3, #56]	; 0x38
87800414:	4770      	bx	lr
87800416:	bf00      	nop

87800418 <led_init>:
87800418:	2168      	movs	r1, #104	; 0x68
8780041a:	f44f 723d 	mov.w	r2, #756	; 0x2f4
8780041e:	f44f 4340 	mov.w	r3, #49152	; 0xc000
87800422:	b430      	push	{r4, r5}
87800424:	f2c0 2309 	movt	r3, #521	; 0x209
87800428:	2505      	movs	r5, #5
8780042a:	f2c0 220e 	movt	r2, #526	; 0x20e
8780042e:	f241 04b0 	movw	r4, #4272	; 0x10b0
87800432:	2008      	movs	r0, #8
87800434:	f2c0 210e 	movt	r1, #526	; 0x20e
87800438:	600d      	str	r5, [r1, #0]
8780043a:	6014      	str	r4, [r2, #0]
8780043c:	6058      	str	r0, [r3, #4]
8780043e:	681a      	ldr	r2, [r3, #0]
87800440:	bc30      	pop	{r4, r5}
87800442:	4302      	orrs	r2, r0
87800444:	601a      	str	r2, [r3, #0]
87800446:	4770      	bx	lr

87800448 <led_on>:
87800448:	f44f 4340 	mov.w	r3, #49152	; 0xc000
8780044c:	f2c0 2309 	movt	r3, #521	; 0x209
87800450:	681a      	ldr	r2, [r3, #0]
87800452:	f022 0208 	bic.w	r2, r2, #8
87800456:	601a      	str	r2, [r3, #0]
87800458:	4770      	bx	lr
8780045a:	bf00      	nop

8780045c <led_off>:
8780045c:	f44f 4340 	mov.w	r3, #49152	; 0xc000
87800460:	f2c0 2309 	movt	r3, #521	; 0x209
87800464:	681a      	ldr	r2, [r3, #0]
87800466:	f042 0208 	orr.w	r2, r2, #8
8780046a:	601a      	str	r2, [r3, #0]
8780046c:	4770      	bx	lr
8780046e:	bf00      	nop

87800470 <led_switch>:
87800470:	b950      	cbnz	r0, 87800488 <led_switch+0x18>
87800472:	2901      	cmp	r1, #1
87800474:	d009      	beq.n	8780048a <led_switch+0x1a>
87800476:	b939      	cbnz	r1, 87800488 <led_switch+0x18>
87800478:	f44f 4340 	mov.w	r3, #49152	; 0xc000
8780047c:	f2c0 2309 	movt	r3, #521	; 0x209
87800480:	681a      	ldr	r2, [r3, #0]
87800482:	f042 0208 	orr.w	r2, r2, #8
87800486:	601a      	str	r2, [r3, #0]
87800488:	4770      	bx	lr
8780048a:	f44f 4340 	mov.w	r3, #49152	; 0xc000
8780048e:	f2c0 2309 	movt	r3, #521	; 0x209
87800492:	681a      	ldr	r2, [r3, #0]
87800494:	f022 0208 	bic.w	r2, r2, #8
87800498:	601a      	str	r2, [r3, #0]
8780049a:	4770      	bx	lr

8780049c <delay_init>:
8780049c:	f44f 4200 	mov.w	r2, #32768	; 0x8000
878004a0:	2000      	movs	r0, #0
878004a2:	f2c0 2209 	movt	r2, #521	; 0x209
878004a6:	f44f 4100 	mov.w	r1, #32768	; 0x8000
878004aa:	4613      	mov	r3, r2
878004ac:	6010      	str	r0, [r2, #0]
878004ae:	6011      	str	r1, [r2, #0]
878004b0:	681a      	ldr	r2, [r3, #0]
878004b2:	0412      	lsls	r2, r2, #16
878004b4:	d4fc      	bmi.n	878004b0 <delay_init+0x14>
878004b6:	681a      	ldr	r2, [r3, #0]
878004b8:	2041      	movs	r0, #65	; 0x41
878004ba:	f04f 31ff 	mov.w	r1, #4294967295	; 0xffffffff
878004be:	f042 0242 	orr.w	r2, r2, #66	; 0x42
878004c2:	601a      	str	r2, [r3, #0]
878004c4:	6058      	str	r0, [r3, #4]
878004c6:	6119      	str	r1, [r3, #16]
878004c8:	681a      	ldr	r2, [r3, #0]
878004ca:	f042 0201 	orr.w	r2, r2, #1
878004ce:	601a      	str	r2, [r3, #0]
878004d0:	4770      	bx	lr
878004d2:	bf00      	nop

878004d4 <delay_us>:
878004d4:	f44f 4100 	mov.w	r1, #32768	; 0x8000
878004d8:	b430      	push	{r4, r5}
878004da:	f2c0 2109 	movt	r1, #521	; 0x209
878004de:	2400      	movs	r4, #0
878004e0:	6a4a      	ldr	r2, [r1, #36]	; 0x24
878004e2:	6a4b      	ldr	r3, [r1, #36]	; 0x24
878004e4:	429a      	cmp	r2, r3
878004e6:	d0fc      	beq.n	878004e2 <delay_us+0xe>
878004e8:	f104 35ff 	add.w	r5, r4, #4294967295	; 0xffffffff
878004ec:	eba4 0402 	sub.w	r4, r4, r2
878004f0:	eba5 0202 	sub.w	r2, r5, r2
878004f4:	bf34      	ite	cc
878004f6:	18e4      	addcc	r4, r4, r3
878004f8:	18d4      	addcs	r4, r2, r3
878004fa:	461a      	mov	r2, r3
878004fc:	4284      	cmp	r4, r0
878004fe:	d3f0      	bcc.n	878004e2 <delay_us+0xe>
87800500:	bc30      	pop	{r4, r5}
87800502:	4770      	bx	lr

87800504 <delay_ms>:
87800504:	b1e0      	cbz	r0, 87800540 <delay_ms+0x3c>
87800506:	f44f 4100 	mov.w	r1, #32768	; 0x8000
8780050a:	b470      	push	{r4, r5, r6}
8780050c:	f2c0 2109 	movt	r1, #521	; 0x209
87800510:	2600      	movs	r6, #0
87800512:	2400      	movs	r4, #0
87800514:	6a4a      	ldr	r2, [r1, #36]	; 0x24
87800516:	6a4b      	ldr	r3, [r1, #36]	; 0x24
87800518:	4293      	cmp	r3, r2
8780051a:	d0fc      	beq.n	87800516 <delay_ms+0x12>
8780051c:	f104 35ff 	add.w	r5, r4, #4294967295	; 0xffffffff
87800520:	eba4 0402 	sub.w	r4, r4, r2
87800524:	eba5 0202 	sub.w	r2, r5, r2
87800528:	bf8c      	ite	hi
8780052a:	18e4      	addhi	r4, r4, r3
8780052c:	189c      	addls	r4, r3, r2
8780052e:	461a      	mov	r2, r3
87800530:	f5b4 7f7a 	cmp.w	r4, #1000	; 0x3e8
87800534:	d3ef      	bcc.n	87800516 <delay_ms+0x12>
87800536:	3601      	adds	r6, #1
87800538:	4286      	cmp	r6, r0
8780053a:	d1ea      	bne.n	87800512 <delay_ms+0xe>
8780053c:	bc70      	pop	{r4, r5, r6}
8780053e:	4770      	bx	lr
87800540:	4770      	bx	lr
87800542:	bf00      	nop

87800544 <delay_short>:
87800544:	b082      	sub	sp, #8
87800546:	9001      	str	r0, [sp, #4]
87800548:	9b01      	ldr	r3, [sp, #4]
8780054a:	1e5a      	subs	r2, r3, #1
8780054c:	9201      	str	r2, [sp, #4]
8780054e:	2b00      	cmp	r3, #0
87800550:	d1fa      	bne.n	87800548 <delay_short+0x4>
87800552:	b002      	add	sp, #8
87800554:	4770      	bx	lr
87800556:	bf00      	nop

87800558 <delay>:
87800558:	b082      	sub	sp, #8
8780055a:	9001      	str	r0, [sp, #4]
8780055c:	9b01      	ldr	r3, [sp, #4]
8780055e:	1e5a      	subs	r2, r3, #1
87800560:	9201      	str	r2, [sp, #4]
87800562:	b153      	cbz	r3, 8780057a <delay+0x22>
87800564:	f240 73ff 	movw	r3, #2047	; 0x7ff
87800568:	461a      	mov	r2, r3
8780056a:	3b01      	subs	r3, #1
8780056c:	2a00      	cmp	r2, #0
8780056e:	d1fb      	bne.n	87800568 <delay+0x10>
87800570:	9b01      	ldr	r3, [sp, #4]
87800572:	1e5a      	subs	r2, r3, #1
87800574:	9201      	str	r2, [sp, #4]
87800576:	2b00      	cmp	r3, #0
87800578:	d1f4      	bne.n	87800564 <delay+0xc>
8780057a:	b002      	add	sp, #8
8780057c:	4770      	bx	lr
8780057e:	bf00      	nop

87800580 <beep_init>:
87800580:	210c      	movs	r1, #12
87800582:	2250      	movs	r2, #80	; 0x50
87800584:	b530      	push	{r4, r5, lr}
87800586:	2301      	movs	r3, #1
87800588:	b085      	sub	sp, #20
8780058a:	f2c0 2129 	movt	r1, #553	; 0x229
8780058e:	2505      	movs	r5, #5
87800590:	f2c0 2229 	movt	r2, #553	; 0x229
87800594:	f241 04b0 	movw	r4, #4272	; 0x10b0
87800598:	f44f 4040 	mov.w	r0, #49152	; 0xc000
8780059c:	600d      	str	r5, [r1, #0]
8780059e:	f2c0 200a 	movt	r0, #522	; 0x20a
878005a2:	6014      	str	r4, [r2, #0]
878005a4:	4619      	mov	r1, r3
878005a6:	aa01      	add	r2, sp, #4
878005a8:	9301      	str	r3, [sp, #4]
878005aa:	f88d 3008 	strb.w	r3, [sp, #8]
878005ae:	f000 f8c1 	bl	87800734 <gpio_init>
878005b2:	b005      	add	sp, #20
878005b4:	bd30      	pop	{r4, r5, pc}
878005b6:	bf00      	nop

878005b8 <beep_switch>:
878005b8:	2801      	cmp	r0, #1
878005ba:	4601      	mov	r1, r0
878005bc:	d009      	beq.n	878005d2 <beep_switch+0x1a>
878005be:	b100      	cbz	r0, 878005c2 <beep_switch+0xa>
878005c0:	4770      	bx	lr
878005c2:	2201      	movs	r2, #1
878005c4:	f44f 4040 	mov.w	r0, #49152	; 0xc000
878005c8:	4611      	mov	r1, r2
878005ca:	f2c0 200a 	movt	r0, #522	; 0x20a
878005ce:	f000 b85f 	b.w	87800690 <gpio_pinwrite>
878005d2:	f44f 4040 	mov.w	r0, #49152	; 0xc000
878005d6:	2200      	movs	r2, #0
878005d8:	f2c0 200a 	movt	r0, #522	; 0x20a
878005dc:	f000 b858 	b.w	87800690 <gpio_pinwrite>

878005e0 <key_init>:
878005e0:	218c      	movs	r1, #140	; 0x8c
878005e2:	b530      	push	{r4, r5, lr}
878005e4:	f2c0 210e 	movt	r1, #526	; 0x20e
878005e8:	b085      	sub	sp, #20
878005ea:	2005      	movs	r0, #5
878005ec:	f44f 7346 	mov.w	r3, #792	; 0x318
878005f0:	6008      	str	r0, [r1, #0]
878005f2:	f2c0 230e 	movt	r3, #526	; 0x20e
878005f6:	aa04      	add	r2, sp, #16
878005f8:	f24f 0580 	movw	r5, #61568	; 0xf080
878005fc:	2400      	movs	r4, #0
878005fe:	f44f 4040 	mov.w	r0, #49152	; 0xc000
87800602:	601d      	str	r5, [r3, #0]
87800604:	f2c0 2009 	movt	r0, #521	; 0x209
87800608:	f842 4d0c 	str.w	r4, [r2, #-12]!
8780060c:	2112      	movs	r1, #18
8780060e:	f000 f891 	bl	87800734 <gpio_init>
87800612:	b005      	add	sp, #20
87800614:	bd30      	pop	{r4, r5, pc}
87800616:	bf00      	nop

87800618 <read_key>:
87800618:	f44f 4040 	mov.w	r0, #49152	; 0xc000
8780061c:	2112      	movs	r1, #18
8780061e:	f2c0 2009 	movt	r0, #521	; 0x209
87800622:	f000 b82f 	b.w	87800684 <gpio_pinread>
87800626:	bf00      	nop

87800628 <key_getvalue>:
87800628:	b538      	push	{r3, r4, r5, lr}
8780062a:	f649 1418 	movw	r4, #39192	; 0x9918
8780062e:	f2c8 7480 	movt	r4, #34688	; 0x8780
87800632:	7823      	ldrb	r3, [r4, #0]
87800634:	2b01      	cmp	r3, #1
87800636:	d00b      	beq.n	87800650 <key_getvalue+0x28>
87800638:	f44f 4040 	mov.w	r0, #49152	; 0xc000
8780063c:	2112      	movs	r1, #18
8780063e:	f2c0 2009 	movt	r0, #521	; 0x209
87800642:	f000 f81f 	bl	87800684 <gpio_pinread>
87800646:	2801      	cmp	r0, #1
87800648:	bf08      	it	eq
8780064a:	7020      	strbeq	r0, [r4, #0]
8780064c:	2000      	movs	r0, #0
8780064e:	bd38      	pop	{r3, r4, r5, pc}
87800650:	f44f 4040 	mov.w	r0, #49152	; 0xc000
87800654:	2112      	movs	r1, #18
87800656:	f2c0 2009 	movt	r0, #521	; 0x209
8780065a:	f000 f813 	bl	87800684 <gpio_pinread>
8780065e:	4605      	mov	r5, r0
87800660:	2800      	cmp	r0, #0
87800662:	d1e9      	bne.n	87800638 <key_getvalue+0x10>
87800664:	200a      	movs	r0, #10
87800666:	f7ff ff77 	bl	87800558 <delay>
8780066a:	f44f 4040 	mov.w	r0, #49152	; 0xc000
8780066e:	2112      	movs	r1, #18
87800670:	f2c0 2009 	movt	r0, #521	; 0x209
87800674:	7025      	strb	r5, [r4, #0]
87800676:	f000 f805 	bl	87800684 <gpio_pinread>
8780067a:	fab0 f080 	clz	r0, r0
8780067e:	0940      	lsrs	r0, r0, #5
87800680:	bd38      	pop	{r3, r4, r5, pc}
87800682:	bf00      	nop

87800684 <gpio_pinread>:
87800684:	6800      	ldr	r0, [r0, #0]
87800686:	40c8      	lsrs	r0, r1
87800688:	f000 0001 	and.w	r0, r0, #1
8780068c:	4770      	bx	lr
8780068e:	bf00      	nop

87800690 <gpio_pinwrite>:
87800690:	2301      	movs	r3, #1
87800692:	fa03 f101 	lsl.w	r1, r3, r1
87800696:	6803      	ldr	r3, [r0, #0]
87800698:	b112      	cbz	r2, 878006a0 <gpio_pinwrite+0x10>
8780069a:	4319      	orrs	r1, r3
8780069c:	6001      	str	r1, [r0, #0]
8780069e:	4770      	bx	lr
878006a0:	ea23 0101 	bic.w	r1, r3, r1
878006a4:	6001      	str	r1, [r0, #0]
878006a6:	4770      	bx	lr

878006a8 <gpio_intconfig>:
878006a8:	b410      	push	{r4}
878006aa:	2301      	movs	r3, #1
878006ac:	69c4      	ldr	r4, [r0, #28]
878006ae:	408b      	lsls	r3, r1
878006b0:	290f      	cmp	r1, #15
878006b2:	f102 32ff 	add.w	r2, r2, #4294967295	; 0xffffffff
878006b6:	bf88      	it	hi
878006b8:	3910      	subhi	r1, #16
878006ba:	ea24 0403 	bic.w	r4, r4, r3
878006be:	61c4      	str	r4, [r0, #28]
878006c0:	bf94      	ite	ls
878006c2:	f100 040c 	addls.w	r4, r0, #12
878006c6:	f100 0410 	addhi.w	r4, r0, #16
878006ca:	2a04      	cmp	r2, #4
878006cc:	d80e      	bhi.n	878006ec <gpio_intconfig+0x44>
878006ce:	e8df f002 	tbb	[pc, r2]
878006d2:	26210316 			; <UNDEFINED> instruction: 0x26210316
878006d6:	68230010 	stmdavs	r3!, {r4}
878006da:	0049      	lsls	r1, r1, #1
878006dc:	2003      	movs	r0, #3
878006de:	2201      	movs	r2, #1
878006e0:	4088      	lsls	r0, r1
878006e2:	408a      	lsls	r2, r1
878006e4:	ea23 0100 	bic.w	r1, r3, r0
878006e8:	4311      	orrs	r1, r2
878006ea:	6021      	str	r1, [r4, #0]
878006ec:	f85d 4b04 	ldr.w	r4, [sp], #4
878006f0:	4770      	bx	lr
878006f2:	69c2      	ldr	r2, [r0, #28]
878006f4:	f85d 4b04 	ldr.w	r4, [sp], #4
878006f8:	4313      	orrs	r3, r2
878006fa:	61c3      	str	r3, [r0, #28]
878006fc:	4770      	bx	lr
878006fe:	0049      	lsls	r1, r1, #1
87800700:	6823      	ldr	r3, [r4, #0]
87800702:	2203      	movs	r2, #3
87800704:	fa02 f101 	lsl.w	r1, r2, r1
87800708:	ea23 0101 	bic.w	r1, r3, r1
8780070c:	6021      	str	r1, [r4, #0]
8780070e:	f85d 4b04 	ldr.w	r4, [sp], #4
87800712:	4770      	bx	lr
87800714:	0049      	lsls	r1, r1, #1
87800716:	2003      	movs	r0, #3
87800718:	6823      	ldr	r3, [r4, #0]
8780071a:	2202      	movs	r2, #2
8780071c:	e7e0      	b.n	878006e0 <gpio_intconfig+0x38>
8780071e:	0049      	lsls	r1, r1, #1
87800720:	6822      	ldr	r2, [r4, #0]
87800722:	2303      	movs	r3, #3
87800724:	fa03 f101 	lsl.w	r1, r3, r1
87800728:	4311      	orrs	r1, r2
8780072a:	6021      	str	r1, [r4, #0]
8780072c:	f85d 4b04 	ldr.w	r4, [sp], #4
87800730:	4770      	bx	lr
87800732:	bf00      	nop

87800734 <gpio_init>:
87800734:	2301      	movs	r3, #1
87800736:	b470      	push	{r4, r5, r6}
87800738:	408b      	lsls	r3, r1
8780073a:	6944      	ldr	r4, [r0, #20]
8780073c:	6816      	ldr	r6, [r2, #0]
8780073e:	43dd      	mvns	r5, r3
87800740:	402c      	ands	r4, r5
87800742:	6144      	str	r4, [r0, #20]
87800744:	b15e      	cbz	r6, 8780075e <gpio_init+0x2a>
87800746:	6844      	ldr	r4, [r0, #4]
87800748:	431c      	orrs	r4, r3
8780074a:	6044      	str	r4, [r0, #4]
8780074c:	7914      	ldrb	r4, [r2, #4]
8780074e:	b16c      	cbz	r4, 8780076c <gpio_init+0x38>
87800750:	6804      	ldr	r4, [r0, #0]
87800752:	6892      	ldr	r2, [r2, #8]
87800754:	4323      	orrs	r3, r4
87800756:	bc70      	pop	{r4, r5, r6}
87800758:	6003      	str	r3, [r0, #0]
8780075a:	f7ff bfa5 	b.w	878006a8 <gpio_intconfig>
8780075e:	6843      	ldr	r3, [r0, #4]
87800760:	6892      	ldr	r2, [r2, #8]
87800762:	401d      	ands	r5, r3
87800764:	6045      	str	r5, [r0, #4]
87800766:	bc70      	pop	{r4, r5, r6}
87800768:	f7ff bf9e 	b.w	878006a8 <gpio_intconfig>
8780076c:	6803      	ldr	r3, [r0, #0]
8780076e:	6892      	ldr	r2, [r2, #8]
87800770:	401d      	ands	r5, r3
87800772:	6005      	str	r5, [r0, #0]
87800774:	bc70      	pop	{r4, r5, r6}
87800776:	f7ff bf97 	b.w	878006a8 <gpio_intconfig>
8780077a:	bf00      	nop

8780077c <gpio_enableint>:
8780077c:	6942      	ldr	r2, [r0, #20]
8780077e:	2301      	movs	r3, #1
87800780:	fa03 f101 	lsl.w	r1, r3, r1
87800784:	4311      	orrs	r1, r2
87800786:	6141      	str	r1, [r0, #20]
87800788:	4770      	bx	lr
8780078a:	bf00      	nop

8780078c <gpio_disableint>:
8780078c:	6943      	ldr	r3, [r0, #20]
8780078e:	2201      	movs	r2, #1
87800790:	fa02 f101 	lsl.w	r1, r2, r1
87800794:	ea23 0301 	bic.w	r3, r3, r1
87800798:	6143      	str	r3, [r0, #20]
8780079a:	4770      	bx	lr

8780079c <gpio_clearintflags>:
8780079c:	6982      	ldr	r2, [r0, #24]
8780079e:	2301      	movs	r3, #1
878007a0:	fa03 f101 	lsl.w	r1, r3, r1
878007a4:	4311      	orrs	r1, r2
878007a6:	6181      	str	r1, [r0, #24]
878007a8:	4770      	bx	lr
878007aa:	bf00      	nop

878007ac <default_irqhandler>:
878007ac:	e7fe      	b.n	878007ac <default_irqhandler>
878007ae:	bf00      	nop

878007b0 <int_init>:
878007b0:	b470      	push	{r4, r5, r6}
878007b2:	ee9f 4f10 	mrc	15, 4, r4, cr15, cr0, {0}
878007b6:	0c24      	lsrs	r4, r4, #16
878007b8:	f241 0204 	movw	r2, #4100	; 0x1004
878007bc:	2300      	movs	r3, #0
878007be:	0424      	lsls	r4, r4, #16
878007c0:	f04f 30ff 	mov.w	r0, #4294967295	; 0xffffffff
878007c4:	58a1      	ldr	r1, [r4, r2]
878007c6:	f001 011f 	and.w	r1, r1, #31
878007ca:	3101      	adds	r1, #1
878007cc:	f503 628c 	add.w	r2, r3, #1120	; 0x460
878007d0:	3301      	adds	r3, #1
878007d2:	4299      	cmp	r1, r3
878007d4:	f844 0022 	str.w	r0, [r4, r2, lsl #2]
878007d8:	d1f8      	bne.n	878007cc <int_init+0x1c>
878007da:	f649 23d4 	movw	r3, #39636	; 0x9ad4
878007de:	2500      	movs	r5, #0
878007e0:	f2c8 7380 	movt	r3, #34688	; 0x8780
878007e4:	f242 0104 	movw	r1, #8196	; 0x2004
878007e8:	26f8      	movs	r6, #248	; 0xf8
878007ea:	f240 72ad 	movw	r2, #1965	; 0x7ad
878007ee:	5066      	str	r6, [r4, r1]
878007f0:	f203 5004 	addw	r0, r3, #1284	; 0x504
878007f4:	f242 0608 	movw	r6, #8200	; 0x2008
878007f8:	4629      	mov	r1, r5
878007fa:	f843 5b04 	str.w	r5, [r3], #4
878007fe:	f2c8 7280 	movt	r2, #34688	; 0x8780
87800802:	2502      	movs	r5, #2
87800804:	51a5      	str	r5, [r4, r6]
87800806:	f504 5680 	add.w	r6, r4, #4096	; 0x1000
8780080a:	2501      	movs	r5, #1
8780080c:	f504 5400 	add.w	r4, r4, #8192	; 0x2000
87800810:	6035      	str	r5, [r6, #0]
87800812:	6025      	str	r5, [r4, #0]
87800814:	e9c3 2100 	strd	r2, r1, [r3]
87800818:	3308      	adds	r3, #8
8780081a:	4298      	cmp	r0, r3
8780081c:	d1fa      	bne.n	87800814 <int_init+0x64>
8780081e:	2300      	movs	r3, #0
87800820:	f2c8 7380 	movt	r3, #34688	; 0x8780
87800824:	ee0c 3f10 	mcr	15, 0, r3, cr12, cr0, {0}
87800828:	bc70      	pop	{r4, r5, r6}
8780082a:	4770      	bx	lr

8780082c <system_irqtable_init>:
8780082c:	b410      	push	{r4}
8780082e:	f240 72ad 	movw	r2, #1965	; 0x7ad
87800832:	2400      	movs	r4, #0
87800834:	f649 23d4 	movw	r3, #39636	; 0x9ad4
87800838:	4621      	mov	r1, r4
8780083a:	f2c8 7280 	movt	r2, #34688	; 0x8780
8780083e:	f2c8 7380 	movt	r3, #34688	; 0x8780
87800842:	f203 5004 	addw	r0, r3, #1284	; 0x504
87800846:	f843 4b04 	str.w	r4, [r3], #4
8780084a:	e9c3 2100 	strd	r2, r1, [r3]
8780084e:	3308      	adds	r3, #8
87800850:	4283      	cmp	r3, r0
87800852:	d1fa      	bne.n	8780084a <system_irqtable_init+0x1e>
87800854:	f85d 4b04 	ldr.w	r4, [sp], #4
87800858:	4770      	bx	lr
8780085a:	bf00      	nop

8780085c <system_register_irqhandler>:
8780085c:	f649 23d4 	movw	r3, #39636	; 0x9ad4
87800860:	f2c8 7380 	movt	r3, #34688	; 0x8780
87800864:	eb03 00c0 	add.w	r0, r3, r0, lsl #3
87800868:	e9c0 1201 	strd	r1, r2, [r0, #4]
8780086c:	4770      	bx	lr
8780086e:	bf00      	nop

87800870 <system_irqhandler>:
87800870:	b538      	push	{r3, r4, r5, lr}
87800872:	f3c0 0309 	ubfx	r3, r0, #0, #10
87800876:	2b9f      	cmp	r3, #159	; 0x9f
87800878:	d80f      	bhi.n	8780089a <system_irqhandler+0x2a>
8780087a:	f649 24d4 	movw	r4, #39636	; 0x9ad4
8780087e:	4618      	mov	r0, r3
87800880:	f2c8 7480 	movt	r4, #34688	; 0x8780
87800884:	6822      	ldr	r2, [r4, #0]
87800886:	eb04 03c3 	add.w	r3, r4, r3, lsl #3
8780088a:	685d      	ldr	r5, [r3, #4]
8780088c:	3201      	adds	r2, #1
8780088e:	6899      	ldr	r1, [r3, #8]
87800890:	6022      	str	r2, [r4, #0]
87800892:	47a8      	blx	r5
87800894:	6823      	ldr	r3, [r4, #0]
87800896:	3b01      	subs	r3, #1
87800898:	6023      	str	r3, [r4, #0]
8780089a:	bd38      	pop	{r3, r4, r5, pc}

8780089c <gpio1_io18_irqhandler>:
8780089c:	b508      	push	{r3, lr}
8780089e:	200a      	movs	r0, #10
878008a0:	f7ff fe5a 	bl	87800558 <delay>
878008a4:	f44f 4040 	mov.w	r0, #49152	; 0xc000
878008a8:	2112      	movs	r1, #18
878008aa:	f2c0 2009 	movt	r0, #521	; 0x209
878008ae:	f7ff fee9 	bl	87800684 <gpio_pinread>
878008b2:	b958      	cbnz	r0, 878008cc <gpio1_io18_irqhandler+0x30>
878008b4:	f649 72d8 	movw	r2, #40920	; 0x9fd8
878008b8:	f2c8 7280 	movt	r2, #34688	; 0x8780
878008bc:	7813      	ldrb	r3, [r2, #0]
878008be:	fab3 f383 	clz	r3, r3
878008c2:	095b      	lsrs	r3, r3, #5
878008c4:	4618      	mov	r0, r3
878008c6:	7013      	strb	r3, [r2, #0]
878008c8:	f7ff fe76 	bl	878005b8 <beep_switch>
878008cc:	f44f 4040 	mov.w	r0, #49152	; 0xc000
878008d0:	2112      	movs	r1, #18
878008d2:	f2c0 2009 	movt	r0, #521	; 0x209
878008d6:	e8bd 4008 	ldmia.w	sp!, {r3, lr}
878008da:	f7ff bf5f 	b.w	8780079c <gpio_clearintflags>
878008de:	bf00      	nop

878008e0 <exit_init>:
878008e0:	228c      	movs	r2, #140	; 0x8c
878008e2:	f44f 7346 	mov.w	r3, #792	; 0x318
878008e6:	b570      	push	{r4, r5, r6, lr}
878008e8:	f2c0 220e 	movt	r2, #526	; 0x20e
878008ec:	2005      	movs	r0, #5
878008ee:	f2c0 230e 	movt	r3, #526	; 0x20e
878008f2:	f24f 0180 	movw	r1, #61568	; 0xf080
878008f6:	f44f 4440 	mov.w	r4, #49152	; 0xc000
878008fa:	b084      	sub	sp, #16
878008fc:	6010      	str	r0, [r2, #0]
878008fe:	f2c0 2409 	movt	r4, #521	; 0x209
87800902:	6019      	str	r1, [r3, #0]
87800904:	2104      	movs	r1, #4
87800906:	2301      	movs	r3, #1
87800908:	eb0d 0201 	add.w	r2, sp, r1
8780090c:	9103      	str	r1, [sp, #12]
8780090e:	4620      	mov	r0, r4
87800910:	2500      	movs	r5, #0
87800912:	2112      	movs	r1, #18
87800914:	9501      	str	r5, [sp, #4]
87800916:	f88d 3008 	strb.w	r3, [sp, #8]
8780091a:	f7ff ff0b 	bl	87800734 <gpio_init>
8780091e:	ee9f 3f10 	mrc	15, 4, r3, cr15, cr0, {0}
87800922:	0c1b      	lsrs	r3, r3, #16
87800924:	f241 100c 	movw	r0, #4364	; 0x110c
87800928:	2608      	movs	r6, #8
8780092a:	041b      	lsls	r3, r3, #16
8780092c:	f640 019d 	movw	r1, #2205	; 0x89d
87800930:	462a      	mov	r2, r5
87800932:	501e      	str	r6, [r3, r0]
87800934:	f2c8 7180 	movt	r1, #34688	; 0x8780
87800938:	2063      	movs	r0, #99	; 0x63
8780093a:	f7ff ff8f 	bl	8780085c <system_register_irqhandler>
8780093e:	4620      	mov	r0, r4
87800940:	2112      	movs	r1, #18
87800942:	f7ff ff1b 	bl	8780077c <gpio_enableint>
87800946:	b004      	add	sp, #16
87800948:	bd70      	pop	{r4, r5, r6, pc}
8780094a:	bf00      	nop

8780094c <epit1_irqhandler>:
8780094c:	b508      	push	{r3, lr}
8780094e:	f649 73d9 	movw	r3, #40921	; 0x9fd9
87800952:	f2c8 7380 	movt	r3, #34688	; 0x8780
87800956:	2200      	movs	r2, #0
87800958:	f2c0 220d 	movt	r2, #525	; 0x20d
8780095c:	7819      	ldrb	r1, [r3, #0]
8780095e:	fab1 f181 	clz	r1, r1
87800962:	0949      	lsrs	r1, r1, #5
87800964:	7019      	strb	r1, [r3, #0]
87800966:	6853      	ldr	r3, [r2, #4]
87800968:	07db      	lsls	r3, r3, #31
8780096a:	d502      	bpl.n	87800972 <epit1_irqhandler+0x26>
8780096c:	2000      	movs	r0, #0
8780096e:	f7ff fd7f 	bl	87800470 <led_switch>
87800972:	2300      	movs	r3, #0
87800974:	f2c0 230d 	movt	r3, #525	; 0x20d
87800978:	685a      	ldr	r2, [r3, #4]
8780097a:	f042 0201 	orr.w	r2, r2, #1
8780097e:	605a      	str	r2, [r3, #4]
87800980:	bd08      	pop	{r3, pc}
87800982:	bf00      	nop

87800984 <epit1_init>:
87800984:	f640 72ff 	movw	r2, #4095	; 0xfff
87800988:	b538      	push	{r3, r4, r5, lr}
8780098a:	4290      	cmp	r0, r2
8780098c:	f04f 030e 	mov.w	r3, #14
87800990:	bf28      	it	cs
87800992:	4610      	movcs	r0, r2
87800994:	f2c0 1300 	movt	r3, #256	; 0x100
87800998:	ea43 1300 	orr.w	r3, r3, r0, lsl #4
8780099c:	2400      	movs	r4, #0
8780099e:	f2c0 240d 	movt	r4, #525	; 0x20d
878009a2:	2200      	movs	r2, #0
878009a4:	6022      	str	r2, [r4, #0]
878009a6:	6023      	str	r3, [r4, #0]
878009a8:	60a1      	str	r1, [r4, #8]
878009aa:	60e2      	str	r2, [r4, #12]
878009ac:	ee9f 3f10 	mrc	15, 4, r3, cr15, cr0, {0}
878009b0:	0c1b      	lsrs	r3, r3, #16
878009b2:	f241 1008 	movw	r0, #4360	; 0x1108
878009b6:	f04f 7580 	mov.w	r5, #16777216	; 0x1000000
878009ba:	041b      	lsls	r3, r3, #16
878009bc:	f640 114d 	movw	r1, #2381	; 0x94d
878009c0:	f2c8 7180 	movt	r1, #34688	; 0x8780
878009c4:	501d      	str	r5, [r3, r0]
878009c6:	2058      	movs	r0, #88	; 0x58
878009c8:	f7ff ff48 	bl	8780085c <system_register_irqhandler>
878009cc:	6823      	ldr	r3, [r4, #0]
878009ce:	f043 0301 	orr.w	r3, r3, #1
878009d2:	6023      	str	r3, [r4, #0]
878009d4:	bd38      	pop	{r3, r4, r5, pc}
878009d6:	bf00      	nop

878009d8 <filtertimer_irqhandler>:
878009d8:	b508      	push	{r3, lr}
878009da:	2300      	movs	r3, #0
878009dc:	f2c0 230d 	movt	r3, #525	; 0x20d
878009e0:	685a      	ldr	r2, [r3, #4]
878009e2:	07d2      	lsls	r2, r2, #31
878009e4:	d407      	bmi.n	878009f6 <filtertimer_irqhandler+0x1e>
878009e6:	2300      	movs	r3, #0
878009e8:	f2c0 230d 	movt	r3, #525	; 0x20d
878009ec:	685a      	ldr	r2, [r3, #4]
878009ee:	f042 0201 	orr.w	r2, r2, #1
878009f2:	605a      	str	r2, [r3, #4]
878009f4:	bd08      	pop	{r3, pc}
878009f6:	681a      	ldr	r2, [r3, #0]
878009f8:	f44f 4040 	mov.w	r0, #49152	; 0xc000
878009fc:	f2c0 2009 	movt	r0, #521	; 0x209
87800a00:	2112      	movs	r1, #18
87800a02:	f022 0201 	bic.w	r2, r2, #1
87800a06:	601a      	str	r2, [r3, #0]
87800a08:	f7ff fe3c 	bl	87800684 <gpio_pinread>
87800a0c:	2800      	cmp	r0, #0
87800a0e:	d1ea      	bne.n	878009e6 <filtertimer_irqhandler+0xe>
87800a10:	f649 72da 	movw	r2, #40922	; 0x9fda
87800a14:	f2c8 7280 	movt	r2, #34688	; 0x8780
87800a18:	7813      	ldrb	r3, [r2, #0]
87800a1a:	fab3 f383 	clz	r3, r3
87800a1e:	095b      	lsrs	r3, r3, #5
87800a20:	4618      	mov	r0, r3
87800a22:	7013      	strb	r3, [r2, #0]
87800a24:	f7ff fdc8 	bl	878005b8 <beep_switch>
87800a28:	e7dd      	b.n	878009e6 <filtertimer_irqhandler+0xe>
87800a2a:	bf00      	nop

87800a2c <gpio1_16_31_irqhandler>:
87800a2c:	2300      	movs	r3, #0
87800a2e:	b410      	push	{r4}
87800a30:	f2c0 230d 	movt	r3, #525	; 0x20d
87800a34:	f44f 5491 	mov.w	r4, #4640	; 0x1220
87800a38:	f2c0 040a 	movt	r4, #10
87800a3c:	f44f 4040 	mov.w	r0, #49152	; 0xc000
87800a40:	681a      	ldr	r2, [r3, #0]
87800a42:	f2c0 2009 	movt	r0, #521	; 0x209
87800a46:	2112      	movs	r1, #18
87800a48:	f022 0201 	bic.w	r2, r2, #1
87800a4c:	601a      	str	r2, [r3, #0]
87800a4e:	609c      	str	r4, [r3, #8]
87800a50:	681a      	ldr	r2, [r3, #0]
87800a52:	f85d 4b04 	ldr.w	r4, [sp], #4
87800a56:	f042 0201 	orr.w	r2, r2, #1
87800a5a:	601a      	str	r2, [r3, #0]
87800a5c:	f7ff be9e 	b.w	8780079c <gpio_clearintflags>

87800a60 <filtertimer_init>:
87800a60:	2300      	movs	r3, #0
87800a62:	210e      	movs	r1, #14
87800a64:	f2c0 230d 	movt	r3, #525	; 0x20d
87800a68:	2200      	movs	r2, #0
87800a6a:	f2c0 1100 	movt	r1, #256	; 0x100
87800a6e:	b410      	push	{r4}
87800a70:	601a      	str	r2, [r3, #0]
87800a72:	6019      	str	r1, [r3, #0]
87800a74:	6098      	str	r0, [r3, #8]
87800a76:	60da      	str	r2, [r3, #12]
87800a78:	ee9f 3f10 	mrc	15, 4, r3, cr15, cr0, {0}
87800a7c:	0c1b      	lsrs	r3, r3, #16
87800a7e:	f241 1008 	movw	r0, #4360	; 0x1108
87800a82:	f04f 7480 	mov.w	r4, #16777216	; 0x1000000
87800a86:	041b      	lsls	r3, r3, #16
87800a88:	f640 11d9 	movw	r1, #2521	; 0x9d9
87800a8c:	f2c8 7180 	movt	r1, #34688	; 0x8780
87800a90:	501c      	str	r4, [r3, r0]
87800a92:	2058      	movs	r0, #88	; 0x58
87800a94:	f85d 4b04 	ldr.w	r4, [sp], #4
87800a98:	f7ff bee0 	b.w	8780085c <system_register_irqhandler>

87800a9c <keyfilter_init>:
87800a9c:	228c      	movs	r2, #140	; 0x8c
87800a9e:	f44f 7346 	mov.w	r3, #792	; 0x318
87800aa2:	b570      	push	{r4, r5, r6, lr}
87800aa4:	f2c0 220e 	movt	r2, #526	; 0x20e
87800aa8:	2005      	movs	r0, #5
87800aaa:	f2c0 230e 	movt	r3, #526	; 0x20e
87800aae:	f24f 0180 	movw	r1, #61568	; 0xf080
87800ab2:	f44f 4440 	mov.w	r4, #49152	; 0xc000
87800ab6:	b084      	sub	sp, #16
87800ab8:	6010      	str	r0, [r2, #0]
87800aba:	f2c0 2409 	movt	r4, #521	; 0x209
87800abe:	6019      	str	r1, [r3, #0]
87800ac0:	2104      	movs	r1, #4
87800ac2:	2301      	movs	r3, #1
87800ac4:	eb0d 0201 	add.w	r2, sp, r1
87800ac8:	9103      	str	r1, [sp, #12]
87800aca:	4620      	mov	r0, r4
87800acc:	2500      	movs	r5, #0
87800ace:	2112      	movs	r1, #18
87800ad0:	9501      	str	r5, [sp, #4]
87800ad2:	f88d 3008 	strb.w	r3, [sp, #8]
87800ad6:	f7ff fe2d 	bl	87800734 <gpio_init>
87800ada:	ee9f 3f10 	mrc	15, 4, r3, cr15, cr0, {0}
87800ade:	0c1b      	lsrs	r3, r3, #16
87800ae0:	f241 100c 	movw	r0, #4364	; 0x110c
87800ae4:	2608      	movs	r6, #8
87800ae6:	041b      	lsls	r3, r3, #16
87800ae8:	f640 212d 	movw	r1, #2605	; 0xa2d
87800aec:	462a      	mov	r2, r5
87800aee:	501e      	str	r6, [r3, r0]
87800af0:	f2c8 7180 	movt	r1, #34688	; 0x8780
87800af4:	2063      	movs	r0, #99	; 0x63
87800af6:	f7ff feb1 	bl	8780085c <system_register_irqhandler>
87800afa:	4620      	mov	r0, r4
87800afc:	2112      	movs	r1, #18
87800afe:	f7ff fe3d 	bl	8780077c <gpio_enableint>
87800b02:	f44f 5091 	mov.w	r0, #4640	; 0x1220
87800b06:	f2c0 000a 	movt	r0, #10
87800b0a:	f7ff ffa9 	bl	87800a60 <filtertimer_init>
87800b0e:	b004      	add	sp, #16
87800b10:	bd70      	pop	{r4, r5, r6, pc}
87800b12:	bf00      	nop

87800b14 <filtertimer_stop>:
87800b14:	2300      	movs	r3, #0
87800b16:	f2c0 230d 	movt	r3, #525	; 0x20d
87800b1a:	681a      	ldr	r2, [r3, #0]
87800b1c:	f022 0201 	bic.w	r2, r2, #1
87800b20:	601a      	str	r2, [r3, #0]
87800b22:	4770      	bx	lr

87800b24 <filtertimer_restart>:
87800b24:	2300      	movs	r3, #0
87800b26:	f2c0 230d 	movt	r3, #525	; 0x20d
87800b2a:	681a      	ldr	r2, [r3, #0]
87800b2c:	f022 0201 	bic.w	r2, r2, #1
87800b30:	601a      	str	r2, [r3, #0]
87800b32:	6098      	str	r0, [r3, #8]
87800b34:	681a      	ldr	r2, [r3, #0]
87800b36:	f042 0201 	orr.w	r2, r2, #1
87800b3a:	601a      	str	r2, [r3, #0]
87800b3c:	4770      	bx	lr
87800b3e:	bf00      	nop

87800b40 <uart_setbaudrate>:
87800b40:	e92d 4ff0 	stmdb	sp!, {r4, r5, r6, r7, r8, r9, sl, fp, lr}
87800b44:	010c      	lsls	r4, r1, #4
87800b46:	b087      	sub	sp, #28
87800b48:	460e      	mov	r6, r1
87800b4a:	4680      	mov	r8, r0
87800b4c:	4617      	mov	r7, r2
87800b4e:	bf08      	it	eq
87800b50:	4615      	moveq	r5, r2
87800b52:	d013      	beq.n	87800b7c <uart_setbaudrate+0x3c>
87800b54:	46a1      	mov	r9, r4
87800b56:	4610      	mov	r0, r2
87800b58:	e000      	b.n	87800b5c <uart_setbaudrate+0x1c>
87800b5a:	4689      	mov	r9, r1
87800b5c:	4649      	mov	r1, r9
87800b5e:	f004 f89d 	bl	87804c9c <__aeabi_uidivmod>
87800b62:	4648      	mov	r0, r9
87800b64:	2900      	cmp	r1, #0
87800b66:	d1f8      	bne.n	87800b5a <uart_setbaudrate+0x1a>
87800b68:	4649      	mov	r1, r9
87800b6a:	4638      	mov	r0, r7
87800b6c:	f003 ff68 	bl	87804a40 <__udivsi3>
87800b70:	4649      	mov	r1, r9
87800b72:	4605      	mov	r5, r0
87800b74:	4620      	mov	r0, r4
87800b76:	f003 ff63 	bl	87804a40 <__udivsi3>
87800b7a:	4604      	mov	r4, r0
87800b7c:	f64f 79f9 	movw	r9, #65529	; 0xfff9
87800b80:	1e69      	subs	r1, r5, #1
87800b82:	f2c0 0906 	movt	r9, #6
87800b86:	454d      	cmp	r5, r9
87800b88:	bf98      	it	ls
87800b8a:	f5b4 3f80 	cmpls.w	r4, #65536	; 0x10000
87800b8e:	bf2c      	ite	cs
87800b90:	f04f 0901 	movcs.w	r9, #1
87800b94:	f04f 0900 	movcc.w	r9, #0
87800b98:	f080 8086 	bcs.w	87800ca8 <uart_setbaudrate+0x168>
87800b9c:	f248 0201 	movw	r2, #32769	; 0x8001
87800ba0:	ea4f 1a05 	mov.w	sl, r5, lsl #4
87800ba4:	f2c8 0200 	movt	r2, #32768	; 0x8000
87800ba8:	f8cd 9000 	str.w	r9, [sp]
87800bac:	fba1 2302 	umull	r2, r3, r1, r2
87800bb0:	4650      	mov	r0, sl
87800bb2:	46a3      	mov	fp, r4
87800bb4:	0bdb      	lsrs	r3, r3, #15
87800bb6:	1e59      	subs	r1, r3, #1
87800bb8:	3301      	adds	r3, #1
87800bba:	9304      	str	r3, [sp, #16]
87800bbc:	2905      	cmp	r1, #5
87800bbe:	46b9      	mov	r9, r7
87800bc0:	bf97      	itett	ls
87800bc2:	f245 0328 	movwls	r3, #20520	; 0x5028
87800bc6:	2305      	movhi	r3, #5
87800bc8:	f2c8 7380 	movtls	r3, #34688	; 0x8780
87800bcc:	f853 3021 	ldrls.w	r3, [r3, r1, lsl #2]
87800bd0:	9305      	str	r3, [sp, #20]
87800bd2:	2300      	movs	r3, #0
87800bd4:	f1ba 0f00 	cmp.w	sl, #0
87800bd8:	d01d      	beq.n	87800c16 <uart_setbaudrate+0xd6>
87800bda:	46a1      	mov	r9, r4
87800bdc:	4638      	mov	r0, r7
87800bde:	4654      	mov	r4, sl
87800be0:	f8cd a008 	str.w	sl, [sp, #8]
87800be4:	2300      	movs	r3, #0
87800be6:	4622      	mov	r2, r4
87800be8:	4619      	mov	r1, r3
87800bea:	f004 f8b5 	bl	87804d58 <__aeabi_uldivmod>
87800bee:	4620      	mov	r0, r4
87800bf0:	2300      	movs	r3, #0
87800bf2:	4614      	mov	r4, r2
87800bf4:	2a00      	cmp	r2, #0
87800bf6:	d1f5      	bne.n	87800be4 <uart_setbaudrate+0xa4>
87800bf8:	464c      	mov	r4, r9
87800bfa:	4681      	mov	r9, r0
87800bfc:	4649      	mov	r1, r9
87800bfe:	9802      	ldr	r0, [sp, #8]
87800c00:	9303      	str	r3, [sp, #12]
87800c02:	f003 ff1d 	bl	87804a40 <__udivsi3>
87800c06:	4649      	mov	r1, r9
87800c08:	9002      	str	r0, [sp, #8]
87800c0a:	4638      	mov	r0, r7
87800c0c:	f003 ff18 	bl	87804a40 <__udivsi3>
87800c10:	4681      	mov	r9, r0
87800c12:	e9dd 0302 	ldrd	r0, r3, [sp, #8]
87800c16:	fb0b fc03 	mul.w	ip, fp, r3
87800c1a:	9f00      	ldr	r7, [sp, #0]
87800c1c:	4602      	mov	r2, r0
87800c1e:	2300      	movs	r3, #0
87800c20:	fbab 0109 	umull	r0, r1, fp, r9
87800c24:	fb09 c907 	mla	r9, r9, r7, ip
87800c28:	4449      	add	r1, r9
87800c2a:	f004 f895 	bl	87804d58 <__aeabi_uldivmod>
87800c2e:	2300      	movs	r3, #0
87800c30:	4681      	mov	r9, r0
87800c32:	4299      	cmp	r1, r3
87800c34:	468a      	mov	sl, r1
87800c36:	bf08      	it	eq
87800c38:	42b0      	cmpeq	r0, r6
87800c3a:	4632      	mov	r2, r6
87800c3c:	d32d      	bcc.n	87800c9a <uart_setbaudrate+0x15a>
87800c3e:	1a80      	subs	r0, r0, r2
87800c40:	eb61 0103 	sbc.w	r1, r1, r3
87800c44:	f248 531f 	movw	r3, #34079	; 0x851f
87800c48:	f2c5 13eb 	movt	r3, #20971	; 0x51eb
87800c4c:	fba6 6703 	umull	r6, r7, r6, r3
87800c50:	2300      	movs	r3, #0
87800c52:	4299      	cmp	r1, r3
87800c54:	ea4f 1257 	mov.w	r2, r7, lsr #5
87800c58:	eb02 0242 	add.w	r2, r2, r2, lsl #1
87800c5c:	bf08      	it	eq
87800c5e:	4290      	cmpeq	r0, r2
87800c60:	d218      	bcs.n	87800c94 <uart_setbaudrate+0x154>
87800c62:	f8d8 3090 	ldr.w	r3, [r8, #144]	; 0x90
87800c66:	3c01      	subs	r4, #1
87800c68:	9a05      	ldr	r2, [sp, #20]
87800c6a:	b2a4      	uxth	r4, r4
87800c6c:	9904      	ldr	r1, [sp, #16]
87800c6e:	4628      	mov	r0, r5
87800c70:	f423 7360 	bic.w	r3, r3, #896	; 0x380
87800c74:	f8c8 3090 	str.w	r3, [r8, #144]	; 0x90
87800c78:	f8d8 3090 	ldr.w	r3, [r8, #144]	; 0x90
87800c7c:	ea43 13c2 	orr.w	r3, r3, r2, lsl #7
87800c80:	f8c8 3090 	str.w	r3, [r8, #144]	; 0x90
87800c84:	f8c8 40a4 	str.w	r4, [r8, #164]	; 0xa4
87800c88:	f003 feda 	bl	87804a40 <__udivsi3>
87800c8c:	3801      	subs	r0, #1
87800c8e:	b280      	uxth	r0, r0
87800c90:	f8c8 00a8 	str.w	r0, [r8, #168]	; 0xa8
87800c94:	b007      	add	sp, #28
87800c96:	e8bd 8ff0 	ldmia.w	sp!, {r4, r5, r6, r7, r8, r9, sl, fp, pc}
87800c9a:	ebb2 0209 	subs.w	r2, r2, r9
87800c9e:	eb63 030a 	sbc.w	r3, r3, sl
87800ca2:	4610      	mov	r0, r2
87800ca4:	4619      	mov	r1, r3
87800ca6:	e7cd      	b.n	87800c44 <uart_setbaudrate+0x104>
87800ca8:	f646 52b9 	movw	r2, #28089	; 0x6db9
87800cac:	f248 0901 	movw	r9, #32769	; 0x8001
87800cb0:	f2c2 4293 	movt	r2, #9363	; 0x2493
87800cb4:	f104 3aff 	add.w	sl, r4, #4294967295	; 0xffffffff
87800cb8:	fba1 2302 	umull	r2, r3, r1, r2
87800cbc:	f2c8 0900 	movt	r9, #32768	; 0x8000
87800cc0:	4628      	mov	r0, r5
87800cc2:	fbaa ab09 	umull	sl, fp, sl, r9
87800cc6:	e9cd 2300 	strd	r2, r3, [sp]
87800cca:	1aca      	subs	r2, r1, r3
87800ccc:	9b01      	ldr	r3, [sp, #4]
87800cce:	ea4f 3adb 	mov.w	sl, fp, lsr #15
87800cd2:	eb03 0352 	add.w	r3, r3, r2, lsr #1
87800cd6:	f10a 0a01 	add.w	sl, sl, #1
87800cda:	0c9a      	lsrs	r2, r3, #18
87800cdc:	1c53      	adds	r3, r2, #1
87800cde:	459a      	cmp	sl, r3
87800ce0:	bf38      	it	cc
87800ce2:	469a      	movcc	sl, r3
87800ce4:	4651      	mov	r1, sl
87800ce6:	f003 feab 	bl	87804a40 <__udivsi3>
87800cea:	4605      	mov	r5, r0
87800cec:	4651      	mov	r1, sl
87800cee:	4620      	mov	r0, r4
87800cf0:	f003 fea6 	bl	87804a40 <__udivsi3>
87800cf4:	4604      	mov	r4, r0
87800cf6:	b96d      	cbnz	r5, 87800d14 <uart_setbaudrate+0x1d4>
87800cf8:	b1e0      	cbz	r0, 87800d34 <uart_setbaudrate+0x1f4>
87800cfa:	4683      	mov	fp, r0
87800cfc:	9500      	str	r5, [sp, #0]
87800cfe:	2310      	movs	r3, #16
87800d00:	2501      	movs	r5, #1
87800d02:	469a      	mov	sl, r3
87800d04:	9302      	str	r3, [sp, #8]
87800d06:	2305      	movs	r3, #5
87800d08:	46a1      	mov	r9, r4
87800d0a:	9504      	str	r5, [sp, #16]
87800d0c:	4638      	mov	r0, r7
87800d0e:	9305      	str	r3, [sp, #20]
87800d10:	4654      	mov	r4, sl
87800d12:	e767      	b.n	87800be4 <uart_setbaudrate+0xa4>
87800d14:	1e6a      	subs	r2, r5, #1
87800d16:	ea4f 1a05 	mov.w	sl, r5, lsl #4
87800d1a:	fba2 2309 	umull	r2, r3, r2, r9
87800d1e:	4650      	mov	r0, sl
87800d20:	0bdb      	lsrs	r3, r3, #15
87800d22:	1e59      	subs	r1, r3, #1
87800d24:	3301      	adds	r3, #1
87800d26:	9304      	str	r3, [sp, #16]
87800d28:	b94c      	cbnz	r4, 87800d3e <uart_setbaudrate+0x1fe>
87800d2a:	f04f 0b01 	mov.w	fp, #1
87800d2e:	9400      	str	r4, [sp, #0]
87800d30:	465c      	mov	r4, fp
87800d32:	e743      	b.n	87800bbc <uart_setbaudrate+0x7c>
87800d34:	f04f 0b01 	mov.w	fp, #1
87800d38:	9000      	str	r0, [sp, #0]
87800d3a:	465c      	mov	r4, fp
87800d3c:	e7df      	b.n	87800cfe <uart_setbaudrate+0x1be>
87800d3e:	2300      	movs	r3, #0
87800d40:	46a3      	mov	fp, r4
87800d42:	9300      	str	r3, [sp, #0]
87800d44:	e73a      	b.n	87800bbc <uart_setbaudrate+0x7c>
87800d46:	bf00      	nop

87800d48 <uart_init>:
87800d48:	b538      	push	{r3, r4, r5, lr}
87800d4a:	2384      	movs	r3, #132	; 0x84
87800d4c:	2500      	movs	r5, #0
87800d4e:	f2c0 230e 	movt	r3, #526	; 0x20e
87800d52:	2188      	movs	r1, #136	; 0x88
87800d54:	f240 6424 	movw	r4, #1572	; 0x624
87800d58:	601d      	str	r5, [r3, #0]
87800d5a:	f2c0 210e 	movt	r1, #526	; 0x20e
87800d5e:	462b      	mov	r3, r5
87800d60:	f44f 7044 	mov.w	r0, #784	; 0x310
87800d64:	f44f 7245 	mov.w	r2, #788	; 0x314
87800d68:	600d      	str	r5, [r1, #0]
87800d6a:	f2c0 2302 	movt	r3, #514	; 0x202
87800d6e:	f2c0 240e 	movt	r4, #526	; 0x20e
87800d72:	f2c0 220e 	movt	r2, #526	; 0x20e
87800d76:	f241 01b0 	movw	r1, #4272	; 0x10b0
87800d7a:	f2c0 200e 	movt	r0, #526	; 0x20e
87800d7e:	2503      	movs	r5, #3
87800d80:	6025      	str	r5, [r4, #0]
87800d82:	461c      	mov	r4, r3
87800d84:	6001      	str	r1, [r0, #0]
87800d86:	6011      	str	r1, [r2, #0]
87800d88:	f8d3 2080 	ldr.w	r2, [r3, #128]	; 0x80
87800d8c:	f022 0201 	bic.w	r2, r2, #1
87800d90:	f8c3 2080 	str.w	r2, [r3, #128]	; 0x80
87800d94:	f8d3 2084 	ldr.w	r2, [r3, #132]	; 0x84
87800d98:	f022 0201 	bic.w	r2, r2, #1
87800d9c:	f8c3 2084 	str.w	r2, [r3, #132]	; 0x84
87800da0:	f8d4 3084 	ldr.w	r3, [r4, #132]	; 0x84
87800da4:	07db      	lsls	r3, r3, #31
87800da6:	d5fb      	bpl.n	87800da0 <uart_init+0x58>
87800da8:	2500      	movs	r5, #0
87800daa:	f44f 4234 	mov.w	r2, #46080	; 0xb400
87800dae:	f8c4 5080 	str.w	r5, [r4, #128]	; 0x80
87800db2:	4628      	mov	r0, r5
87800db4:	f8d4 3080 	ldr.w	r3, [r4, #128]	; 0x80
87800db8:	f2c0 42c4 	movt	r2, #1220	; 0x4c4
87800dbc:	f2c0 2002 	movt	r0, #514	; 0x202
87800dc0:	f44f 31e1 	mov.w	r1, #115200	; 0x1c200
87800dc4:	f423 4380 	bic.w	r3, r3, #16384	; 0x4000
87800dc8:	f8c4 3080 	str.w	r3, [r4, #128]	; 0x80
87800dcc:	f8c4 5084 	str.w	r5, [r4, #132]	; 0x84
87800dd0:	f8d4 3084 	ldr.w	r3, [r4, #132]	; 0x84
87800dd4:	f443 4380 	orr.w	r3, r3, #16384	; 0x4000
87800dd8:	f043 0326 	orr.w	r3, r3, #38	; 0x26
87800ddc:	f8c4 3084 	str.w	r3, [r4, #132]	; 0x84
87800de0:	f8d4 3088 	ldr.w	r3, [r4, #136]	; 0x88
87800de4:	f043 0304 	orr.w	r3, r3, #4
87800de8:	f8c4 3088 	str.w	r3, [r4, #136]	; 0x88
87800dec:	f7ff fea8 	bl	87800b40 <uart_setbaudrate>
87800df0:	f8d4 3080 	ldr.w	r3, [r4, #128]	; 0x80
87800df4:	f043 0301 	orr.w	r3, r3, #1
87800df8:	f8c4 3080 	str.w	r3, [r4, #128]	; 0x80
87800dfc:	bd38      	pop	{r3, r4, r5, pc}
87800dfe:	bf00      	nop

87800e00 <uart_disable>:
87800e00:	f8d0 3080 	ldr.w	r3, [r0, #128]	; 0x80
87800e04:	f023 0301 	bic.w	r3, r3, #1
87800e08:	f8c0 3080 	str.w	r3, [r0, #128]	; 0x80
87800e0c:	4770      	bx	lr
87800e0e:	bf00      	nop

87800e10 <uart_enable>:
87800e10:	f8d0 3080 	ldr.w	r3, [r0, #128]	; 0x80
87800e14:	f043 0301 	orr.w	r3, r3, #1
87800e18:	f8c0 3080 	str.w	r3, [r0, #128]	; 0x80
87800e1c:	4770      	bx	lr
87800e1e:	bf00      	nop

87800e20 <uart_softreset>:
87800e20:	f8d0 3084 	ldr.w	r3, [r0, #132]	; 0x84
87800e24:	f023 0301 	bic.w	r3, r3, #1
87800e28:	f8c0 3084 	str.w	r3, [r0, #132]	; 0x84
87800e2c:	f8d0 3084 	ldr.w	r3, [r0, #132]	; 0x84
87800e30:	07db      	lsls	r3, r3, #31
87800e32:	d5fb      	bpl.n	87800e2c <uart_softreset+0xc>
87800e34:	4770      	bx	lr
87800e36:	bf00      	nop

87800e38 <putc>:
87800e38:	2200      	movs	r2, #0
87800e3a:	f2c0 2202 	movt	r2, #514	; 0x202
87800e3e:	f8d2 3098 	ldr.w	r3, [r2, #152]	; 0x98
87800e42:	071b      	lsls	r3, r3, #28
87800e44:	d5fb      	bpl.n	87800e3e <putc+0x6>
87800e46:	6410      	str	r0, [r2, #64]	; 0x40
87800e48:	4770      	bx	lr
87800e4a:	bf00      	nop

87800e4c <puts>:
87800e4c:	7801      	ldrb	r1, [r0, #0]
87800e4e:	b159      	cbz	r1, 87800e68 <puts+0x1c>
87800e50:	2200      	movs	r2, #0
87800e52:	f2c0 2202 	movt	r2, #514	; 0x202
87800e56:	f8d2 3098 	ldr.w	r3, [r2, #152]	; 0x98
87800e5a:	071b      	lsls	r3, r3, #28
87800e5c:	d5fb      	bpl.n	87800e56 <puts+0xa>
87800e5e:	6411      	str	r1, [r2, #64]	; 0x40
87800e60:	f810 1f01 	ldrb.w	r1, [r0, #1]!
87800e64:	2900      	cmp	r1, #0
87800e66:	d1f6      	bne.n	87800e56 <puts+0xa>
87800e68:	4770      	bx	lr
87800e6a:	bf00      	nop

87800e6c <getc>:
87800e6c:	2200      	movs	r2, #0
87800e6e:	f2c0 2202 	movt	r2, #514	; 0x202
87800e72:	f8d2 3098 	ldr.w	r3, [r2, #152]	; 0x98
87800e76:	07db      	lsls	r3, r3, #31
87800e78:	d5fb      	bpl.n	87800e72 <getc+0x6>
87800e7a:	6810      	ldr	r0, [r2, #0]
87800e7c:	b2c0      	uxtb	r0, r0
87800e7e:	4770      	bx	lr

87800e80 <raise>:
87800e80:	4770      	bx	lr
87800e82:	bf00      	nop

87800e84 <uart_io_init>:
87800e84:	b430      	push	{r4, r5}
87800e86:	2288      	movs	r2, #136	; 0x88
87800e88:	2584      	movs	r5, #132	; 0x84
87800e8a:	2400      	movs	r4, #0
87800e8c:	f2c0 250e 	movt	r5, #526	; 0x20e
87800e90:	f2c0 220e 	movt	r2, #526	; 0x20e
87800e94:	f240 6024 	movw	r0, #1572	; 0x624
87800e98:	f44f 7144 	mov.w	r1, #784	; 0x310
87800e9c:	f44f 7345 	mov.w	r3, #788	; 0x314
87800ea0:	602c      	str	r4, [r5, #0]
87800ea2:	f2c0 200e 	movt	r0, #526	; 0x20e
87800ea6:	6014      	str	r4, [r2, #0]
87800ea8:	2503      	movs	r5, #3
87800eaa:	f241 02b0 	movw	r2, #4272	; 0x10b0
87800eae:	f2c0 210e 	movt	r1, #526	; 0x20e
87800eb2:	f2c0 230e 	movt	r3, #526	; 0x20e
87800eb6:	6005      	str	r5, [r0, #0]
87800eb8:	600a      	str	r2, [r1, #0]
87800eba:	bc30      	pop	{r4, r5}
87800ebc:	601a      	str	r2, [r3, #0]
87800ebe:	4770      	bx	lr

87800ec0 <lcdclk_init>:
87800ec0:	b4f0      	push	{r4, r5, r6, r7}
87800ec2:	f44f 4400 	mov.w	r4, #32768	; 0x8000
87800ec6:	f2c0 240c 	movt	r4, #524	; 0x20c
87800eca:	2600      	movs	r6, #0
87800ecc:	f440 1081 	orr.w	r0, r0, #1056768	; 0x102000
87800ed0:	1e55      	subs	r5, r2, #1
87800ed2:	f8c4 60b0 	str.w	r6, [r4, #176]	; 0xb0
87800ed6:	f44f 4380 	mov.w	r3, #16384	; 0x4000
87800eda:	f8c4 60c0 	str.w	r6, [r4, #192]	; 0xc0
87800ede:	f2c0 230c 	movt	r3, #524	; 0x20c
87800ee2:	f8c4 00a0 	str.w	r0, [r4, #160]	; 0xa0
87800ee6:	1e4f      	subs	r7, r1, #1
87800ee8:	f8d4 2170 	ldr.w	r2, [r4, #368]	; 0x170
87800eec:	f022 4240 	bic.w	r2, r2, #3221225472	; 0xc0000000
87800ef0:	f8c4 2170 	str.w	r2, [r4, #368]	; 0x170
87800ef4:	f8c4 6170 	str.w	r6, [r4, #368]	; 0x170
87800ef8:	6b98      	ldr	r0, [r3, #56]	; 0x38
87800efa:	f420 3060 	bic.w	r0, r0, #229376	; 0x38000
87800efe:	6398      	str	r0, [r3, #56]	; 0x38
87800f00:	6b98      	ldr	r0, [r3, #56]	; 0x38
87800f02:	f440 3080 	orr.w	r0, r0, #65536	; 0x10000
87800f06:	6398      	str	r0, [r3, #56]	; 0x38
87800f08:	6b98      	ldr	r0, [r3, #56]	; 0x38
87800f0a:	f420 40e0 	bic.w	r0, r0, #28672	; 0x7000
87800f0e:	6398      	str	r0, [r3, #56]	; 0x38
87800f10:	6b99      	ldr	r1, [r3, #56]	; 0x38
87800f12:	ea41 3107 	orr.w	r1, r1, r7, lsl #12
87800f16:	6399      	str	r1, [r3, #56]	; 0x38
87800f18:	6999      	ldr	r1, [r3, #24]
87800f1a:	f021 7160 	bic.w	r1, r1, #58720256	; 0x3800000
87800f1e:	6199      	str	r1, [r3, #24]
87800f20:	699a      	ldr	r2, [r3, #24]
87800f22:	ea42 52c5 	orr.w	r2, r2, r5, lsl #23
87800f26:	bcf0      	pop	{r4, r5, r6, r7}
87800f28:	619a      	str	r2, [r3, #24]
87800f2a:	6b9a      	ldr	r2, [r3, #56]	; 0x38
87800f2c:	f422 6260 	bic.w	r2, r2, #3584	; 0xe00
87800f30:	639a      	str	r2, [r3, #56]	; 0x38
87800f32:	6b9a      	ldr	r2, [r3, #56]	; 0x38
87800f34:	639a      	str	r2, [r3, #56]	; 0x38
87800f36:	4770      	bx	lr

87800f38 <lcd_reset>:
87800f38:	f44f 4300 	mov.w	r3, #32768	; 0x8000
87800f3c:	f2c0 231c 	movt	r3, #540	; 0x21c
87800f40:	681a      	ldr	r2, [r3, #0]
87800f42:	f042 4200 	orr.w	r2, r2, #2147483648	; 0x80000000
87800f46:	601a      	str	r2, [r3, #0]
87800f48:	4770      	bx	lr
87800f4a:	bf00      	nop

87800f4c <lcd_noreset>:
87800f4c:	f44f 4300 	mov.w	r3, #32768	; 0x8000
87800f50:	f2c0 231c 	movt	r3, #540	; 0x21c
87800f54:	681a      	ldr	r2, [r3, #0]
87800f56:	f022 4200 	bic.w	r2, r2, #2147483648	; 0x80000000
87800f5a:	601a      	str	r2, [r3, #0]
87800f5c:	4770      	bx	lr
87800f5e:	bf00      	nop

87800f60 <lcd_enable>:
87800f60:	f44f 4300 	mov.w	r3, #32768	; 0x8000
87800f64:	f2c0 231c 	movt	r3, #540	; 0x21c
87800f68:	681a      	ldr	r2, [r3, #0]
87800f6a:	f042 0201 	orr.w	r2, r2, #1
87800f6e:	601a      	str	r2, [r3, #0]
87800f70:	4770      	bx	lr
87800f72:	bf00      	nop

87800f74 <lcd_read_panelid>:
87800f74:	f44f 7288 	mov.w	r2, #272	; 0x110
87800f78:	f44f 7367 	mov.w	r3, #924	; 0x39c
87800f7c:	b530      	push	{r4, r5, lr}
87800f7e:	f2c0 220e 	movt	r2, #526	; 0x20e
87800f82:	b085      	sub	sp, #20
87800f84:	2405      	movs	r4, #5
87800f86:	f2c0 230e 	movt	r3, #526	; 0x20e
87800f8a:	f241 01b0 	movw	r1, #4272	; 0x10b0
87800f8e:	f44f 4080 	mov.w	r0, #16384	; 0x4000
87800f92:	6014      	str	r4, [r2, #0]
87800f94:	f2c0 200a 	movt	r0, #522	; 0x20a
87800f98:	6019      	str	r1, [r3, #0]
87800f9a:	aa01      	add	r2, sp, #4
87800f9c:	2301      	movs	r3, #1
87800f9e:	2103      	movs	r1, #3
87800fa0:	9301      	str	r3, [sp, #4]
87800fa2:	f88d 3008 	strb.w	r3, [sp, #8]
87800fa6:	f44f 7570 	mov.w	r5, #960	; 0x3c0
87800faa:	f7ff fbc3 	bl	87800734 <gpio_init>
87800fae:	f44f 729a 	mov.w	r2, #308	; 0x134
87800fb2:	f44f 71aa 	mov.w	r1, #340	; 0x154
87800fb6:	f2c0 220e 	movt	r2, #526	; 0x20e
87800fba:	f2c0 210e 	movt	r1, #526	; 0x20e
87800fbe:	f44f 73ba 	mov.w	r3, #372	; 0x174
87800fc2:	6014      	str	r4, [r2, #0]
87800fc4:	f2c0 230e 	movt	r3, #526	; 0x20e
87800fc8:	600c      	str	r4, [r1, #0]
87800fca:	f44f 7278 	mov.w	r2, #992	; 0x3e0
87800fce:	f44f 6180 	mov.w	r1, #1024	; 0x400
87800fd2:	601c      	str	r4, [r3, #0]
87800fd4:	f2c0 250e 	movt	r5, #526	; 0x20e
87800fd8:	f24f 0380 	movw	r3, #61568	; 0xf080
87800fdc:	f2c0 220e 	movt	r2, #526	; 0x20e
87800fe0:	f2c0 210e 	movt	r1, #526	; 0x20e
87800fe4:	f44f 4080 	mov.w	r0, #16384	; 0x4000
87800fe8:	602b      	str	r3, [r5, #0]
87800fea:	f2c0 200a 	movt	r0, #522	; 0x20a
87800fee:	6013      	str	r3, [r2, #0]
87800ff0:	aa01      	add	r2, sp, #4
87800ff2:	600b      	str	r3, [r1, #0]
87800ff4:	2300      	movs	r3, #0
87800ff6:	210c      	movs	r1, #12
87800ff8:	9301      	str	r3, [sp, #4]
87800ffa:	f7ff fb9b 	bl	87800734 <gpio_init>
87800ffe:	f44f 4080 	mov.w	r0, #16384	; 0x4000
87801002:	aa01      	add	r2, sp, #4
87801004:	2114      	movs	r1, #20
87801006:	f2c0 200a 	movt	r0, #522	; 0x20a
8780100a:	f7ff fb93 	bl	87800734 <gpio_init>
8780100e:	f44f 4080 	mov.w	r0, #16384	; 0x4000
87801012:	aa01      	add	r2, sp, #4
87801014:	211c      	movs	r1, #28
87801016:	f2c0 200a 	movt	r0, #522	; 0x20a
8780101a:	f7ff fb8b 	bl	87800734 <gpio_init>
8780101e:	f44f 4080 	mov.w	r0, #16384	; 0x4000
87801022:	211c      	movs	r1, #28
87801024:	f2c0 200a 	movt	r0, #522	; 0x20a
87801028:	f7ff fb2c 	bl	87800684 <gpio_pinread>
8780102c:	4605      	mov	r5, r0
8780102e:	f44f 4080 	mov.w	r0, #16384	; 0x4000
87801032:	2114      	movs	r1, #20
87801034:	f2c0 200a 	movt	r0, #522	; 0x20a
87801038:	f7ff fb24 	bl	87800684 <gpio_pinread>
8780103c:	4604      	mov	r4, r0
8780103e:	f44f 4080 	mov.w	r0, #16384	; 0x4000
87801042:	f2c0 200a 	movt	r0, #522	; 0x20a
87801046:	210c      	movs	r1, #12
87801048:	f7ff fb1c 	bl	87800684 <gpio_pinread>
8780104c:	0064      	lsls	r4, r4, #1
8780104e:	0083      	lsls	r3, r0, #2
87801050:	f404 74ff 	and.w	r4, r4, #510	; 0x1fe
87801054:	f403 737f 	and.w	r3, r3, #1020	; 0x3fc
87801058:	4323      	orrs	r3, r4
8780105a:	432b      	orrs	r3, r5
8780105c:	f013 03ff 	ands.w	r3, r3, #255	; 0xff
87801060:	bf08      	it	eq
87801062:	f244 3042 	movweq	r0, #17218	; 0x4342
87801066:	d018      	beq.n	8780109a <lcd_read_panelid+0x126>
87801068:	2b01      	cmp	r3, #1
8780106a:	bf08      	it	eq
8780106c:	f247 0084 	movweq	r0, #28804	; 0x7084
87801070:	d013      	beq.n	8780109a <lcd_read_panelid+0x126>
87801072:	2b02      	cmp	r3, #2
87801074:	bf08      	it	eq
87801076:	f247 0016 	movweq	r0, #28694	; 0x7016
8780107a:	d00e      	beq.n	8780109a <lcd_read_panelid+0x126>
8780107c:	2b04      	cmp	r3, #4
8780107e:	bf08      	it	eq
87801080:	f244 3084 	movweq	r0, #17284	; 0x4384
87801084:	d009      	beq.n	8780109a <lcd_read_panelid+0x126>
87801086:	2b05      	cmp	r3, #5
87801088:	bf08      	it	eq
8780108a:	f241 0018 	movweq	r0, #4120	; 0x1018
8780108e:	d004      	beq.n	8780109a <lcd_read_panelid+0x126>
87801090:	2b07      	cmp	r3, #7
87801092:	bf0c      	ite	eq
87801094:	f44f 407f 	moveq.w	r0, #65280	; 0xff00
87801098:	2000      	movne	r0, #0
8780109a:	b005      	add	sp, #20
8780109c:	bd30      	pop	{r4, r5, pc}
8780109e:	bf00      	nop

878010a0 <lcdgpio_init>:
878010a0:	b530      	push	{r4, r5, lr}
878010a2:	f44f 708e 	mov.w	r0, #284	; 0x11c
878010a6:	f44f 748c 	mov.w	r4, #280	; 0x118
878010aa:	2300      	movs	r3, #0
878010ac:	f2c0 240e 	movt	r4, #526	; 0x20e
878010b0:	f2c0 200e 	movt	r0, #526	; 0x20e
878010b4:	f44f 7190 	mov.w	r1, #288	; 0x120
878010b8:	f44f 7292 	mov.w	r2, #292	; 0x124
878010bc:	6023      	str	r3, [r4, #0]
878010be:	f2c0 210e 	movt	r1, #526	; 0x20e
878010c2:	6003      	str	r3, [r0, #0]
878010c4:	f2c0 220e 	movt	r2, #526	; 0x20e
878010c8:	f44f 7594 	mov.w	r5, #296	; 0x128
878010cc:	f44f 7496 	mov.w	r4, #300	; 0x12c
878010d0:	f44f 7098 	mov.w	r0, #304	; 0x130
878010d4:	600b      	str	r3, [r1, #0]
878010d6:	f2c0 250e 	movt	r5, #526	; 0x20e
878010da:	6013      	str	r3, [r2, #0]
878010dc:	f2c0 240e 	movt	r4, #526	; 0x20e
878010e0:	f2c0 200e 	movt	r0, #526	; 0x20e
878010e4:	f44f 719a 	mov.w	r1, #308	; 0x134
878010e8:	f44f 729c 	mov.w	r2, #312	; 0x138
878010ec:	602b      	str	r3, [r5, #0]
878010ee:	f2c0 210e 	movt	r1, #526	; 0x20e
878010f2:	6023      	str	r3, [r4, #0]
878010f4:	f2c0 220e 	movt	r2, #526	; 0x20e
878010f8:	6003      	str	r3, [r0, #0]
878010fa:	f44f 759e 	mov.w	r5, #316	; 0x13c
878010fe:	f44f 74a0 	mov.w	r4, #320	; 0x140
87801102:	f44f 70a2 	mov.w	r0, #324	; 0x144
87801106:	600b      	str	r3, [r1, #0]
87801108:	f2c0 250e 	movt	r5, #526	; 0x20e
8780110c:	6013      	str	r3, [r2, #0]
8780110e:	f2c0 240e 	movt	r4, #526	; 0x20e
87801112:	f2c0 200e 	movt	r0, #526	; 0x20e
87801116:	f44f 71a4 	mov.w	r1, #328	; 0x148
8780111a:	f44f 72a6 	mov.w	r2, #332	; 0x14c
8780111e:	602b      	str	r3, [r5, #0]
87801120:	f2c0 210e 	movt	r1, #526	; 0x20e
87801124:	6023      	str	r3, [r4, #0]
87801126:	f2c0 220e 	movt	r2, #526	; 0x20e
8780112a:	6003      	str	r3, [r0, #0]
8780112c:	f44f 75a8 	mov.w	r5, #336	; 0x150
87801130:	f44f 74aa 	mov.w	r4, #340	; 0x154
87801134:	f44f 70ac 	mov.w	r0, #344	; 0x158
87801138:	600b      	str	r3, [r1, #0]
8780113a:	f2c0 250e 	movt	r5, #526	; 0x20e
8780113e:	6013      	str	r3, [r2, #0]
87801140:	f2c0 240e 	movt	r4, #526	; 0x20e
87801144:	f2c0 200e 	movt	r0, #526	; 0x20e
87801148:	f44f 71ae 	mov.w	r1, #348	; 0x15c
8780114c:	f44f 72b0 	mov.w	r2, #352	; 0x160
87801150:	602b      	str	r3, [r5, #0]
87801152:	f2c0 210e 	movt	r1, #526	; 0x20e
87801156:	6023      	str	r3, [r4, #0]
87801158:	f2c0 220e 	movt	r2, #526	; 0x20e
8780115c:	6003      	str	r3, [r0, #0]
8780115e:	f44f 75b2 	mov.w	r5, #356	; 0x164
87801162:	f44f 74b4 	mov.w	r4, #360	; 0x168
87801166:	f44f 70b6 	mov.w	r0, #364	; 0x16c
8780116a:	600b      	str	r3, [r1, #0]
8780116c:	f2c0 250e 	movt	r5, #526	; 0x20e
87801170:	6013      	str	r3, [r2, #0]
87801172:	f2c0 240e 	movt	r4, #526	; 0x20e
87801176:	f2c0 200e 	movt	r0, #526	; 0x20e
8780117a:	f44f 71b8 	mov.w	r1, #368	; 0x170
8780117e:	f44f 72ba 	mov.w	r2, #372	; 0x174
87801182:	602b      	str	r3, [r5, #0]
87801184:	f2c0 210e 	movt	r1, #526	; 0x20e
87801188:	6023      	str	r3, [r4, #0]
8780118a:	f2c0 220e 	movt	r2, #526	; 0x20e
8780118e:	6003      	str	r3, [r0, #0]
87801190:	f44f 7582 	mov.w	r5, #260	; 0x104
87801194:	f44f 7484 	mov.w	r4, #264	; 0x108
87801198:	f44f 7086 	mov.w	r0, #268	; 0x10c
8780119c:	600b      	str	r3, [r1, #0]
8780119e:	f2c0 250e 	movt	r5, #526	; 0x20e
878011a2:	6013      	str	r3, [r2, #0]
878011a4:	f2c0 240e 	movt	r4, #526	; 0x20e
878011a8:	f2c0 200e 	movt	r0, #526	; 0x20e
878011ac:	f240 51dc 	movw	r1, #1500	; 0x5dc
878011b0:	f44f 7288 	mov.w	r2, #272	; 0x110
878011b4:	602b      	str	r3, [r5, #0]
878011b6:	f2c0 210e 	movt	r1, #526	; 0x20e
878011ba:	6023      	str	r3, [r4, #0]
878011bc:	f2c0 220e 	movt	r2, #526	; 0x20e
878011c0:	6003      	str	r3, [r0, #0]
878011c2:	f44f 7569 	mov.w	r5, #932	; 0x3a4
878011c6:	f44f 746a 	mov.w	r4, #936	; 0x3a8
878011ca:	f44f 706b 	mov.w	r0, #940	; 0x3ac
878011ce:	600b      	str	r3, [r1, #0]
878011d0:	f2c0 250e 	movt	r5, #526	; 0x20e
878011d4:	6013      	str	r3, [r2, #0]
878011d6:	f2c0 240e 	movt	r4, #526	; 0x20e
878011da:	23b9      	movs	r3, #185	; 0xb9
878011dc:	f2c0 200e 	movt	r0, #526	; 0x20e
878011e0:	f44f 716c 	mov.w	r1, #944	; 0x3b0
878011e4:	f44f 726d 	mov.w	r2, #948	; 0x3b4
878011e8:	602b      	str	r3, [r5, #0]
878011ea:	f2c0 210e 	movt	r1, #526	; 0x20e
878011ee:	6023      	str	r3, [r4, #0]
878011f0:	f2c0 220e 	movt	r2, #526	; 0x20e
878011f4:	6003      	str	r3, [r0, #0]
878011f6:	f44f 756e 	mov.w	r5, #952	; 0x3b8
878011fa:	f44f 746f 	mov.w	r4, #956	; 0x3bc
878011fe:	f44f 7070 	mov.w	r0, #960	; 0x3c0
87801202:	600b      	str	r3, [r1, #0]
87801204:	f2c0 250e 	movt	r5, #526	; 0x20e
87801208:	6013      	str	r3, [r2, #0]
8780120a:	f2c0 240e 	movt	r4, #526	; 0x20e
8780120e:	f2c0 200e 	movt	r0, #526	; 0x20e
87801212:	f44f 7171 	mov.w	r1, #964	; 0x3c4
87801216:	f44f 7272 	mov.w	r2, #968	; 0x3c8
8780121a:	602b      	str	r3, [r5, #0]
8780121c:	f2c0 210e 	movt	r1, #526	; 0x20e
87801220:	6023      	str	r3, [r4, #0]
87801222:	f2c0 220e 	movt	r2, #526	; 0x20e
87801226:	6003      	str	r3, [r0, #0]
87801228:	f44f 7573 	mov.w	r5, #972	; 0x3cc
8780122c:	f44f 7474 	mov.w	r4, #976	; 0x3d0
87801230:	f44f 7075 	mov.w	r0, #980	; 0x3d4
87801234:	600b      	str	r3, [r1, #0]
87801236:	f2c0 250e 	movt	r5, #526	; 0x20e
8780123a:	6013      	str	r3, [r2, #0]
8780123c:	f2c0 240e 	movt	r4, #526	; 0x20e
87801240:	f2c0 200e 	movt	r0, #526	; 0x20e
87801244:	f44f 7176 	mov.w	r1, #984	; 0x3d8
87801248:	f44f 7277 	mov.w	r2, #988	; 0x3dc
8780124c:	602b      	str	r3, [r5, #0]
8780124e:	f2c0 210e 	movt	r1, #526	; 0x20e
87801252:	6023      	str	r3, [r4, #0]
87801254:	f2c0 220e 	movt	r2, #526	; 0x20e
87801258:	6003      	str	r3, [r0, #0]
8780125a:	f44f 7578 	mov.w	r5, #992	; 0x3e0
8780125e:	f44f 7479 	mov.w	r4, #996	; 0x3e4
87801262:	f44f 707a 	mov.w	r0, #1000	; 0x3e8
87801266:	600b      	str	r3, [r1, #0]
87801268:	f2c0 250e 	movt	r5, #526	; 0x20e
8780126c:	6013      	str	r3, [r2, #0]
8780126e:	f2c0 240e 	movt	r4, #526	; 0x20e
87801272:	f2c0 200e 	movt	r0, #526	; 0x20e
87801276:	f44f 717b 	mov.w	r1, #1004	; 0x3ec
8780127a:	f44f 727c 	mov.w	r2, #1008	; 0x3f0
8780127e:	602b      	str	r3, [r5, #0]
87801280:	f2c0 210e 	movt	r1, #526	; 0x20e
87801284:	6023      	str	r3, [r4, #0]
87801286:	f2c0 220e 	movt	r2, #526	; 0x20e
8780128a:	6003      	str	r3, [r0, #0]
8780128c:	f44f 757d 	mov.w	r5, #1012	; 0x3f4
87801290:	f44f 747e 	mov.w	r4, #1016	; 0x3f8
87801294:	f44f 707f 	mov.w	r0, #1020	; 0x3fc
87801298:	600b      	str	r3, [r1, #0]
8780129a:	f2c0 250e 	movt	r5, #526	; 0x20e
8780129e:	6013      	str	r3, [r2, #0]
878012a0:	f2c0 240e 	movt	r4, #526	; 0x20e
878012a4:	f2c0 200e 	movt	r0, #526	; 0x20e
878012a8:	f44f 6180 	mov.w	r1, #1024	; 0x400
878012ac:	f44f 7264 	mov.w	r2, #912	; 0x390
878012b0:	602b      	str	r3, [r5, #0]
878012b2:	f2c0 210e 	movt	r1, #526	; 0x20e
878012b6:	6023      	str	r3, [r4, #0]
878012b8:	f2c0 220e 	movt	r2, #526	; 0x20e
878012bc:	6003      	str	r3, [r0, #0]
878012be:	f44f 7565 	mov.w	r5, #916	; 0x394
878012c2:	f44f 7466 	mov.w	r4, #920	; 0x398
878012c6:	f44f 7067 	mov.w	r0, #924	; 0x39c
878012ca:	600b      	str	r3, [r1, #0]
878012cc:	f2c0 250e 	movt	r5, #526	; 0x20e
878012d0:	6013      	str	r3, [r2, #0]
878012d2:	f2c0 240e 	movt	r4, #526	; 0x20e
878012d6:	f2c0 200e 	movt	r0, #526	; 0x20e
878012da:	217c      	movs	r1, #124	; 0x7c
878012dc:	f44f 7242 	mov.w	r2, #776	; 0x308
878012e0:	602b      	str	r3, [r5, #0]
878012e2:	b085      	sub	sp, #20
878012e4:	6023      	str	r3, [r4, #0]
878012e6:	f2c0 210e 	movt	r1, #526	; 0x20e
878012ea:	6003      	str	r3, [r0, #0]
878012ec:	f2c0 220e 	movt	r2, #526	; 0x20e
878012f0:	2505      	movs	r5, #5
878012f2:	f241 04b0 	movw	r4, #4272	; 0x10b0
878012f6:	f44f 4040 	mov.w	r0, #49152	; 0xc000
878012fa:	600d      	str	r5, [r1, #0]
878012fc:	2301      	movs	r3, #1
878012fe:	6014      	str	r4, [r2, #0]
87801300:	f2c0 2009 	movt	r0, #521	; 0x209
87801304:	aa01      	add	r2, sp, #4
87801306:	2108      	movs	r1, #8
87801308:	9301      	str	r3, [sp, #4]
8780130a:	f88d 3008 	strb.w	r3, [sp, #8]
8780130e:	f7ff fa11 	bl	87800734 <gpio_init>
87801312:	b005      	add	sp, #20
87801314:	bd30      	pop	{r4, r5, pc}
87801316:	bf00      	nop

87801318 <lcd_init>:
87801318:	b5f8      	push	{r3, r4, r5, r6, r7, lr}
8780131a:	f44f 4400 	mov.w	r4, #32768	; 0x8000
8780131e:	f7ff fe29 	bl	87800f74 <lcd_read_panelid>
87801322:	4601      	mov	r1, r0
87801324:	4605      	mov	r5, r0
87801326:	f245 0040 	movw	r0, #20544	; 0x5040
8780132a:	f2c0 241c 	movt	r4, #540	; 0x21c
8780132e:	f2c8 7080 	movt	r0, #34688	; 0x8780
87801332:	f001 ffaf 	bl	87803294 <printf>
87801336:	f7ff feb3 	bl	878010a0 <lcdgpio_init>
8780133a:	6823      	ldr	r3, [r4, #0]
8780133c:	200a      	movs	r0, #10
8780133e:	f043 4300 	orr.w	r3, r3, #2147483648	; 0x80000000
87801342:	6023      	str	r3, [r4, #0]
87801344:	f7ff f8de 	bl	87800504 <delay_ms>
87801348:	6823      	ldr	r3, [r4, #0]
8780134a:	f244 3242 	movw	r2, #17218	; 0x4342
8780134e:	4295      	cmp	r5, r2
87801350:	f023 4300 	bic.w	r3, r3, #2147483648	; 0x80000000
87801354:	6023      	str	r3, [r4, #0]
87801356:	f000 8085 	beq.w	87801464 <lcd_init+0x14c>
8780135a:	f244 3384 	movw	r3, #17284	; 0x4384
8780135e:	429d      	cmp	r5, r3
87801360:	f000 80b3 	beq.w	878014ca <lcd_init+0x1b2>
87801364:	f247 0384 	movw	r3, #28804	; 0x7084
87801368:	429d      	cmp	r5, r3
8780136a:	f000 80c9 	beq.w	87801500 <lcd_init+0x1e8>
8780136e:	f247 0316 	movw	r3, #28694	; 0x7016
87801372:	429d      	cmp	r5, r3
87801374:	f000 808f 	beq.w	87801496 <lcd_init+0x17e>
87801378:	f241 0318 	movw	r3, #4120	; 0x1018
8780137c:	f64a 0418 	movw	r4, #43032	; 0xa818
87801380:	429d      	cmp	r5, r3
87801382:	f000 80d7 	beq.w	87801534 <lcd_init+0x21c>
87801386:	f5b5 4f7f 	cmp.w	r5, #65280	; 0xff00
8780138a:	bf18      	it	ne
8780138c:	f2c8 7480 	movtne	r4, #34688	; 0x8780
87801390:	f000 80e7 	beq.w	87801562 <lcd_init+0x24a>
87801394:	f44f 4300 	mov.w	r3, #32768	; 0x8000
87801398:	2000      	movs	r0, #0
8780139a:	f2c0 231c 	movt	r3, #540	; 0x21c
8780139e:	2604      	movs	r6, #4
878013a0:	f04f 4109 	mov.w	r1, #2298478592	; 0x89000000
878013a4:	f06f 427f 	mvn.w	r2, #4278190080	; 0xff000000
878013a8:	e9c4 0206 	strd	r0, r2, [r4, #24]
878013ac:	f5b5 4f7f 	cmp.w	r5, #65280	; 0xff00
878013b0:	7126      	strb	r6, [r4, #4]
878013b2:	6161      	str	r1, [r4, #20]
878013b4:	6018      	str	r0, [r3, #0]
878013b6:	681f      	ldr	r7, [r3, #0]
878013b8:	8866      	ldrh	r6, [r4, #2]
878013ba:	8822      	ldrh	r2, [r4, #0]
878013bc:	f447 2720 	orr.w	r7, r7, #655360	; 0xa0000
878013c0:	88e1      	ldrh	r1, [r4, #6]
878013c2:	f447 6772 	orr.w	r7, r7, #3872	; 0xf20
878013c6:	89a5      	ldrh	r5, [r4, #12]
878013c8:	601f      	str	r7, [r3, #0]
878013ca:	6118      	str	r0, [r3, #16]
878013cc:	ea46 4c02 	orr.w	ip, r6, r2, lsl #16
878013d0:	691f      	ldr	r7, [r3, #16]
878013d2:	440a      	add	r2, r1
878013d4:	f8b4 e00a 	ldrh.w	lr, [r4, #10]
878013d8:	f447 27e0 	orr.w	r7, r7, #458752	; 0x70000
878013dc:	611f      	str	r7, [r3, #16]
878013de:	4472      	add	r2, lr
878013e0:	6318      	str	r0, [r3, #48]	; 0x30
878013e2:	8a27      	ldrh	r7, [r4, #16]
878013e4:	f8c3 c030 	str.w	ip, [r3, #48]	; 0x30
878013e8:	6718      	str	r0, [r3, #112]	; 0x70
878013ea:	bf0c      	ite	eq
878013ec:	f041 5091 	orreq.w	r0, r1, #304087040	; 0x12200000
878013f0:	f041 5089 	orrne.w	r0, r1, #287309824	; 0x11200000
878013f4:	f8b4 c008 	ldrh.w	ip, [r4, #8]
878013f8:	f440 1080 	orr.w	r0, r0, #1048576	; 0x100000
878013fc:	6718      	str	r0, [r3, #112]	; 0x70
878013fe:	1970      	adds	r0, r6, r5
87801400:	4438      	add	r0, r7
87801402:	89e7      	ldrh	r7, [r4, #14]
87801404:	4461      	add	r1, ip
87801406:	f44f 4300 	mov.w	r3, #32768	; 0x8000
8780140a:	f2c0 231c 	movt	r3, #540	; 0x21c
8780140e:	4462      	add	r2, ip
87801410:	4438      	add	r0, r7
87801412:	442f      	add	r7, r5
87801414:	ea41 4107 	orr.w	r1, r1, r7, lsl #16
87801418:	ea40 4085 	orr.w	r0, r0, r5, lsl #18
8780141c:	f8c3 2080 	str.w	r2, [r3, #128]	; 0x80
87801420:	f446 2680 	orr.w	r6, r6, #262144	; 0x40000
87801424:	f04f 4209 	mov.w	r2, #2298478592	; 0x89000000
87801428:	f8c3 0090 	str.w	r0, [r3, #144]	; 0x90
8780142c:	200a      	movs	r0, #10
8780142e:	f8c3 10a0 	str.w	r1, [r3, #160]	; 0xa0
87801432:	f8c3 60b0 	str.w	r6, [r3, #176]	; 0xb0
87801436:	641a      	str	r2, [r3, #64]	; 0x40
87801438:	651a      	str	r2, [r3, #80]	; 0x50
8780143a:	681a      	ldr	r2, [r3, #0]
8780143c:	f042 0201 	orr.w	r2, r2, #1
87801440:	601a      	str	r2, [r3, #0]
87801442:	f7ff f85f 	bl	87800504 <delay_ms>
87801446:	8861      	ldrh	r1, [r4, #2]
87801448:	8822      	ldrh	r2, [r4, #0]
8780144a:	6963      	ldr	r3, [r4, #20]
8780144c:	fb02 f201 	mul.w	r2, r2, r1
87801450:	b13a      	cbz	r2, 87801462 <lcd_init+0x14a>
87801452:	eb03 0282 	add.w	r2, r3, r2, lsl #2
87801456:	f06f 417f 	mvn.w	r1, #4278190080	; 0xff000000
8780145a:	f843 1b04 	str.w	r1, [r3], #4
8780145e:	429a      	cmp	r2, r3
87801460:	d1fb      	bne.n	8780145a <lcd_init+0x142>
87801462:	bdf8      	pop	{r3, r4, r5, r6, r7, pc}
87801464:	f64a 0418 	movw	r4, #43032	; 0xa818
87801468:	f44f 7288 	mov.w	r2, #272	; 0x110
8780146c:	f2c8 7480 	movt	r4, #34688	; 0x8780
87801470:	2308      	movs	r3, #8
87801472:	2001      	movs	r0, #1
87801474:	f2c0 12e0 	movt	r2, #480	; 0x1e0
87801478:	2105      	movs	r1, #5
8780147a:	2628      	movs	r6, #40	; 0x28
8780147c:	6022      	str	r2, [r4, #0]
8780147e:	461a      	mov	r2, r3
87801480:	8221      	strh	r1, [r4, #16]
87801482:	4619      	mov	r1, r3
87801484:	80e0      	strh	r0, [r4, #6]
87801486:	81a0      	strh	r0, [r4, #12]
87801488:	201b      	movs	r0, #27
8780148a:	81e6      	strh	r6, [r4, #14]
8780148c:	8123      	strh	r3, [r4, #8]
8780148e:	8163      	strh	r3, [r4, #10]
87801490:	f7ff fd16 	bl	87800ec0 <lcdclk_init>
87801494:	e77e      	b.n	87801394 <lcd_init+0x7c>
87801496:	f64a 0418 	movw	r4, #43032	; 0xa818
8780149a:	f44f 7316 	mov.w	r3, #600	; 0x258
8780149e:	f2c8 7480 	movt	r4, #34688	; 0x8780
878014a2:	2003      	movs	r0, #3
878014a4:	f2c0 4300 	movt	r3, #1024	; 0x400
878014a8:	210c      	movs	r1, #12
878014aa:	22a0      	movs	r2, #160	; 0xa0
878014ac:	268c      	movs	r6, #140	; 0x8c
878014ae:	6023      	str	r3, [r4, #0]
878014b0:	2314      	movs	r3, #20
878014b2:	8161      	strh	r1, [r4, #10]
878014b4:	4601      	mov	r1, r0
878014b6:	8222      	strh	r2, [r4, #16]
878014b8:	2205      	movs	r2, #5
878014ba:	80e0      	strh	r0, [r4, #6]
878014bc:	2020      	movs	r0, #32
878014be:	81e6      	strh	r6, [r4, #14]
878014c0:	8123      	strh	r3, [r4, #8]
878014c2:	81a3      	strh	r3, [r4, #12]
878014c4:	f7ff fcfc 	bl	87800ec0 <lcdclk_init>
878014c8:	e764      	b.n	87801394 <lcd_init+0x7c>
878014ca:	f64a 0418 	movw	r4, #43032	; 0xa818
878014ce:	2003      	movs	r0, #3
878014d0:	f2c8 7480 	movt	r4, #34688	; 0x8780
878014d4:	f44f 73f0 	mov.w	r3, #480	; 0x1e0
878014d8:	f2c0 3320 	movt	r3, #800	; 0x320
878014dc:	220d      	movs	r2, #13
878014de:	2130      	movs	r1, #48	; 0x30
878014e0:	80e0      	strh	r0, [r4, #6]
878014e2:	2058      	movs	r0, #88	; 0x58
878014e4:	2620      	movs	r6, #32
878014e6:	6023      	str	r3, [r4, #0]
878014e8:	2328      	movs	r3, #40	; 0x28
878014ea:	8162      	strh	r2, [r4, #10]
878014ec:	2208      	movs	r2, #8
878014ee:	81a1      	strh	r1, [r4, #12]
878014f0:	2104      	movs	r1, #4
878014f2:	81e0      	strh	r0, [r4, #14]
878014f4:	202a      	movs	r0, #42	; 0x2a
878014f6:	8126      	strh	r6, [r4, #8]
878014f8:	8223      	strh	r3, [r4, #16]
878014fa:	f7ff fce1 	bl	87800ec0 <lcdclk_init>
878014fe:	e749      	b.n	87801394 <lcd_init+0x7c>
87801500:	f64a 0418 	movw	r4, #43032	; 0xa818
87801504:	f44f 73f0 	mov.w	r3, #480	; 0x1e0
87801508:	f2c8 7480 	movt	r4, #34688	; 0x8780
8780150c:	f2c0 3320 	movt	r3, #800	; 0x320
87801510:	2216      	movs	r2, #22
87801512:	212e      	movs	r1, #46	; 0x2e
87801514:	20d2      	movs	r0, #210	; 0xd2
87801516:	2617      	movs	r6, #23
87801518:	6023      	str	r3, [r4, #0]
8780151a:	2301      	movs	r3, #1
8780151c:	8162      	strh	r2, [r4, #10]
8780151e:	2207      	movs	r2, #7
87801520:	81e1      	strh	r1, [r4, #14]
87801522:	2103      	movs	r1, #3
87801524:	8220      	strh	r0, [r4, #16]
87801526:	201e      	movs	r0, #30
87801528:	8126      	strh	r6, [r4, #8]
8780152a:	80e3      	strh	r3, [r4, #6]
8780152c:	81a3      	strh	r3, [r4, #12]
8780152e:	f7ff fcc7 	bl	87800ec0 <lcdclk_init>
87801532:	e72f      	b.n	87801394 <lcd_init+0x7c>
87801534:	f44f 7348 	mov.w	r3, #800	; 0x320
87801538:	f2c8 7480 	movt	r4, #34688	; 0x8780
8780153c:	2003      	movs	r0, #3
8780153e:	f2c0 5300 	movt	r3, #1280	; 0x500
87801542:	2246      	movs	r2, #70	; 0x46
87801544:	2650      	movs	r6, #80	; 0x50
87801546:	6023      	str	r3, [r4, #0]
87801548:	4601      	mov	r1, r0
8780154a:	230a      	movs	r3, #10
8780154c:	8222      	strh	r2, [r4, #16]
8780154e:	80e0      	strh	r0, [r4, #6]
87801550:	2205      	movs	r2, #5
87801552:	2023      	movs	r0, #35	; 0x23
87801554:	81e6      	strh	r6, [r4, #14]
87801556:	8123      	strh	r3, [r4, #8]
87801558:	8163      	strh	r3, [r4, #10]
8780155a:	81a3      	strh	r3, [r4, #12]
8780155c:	f7ff fcb0 	bl	87800ec0 <lcdclk_init>
87801560:	e718      	b.n	87801394 <lcd_init+0x7c>
87801562:	f2c8 7480 	movt	r4, #34688	; 0x8780
87801566:	2018      	movs	r0, #24
87801568:	f44f 7240 	mov.w	r2, #768	; 0x300
8780156c:	2303      	movs	r3, #3
8780156e:	f2c0 5256 	movt	r2, #1366	; 0x556
87801572:	21d5      	movs	r1, #213	; 0xd5
87801574:	8120      	strh	r0, [r4, #8]
87801576:	2046      	movs	r0, #70	; 0x46
87801578:	268f      	movs	r6, #143	; 0x8f
8780157a:	6022      	str	r2, [r4, #0]
8780157c:	81e1      	strh	r1, [r4, #14]
8780157e:	461a      	mov	r2, r3
87801580:	8220      	strh	r0, [r4, #16]
87801582:	4619      	mov	r1, r3
87801584:	2020      	movs	r0, #32
87801586:	81a6      	strh	r6, [r4, #12]
87801588:	80e3      	strh	r3, [r4, #6]
8780158a:	8163      	strh	r3, [r4, #10]
8780158c:	f7ff fc98 	bl	87800ec0 <lcdclk_init>
87801590:	e700      	b.n	87801394 <lcd_init+0x7c>
87801592:	bf00      	nop

87801594 <lcd_drawpoint>:
87801594:	f64a 0318 	movw	r3, #43032	; 0xa818
87801598:	b430      	push	{r4, r5}
8780159a:	f2c8 7380 	movt	r3, #34688	; 0x8780
8780159e:	885d      	ldrh	r5, [r3, #2]
878015a0:	791c      	ldrb	r4, [r3, #4]
878015a2:	695b      	ldr	r3, [r3, #20]
878015a4:	fb01 0005 	mla	r0, r1, r5, r0
878015a8:	fb04 f400 	mul.w	r4, r4, r0
878015ac:	50e2      	str	r2, [r4, r3]
878015ae:	bc30      	pop	{r4, r5}
878015b0:	4770      	bx	lr
878015b2:	bf00      	nop

878015b4 <lcd_readpoint>:
878015b4:	f64a 0318 	movw	r3, #43032	; 0xa818
878015b8:	b410      	push	{r4}
878015ba:	f2c8 7380 	movt	r3, #34688	; 0x8780
878015be:	885c      	ldrh	r4, [r3, #2]
878015c0:	791a      	ldrb	r2, [r3, #4]
878015c2:	695b      	ldr	r3, [r3, #20]
878015c4:	fb01 0004 	mla	r0, r1, r4, r0
878015c8:	f85d 4b04 	ldr.w	r4, [sp], #4
878015cc:	fb02 f200 	mul.w	r2, r2, r0
878015d0:	58d0      	ldr	r0, [r2, r3]
878015d2:	4770      	bx	lr

878015d4 <lcd_clear>:
878015d4:	f64a 0318 	movw	r3, #43032	; 0xa818
878015d8:	f2c8 7380 	movt	r3, #34688	; 0x8780
878015dc:	8859      	ldrh	r1, [r3, #2]
878015de:	881a      	ldrh	r2, [r3, #0]
878015e0:	695b      	ldr	r3, [r3, #20]
878015e2:	fb02 f201 	mul.w	r2, r2, r1
878015e6:	b12a      	cbz	r2, 878015f4 <lcd_clear+0x20>
878015e8:	eb03 0282 	add.w	r2, r3, r2, lsl #2
878015ec:	f843 0b04 	str.w	r0, [r3], #4
878015f0:	429a      	cmp	r2, r3
878015f2:	d1fb      	bne.n	878015ec <lcd_clear+0x18>
878015f4:	4770      	bx	lr
878015f6:	bf00      	nop

878015f8 <lcd_fill>:
878015f8:	e92d 43f0 	stmdb	sp!, {r4, r5, r6, r7, r8, r9, lr}
878015fc:	f64a 0618 	movw	r6, #43032	; 0xa818
87801600:	f2c8 7680 	movt	r6, #34688	; 0x8780
87801604:	4699      	mov	r9, r3
87801606:	f8b6 8002 	ldrh.w	r8, [r6, #2]
8780160a:	8834      	ldrh	r4, [r6, #0]
8780160c:	9b07      	ldr	r3, [sp, #28]
8780160e:	4590      	cmp	r8, r2
87801610:	bf9c      	itt	ls
87801612:	f108 32ff 	addls.w	r2, r8, #4294967295	; 0xffffffff
87801616:	b292      	uxthls	r2, r2
87801618:	454c      	cmp	r4, r9
8780161a:	d802      	bhi.n	87801622 <lcd_fill+0x2a>
8780161c:	3c01      	subs	r4, #1
8780161e:	fa1f f984 	uxth.w	r9, r4
87801622:	4589      	cmp	r9, r1
87801624:	d314      	bcc.n	87801650 <lcd_fill+0x58>
87801626:	4282      	cmp	r2, r0
87801628:	d30e      	bcc.n	87801648 <lcd_fill+0x50>
8780162a:	fb01 fe08 	mul.w	lr, r1, r8
8780162e:	4604      	mov	r4, r0
87801630:	f896 c004 	ldrb.w	ip, [r6, #4]
87801634:	eb04 050e 	add.w	r5, r4, lr
87801638:	3401      	adds	r4, #1
8780163a:	6977      	ldr	r7, [r6, #20]
8780163c:	b2a4      	uxth	r4, r4
8780163e:	fb05 f50c 	mul.w	r5, r5, ip
87801642:	42a2      	cmp	r2, r4
87801644:	51eb      	str	r3, [r5, r7]
87801646:	d2f3      	bcs.n	87801630 <lcd_fill+0x38>
87801648:	3101      	adds	r1, #1
8780164a:	b289      	uxth	r1, r1
8780164c:	4589      	cmp	r9, r1
8780164e:	d2ea      	bcs.n	87801626 <lcd_fill+0x2e>
87801650:	e8bd 83f0 	ldmia.w	sp!, {r4, r5, r6, r7, r8, r9, pc}

87801654 <lcd_drawline>:
87801654:	e92d 4ff0 	stmdb	sp!, {r4, r5, r6, r7, r8, r9, sl, fp, lr}
87801658:	eba2 0a00 	sub.w	sl, r2, r0
8780165c:	f1ba 0f00 	cmp.w	sl, #0
87801660:	b085      	sub	sp, #20
87801662:	eba3 0901 	sub.w	r9, r3, r1
87801666:	bfc8      	it	gt
87801668:	2301      	movgt	r3, #1
8780166a:	4607      	mov	r7, r0
8780166c:	4688      	mov	r8, r1
8780166e:	bfc8      	it	gt
87801670:	9302      	strgt	r3, [sp, #8]
87801672:	dc07      	bgt.n	87801684 <lcd_drawline+0x30>
87801674:	bf1d      	ittte	ne
87801676:	f1ca 0a00 	rsbne	sl, sl, #0
8780167a:	f04f 33ff 	movne.w	r3, #4294967295	; 0xffffffff
8780167e:	9302      	strne	r3, [sp, #8]
87801680:	f8cd a008 	streq.w	sl, [sp, #8]
87801684:	f1b9 0f00 	cmp.w	r9, #0
87801688:	bfc4      	itt	gt
8780168a:	2301      	movgt	r3, #1
8780168c:	9303      	strgt	r3, [sp, #12]
8780168e:	dd2d      	ble.n	878016ec <lcd_drawline+0x98>
87801690:	2500      	movs	r5, #0
87801692:	45ca      	cmp	sl, r9
87801694:	46d3      	mov	fp, sl
87801696:	f64a 0318 	movw	r3, #43032	; 0xa818
8780169a:	bfb8      	it	lt
8780169c:	46cb      	movlt	fp, r9
8780169e:	462e      	mov	r6, r5
878016a0:	462c      	mov	r4, r5
878016a2:	f10b 0201 	add.w	r2, fp, #1
878016a6:	f2c8 7380 	movt	r3, #34688	; 0x8780
878016aa:	9200      	str	r2, [sp, #0]
878016ac:	9301      	str	r3, [sp, #4]
878016ae:	9b01      	ldr	r3, [sp, #4]
878016b0:	4456      	add	r6, sl
878016b2:	fa1f f188 	uxth.w	r1, r8
878016b6:	b2b8      	uxth	r0, r7
878016b8:	699a      	ldr	r2, [r3, #24]
878016ba:	444d      	add	r5, r9
878016bc:	f7ff ff6a 	bl	87801594 <lcd_drawpoint>
878016c0:	455e      	cmp	r6, fp
878016c2:	f104 0401 	add.w	r4, r4, #1
878016c6:	bfc4      	itt	gt
878016c8:	9b02      	ldrgt	r3, [sp, #8]
878016ca:	eba6 060b 	subgt.w	r6, r6, fp
878016ce:	b2a4      	uxth	r4, r4
878016d0:	bfc8      	it	gt
878016d2:	18ff      	addgt	r7, r7, r3
878016d4:	455d      	cmp	r5, fp
878016d6:	bfc2      	ittt	gt
878016d8:	9b03      	ldrgt	r3, [sp, #12]
878016da:	eba5 050b 	subgt.w	r5, r5, fp
878016de:	4498      	addgt	r8, r3
878016e0:	9b00      	ldr	r3, [sp, #0]
878016e2:	429c      	cmp	r4, r3
878016e4:	dde3      	ble.n	878016ae <lcd_drawline+0x5a>
878016e6:	b005      	add	sp, #20
878016e8:	e8bd 8ff0 	ldmia.w	sp!, {r4, r5, r6, r7, r8, r9, sl, fp, pc}
878016ec:	bf08      	it	eq
878016ee:	f8cd 900c 	streq.w	r9, [sp, #12]
878016f2:	d0cd      	beq.n	87801690 <lcd_drawline+0x3c>
878016f4:	f04f 33ff 	mov.w	r3, #4294967295	; 0xffffffff
878016f8:	f1c9 0900 	rsb	r9, r9, #0
878016fc:	9303      	str	r3, [sp, #12]
878016fe:	e7c7      	b.n	87801690 <lcd_drawline+0x3c>

87801700 <lcd_draw_rectangle>:
87801700:	e92d 41f0 	stmdb	sp!, {r4, r5, r6, r7, r8, lr}
87801704:	461c      	mov	r4, r3
87801706:	4606      	mov	r6, r0
87801708:	460d      	mov	r5, r1
8780170a:	460b      	mov	r3, r1
8780170c:	4617      	mov	r7, r2
8780170e:	f7ff ffa1 	bl	87801654 <lcd_drawline>
87801712:	4623      	mov	r3, r4
87801714:	4632      	mov	r2, r6
87801716:	4629      	mov	r1, r5
87801718:	4630      	mov	r0, r6
8780171a:	f7ff ff9b 	bl	87801654 <lcd_drawline>
8780171e:	4623      	mov	r3, r4
87801720:	463a      	mov	r2, r7
87801722:	4621      	mov	r1, r4
87801724:	4630      	mov	r0, r6
87801726:	f7ff ff95 	bl	87801654 <lcd_drawline>
8780172a:	4623      	mov	r3, r4
8780172c:	463a      	mov	r2, r7
8780172e:	4629      	mov	r1, r5
87801730:	4638      	mov	r0, r7
87801732:	e8bd 41f0 	ldmia.w	sp!, {r4, r5, r6, r7, r8, lr}
87801736:	f7ff bf8d 	b.w	87801654 <lcd_drawline>
8780173a:	bf00      	nop

8780173c <lcd_draw_Circle>:
8780173c:	4613      	mov	r3, r2
8780173e:	e92d 4ff0 	stmdb	sp!, {r4, r5, r6, r7, r8, r9, sl, fp, lr}
87801742:	f1c2 0201 	rsb	r2, r2, #1
87801746:	b085      	sub	sp, #20
87801748:	9000      	str	r0, [sp, #0]
8780174a:	9201      	str	r2, [sp, #4]
8780174c:	2b00      	cmp	r3, #0
8780174e:	d066      	beq.n	8780181e <lcd_draw_Circle+0xe2>
87801750:	f64a 0618 	movw	r6, #43032	; 0xa818
87801754:	2700      	movs	r7, #0
87801756:	f2c8 7680 	movt	r6, #34688	; 0x8780
8780175a:	468b      	mov	fp, r1
8780175c:	b29d      	uxth	r5, r3
8780175e:	9303      	str	r3, [sp, #12]
87801760:	9b00      	ldr	r3, [sp, #0]
87801762:	b2bc      	uxth	r4, r7
87801764:	eb05 0a0b 	add.w	sl, r5, fp
87801768:	69b2      	ldr	r2, [r6, #24]
8780176a:	fa1f fa8a 	uxth.w	sl, sl
8780176e:	eb0b 0904 	add.w	r9, fp, r4
87801772:	1919      	adds	r1, r3, r4
87801774:	fa1f f989 	uxth.w	r9, r9
87801778:	b289      	uxth	r1, r1
8780177a:	4608      	mov	r0, r1
8780177c:	9102      	str	r1, [sp, #8]
8780177e:	4651      	mov	r1, sl
87801780:	f7ff ff08 	bl	87801594 <lcd_drawpoint>
87801784:	9a00      	ldr	r2, [sp, #0]
87801786:	4649      	mov	r1, r9
87801788:	eb05 0802 	add.w	r8, r5, r2
8780178c:	69b2      	ldr	r2, [r6, #24]
8780178e:	fa1f f888 	uxth.w	r8, r8
87801792:	4640      	mov	r0, r8
87801794:	f7ff fefe 	bl	87801594 <lcd_drawpoint>
87801798:	9a00      	ldr	r2, [sp, #0]
8780179a:	4651      	mov	r1, sl
8780179c:	1b12      	subs	r2, r2, r4
8780179e:	ebab 0404 	sub.w	r4, fp, r4
878017a2:	fa1f fa82 	uxth.w	sl, r2
878017a6:	69b2      	ldr	r2, [r6, #24]
878017a8:	b2a4      	uxth	r4, r4
878017aa:	4650      	mov	r0, sl
878017ac:	f7ff fef2 	bl	87801594 <lcd_drawpoint>
878017b0:	9a00      	ldr	r2, [sp, #0]
878017b2:	4649      	mov	r1, r9
878017b4:	1b52      	subs	r2, r2, r5
878017b6:	ebab 0505 	sub.w	r5, fp, r5
878017ba:	fa1f f982 	uxth.w	r9, r2
878017be:	b2ad      	uxth	r5, r5
878017c0:	69b2      	ldr	r2, [r6, #24]
878017c2:	4648      	mov	r0, r9
878017c4:	f7ff fee6 	bl	87801594 <lcd_drawpoint>
878017c8:	4650      	mov	r0, sl
878017ca:	69b2      	ldr	r2, [r6, #24]
878017cc:	4629      	mov	r1, r5
878017ce:	f7ff fee1 	bl	87801594 <lcd_drawpoint>
878017d2:	4648      	mov	r0, r9
878017d4:	69b2      	ldr	r2, [r6, #24]
878017d6:	4621      	mov	r1, r4
878017d8:	f7ff fedc 	bl	87801594 <lcd_drawpoint>
878017dc:	4629      	mov	r1, r5
878017de:	9802      	ldr	r0, [sp, #8]
878017e0:	69b2      	ldr	r2, [r6, #24]
878017e2:	f7ff fed7 	bl	87801594 <lcd_drawpoint>
878017e6:	4621      	mov	r1, r4
878017e8:	69b2      	ldr	r2, [r6, #24]
878017ea:	4640      	mov	r0, r8
878017ec:	f7ff fed2 	bl	87801594 <lcd_drawpoint>
878017f0:	9901      	ldr	r1, [sp, #4]
878017f2:	9b03      	ldr	r3, [sp, #12]
878017f4:	2900      	cmp	r1, #0
878017f6:	eba7 0203 	sub.w	r2, r7, r3
878017fa:	bfa8      	it	ge
878017fc:	f103 33ff 	addge.w	r3, r3, #4294967295	; 0xffffffff
87801800:	eb01 0242 	add.w	r2, r1, r2, lsl #1
87801804:	bfba      	itte	lt
87801806:	460a      	movlt	r2, r1
87801808:	eb02 0247 	addlt.w	r2, r2, r7, lsl #1
8780180c:	3205      	addge	r2, #5
8780180e:	f107 0701 	add.w	r7, r7, #1
87801812:	bfae      	itee	ge
87801814:	9201      	strge	r2, [sp, #4]
87801816:	3203      	addlt	r2, #3
87801818:	9201      	strlt	r2, [sp, #4]
8780181a:	42bb      	cmp	r3, r7
8780181c:	dc9e      	bgt.n	8780175c <lcd_draw_Circle+0x20>
8780181e:	b005      	add	sp, #20
87801820:	e8bd 8ff0 	ldmia.w	sp!, {r4, r5, r6, r7, r8, r9, sl, fp, pc}

87801824 <lcd_showchar>:
87801824:	e92d 4ff0 	stmdb	sp!, {r4, r5, r6, r7, r8, r9, sl, fp, lr}
87801828:	461e      	mov	r6, r3
8780182a:	f013 0307 	ands.w	r3, r3, #7
8780182e:	ea4f 0556 	mov.w	r5, r6, lsr #1
87801832:	bf18      	it	ne
87801834:	2301      	movne	r3, #1
87801836:	eb03 04d6 	add.w	r4, r3, r6, lsr #3
8780183a:	b087      	sub	sp, #28
8780183c:	f89d 3040 	ldrb.w	r3, [sp, #64]	; 0x40
87801840:	4689      	mov	r9, r1
87801842:	fb14 f105 	smulbb	r1, r4, r5
87801846:	9300      	str	r3, [sp, #0]
87801848:	f011 03ff 	ands.w	r3, r1, #255	; 0xff
8780184c:	9301      	str	r3, [sp, #4]
8780184e:	d04c      	beq.n	878018ea <lcd_showchar+0xc6>
87801850:	3a20      	subs	r2, #32
87801852:	f245 0150 	movw	r1, #20560	; 0x5050
87801856:	b2d2      	uxtb	r2, r2
87801858:	f2c8 7180 	movt	r1, #34688	; 0x8780
8780185c:	4c38      	ldr	r4, [pc, #224]	; (87801940 <lcd_showchar+0x11c>)
8780185e:	f601 575c 	addw	r7, r1, #3420	; 0xd5c
87801862:	b212      	sxth	r2, r2
87801864:	4683      	mov	fp, r0
87801866:	f646 0010 	movw	r0, #26640	; 0x6810
8780186a:	eb02 0cc2 	add.w	ip, r2, r2, lsl #3
8780186e:	eb02 0542 	add.w	r5, r2, r2, lsl #1
87801872:	eb01 038c 	add.w	r3, r1, ip, lsl #2
87801876:	f2c8 7080 	movt	r0, #34688	; 0x8780
8780187a:	f04f 0a00 	mov.w	sl, #0
8780187e:	9305      	str	r3, [sp, #20]
87801880:	eb07 1302 	add.w	r3, r7, r2, lsl #4
87801884:	f64a 0718 	movw	r7, #43032	; 0xa818
87801888:	9304      	str	r3, [sp, #16]
8780188a:	eb04 0385 	add.w	r3, r4, r5, lsl #2
8780188e:	f2c8 7780 	movt	r7, #34688	; 0x8780
87801892:	9302      	str	r3, [sp, #8]
87801894:	464c      	mov	r4, r9
87801896:	eb00 13c2 	add.w	r3, r0, r2, lsl #7
8780189a:	9303      	str	r3, [sp, #12]
8780189c:	2e0c      	cmp	r6, #12
8780189e:	d033      	beq.n	87801908 <lcd_showchar+0xe4>
878018a0:	2e10      	cmp	r6, #16
878018a2:	d035      	beq.n	87801910 <lcd_showchar+0xec>
878018a4:	2e18      	cmp	r6, #24
878018a6:	d047      	beq.n	87801938 <lcd_showchar+0x114>
878018a8:	2e20      	cmp	r6, #32
878018aa:	d11e      	bne.n	878018ea <lcd_showchar+0xc6>
878018ac:	9b03      	ldr	r3, [sp, #12]
878018ae:	f813 500a 	ldrb.w	r5, [r3, sl]
878018b2:	f104 0808 	add.w	r8, r4, #8
878018b6:	fa1f f888 	uxth.w	r8, r8
878018ba:	062b      	lsls	r3, r5, #24
878018bc:	d41e      	bmi.n	878018fc <lcd_showchar+0xd8>
878018be:	9b00      	ldr	r3, [sp, #0]
878018c0:	b1b3      	cbz	r3, 878018f0 <lcd_showchar+0xcc>
878018c2:	3401      	adds	r4, #1
878018c4:	883a      	ldrh	r2, [r7, #0]
878018c6:	b2a4      	uxth	r4, r4
878018c8:	006d      	lsls	r5, r5, #1
878018ca:	42a2      	cmp	r2, r4
878018cc:	eba4 0109 	sub.w	r1, r4, r9
878018d0:	b2ed      	uxtb	r5, r5
878018d2:	d90a      	bls.n	878018ea <lcd_showchar+0xc6>
878018d4:	42b1      	cmp	r1, r6
878018d6:	d01f      	beq.n	87801918 <lcd_showchar+0xf4>
878018d8:	45a0      	cmp	r8, r4
878018da:	d1ee      	bne.n	878018ba <lcd_showchar+0x96>
878018dc:	f10a 0a01 	add.w	sl, sl, #1
878018e0:	9b01      	ldr	r3, [sp, #4]
878018e2:	fa5f f28a 	uxtb.w	r2, sl
878018e6:	429a      	cmp	r2, r3
878018e8:	d3d8      	bcc.n	8780189c <lcd_showchar+0x78>
878018ea:	b007      	add	sp, #28
878018ec:	e8bd 8ff0 	ldmia.w	sp!, {r4, r5, r6, r7, r8, r9, sl, fp, pc}
878018f0:	69fa      	ldr	r2, [r7, #28]
878018f2:	4621      	mov	r1, r4
878018f4:	4658      	mov	r0, fp
878018f6:	f7ff fe4d 	bl	87801594 <lcd_drawpoint>
878018fa:	e7e2      	b.n	878018c2 <lcd_showchar+0x9e>
878018fc:	69ba      	ldr	r2, [r7, #24]
878018fe:	4621      	mov	r1, r4
87801900:	4658      	mov	r0, fp
87801902:	f7ff fe47 	bl	87801594 <lcd_drawpoint>
87801906:	e7dc      	b.n	878018c2 <lcd_showchar+0x9e>
87801908:	9b02      	ldr	r3, [sp, #8]
8780190a:	f813 500a 	ldrb.w	r5, [r3, sl]
8780190e:	e7d0      	b.n	878018b2 <lcd_showchar+0x8e>
87801910:	9b04      	ldr	r3, [sp, #16]
87801912:	f813 500a 	ldrb.w	r5, [r3, sl]
87801916:	e7cc      	b.n	878018b2 <lcd_showchar+0x8e>
87801918:	f10b 0b01 	add.w	fp, fp, #1
8780191c:	887a      	ldrh	r2, [r7, #2]
8780191e:	fa1f fb8b 	uxth.w	fp, fp
87801922:	455a      	cmp	r2, fp
87801924:	d9e1      	bls.n	878018ea <lcd_showchar+0xc6>
87801926:	f10a 0a01 	add.w	sl, sl, #1
8780192a:	9b01      	ldr	r3, [sp, #4]
8780192c:	fa5f f28a 	uxtb.w	r2, sl
87801930:	464c      	mov	r4, r9
87801932:	429a      	cmp	r2, r3
87801934:	d3b2      	bcc.n	8780189c <lcd_showchar+0x78>
87801936:	e7d8      	b.n	878018ea <lcd_showchar+0xc6>
87801938:	9b05      	ldr	r3, [sp, #20]
8780193a:	f813 500a 	ldrb.w	r5, [r3, sl]
8780193e:	e7b8      	b.n	878018b2 <lcd_showchar+0x8e>
87801940:	8780639c 			; <UNDEFINED> instruction: 0x8780639c

87801944 <lcd_pow>:
87801944:	1e4b      	subs	r3, r1, #1
87801946:	2201      	movs	r2, #1
87801948:	b2db      	uxtb	r3, r3
8780194a:	b129      	cbz	r1, 87801958 <lcd_pow+0x14>
8780194c:	3b01      	subs	r3, #1
8780194e:	fb00 f202 	mul.w	r2, r0, r2
87801952:	b2db      	uxtb	r3, r3
87801954:	2bff      	cmp	r3, #255	; 0xff
87801956:	d1f9      	bne.n	8780194c <lcd_pow+0x8>
87801958:	4610      	mov	r0, r2
8780195a:	4770      	bx	lr

8780195c <lcd_shownum>:
8780195c:	e92d 4ff0 	stmdb	sp!, {r4, r5, r6, r7, r8, r9, sl, fp, lr}
87801960:	b087      	sub	sp, #28
87801962:	f89d 7040 	ldrb.w	r7, [sp, #64]	; 0x40
87801966:	2b00      	cmp	r3, #0
87801968:	d045      	beq.n	878019f6 <lcd_shownum+0x9a>
8780196a:	4693      	mov	fp, r2
8780196c:	1e5a      	subs	r2, r3, #1
8780196e:	fa5f f982 	uxtb.w	r9, r2
87801972:	2500      	movs	r5, #0
87801974:	f64c 48cd 	movw	r8, #52429	; 0xcccd
87801978:	9205      	str	r2, [sp, #20]
8780197a:	3b02      	subs	r3, #2
8780197c:	087a      	lsrs	r2, r7, #1
8780197e:	4604      	mov	r4, r0
87801980:	9304      	str	r3, [sp, #16]
87801982:	468a      	mov	sl, r1
87801984:	462e      	mov	r6, r5
87801986:	f6cc 48cc 	movt	r8, #52428	; 0xcccc
8780198a:	f109 0301 	add.w	r3, r9, #1
8780198e:	9202      	str	r2, [sp, #8]
87801990:	9303      	str	r3, [sp, #12]
87801992:	b2ea      	uxtb	r2, r5
87801994:	9b04      	ldr	r3, [sp, #16]
87801996:	454a      	cmp	r2, r9
87801998:	eba3 0302 	sub.w	r3, r3, r2
8780199c:	bf08      	it	eq
8780199e:	4658      	moveq	r0, fp
878019a0:	b2db      	uxtb	r3, r3
878019a2:	d00a      	beq.n	878019ba <lcd_shownum+0x5e>
878019a4:	2101      	movs	r1, #1
878019a6:	3b01      	subs	r3, #1
878019a8:	eb01 0181 	add.w	r1, r1, r1, lsl #2
878019ac:	b2db      	uxtb	r3, r3
878019ae:	0049      	lsls	r1, r1, #1
878019b0:	2bff      	cmp	r3, #255	; 0xff
878019b2:	d1f8      	bne.n	878019a6 <lcd_shownum+0x4a>
878019b4:	4658      	mov	r0, fp
878019b6:	f003 f843 	bl	87804a40 <__udivsi3>
878019ba:	fba0 2308 	umull	r2, r3, r0, r8
878019be:	08db      	lsrs	r3, r3, #3
878019c0:	eb03 0383 	add.w	r3, r3, r3, lsl #2
878019c4:	eba0 0343 	sub.w	r3, r0, r3, lsl #1
878019c8:	b2da      	uxtb	r2, r3
878019ca:	b926      	cbnz	r6, 878019d6 <lcd_shownum+0x7a>
878019cc:	9905      	ldr	r1, [sp, #20]
878019ce:	42a9      	cmp	r1, r5
878019d0:	dd01      	ble.n	878019d6 <lcd_shownum+0x7a>
878019d2:	b19b      	cbz	r3, 878019fc <lcd_shownum+0xa0>
878019d4:	2601      	movs	r6, #1
878019d6:	2300      	movs	r3, #0
878019d8:	3230      	adds	r2, #48	; 0x30
878019da:	9300      	str	r3, [sp, #0]
878019dc:	b2d2      	uxtb	r2, r2
878019de:	463b      	mov	r3, r7
878019e0:	4651      	mov	r1, sl
878019e2:	4620      	mov	r0, r4
878019e4:	f7ff ff1e 	bl	87801824 <lcd_showchar>
878019e8:	9b02      	ldr	r3, [sp, #8]
878019ea:	3501      	adds	r5, #1
878019ec:	441c      	add	r4, r3
878019ee:	9b03      	ldr	r3, [sp, #12]
878019f0:	b2a4      	uxth	r4, r4
878019f2:	42ab      	cmp	r3, r5
878019f4:	d1cd      	bne.n	87801992 <lcd_shownum+0x36>
878019f6:	b007      	add	sp, #28
878019f8:	e8bd 8ff0 	ldmia.w	sp!, {r4, r5, r6, r7, r8, r9, sl, fp, pc}
878019fc:	9600      	str	r6, [sp, #0]
878019fe:	463b      	mov	r3, r7
87801a00:	2220      	movs	r2, #32
87801a02:	4651      	mov	r1, sl
87801a04:	4620      	mov	r0, r4
87801a06:	f7ff ff0d 	bl	87801824 <lcd_showchar>
87801a0a:	e7ed      	b.n	878019e8 <lcd_shownum+0x8c>

87801a0c <lcd_showxnum>:
87801a0c:	e92d 4ff0 	stmdb	sp!, {r4, r5, r6, r7, r8, r9, sl, fp, lr}
87801a10:	b089      	sub	sp, #36	; 0x24
87801a12:	4693      	mov	fp, r2
87801a14:	f89d 7048 	ldrb.w	r7, [sp, #72]	; 0x48
87801a18:	f89d 204c 	ldrb.w	r2, [sp, #76]	; 0x4c
87801a1c:	2b00      	cmp	r3, #0
87801a1e:	d049      	beq.n	87801ab4 <lcd_showxnum+0xa8>
87801a20:	468a      	mov	sl, r1
87801a22:	1e59      	subs	r1, r3, #1
87801a24:	fa5f f981 	uxtb.w	r9, r1
87801a28:	9106      	str	r1, [sp, #24]
87801a2a:	0879      	lsrs	r1, r7, #1
87801a2c:	3b02      	subs	r3, #2
87801a2e:	2500      	movs	r5, #0
87801a30:	9304      	str	r3, [sp, #16]
87801a32:	f64c 48cd 	movw	r8, #52429	; 0xcccd
87801a36:	f109 0301 	add.w	r3, r9, #1
87801a3a:	9102      	str	r1, [sp, #8]
87801a3c:	4604      	mov	r4, r0
87801a3e:	b251      	sxtb	r1, r2
87801a40:	462e      	mov	r6, r5
87801a42:	f6cc 48cc 	movt	r8, #52428	; 0xcccc
87801a46:	9303      	str	r3, [sp, #12]
87801a48:	f002 0301 	and.w	r3, r2, #1
87801a4c:	9107      	str	r1, [sp, #28]
87801a4e:	9305      	str	r3, [sp, #20]
87801a50:	b2ea      	uxtb	r2, r5
87801a52:	9b04      	ldr	r3, [sp, #16]
87801a54:	454a      	cmp	r2, r9
87801a56:	eba3 0302 	sub.w	r3, r3, r2
87801a5a:	bf08      	it	eq
87801a5c:	4658      	moveq	r0, fp
87801a5e:	b2db      	uxtb	r3, r3
87801a60:	d00a      	beq.n	87801a78 <lcd_showxnum+0x6c>
87801a62:	2101      	movs	r1, #1
87801a64:	3b01      	subs	r3, #1
87801a66:	eb01 0181 	add.w	r1, r1, r1, lsl #2
87801a6a:	b2db      	uxtb	r3, r3
87801a6c:	0049      	lsls	r1, r1, #1
87801a6e:	2bff      	cmp	r3, #255	; 0xff
87801a70:	d1f8      	bne.n	87801a64 <lcd_showxnum+0x58>
87801a72:	4658      	mov	r0, fp
87801a74:	f002 ffe4 	bl	87804a40 <__udivsi3>
87801a78:	fba0 2308 	umull	r2, r3, r0, r8
87801a7c:	08db      	lsrs	r3, r3, #3
87801a7e:	eb03 0383 	add.w	r3, r3, r3, lsl #2
87801a82:	eba0 0343 	sub.w	r3, r0, r3, lsl #1
87801a86:	b2da      	uxtb	r2, r3
87801a88:	b926      	cbnz	r6, 87801a94 <lcd_showxnum+0x88>
87801a8a:	9906      	ldr	r1, [sp, #24]
87801a8c:	42a9      	cmp	r1, r5
87801a8e:	dd01      	ble.n	87801a94 <lcd_showxnum+0x88>
87801a90:	b19b      	cbz	r3, 87801aba <lcd_showxnum+0xae>
87801a92:	2601      	movs	r6, #1
87801a94:	9b05      	ldr	r3, [sp, #20]
87801a96:	3230      	adds	r2, #48	; 0x30
87801a98:	b2d2      	uxtb	r2, r2
87801a9a:	4651      	mov	r1, sl
87801a9c:	4620      	mov	r0, r4
87801a9e:	9300      	str	r3, [sp, #0]
87801aa0:	463b      	mov	r3, r7
87801aa2:	f7ff febf 	bl	87801824 <lcd_showchar>
87801aa6:	9b02      	ldr	r3, [sp, #8]
87801aa8:	3501      	adds	r5, #1
87801aaa:	441c      	add	r4, r3
87801aac:	9b03      	ldr	r3, [sp, #12]
87801aae:	b2a4      	uxth	r4, r4
87801ab0:	42ab      	cmp	r3, r5
87801ab2:	d1cd      	bne.n	87801a50 <lcd_showxnum+0x44>
87801ab4:	b009      	add	sp, #36	; 0x24
87801ab6:	e8bd 8ff0 	ldmia.w	sp!, {r4, r5, r6, r7, r8, r9, sl, fp, pc}
87801aba:	9b07      	ldr	r3, [sp, #28]
87801abc:	4651      	mov	r1, sl
87801abe:	4620      	mov	r0, r4
87801ac0:	2b00      	cmp	r3, #0
87801ac2:	9b05      	ldr	r3, [sp, #20]
87801ac4:	bfb4      	ite	lt
87801ac6:	2230      	movlt	r2, #48	; 0x30
87801ac8:	2220      	movge	r2, #32
87801aca:	9300      	str	r3, [sp, #0]
87801acc:	463b      	mov	r3, r7
87801ace:	f7ff fea9 	bl	87801824 <lcd_showchar>
87801ad2:	e7e8      	b.n	87801aa6 <lcd_showxnum+0x9a>

87801ad4 <lcd_show_string>:
87801ad4:	e92d 4ff0 	stmdb	sp!, {r4, r5, r6, r7, r8, r9, sl, fp, lr}
87801ad8:	b085      	sub	sp, #20
87801ada:	9f0f      	ldr	r7, [sp, #60]	; 0x3c
87801adc:	4402      	add	r2, r0
87801ade:	fa1f f882 	uxth.w	r8, r2
87801ae2:	440b      	add	r3, r1
87801ae4:	fa1f f983 	uxth.w	r9, r3
87801ae8:	f89d 6038 	ldrb.w	r6, [sp, #56]	; 0x38
87801aec:	783a      	ldrb	r2, [r7, #0]
87801aee:	f1a2 0320 	sub.w	r3, r2, #32
87801af2:	2b5e      	cmp	r3, #94	; 0x5e
87801af4:	d81f      	bhi.n	87801b36 <lcd_show_string+0x62>
87801af6:	b2c3      	uxtb	r3, r0
87801af8:	460d      	mov	r5, r1
87801afa:	4604      	mov	r4, r0
87801afc:	ea4f 0b56 	mov.w	fp, r6, lsr #1
87801b00:	9303      	str	r3, [sp, #12]
87801b02:	f04f 0a00 	mov.w	sl, #0
87801b06:	e00b      	b.n	87801b20 <lcd_show_string+0x4c>
87801b08:	f8cd a000 	str.w	sl, [sp]
87801b0c:	445c      	add	r4, fp
87801b0e:	f7ff fe89 	bl	87801824 <lcd_showchar>
87801b12:	f817 2f01 	ldrb.w	r2, [r7, #1]!
87801b16:	b2a4      	uxth	r4, r4
87801b18:	f1a2 0320 	sub.w	r3, r2, #32
87801b1c:	2b5e      	cmp	r3, #94	; 0x5e
87801b1e:	d80a      	bhi.n	87801b36 <lcd_show_string+0x62>
87801b20:	45a0      	cmp	r8, r4
87801b22:	eb05 0106 	add.w	r1, r5, r6
87801b26:	bf9c      	itt	ls
87801b28:	b28d      	uxthls	r5, r1
87801b2a:	9c03      	ldrls	r4, [sp, #12]
87801b2c:	4633      	mov	r3, r6
87801b2e:	454d      	cmp	r5, r9
87801b30:	4629      	mov	r1, r5
87801b32:	4620      	mov	r0, r4
87801b34:	d3e8      	bcc.n	87801b08 <lcd_show_string+0x34>
87801b36:	b005      	add	sp, #20
87801b38:	e8bd 8ff0 	ldmia.w	sp!, {r4, r5, r6, r7, r8, r9, sl, fp, pc}

87801b3c <rtc_isleapyear.part.0>:
87801b3c:	0783      	lsls	r3, r0, #30
87801b3e:	d10e      	bne.n	87801b5e <rtc_isleapyear.part.0+0x22>
87801b40:	f248 521f 	movw	r2, #34079	; 0x851f
87801b44:	2164      	movs	r1, #100	; 0x64
87801b46:	f2c5 12eb 	movt	r2, #20971	; 0x51eb
87801b4a:	fba0 2302 	umull	r2, r3, r0, r2
87801b4e:	095b      	lsrs	r3, r3, #5
87801b50:	fb01 0013 	mls	r0, r1, r3, r0
87801b54:	b280      	uxth	r0, r0
87801b56:	3000      	adds	r0, #0
87801b58:	bf18      	it	ne
87801b5a:	2001      	movne	r0, #1
87801b5c:	4770      	bx	lr
87801b5e:	2000      	movs	r0, #0
87801b60:	4770      	bx	lr
87801b62:	bf00      	nop

87801b64 <rtc_init>:
87801b64:	f44f 4340 	mov.w	r3, #49152	; 0xc000
87801b68:	f2c0 230c 	movt	r3, #524	; 0x20c
87801b6c:	6859      	ldr	r1, [r3, #4]
87801b6e:	461a      	mov	r2, r3
87801b70:	f041 4100 	orr.w	r1, r1, #2147483648	; 0x80000000
87801b74:	f441 7180 	orr.w	r1, r1, #256	; 0x100
87801b78:	6059      	str	r1, [r3, #4]
87801b7a:	6b99      	ldr	r1, [r3, #56]	; 0x38
87801b7c:	f041 0101 	orr.w	r1, r1, #1
87801b80:	6399      	str	r1, [r3, #56]	; 0x38
87801b82:	6b93      	ldr	r3, [r2, #56]	; 0x38
87801b84:	07db      	lsls	r3, r3, #31
87801b86:	d5fc      	bpl.n	87801b82 <rtc_init+0x1e>
87801b88:	4770      	bx	lr
87801b8a:	bf00      	nop

87801b8c <rtc_enable>:
87801b8c:	f44f 4340 	mov.w	r3, #49152	; 0xc000
87801b90:	f2c0 230c 	movt	r3, #524	; 0x20c
87801b94:	6b99      	ldr	r1, [r3, #56]	; 0x38
87801b96:	461a      	mov	r2, r3
87801b98:	f041 0101 	orr.w	r1, r1, #1
87801b9c:	6399      	str	r1, [r3, #56]	; 0x38
87801b9e:	6b93      	ldr	r3, [r2, #56]	; 0x38
87801ba0:	07db      	lsls	r3, r3, #31
87801ba2:	d5fc      	bpl.n	87801b9e <rtc_enable+0x12>
87801ba4:	4770      	bx	lr
87801ba6:	bf00      	nop

87801ba8 <rtc_disable>:
87801ba8:	f44f 4340 	mov.w	r3, #49152	; 0xc000
87801bac:	f2c0 230c 	movt	r3, #524	; 0x20c
87801bb0:	6b99      	ldr	r1, [r3, #56]	; 0x38
87801bb2:	461a      	mov	r2, r3
87801bb4:	f021 0101 	bic.w	r1, r1, #1
87801bb8:	6399      	str	r1, [r3, #56]	; 0x38
87801bba:	6b93      	ldr	r3, [r2, #56]	; 0x38
87801bbc:	07db      	lsls	r3, r3, #31
87801bbe:	d4fc      	bmi.n	87801bba <rtc_disable+0x12>
87801bc0:	4770      	bx	lr
87801bc2:	bf00      	nop

87801bc4 <rtc_coverdate_to_seconds>:
87801bc4:	f249 7c90 	movw	ip, #38800	; 0x9790
87801bc8:	e92d 47f0 	stmdb	sp!, {r4, r5, r6, r7, r8, r9, sl, lr}
87801bcc:	f2c8 7c80 	movt	ip, #34688	; 0x8780
87801bd0:	4607      	mov	r7, r0
87801bd2:	b088      	sub	sp, #32
87801bd4:	f240 74b2 	movw	r4, #1970	; 0x7b2
87801bd8:	e8bc 000f 	ldmia.w	ip!, {r0, r1, r2, r3}
87801bdc:	ad01      	add	r5, sp, #4
87801bde:	883e      	ldrh	r6, [r7, #0]
87801be0:	f897 8002 	ldrb.w	r8, [r7, #2]
87801be4:	c50f      	stmia	r5!, {r0, r1, r2, r3}
87801be6:	42a6      	cmp	r6, r4
87801be8:	e89c 0007 	ldmia.w	ip, {r0, r1, r2}
87801bec:	c503      	stmia	r5!, {r0, r1}
87801bee:	802a      	strh	r2, [r5, #0]
87801bf0:	d94e      	bls.n	87801c90 <rtc_coverdate_to_seconds+0xcc>
87801bf2:	f248 591f 	movw	r9, #34079	; 0x851f
87801bf6:	2500      	movs	r5, #0
87801bf8:	f2c5 19eb 	movt	r9, #20971	; 0x51eb
87801bfc:	f44f 7ac8 	mov.w	sl, #400	; 0x190
87801c00:	e008      	b.n	87801c14 <rtc_coverdate_to_seconds+0x50>
87801c02:	f7ff ff9b 	bl	87801b3c <rtc_isleapyear.part.0>
87801c06:	b970      	cbnz	r0, 87801c26 <rtc_coverdate_to_seconds+0x62>
87801c08:	3401      	adds	r4, #1
87801c0a:	f205 156d 	addw	r5, r5, #365	; 0x16d
87801c0e:	b2a4      	uxth	r4, r4
87801c10:	42b4      	cmp	r4, r6
87801c12:	d00e      	beq.n	87801c32 <rtc_coverdate_to_seconds+0x6e>
87801c14:	fba4 2309 	umull	r2, r3, r4, r9
87801c18:	4620      	mov	r0, r4
87801c1a:	09db      	lsrs	r3, r3, #7
87801c1c:	fb0a 4313 	mls	r3, sl, r3, r4
87801c20:	b29b      	uxth	r3, r3
87801c22:	2b00      	cmp	r3, #0
87801c24:	d1ed      	bne.n	87801c02 <rtc_coverdate_to_seconds+0x3e>
87801c26:	3401      	adds	r4, #1
87801c28:	f505 75b7 	add.w	r5, r5, #366	; 0x16e
87801c2c:	b2a4      	uxth	r4, r4
87801c2e:	42b4      	cmp	r4, r6
87801c30:	d1f0      	bne.n	87801c14 <rtc_coverdate_to_seconds+0x50>
87801c32:	f248 521f 	movw	r2, #34079	; 0x851f
87801c36:	f44f 71c8 	mov.w	r1, #400	; 0x190
87801c3a:	f2c5 12eb 	movt	r2, #20971	; 0x51eb
87801c3e:	a808      	add	r0, sp, #32
87801c40:	fba4 2302 	umull	r2, r3, r4, r2
87801c44:	eb00 0048 	add.w	r0, r0, r8, lsl #1
87801c48:	f830 0c1c 	ldrh.w	r0, [r0, #-28]
87801c4c:	09db      	lsrs	r3, r3, #7
87801c4e:	4405      	add	r5, r0
87801c50:	fb01 4313 	mls	r3, r1, r3, r4
87801c54:	b29b      	uxth	r3, r3
87801c56:	bb03      	cbnz	r3, 87801c9a <rtc_coverdate_to_seconds+0xd6>
87801c58:	f1b8 0f02 	cmp.w	r8, #2
87801c5c:	bf88      	it	hi
87801c5e:	3501      	addhi	r5, #1
87801c60:	797b      	ldrb	r3, [r7, #5]
87801c62:	f44f 6661 	mov.w	r6, #3600	; 0xe10
87801c66:	793a      	ldrb	r2, [r7, #4]
87801c68:	f44f 41a3 	mov.w	r1, #20864	; 0x5180
87801c6c:	78f8      	ldrb	r0, [r7, #3]
87801c6e:	f2c0 0101 	movt	r1, #1
87801c72:	79bc      	ldrb	r4, [r7, #6]
87801c74:	ebc3 1303 	rsb	r3, r3, r3, lsl #4
87801c78:	3801      	subs	r0, #1
87801c7a:	009b      	lsls	r3, r3, #2
87801c7c:	4405      	add	r5, r0
87801c7e:	fb06 3002 	mla	r0, r6, r2, r3
87801c82:	4420      	add	r0, r4
87801c84:	fb01 0005 	mla	r0, r1, r5, r0
87801c88:	2100      	movs	r1, #0
87801c8a:	b008      	add	sp, #32
87801c8c:	e8bd 87f0 	ldmia.w	sp!, {r4, r5, r6, r7, r8, r9, sl, pc}
87801c90:	ab08      	add	r3, sp, #32
87801c92:	eb03 0348 	add.w	r3, r3, r8, lsl #1
87801c96:	f833 5c1c 	ldrh.w	r5, [r3, #-28]
87801c9a:	4620      	mov	r0, r4
87801c9c:	f7ff ff4e 	bl	87801b3c <rtc_isleapyear.part.0>
87801ca0:	2800      	cmp	r0, #0
87801ca2:	d1d9      	bne.n	87801c58 <rtc_coverdate_to_seconds+0x94>
87801ca4:	e7dc      	b.n	87801c60 <rtc_coverdate_to_seconds+0x9c>
87801ca6:	bf00      	nop

87801ca8 <rtc_setdatetime>:
87801ca8:	b538      	push	{r3, r4, r5, lr}
87801caa:	f44f 4340 	mov.w	r3, #49152	; 0xc000
87801cae:	f2c0 230c 	movt	r3, #524	; 0x20c
87801cb2:	461c      	mov	r4, r3
87801cb4:	6b9d      	ldr	r5, [r3, #56]	; 0x38
87801cb6:	6b9a      	ldr	r2, [r3, #56]	; 0x38
87801cb8:	f022 0201 	bic.w	r2, r2, #1
87801cbc:	639a      	str	r2, [r3, #56]	; 0x38
87801cbe:	6ba3      	ldr	r3, [r4, #56]	; 0x38
87801cc0:	07d9      	lsls	r1, r3, #31
87801cc2:	d4fc      	bmi.n	87801cbe <rtc_setdatetime+0x16>
87801cc4:	f7ff ff7e 	bl	87801bc4 <rtc_coverdate_to_seconds>
87801cc8:	03c3      	lsls	r3, r0, #15
87801cca:	0c40      	lsrs	r0, r0, #17
87801ccc:	07ea      	lsls	r2, r5, #31
87801cce:	ea40 30c1 	orr.w	r0, r0, r1, lsl #15
87801cd2:	6520      	str	r0, [r4, #80]	; 0x50
87801cd4:	6563      	str	r3, [r4, #84]	; 0x54
87801cd6:	d50a      	bpl.n	87801cee <rtc_setdatetime+0x46>
87801cd8:	6ba3      	ldr	r3, [r4, #56]	; 0x38
87801cda:	f44f 4240 	mov.w	r2, #49152	; 0xc000
87801cde:	f2c0 220c 	movt	r2, #524	; 0x20c
87801ce2:	f043 0301 	orr.w	r3, r3, #1
87801ce6:	63a3      	str	r3, [r4, #56]	; 0x38
87801ce8:	6b93      	ldr	r3, [r2, #56]	; 0x38
87801cea:	07db      	lsls	r3, r3, #31
87801cec:	d5fc      	bpl.n	87801ce8 <rtc_setdatetime+0x40>
87801cee:	bd38      	pop	{r3, r4, r5, pc}

87801cf0 <rtc_getseconds>:
87801cf0:	f44f 4340 	mov.w	r3, #49152	; 0xc000
87801cf4:	f2c0 230c 	movt	r3, #524	; 0x20c
87801cf8:	6d18      	ldr	r0, [r3, #80]	; 0x50
87801cfa:	6d5b      	ldr	r3, [r3, #84]	; 0x54
87801cfc:	0bdb      	lsrs	r3, r3, #15
87801cfe:	ea43 4040 	orr.w	r0, r3, r0, lsl #17
87801d02:	4770      	bx	lr

87801d04 <rtc_convertseconds_to_datetime>:
87801d04:	4b4f      	ldr	r3, [pc, #316]	; (87801e44 <rtc_convertseconds_to_datetime+0x140>)
87801d06:	e92d 4ff0 	stmdb	sp!, {r4, r5, r6, r7, r8, r9, sl, fp, lr}
87801d0a:	4615      	mov	r5, r2
87801d0c:	4682      	mov	sl, r0
87801d0e:	468b      	mov	fp, r1
87801d10:	b085      	sub	sp, #20
87801d12:	f248 581f 	movw	r8, #34079	; 0x851f
87801d16:	cb0f      	ldmia	r3, {r0, r1, r2, r3}
87801d18:	466c      	mov	r4, sp
87801d1a:	f2c5 18eb 	movt	r8, #20971	; 0x51eb
87801d1e:	f44f 79c8 	mov.w	r9, #400	; 0x190
87801d22:	c407      	stmia	r4!, {r0, r1, r2}
87801d24:	f44f 42a3 	mov.w	r2, #20864	; 0x5180
87801d28:	7023      	strb	r3, [r4, #0]
87801d2a:	4650      	mov	r0, sl
87801d2c:	4659      	mov	r1, fp
87801d2e:	f2c0 0201 	movt	r2, #1
87801d32:	2300      	movs	r3, #0
87801d34:	f003 f810 	bl	87804d58 <__aeabi_uldivmod>
87801d38:	f44f 42a3 	mov.w	r2, #20864	; 0x5180
87801d3c:	1c46      	adds	r6, r0, #1
87801d3e:	f141 0700 	adc.w	r7, r1, #0
87801d42:	4650      	mov	r0, sl
87801d44:	4659      	mov	r1, fp
87801d46:	f2c0 0201 	movt	r2, #1
87801d4a:	2300      	movs	r3, #0
87801d4c:	f003 f804 	bl	87804d58 <__aeabi_uldivmod>
87801d50:	4692      	mov	sl, r2
87801d52:	469b      	mov	fp, r3
87801d54:	f44f 6261 	mov.w	r2, #3600	; 0xe10
87801d58:	2300      	movs	r3, #0
87801d5a:	4650      	mov	r0, sl
87801d5c:	4659      	mov	r1, fp
87801d5e:	f002 fffb 	bl	87804d58 <__aeabi_uldivmod>
87801d62:	4659      	mov	r1, fp
87801d64:	7128      	strb	r0, [r5, #4]
87801d66:	f44f 6261 	mov.w	r2, #3600	; 0xe10
87801d6a:	4650      	mov	r0, sl
87801d6c:	2300      	movs	r3, #0
87801d6e:	f002 fff3 	bl	87804d58 <__aeabi_uldivmod>
87801d72:	4692      	mov	sl, r2
87801d74:	469b      	mov	fp, r3
87801d76:	223c      	movs	r2, #60	; 0x3c
87801d78:	2300      	movs	r3, #0
87801d7a:	4650      	mov	r0, sl
87801d7c:	4659      	mov	r1, fp
87801d7e:	f002 ffeb 	bl	87804d58 <__aeabi_uldivmod>
87801d82:	223c      	movs	r2, #60	; 0x3c
87801d84:	7168      	strb	r0, [r5, #5]
87801d86:	2300      	movs	r3, #0
87801d88:	4650      	mov	r0, sl
87801d8a:	4659      	mov	r1, fp
87801d8c:	f002 ffe4 	bl	87804d58 <__aeabi_uldivmod>
87801d90:	f240 73b2 	movw	r3, #1970	; 0x7b2
87801d94:	f240 116d 	movw	r1, #365	; 0x16d
87801d98:	461c      	mov	r4, r3
87801d9a:	468a      	mov	sl, r1
87801d9c:	71aa      	strb	r2, [r5, #6]
87801d9e:	802b      	strh	r3, [r5, #0]
87801da0:	b28a      	uxth	r2, r1
87801da2:	2300      	movs	r3, #0
87801da4:	42bb      	cmp	r3, r7
87801da6:	bf08      	it	eq
87801da8:	42b2      	cmpeq	r2, r6
87801daa:	f104 0001 	add.w	r0, r4, #1
87801dae:	f44f 71b7 	mov.w	r1, #366	; 0x16e
87801db2:	d215      	bcs.n	87801de0 <rtc_convertseconds_to_datetime+0xdc>
87801db4:	b284      	uxth	r4, r0
87801db6:	1ab6      	subs	r6, r6, r2
87801db8:	eb67 0703 	sbc.w	r7, r7, r3
87801dbc:	fba4 2308 	umull	r2, r3, r4, r8
87801dc0:	4620      	mov	r0, r4
87801dc2:	802c      	strh	r4, [r5, #0]
87801dc4:	09db      	lsrs	r3, r3, #7
87801dc6:	fb09 4313 	mls	r3, r9, r3, r4
87801dca:	b29b      	uxth	r3, r3
87801dcc:	2b00      	cmp	r3, #0
87801dce:	d0e7      	beq.n	87801da0 <rtc_convertseconds_to_datetime+0x9c>
87801dd0:	f7ff feb4 	bl	87801b3c <rtc_isleapyear.part.0>
87801dd4:	2800      	cmp	r0, #0
87801dd6:	bf14      	ite	ne
87801dd8:	f44f 71b7 	movne.w	r1, #366	; 0x16e
87801ddc:	4651      	moveq	r1, sl
87801dde:	e7df      	b.n	87801da0 <rtc_convertseconds_to_datetime+0x9c>
87801de0:	f248 521f 	movw	r2, #34079	; 0x851f
87801de4:	f44f 71c8 	mov.w	r1, #400	; 0x190
87801de8:	f2c5 12eb 	movt	r2, #20971	; 0x51eb
87801dec:	fba4 2302 	umull	r2, r3, r4, r2
87801df0:	09db      	lsrs	r3, r3, #7
87801df2:	fb01 4313 	mls	r3, r1, r3, r4
87801df6:	b29b      	uxth	r3, r3
87801df8:	b1db      	cbz	r3, 87801e32 <rtc_convertseconds_to_datetime+0x12e>
87801dfa:	4620      	mov	r0, r4
87801dfc:	f7ff fe9e 	bl	87801b3c <rtc_isleapyear.part.0>
87801e00:	b9b8      	cbnz	r0, 87801e32 <rtc_convertseconds_to_datetime+0x12e>
87801e02:	466c      	mov	r4, sp
87801e04:	2201      	movs	r2, #1
87801e06:	2300      	movs	r3, #0
87801e08:	f814 0f01 	ldrb.w	r0, [r4, #1]!
87801e0c:	2100      	movs	r1, #0
87801e0e:	42b9      	cmp	r1, r7
87801e10:	bf08      	it	eq
87801e12:	42b0      	cmpeq	r0, r6
87801e14:	d211      	bcs.n	87801e3a <rtc_convertseconds_to_datetime+0x136>
87801e16:	3201      	adds	r2, #1
87801e18:	f143 0300 	adc.w	r3, r3, #0
87801e1c:	1a36      	subs	r6, r6, r0
87801e1e:	eb67 0701 	sbc.w	r7, r7, r1
87801e22:	2b00      	cmp	r3, #0
87801e24:	bf08      	it	eq
87801e26:	2a0d      	cmpeq	r2, #13
87801e28:	d1ee      	bne.n	87801e08 <rtc_convertseconds_to_datetime+0x104>
87801e2a:	70ee      	strb	r6, [r5, #3]
87801e2c:	b005      	add	sp, #20
87801e2e:	e8bd 8ff0 	ldmia.w	sp!, {r4, r5, r6, r7, r8, r9, sl, fp, pc}
87801e32:	231d      	movs	r3, #29
87801e34:	f88d 3002 	strb.w	r3, [sp, #2]
87801e38:	e7e3      	b.n	87801e02 <rtc_convertseconds_to_datetime+0xfe>
87801e3a:	70aa      	strb	r2, [r5, #2]
87801e3c:	70ee      	strb	r6, [r5, #3]
87801e3e:	b005      	add	sp, #20
87801e40:	e8bd 8ff0 	ldmia.w	sp!, {r4, r5, r6, r7, r8, r9, sl, fp, pc}
87801e44:	878097ac 	strhi	r9, [r0, ip, lsr #15]

87801e48 <rtc_getdatetime>:
87801e48:	f44f 4340 	mov.w	r3, #49152	; 0xc000
87801e4c:	4602      	mov	r2, r0
87801e4e:	f2c0 230c 	movt	r3, #524	; 0x20c
87801e52:	2100      	movs	r1, #0
87801e54:	6d18      	ldr	r0, [r3, #80]	; 0x50
87801e56:	6d5b      	ldr	r3, [r3, #84]	; 0x54
87801e58:	0bdb      	lsrs	r3, r3, #15
87801e5a:	ea43 4040 	orr.w	r0, r3, r0, lsl #17
87801e5e:	f7ff bf51 	b.w	87801d04 <rtc_convertseconds_to_datetime>
87801e62:	bf00      	nop

87801e64 <rtc_isleapyear>:
87801e64:	f248 521f 	movw	r2, #34079	; 0x851f
87801e68:	b410      	push	{r4}
87801e6a:	f2c5 12eb 	movt	r2, #20971	; 0x51eb
87801e6e:	f44f 74c8 	mov.w	r4, #400	; 0x190
87801e72:	fba0 2302 	umull	r2, r3, r0, r2
87801e76:	09db      	lsrs	r3, r3, #7
87801e78:	fb04 0313 	mls	r3, r4, r3, r0
87801e7c:	b29b      	uxth	r3, r3
87801e7e:	b113      	cbz	r3, 87801e86 <rtc_isleapyear+0x22>
87801e80:	f85d 4b04 	ldr.w	r4, [sp], #4
87801e84:	e65a      	b.n	87801b3c <rtc_isleapyear.part.0>
87801e86:	2001      	movs	r0, #1
87801e88:	f85d 4b04 	ldr.w	r4, [sp], #4
87801e8c:	4770      	bx	lr
87801e8e:	bf00      	nop

87801e90 <i2c_check_and_clear_error.part.1>:
87801e90:	4602      	mov	r2, r0
87801e92:	2004      	movs	r0, #4
87801e94:	8993      	ldrh	r3, [r2, #12]
87801e96:	f023 0310 	bic.w	r3, r3, #16
87801e9a:	041b      	lsls	r3, r3, #16
87801e9c:	0c1b      	lsrs	r3, r3, #16
87801e9e:	8193      	strh	r3, [r2, #12]
87801ea0:	8913      	ldrh	r3, [r2, #8]
87801ea2:	f023 0380 	bic.w	r3, r3, #128	; 0x80
87801ea6:	041b      	lsls	r3, r3, #16
87801ea8:	0c1b      	lsrs	r3, r3, #16
87801eaa:	8113      	strh	r3, [r2, #8]
87801eac:	8913      	ldrh	r3, [r2, #8]
87801eae:	b29b      	uxth	r3, r3
87801eb0:	f043 0380 	orr.w	r3, r3, #128	; 0x80
87801eb4:	8113      	strh	r3, [r2, #8]
87801eb6:	4770      	bx	lr

87801eb8 <i2c_init>:
87801eb8:	8903      	ldrh	r3, [r0, #8]
87801eba:	2215      	movs	r2, #21
87801ebc:	f023 0380 	bic.w	r3, r3, #128	; 0x80
87801ec0:	041b      	lsls	r3, r3, #16
87801ec2:	0c1b      	lsrs	r3, r3, #16
87801ec4:	8103      	strh	r3, [r0, #8]
87801ec6:	8082      	strh	r2, [r0, #4]
87801ec8:	8903      	ldrh	r3, [r0, #8]
87801eca:	b29b      	uxth	r3, r3
87801ecc:	f043 0380 	orr.w	r3, r3, #128	; 0x80
87801ed0:	8103      	strh	r3, [r0, #8]
87801ed2:	4770      	bx	lr

87801ed4 <i2c_master_repeated_start>:
87801ed4:	4603      	mov	r3, r0
87801ed6:	8980      	ldrh	r0, [r0, #12]
87801ed8:	0680      	lsls	r0, r0, #26
87801eda:	d502      	bpl.n	87801ee2 <i2c_master_repeated_start+0xe>
87801edc:	8918      	ldrh	r0, [r3, #8]
87801ede:	0680      	lsls	r0, r0, #26
87801ee0:	d511      	bpl.n	87801f06 <i2c_master_repeated_start+0x32>
87801ee2:	b410      	push	{r4}
87801ee4:	f1a2 0201 	sub.w	r2, r2, #1
87801ee8:	891c      	ldrh	r4, [r3, #8]
87801eea:	fab2 f282 	clz	r2, r2
87801eee:	0952      	lsrs	r2, r2, #5
87801ef0:	2000      	movs	r0, #0
87801ef2:	ea42 0141 	orr.w	r1, r2, r1, lsl #1
87801ef6:	b2a2      	uxth	r2, r4
87801ef8:	f85d 4b04 	ldr.w	r4, [sp], #4
87801efc:	f042 0214 	orr.w	r2, r2, #20
87801f00:	811a      	strh	r2, [r3, #8]
87801f02:	8219      	strh	r1, [r3, #16]
87801f04:	4770      	bx	lr
87801f06:	2001      	movs	r0, #1
87801f08:	4770      	bx	lr
87801f0a:	bf00      	nop

87801f0c <i2c_master_start>:
87801f0c:	8983      	ldrh	r3, [r0, #12]
87801f0e:	f013 0320 	ands.w	r3, r3, #32
87801f12:	d110      	bne.n	87801f36 <i2c_master_start+0x2a>
87801f14:	b410      	push	{r4}
87801f16:	0049      	lsls	r1, r1, #1
87801f18:	8904      	ldrh	r4, [r0, #8]
87801f1a:	2a01      	cmp	r2, #1
87801f1c:	bf14      	ite	ne
87801f1e:	460a      	movne	r2, r1
87801f20:	f041 0201 	orreq.w	r2, r1, #1
87801f24:	b2a1      	uxth	r1, r4
87801f26:	f85d 4b04 	ldr.w	r4, [sp], #4
87801f2a:	f041 0130 	orr.w	r1, r1, #48	; 0x30
87801f2e:	8101      	strh	r1, [r0, #8]
87801f30:	8202      	strh	r2, [r0, #16]
87801f32:	4618      	mov	r0, r3
87801f34:	4770      	bx	lr
87801f36:	2301      	movs	r3, #1
87801f38:	4618      	mov	r0, r3
87801f3a:	4770      	bx	lr

87801f3c <i2c_check_and_clear_error>:
87801f3c:	06cb      	lsls	r3, r1, #27
87801f3e:	d405      	bmi.n	87801f4c <i2c_check_and_clear_error+0x10>
87801f40:	f011 0f01 	tst.w	r1, #1
87801f44:	bf14      	ite	ne
87801f46:	2003      	movne	r0, #3
87801f48:	2000      	moveq	r0, #0
87801f4a:	4770      	bx	lr
87801f4c:	e7a0      	b.n	87801e90 <i2c_check_and_clear_error.part.1>
87801f4e:	bf00      	nop

87801f50 <i2c_master_stop>:
87801f50:	8902      	ldrh	r2, [r0, #8]
87801f52:	f64f 73ff 	movw	r3, #65535	; 0xffff
87801f56:	f022 0238 	bic.w	r2, r2, #56	; 0x38
87801f5a:	0412      	lsls	r2, r2, #16
87801f5c:	0c12      	lsrs	r2, r2, #16
87801f5e:	8102      	strh	r2, [r0, #8]
87801f60:	e000      	b.n	87801f64 <i2c_master_stop+0x14>
87801f62:	b13b      	cbz	r3, 87801f74 <i2c_master_stop+0x24>
87801f64:	8982      	ldrh	r2, [r0, #12]
87801f66:	3b01      	subs	r3, #1
87801f68:	b29b      	uxth	r3, r3
87801f6a:	f012 0220 	ands.w	r2, r2, #32
87801f6e:	d1f8      	bne.n	87801f62 <i2c_master_stop+0x12>
87801f70:	4610      	mov	r0, r2
87801f72:	4770      	bx	lr
87801f74:	2005      	movs	r0, #5
87801f76:	4770      	bx	lr

87801f78 <i2c_master_write>:
87801f78:	b538      	push	{r3, r4, r5, lr}
87801f7a:	4604      	mov	r4, r0
87801f7c:	89a3      	ldrh	r3, [r4, #12]
87801f7e:	061d      	lsls	r5, r3, #24
87801f80:	d5fc      	bpl.n	87801f7c <i2c_master_write+0x4>
87801f82:	89a3      	ldrh	r3, [r4, #12]
87801f84:	188d      	adds	r5, r1, r2
87801f86:	f023 0302 	bic.w	r3, r3, #2
87801f8a:	041b      	lsls	r3, r3, #16
87801f8c:	0c1b      	lsrs	r3, r3, #16
87801f8e:	81a3      	strh	r3, [r4, #12]
87801f90:	8923      	ldrh	r3, [r4, #8]
87801f92:	b29b      	uxth	r3, r3
87801f94:	f043 0310 	orr.w	r3, r3, #16
87801f98:	8123      	strh	r3, [r4, #8]
87801f9a:	42a9      	cmp	r1, r5
87801f9c:	d011      	beq.n	87801fc2 <i2c_master_write+0x4a>
87801f9e:	f811 3b01 	ldrb.w	r3, [r1], #1
87801fa2:	8223      	strh	r3, [r4, #16]
87801fa4:	89a3      	ldrh	r3, [r4, #12]
87801fa6:	0798      	lsls	r0, r3, #30
87801fa8:	d5fc      	bpl.n	87801fa4 <i2c_master_write+0x2c>
87801faa:	89a3      	ldrh	r3, [r4, #12]
87801fac:	f023 0302 	bic.w	r3, r3, #2
87801fb0:	041b      	lsls	r3, r3, #16
87801fb2:	0c1b      	lsrs	r3, r3, #16
87801fb4:	81a3      	strh	r3, [r4, #12]
87801fb6:	89a3      	ldrh	r3, [r4, #12]
87801fb8:	b29b      	uxth	r3, r3
87801fba:	06da      	lsls	r2, r3, #27
87801fbc:	d417      	bmi.n	87801fee <i2c_master_write+0x76>
87801fbe:	07d8      	lsls	r0, r3, #31
87801fc0:	d5eb      	bpl.n	87801f9a <i2c_master_write+0x22>
87801fc2:	89a2      	ldrh	r2, [r4, #12]
87801fc4:	f64f 73ff 	movw	r3, #65535	; 0xffff
87801fc8:	f022 0202 	bic.w	r2, r2, #2
87801fcc:	0412      	lsls	r2, r2, #16
87801fce:	0c12      	lsrs	r2, r2, #16
87801fd0:	81a2      	strh	r2, [r4, #12]
87801fd2:	8922      	ldrh	r2, [r4, #8]
87801fd4:	f022 0238 	bic.w	r2, r2, #56	; 0x38
87801fd8:	0412      	lsls	r2, r2, #16
87801fda:	0c12      	lsrs	r2, r2, #16
87801fdc:	8122      	strh	r2, [r4, #8]
87801fde:	e000      	b.n	87801fe2 <i2c_master_write+0x6a>
87801fe0:	b123      	cbz	r3, 87801fec <i2c_master_write+0x74>
87801fe2:	89a2      	ldrh	r2, [r4, #12]
87801fe4:	3b01      	subs	r3, #1
87801fe6:	b29b      	uxth	r3, r3
87801fe8:	0692      	lsls	r2, r2, #26
87801fea:	d4f9      	bmi.n	87801fe0 <i2c_master_write+0x68>
87801fec:	bd38      	pop	{r3, r4, r5, pc}
87801fee:	4620      	mov	r0, r4
87801ff0:	f7ff ff4e 	bl	87801e90 <i2c_check_and_clear_error.part.1>
87801ff4:	2800      	cmp	r0, #0
87801ff6:	d0d0      	beq.n	87801f9a <i2c_master_write+0x22>
87801ff8:	e7e3      	b.n	87801fc2 <i2c_master_write+0x4a>
87801ffa:	bf00      	nop

87801ffc <i2c_master_read>:
87801ffc:	b430      	push	{r4, r5}
87801ffe:	2300      	movs	r3, #0
87802000:	b082      	sub	sp, #8
87802002:	f88d 3007 	strb.w	r3, [sp, #7]
87802006:	f89d 3007 	ldrb.w	r3, [sp, #7]
8780200a:	3301      	adds	r3, #1
8780200c:	b2db      	uxtb	r3, r3
8780200e:	f88d 3007 	strb.w	r3, [sp, #7]
87802012:	8983      	ldrh	r3, [r0, #12]
87802014:	061c      	lsls	r4, r3, #24
87802016:	d5fc      	bpl.n	87802012 <i2c_master_read+0x16>
87802018:	8983      	ldrh	r3, [r0, #12]
8780201a:	2a01      	cmp	r2, #1
8780201c:	f102 35ff 	add.w	r5, r2, #4294967295	; 0xffffffff
87802020:	f023 0302 	bic.w	r3, r3, #2
87802024:	ea4f 4303 	mov.w	r3, r3, lsl #16
87802028:	ea4f 4313 	mov.w	r3, r3, lsr #16
8780202c:	8183      	strh	r3, [r0, #12]
8780202e:	8903      	ldrh	r3, [r0, #8]
87802030:	f023 0318 	bic.w	r3, r3, #24
87802034:	ea4f 4303 	mov.w	r3, r3, lsl #16
87802038:	ea4f 4313 	mov.w	r3, r3, lsr #16
8780203c:	8103      	strh	r3, [r0, #8]
8780203e:	d02b      	beq.n	87802098 <i2c_master_read+0x9c>
87802040:	8a03      	ldrh	r3, [r0, #16]
87802042:	b2db      	uxtb	r3, r3
87802044:	f88d 3007 	strb.w	r3, [sp, #7]
87802048:	b31a      	cbz	r2, 87802092 <i2c_master_read+0x96>
8780204a:	462a      	mov	r2, r5
8780204c:	460c      	mov	r4, r1
8780204e:	8983      	ldrh	r3, [r0, #12]
87802050:	079b      	lsls	r3, r3, #30
87802052:	d5fc      	bpl.n	8780204e <i2c_master_read+0x52>
87802054:	8983      	ldrh	r3, [r0, #12]
87802056:	f023 0302 	bic.w	r3, r3, #2
8780205a:	041b      	lsls	r3, r3, #16
8780205c:	0c1b      	lsrs	r3, r3, #16
8780205e:	8183      	strh	r3, [r0, #12]
87802060:	b132      	cbz	r2, 87802070 <i2c_master_read+0x74>
87802062:	2a01      	cmp	r2, #1
87802064:	d022      	beq.n	878020ac <i2c_master_read+0xb0>
87802066:	8a03      	ldrh	r3, [r0, #16]
87802068:	3a01      	subs	r2, #1
8780206a:	f804 3b01 	strb.w	r3, [r4], #1
8780206e:	e7ee      	b.n	8780204e <i2c_master_read+0x52>
87802070:	8902      	ldrh	r2, [r0, #8]
87802072:	f64f 73ff 	movw	r3, #65535	; 0xffff
87802076:	f022 0238 	bic.w	r2, r2, #56	; 0x38
8780207a:	0412      	lsls	r2, r2, #16
8780207c:	0c12      	lsrs	r2, r2, #16
8780207e:	8102      	strh	r2, [r0, #8]
87802080:	e000      	b.n	87802084 <i2c_master_read+0x88>
87802082:	b123      	cbz	r3, 8780208e <i2c_master_read+0x92>
87802084:	8982      	ldrh	r2, [r0, #12]
87802086:	3b01      	subs	r3, #1
87802088:	b29b      	uxth	r3, r3
8780208a:	0692      	lsls	r2, r2, #26
8780208c:	d4f9      	bmi.n	87802082 <i2c_master_read+0x86>
8780208e:	8a03      	ldrh	r3, [r0, #16]
87802090:	554b      	strb	r3, [r1, r5]
87802092:	b002      	add	sp, #8
87802094:	bc30      	pop	{r4, r5}
87802096:	4770      	bx	lr
87802098:	8903      	ldrh	r3, [r0, #8]
8780209a:	b29b      	uxth	r3, r3
8780209c:	f043 0308 	orr.w	r3, r3, #8
878020a0:	8103      	strh	r3, [r0, #8]
878020a2:	8a03      	ldrh	r3, [r0, #16]
878020a4:	b2db      	uxtb	r3, r3
878020a6:	f88d 3007 	strb.w	r3, [sp, #7]
878020aa:	e7ce      	b.n	8780204a <i2c_master_read+0x4e>
878020ac:	8903      	ldrh	r3, [r0, #8]
878020ae:	b29b      	uxth	r3, r3
878020b0:	f043 0308 	orr.w	r3, r3, #8
878020b4:	8103      	strh	r3, [r0, #8]
878020b6:	e7d6      	b.n	87802066 <i2c_master_read+0x6a>

878020b8 <i2c_master_transfer>:
878020b8:	b538      	push	{r3, r4, r5, lr}
878020ba:	8983      	ldrh	r3, [r0, #12]
878020bc:	684c      	ldr	r4, [r1, #4]
878020be:	f023 0312 	bic.w	r3, r3, #18
878020c2:	041b      	lsls	r3, r3, #16
878020c4:	0c1b      	lsrs	r3, r3, #16
878020c6:	8183      	strh	r3, [r0, #12]
878020c8:	8983      	ldrh	r3, [r0, #12]
878020ca:	061b      	lsls	r3, r3, #24
878020cc:	d5fc      	bpl.n	878020c8 <i2c_master_transfer+0x10>
878020ce:	7b0a      	ldrb	r2, [r1, #12]
878020d0:	780b      	ldrb	r3, [r1, #0]
878020d2:	b922      	cbnz	r2, 878020de <i2c_master_transfer+0x26>
878020d4:	8985      	ldrh	r5, [r0, #12]
878020d6:	06ad      	lsls	r5, r5, #26
878020d8:	d528      	bpl.n	8780212c <i2c_master_transfer+0x74>
878020da:	2001      	movs	r0, #1
878020dc:	bd38      	pop	{r3, r4, r5, pc}
878020de:	8984      	ldrh	r4, [r0, #12]
878020e0:	06a4      	lsls	r4, r4, #26
878020e2:	d4fa      	bmi.n	878020da <i2c_master_transfer+0x22>
878020e4:	8904      	ldrh	r4, [r0, #8]
878020e6:	005b      	lsls	r3, r3, #1
878020e8:	b2a4      	uxth	r4, r4
878020ea:	f044 0430 	orr.w	r4, r4, #48	; 0x30
878020ee:	8104      	strh	r4, [r0, #8]
878020f0:	8203      	strh	r3, [r0, #16]
878020f2:	8983      	ldrh	r3, [r0, #12]
878020f4:	079c      	lsls	r4, r3, #30
878020f6:	d5fc      	bpl.n	878020f2 <i2c_master_transfer+0x3a>
878020f8:	8983      	ldrh	r3, [r0, #12]
878020fa:	4604      	mov	r4, r0
878020fc:	460d      	mov	r5, r1
878020fe:	b29b      	uxth	r3, r3
87802100:	06d8      	lsls	r0, r3, #27
87802102:	d41e      	bmi.n	87802142 <i2c_master_transfer+0x8a>
87802104:	07d9      	lsls	r1, r3, #31
87802106:	d522      	bpl.n	8780214e <i2c_master_transfer+0x96>
87802108:	2003      	movs	r0, #3
8780210a:	8922      	ldrh	r2, [r4, #8]
8780210c:	f64f 73ff 	movw	r3, #65535	; 0xffff
87802110:	f022 0238 	bic.w	r2, r2, #56	; 0x38
87802114:	0412      	lsls	r2, r2, #16
87802116:	0c12      	lsrs	r2, r2, #16
87802118:	8122      	strh	r2, [r4, #8]
8780211a:	e001      	b.n	87802120 <i2c_master_transfer+0x68>
8780211c:	2b00      	cmp	r3, #0
8780211e:	d0dd      	beq.n	878020dc <i2c_master_transfer+0x24>
87802120:	89a2      	ldrh	r2, [r4, #12]
87802122:	3b01      	subs	r3, #1
87802124:	b29b      	uxth	r3, r3
87802126:	0692      	lsls	r2, r2, #26
87802128:	d4f8      	bmi.n	8780211c <i2c_master_transfer+0x64>
8780212a:	bd38      	pop	{r3, r4, r5, pc}
8780212c:	8905      	ldrh	r5, [r0, #8]
8780212e:	005b      	lsls	r3, r3, #1
87802130:	2c01      	cmp	r4, #1
87802132:	bf08      	it	eq
87802134:	f043 0301 	orreq.w	r3, r3, #1
87802138:	b2ac      	uxth	r4, r5
8780213a:	f044 0430 	orr.w	r4, r4, #48	; 0x30
8780213e:	8104      	strh	r4, [r0, #8]
87802140:	e7d6      	b.n	878020f0 <i2c_master_transfer+0x38>
87802142:	4620      	mov	r0, r4
87802144:	f7ff fea4 	bl	87801e90 <i2c_check_and_clear_error.part.1>
87802148:	2800      	cmp	r0, #0
8780214a:	d1de      	bne.n	8780210a <i2c_master_transfer+0x52>
8780214c:	7b0a      	ldrb	r2, [r1, #12]
8780214e:	b33a      	cbz	r2, 878021a0 <i2c_master_transfer+0xe8>
87802150:	68a8      	ldr	r0, [r5, #8]
87802152:	3a01      	subs	r2, #1
87802154:	89a3      	ldrh	r3, [r4, #12]
87802156:	b2d2      	uxtb	r2, r2
87802158:	00d1      	lsls	r1, r2, #3
8780215a:	f023 0302 	bic.w	r3, r3, #2
8780215e:	041b      	lsls	r3, r3, #16
87802160:	fa20 f101 	lsr.w	r1, r0, r1
87802164:	0c1b      	lsrs	r3, r3, #16
87802166:	b289      	uxth	r1, r1
87802168:	81a3      	strh	r3, [r4, #12]
8780216a:	732a      	strb	r2, [r5, #12]
8780216c:	8221      	strh	r1, [r4, #16]
8780216e:	89a3      	ldrh	r3, [r4, #12]
87802170:	079b      	lsls	r3, r3, #30
87802172:	d5fc      	bpl.n	8780216e <i2c_master_transfer+0xb6>
87802174:	89a3      	ldrh	r3, [r4, #12]
87802176:	b29b      	uxth	r3, r3
87802178:	06d9      	lsls	r1, r3, #27
8780217a:	d41f      	bmi.n	878021bc <i2c_master_transfer+0x104>
8780217c:	07d9      	lsls	r1, r3, #31
8780217e:	d425      	bmi.n	878021cc <i2c_master_transfer+0x114>
87802180:	2a00      	cmp	r2, #0
87802182:	d1e6      	bne.n	87802152 <i2c_master_transfer+0x9a>
87802184:	686b      	ldr	r3, [r5, #4]
87802186:	2b01      	cmp	r3, #1
87802188:	d03a      	beq.n	87802200 <i2c_master_transfer+0x148>
8780218a:	b913      	cbnz	r3, 87802192 <i2c_master_transfer+0xda>
8780218c:	696b      	ldr	r3, [r5, #20]
8780218e:	2b00      	cmp	r3, #0
87802190:	d12f      	bne.n	878021f2 <i2c_master_transfer+0x13a>
87802192:	2000      	movs	r0, #0
87802194:	bd38      	pop	{r3, r4, r5, pc}
87802196:	4620      	mov	r0, r4
87802198:	f7ff fe7a 	bl	87801e90 <i2c_check_and_clear_error.part.1>
8780219c:	2800      	cmp	r0, #0
8780219e:	d14e      	bne.n	8780223e <i2c_master_transfer+0x186>
878021a0:	686b      	ldr	r3, [r5, #4]
878021a2:	2b00      	cmp	r3, #0
878021a4:	d0f2      	beq.n	8780218c <i2c_master_transfer+0xd4>
878021a6:	2b01      	cmp	r3, #1
878021a8:	d1f3      	bne.n	87802192 <i2c_master_transfer+0xda>
878021aa:	696b      	ldr	r3, [r5, #20]
878021ac:	2b00      	cmp	r3, #0
878021ae:	d0f0      	beq.n	87802192 <i2c_master_transfer+0xda>
878021b0:	6929      	ldr	r1, [r5, #16]
878021b2:	4620      	mov	r0, r4
878021b4:	696a      	ldr	r2, [r5, #20]
878021b6:	f7ff ff21 	bl	87801ffc <i2c_master_read>
878021ba:	e7ea      	b.n	87802192 <i2c_master_transfer+0xda>
878021bc:	4620      	mov	r0, r4
878021be:	f7ff fe67 	bl	87801e90 <i2c_check_and_clear_error.part.1>
878021c2:	b920      	cbnz	r0, 878021ce <i2c_master_transfer+0x116>
878021c4:	7b2a      	ldrb	r2, [r5, #12]
878021c6:	2a00      	cmp	r2, #0
878021c8:	d1c2      	bne.n	87802150 <i2c_master_transfer+0x98>
878021ca:	e7db      	b.n	87802184 <i2c_master_transfer+0xcc>
878021cc:	2003      	movs	r0, #3
878021ce:	8922      	ldrh	r2, [r4, #8]
878021d0:	f64f 73ff 	movw	r3, #65535	; 0xffff
878021d4:	f022 0238 	bic.w	r2, r2, #56	; 0x38
878021d8:	0412      	lsls	r2, r2, #16
878021da:	0c12      	lsrs	r2, r2, #16
878021dc:	8122      	strh	r2, [r4, #8]
878021de:	e002      	b.n	878021e6 <i2c_master_transfer+0x12e>
878021e0:	2b00      	cmp	r3, #0
878021e2:	f43f af7b 	beq.w	878020dc <i2c_master_transfer+0x24>
878021e6:	89a2      	ldrh	r2, [r4, #12]
878021e8:	3b01      	subs	r3, #1
878021ea:	b29b      	uxth	r3, r3
878021ec:	0692      	lsls	r2, r2, #26
878021ee:	d4f7      	bmi.n	878021e0 <i2c_master_transfer+0x128>
878021f0:	bd38      	pop	{r3, r4, r5, pc}
878021f2:	6929      	ldr	r1, [r5, #16]
878021f4:	4620      	mov	r0, r4
878021f6:	696a      	ldr	r2, [r5, #20]
878021f8:	f7ff febe 	bl	87801f78 <i2c_master_write>
878021fc:	686b      	ldr	r3, [r5, #4]
878021fe:	e7d2      	b.n	878021a6 <i2c_master_transfer+0xee>
87802200:	89a3      	ldrh	r3, [r4, #12]
87802202:	f023 0302 	bic.w	r3, r3, #2
87802206:	041b      	lsls	r3, r3, #16
87802208:	0c1b      	lsrs	r3, r3, #16
8780220a:	81a3      	strh	r3, [r4, #12]
8780220c:	89a3      	ldrh	r3, [r4, #12]
8780220e:	069b      	lsls	r3, r3, #26
87802210:	d502      	bpl.n	87802218 <i2c_master_transfer+0x160>
87802212:	8923      	ldrh	r3, [r4, #8]
87802214:	0698      	lsls	r0, r3, #26
87802216:	d509      	bpl.n	8780222c <i2c_master_transfer+0x174>
87802218:	8922      	ldrh	r2, [r4, #8]
8780221a:	782b      	ldrb	r3, [r5, #0]
8780221c:	b292      	uxth	r2, r2
8780221e:	005b      	lsls	r3, r3, #1
87802220:	f042 0214 	orr.w	r2, r2, #20
87802224:	f043 0301 	orr.w	r3, r3, #1
87802228:	8122      	strh	r2, [r4, #8]
8780222a:	8223      	strh	r3, [r4, #16]
8780222c:	89a3      	ldrh	r3, [r4, #12]
8780222e:	0799      	lsls	r1, r3, #30
87802230:	d5fc      	bpl.n	8780222c <i2c_master_transfer+0x174>
87802232:	89a3      	ldrh	r3, [r4, #12]
87802234:	b29b      	uxth	r3, r3
87802236:	06da      	lsls	r2, r3, #27
87802238:	d4ad      	bmi.n	87802196 <i2c_master_transfer+0xde>
8780223a:	07db      	lsls	r3, r3, #31
8780223c:	d5b5      	bpl.n	878021aa <i2c_master_transfer+0xf2>
8780223e:	8922      	ldrh	r2, [r4, #8]
87802240:	f64f 73ff 	movw	r3, #65535	; 0xffff
87802244:	f022 0238 	bic.w	r2, r2, #56	; 0x38
87802248:	0412      	lsls	r2, r2, #16
8780224a:	0c12      	lsrs	r2, r2, #16
8780224c:	8122      	strh	r2, [r4, #8]
8780224e:	e000      	b.n	87802252 <i2c_master_transfer+0x19a>
87802250:	b123      	cbz	r3, 8780225c <i2c_master_transfer+0x1a4>
87802252:	89a2      	ldrh	r2, [r4, #12]
87802254:	3b01      	subs	r3, #1
87802256:	b29b      	uxth	r3, r3
87802258:	0695      	lsls	r5, r2, #26
8780225a:	d4f9      	bmi.n	87802250 <i2c_master_transfer+0x198>
8780225c:	2006      	movs	r0, #6
8780225e:	bd38      	pop	{r3, r4, r5, pc}

87802260 <ap3216c_readonebyte>:
87802260:	b510      	push	{r4, lr}
87802262:	b088      	sub	sp, #32
87802264:	f88d 0008 	strb.w	r0, [sp, #8]
87802268:	2000      	movs	r0, #0
8780226a:	2301      	movs	r3, #1
8780226c:	2200      	movs	r2, #0
8780226e:	9104      	str	r1, [sp, #16]
87802270:	f10d 0407 	add.w	r4, sp, #7
87802274:	a902      	add	r1, sp, #8
87802276:	f2c0 201a 	movt	r0, #538	; 0x21a
8780227a:	9406      	str	r4, [sp, #24]
8780227c:	f88d 2007 	strb.w	r2, [sp, #7]
87802280:	9303      	str	r3, [sp, #12]
87802282:	f88d 3014 	strb.w	r3, [sp, #20]
87802286:	9307      	str	r3, [sp, #28]
87802288:	f7ff ff16 	bl	878020b8 <i2c_master_transfer>
8780228c:	f89d 0007 	ldrb.w	r0, [sp, #7]
87802290:	b008      	add	sp, #32
87802292:	bd10      	pop	{r4, pc}

87802294 <ap3216c_writeonebyte>:
87802294:	b530      	push	{r4, r5, lr}
87802296:	b089      	sub	sp, #36	; 0x24
87802298:	f88d 0008 	strb.w	r0, [sp, #8]
8780229c:	2000      	movs	r0, #0
8780229e:	2301      	movs	r3, #1
878022a0:	2400      	movs	r4, #0
878022a2:	9104      	str	r1, [sp, #16]
878022a4:	f10d 0507 	add.w	r5, sp, #7
878022a8:	a902      	add	r1, sp, #8
878022aa:	f2c0 201a 	movt	r0, #538	; 0x21a
878022ae:	9506      	str	r5, [sp, #24]
878022b0:	f88d 2007 	strb.w	r2, [sp, #7]
878022b4:	9403      	str	r4, [sp, #12]
878022b6:	f88d 3014 	strb.w	r3, [sp, #20]
878022ba:	9307      	str	r3, [sp, #28]
878022bc:	f7ff fefc 	bl	878020b8 <i2c_master_transfer>
878022c0:	1b00      	subs	r0, r0, r4
878022c2:	bf18      	it	ne
878022c4:	2001      	movne	r0, #1
878022c6:	b009      	add	sp, #36	; 0x24
878022c8:	bd30      	pop	{r4, r5, pc}
878022ca:	bf00      	nop

878022cc <ap3216c_init>:
878022cc:	b570      	push	{r4, r5, r6, lr}
878022ce:	23b4      	movs	r3, #180	; 0xb4
878022d0:	f240 56a4 	movw	r6, #1444	; 0x5a4
878022d4:	20b8      	movs	r0, #184	; 0xb8
878022d6:	2401      	movs	r4, #1
878022d8:	2512      	movs	r5, #18
878022da:	f2c0 230e 	movt	r3, #526	; 0x20e
878022de:	f2c0 260e 	movt	r6, #526	; 0x20e
878022e2:	f2c0 200e 	movt	r0, #526	; 0x20e
878022e6:	f44f 62b5 	mov.w	r2, #1448	; 0x5a8
878022ea:	601d      	str	r5, [r3, #0]
878022ec:	f2c0 220e 	movt	r2, #526	; 0x20e
878022f0:	6034      	str	r4, [r6, #0]
878022f2:	f44f 7150 	mov.w	r1, #832	; 0x340
878022f6:	6005      	str	r5, [r0, #0]
878022f8:	f44f 7351 	mov.w	r3, #836	; 0x344
878022fc:	2002      	movs	r0, #2
878022fe:	2500      	movs	r5, #0
87802300:	f2c0 230e 	movt	r3, #526	; 0x20e
87802304:	6010      	str	r0, [r2, #0]
87802306:	f2c0 210e 	movt	r1, #526	; 0x20e
8780230a:	f247 02b0 	movw	r2, #28848	; 0x70b0
8780230e:	f2c0 251a 	movt	r5, #538	; 0x21a
87802312:	b088      	sub	sp, #32
87802314:	600a      	str	r2, [r1, #0]
87802316:	4628      	mov	r0, r5
87802318:	601a      	str	r2, [r3, #0]
8780231a:	f7ff fdcd 	bl	87801eb8 <i2c_init>
8780231e:	2204      	movs	r2, #4
87802320:	2100      	movs	r1, #0
87802322:	201e      	movs	r0, #30
87802324:	f7ff ffb6 	bl	87802294 <ap3216c_writeonebyte>
87802328:	2032      	movs	r0, #50	; 0x32
8780232a:	f7fe f8eb 	bl	87800504 <delay_ms>
8780232e:	2203      	movs	r2, #3
87802330:	2100      	movs	r1, #0
87802332:	201e      	movs	r0, #30
87802334:	f7ff ffae 	bl	87802294 <ap3216c_writeonebyte>
87802338:	2300      	movs	r3, #0
8780233a:	221e      	movs	r2, #30
8780233c:	a902      	add	r1, sp, #8
8780233e:	4628      	mov	r0, r5
87802340:	f10d 0507 	add.w	r5, sp, #7
87802344:	9403      	str	r4, [sp, #12]
87802346:	f88d 4014 	strb.w	r4, [sp, #20]
8780234a:	9506      	str	r5, [sp, #24]
8780234c:	f88d 3007 	strb.w	r3, [sp, #7]
87802350:	9407      	str	r4, [sp, #28]
87802352:	9304      	str	r3, [sp, #16]
87802354:	f88d 2008 	strb.w	r2, [sp, #8]
87802358:	f7ff feae 	bl	878020b8 <i2c_master_transfer>
8780235c:	f89d 4007 	ldrb.w	r4, [sp, #7]
87802360:	f249 70bc 	movw	r0, #38844	; 0x97bc
87802364:	f2c8 7080 	movt	r0, #34688	; 0x8780
87802368:	4621      	mov	r1, r4
8780236a:	f000 ff93 	bl	87803294 <printf>
8780236e:	1ee0      	subs	r0, r4, #3
87802370:	bf18      	it	ne
87802372:	2001      	movne	r0, #1
87802374:	b008      	add	sp, #32
87802376:	bd70      	pop	{r4, r5, r6, pc}

87802378 <ap3216c_readdata>:
87802378:	e92d 4ff0 	stmdb	sp!, {r4, r5, r6, r7, r8, r9, sl, fp, lr}
8780237c:	2500      	movs	r5, #0
8780237e:	b08d      	sub	sp, #52	; 0x34
87802380:	4683      	mov	fp, r0
87802382:	4689      	mov	r9, r1
87802384:	f2c0 251a 	movt	r5, #538	; 0x21a
87802388:	f10d 0a10 	add.w	sl, sp, #16
8780238c:	240a      	movs	r4, #10
8780238e:	f10d 080f 	add.w	r8, sp, #15
87802392:	2600      	movs	r6, #0
87802394:	271e      	movs	r7, #30
87802396:	9201      	str	r2, [sp, #4]
87802398:	2301      	movs	r3, #1
8780239a:	a906      	add	r1, sp, #24
8780239c:	4628      	mov	r0, r5
8780239e:	f8cd 8028 	str.w	r8, [sp, #40]	; 0x28
878023a2:	9408      	str	r4, [sp, #32]
878023a4:	441c      	add	r4, r3
878023a6:	9307      	str	r3, [sp, #28]
878023a8:	f88d 3024 	strb.w	r3, [sp, #36]	; 0x24
878023ac:	930b      	str	r3, [sp, #44]	; 0x2c
878023ae:	f88d 600f 	strb.w	r6, [sp, #15]
878023b2:	f88d 7018 	strb.w	r7, [sp, #24]
878023b6:	f7ff fe7f 	bl	878020b8 <i2c_master_transfer>
878023ba:	f89d 300f 	ldrb.w	r3, [sp, #15]
878023be:	2c10      	cmp	r4, #16
878023c0:	f80a 3b01 	strb.w	r3, [sl], #1
878023c4:	d1e8      	bne.n	87802398 <ap3216c_readdata+0x20>
878023c6:	f89d 2010 	ldrb.w	r2, [sp, #16]
878023ca:	f89d 3014 	ldrb.w	r3, [sp, #20]
878023ce:	0611      	lsls	r1, r2, #24
878023d0:	bf44      	itt	mi
878023d2:	f8ab 6000 	strhmi.w	r6, [fp]
878023d6:	f8a9 6000 	strhmi.w	r6, [r9]
878023da:	d411      	bmi.n	87802400 <ap3216c_readdata+0x88>
878023dc:	f89d 0015 	ldrb.w	r0, [sp, #21]
878023e0:	f002 0203 	and.w	r2, r2, #3
878023e4:	f89d 4011 	ldrb.w	r4, [sp, #17]
878023e8:	f003 010f 	and.w	r1, r3, #15
878023ec:	0100      	lsls	r0, r0, #4
878023ee:	ea42 0284 	orr.w	r2, r2, r4, lsl #2
878023f2:	f400 707c 	and.w	r0, r0, #1008	; 0x3f0
878023f6:	4301      	orrs	r1, r0
878023f8:	f8ab 2000 	strh.w	r2, [fp]
878023fc:	f8a9 1000 	strh.w	r1, [r9]
87802400:	f89d 1013 	ldrb.w	r1, [sp, #19]
87802404:	f89d 2012 	ldrb.w	r2, [sp, #18]
87802408:	ea42 2201 	orr.w	r2, r2, r1, lsl #8
8780240c:	9901      	ldr	r1, [sp, #4]
8780240e:	800a      	strh	r2, [r1, #0]
87802410:	065a      	lsls	r2, r3, #25
87802412:	bf5b      	ittet	pl
87802414:	f89d 2015 	ldrbpl.w	r2, [sp, #21]
87802418:	f003 030f 	andpl.w	r3, r3, #15
8780241c:	2300      	movmi	r3, #0
8780241e:	0112      	lslpl	r2, r2, #4
87802420:	bf5c      	itt	pl
87802422:	f402 727c 	andpl.w	r2, r2, #1008	; 0x3f0
87802426:	4313      	orrpl	r3, r2
87802428:	f8a9 3000 	strh.w	r3, [r9]
8780242c:	b00d      	add	sp, #52	; 0x34
8780242e:	e8bd 8ff0 	ldmia.w	sp!, {r4, r5, r6, r7, r8, r9, sl, fp, pc}
87802432:	bf00      	nop

87802434 <spi_init>:
87802434:	2200      	movs	r2, #0
87802436:	f44f 5100 	mov.w	r1, #8192	; 0x2000
8780243a:	6082      	str	r2, [r0, #8]
8780243c:	6883      	ldr	r3, [r0, #8]
8780243e:	f443 03e0 	orr.w	r3, r3, #7340032	; 0x700000
87802442:	f043 0319 	orr.w	r3, r3, #25
87802446:	6083      	str	r3, [r0, #8]
87802448:	60c2      	str	r2, [r0, #12]
8780244a:	61c1      	str	r1, [r0, #28]
8780244c:	6883      	ldr	r3, [r0, #8]
8780244e:	f423 437f 	bic.w	r3, r3, #65280	; 0xff00
87802452:	6083      	str	r3, [r0, #8]
87802454:	6883      	ldr	r3, [r0, #8]
87802456:	f443 4310 	orr.w	r3, r3, #36864	; 0x9000
8780245a:	6083      	str	r3, [r0, #8]
8780245c:	4770      	bx	lr
8780245e:	bf00      	nop

87802460 <spich0_readwrite_byte>:
87802460:	6883      	ldr	r3, [r0, #8]
87802462:	f423 2340 	bic.w	r3, r3, #786432	; 0xc0000
87802466:	6083      	str	r3, [r0, #8]
87802468:	6883      	ldr	r3, [r0, #8]
8780246a:	6083      	str	r3, [r0, #8]
8780246c:	6983      	ldr	r3, [r0, #24]
8780246e:	07da      	lsls	r2, r3, #31
87802470:	d5fc      	bpl.n	8780246c <spich0_readwrite_byte+0xc>
87802472:	6041      	str	r1, [r0, #4]
87802474:	6983      	ldr	r3, [r0, #24]
87802476:	071b      	lsls	r3, r3, #28
87802478:	d5fc      	bpl.n	87802474 <spich0_readwrite_byte+0x14>
8780247a:	6800      	ldr	r0, [r0, #0]
8780247c:	b2c0      	uxtb	r0, r0
8780247e:	4770      	bx	lr

87802480 <icm20608_write_reg>:
87802480:	b5f8      	push	{r3, r4, r5, r6, r7, lr}
87802482:	f44f 4440 	mov.w	r4, #49152	; 0xc000
87802486:	f2c0 2409 	movt	r4, #521	; 0x209
8780248a:	2500      	movs	r5, #0
8780248c:	462a      	mov	r2, r5
8780248e:	4607      	mov	r7, r0
87802490:	460e      	mov	r6, r1
87802492:	4620      	mov	r0, r4
87802494:	f2c0 2501 	movt	r5, #513	; 0x201
87802498:	2114      	movs	r1, #20
8780249a:	f7fe f8f9 	bl	87800690 <gpio_pinwrite>
8780249e:	f007 017f 	and.w	r1, r7, #127	; 0x7f
878024a2:	4628      	mov	r0, r5
878024a4:	f7ff ffdc 	bl	87802460 <spich0_readwrite_byte>
878024a8:	4631      	mov	r1, r6
878024aa:	4628      	mov	r0, r5
878024ac:	f7ff ffd8 	bl	87802460 <spich0_readwrite_byte>
878024b0:	4620      	mov	r0, r4
878024b2:	2201      	movs	r2, #1
878024b4:	2114      	movs	r1, #20
878024b6:	e8bd 40f8 	ldmia.w	sp!, {r3, r4, r5, r6, r7, lr}
878024ba:	f7fe b8e9 	b.w	87800690 <gpio_pinwrite>
878024be:	bf00      	nop

878024c0 <icm20608_read_reg>:
878024c0:	b570      	push	{r4, r5, r6, lr}
878024c2:	f44f 4440 	mov.w	r4, #49152	; 0xc000
878024c6:	f2c0 2409 	movt	r4, #521	; 0x209
878024ca:	2500      	movs	r5, #0
878024cc:	462a      	mov	r2, r5
878024ce:	4606      	mov	r6, r0
878024d0:	f2c0 2501 	movt	r5, #513	; 0x201
878024d4:	4620      	mov	r0, r4
878024d6:	2114      	movs	r1, #20
878024d8:	f7fe f8da 	bl	87800690 <gpio_pinwrite>
878024dc:	f046 0180 	orr.w	r1, r6, #128	; 0x80
878024e0:	4628      	mov	r0, r5
878024e2:	f7ff ffbd 	bl	87802460 <spich0_readwrite_byte>
878024e6:	4628      	mov	r0, r5
878024e8:	21ff      	movs	r1, #255	; 0xff
878024ea:	f7ff ffb9 	bl	87802460 <spich0_readwrite_byte>
878024ee:	2201      	movs	r2, #1
878024f0:	4605      	mov	r5, r0
878024f2:	2114      	movs	r1, #20
878024f4:	4620      	mov	r0, r4
878024f6:	f7fe f8cb 	bl	87800690 <gpio_pinwrite>
878024fa:	4628      	mov	r0, r5
878024fc:	bd70      	pop	{r4, r5, r6, pc}
878024fe:	bf00      	nop

87802500 <icm20608_init>:
87802500:	2298      	movs	r2, #152	; 0x98
87802502:	b570      	push	{r4, r5, r6, lr}
87802504:	2308      	movs	r3, #8
87802506:	f2c0 220e 	movt	r2, #526	; 0x20e
8780250a:	f240 5654 	movw	r6, #1364	; 0x554
8780250e:	249c      	movs	r4, #156	; 0x9c
87802510:	f240 505c 	movw	r0, #1372	; 0x55c
87802514:	6013      	str	r3, [r2, #0]
87802516:	2500      	movs	r5, #0
87802518:	f2c0 260e 	movt	r6, #526	; 0x20e
8780251c:	f2c0 240e 	movt	r4, #526	; 0x20e
87802520:	f2c0 200e 	movt	r0, #526	; 0x20e
87802524:	21a0      	movs	r1, #160	; 0xa0
87802526:	f44f 62ab 	mov.w	r2, #1368	; 0x558
8780252a:	6035      	str	r5, [r6, #0]
8780252c:	f2c0 210e 	movt	r1, #526	; 0x20e
87802530:	6023      	str	r3, [r4, #0]
87802532:	f2c0 220e 	movt	r2, #526	; 0x20e
87802536:	6005      	str	r5, [r0, #0]
87802538:	f44f 7649 	mov.w	r6, #804	; 0x324
8780253c:	f44f 744a 	mov.w	r4, #808	; 0x328
87802540:	f44f 704b 	mov.w	r0, #812	; 0x32c
87802544:	600b      	str	r3, [r1, #0]
87802546:	f2c0 260e 	movt	r6, #526	; 0x20e
8780254a:	6015      	str	r5, [r2, #0]
8780254c:	f241 03b1 	movw	r3, #4273	; 0x10b1
87802550:	f2c0 240e 	movt	r4, #526	; 0x20e
87802554:	f2c0 200e 	movt	r0, #526	; 0x20e
87802558:	2194      	movs	r1, #148	; 0x94
8780255a:	f44f 7248 	mov.w	r2, #800	; 0x320
8780255e:	b084      	sub	sp, #16
87802560:	6033      	str	r3, [r6, #0]
87802562:	f2c0 210e 	movt	r1, #526	; 0x20e
87802566:	6023      	str	r3, [r4, #0]
87802568:	f2c0 220e 	movt	r2, #526	; 0x20e
8780256c:	6003      	str	r3, [r0, #0]
8780256e:	2405      	movs	r4, #5
87802570:	f241 03b0 	movw	r3, #4272	; 0x10b0
87802574:	f44f 4040 	mov.w	r0, #49152	; 0xc000
87802578:	600c      	str	r4, [r1, #0]
8780257a:	2601      	movs	r6, #1
8780257c:	6013      	str	r3, [r2, #0]
8780257e:	2114      	movs	r1, #20
87802580:	aa01      	add	r2, sp, #4
87802582:	f2c0 2009 	movt	r0, #521	; 0x209
87802586:	f88d 5008 	strb.w	r5, [sp, #8]
8780258a:	9601      	str	r6, [sp, #4]
8780258c:	f7fe f8d2 	bl	87800734 <gpio_init>
87802590:	4628      	mov	r0, r5
87802592:	f2c0 2001 	movt	r0, #513	; 0x201
87802596:	f7ff ff4d 	bl	87802434 <spi_init>
8780259a:	2180      	movs	r1, #128	; 0x80
8780259c:	206b      	movs	r0, #107	; 0x6b
8780259e:	f7ff ff6f 	bl	87802480 <icm20608_write_reg>
878025a2:	2032      	movs	r0, #50	; 0x32
878025a4:	f7fd ffae 	bl	87800504 <delay_ms>
878025a8:	4631      	mov	r1, r6
878025aa:	206b      	movs	r0, #107	; 0x6b
878025ac:	f7ff ff68 	bl	87802480 <icm20608_write_reg>
878025b0:	2032      	movs	r0, #50	; 0x32
878025b2:	f7fd ffa7 	bl	87800504 <delay_ms>
878025b6:	2075      	movs	r0, #117	; 0x75
878025b8:	f7ff ff82 	bl	878024c0 <icm20608_read_reg>
878025bc:	4604      	mov	r4, r0
878025be:	4601      	mov	r1, r0
878025c0:	3452      	adds	r4, #82	; 0x52
878025c2:	f249 70e0 	movw	r0, #38880	; 0x97e0
878025c6:	b2e4      	uxtb	r4, r4
878025c8:	f2c8 7080 	movt	r0, #34688	; 0x8780
878025cc:	f000 fe62 	bl	87803294 <printf>
878025d0:	42b4      	cmp	r4, r6
878025d2:	bf88      	it	hi
878025d4:	4630      	movhi	r0, r6
878025d6:	d901      	bls.n	878025dc <icm20608_init+0xdc>
878025d8:	b004      	add	sp, #16
878025da:	bd70      	pop	{r4, r5, r6, pc}
878025dc:	4629      	mov	r1, r5
878025de:	2019      	movs	r0, #25
878025e0:	f7ff ff4e 	bl	87802480 <icm20608_write_reg>
878025e4:	2118      	movs	r1, #24
878025e6:	201b      	movs	r0, #27
878025e8:	f7ff ff4a 	bl	87802480 <icm20608_write_reg>
878025ec:	2118      	movs	r1, #24
878025ee:	201c      	movs	r0, #28
878025f0:	f7ff ff46 	bl	87802480 <icm20608_write_reg>
878025f4:	2104      	movs	r1, #4
878025f6:	201a      	movs	r0, #26
878025f8:	f7ff ff42 	bl	87802480 <icm20608_write_reg>
878025fc:	2104      	movs	r1, #4
878025fe:	201d      	movs	r0, #29
87802600:	f7ff ff3e 	bl	87802480 <icm20608_write_reg>
87802604:	4629      	mov	r1, r5
87802606:	206c      	movs	r0, #108	; 0x6c
87802608:	f7ff ff3a 	bl	87802480 <icm20608_write_reg>
8780260c:	4629      	mov	r1, r5
8780260e:	201e      	movs	r0, #30
87802610:	f7ff ff36 	bl	87802480 <icm20608_write_reg>
87802614:	4629      	mov	r1, r5
87802616:	2023      	movs	r0, #35	; 0x23
87802618:	f7ff ff32 	bl	87802480 <icm20608_write_reg>
8780261c:	201b      	movs	r0, #27
8780261e:	f7ff ff4f 	bl	878024c0 <icm20608_read_reg>
87802622:	4601      	mov	r1, r0
87802624:	f249 70f4 	movw	r0, #38900	; 0x97f4
87802628:	f2c8 7080 	movt	r0, #34688	; 0x8780
8780262c:	f000 fe32 	bl	87803294 <printf>
87802630:	4628      	mov	r0, r5
87802632:	b004      	add	sp, #16
87802634:	bd70      	pop	{r4, r5, r6, pc}
87802636:	bf00      	nop

87802638 <icm20608_read_len>:
87802638:	b570      	push	{r4, r5, r6, lr}
8780263a:	4606      	mov	r6, r0
8780263c:	f44f 4040 	mov.w	r0, #49152	; 0xc000
87802640:	4614      	mov	r4, r2
87802642:	f2c0 2009 	movt	r0, #521	; 0x209
87802646:	460d      	mov	r5, r1
87802648:	2200      	movs	r2, #0
8780264a:	2114      	movs	r1, #20
8780264c:	f7fe f820 	bl	87800690 <gpio_pinwrite>
87802650:	2000      	movs	r0, #0
87802652:	f046 0180 	orr.w	r1, r6, #128	; 0x80
87802656:	f2c0 2001 	movt	r0, #513	; 0x201
8780265a:	f7ff ff01 	bl	87802460 <spich0_readwrite_byte>
8780265e:	b174      	cbz	r4, 8780267e <icm20608_read_len+0x46>
87802660:	3c01      	subs	r4, #1
87802662:	2600      	movs	r6, #0
87802664:	b2e3      	uxtb	r3, r4
87802666:	f2c0 2601 	movt	r6, #513	; 0x201
8780266a:	1e6c      	subs	r4, r5, #1
8780266c:	441d      	add	r5, r3
8780266e:	21ff      	movs	r1, #255	; 0xff
87802670:	4630      	mov	r0, r6
87802672:	f7ff fef5 	bl	87802460 <spich0_readwrite_byte>
87802676:	f804 0f01 	strb.w	r0, [r4, #1]!
8780267a:	42ac      	cmp	r4, r5
8780267c:	d1f7      	bne.n	8780266e <icm20608_read_len+0x36>
8780267e:	f44f 4040 	mov.w	r0, #49152	; 0xc000
87802682:	2201      	movs	r2, #1
87802684:	f2c0 2009 	movt	r0, #521	; 0x209
87802688:	2114      	movs	r1, #20
8780268a:	e8bd 4070 	ldmia.w	sp!, {r4, r5, r6, lr}
8780268e:	f7fd bfff 	b.w	87800690 <gpio_pinwrite>
87802692:	bf00      	nop

87802694 <icm20608_gyro_scaleget>:
87802694:	b508      	push	{r3, lr}
87802696:	201b      	movs	r0, #27
87802698:	f7ff ff12 	bl	878024c0 <icm20608_read_reg>
8780269c:	f3c0 00c1 	ubfx	r0, r0, #3, #2
878026a0:	2802      	cmp	r0, #2
878026a2:	d00a      	beq.n	878026ba <icm20608_gyro_scaleget+0x26>
878026a4:	2803      	cmp	r0, #3
878026a6:	d00b      	beq.n	878026c0 <icm20608_gyro_scaleget+0x2c>
878026a8:	eddf 7a07 	vldr	s15, [pc, #28]	; 878026c8 <icm20608_gyro_scaleget+0x34>
878026ac:	2801      	cmp	r0, #1
878026ae:	ed9f 0a07 	vldr	s0, [pc, #28]	; 878026cc <icm20608_gyro_scaleget+0x38>
878026b2:	bf18      	it	ne
878026b4:	eeb0 0a67 	vmovne.f32	s0, s15
878026b8:	bd08      	pop	{r3, pc}
878026ba:	ed9f 0a05 	vldr	s0, [pc, #20]	; 878026d0 <icm20608_gyro_scaleget+0x3c>
878026be:	bd08      	pop	{r3, pc}
878026c0:	ed9f 0a04 	vldr	s0, [pc, #16]	; 878026d4 <icm20608_gyro_scaleget+0x40>
878026c4:	bd08      	pop	{r3, pc}
878026c6:	bf00      	nop
878026c8:	43030000 	movwmi	r0, #12288	; 0x3000
878026cc:	42830000 	addmi	r0, r3, #0
878026d0:	42033333 	andmi	r3, r3, #-872415232	; 0xcc000000
878026d4:	41833333 	orrmi	r3, r3, r3, lsr r3

878026d8 <icm20608_accel_scaleget>:
878026d8:	b508      	push	{r3, lr}
878026da:	201c      	movs	r0, #28
878026dc:	f7ff fef0 	bl	878024c0 <icm20608_read_reg>
878026e0:	f3c0 00c1 	ubfx	r0, r0, #3, #2
878026e4:	2802      	cmp	r0, #2
878026e6:	bf08      	it	eq
878026e8:	f44f 5080 	moveq.w	r0, #4096	; 0x1000
878026ec:	d00a      	beq.n	87802704 <icm20608_accel_scaleget+0x2c>
878026ee:	2803      	cmp	r0, #3
878026f0:	bf08      	it	eq
878026f2:	f44f 6000 	moveq.w	r0, #2048	; 0x800
878026f6:	d005      	beq.n	87802704 <icm20608_accel_scaleget+0x2c>
878026f8:	2801      	cmp	r0, #1
878026fa:	bf0c      	ite	eq
878026fc:	f44f 5000 	moveq.w	r0, #8192	; 0x2000
87802700:	f44f 4080 	movne.w	r0, #16384	; 0x4000
87802704:	bd08      	pop	{r3, pc}
87802706:	bf00      	nop

87802708 <icm20608_getdata>:
87802708:	b5f0      	push	{r4, r5, r6, r7, lr}
8780270a:	220e      	movs	r2, #14
8780270c:	ed2d 8b02 	vpush	{d8}
87802710:	b085      	sub	sp, #20
87802712:	4669      	mov	r1, sp
87802714:	203b      	movs	r0, #59	; 0x3b
87802716:	f7ff ff8f 	bl	87802638 <icm20608_read_len>
8780271a:	f7ff ffbb 	bl	87802694 <icm20608_gyro_scaleget>
8780271e:	eeb0 8a40 	vmov.f32	s16, s0
87802722:	f7ff ffd9 	bl	878026d8 <icm20608_accel_scaleget>
87802726:	f89d 1006 	ldrb.w	r1, [sp, #6]
8780272a:	f24a 73e0 	movw	r3, #42976	; 0xa7e0
8780272e:	f89d 2007 	ldrb.w	r2, [sp, #7]
87802732:	f2c8 7380 	movt	r3, #34688	; 0x8780
87802736:	ee07 0a90 	vmov	s15, r0
8780273a:	eeb8 4ae7 	vcvt.f32.s32	s8, s15
8780273e:	f89d 4008 	ldrb.w	r4, [sp, #8]
87802742:	ea42 2201 	orr.w	r2, r2, r1, lsl #8
87802746:	f89d 6009 	ldrb.w	r6, [sp, #9]
8780274a:	eef3 6a09 	vmov.f32	s13, #57	; 0x41c80000  25.0
8780274e:	b212      	sxth	r2, r2
87802750:	f89d 100a 	ldrb.w	r1, [sp, #10]
87802754:	f89d 500b 	ldrb.w	r5, [sp, #11]
87802758:	f89d 000c 	ldrb.w	r0, [sp, #12]
8780275c:	ea46 2604 	orr.w	r6, r6, r4, lsl #8
87802760:	ee07 2a90 	vmov	s15, r2
87802764:	eeb8 7ae7 	vcvt.f32.s32	s14, s15
87802768:	b236      	sxth	r6, r6
8780276a:	f89d 400d 	ldrb.w	r4, [sp, #13]
8780276e:	ea45 2501 	orr.w	r5, r5, r1, lsl #8
87802772:	eddf 4b41 	vldr	d20, [pc, #260]	; 87802878 <icm20608_getdata+0x170>
87802776:	f89d 1000 	ldrb.w	r1, [sp]
8780277a:	b22d      	sxth	r5, r5
8780277c:	ee37 7a66 	vsub.f32	s14, s14, s13
87802780:	ea44 2400 	orr.w	r4, r4, r0, lsl #8
87802784:	f89d 0001 	ldrb.w	r0, [sp, #1]
87802788:	ee06 6a90 	vmov	s13, r6
8780278c:	b224      	sxth	r4, r4
8780278e:	619a      	str	r2, [r3, #24]
87802790:	eef7 1ac7 	vcvt.f64.f32	d17, s14
87802794:	f89d c002 	ldrb.w	ip, [sp, #2]
87802798:	ea40 2001 	orr.w	r0, r0, r1, lsl #8
8780279c:	f89d 2003 	ldrb.w	r2, [sp, #3]
878027a0:	ee07 5a10 	vmov	s14, r5
878027a4:	b200      	sxth	r0, r0
878027a6:	eec1 0ba4 	vdiv.f64	d16, d17, d20
878027aa:	f89d 7004 	ldrb.w	r7, [sp, #4]
878027ae:	f89d 1005 	ldrb.w	r1, [sp, #5]
878027b2:	ea42 220c 	orr.w	r2, r2, ip, lsl #8
878027b6:	eeb8 6ae6 	vcvt.f32.s32	s12, s13
878027ba:	eef8 6ac7 	vcvt.f32.s32	s13, s14
878027be:	b212      	sxth	r2, r2
878027c0:	ee07 4a10 	vmov	s14, r4
878027c4:	ea41 2107 	orr.w	r1, r1, r7, lsl #8
878027c8:	eef3 3b09 	vmov.f64	d19, #57	; 0x41c80000  25.0
878027cc:	eeb8 7ac7 	vcvt.f32.s32	s14, s14
878027d0:	b209      	sxth	r1, r1
878027d2:	ee86 5a88 	vdiv.f32	s10, s13, s16
878027d6:	ee06 0a90 	vmov	s13, r0
878027da:	eec6 4a08 	vdiv.f32	s9, s12, s16
878027de:	eec7 5a08 	vdiv.f32	s11, s14, s16
878027e2:	ee07 2a10 	vmov	s14, r2
878027e6:	ee06 1a10 	vmov	s12, r1
878027ea:	eef8 6ae6 	vcvt.f32.s32	s13, s13
878027ee:	eeb8 7ac7 	vcvt.f32.s32	s14, s14
878027f2:	eef8 3ac6 	vcvt.f32.s32	s7, s12
878027f6:	eddf 2b22 	vldr	d18, [pc, #136]	; 87802880 <icm20608_getdata+0x178>
878027fa:	ee86 6a84 	vdiv.f32	s12, s13, s8
878027fe:	eec7 6a04 	vdiv.f32	s13, s14, s8
87802802:	ee83 7a84 	vdiv.f32	s14, s7, s8
87802806:	eddf 7a20 	vldr	s15, [pc, #128]	; 87802888 <icm20608_getdata+0x180>
8780280a:	601e      	str	r6, [r3, #0]
8780280c:	e9c3 5401 	strd	r5, r4, [r3, #4]
87802810:	60d8      	str	r0, [r3, #12]
87802812:	ee70 0ba3 	vadd.f64	d16, d16, d19
87802816:	ee64 4aa7 	vmul.f32	s9, s9, s15
8780281a:	ee25 5a27 	vmul.f32	s10, s10, s15
8780281e:	ee65 5aa7 	vmul.f32	s11, s11, s15
87802822:	ee60 0ba2 	vmul.f64	d16, d16, d18
87802826:	eefd 4ae4 	vcvt.s32.f32	s9, s9
8780282a:	eebd 5ac5 	vcvt.s32.f32	s10, s10
8780282e:	eefd 5ae5 	vcvt.s32.f32	s11, s11
87802832:	ee26 6a27 	vmul.f32	s12, s12, s15
87802836:	ee66 6aa7 	vmul.f32	s13, s13, s15
8780283a:	ee67 7a27 	vmul.f32	s15, s14, s15
8780283e:	eebd 7be0 	vcvt.s32.f64	s14, d16
87802842:	eebd 6ac6 	vcvt.s32.f32	s12, s12
87802846:	eefd 6ae6 	vcvt.s32.f32	s13, s13
8780284a:	eefd 7ae7 	vcvt.s32.f32	s15, s15
8780284e:	611a      	str	r2, [r3, #16]
87802850:	edc3 4a07 	vstr	s9, [r3, #28]
87802854:	ed83 5a08 	vstr	s10, [r3, #32]
87802858:	edc3 5a09 	vstr	s11, [r3, #36]	; 0x24
8780285c:	ed83 6a0a 	vstr	s12, [r3, #40]	; 0x28
87802860:	edc3 6a0b 	vstr	s13, [r3, #44]	; 0x2c
87802864:	6159      	str	r1, [r3, #20]
87802866:	edc3 7a0c 	vstr	s15, [r3, #48]	; 0x30
8780286a:	ed83 7a0d 	vstr	s14, [r3, #52]	; 0x34
8780286e:	b005      	add	sp, #20
87802870:	ecbd 8b02 	vpop	{d8}
87802874:	bdf0      	pop	{r4, r5, r6, r7, pc}
87802876:	bf00      	nop
87802878:	cccccccd 	stclgt	12, cr12, [ip], {205}	; 0xcd
8780287c:	40746ccc 	rsbsmi	r6, r4, ip, asr #25
87802880:	00000000 	andeq	r0, r0, r0
87802884:	40590000 	subsmi	r0, r9, r0
87802888:	42c80000 	sbcmi	r0, r8, #0

8780288c <ft5426_write_byte>:
8780288c:	b530      	push	{r4, r5, lr}
8780288e:	b089      	sub	sp, #36	; 0x24
87802890:	f88d 0008 	strb.w	r0, [sp, #8]
87802894:	f44f 4080 	mov.w	r0, #16384	; 0x4000
87802898:	2301      	movs	r3, #1
8780289a:	2400      	movs	r4, #0
8780289c:	9104      	str	r1, [sp, #16]
8780289e:	f10d 0507 	add.w	r5, sp, #7
878028a2:	a902      	add	r1, sp, #8
878028a4:	f2c0 201a 	movt	r0, #538	; 0x21a
878028a8:	9506      	str	r5, [sp, #24]
878028aa:	f88d 2007 	strb.w	r2, [sp, #7]
878028ae:	9403      	str	r4, [sp, #12]
878028b0:	f88d 3014 	strb.w	r3, [sp, #20]
878028b4:	9307      	str	r3, [sp, #28]
878028b6:	f7ff fbff 	bl	878020b8 <i2c_master_transfer>
878028ba:	1b00      	subs	r0, r0, r4
878028bc:	bf18      	it	ne
878028be:	2001      	movne	r0, #1
878028c0:	b009      	add	sp, #36	; 0x24
878028c2:	bd30      	pop	{r4, r5, pc}

878028c4 <ft5426_init>:
878028c4:	e92d 47f0 	stmdb	sp!, {r4, r5, r6, r7, r8, r9, sl, lr}
878028c8:	f64a 053c 	movw	r5, #43068	; 0xa83c
878028cc:	f04f 08bc 	mov.w	r8, #188	; 0xbc
878028d0:	2400      	movs	r4, #0
878028d2:	f2c8 7580 	movt	r5, #34688	; 0x8780
878028d6:	f04f 0912 	mov.w	r9, #18
878028da:	f2c0 280e 	movt	r8, #526	; 0x20e
878028de:	f240 5aac 	movw	sl, #1452	; 0x5ac
878028e2:	26c0      	movs	r6, #192	; 0xc0
878028e4:	f44f 6eb6 	mov.w	lr, #1456	; 0x5b0
878028e8:	702c      	strb	r4, [r5, #0]
878028ea:	f2c0 2a0e 	movt	sl, #526	; 0x20e
878028ee:	80ac      	strh	r4, [r5, #4]
878028f0:	f2c0 260e 	movt	r6, #526	; 0x20e
878028f4:	81ec      	strh	r4, [r5, #14]
878028f6:	f2c0 2e0e 	movt	lr, #526	; 0x20e
878028fa:	80ec      	strh	r4, [r5, #6]
878028fc:	f44f 7352 	mov.w	r3, #840	; 0x348
87802900:	822c      	strh	r4, [r5, #16]
87802902:	f2c0 230e 	movt	r3, #526	; 0x20e
87802906:	812c      	strh	r4, [r5, #8]
87802908:	f44f 7c53 	mov.w	ip, #844	; 0x34c
8780290c:	826c      	strh	r4, [r5, #18]
8780290e:	2780      	movs	r7, #128	; 0x80
87802910:	816c      	strh	r4, [r5, #10]
87802912:	f2c0 2c0e 	movt	ip, #526	; 0x20e
87802916:	82ac      	strh	r4, [r5, #20]
87802918:	f2c0 270e 	movt	r7, #526	; 0x20e
8780291c:	81ac      	strh	r4, [r5, #12]
8780291e:	202c      	movs	r0, #44	; 0x2c
87802920:	82ec      	strh	r4, [r5, #22]
87802922:	f44f 7143 	mov.w	r1, #780	; 0x30c
87802926:	70ac      	strb	r4, [r5, #2]
87802928:	2270      	movs	r2, #112	; 0x70
8780292a:	f8c8 9000 	str.w	r9, [r8]
8780292e:	f04f 0802 	mov.w	r8, #2
87802932:	f8ca 8000 	str.w	r8, [sl]
87802936:	b08a      	sub	sp, #40	; 0x28
87802938:	f8c6 9000 	str.w	r9, [r6]
8780293c:	f44f 4640 	mov.w	r6, #49152	; 0xc000
87802940:	f8ce 8000 	str.w	r8, [lr]
87802944:	f247 0eb0 	movw	lr, #28848	; 0x70b0
87802948:	f8c3 e000 	str.w	lr, [r3]
8780294c:	2305      	movs	r3, #5
8780294e:	f8cc e000 	str.w	lr, [ip]
87802952:	f2c0 2029 	movt	r0, #553	; 0x229
87802956:	603b      	str	r3, [r7, #0]
87802958:	f24f 0c80 	movw	ip, #61568	; 0xf080
8780295c:	f2c0 210e 	movt	r1, #526	; 0x20e
87802960:	f2c0 2229 	movt	r2, #553	; 0x229
87802964:	f2c0 2609 	movt	r6, #521	; 0x209
87802968:	f241 07b0 	movw	r7, #4272	; 0x10b0
8780296c:	6003      	str	r3, [r0, #0]
8780296e:	4630      	mov	r0, r6
87802970:	f8c1 c000 	str.w	ip, [r1]
87802974:	2109      	movs	r1, #9
87802976:	6017      	str	r7, [r2, #0]
87802978:	aa01      	add	r2, sp, #4
8780297a:	9303      	str	r3, [sp, #12]
8780297c:	9401      	str	r4, [sp, #4]
8780297e:	f7fd fed9 	bl	87800734 <gpio_init>
87802982:	ee9f 3f10 	mrc	15, 4, r3, cr15, cr0, {0}
87802986:	0c1b      	lsrs	r3, r3, #16
87802988:	f241 120c 	movw	r2, #4364	; 0x110c
8780298c:	2004      	movs	r0, #4
8780298e:	041b      	lsls	r3, r3, #16
87802990:	f642 3195 	movw	r1, #11157	; 0x2b95
87802994:	f2c8 7180 	movt	r1, #34688	; 0x8780
87802998:	5098      	str	r0, [r3, r2]
8780299a:	f44f 4740 	mov.w	r7, #49152	; 0xc000
8780299e:	4622      	mov	r2, r4
878029a0:	2062      	movs	r0, #98	; 0x62
878029a2:	f7fd ff5b 	bl	8780085c <system_register_irqhandler>
878029a6:	f2c0 270a 	movt	r7, #522	; 0x20a
878029aa:	4630      	mov	r0, r6
878029ac:	2109      	movs	r1, #9
878029ae:	f44f 4980 	mov.w	r9, #16384	; 0x4000
878029b2:	f7fd fee3 	bl	8780077c <gpio_enableint>
878029b6:	2601      	movs	r6, #1
878029b8:	aa01      	add	r2, sp, #4
878029ba:	4638      	mov	r0, r7
878029bc:	2109      	movs	r1, #9
878029be:	f2c0 291a 	movt	r9, #538	; 0x21a
878029c2:	9403      	str	r4, [sp, #12]
878029c4:	9601      	str	r6, [sp, #4]
878029c6:	f88d 6008 	strb.w	r6, [sp, #8]
878029ca:	f7fd feb3 	bl	87800734 <gpio_init>
878029ce:	4648      	mov	r0, r9
878029d0:	f7ff fa72 	bl	87801eb8 <i2c_init>
878029d4:	4622      	mov	r2, r4
878029d6:	4638      	mov	r0, r7
878029d8:	2109      	movs	r1, #9
878029da:	f7fd fe59 	bl	87800690 <gpio_pinwrite>
878029de:	2014      	movs	r0, #20
878029e0:	f7fd fd90 	bl	87800504 <delay_ms>
878029e4:	4632      	mov	r2, r6
878029e6:	4638      	mov	r0, r7
878029e8:	2109      	movs	r1, #9
878029ea:	f7fd fe51 	bl	87800690 <gpio_pinwrite>
878029ee:	2014      	movs	r0, #20
878029f0:	f7fd fd88 	bl	87800504 <delay_ms>
878029f4:	4622      	mov	r2, r4
878029f6:	4621      	mov	r1, r4
878029f8:	2038      	movs	r0, #56	; 0x38
878029fa:	f7ff ff47 	bl	8780288c <ft5426_write_byte>
878029fe:	4632      	mov	r2, r6
87802a00:	21a4      	movs	r1, #164	; 0xa4
87802a02:	2038      	movs	r0, #56	; 0x38
87802a04:	f7ff ff42 	bl	8780288c <ft5426_write_byte>
87802a08:	2238      	movs	r2, #56	; 0x38
87802a0a:	23a1      	movs	r3, #161	; 0xa1
87802a0c:	a904      	add	r1, sp, #16
87802a0e:	4648      	mov	r0, r9
87802a10:	f8cd d020 	str.w	sp, [sp, #32]
87802a14:	f88d 2010 	strb.w	r2, [sp, #16]
87802a18:	9306      	str	r3, [sp, #24]
87802a1a:	9605      	str	r6, [sp, #20]
87802a1c:	f88d 601c 	strb.w	r6, [sp, #28]
87802a20:	f8cd 8024 	str.w	r8, [sp, #36]	; 0x24
87802a24:	f7ff fb48 	bl	878020b8 <i2c_master_transfer>
87802a28:	f89d 1000 	ldrb.w	r1, [sp]
87802a2c:	f649 0010 	movw	r0, #38928	; 0x9810
87802a30:	f89d 3001 	ldrb.w	r3, [sp, #1]
87802a34:	f2c8 7080 	movt	r0, #34688	; 0x8780
87802a38:	eb03 2101 	add.w	r1, r3, r1, lsl #8
87802a3c:	f000 fc2a 	bl	87803294 <printf>
87802a40:	802e      	strh	r6, [r5, #0]
87802a42:	b00a      	add	sp, #40	; 0x28
87802a44:	e8bd 87f0 	ldmia.w	sp!, {r4, r5, r6, r7, r8, r9, sl, pc}

87802a48 <ft5426_read_byte>:
87802a48:	b510      	push	{r4, lr}
87802a4a:	b088      	sub	sp, #32
87802a4c:	f88d 0008 	strb.w	r0, [sp, #8]
87802a50:	f44f 4080 	mov.w	r0, #16384	; 0x4000
87802a54:	2301      	movs	r3, #1
87802a56:	2200      	movs	r2, #0
87802a58:	9104      	str	r1, [sp, #16]
87802a5a:	f10d 0407 	add.w	r4, sp, #7
87802a5e:	a902      	add	r1, sp, #8
87802a60:	f2c0 201a 	movt	r0, #538	; 0x21a
87802a64:	9406      	str	r4, [sp, #24]
87802a66:	f88d 2007 	strb.w	r2, [sp, #7]
87802a6a:	9303      	str	r3, [sp, #12]
87802a6c:	f88d 3014 	strb.w	r3, [sp, #20]
87802a70:	9307      	str	r3, [sp, #28]
87802a72:	f7ff fb21 	bl	878020b8 <i2c_master_transfer>
87802a76:	f89d 0007 	ldrb.w	r0, [sp, #7]
87802a7a:	b008      	add	sp, #32
87802a7c:	bd10      	pop	{r4, pc}
87802a7e:	bf00      	nop

87802a80 <ft5426_read_len>:
87802a80:	b510      	push	{r4, lr}
87802a82:	b086      	sub	sp, #24
87802a84:	f88d 0000 	strb.w	r0, [sp]
87802a88:	f44f 4080 	mov.w	r0, #16384	; 0x4000
87802a8c:	2401      	movs	r4, #1
87802a8e:	f2c0 201a 	movt	r0, #538	; 0x21a
87802a92:	9102      	str	r1, [sp, #8]
87802a94:	4669      	mov	r1, sp
87802a96:	9304      	str	r3, [sp, #16]
87802a98:	9401      	str	r4, [sp, #4]
87802a9a:	9205      	str	r2, [sp, #20]
87802a9c:	f88d 400c 	strb.w	r4, [sp, #12]
87802aa0:	f7ff fb0a 	bl	878020b8 <i2c_master_transfer>
87802aa4:	b006      	add	sp, #24
87802aa6:	bd10      	pop	{r4, pc}

87802aa8 <ft5426_read_tpnum>:
87802aa8:	b530      	push	{r4, r5, lr}
87802aaa:	b089      	sub	sp, #36	; 0x24
87802aac:	f10d 0107 	add.w	r1, sp, #7
87802ab0:	f44f 4080 	mov.w	r0, #16384	; 0x4000
87802ab4:	2301      	movs	r3, #1
87802ab6:	2202      	movs	r2, #2
87802ab8:	9106      	str	r1, [sp, #24]
87802aba:	2500      	movs	r5, #0
87802abc:	2438      	movs	r4, #56	; 0x38
87802abe:	a902      	add	r1, sp, #8
87802ac0:	f2c0 201a 	movt	r0, #538	; 0x21a
87802ac4:	9303      	str	r3, [sp, #12]
87802ac6:	f88d 3014 	strb.w	r3, [sp, #20]
87802aca:	9307      	str	r3, [sp, #28]
87802acc:	9204      	str	r2, [sp, #16]
87802ace:	f88d 5007 	strb.w	r5, [sp, #7]
87802ad2:	f88d 4008 	strb.w	r4, [sp, #8]
87802ad6:	f7ff faef 	bl	878020b8 <i2c_master_transfer>
87802ada:	f89d 2007 	ldrb.w	r2, [sp, #7]
87802ade:	f64a 033c 	movw	r3, #43068	; 0xa83c
87802ae2:	f2c8 7380 	movt	r3, #34688	; 0x8780
87802ae6:	709a      	strb	r2, [r3, #2]
87802ae8:	b009      	add	sp, #36	; 0x24
87802aea:	bd30      	pop	{r4, r5, pc}

87802aec <ft5426_read_tpcoord>:
87802aec:	b5f0      	push	{r4, r5, r6, r7, lr}
87802aee:	b08f      	sub	sp, #60	; 0x3c
87802af0:	ac06      	add	r4, sp, #24
87802af2:	f44f 4080 	mov.w	r0, #16384	; 0x4000
87802af6:	2601      	movs	r6, #1
87802af8:	2200      	movs	r2, #0
87802afa:	2302      	movs	r3, #2
87802afc:	4621      	mov	r1, r4
87802afe:	2738      	movs	r7, #56	; 0x38
87802b00:	f2c0 201a 	movt	r0, #538	; 0x21a
87802b04:	f8cd d028 	str.w	sp, [sp, #40]	; 0x28
87802b08:	f64a 053c 	movw	r5, #43068	; 0xa83c
87802b0c:	f88d 2000 	strb.w	r2, [sp]
87802b10:	f2c8 7580 	movt	r5, #34688	; 0x8780
87802b14:	9607      	str	r6, [sp, #28]
87802b16:	f88d 6024 	strb.w	r6, [sp, #36]	; 0x24
87802b1a:	960b      	str	r6, [sp, #44]	; 0x2c
87802b1c:	9308      	str	r3, [sp, #32]
87802b1e:	f88d 7018 	strb.w	r7, [sp, #24]
87802b22:	f7ff fac9 	bl	878020b8 <i2c_master_transfer>
87802b26:	f89d c000 	ldrb.w	ip, [sp]
87802b2a:	f44f 4080 	mov.w	r0, #16384	; 0x4000
87802b2e:	2203      	movs	r2, #3
87802b30:	231e      	movs	r3, #30
87802b32:	4669      	mov	r1, sp
87802b34:	f2c0 201a 	movt	r0, #538	; 0x21a
87802b38:	9404      	str	r4, [sp, #16]
87802b3a:	9601      	str	r6, [sp, #4]
87802b3c:	f88d 600c 	strb.w	r6, [sp, #12]
87802b40:	f88d 7000 	strb.w	r7, [sp]
87802b44:	f885 c002 	strb.w	ip, [r5, #2]
87802b48:	9202      	str	r2, [sp, #8]
87802b4a:	9305      	str	r3, [sp, #20]
87802b4c:	f7ff fab4 	bl	878020b8 <i2c_master_transfer>
87802b50:	78ae      	ldrb	r6, [r5, #2]
87802b52:	b1ee      	cbz	r6, 87802b90 <ft5426_read_tpcoord+0xa4>
87802b54:	3e01      	subs	r6, #1
87802b56:	f10d 021e 	add.w	r2, sp, #30
87802b5a:	b2f3      	uxtb	r3, r6
87802b5c:	2606      	movs	r6, #6
87802b5e:	4621      	mov	r1, r4
87802b60:	fb16 2603 	smlabb	r6, r6, r3, r2
87802b64:	1d28      	adds	r0, r5, #4
87802b66:	788d      	ldrb	r5, [r1, #2]
87802b68:	3106      	adds	r1, #6
87802b6a:	f811 2c03 	ldrb.w	r2, [r1, #-3]
87802b6e:	f811 4c06 	ldrb.w	r4, [r1, #-6]
87802b72:	f811 3c05 	ldrb.w	r3, [r1, #-5]
87802b76:	428e      	cmp	r6, r1
87802b78:	ea42 2205 	orr.w	r2, r2, r5, lsl #8
87802b7c:	ea43 2304 	orr.w	r3, r3, r4, lsl #8
87802b80:	f3c2 020b 	ubfx	r2, r2, #0, #12
87802b84:	f820 2b02 	strh.w	r2, [r0], #2
87802b88:	f3c3 030b 	ubfx	r3, r3, #0, #12
87802b8c:	8103      	strh	r3, [r0, #8]
87802b8e:	d1ea      	bne.n	87802b66 <ft5426_read_tpcoord+0x7a>
87802b90:	b00f      	add	sp, #60	; 0x3c
87802b92:	bdf0      	pop	{r4, r5, r6, r7, pc}

87802b94 <gpio1_io9_irqhandler>:
87802b94:	b508      	push	{r3, lr}
87802b96:	f64a 033c 	movw	r3, #43068	; 0xa83c
87802b9a:	f2c8 7380 	movt	r3, #34688	; 0x8780
87802b9e:	781b      	ldrb	r3, [r3, #0]
87802ba0:	2b01      	cmp	r3, #1
87802ba2:	d008      	beq.n	87802bb6 <gpio1_io9_irqhandler+0x22>
87802ba4:	f44f 4040 	mov.w	r0, #49152	; 0xc000
87802ba8:	2109      	movs	r1, #9
87802baa:	f2c0 2009 	movt	r0, #521	; 0x209
87802bae:	e8bd 4008 	ldmia.w	sp!, {r3, lr}
87802bb2:	f7fd bdf3 	b.w	8780079c <gpio_clearintflags>
87802bb6:	f7ff ff99 	bl	87802aec <ft5426_read_tpcoord>
87802bba:	e7f3      	b.n	87802ba4 <gpio1_io9_irqhandler+0x10>

87802bbc <gt9147_write_byte>:
87802bbc:	b570      	push	{r4, r5, r6, lr}
87802bbe:	b088      	sub	sp, #32
87802bc0:	f88d 0008 	strb.w	r0, [sp, #8]
87802bc4:	f44f 4080 	mov.w	r0, #16384	; 0x4000
87802bc8:	2500      	movs	r5, #0
87802bca:	2301      	movs	r3, #1
87802bcc:	9104      	str	r1, [sp, #16]
87802bce:	f10d 0607 	add.w	r6, sp, #7
87802bd2:	2402      	movs	r4, #2
87802bd4:	a902      	add	r1, sp, #8
87802bd6:	f2c0 201a 	movt	r0, #538	; 0x21a
87802bda:	9606      	str	r6, [sp, #24]
87802bdc:	f88d 2007 	strb.w	r2, [sp, #7]
87802be0:	9503      	str	r5, [sp, #12]
87802be2:	f88d 4014 	strb.w	r4, [sp, #20]
87802be6:	9307      	str	r3, [sp, #28]
87802be8:	f7ff fa66 	bl	878020b8 <i2c_master_transfer>
87802bec:	1b40      	subs	r0, r0, r5
87802bee:	bf18      	it	ne
87802bf0:	2001      	movne	r0, #1
87802bf2:	b008      	add	sp, #32
87802bf4:	bd70      	pop	{r4, r5, r6, pc}
87802bf6:	bf00      	nop

87802bf8 <gt9147_init>:
87802bf8:	2370      	movs	r3, #112	; 0x70
87802bfa:	e92d 4ff0 	stmdb	sp!, {r4, r5, r6, r7, r8, r9, sl, fp, lr}
87802bfe:	f2c0 2329 	movt	r3, #553	; 0x229
87802c02:	b093      	sub	sp, #76	; 0x4c
87802c04:	f64a 0554 	movw	r5, #43092	; 0xa854
87802c08:	f04f 0bbc 	mov.w	fp, #188	; 0xbc
87802c0c:	f240 5eac 	movw	lr, #1452	; 0x5ac
87802c10:	f04f 0cc0 	mov.w	ip, #192	; 0xc0
87802c14:	f44f 69b6 	mov.w	r9, #1456	; 0x5b0
87802c18:	f44f 7052 	mov.w	r0, #840	; 0x348
87802c1c:	f44f 7253 	mov.w	r2, #844	; 0x34c
87802c20:	2400      	movs	r4, #0
87802c22:	9301      	str	r3, [sp, #4]
87802c24:	f2c8 7580 	movt	r5, #34688	; 0x8780
87802c28:	f04f 0a12 	mov.w	sl, #18
87802c2c:	2602      	movs	r6, #2
87802c2e:	f247 03b0 	movw	r3, #28848	; 0x70b0
87802c32:	f2c0 2e0e 	movt	lr, #526	; 0x20e
87802c36:	f2c0 2c0e 	movt	ip, #526	; 0x20e
87802c3a:	f2c0 290e 	movt	r9, #526	; 0x20e
87802c3e:	f2c0 200e 	movt	r0, #526	; 0x20e
87802c42:	f2c0 220e 	movt	r2, #526	; 0x20e
87802c46:	f2c0 2b0e 	movt	fp, #526	; 0x20e
87802c4a:	702c      	strb	r4, [r5, #0]
87802c4c:	80ac      	strh	r4, [r5, #4]
87802c4e:	f04f 0880 	mov.w	r8, #128	; 0x80
87802c52:	81ec      	strh	r4, [r5, #14]
87802c54:	212c      	movs	r1, #44	; 0x2c
87802c56:	80ec      	strh	r4, [r5, #6]
87802c58:	f44f 7743 	mov.w	r7, #780	; 0x30c
87802c5c:	822c      	strh	r4, [r5, #16]
87802c5e:	f2c0 280e 	movt	r8, #526	; 0x20e
87802c62:	812c      	strh	r4, [r5, #8]
87802c64:	f2c0 2129 	movt	r1, #553	; 0x229
87802c68:	826c      	strh	r4, [r5, #18]
87802c6a:	f2c0 270e 	movt	r7, #526	; 0x20e
87802c6e:	816c      	strh	r4, [r5, #10]
87802c70:	82ac      	strh	r4, [r5, #20]
87802c72:	81ac      	strh	r4, [r5, #12]
87802c74:	82ec      	strh	r4, [r5, #22]
87802c76:	70ac      	strb	r4, [r5, #2]
87802c78:	f8cb a000 	str.w	sl, [fp]
87802c7c:	f8ce 6000 	str.w	r6, [lr]
87802c80:	f04f 0e05 	mov.w	lr, #5
87802c84:	f8cc a000 	str.w	sl, [ip]
87802c88:	f241 0cb0 	movw	ip, #4272	; 0x10b0
87802c8c:	f8c9 6000 	str.w	r6, [r9]
87802c90:	f10d 0a10 	add.w	sl, sp, #16
87802c94:	6003      	str	r3, [r0, #0]
87802c96:	f44f 4040 	mov.w	r0, #49152	; 0xc000
87802c9a:	6013      	str	r3, [r2, #0]
87802c9c:	f2c0 2009 	movt	r0, #521	; 0x209
87802ca0:	9b01      	ldr	r3, [sp, #4]
87802ca2:	aa06      	add	r2, sp, #24
87802ca4:	f8c8 e000 	str.w	lr, [r8]
87802ca8:	f04f 0801 	mov.w	r8, #1
87802cac:	f8c1 e000 	str.w	lr, [r1]
87802cb0:	2109      	movs	r1, #9
87802cb2:	f8c7 c000 	str.w	ip, [r7]
87802cb6:	f04f 0914 	mov.w	r9, #20
87802cba:	f8c3 c000 	str.w	ip, [r3]
87802cbe:	9408      	str	r4, [sp, #32]
87802cc0:	f8cd 8018 	str.w	r8, [sp, #24]
87802cc4:	f88d 801c 	strb.w	r8, [sp, #28]
87802cc8:	f7fd fd34 	bl	87800734 <gpio_init>
87802ccc:	f44f 4040 	mov.w	r0, #49152	; 0xc000
87802cd0:	aa09      	add	r2, sp, #36	; 0x24
87802cd2:	2109      	movs	r1, #9
87802cd4:	f2c0 200a 	movt	r0, #522	; 0x20a
87802cd8:	f8cd 8024 	str.w	r8, [sp, #36]	; 0x24
87802cdc:	940b      	str	r4, [sp, #44]	; 0x2c
87802cde:	f88d 8028 	strb.w	r8, [sp, #40]	; 0x28
87802ce2:	f7fd fd27 	bl	87800734 <gpio_init>
87802ce6:	f44f 4080 	mov.w	r0, #16384	; 0x4000
87802cea:	f2c0 201a 	movt	r0, #538	; 0x21a
87802cee:	f7ff f8e3 	bl	87801eb8 <i2c_init>
87802cf2:	f44f 4040 	mov.w	r0, #49152	; 0xc000
87802cf6:	4622      	mov	r2, r4
87802cf8:	2109      	movs	r1, #9
87802cfa:	f2c0 200a 	movt	r0, #522	; 0x20a
87802cfe:	f7fd fcc7 	bl	87800690 <gpio_pinwrite>
87802d02:	200a      	movs	r0, #10
87802d04:	f7fd fbfe 	bl	87800504 <delay_ms>
87802d08:	f44f 4040 	mov.w	r0, #49152	; 0xc000
87802d0c:	4642      	mov	r2, r8
87802d0e:	2109      	movs	r1, #9
87802d10:	f2c0 200a 	movt	r0, #522	; 0x20a
87802d14:	f7fd fcbc 	bl	87800690 <gpio_pinwrite>
87802d18:	200a      	movs	r0, #10
87802d1a:	f7fd fbf3 	bl	87800504 <delay_ms>
87802d1e:	f44f 4040 	mov.w	r0, #49152	; 0xc000
87802d22:	4622      	mov	r2, r4
87802d24:	2109      	movs	r1, #9
87802d26:	f2c0 2009 	movt	r0, #521	; 0x209
87802d2a:	f7fd fcb1 	bl	87800690 <gpio_pinwrite>
87802d2e:	2064      	movs	r0, #100	; 0x64
87802d30:	f7fd fbe8 	bl	87800504 <delay_ms>
87802d34:	f44f 4080 	mov.w	r0, #16384	; 0x4000
87802d38:	f248 1240 	movw	r2, #33088	; 0x8140
87802d3c:	2306      	movs	r3, #6
87802d3e:	a90c      	add	r1, sp, #48	; 0x30
87802d40:	f2c0 201a 	movt	r0, #538	; 0x21a
87802d44:	920e      	str	r2, [sp, #56]	; 0x38
87802d46:	f8cd a040 	str.w	sl, [sp, #64]	; 0x40
87802d4a:	f8cd 8034 	str.w	r8, [sp, #52]	; 0x34
87802d4e:	9311      	str	r3, [sp, #68]	; 0x44
87802d50:	f88d 603c 	strb.w	r6, [sp, #60]	; 0x3c
87802d54:	f88d 9030 	strb.w	r9, [sp, #48]	; 0x30
87802d58:	f7ff f9ae 	bl	878020b8 <i2c_master_transfer>
87802d5c:	f89d 3014 	ldrb.w	r3, [sp, #20]
87802d60:	f649 003c 	movw	r0, #38972	; 0x983c
87802d64:	4651      	mov	r1, sl
87802d66:	f2c8 7080 	movt	r0, #34688	; 0x8780
87802d6a:	f88d 4014 	strb.w	r4, [sp, #20]
87802d6e:	f88d 3016 	strb.w	r3, [sp, #22]
87802d72:	f000 fa8f 	bl	87803294 <printf>
87802d76:	f8bd 1015 	ldrh.w	r1, [sp, #21]
87802d7a:	f649 0048 	movw	r0, #38984	; 0x9848
87802d7e:	f2c8 7080 	movt	r0, #34688	; 0x8780
87802d82:	ba49      	rev16	r1, r1
87802d84:	b289      	uxth	r1, r1
87802d86:	f000 fa85 	bl	87803294 <printf>
87802d8a:	2380      	movs	r3, #128	; 0x80
87802d8c:	f44f 4080 	mov.w	r0, #16384	; 0x4000
87802d90:	603b      	str	r3, [r7, #0]
87802d92:	a90c      	add	r1, sp, #48	; 0x30
87802d94:	f89d 3010 	ldrb.w	r3, [sp, #16]
87802d98:	f2c0 201a 	movt	r0, #538	; 0x21a
87802d9c:	9406      	str	r4, [sp, #24]
87802d9e:	f10d 020f 	add.w	r2, sp, #15
87802da2:	f88d 401c 	strb.w	r4, [sp, #28]
87802da6:	2b31      	cmp	r3, #49	; 0x31
87802da8:	f88d 400f 	strb.w	r4, [sp, #15]
87802dac:	f88d 9030 	strb.w	r9, [sp, #48]	; 0x30
87802db0:	f000 808b 	beq.w	87802eca <gt9147_init+0x2d2>
87802db4:	f248 034d 	movw	r3, #32845	; 0x804d
87802db8:	9210      	str	r2, [sp, #64]	; 0x40
87802dba:	930e      	str	r3, [sp, #56]	; 0x38
87802dbc:	f8cd 8034 	str.w	r8, [sp, #52]	; 0x34
87802dc0:	f88d 603c 	strb.w	r6, [sp, #60]	; 0x3c
87802dc4:	f8cd 8044 	str.w	r8, [sp, #68]	; 0x44
87802dc8:	f7ff f976 	bl	878020b8 <i2c_master_transfer>
87802dcc:	f89d 300f 	ldrb.w	r3, [sp, #15]
87802dd0:	f649 005c 	movw	r0, #39004	; 0x985c
87802dd4:	f2c8 7080 	movt	r0, #34688	; 0x8780
87802dd8:	f003 0303 	and.w	r3, r3, #3
87802ddc:	f88d 3010 	strb.w	r3, [sp, #16]
87802de0:	f000 fa58 	bl	87803294 <printf>
87802de4:	f89d 3010 	ldrb.w	r3, [sp, #16]
87802de8:	2b03      	cmp	r3, #3
87802dea:	f200 8081 	bhi.w	87802ef0 <gt9147_init+0x2f8>
87802dee:	e8df f003 	tbb	[pc, r3]
87802df2:	02262f38 	eoreq	r2, r6, #56, 30	; 0xe0
87802df6:	f649 00c0 	movw	r0, #39104	; 0x98c0
87802dfa:	f2c8 7080 	movt	r0, #34688	; 0x8780
87802dfe:	f000 fa49 	bl	87803294 <printf>
87802e02:	2302      	movs	r3, #2
87802e04:	9308      	str	r3, [sp, #32]
87802e06:	f44f 4040 	mov.w	r0, #49152	; 0xc000
87802e0a:	aa06      	add	r2, sp, #24
87802e0c:	f2c0 2009 	movt	r0, #521	; 0x209
87802e10:	2109      	movs	r1, #9
87802e12:	f7fd fc8f 	bl	87800734 <gpio_init>
87802e16:	2202      	movs	r2, #2
87802e18:	f248 0140 	movw	r1, #32832	; 0x8040
87802e1c:	2014      	movs	r0, #20
87802e1e:	f7ff fecd 	bl	87802bbc <gt9147_write_byte>
87802e22:	4604      	mov	r4, r0
87802e24:	b330      	cbz	r0, 87802e74 <gt9147_init+0x27c>
87802e26:	f649 73dc 	movw	r3, #40924	; 0x9fdc
87802e2a:	2201      	movs	r2, #1
87802e2c:	f2c8 7380 	movt	r3, #34688	; 0x8780
87802e30:	200a      	movs	r0, #10
87802e32:	601a      	str	r2, [r3, #0]
87802e34:	f7fd fb66 	bl	87800504 <delay_ms>
87802e38:	b013      	add	sp, #76	; 0x4c
87802e3a:	e8bd 8ff0 	ldmia.w	sp!, {r4, r5, r6, r7, r8, r9, sl, fp, pc}
87802e3e:	f649 00a4 	movw	r0, #39076	; 0x98a4
87802e42:	f2c8 7080 	movt	r0, #34688	; 0x8780
87802e46:	f000 fa25 	bl	87803294 <printf>
87802e4a:	2301      	movs	r3, #1
87802e4c:	9308      	str	r3, [sp, #32]
87802e4e:	e7da      	b.n	87802e06 <gt9147_init+0x20e>
87802e50:	f649 0084 	movw	r0, #39044	; 0x9884
87802e54:	f2c8 7080 	movt	r0, #34688	; 0x8780
87802e58:	f000 fa1c 	bl	87803294 <printf>
87802e5c:	2304      	movs	r3, #4
87802e5e:	9308      	str	r3, [sp, #32]
87802e60:	e7d1      	b.n	87802e06 <gt9147_init+0x20e>
87802e62:	f649 0064 	movw	r0, #39012	; 0x9864
87802e66:	f2c8 7080 	movt	r0, #34688	; 0x8780
87802e6a:	f000 fa13 	bl	87803294 <printf>
87802e6e:	2303      	movs	r3, #3
87802e70:	9308      	str	r3, [sp, #32]
87802e72:	e7c8      	b.n	87802e06 <gt9147_init+0x20e>
87802e74:	200a      	movs	r0, #10
87802e76:	f7fd fb45 	bl	87800504 <delay_ms>
87802e7a:	4622      	mov	r2, r4
87802e7c:	f248 0140 	movw	r1, #32832	; 0x8040
87802e80:	2014      	movs	r0, #20
87802e82:	f7ff fe9b 	bl	87802bbc <gt9147_write_byte>
87802e86:	ee9f 3f10 	mrc	15, 4, r3, cr15, cr0, {0}
87802e8a:	0c1b      	lsrs	r3, r3, #16
87802e8c:	f241 100c 	movw	r0, #4364	; 0x110c
87802e90:	2604      	movs	r6, #4
87802e92:	041b      	lsls	r3, r3, #16
87802e94:	f243 01dd 	movw	r1, #12509	; 0x30dd
87802e98:	4622      	mov	r2, r4
87802e9a:	501e      	str	r6, [r3, r0]
87802e9c:	f2c8 7180 	movt	r1, #34688	; 0x8780
87802ea0:	2062      	movs	r0, #98	; 0x62
87802ea2:	f7fd fcdb 	bl	8780085c <system_register_irqhandler>
87802ea6:	f44f 4040 	mov.w	r0, #49152	; 0xc000
87802eaa:	2109      	movs	r1, #9
87802eac:	f2c0 2009 	movt	r0, #521	; 0x209
87802eb0:	f7fd fc64 	bl	8780077c <gpio_enableint>
87802eb4:	2064      	movs	r0, #100	; 0x64
87802eb6:	f7fd fb25 	bl	87800504 <delay_ms>
87802eba:	2301      	movs	r3, #1
87802ebc:	200a      	movs	r0, #10
87802ebe:	802b      	strh	r3, [r5, #0]
87802ec0:	f7fd fb20 	bl	87800504 <delay_ms>
87802ec4:	b013      	add	sp, #76	; 0x4c
87802ec6:	e8bd 8ff0 	ldmia.w	sp!, {r4, r5, r6, r7, r8, r9, sl, fp, pc}
87802eca:	f248 0356 	movw	r3, #32854	; 0x8056
87802ece:	9210      	str	r2, [sp, #64]	; 0x40
87802ed0:	930e      	str	r3, [sp, #56]	; 0x38
87802ed2:	f8cd 8034 	str.w	r8, [sp, #52]	; 0x34
87802ed6:	f88d 603c 	strb.w	r6, [sp, #60]	; 0x3c
87802eda:	f8cd 8044 	str.w	r8, [sp, #68]	; 0x44
87802ede:	f7ff f8eb 	bl	878020b8 <i2c_master_transfer>
87802ee2:	f89d 300f 	ldrb.w	r3, [sp, #15]
87802ee6:	f003 0303 	and.w	r3, r3, #3
87802eea:	f88d 3010 	strb.w	r3, [sp, #16]
87802eee:	e77b      	b.n	87802de8 <gt9147_init+0x1f0>
87802ef0:	f649 00e0 	movw	r0, #39136	; 0x98e0
87802ef4:	f2c8 7080 	movt	r0, #34688	; 0x8780
87802ef8:	f000 f9cc 	bl	87803294 <printf>
87802efc:	2305      	movs	r3, #5
87802efe:	9308      	str	r3, [sp, #32]
87802f00:	e781      	b.n	87802e06 <gt9147_init+0x20e>
87802f02:	bf00      	nop

87802f04 <gt9147_read_byte>:
87802f04:	b530      	push	{r4, r5, lr}
87802f06:	b089      	sub	sp, #36	; 0x24
87802f08:	f88d 0008 	strb.w	r0, [sp, #8]
87802f0c:	f44f 4080 	mov.w	r0, #16384	; 0x4000
87802f10:	2301      	movs	r3, #1
87802f12:	2202      	movs	r2, #2
87802f14:	9104      	str	r1, [sp, #16]
87802f16:	f10d 0507 	add.w	r5, sp, #7
87802f1a:	2400      	movs	r4, #0
87802f1c:	a902      	add	r1, sp, #8
87802f1e:	f2c0 201a 	movt	r0, #538	; 0x21a
87802f22:	9506      	str	r5, [sp, #24]
87802f24:	f88d 4007 	strb.w	r4, [sp, #7]
87802f28:	9303      	str	r3, [sp, #12]
87802f2a:	9307      	str	r3, [sp, #28]
87802f2c:	f88d 2014 	strb.w	r2, [sp, #20]
87802f30:	f7ff f8c2 	bl	878020b8 <i2c_master_transfer>
87802f34:	f89d 0007 	ldrb.w	r0, [sp, #7]
87802f38:	b009      	add	sp, #36	; 0x24
87802f3a:	bd30      	pop	{r4, r5, pc}

87802f3c <gt9147_read_len>:
87802f3c:	b530      	push	{r4, r5, lr}
87802f3e:	b087      	sub	sp, #28
87802f40:	f88d 0000 	strb.w	r0, [sp]
87802f44:	f44f 4080 	mov.w	r0, #16384	; 0x4000
87802f48:	2501      	movs	r5, #1
87802f4a:	2402      	movs	r4, #2
87802f4c:	9102      	str	r1, [sp, #8]
87802f4e:	f2c0 201a 	movt	r0, #538	; 0x21a
87802f52:	4669      	mov	r1, sp
87802f54:	9304      	str	r3, [sp, #16]
87802f56:	9501      	str	r5, [sp, #4]
87802f58:	9205      	str	r2, [sp, #20]
87802f5a:	f88d 400c 	strb.w	r4, [sp, #12]
87802f5e:	f7ff f8ab 	bl	878020b8 <i2c_master_transfer>
87802f62:	b007      	add	sp, #28
87802f64:	bd30      	pop	{r4, r5, pc}
87802f66:	bf00      	nop

87802f68 <gt9147_write_len>:
87802f68:	b530      	push	{r4, r5, lr}
87802f6a:	b087      	sub	sp, #28
87802f6c:	f88d 0000 	strb.w	r0, [sp]
87802f70:	f44f 4080 	mov.w	r0, #16384	; 0x4000
87802f74:	2500      	movs	r5, #0
87802f76:	2402      	movs	r4, #2
87802f78:	9102      	str	r1, [sp, #8]
87802f7a:	f2c0 201a 	movt	r0, #538	; 0x21a
87802f7e:	4669      	mov	r1, sp
87802f80:	9304      	str	r3, [sp, #16]
87802f82:	9501      	str	r5, [sp, #4]
87802f84:	9205      	str	r2, [sp, #20]
87802f86:	f88d 400c 	strb.w	r4, [sp, #12]
87802f8a:	f7ff f895 	bl	878020b8 <i2c_master_transfer>
87802f8e:	b007      	add	sp, #28
87802f90:	bd30      	pop	{r4, r5, pc}
87802f92:	bf00      	nop

87802f94 <gt9147_send_cfg>:
87802f94:	4a1e      	ldr	r2, [pc, #120]	; (87803010 <gt9147_send_cfg+0x7c>)
87802f96:	2300      	movs	r3, #0
87802f98:	b5f0      	push	{r4, r5, r6, r7, lr}
87802f9a:	b089      	sub	sp, #36	; 0x24
87802f9c:	f88d 0005 	strb.w	r0, [sp, #5]
87802fa0:	f102 00b8 	add.w	r0, r2, #184	; 0xb8
87802fa4:	f812 1f01 	ldrb.w	r1, [r2, #1]!
87802fa8:	4290      	cmp	r0, r2
87802faa:	440b      	add	r3, r1
87802fac:	b2db      	uxtb	r3, r3
87802fae:	d1f9      	bne.n	87802fa4 <gt9147_send_cfg+0x10>
87802fb0:	425b      	negs	r3, r3
87802fb2:	f649 121c 	movw	r2, #39196	; 0x991c
87802fb6:	f44f 4080 	mov.w	r0, #16384	; 0x4000
87802fba:	2402      	movs	r4, #2
87802fbc:	f2c8 7280 	movt	r2, #34688	; 0x8780
87802fc0:	a902      	add	r1, sp, #8
87802fc2:	2614      	movs	r6, #20
87802fc4:	2500      	movs	r5, #0
87802fc6:	f88d 3004 	strb.w	r3, [sp, #4]
87802fca:	f248 0747 	movw	r7, #32839	; 0x8047
87802fce:	23b8      	movs	r3, #184	; 0xb8
87802fd0:	f2c0 201a 	movt	r0, #538	; 0x21a
87802fd4:	9206      	str	r2, [sp, #24]
87802fd6:	f88d 6008 	strb.w	r6, [sp, #8]
87802fda:	9307      	str	r3, [sp, #28]
87802fdc:	e9cd 5703 	strd	r5, r7, [sp, #12]
87802fe0:	f88d 4014 	strb.w	r4, [sp, #20]
87802fe4:	f7ff f868 	bl	878020b8 <i2c_master_transfer>
87802fe8:	f44f 4080 	mov.w	r0, #16384	; 0x4000
87802fec:	aa01      	add	r2, sp, #4
87802fee:	f248 03ff 	movw	r3, #33023	; 0x80ff
87802ff2:	a902      	add	r1, sp, #8
87802ff4:	f2c0 201a 	movt	r0, #538	; 0x21a
87802ff8:	9206      	str	r2, [sp, #24]
87802ffa:	f88d 6008 	strb.w	r6, [sp, #8]
87802ffe:	9503      	str	r5, [sp, #12]
87803000:	f88d 4014 	strb.w	r4, [sp, #20]
87803004:	9304      	str	r3, [sp, #16]
87803006:	9407      	str	r4, [sp, #28]
87803008:	f7ff f856 	bl	878020b8 <i2c_master_transfer>
8780300c:	b009      	add	sp, #36	; 0x24
8780300e:	bdf0      	pop	{r4, r5, r6, r7, pc}
87803010:	8780991b 	usada8hi	r0, fp, r9, r9

87803014 <gt9147_read_tpcoord>:
87803014:	e92d 47f0 	stmdb	sp!, {r4, r5, r6, r7, r8, r9, sl, lr}
87803018:	f44f 4080 	mov.w	r0, #16384	; 0x4000
8780301c:	b088      	sub	sp, #32
8780301e:	2301      	movs	r3, #1
87803020:	2202      	movs	r2, #2
87803022:	a902      	add	r1, sp, #8
87803024:	2400      	movs	r4, #0
87803026:	2514      	movs	r5, #20
87803028:	f248 184e 	movw	r8, #33102	; 0x814e
8780302c:	ae01      	add	r6, sp, #4
8780302e:	f2c0 201a 	movt	r0, #538	; 0x21a
87803032:	9606      	str	r6, [sp, #24]
87803034:	9303      	str	r3, [sp, #12]
87803036:	f64a 0954 	movw	r9, #43092	; 0xa854
8780303a:	9307      	str	r3, [sp, #28]
8780303c:	f2c8 7980 	movt	r9, #34688	; 0x8780
87803040:	f88d 2014 	strb.w	r2, [sp, #20]
87803044:	f88d 4004 	strb.w	r4, [sp, #4]
87803048:	f88d 5008 	strb.w	r5, [sp, #8]
8780304c:	f8cd 8010 	str.w	r8, [sp, #16]
87803050:	f7ff f832 	bl	878020b8 <i2c_master_transfer>
87803054:	f89d 7004 	ldrb.w	r7, [sp, #4]
87803058:	4641      	mov	r1, r8
8780305a:	4622      	mov	r2, r4
8780305c:	4628      	mov	r0, r5
8780305e:	f7ff fdad 	bl	87802bbc <gt9147_write_byte>
87803062:	f007 070f 	and.w	r7, r7, #15
87803066:	f889 7002 	strb.w	r7, [r9, #2]
8780306a:	b3a7      	cbz	r7, 878030d6 <gt9147_read_tpcoord+0xc2>
8780306c:	f44f 4780 	mov.w	r7, #16384	; 0x4000
87803070:	f649 0830 	movw	r8, #38960	; 0x9830
87803074:	f2c0 271a 	movt	r7, #538	; 0x21a
87803078:	f2c8 7880 	movt	r8, #34688	; 0x8780
8780307c:	f248 1e50 	movw	lr, #33104	; 0x8150
87803080:	e001      	b.n	87803086 <gt9147_read_tpcoord+0x72>
87803082:	f838 e014 	ldrh.w	lr, [r8, r4, lsl #1]
87803086:	f04f 0c01 	mov.w	ip, #1
8780308a:	2202      	movs	r2, #2
8780308c:	2304      	movs	r3, #4
8780308e:	a902      	add	r1, sp, #8
87803090:	4638      	mov	r0, r7
87803092:	e9cd ce03 	strd	ip, lr, [sp, #12]
87803096:	9606      	str	r6, [sp, #24]
87803098:	f88d 2014 	strb.w	r2, [sp, #20]
8780309c:	9307      	str	r3, [sp, #28]
8780309e:	f88d 5008 	strb.w	r5, [sp, #8]
878030a2:	f7ff f809 	bl	878020b8 <i2c_master_transfer>
878030a6:	1c61      	adds	r1, r4, #1
878030a8:	f89d a005 	ldrb.w	sl, [sp, #5]
878030ac:	f89d 2004 	ldrb.w	r2, [sp, #4]
878030b0:	eb09 0c44 	add.w	ip, r9, r4, lsl #1
878030b4:	f89d e007 	ldrb.w	lr, [sp, #7]
878030b8:	b2cc      	uxtb	r4, r1
878030ba:	f89d 3006 	ldrb.w	r3, [sp, #6]
878030be:	f899 1002 	ldrb.w	r1, [r9, #2]
878030c2:	eb02 220a 	add.w	r2, r2, sl, lsl #8
878030c6:	eb03 230e 	add.w	r3, r3, lr, lsl #8
878030ca:	42a1      	cmp	r1, r4
878030cc:	f8ac 2004 	strh.w	r2, [ip, #4]
878030d0:	f8ac 300e 	strh.w	r3, [ip, #14]
878030d4:	d8d5      	bhi.n	87803082 <gt9147_read_tpcoord+0x6e>
878030d6:	b008      	add	sp, #32
878030d8:	e8bd 87f0 	ldmia.w	sp!, {r4, r5, r6, r7, r8, r9, sl, pc}

878030dc <gt9147_irqhandler>:
878030dc:	b508      	push	{r3, lr}
878030de:	f64a 0354 	movw	r3, #43092	; 0xa854
878030e2:	f2c8 7380 	movt	r3, #34688	; 0x8780
878030e6:	781a      	ldrb	r2, [r3, #0]
878030e8:	2a01      	cmp	r2, #1
878030ea:	d008      	beq.n	878030fe <gt9147_irqhandler+0x22>
878030ec:	f44f 4040 	mov.w	r0, #49152	; 0xc000
878030f0:	2109      	movs	r1, #9
878030f2:	f2c0 2009 	movt	r0, #521	; 0x209
878030f6:	e8bd 4008 	ldmia.w	sp!, {r3, lr}
878030fa:	f7fd bb4f 	b.w	8780079c <gpio_clearintflags>
878030fe:	705a      	strb	r2, [r3, #1]
87803100:	f7ff ff88 	bl	87803014 <gt9147_read_tpcoord>
87803104:	e7f2      	b.n	878030ec <gt9147_irqhandler+0x10>
87803106:	bf00      	nop

87803108 <pwm1_irqhandler>:
87803108:	f04f 7302 	mov.w	r3, #34078720	; 0x2080000
8780310c:	685a      	ldr	r2, [r3, #4]
8780310e:	0712      	lsls	r2, r2, #28
87803110:	d51b      	bpl.n	8780314a <pwm1_irqhandler+0x42>
87803112:	6919      	ldr	r1, [r3, #16]
87803114:	f64a 026c 	movw	r2, #43116	; 0xa86c
87803118:	f2c8 7280 	movt	r2, #34688	; 0x8780
8780311c:	eddf 6a0b 	vldr	s13, [pc, #44]	; 8780314c <pwm1_irqhandler+0x44>
87803120:	7812      	ldrb	r2, [r2, #0]
87803122:	3102      	adds	r1, #2
87803124:	b289      	uxth	r1, r1
87803126:	fb02 f201 	mul.w	r2, r2, r1
8780312a:	ee07 2a90 	vmov	s15, r2
8780312e:	eeb8 7ae7 	vcvt.f32.s32	s14, s15
87803132:	eec7 7a26 	vdiv.f32	s15, s14, s13
87803136:	eefc 7ae7 	vcvt.u32.f32	s15, s15
8780313a:	ee17 2a90 	vmov	r2, s15
8780313e:	b292      	uxth	r2, r2
87803140:	60da      	str	r2, [r3, #12]
87803142:	685a      	ldr	r2, [r3, #4]
87803144:	f042 0208 	orr.w	r2, r2, #8
87803148:	605a      	str	r2, [r3, #4]
8780314a:	4770      	bx	lr
8780314c:	42c80000 	sbcmi	r0, r8, #0

87803150 <backlight_init>:
87803150:	227c      	movs	r2, #124	; 0x7c
87803152:	f44f 7042 	mov.w	r0, #776	; 0x308
87803156:	b570      	push	{r4, r5, r6, lr}
87803158:	f04f 7302 	mov.w	r3, #34078720	; 0x2080000
8780315c:	2100      	movs	r1, #0
8780315e:	f2c0 220e 	movt	r2, #526	; 0x20e
87803162:	f2c0 200e 	movt	r0, #526	; 0x20e
87803166:	f24b 0490 	movw	r4, #45200	; 0xb090
8780316a:	6011      	str	r1, [r2, #0]
8780316c:	f44f 6282 	mov.w	r2, #1040	; 0x410
87803170:	6004      	str	r4, [r0, #0]
87803172:	2632      	movs	r6, #50	; 0x32
87803174:	6019      	str	r1, [r3, #0]
87803176:	f2c0 4201 	movt	r2, #1025	; 0x401
8780317a:	681c      	ldr	r4, [r3, #0]
8780317c:	f64a 006c 	movw	r0, #43116	; 0xa86c
87803180:	eddf 6a1e 	vldr	s13, [pc, #120]	; 878031fc <backlight_init+0xac>
87803184:	461d      	mov	r5, r3
87803186:	4631      	mov	r1, r6
87803188:	f2c8 7080 	movt	r0, #34688	; 0x8780
8780318c:	4322      	orrs	r2, r4
8780318e:	2404      	movs	r4, #4
87803190:	601a      	str	r2, [r3, #0]
87803192:	f240 32e6 	movw	r2, #998	; 0x3e6
87803196:	611a      	str	r2, [r3, #16]
87803198:	7006      	strb	r6, [r0, #0]
8780319a:	692b      	ldr	r3, [r5, #16]
8780319c:	1e62      	subs	r2, r4, #1
8780319e:	f012 04ff 	ands.w	r4, r2, #255	; 0xff
878031a2:	f103 0302 	add.w	r3, r3, #2
878031a6:	b29b      	uxth	r3, r3
878031a8:	fb01 f303 	mul.w	r3, r1, r3
878031ac:	ee07 3a90 	vmov	s15, r3
878031b0:	eef8 7ae7 	vcvt.f32.s32	s15, s15
878031b4:	ee87 7aa6 	vdiv.f32	s14, s15, s13
878031b8:	eefc 7ac7 	vcvt.u32.f32	s15, s14
878031bc:	ee17 3a90 	vmov	r3, s15
878031c0:	b29b      	uxth	r3, r3
878031c2:	60eb      	str	r3, [r5, #12]
878031c4:	d1e9      	bne.n	8780319a <backlight_init+0x4a>
878031c6:	68ab      	ldr	r3, [r5, #8]
878031c8:	f243 1109 	movw	r1, #12553	; 0x3109
878031cc:	f2c8 7180 	movt	r1, #34688	; 0x8780
878031d0:	4622      	mov	r2, r4
878031d2:	2073      	movs	r0, #115	; 0x73
878031d4:	f043 0301 	orr.w	r3, r3, #1
878031d8:	60ab      	str	r3, [r5, #8]
878031da:	f7fd fb3f 	bl	8780085c <system_register_irqhandler>
878031de:	ee9f 3f10 	mrc	15, 4, r3, cr15, cr0, {0}
878031e2:	0c1b      	lsrs	r3, r3, #16
878031e4:	f241 120c 	movw	r2, #4364	; 0x110c
878031e8:	f44f 2100 	mov.w	r1, #524288	; 0x80000
878031ec:	041b      	lsls	r3, r3, #16
878031ee:	5099      	str	r1, [r3, r2]
878031f0:	606c      	str	r4, [r5, #4]
878031f2:	682b      	ldr	r3, [r5, #0]
878031f4:	f043 0301 	orr.w	r3, r3, #1
878031f8:	602b      	str	r3, [r5, #0]
878031fa:	bd70      	pop	{r4, r5, r6, pc}
878031fc:	42c80000 	sbcmi	r0, r8, #0

87803200 <pwm1_setperiod_value>:
87803200:	2801      	cmp	r0, #1
87803202:	f04f 7302 	mov.w	r3, #34078720	; 0x2080000
87803206:	bf8a      	itet	hi
87803208:	3802      	subhi	r0, #2
8780320a:	2002      	movls	r0, #2
8780320c:	b280      	uxthhi	r0, r0
8780320e:	6118      	str	r0, [r3, #16]
87803210:	4770      	bx	lr
87803212:	bf00      	nop

87803214 <pwm1_setduty>:
87803214:	f64a 036c 	movw	r3, #43116	; 0xa86c
87803218:	f04f 7202 	mov.w	r2, #34078720	; 0x2080000
8780321c:	f2c8 7380 	movt	r3, #34688	; 0x8780
87803220:	eddf 6a0a 	vldr	s13, [pc, #40]	; 8780324c <pwm1_setduty+0x38>
87803224:	7018      	strb	r0, [r3, #0]
87803226:	6913      	ldr	r3, [r2, #16]
87803228:	3302      	adds	r3, #2
8780322a:	b29b      	uxth	r3, r3
8780322c:	fb00 f003 	mul.w	r0, r0, r3
87803230:	ee07 0a90 	vmov	s15, r0
87803234:	eef8 7ae7 	vcvt.f32.s32	s15, s15
87803238:	ee87 7aa6 	vdiv.f32	s14, s15, s13
8780323c:	eefc 7ac7 	vcvt.u32.f32	s15, s14
87803240:	ee17 3a90 	vmov	r3, s15
87803244:	b29b      	uxth	r3, r3
87803246:	60d3      	str	r3, [r2, #12]
87803248:	4770      	bx	lr
8780324a:	bf00      	nop
8780324c:	42c80000 	sbcmi	r0, r8, #0

87803250 <__muldi3>:
87803250:	b4f0      	push	{r4, r5, r6, r7}
87803252:	4604      	mov	r4, r0
87803254:	ea4f 4610 	mov.w	r6, r0, lsr #16
87803258:	ea4f 4512 	mov.w	r5, r2, lsr #16
8780325c:	ea20 4706 	bic.w	r7, r0, r6, lsl #16
87803260:	ea22 4c05 	bic.w	ip, r2, r5, lsl #16
87803264:	fb07 f00c 	mul.w	r0, r7, ip
87803268:	fb06 fc0c 	mul.w	ip, r6, ip
8780326c:	fb05 f707 	mul.w	r7, r5, r7
87803270:	fb06 f505 	mul.w	r5, r6, r5
87803274:	eb1c 0707 	adds.w	r7, ip, r7
87803278:	bf28      	it	cs
8780327a:	f505 3580 	addcs.w	r5, r5, #65536	; 0x10000
8780327e:	eb10 4007 	adds.w	r0, r0, r7, lsl #16
87803282:	eb45 4517 	adc.w	r5, r5, r7, lsr #16
87803286:	fb03 5304 	mla	r3, r3, r4, r5
8780328a:	bcf0      	pop	{r4, r5, r6, r7}
8780328c:	fb02 3101 	mla	r1, r2, r1, r3
87803290:	4770      	bx	lr
87803292:	bf00      	nop

87803294 <printf>:
87803294:	b40f      	push	{r0, r1, r2, r3}
87803296:	f649 70e0 	movw	r0, #40928	; 0x9fe0
8780329a:	b5f8      	push	{r3, r4, r5, r6, r7, lr}
8780329c:	f2c8 7080 	movt	r0, #34688	; 0x8780
878032a0:	4605      	mov	r5, r0
878032a2:	aa07      	add	r2, sp, #28
878032a4:	462e      	mov	r6, r5
878032a6:	2400      	movs	r4, #0
878032a8:	9906      	ldr	r1, [sp, #24]
878032aa:	f001 f937 	bl	8780451c <vsprintf>
878032ae:	4607      	mov	r7, r0
878032b0:	e003      	b.n	878032ba <printf+0x26>
878032b2:	f815 0b01 	ldrb.w	r0, [r5], #1
878032b6:	f7fd fdbf 	bl	87800e38 <putc>
878032ba:	4630      	mov	r0, r6
878032bc:	f000 f94c 	bl	87803558 <strlen>
878032c0:	42a0      	cmp	r0, r4
878032c2:	f104 0401 	add.w	r4, r4, #1
878032c6:	d8f4      	bhi.n	878032b2 <printf+0x1e>
878032c8:	4638      	mov	r0, r7
878032ca:	e8bd 40f8 	ldmia.w	sp!, {r3, r4, r5, r6, r7, lr}
878032ce:	b004      	add	sp, #16
878032d0:	4770      	bx	lr
878032d2:	bf00      	nop

878032d4 <scanf>:
878032d4:	b40f      	push	{r0, r1, r2, r3}
878032d6:	b570      	push	{r4, r5, r6, lr}
878032d8:	2500      	movs	r5, #0
878032da:	4e10      	ldr	r6, [pc, #64]	; (8780331c <scanf+0x48>)
878032dc:	e002      	b.n	878032e4 <scanf+0x10>
878032de:	3501      	adds	r5, #1
878032e0:	f806 4b01 	strb.w	r4, [r6], #1
878032e4:	f7fd fdc2 	bl	87800e6c <getc>
878032e8:	4604      	mov	r4, r0
878032ea:	f7fd fda5 	bl	87800e38 <putc>
878032ee:	2c0a      	cmp	r4, #10
878032f0:	bf18      	it	ne
878032f2:	2c0d      	cmpne	r4, #13
878032f4:	d1f3      	bne.n	878032de <scanf+0xa>
878032f6:	f649 70e0 	movw	r0, #40928	; 0x9fe0
878032fa:	2300      	movs	r3, #0
878032fc:	f2c8 7080 	movt	r0, #34688	; 0x8780
87803300:	aa05      	add	r2, sp, #20
87803302:	4405      	add	r5, r0
87803304:	9904      	ldr	r1, [sp, #16]
87803306:	f500 6080 	add.w	r0, r0, #1024	; 0x400
8780330a:	f885 3400 	strb.w	r3, [r5, #1024]	; 0x400
8780330e:	f001 f917 	bl	87804540 <vsscanf>
87803312:	e8bd 4070 	ldmia.w	sp!, {r4, r5, r6, lr}
87803316:	b004      	add	sp, #16
87803318:	4770      	bx	lr
8780331a:	bf00      	nop
8780331c:	8780a3e0 	strhi	sl, [r0, r0, ror #7]

87803320 <__div64_32>:
87803320:	e92d 4ff8 	stmdb	sp!, {r3, r4, r5, r6, r7, r8, r9, sl, fp, lr}
87803324:	4682      	mov	sl, r0
87803326:	e9d0 6700 	ldrd	r6, r7, [r0]
8780332a:	468b      	mov	fp, r1
8780332c:	460c      	mov	r4, r1
8780332e:	2500      	movs	r5, #0
87803330:	42b9      	cmp	r1, r7
87803332:	bf84      	itt	hi
87803334:	f04f 0800 	movhi.w	r8, #0
87803338:	f04f 0900 	movhi.w	r9, #0
8780333c:	d80a      	bhi.n	87803354 <__div64_32+0x34>
8780333e:	4638      	mov	r0, r7
87803340:	f001 fb7e 	bl	87804a40 <__udivsi3>
87803344:	fb00 f30b 	mul.w	r3, r0, fp
87803348:	2200      	movs	r2, #0
8780334a:	4690      	mov	r8, r2
8780334c:	4681      	mov	r9, r0
8780334e:	1ab6      	subs	r6, r6, r2
87803350:	eb67 0703 	sbc.w	r7, r7, r3
87803354:	42bd      	cmp	r5, r7
87803356:	f04f 0201 	mov.w	r2, #1
8780335a:	bf08      	it	eq
8780335c:	42b4      	cmpeq	r4, r6
8780335e:	bf34      	ite	cc
87803360:	2301      	movcc	r3, #1
87803362:	2300      	movcs	r3, #0
87803364:	f1bb 0f00 	cmp.w	fp, #0
87803368:	bf08      	it	eq
8780336a:	2300      	moveq	r3, #0
8780336c:	b363      	cbz	r3, 878033c8 <__div64_32+0xa8>
8780336e:	2300      	movs	r3, #0
87803370:	1924      	adds	r4, r4, r4
87803372:	416d      	adcs	r5, r5
87803374:	1892      	adds	r2, r2, r2
87803376:	415b      	adcs	r3, r3
87803378:	2c01      	cmp	r4, #1
8780337a:	f175 0100 	sbcs.w	r1, r5, #0
8780337e:	bfac      	ite	ge
87803380:	2101      	movge	r1, #1
87803382:	2100      	movlt	r1, #0
87803384:	42bd      	cmp	r5, r7
87803386:	f001 0101 	and.w	r1, r1, #1
8780338a:	bf08      	it	eq
8780338c:	42b4      	cmpeq	r4, r6
8780338e:	bf28      	it	cs
87803390:	2100      	movcs	r1, #0
87803392:	2900      	cmp	r1, #0
87803394:	d1ec      	bne.n	87803370 <__div64_32+0x50>
87803396:	42af      	cmp	r7, r5
87803398:	bf08      	it	eq
8780339a:	42a6      	cmpeq	r6, r4
8780339c:	d306      	bcc.n	878033ac <__div64_32+0x8c>
8780339e:	1b36      	subs	r6, r6, r4
878033a0:	eb67 0705 	sbc.w	r7, r7, r5
878033a4:	eb18 0802 	adds.w	r8, r8, r2
878033a8:	eb49 0903 	adc.w	r9, r9, r3
878033ac:	085b      	lsrs	r3, r3, #1
878033ae:	ea4f 0232 	mov.w	r2, r2, rrx
878033b2:	086d      	lsrs	r5, r5, #1
878033b4:	ea4f 0434 	mov.w	r4, r4, rrx
878033b8:	ea52 0103 	orrs.w	r1, r2, r3
878033bc:	d1eb      	bne.n	87803396 <__div64_32+0x76>
878033be:	e9ca 8900 	strd	r8, r9, [sl]
878033c2:	4630      	mov	r0, r6
878033c4:	e8bd 8ff8 	ldmia.w	sp!, {r3, r4, r5, r6, r7, r8, r9, sl, fp, pc}
878033c8:	2300      	movs	r3, #0
878033ca:	e7e4      	b.n	87803396 <__div64_32+0x76>

878033cc <strnicmp>:
878033cc:	b332      	cbz	r2, 8780341c <strnicmp+0x50>
878033ce:	b5f0      	push	{r4, r5, r6, r7, lr}
878033d0:	f649 15d4 	movw	r5, #39380	; 0x99d4
878033d4:	1e44      	subs	r4, r0, #1
878033d6:	eb01 0e02 	add.w	lr, r1, r2
878033da:	f2c8 7580 	movt	r5, #34688	; 0x8780
878033de:	e006      	b.n	878033ee <strnicmp+0x22>
878033e0:	fa5f f08c 	uxtb.w	r0, ip
878033e4:	b9b3      	cbnz	r3, 87803414 <strnicmp+0x48>
878033e6:	4282      	cmp	r2, r0
878033e8:	d11c      	bne.n	87803424 <strnicmp+0x58>
878033ea:	4571      	cmp	r1, lr
878033ec:	d014      	beq.n	87803418 <strnicmp+0x4c>
878033ee:	f814 0f01 	ldrb.w	r0, [r4, #1]!
878033f2:	f811 2b01 	ldrb.w	r2, [r1], #1
878033f6:	b198      	cbz	r0, 87803420 <strnicmp+0x54>
878033f8:	b17a      	cbz	r2, 8780341a <strnicmp+0x4e>
878033fa:	4290      	cmp	r0, r2
878033fc:	d0f5      	beq.n	878033ea <strnicmp+0x1e>
878033fe:	5c2e      	ldrb	r6, [r5, r0]
87803400:	f102 0720 	add.w	r7, r2, #32
87803404:	5cab      	ldrb	r3, [r5, r2]
87803406:	f100 0c20 	add.w	ip, r0, #32
8780340a:	07f6      	lsls	r6, r6, #31
8780340c:	f003 0301 	and.w	r3, r3, #1
87803410:	d4e6      	bmi.n	878033e0 <strnicmp+0x14>
87803412:	b13b      	cbz	r3, 87803424 <strnicmp+0x58>
87803414:	b2fa      	uxtb	r2, r7
87803416:	e7e6      	b.n	878033e6 <strnicmp+0x1a>
87803418:	2000      	movs	r0, #0
8780341a:	bdf0      	pop	{r4, r5, r6, r7, pc}
8780341c:	4610      	mov	r0, r2
8780341e:	4770      	bx	lr
87803420:	4250      	negs	r0, r2
87803422:	bdf0      	pop	{r4, r5, r6, r7, pc}
87803424:	1a80      	subs	r0, r0, r2
87803426:	bdf0      	pop	{r4, r5, r6, r7, pc}

87803428 <strcpy>:
87803428:	1e42      	subs	r2, r0, #1
8780342a:	f811 3b01 	ldrb.w	r3, [r1], #1
8780342e:	f802 3f01 	strb.w	r3, [r2, #1]!
87803432:	2b00      	cmp	r3, #0
87803434:	d1f9      	bne.n	8780342a <strcpy+0x2>
87803436:	4770      	bx	lr

87803438 <strncpy>:
87803438:	b410      	push	{r4}
8780343a:	440a      	add	r2, r1
8780343c:	1e44      	subs	r4, r0, #1
8780343e:	e004      	b.n	8780344a <strncpy+0x12>
87803440:	f811 3b01 	ldrb.w	r3, [r1], #1
87803444:	f804 3f01 	strb.w	r3, [r4, #1]!
87803448:	b10b      	cbz	r3, 8780344e <strncpy+0x16>
8780344a:	4291      	cmp	r1, r2
8780344c:	d1f8      	bne.n	87803440 <strncpy+0x8>
8780344e:	f85d 4b04 	ldr.w	r4, [sp], #4
87803452:	4770      	bx	lr

87803454 <strcat>:
87803454:	7803      	ldrb	r3, [r0, #0]
87803456:	b163      	cbz	r3, 87803472 <strcat+0x1e>
87803458:	4603      	mov	r3, r0
8780345a:	f813 2f01 	ldrb.w	r2, [r3, #1]!
8780345e:	2a00      	cmp	r2, #0
87803460:	d1fb      	bne.n	8780345a <strcat+0x6>
87803462:	3b01      	subs	r3, #1
87803464:	f811 2b01 	ldrb.w	r2, [r1], #1
87803468:	f803 2f01 	strb.w	r2, [r3, #1]!
8780346c:	2a00      	cmp	r2, #0
8780346e:	d1f9      	bne.n	87803464 <strcat+0x10>
87803470:	4770      	bx	lr
87803472:	4603      	mov	r3, r0
87803474:	e7f5      	b.n	87803462 <strcat+0xe>
87803476:	bf00      	nop

87803478 <strncat>:
87803478:	b1a2      	cbz	r2, 878034a4 <strncat+0x2c>
8780347a:	7803      	ldrb	r3, [r0, #0]
8780347c:	b430      	push	{r4, r5}
8780347e:	b1b3      	cbz	r3, 878034ae <strncat+0x36>
87803480:	4603      	mov	r3, r0
87803482:	f813 4f01 	ldrb.w	r4, [r3, #1]!
87803486:	2c00      	cmp	r4, #0
87803488:	d1fb      	bne.n	87803482 <strncat+0xa>
8780348a:	441a      	add	r2, r3
8780348c:	e001      	b.n	87803492 <strncat+0x1a>
8780348e:	4293      	cmp	r3, r2
87803490:	d009      	beq.n	878034a6 <strncat+0x2e>
87803492:	f811 4b01 	ldrb.w	r4, [r1], #1
87803496:	461d      	mov	r5, r3
87803498:	f803 4b01 	strb.w	r4, [r3], #1
8780349c:	2c00      	cmp	r4, #0
8780349e:	d1f6      	bne.n	8780348e <strncat+0x16>
878034a0:	bc30      	pop	{r4, r5}
878034a2:	4770      	bx	lr
878034a4:	4770      	bx	lr
878034a6:	2300      	movs	r3, #0
878034a8:	706b      	strb	r3, [r5, #1]
878034aa:	bc30      	pop	{r4, r5}
878034ac:	4770      	bx	lr
878034ae:	4603      	mov	r3, r0
878034b0:	e7eb      	b.n	8780348a <strncat+0x12>
878034b2:	bf00      	nop

878034b4 <strcmp>:
878034b4:	1e42      	subs	r2, r0, #1
878034b6:	e000      	b.n	878034ba <strcmp+0x6>
878034b8:	b148      	cbz	r0, 878034ce <strcmp+0x1a>
878034ba:	f812 0f01 	ldrb.w	r0, [r2, #1]!
878034be:	f811 3b01 	ldrb.w	r3, [r1], #1
878034c2:	1ac3      	subs	r3, r0, r3
878034c4:	b25b      	sxtb	r3, r3
878034c6:	2b00      	cmp	r3, #0
878034c8:	d0f6      	beq.n	878034b8 <strcmp+0x4>
878034ca:	4618      	mov	r0, r3
878034cc:	4770      	bx	lr
878034ce:	4770      	bx	lr

878034d0 <strncmp>:
878034d0:	b1e2      	cbz	r2, 8780350c <strncmp+0x3c>
878034d2:	b430      	push	{r4, r5}
878034d4:	1c4c      	adds	r4, r1, #1
878034d6:	7805      	ldrb	r5, [r0, #0]
878034d8:	780b      	ldrb	r3, [r1, #0]
878034da:	1aeb      	subs	r3, r5, r3
878034dc:	b25b      	sxtb	r3, r3
878034de:	b97b      	cbnz	r3, 87803500 <strncmp+0x30>
878034e0:	b15d      	cbz	r5, 878034fa <strncmp+0x2a>
878034e2:	4411      	add	r1, r2
878034e4:	e007      	b.n	878034f6 <strncmp+0x26>
878034e6:	f810 2f01 	ldrb.w	r2, [r0, #1]!
878034ea:	f814 3b01 	ldrb.w	r3, [r4], #1
878034ee:	1ad3      	subs	r3, r2, r3
878034f0:	b25b      	sxtb	r3, r3
878034f2:	b92b      	cbnz	r3, 87803500 <strncmp+0x30>
878034f4:	b13a      	cbz	r2, 87803506 <strncmp+0x36>
878034f6:	42a1      	cmp	r1, r4
878034f8:	d1f5      	bne.n	878034e6 <strncmp+0x16>
878034fa:	2000      	movs	r0, #0
878034fc:	bc30      	pop	{r4, r5}
878034fe:	4770      	bx	lr
87803500:	4618      	mov	r0, r3
87803502:	bc30      	pop	{r4, r5}
87803504:	4770      	bx	lr
87803506:	4610      	mov	r0, r2
87803508:	bc30      	pop	{r4, r5}
8780350a:	4770      	bx	lr
8780350c:	4610      	mov	r0, r2
8780350e:	4770      	bx	lr

87803510 <strchr>:
87803510:	7803      	ldrb	r3, [r0, #0]
87803512:	b2c9      	uxtb	r1, r1
87803514:	428b      	cmp	r3, r1
87803516:	d006      	beq.n	87803526 <strchr+0x16>
87803518:	b123      	cbz	r3, 87803524 <strchr+0x14>
8780351a:	f810 3f01 	ldrb.w	r3, [r0, #1]!
8780351e:	428b      	cmp	r3, r1
87803520:	d1fa      	bne.n	87803518 <strchr+0x8>
87803522:	4770      	bx	lr
87803524:	4618      	mov	r0, r3
87803526:	4770      	bx	lr

87803528 <strrchr>:
87803528:	7803      	ldrb	r3, [r0, #0]
8780352a:	b193      	cbz	r3, 87803552 <strrchr+0x2a>
8780352c:	4603      	mov	r3, r0
8780352e:	f813 2f01 	ldrb.w	r2, [r3, #1]!
87803532:	2a00      	cmp	r2, #0
87803534:	d1fb      	bne.n	8780352e <strrchr+0x6>
87803536:	b2c9      	uxtb	r1, r1
87803538:	2200      	movs	r2, #0
8780353a:	e003      	b.n	87803544 <strrchr+0x1c>
8780353c:	3b01      	subs	r3, #1
8780353e:	4298      	cmp	r0, r3
87803540:	d804      	bhi.n	8780354c <strrchr+0x24>
87803542:	781a      	ldrb	r2, [r3, #0]
87803544:	428a      	cmp	r2, r1
87803546:	d1f9      	bne.n	8780353c <strrchr+0x14>
87803548:	4618      	mov	r0, r3
8780354a:	4770      	bx	lr
8780354c:	2300      	movs	r3, #0
8780354e:	4618      	mov	r0, r3
87803550:	4770      	bx	lr
87803552:	4603      	mov	r3, r0
87803554:	e7ef      	b.n	87803536 <strrchr+0xe>
87803556:	bf00      	nop

87803558 <strlen>:
87803558:	7803      	ldrb	r3, [r0, #0]
8780355a:	4602      	mov	r2, r0
8780355c:	b12b      	cbz	r3, 8780356a <strlen+0x12>
8780355e:	f810 3f01 	ldrb.w	r3, [r0, #1]!
87803562:	2b00      	cmp	r3, #0
87803564:	d1fb      	bne.n	8780355e <strlen+0x6>
87803566:	1a80      	subs	r0, r0, r2
87803568:	4770      	bx	lr
8780356a:	4618      	mov	r0, r3
8780356c:	4770      	bx	lr
8780356e:	bf00      	nop

87803570 <strnlen>:
87803570:	b1d1      	cbz	r1, 878035a8 <strnlen+0x38>
87803572:	7803      	ldrb	r3, [r0, #0]
87803574:	b1d3      	cbz	r3, 878035ac <strnlen+0x3c>
87803576:	1c43      	adds	r3, r0, #1
87803578:	4401      	add	r1, r0
8780357a:	4299      	cmp	r1, r3
8780357c:	f103 0201 	add.w	r2, r3, #1
87803580:	d016      	beq.n	878035b0 <strnlen+0x40>
87803582:	b410      	push	{r4}
87803584:	781c      	ldrb	r4, [r3, #0]
87803586:	b13c      	cbz	r4, 87803598 <strnlen+0x28>
87803588:	4291      	cmp	r1, r2
8780358a:	4613      	mov	r3, r2
8780358c:	f102 0201 	add.w	r2, r2, #1
87803590:	d006      	beq.n	878035a0 <strnlen+0x30>
87803592:	781c      	ldrb	r4, [r3, #0]
87803594:	2c00      	cmp	r4, #0
87803596:	d1f7      	bne.n	87803588 <strnlen+0x18>
87803598:	1a18      	subs	r0, r3, r0
8780359a:	f85d 4b04 	ldr.w	r4, [sp], #4
8780359e:	4770      	bx	lr
878035a0:	1a08      	subs	r0, r1, r0
878035a2:	f85d 4b04 	ldr.w	r4, [sp], #4
878035a6:	4770      	bx	lr
878035a8:	4608      	mov	r0, r1
878035aa:	4770      	bx	lr
878035ac:	4618      	mov	r0, r3
878035ae:	4770      	bx	lr
878035b0:	1a08      	subs	r0, r1, r0
878035b2:	4770      	bx	lr

878035b4 <strspn>:
878035b4:	b470      	push	{r4, r5, r6}
878035b6:	7804      	ldrb	r4, [r0, #0]
878035b8:	4625      	mov	r5, r4
878035ba:	b164      	cbz	r4, 878035d6 <strspn+0x22>
878035bc:	780e      	ldrb	r6, [r1, #0]
878035be:	2500      	movs	r5, #0
878035c0:	b14e      	cbz	r6, 878035d6 <strspn+0x22>
878035c2:	42a6      	cmp	r6, r4
878035c4:	d00a      	beq.n	878035dc <strspn+0x28>
878035c6:	460a      	mov	r2, r1
878035c8:	e001      	b.n	878035ce <strspn+0x1a>
878035ca:	42a3      	cmp	r3, r4
878035cc:	d006      	beq.n	878035dc <strspn+0x28>
878035ce:	f812 3f01 	ldrb.w	r3, [r2, #1]!
878035d2:	2b00      	cmp	r3, #0
878035d4:	d1f9      	bne.n	878035ca <strspn+0x16>
878035d6:	4628      	mov	r0, r5
878035d8:	bc70      	pop	{r4, r5, r6}
878035da:	4770      	bx	lr
878035dc:	f810 4f01 	ldrb.w	r4, [r0, #1]!
878035e0:	3501      	adds	r5, #1
878035e2:	2c00      	cmp	r4, #0
878035e4:	d1ec      	bne.n	878035c0 <strspn+0xc>
878035e6:	4628      	mov	r0, r5
878035e8:	bc70      	pop	{r4, r5, r6}
878035ea:	4770      	bx	lr

878035ec <strpbrk>:
878035ec:	b430      	push	{r4, r5}
878035ee:	7804      	ldrb	r4, [r0, #0]
878035f0:	b17c      	cbz	r4, 87803612 <strpbrk+0x26>
878035f2:	780d      	ldrb	r5, [r1, #0]
878035f4:	b14d      	cbz	r5, 8780360a <strpbrk+0x1e>
878035f6:	42a5      	cmp	r5, r4
878035f8:	d00c      	beq.n	87803614 <strpbrk+0x28>
878035fa:	460a      	mov	r2, r1
878035fc:	e001      	b.n	87803602 <strpbrk+0x16>
878035fe:	42a3      	cmp	r3, r4
87803600:	d008      	beq.n	87803614 <strpbrk+0x28>
87803602:	f812 3f01 	ldrb.w	r3, [r2, #1]!
87803606:	2b00      	cmp	r3, #0
87803608:	d1f9      	bne.n	878035fe <strpbrk+0x12>
8780360a:	f810 4f01 	ldrb.w	r4, [r0, #1]!
8780360e:	2c00      	cmp	r4, #0
87803610:	d1f0      	bne.n	878035f4 <strpbrk+0x8>
87803612:	4620      	mov	r0, r4
87803614:	bc30      	pop	{r4, r5}
87803616:	4770      	bx	lr

87803618 <strtok>:
87803618:	f64a 0c70 	movw	ip, #43120	; 0xa870
8780361c:	f2c8 7c80 	movt	ip, #34688	; 0x8780
87803620:	2800      	cmp	r0, #0
87803622:	d03c      	beq.n	8780369e <strtok+0x86>
87803624:	b4f0      	push	{r4, r5, r6, r7}
87803626:	7804      	ldrb	r4, [r0, #0]
87803628:	2c00      	cmp	r4, #0
8780362a:	d03d      	beq.n	878036a8 <strtok+0x90>
8780362c:	780d      	ldrb	r5, [r1, #0]
8780362e:	4607      	mov	r7, r0
87803630:	2600      	movs	r6, #0
87803632:	b14d      	cbz	r5, 87803648 <strtok+0x30>
87803634:	42ac      	cmp	r4, r5
87803636:	d01f      	beq.n	87803678 <strtok+0x60>
87803638:	460a      	mov	r2, r1
8780363a:	e001      	b.n	87803640 <strtok+0x28>
8780363c:	42a3      	cmp	r3, r4
8780363e:	d01b      	beq.n	87803678 <strtok+0x60>
87803640:	f812 3f01 	ldrb.w	r3, [r2, #1]!
87803644:	2b00      	cmp	r3, #0
87803646:	d1f9      	bne.n	8780363c <strtok+0x24>
87803648:	5d84      	ldrb	r4, [r0, r6]
8780364a:	4430      	add	r0, r6
8780364c:	4606      	mov	r6, r0
8780364e:	b35c      	cbz	r4, 878036a8 <strtok+0x90>
87803650:	b14d      	cbz	r5, 87803666 <strtok+0x4e>
87803652:	42ac      	cmp	r4, r5
87803654:	d01b      	beq.n	8780368e <strtok+0x76>
87803656:	460a      	mov	r2, r1
87803658:	e001      	b.n	8780365e <strtok+0x46>
8780365a:	42a3      	cmp	r3, r4
8780365c:	d017      	beq.n	8780368e <strtok+0x76>
8780365e:	f812 3f01 	ldrb.w	r3, [r2, #1]!
87803662:	2b00      	cmp	r3, #0
87803664:	d1f9      	bne.n	8780365a <strtok+0x42>
87803666:	f816 4f01 	ldrb.w	r4, [r6, #1]!
8780366a:	2c00      	cmp	r4, #0
8780366c:	d1f0      	bne.n	87803650 <strtok+0x38>
8780366e:	4626      	mov	r6, r4
87803670:	f8cc 6000 	str.w	r6, [ip]
87803674:	bcf0      	pop	{r4, r5, r6, r7}
87803676:	4770      	bx	lr
87803678:	f817 4f01 	ldrb.w	r4, [r7, #1]!
8780367c:	3601      	adds	r6, #1
8780367e:	2c00      	cmp	r4, #0
87803680:	d1d7      	bne.n	87803632 <strtok+0x1a>
87803682:	5d84      	ldrb	r4, [r0, r6]
87803684:	4430      	add	r0, r6
87803686:	4606      	mov	r6, r0
87803688:	2c00      	cmp	r4, #0
8780368a:	d1e1      	bne.n	87803650 <strtok+0x38>
8780368c:	e00c      	b.n	878036a8 <strtok+0x90>
8780368e:	7833      	ldrb	r3, [r6, #0]
87803690:	2b00      	cmp	r3, #0
87803692:	d0ed      	beq.n	87803670 <strtok+0x58>
87803694:	2300      	movs	r3, #0
87803696:	3601      	adds	r6, #1
87803698:	f806 3c01 	strb.w	r3, [r6, #-1]
8780369c:	e7e8      	b.n	87803670 <strtok+0x58>
8780369e:	f8dc 0000 	ldr.w	r0, [ip]
878036a2:	2800      	cmp	r0, #0
878036a4:	d1be      	bne.n	87803624 <strtok+0xc>
878036a6:	4770      	bx	lr
878036a8:	2000      	movs	r0, #0
878036aa:	f8cc 0000 	str.w	r0, [ip]
878036ae:	e7e1      	b.n	87803674 <strtok+0x5c>

878036b0 <strsep>:
878036b0:	b4f0      	push	{r4, r5, r6, r7}
878036b2:	4607      	mov	r7, r0
878036b4:	6800      	ldr	r0, [r0, #0]
878036b6:	b198      	cbz	r0, 878036e0 <strsep+0x30>
878036b8:	7804      	ldrb	r4, [r0, #0]
878036ba:	b184      	cbz	r4, 878036de <strsep+0x2e>
878036bc:	780e      	ldrb	r6, [r1, #0]
878036be:	4605      	mov	r5, r0
878036c0:	b14e      	cbz	r6, 878036d6 <strsep+0x26>
878036c2:	42a6      	cmp	r6, r4
878036c4:	d00e      	beq.n	878036e4 <strsep+0x34>
878036c6:	460a      	mov	r2, r1
878036c8:	e001      	b.n	878036ce <strsep+0x1e>
878036ca:	42a3      	cmp	r3, r4
878036cc:	d00a      	beq.n	878036e4 <strsep+0x34>
878036ce:	f812 3f01 	ldrb.w	r3, [r2, #1]!
878036d2:	2b00      	cmp	r3, #0
878036d4:	d1f9      	bne.n	878036ca <strsep+0x1a>
878036d6:	f815 4f01 	ldrb.w	r4, [r5, #1]!
878036da:	2c00      	cmp	r4, #0
878036dc:	d1f0      	bne.n	878036c0 <strsep+0x10>
878036de:	603c      	str	r4, [r7, #0]
878036e0:	bcf0      	pop	{r4, r5, r6, r7}
878036e2:	4770      	bx	lr
878036e4:	2300      	movs	r3, #0
878036e6:	1c6c      	adds	r4, r5, #1
878036e8:	702b      	strb	r3, [r5, #0]
878036ea:	e7f8      	b.n	878036de <strsep+0x2e>

878036ec <memset>:
878036ec:	b132      	cbz	r2, 878036fc <memset+0x10>
878036ee:	b2c9      	uxtb	r1, r1
878036f0:	4402      	add	r2, r0
878036f2:	4603      	mov	r3, r0
878036f4:	f803 1b01 	strb.w	r1, [r3], #1
878036f8:	4293      	cmp	r3, r2
878036fa:	d1fb      	bne.n	878036f4 <memset+0x8>
878036fc:	4770      	bx	lr
878036fe:	bf00      	nop

87803700 <bcopy>:
87803700:	b13a      	cbz	r2, 87803712 <bcopy+0x12>
87803702:	3901      	subs	r1, #1
87803704:	4402      	add	r2, r0
87803706:	f810 3b01 	ldrb.w	r3, [r0], #1
8780370a:	4290      	cmp	r0, r2
8780370c:	f801 3f01 	strb.w	r3, [r1, #1]!
87803710:	d1f9      	bne.n	87803706 <bcopy+0x6>
87803712:	4770      	bx	lr

87803714 <memcpy>:
87803714:	b15a      	cbz	r2, 8780372e <memcpy+0x1a>
87803716:	440a      	add	r2, r1
87803718:	1e43      	subs	r3, r0, #1
8780371a:	b410      	push	{r4}
8780371c:	f811 4b01 	ldrb.w	r4, [r1], #1
87803720:	4291      	cmp	r1, r2
87803722:	f803 4f01 	strb.w	r4, [r3, #1]!
87803726:	d1f9      	bne.n	8780371c <memcpy+0x8>
87803728:	f85d 4b04 	ldr.w	r4, [sp], #4
8780372c:	4770      	bx	lr
8780372e:	4770      	bx	lr

87803730 <memmove>:
87803730:	4288      	cmp	r0, r1
87803732:	b410      	push	{r4}
87803734:	d80b      	bhi.n	8780374e <memmove+0x1e>
87803736:	b13a      	cbz	r2, 87803748 <memmove+0x18>
87803738:	440a      	add	r2, r1
8780373a:	1e43      	subs	r3, r0, #1
8780373c:	f811 4b01 	ldrb.w	r4, [r1], #1
87803740:	428a      	cmp	r2, r1
87803742:	f803 4f01 	strb.w	r4, [r3, #1]!
87803746:	d1f9      	bne.n	8780373c <memmove+0xc>
87803748:	f85d 4b04 	ldr.w	r4, [sp], #4
8780374c:	4770      	bx	lr
8780374e:	1884      	adds	r4, r0, r2
87803750:	188b      	adds	r3, r1, r2
87803752:	2a00      	cmp	r2, #0
87803754:	d0f8      	beq.n	87803748 <memmove+0x18>
87803756:	4622      	mov	r2, r4
87803758:	f813 4d01 	ldrb.w	r4, [r3, #-1]!
8780375c:	4299      	cmp	r1, r3
8780375e:	f802 4d01 	strb.w	r4, [r2, #-1]!
87803762:	d1f9      	bne.n	87803758 <memmove+0x28>
87803764:	f85d 4b04 	ldr.w	r4, [sp], #4
87803768:	4770      	bx	lr
8780376a:	bf00      	nop

8780376c <memcmp>:
8780376c:	b1aa      	cbz	r2, 8780379a <memcmp+0x2e>
8780376e:	b430      	push	{r4, r5}
87803770:	4604      	mov	r4, r0
87803772:	780b      	ldrb	r3, [r1, #0]
87803774:	7800      	ldrb	r0, [r0, #0]
87803776:	1ac0      	subs	r0, r0, r3
87803778:	d10a      	bne.n	87803790 <memcmp+0x24>
8780377a:	3a01      	subs	r2, #1
8780377c:	188d      	adds	r5, r1, r2
8780377e:	e005      	b.n	8780378c <memcmp+0x20>
87803780:	f814 3f01 	ldrb.w	r3, [r4, #1]!
87803784:	f811 2f01 	ldrb.w	r2, [r1, #1]!
87803788:	1a9b      	subs	r3, r3, r2
8780378a:	d103      	bne.n	87803794 <memcmp+0x28>
8780378c:	42a9      	cmp	r1, r5
8780378e:	d1f7      	bne.n	87803780 <memcmp+0x14>
87803790:	bc30      	pop	{r4, r5}
87803792:	4770      	bx	lr
87803794:	4618      	mov	r0, r3
87803796:	bc30      	pop	{r4, r5}
87803798:	4770      	bx	lr
8780379a:	4610      	mov	r0, r2
8780379c:	4770      	bx	lr
8780379e:	bf00      	nop

878037a0 <memscan>:
878037a0:	b1c2      	cbz	r2, 878037d4 <memscan+0x34>
878037a2:	7803      	ldrb	r3, [r0, #0]
878037a4:	4299      	cmp	r1, r3
878037a6:	d015      	beq.n	878037d4 <memscan+0x34>
878037a8:	1c43      	adds	r3, r0, #1
878037aa:	4402      	add	r2, r0
878037ac:	4293      	cmp	r3, r2
878037ae:	4618      	mov	r0, r3
878037b0:	f103 0301 	add.w	r3, r3, #1
878037b4:	d00f      	beq.n	878037d6 <memscan+0x36>
878037b6:	b410      	push	{r4}
878037b8:	7804      	ldrb	r4, [r0, #0]
878037ba:	428c      	cmp	r4, r1
878037bc:	d007      	beq.n	878037ce <memscan+0x2e>
878037be:	4293      	cmp	r3, r2
878037c0:	4618      	mov	r0, r3
878037c2:	f103 0301 	add.w	r3, r3, #1
878037c6:	d002      	beq.n	878037ce <memscan+0x2e>
878037c8:	7804      	ldrb	r4, [r0, #0]
878037ca:	428c      	cmp	r4, r1
878037cc:	d1f7      	bne.n	878037be <memscan+0x1e>
878037ce:	f85d 4b04 	ldr.w	r4, [sp], #4
878037d2:	4770      	bx	lr
878037d4:	4770      	bx	lr
878037d6:	4770      	bx	lr

878037d8 <strstr>:
878037d8:	e92d 43f0 	stmdb	sp!, {r4, r5, r6, r7, r8, r9, lr}
878037dc:	f891 8000 	ldrb.w	r8, [r1]
878037e0:	f1b8 0f00 	cmp.w	r8, #0
878037e4:	d027      	beq.n	87803836 <strstr+0x5e>
878037e6:	460b      	mov	r3, r1
878037e8:	f813 2f01 	ldrb.w	r2, [r3, #1]!
878037ec:	2a00      	cmp	r2, #0
878037ee:	d1fb      	bne.n	878037e8 <strstr+0x10>
878037f0:	ebb3 0e01 	subs.w	lr, r3, r1
878037f4:	d01f      	beq.n	87803836 <strstr+0x5e>
878037f6:	7802      	ldrb	r2, [r0, #0]
878037f8:	4694      	mov	ip, r2
878037fa:	b132      	cbz	r2, 8780380a <strstr+0x32>
878037fc:	4684      	mov	ip, r0
878037fe:	f81c 3f01 	ldrb.w	r3, [ip, #1]!
87803802:	2b00      	cmp	r3, #0
87803804:	d1fb      	bne.n	878037fe <strstr+0x26>
87803806:	ebac 0c00 	sub.w	ip, ip, r0
8780380a:	45e6      	cmp	lr, ip
8780380c:	dc1a      	bgt.n	87803844 <strstr+0x6c>
8780380e:	4607      	mov	r7, r0
87803810:	f10e 39ff 	add.w	r9, lr, #4294967295	; 0xffffffff
87803814:	f10c 3cff 	add.w	ip, ip, #4294967295	; 0xffffffff
87803818:	4638      	mov	r0, r7
8780381a:	460d      	mov	r5, r1
8780381c:	eb09 0607 	add.w	r6, r9, r7
87803820:	463b      	mov	r3, r7
87803822:	4644      	mov	r4, r8
87803824:	e003      	b.n	8780382e <strstr+0x56>
87803826:	f813 2f01 	ldrb.w	r2, [r3, #1]!
8780382a:	f815 4f01 	ldrb.w	r4, [r5, #1]!
8780382e:	42a2      	cmp	r2, r4
87803830:	d103      	bne.n	8780383a <strstr+0x62>
87803832:	429e      	cmp	r6, r3
87803834:	d1f7      	bne.n	87803826 <strstr+0x4e>
87803836:	e8bd 83f0 	ldmia.w	sp!, {r4, r5, r6, r7, r8, r9, pc}
8780383a:	45f4      	cmp	ip, lr
8780383c:	db02      	blt.n	87803844 <strstr+0x6c>
8780383e:	f817 2f01 	ldrb.w	r2, [r7, #1]!
87803842:	e7e7      	b.n	87803814 <strstr+0x3c>
87803844:	2000      	movs	r0, #0
87803846:	e8bd 83f0 	ldmia.w	sp!, {r4, r5, r6, r7, r8, r9, pc}
8780384a:	bf00      	nop

8780384c <memchr>:
8780384c:	4402      	add	r2, r0
8780384e:	b2c9      	uxtb	r1, r1
87803850:	4290      	cmp	r0, r2
87803852:	4603      	mov	r3, r0
87803854:	d012      	beq.n	8780387c <memchr+0x30>
87803856:	b410      	push	{r4}
87803858:	f813 4b01 	ldrb.w	r4, [r3], #1
8780385c:	428c      	cmp	r4, r1
8780385e:	d006      	beq.n	8780386e <memchr+0x22>
87803860:	4293      	cmp	r3, r2
87803862:	4618      	mov	r0, r3
87803864:	d006      	beq.n	87803874 <memchr+0x28>
87803866:	f813 4b01 	ldrb.w	r4, [r3], #1
8780386a:	428c      	cmp	r4, r1
8780386c:	d1f8      	bne.n	87803860 <memchr+0x14>
8780386e:	f85d 4b04 	ldr.w	r4, [sp], #4
87803872:	4770      	bx	lr
87803874:	2000      	movs	r0, #0
87803876:	f85d 4b04 	ldr.w	r4, [sp], #4
8780387a:	4770      	bx	lr
8780387c:	2000      	movs	r0, #0
8780387e:	4770      	bx	lr

87803880 <number>:
87803880:	e92d 4ff0 	stmdb	sp!, {r4, r5, r6, r7, r8, r9, sl, fp, lr}
87803884:	b0a7      	sub	sp, #156	; 0x9c
87803886:	460d      	mov	r5, r1
87803888:	9930      	ldr	r1, [sp, #192]	; 0xc0
8780388a:	4604      	mov	r4, r0
8780388c:	9e33      	ldr	r6, [sp, #204]	; 0xcc
8780388e:	f1b1 070a 	subs.w	r7, r1, #10
87803892:	bf18      	it	ne
87803894:	2701      	movne	r7, #1
87803896:	f016 0110 	ands.w	r1, r6, #16
8780389a:	f006 0820 	and.w	r8, r6, #32
8780389e:	ea07 1756 	and.w	r7, r7, r6, lsr #5
878038a2:	bf18      	it	ne
878038a4:	f026 0601 	bicne.w	r6, r6, #1
878038a8:	9100      	str	r1, [sp, #0]
878038aa:	f016 0102 	ands.w	r1, r6, #2
878038ae:	d051      	beq.n	87803954 <number+0xd4>
878038b0:	2a00      	cmp	r2, #0
878038b2:	f173 0100 	sbcs.w	r1, r3, #0
878038b6:	f2c0 8169 	blt.w	87803b8c <number+0x30c>
878038ba:	0771      	lsls	r1, r6, #29
878038bc:	f100 8184 	bmi.w	87803bc8 <number+0x348>
878038c0:	f016 0108 	ands.w	r1, r6, #8
878038c4:	d046      	beq.n	87803954 <number+0xd4>
878038c6:	9931      	ldr	r1, [sp, #196]	; 0xc4
878038c8:	3901      	subs	r1, #1
878038ca:	9131      	str	r1, [sp, #196]	; 0xc4
878038cc:	2120      	movs	r1, #32
878038ce:	9101      	str	r1, [sp, #4]
878038d0:	2f00      	cmp	r7, #0
878038d2:	d042      	beq.n	8780395a <number+0xda>
878038d4:	9930      	ldr	r1, [sp, #192]	; 0xc0
878038d6:	2910      	cmp	r1, #16
878038d8:	9931      	ldr	r1, [sp, #196]	; 0xc4
878038da:	f000 8160 	beq.w	87803b9e <number+0x31e>
878038de:	3901      	subs	r1, #1
878038e0:	9131      	str	r1, [sp, #196]	; 0xc4
878038e2:	ea52 0103 	orrs.w	r1, r2, r3
878038e6:	d03c      	beq.n	87803962 <number+0xe2>
878038e8:	9930      	ldr	r1, [sp, #192]	; 0xc0
878038ea:	2910      	cmp	r1, #16
878038ec:	f101 3aff 	add.w	sl, r1, #4294967295	; 0xffffffff
878038f0:	bf0a      	itet	eq
878038f2:	f04f 0b04 	moveq.w	fp, #4
878038f6:	f04f 0b03 	movne.w	fp, #3
878038fa:	f04f 0a0f 	moveq.w	sl, #15
878038fe:	f649 09f8 	movw	r9, #39160	; 0x98f8
87803902:	f10d 0e34 	add.w	lr, sp, #52	; 0x34
87803906:	f2c8 7980 	movt	r9, #34688	; 0x8780
8780390a:	2000      	movs	r0, #0
8780390c:	9402      	str	r4, [sp, #8]
8780390e:	e000      	b.n	87803912 <number+0x92>
87803910:	4660      	mov	r0, ip
87803912:	b2d1      	uxtb	r1, r2
87803914:	f1cb 0c20 	rsb	ip, fp, #32
87803918:	f1bb 0420 	subs.w	r4, fp, #32
8780391c:	fa03 fc0c 	lsl.w	ip, r3, ip
87803920:	ea01 010a 	and.w	r1, r1, sl
87803924:	fa22 f20b 	lsr.w	r2, r2, fp
87803928:	f819 1001 	ldrb.w	r1, [r9, r1]
8780392c:	bf58      	it	pl
8780392e:	fa43 f404 	asrpl.w	r4, r3, r4
87803932:	ea42 020c 	orr.w	r2, r2, ip
87803936:	fa43 f30b 	asr.w	r3, r3, fp
8780393a:	bf58      	it	pl
8780393c:	4322      	orrpl	r2, r4
8780393e:	ea48 0101 	orr.w	r1, r8, r1
87803942:	f100 0c01 	add.w	ip, r0, #1
87803946:	f80e 1b01 	strb.w	r1, [lr], #1
8780394a:	ea52 0103 	orrs.w	r1, r2, r3
8780394e:	d1df      	bne.n	87803910 <number+0x90>
87803950:	9c02      	ldr	r4, [sp, #8]
87803952:	e00c      	b.n	8780396e <number+0xee>
87803954:	9101      	str	r1, [sp, #4]
87803956:	2f00      	cmp	r7, #0
87803958:	d1bc      	bne.n	878038d4 <number+0x54>
8780395a:	ea52 0103 	orrs.w	r1, r2, r3
8780395e:	f040 8082 	bne.w	87803a66 <number+0x1e6>
87803962:	2000      	movs	r0, #0
87803964:	f04f 0c01 	mov.w	ip, #1
87803968:	2330      	movs	r3, #48	; 0x30
8780396a:	f88d 3034 	strb.w	r3, [sp, #52]	; 0x34
8780396e:	9b32      	ldr	r3, [sp, #200]	; 0xc8
87803970:	4563      	cmp	r3, ip
87803972:	bfb8      	it	lt
87803974:	4663      	movlt	r3, ip
87803976:	f016 0f11 	tst.w	r6, #17
8780397a:	461a      	mov	r2, r3
8780397c:	9b31      	ldr	r3, [sp, #196]	; 0xc4
8780397e:	eba3 0302 	sub.w	r3, r3, r2
87803982:	f103 31ff 	add.w	r1, r3, #4294967295	; 0xffffffff
87803986:	d10f      	bne.n	878039a8 <number+0x128>
87803988:	2900      	cmp	r1, #0
8780398a:	bfb8      	it	lt
8780398c:	1e99      	sublt	r1, r3, #2
8780398e:	db0b      	blt.n	878039a8 <number+0x128>
87803990:	4423      	add	r3, r4
87803992:	2120      	movs	r1, #32
87803994:	42a5      	cmp	r5, r4
87803996:	f104 0401 	add.w	r4, r4, #1
8780399a:	bf88      	it	hi
8780399c:	f804 1c01 	strbhi.w	r1, [r4, #-1]
878039a0:	429c      	cmp	r4, r3
878039a2:	d1f7      	bne.n	87803994 <number+0x114>
878039a4:	f06f 0101 	mvn.w	r1, #1
878039a8:	9b01      	ldr	r3, [sp, #4]
878039aa:	b12b      	cbz	r3, 878039b8 <number+0x138>
878039ac:	42ac      	cmp	r4, r5
878039ae:	f104 0401 	add.w	r4, r4, #1
878039b2:	bf38      	it	cc
878039b4:	f804 3c01 	strbcc.w	r3, [r4, #-1]
878039b8:	b157      	cbz	r7, 878039d0 <number+0x150>
878039ba:	9f30      	ldr	r7, [sp, #192]	; 0xc0
878039bc:	42ac      	cmp	r4, r5
878039be:	bf3c      	itt	cc
878039c0:	2330      	movcc	r3, #48	; 0x30
878039c2:	7023      	strbcc	r3, [r4, #0]
878039c4:	1c63      	adds	r3, r4, #1
878039c6:	2f10      	cmp	r7, #16
878039c8:	bf18      	it	ne
878039ca:	461c      	movne	r4, r3
878039cc:	f000 80f3 	beq.w	87803bb6 <number+0x336>
878039d0:	9b00      	ldr	r3, [sp, #0]
878039d2:	b9ab      	cbnz	r3, 87803a00 <number+0x180>
878039d4:	f016 0f01 	tst.w	r6, #1
878039d8:	bf0c      	ite	eq
878039da:	2320      	moveq	r3, #32
878039dc:	2330      	movne	r3, #48	; 0x30
878039de:	2900      	cmp	r1, #0
878039e0:	bfb8      	it	lt
878039e2:	f101 31ff 	addlt.w	r1, r1, #4294967295	; 0xffffffff
878039e6:	db0b      	blt.n	87803a00 <number+0x180>
878039e8:	3101      	adds	r1, #1
878039ea:	4421      	add	r1, r4
878039ec:	42a5      	cmp	r5, r4
878039ee:	f104 0401 	add.w	r4, r4, #1
878039f2:	bf88      	it	hi
878039f4:	f804 3c01 	strbhi.w	r3, [r4, #-1]
878039f8:	428c      	cmp	r4, r1
878039fa:	d1f7      	bne.n	878039ec <number+0x16c>
878039fc:	f06f 0101 	mvn.w	r1, #1
87803a00:	4594      	cmp	ip, r2
87803a02:	bfbe      	ittt	lt
87803a04:	eba2 0c0c 	sublt.w	ip, r2, ip
87803a08:	2330      	movlt	r3, #48	; 0x30
87803a0a:	44a4      	addlt	ip, r4
87803a0c:	da07      	bge.n	87803a1e <number+0x19e>
87803a0e:	42a5      	cmp	r5, r4
87803a10:	f104 0401 	add.w	r4, r4, #1
87803a14:	bf88      	it	hi
87803a16:	f804 3c01 	strbhi.w	r3, [r4, #-1]
87803a1a:	4564      	cmp	r4, ip
87803a1c:	d1f7      	bne.n	87803a0e <number+0x18e>
87803a1e:	2800      	cmp	r0, #0
87803a20:	f2c0 80d8 	blt.w	87803bd4 <number+0x354>
87803a24:	4602      	mov	r2, r0
87803a26:	4623      	mov	r3, r4
87803a28:	af0d      	add	r7, sp, #52	; 0x34
87803a2a:	429d      	cmp	r5, r3
87803a2c:	f103 0301 	add.w	r3, r3, #1
87803a30:	bf88      	it	hi
87803a32:	5dd6      	ldrbhi	r6, [r2, r7]
87803a34:	f102 32ff 	add.w	r2, r2, #4294967295	; 0xffffffff
87803a38:	bf88      	it	hi
87803a3a:	f803 6c01 	strbhi.w	r6, [r3, #-1]
87803a3e:	1c56      	adds	r6, r2, #1
87803a40:	d1f3      	bne.n	87803a2a <number+0x1aa>
87803a42:	3001      	adds	r0, #1
87803a44:	4420      	add	r0, r4
87803a46:	2900      	cmp	r1, #0
87803a48:	db0a      	blt.n	87803a60 <number+0x1e0>
87803a4a:	1c4b      	adds	r3, r1, #1
87803a4c:	2220      	movs	r2, #32
87803a4e:	4403      	add	r3, r0
87803a50:	4285      	cmp	r5, r0
87803a52:	f100 0001 	add.w	r0, r0, #1
87803a56:	bf88      	it	hi
87803a58:	f800 2c01 	strbhi.w	r2, [r0, #-1]
87803a5c:	4298      	cmp	r0, r3
87803a5e:	d1f7      	bne.n	87803a50 <number+0x1d0>
87803a60:	b027      	add	sp, #156	; 0x9c
87803a62:	e8bd 8ff0 	ldmia.w	sp!, {r4, r5, r6, r7, r8, r9, sl, fp, pc}
87803a66:	9930      	ldr	r1, [sp, #192]	; 0xc0
87803a68:	290a      	cmp	r1, #10
87803a6a:	f47f af3d 	bne.w	878038e8 <number+0x68>
87803a6e:	4610      	mov	r0, r2
87803a70:	4619      	mov	r1, r3
87803a72:	f248 629f 	movw	r2, #34463	; 0x869f
87803a76:	2300      	movs	r3, #0
87803a78:	f2c0 0201 	movt	r2, #1
87803a7c:	428b      	cmp	r3, r1
87803a7e:	bf08      	it	eq
87803a80:	4282      	cmpeq	r2, r0
87803a82:	e9cd 0104 	strd	r0, r1, [sp, #16]
87803a86:	e9cd 010a 	strd	r0, r1, [sp, #40]	; 0x28
87803a8a:	f080 8115 	bcs.w	87803cb8 <number+0x438>
87803a8e:	f248 61a0 	movw	r1, #34464	; 0x86a0
87803a92:	f645 20c5 	movw	r0, #23237	; 0x5ac5
87803a96:	f2c0 0101 	movt	r1, #1
87803a9a:	f6c0 207c 	movt	r0, #2684	; 0xa7c
87803a9e:	e9cd 8706 	strd	r8, r7, [sp, #24]
87803aa2:	f10d 0939 	add.w	r9, sp, #57	; 0x39
87803aa6:	e9cd 4508 	strd	r4, r5, [sp, #32]
87803aaa:	4688      	mov	r8, r1
87803aac:	e9cd 2302 	strd	r2, r3, [sp, #8]
87803ab0:	4607      	mov	r7, r0
87803ab2:	e9dd 4504 	ldrd	r4, r5, [sp, #16]
87803ab6:	e05a      	b.n	87803b6e <number+0x2ee>
87803ab8:	09d8      	lsrs	r0, r3, #7
87803aba:	2500      	movs	r5, #0
87803abc:	4603      	mov	r3, r0
87803abe:	fb08 4010 	mls	r0, r8, r0, r4
87803ac2:	461c      	mov	r4, r3
87803ac4:	e9cd 450a 	strd	r4, r5, [sp, #40]	; 0x28
87803ac8:	f3c0 2303 	ubfx	r3, r0, #8, #4
87803acc:	0b02      	lsrs	r2, r0, #12
87803ace:	f3c0 1e03 	ubfx	lr, r0, #4, #4
87803ad2:	eb03 0c83 	add.w	ip, r3, r3, lsl #2
87803ad6:	eb0e 0103 	add.w	r1, lr, r3
87803ada:	eb02 0ac2 	add.w	sl, r2, r2, lsl #3
87803ade:	4411      	add	r1, r2
87803ae0:	eb01 0141 	add.w	r1, r1, r1, lsl #1
87803ae4:	f000 000f 	and.w	r0, r0, #15
87803ae8:	44d6      	add	lr, sl
87803aea:	eb00 0041 	add.w	r0, r0, r1, lsl #1
87803aee:	21cd      	movs	r1, #205	; 0xcd
87803af0:	44e6      	add	lr, ip
87803af2:	fb01 fa00 	mul.w	sl, r1, r0
87803af6:	46cb      	mov	fp, r9
87803af8:	f109 0905 	add.w	r9, r9, #5
87803afc:	ea4f 2ada 	mov.w	sl, sl, lsr #11
87803b00:	44d6      	add	lr, sl
87803b02:	eb0a 0a8a 	add.w	sl, sl, sl, lsl #2
87803b06:	fb01 fc0e 	mul.w	ip, r1, lr
87803b0a:	eba0 004a 	sub.w	r0, r0, sl, lsl #1
87803b0e:	3030      	adds	r0, #48	; 0x30
87803b10:	ea4f 2cdc 	mov.w	ip, ip, lsr #11
87803b14:	f809 0c0a 	strb.w	r0, [r9, #-10]
87803b18:	eb0c 0343 	add.w	r3, ip, r3, lsl #1
87803b1c:	eb0c 0c8c 	add.w	ip, ip, ip, lsl #2
87803b20:	eb03 0043 	add.w	r0, r3, r3, lsl #1
87803b24:	ebae 0c4c 	sub.w	ip, lr, ip, lsl #1
87803b28:	eb03 0080 	add.w	r0, r3, r0, lsl #2
87803b2c:	f10c 0c30 	add.w	ip, ip, #48	; 0x30
87803b30:	f809 cc09 	strb.w	ip, [r9, #-9]
87803b34:	09c0      	lsrs	r0, r0, #7
87803b36:	eb00 0282 	add.w	r2, r0, r2, lsl #2
87803b3a:	eb00 0080 	add.w	r0, r0, r0, lsl #2
87803b3e:	fb01 f102 	mul.w	r1, r1, r2
87803b42:	eba3 0040 	sub.w	r0, r3, r0, lsl #1
87803b46:	3030      	adds	r0, #48	; 0x30
87803b48:	f809 0c08 	strb.w	r0, [r9, #-8]
87803b4c:	0ac9      	lsrs	r1, r1, #11
87803b4e:	eb01 0381 	add.w	r3, r1, r1, lsl #2
87803b52:	3130      	adds	r1, #48	; 0x30
87803b54:	f809 1c06 	strb.w	r1, [r9, #-6]
87803b58:	eba2 0243 	sub.w	r2, r2, r3, lsl #1
87803b5c:	3230      	adds	r2, #48	; 0x30
87803b5e:	f809 2c07 	strb.w	r2, [r9, #-7]
87803b62:	e9dd 2302 	ldrd	r2, r3, [sp, #8]
87803b66:	42ab      	cmp	r3, r5
87803b68:	bf08      	it	eq
87803b6a:	42a2      	cmpeq	r2, r4
87803b6c:	d234      	bcs.n	87803bd8 <number+0x358>
87803b6e:	0028      	movs	r0, r5
87803b70:	2100      	movs	r1, #0
87803b72:	0962      	lsrs	r2, r4, #5
87803b74:	ea50 0301 	orrs.w	r3, r0, r1
87803b78:	fba2 2307 	umull	r2, r3, r2, r7
87803b7c:	d09c      	beq.n	87803ab8 <number+0x238>
87803b7e:	4641      	mov	r1, r8
87803b80:	a80a      	add	r0, sp, #40	; 0x28
87803b82:	f7ff fbcd 	bl	87803320 <__div64_32>
87803b86:	e9dd 450a 	ldrd	r4, r5, [sp, #40]	; 0x28
87803b8a:	e79d      	b.n	87803ac8 <number+0x248>
87803b8c:	9931      	ldr	r1, [sp, #196]	; 0xc4
87803b8e:	4252      	negs	r2, r2
87803b90:	eb63 0343 	sbc.w	r3, r3, r3, lsl #1
87803b94:	3901      	subs	r1, #1
87803b96:	9131      	str	r1, [sp, #196]	; 0xc4
87803b98:	212d      	movs	r1, #45	; 0x2d
87803b9a:	9101      	str	r1, [sp, #4]
87803b9c:	e698      	b.n	878038d0 <number+0x50>
87803b9e:	3902      	subs	r1, #2
87803ba0:	9131      	str	r1, [sp, #196]	; 0xc4
87803ba2:	ea52 0103 	orrs.w	r1, r2, r3
87803ba6:	bf1c      	itt	ne
87803ba8:	f04f 0a0f 	movne.w	sl, #15
87803bac:	f04f 0b04 	movne.w	fp, #4
87803bb0:	f47f aea5 	bne.w	878038fe <number+0x7e>
87803bb4:	e6d5      	b.n	87803962 <number+0xe2>
87803bb6:	429d      	cmp	r5, r3
87803bb8:	f104 0402 	add.w	r4, r4, #2
87803bbc:	bf84      	itt	hi
87803bbe:	f048 0858 	orrhi.w	r8, r8, #88	; 0x58
87803bc2:	f804 8c01 	strbhi.w	r8, [r4, #-1]
87803bc6:	e703      	b.n	878039d0 <number+0x150>
87803bc8:	9931      	ldr	r1, [sp, #196]	; 0xc4
87803bca:	3901      	subs	r1, #1
87803bcc:	9131      	str	r1, [sp, #196]	; 0xc4
87803bce:	212b      	movs	r1, #43	; 0x2b
87803bd0:	9101      	str	r1, [sp, #4]
87803bd2:	e67d      	b.n	878038d0 <number+0x50>
87803bd4:	4620      	mov	r0, r4
87803bd6:	e736      	b.n	87803a46 <number+0x1c6>
87803bd8:	e9cd 4504 	strd	r4, r5, [sp, #16]
87803bdc:	f10d 0e34 	add.w	lr, sp, #52	; 0x34
87803be0:	e9dd 8706 	ldrd	r8, r7, [sp, #24]
87803be4:	e9dd 4508 	ldrd	r4, r5, [sp, #32]
87803be8:	e9dd 9a04 	ldrd	r9, sl, [sp, #16]
87803bec:	f04f 0acd 	mov.w	sl, #205	; 0xcd
87803bf0:	9a04      	ldr	r2, [sp, #16]
87803bf2:	f3c9 1003 	ubfx	r0, r9, #4, #4
87803bf6:	f3c9 2103 	ubfx	r1, r9, #8, #4
87803bfa:	ea4f 3919 	mov.w	r9, r9, lsr #12
87803bfe:	f002 020f 	and.w	r2, r2, #15
87803c02:	9202      	str	r2, [sp, #8]
87803c04:	1843      	adds	r3, r0, r1
87803c06:	eb09 02c9 	add.w	r2, r9, r9, lsl #3
87803c0a:	444b      	add	r3, r9
87803c0c:	eb03 0343 	add.w	r3, r3, r3, lsl #1
87803c10:	eb01 0c81 	add.w	ip, r1, r1, lsl #2
87803c14:	4402      	add	r2, r0
87803c16:	9802      	ldr	r0, [sp, #8]
87803c18:	eb00 0343 	add.w	r3, r0, r3, lsl #1
87803c1c:	eb02 000c 	add.w	r0, r2, ip
87803c20:	fb0a f203 	mul.w	r2, sl, r3
87803c24:	0ad2      	lsrs	r2, r2, #11
87803c26:	eb02 0c82 	add.w	ip, r2, r2, lsl #2
87803c2a:	1812      	adds	r2, r2, r0
87803c2c:	eba3 034c 	sub.w	r3, r3, ip, lsl #1
87803c30:	bf08      	it	eq
87803c32:	f10b 0c01 	addeq.w	ip, fp, #1
87803c36:	f103 0330 	add.w	r3, r3, #48	; 0x30
87803c3a:	f88b 3000 	strb.w	r3, [fp]
87803c3e:	d036      	beq.n	87803cae <number+0x42e>
87803c40:	fb0a f302 	mul.w	r3, sl, r2
87803c44:	0adb      	lsrs	r3, r3, #11
87803c46:	eb03 0083 	add.w	r0, r3, r3, lsl #2
87803c4a:	eb03 0341 	add.w	r3, r3, r1, lsl #1
87803c4e:	eba2 0240 	sub.w	r2, r2, r0, lsl #1
87803c52:	3230      	adds	r2, #48	; 0x30
87803c54:	f88b 2001 	strb.w	r2, [fp, #1]
87803c58:	ea59 0203 	orrs.w	r2, r9, r3
87803c5c:	bf08      	it	eq
87803c5e:	f10b 0c02 	addeq.w	ip, fp, #2
87803c62:	d024      	beq.n	87803cae <number+0x42e>
87803c64:	eb03 0243 	add.w	r2, r3, r3, lsl #1
87803c68:	eb03 0282 	add.w	r2, r3, r2, lsl #2
87803c6c:	09d2      	lsrs	r2, r2, #7
87803c6e:	eb02 0182 	add.w	r1, r2, r2, lsl #2
87803c72:	eb12 0289 	adds.w	r2, r2, r9, lsl #2
87803c76:	eba3 0341 	sub.w	r3, r3, r1, lsl #1
87803c7a:	bf08      	it	eq
87803c7c:	f10b 0c03 	addeq.w	ip, fp, #3
87803c80:	f103 0330 	add.w	r3, r3, #48	; 0x30
87803c84:	f88b 3002 	strb.w	r3, [fp, #2]
87803c88:	d011      	beq.n	87803cae <number+0x42e>
87803c8a:	fb0a f302 	mul.w	r3, sl, r2
87803c8e:	f10b 0c04 	add.w	ip, fp, #4
87803c92:	0adb      	lsrs	r3, r3, #11
87803c94:	eb03 0183 	add.w	r1, r3, r3, lsl #2
87803c98:	eba2 0241 	sub.w	r2, r2, r1, lsl #1
87803c9c:	3230      	adds	r2, #48	; 0x30
87803c9e:	f88b 2003 	strb.w	r2, [fp, #3]
87803ca2:	b123      	cbz	r3, 87803cae <number+0x42e>
87803ca4:	f10b 0c05 	add.w	ip, fp, #5
87803ca8:	3330      	adds	r3, #48	; 0x30
87803caa:	f88b 3004 	strb.w	r3, [fp, #4]
87803cae:	ebac 0c0e 	sub.w	ip, ip, lr
87803cb2:	f10c 30ff 	add.w	r0, ip, #4294967295	; 0xffffffff
87803cb6:	e65a      	b.n	8780396e <number+0xee>
87803cb8:	f10d 0e34 	add.w	lr, sp, #52	; 0x34
87803cbc:	46f3      	mov	fp, lr
87803cbe:	e793      	b.n	87803be8 <number+0x368>

87803cc0 <simple_strtoul>:
87803cc0:	b4f0      	push	{r4, r5, r6, r7}
87803cc2:	4607      	mov	r7, r0
87803cc4:	7804      	ldrb	r4, [r0, #0]
87803cc6:	bb52      	cbnz	r2, 87803d1e <simple_strtoul+0x5e>
87803cc8:	2c30      	cmp	r4, #48	; 0x30
87803cca:	d04f      	beq.n	87803d6c <simple_strtoul+0xac>
87803ccc:	f649 1cd4 	movw	ip, #39380	; 0x99d4
87803cd0:	4623      	mov	r3, r4
87803cd2:	f2c8 7c80 	movt	ip, #34688	; 0x8780
87803cd6:	220a      	movs	r2, #10
87803cd8:	f81c 5004 	ldrb.w	r5, [ip, r4]
87803cdc:	f005 0044 	and.w	r0, r5, #68	; 0x44
87803ce0:	b1c8      	cbz	r0, 87803d16 <simple_strtoul+0x56>
87803ce2:	2000      	movs	r0, #0
87803ce4:	e009      	b.n	87803cfa <simple_strtoul+0x3a>
87803ce6:	f817 4f01 	ldrb.w	r4, [r7, #1]!
87803cea:	fb02 3000 	mla	r0, r2, r0, r3
87803cee:	f81c 5004 	ldrb.w	r5, [ip, r4]
87803cf2:	4623      	mov	r3, r4
87803cf4:	f015 0f44 	tst.w	r5, #68	; 0x44
87803cf8:	d00d      	beq.n	87803d16 <simple_strtoul+0x56>
87803cfa:	f015 0f04 	tst.w	r5, #4
87803cfe:	f1a3 0330 	sub.w	r3, r3, #48	; 0x30
87803d02:	d106      	bne.n	87803d12 <simple_strtoul+0x52>
87803d04:	f1a4 0320 	sub.w	r3, r4, #32
87803d08:	07ad      	lsls	r5, r5, #30
87803d0a:	bf48      	it	mi
87803d0c:	b2dc      	uxtbmi	r4, r3
87803d0e:	f1a4 0337 	sub.w	r3, r4, #55	; 0x37
87803d12:	4293      	cmp	r3, r2
87803d14:	d3e7      	bcc.n	87803ce6 <simple_strtoul+0x26>
87803d16:	b101      	cbz	r1, 87803d1a <simple_strtoul+0x5a>
87803d18:	600f      	str	r7, [r1, #0]
87803d1a:	bcf0      	pop	{r4, r5, r6, r7}
87803d1c:	4770      	bx	lr
87803d1e:	2a10      	cmp	r2, #16
87803d20:	d009      	beq.n	87803d36 <simple_strtoul+0x76>
87803d22:	f649 1cd4 	movw	ip, #39380	; 0x99d4
87803d26:	4623      	mov	r3, r4
87803d28:	f2c8 7c80 	movt	ip, #34688	; 0x8780
87803d2c:	f81c 5004 	ldrb.w	r5, [ip, r4]
87803d30:	f005 0044 	and.w	r0, r5, #68	; 0x44
87803d34:	e7d4      	b.n	87803ce0 <simple_strtoul+0x20>
87803d36:	2c30      	cmp	r4, #48	; 0x30
87803d38:	d1f3      	bne.n	87803d22 <simple_strtoul+0x62>
87803d3a:	7843      	ldrb	r3, [r0, #1]
87803d3c:	f649 1cd4 	movw	ip, #39380	; 0x99d4
87803d40:	f2c8 7c80 	movt	ip, #34688	; 0x8780
87803d44:	f81c 0003 	ldrb.w	r0, [ip, r3]
87803d48:	0786      	lsls	r6, r0, #30
87803d4a:	bf44      	itt	mi
87803d4c:	3b20      	submi	r3, #32
87803d4e:	b2db      	uxtbmi	r3, r3
87803d50:	2b58      	cmp	r3, #88	; 0x58
87803d52:	bf0d      	iteet	eq
87803d54:	78bc      	ldrbeq	r4, [r7, #2]
87803d56:	2330      	movne	r3, #48	; 0x30
87803d58:	f89c 5030 	ldrbne.w	r5, [ip, #48]	; 0x30
87803d5c:	3702      	addeq	r7, #2
87803d5e:	bf04      	itt	eq
87803d60:	f81c 5004 	ldrbeq.w	r5, [ip, r4]
87803d64:	4623      	moveq	r3, r4
87803d66:	f005 0044 	and.w	r0, r5, #68	; 0x44
87803d6a:	e7b9      	b.n	87803ce0 <simple_strtoul+0x20>
87803d6c:	7844      	ldrb	r4, [r0, #1]
87803d6e:	f649 1cd4 	movw	ip, #39380	; 0x99d4
87803d72:	f2c8 7c80 	movt	ip, #34688	; 0x8780
87803d76:	3001      	adds	r0, #1
87803d78:	f81c 5004 	ldrb.w	r5, [ip, r4]
87803d7c:	4623      	mov	r3, r4
87803d7e:	07aa      	lsls	r2, r5, #30
87803d80:	bf4a      	itet	mi
87803d82:	f1a4 0220 	submi.w	r2, r4, #32
87803d86:	4622      	movpl	r2, r4
87803d88:	b2d2      	uxtbmi	r2, r2
87803d8a:	2a58      	cmp	r2, #88	; 0x58
87803d8c:	d004      	beq.n	87803d98 <simple_strtoul+0xd8>
87803d8e:	4607      	mov	r7, r0
87803d90:	2208      	movs	r2, #8
87803d92:	f005 0044 	and.w	r0, r5, #68	; 0x44
87803d96:	e7a3      	b.n	87803ce0 <simple_strtoul+0x20>
87803d98:	78be      	ldrb	r6, [r7, #2]
87803d9a:	f81c 2006 	ldrb.w	r2, [ip, r6]
87803d9e:	f012 0f44 	tst.w	r2, #68	; 0x44
87803da2:	d0f4      	beq.n	87803d8e <simple_strtoul+0xce>
87803da4:	4615      	mov	r5, r2
87803da6:	4633      	mov	r3, r6
87803da8:	3702      	adds	r7, #2
87803daa:	4634      	mov	r4, r6
87803dac:	2210      	movs	r2, #16
87803dae:	e798      	b.n	87803ce2 <simple_strtoul+0x22>

87803db0 <simple_strtol>:
87803db0:	b510      	push	{r4, lr}
87803db2:	7804      	ldrb	r4, [r0, #0]
87803db4:	2c2d      	cmp	r4, #45	; 0x2d
87803db6:	d003      	beq.n	87803dc0 <simple_strtol+0x10>
87803db8:	e8bd 4010 	ldmia.w	sp!, {r4, lr}
87803dbc:	f7ff bf80 	b.w	87803cc0 <simple_strtoul>
87803dc0:	3001      	adds	r0, #1
87803dc2:	f7ff ff7d 	bl	87803cc0 <simple_strtoul>
87803dc6:	4240      	negs	r0, r0
87803dc8:	bd10      	pop	{r4, pc}
87803dca:	bf00      	nop

87803dcc <simple_strtoull>:
87803dcc:	e92d 4ff0 	stmdb	sp!, {r4, r5, r6, r7, r8, r9, sl, fp, lr}
87803dd0:	4686      	mov	lr, r0
87803dd2:	468a      	mov	sl, r1
87803dd4:	7803      	ldrb	r3, [r0, #0]
87803dd6:	2a00      	cmp	r2, #0
87803dd8:	d13e      	bne.n	87803e58 <simple_strtoull+0x8c>
87803dda:	2b30      	cmp	r3, #48	; 0x30
87803ddc:	d065      	beq.n	87803eaa <simple_strtoull+0xde>
87803dde:	f649 1bd4 	movw	fp, #39380	; 0x99d4
87803de2:	461a      	mov	r2, r3
87803de4:	f2c8 7b80 	movt	fp, #34688	; 0x8780
87803de8:	260a      	movs	r6, #10
87803dea:	f81b c003 	ldrb.w	ip, [fp, r3]
87803dee:	f00c 0144 	and.w	r1, ip, #68	; 0x44
87803df2:	2900      	cmp	r1, #0
87803df4:	d070      	beq.n	87803ed8 <simple_strtoull+0x10c>
87803df6:	2000      	movs	r0, #0
87803df8:	2100      	movs	r1, #0
87803dfa:	2700      	movs	r7, #0
87803dfc:	e00e      	b.n	87803e1c <simple_strtoull+0x50>
87803dfe:	fb06 3101 	mla	r1, r6, r1, r3
87803e02:	f81e 3f01 	ldrb.w	r3, [lr, #1]!
87803e06:	eb18 0004 	adds.w	r0, r8, r4
87803e0a:	f81b c003 	ldrb.w	ip, [fp, r3]
87803e0e:	461a      	mov	r2, r3
87803e10:	4489      	add	r9, r1
87803e12:	eb49 0105 	adc.w	r1, r9, r5
87803e16:	f01c 0f44 	tst.w	ip, #68	; 0x44
87803e1a:	d016      	beq.n	87803e4a <simple_strtoull+0x7e>
87803e1c:	f01c 0f04 	tst.w	ip, #4
87803e20:	f1a2 0430 	sub.w	r4, r2, #48	; 0x30
87803e24:	d108      	bne.n	87803e38 <simple_strtoull+0x6c>
87803e26:	3b20      	subs	r3, #32
87803e28:	f01c 0f02 	tst.w	ip, #2
87803e2c:	b2db      	uxtb	r3, r3
87803e2e:	f1a2 0437 	sub.w	r4, r2, #55	; 0x37
87803e32:	bf18      	it	ne
87803e34:	f1a3 0437 	subne.w	r4, r3, #55	; 0x37
87803e38:	17e5      	asrs	r5, r4, #31
87803e3a:	fb00 f307 	mul.w	r3, r0, r7
87803e3e:	42bd      	cmp	r5, r7
87803e40:	fba0 8906 	umull	r8, r9, r0, r6
87803e44:	bf08      	it	eq
87803e46:	42b4      	cmpeq	r4, r6
87803e48:	d3d9      	bcc.n	87803dfe <simple_strtoull+0x32>
87803e4a:	f1ba 0f00 	cmp.w	sl, #0
87803e4e:	d001      	beq.n	87803e54 <simple_strtoull+0x88>
87803e50:	f8ca e000 	str.w	lr, [sl]
87803e54:	e8bd 8ff0 	ldmia.w	sp!, {r4, r5, r6, r7, r8, r9, sl, fp, pc}
87803e58:	2a10      	cmp	r2, #16
87803e5a:	4616      	mov	r6, r2
87803e5c:	d009      	beq.n	87803e72 <simple_strtoull+0xa6>
87803e5e:	f649 1bd4 	movw	fp, #39380	; 0x99d4
87803e62:	461a      	mov	r2, r3
87803e64:	f2c8 7b80 	movt	fp, #34688	; 0x8780
87803e68:	f81b c003 	ldrb.w	ip, [fp, r3]
87803e6c:	f00c 0144 	and.w	r1, ip, #68	; 0x44
87803e70:	e7bf      	b.n	87803df2 <simple_strtoull+0x26>
87803e72:	2b30      	cmp	r3, #48	; 0x30
87803e74:	d1f3      	bne.n	87803e5e <simple_strtoull+0x92>
87803e76:	7842      	ldrb	r2, [r0, #1]
87803e78:	f649 1bd4 	movw	fp, #39380	; 0x99d4
87803e7c:	f2c8 7b80 	movt	fp, #34688	; 0x8780
87803e80:	f81b 1002 	ldrb.w	r1, [fp, r2]
87803e84:	0789      	lsls	r1, r1, #30
87803e86:	bf44      	itt	mi
87803e88:	3a20      	submi	r2, #32
87803e8a:	b2d2      	uxtbmi	r2, r2
87803e8c:	2a58      	cmp	r2, #88	; 0x58
87803e8e:	bf0d      	iteet	eq
87803e90:	7883      	ldrbeq	r3, [r0, #2]
87803e92:	2230      	movne	r2, #48	; 0x30
87803e94:	f89b c030 	ldrbne.w	ip, [fp, #48]	; 0x30
87803e98:	f100 0e02 	addeq.w	lr, r0, #2
87803e9c:	bf04      	itt	eq
87803e9e:	f81b c003 	ldrbeq.w	ip, [fp, r3]
87803ea2:	461a      	moveq	r2, r3
87803ea4:	f00c 0144 	and.w	r1, ip, #68	; 0x44
87803ea8:	e7a3      	b.n	87803df2 <simple_strtoull+0x26>
87803eaa:	7843      	ldrb	r3, [r0, #1]
87803eac:	f649 1bd4 	movw	fp, #39380	; 0x99d4
87803eb0:	f2c8 7b80 	movt	fp, #34688	; 0x8780
87803eb4:	3001      	adds	r0, #1
87803eb6:	f81b c003 	ldrb.w	ip, [fp, r3]
87803eba:	461a      	mov	r2, r3
87803ebc:	f01c 0f02 	tst.w	ip, #2
87803ec0:	bf16      	itet	ne
87803ec2:	f1a3 0120 	subne.w	r1, r3, #32
87803ec6:	4619      	moveq	r1, r3
87803ec8:	b2c9      	uxtbne	r1, r1
87803eca:	2958      	cmp	r1, #88	; 0x58
87803ecc:	d007      	beq.n	87803ede <simple_strtoull+0x112>
87803ece:	4686      	mov	lr, r0
87803ed0:	f00c 0144 	and.w	r1, ip, #68	; 0x44
87803ed4:	2608      	movs	r6, #8
87803ed6:	e78c      	b.n	87803df2 <simple_strtoull+0x26>
87803ed8:	2000      	movs	r0, #0
87803eda:	2100      	movs	r1, #0
87803edc:	e7b5      	b.n	87803e4a <simple_strtoull+0x7e>
87803ede:	f89e 4002 	ldrb.w	r4, [lr, #2]
87803ee2:	f81b 1004 	ldrb.w	r1, [fp, r4]
87803ee6:	f011 0f44 	tst.w	r1, #68	; 0x44
87803eea:	d0f0      	beq.n	87803ece <simple_strtoull+0x102>
87803eec:	4622      	mov	r2, r4
87803eee:	f10e 0e02 	add.w	lr, lr, #2
87803ef2:	468c      	mov	ip, r1
87803ef4:	4623      	mov	r3, r4
87803ef6:	2610      	movs	r6, #16
87803ef8:	e77d      	b.n	87803df6 <simple_strtoull+0x2a>
87803efa:	bf00      	nop

87803efc <simple_strtoll>:
87803efc:	b510      	push	{r4, lr}
87803efe:	7804      	ldrb	r4, [r0, #0]
87803f00:	2c2d      	cmp	r4, #45	; 0x2d
87803f02:	d003      	beq.n	87803f0c <simple_strtoll+0x10>
87803f04:	e8bd 4010 	ldmia.w	sp!, {r4, lr}
87803f08:	f7ff bf60 	b.w	87803dcc <simple_strtoull>
87803f0c:	3001      	adds	r0, #1
87803f0e:	f7ff ff5d 	bl	87803dcc <simple_strtoull>
87803f12:	4240      	negs	r0, r0
87803f14:	eb61 0141 	sbc.w	r1, r1, r1, lsl #1
87803f18:	bd10      	pop	{r4, pc}
87803f1a:	bf00      	nop

87803f1c <vsnprintf>:
87803f1c:	e92d 4ff0 	stmdb	sp!, {r4, r5, r6, r7, r8, r9, sl, fp, lr}
87803f20:	f1b1 0a00 	subs.w	sl, r1, #0
87803f24:	b089      	sub	sp, #36	; 0x24
87803f26:	f2c0 8284 	blt.w	87804432 <vsnprintf+0x516>
87803f2a:	f10a 37ff 	add.w	r7, sl, #4294967295	; 0xffffffff
87803f2e:	4699      	mov	r9, r3
87803f30:	4407      	add	r7, r0
87803f32:	1e43      	subs	r3, r0, #1
87803f34:	429f      	cmp	r7, r3
87803f36:	4605      	mov	r5, r0
87803f38:	9005      	str	r0, [sp, #20]
87803f3a:	4614      	mov	r4, r2
87803f3c:	7810      	ldrb	r0, [r2, #0]
87803f3e:	f0c0 80cc 	bcc.w	878040da <vsnprintf+0x1be>
87803f42:	2800      	cmp	r0, #0
87803f44:	f000 80d4 	beq.w	878040f0 <vsnprintf+0x1d4>
87803f48:	f649 18d4 	movw	r8, #39380	; 0x99d4
87803f4c:	f649 1b08 	movw	fp, #39176	; 0x9908
87803f50:	f2c8 7880 	movt	r8, #34688	; 0x8780
87803f54:	f2c8 7b80 	movt	fp, #34688	; 0x8780
87803f58:	e008      	b.n	87803f6c <vsnprintf+0x50>
87803f5a:	42af      	cmp	r7, r5
87803f5c:	bf28      	it	cs
87803f5e:	7028      	strbcs	r0, [r5, #0]
87803f60:	7860      	ldrb	r0, [r4, #1]
87803f62:	3501      	adds	r5, #1
87803f64:	3401      	adds	r4, #1
87803f66:	2800      	cmp	r0, #0
87803f68:	f000 80c0 	beq.w	878040ec <vsnprintf+0x1d0>
87803f6c:	2825      	cmp	r0, #37	; 0x25
87803f6e:	d1f4      	bne.n	87803f5a <vsnprintf+0x3e>
87803f70:	2200      	movs	r2, #0
87803f72:	7863      	ldrb	r3, [r4, #1]
87803f74:	f104 0c01 	add.w	ip, r4, #1
87803f78:	f1a3 0120 	sub.w	r1, r3, #32
87803f7c:	2910      	cmp	r1, #16
87803f7e:	d81e      	bhi.n	87803fbe <vsnprintf+0xa2>
87803f80:	e8df f001 	tbb	[pc, r1]
87803f84:	151d1d19 	ldrne	r1, [sp, #-3353]	; 0xfffff2e7
87803f88:	1d1d1d1d 	ldcne	13, cr1, [sp, #-116]	; 0xffffff8c
87803f8c:	111d1d1d 	tstne	sp, sp, lsl sp
87803f90:	1d1d0d1d 	ldcne	13, cr0, [sp, #-116]	; 0xffffff8c
87803f94:	f0420009 			; <UNDEFINED> instruction: 0xf0420009
87803f98:	0201      	lsls	r1, r0, #8
87803f9a:	4664      	mov	r4, ip
87803f9c:	e7e9      	b.n	87803f72 <vsnprintf+0x56>
87803f9e:	f042 0210 	orr.w	r2, r2, #16
87803fa2:	4664      	mov	r4, ip
87803fa4:	e7e5      	b.n	87803f72 <vsnprintf+0x56>
87803fa6:	f042 0204 	orr.w	r2, r2, #4
87803faa:	4664      	mov	r4, ip
87803fac:	e7e1      	b.n	87803f72 <vsnprintf+0x56>
87803fae:	f042 0220 	orr.w	r2, r2, #32
87803fb2:	4664      	mov	r4, ip
87803fb4:	e7dd      	b.n	87803f72 <vsnprintf+0x56>
87803fb6:	f042 0208 	orr.w	r2, r2, #8
87803fba:	4664      	mov	r4, ip
87803fbc:	e7d9      	b.n	87803f72 <vsnprintf+0x56>
87803fbe:	f818 0003 	ldrb.w	r0, [r8, r3]
87803fc2:	4619      	mov	r1, r3
87803fc4:	0746      	lsls	r6, r0, #29
87803fc6:	f100 809e 	bmi.w	87804106 <vsnprintf+0x1ea>
87803fca:	2b2a      	cmp	r3, #42	; 0x2a
87803fcc:	bf18      	it	ne
87803fce:	f04f 36ff 	movne.w	r6, #4294967295	; 0xffffffff
87803fd2:	d10b      	bne.n	87803fec <vsnprintf+0xd0>
87803fd4:	f8d9 6000 	ldr.w	r6, [r9]
87803fd8:	f104 0c02 	add.w	ip, r4, #2
87803fdc:	78a3      	ldrb	r3, [r4, #2]
87803fde:	f109 0904 	add.w	r9, r9, #4
87803fe2:	2e00      	cmp	r6, #0
87803fe4:	bfbc      	itt	lt
87803fe6:	4276      	neglt	r6, r6
87803fe8:	f042 0210 	orrlt.w	r2, r2, #16
87803fec:	2b2e      	cmp	r3, #46	; 0x2e
87803fee:	bf18      	it	ne
87803ff0:	f04f 31ff 	movne.w	r1, #4294967295	; 0xffffffff
87803ff4:	f000 809a 	beq.w	8780412c <vsnprintf+0x210>
87803ff8:	f003 00df 	and.w	r0, r3, #223	; 0xdf
87803ffc:	285a      	cmp	r0, #90	; 0x5a
87803ffe:	bf18      	it	ne
87804000:	284c      	cmpne	r0, #76	; 0x4c
87804002:	bf0c      	ite	eq
87804004:	2001      	moveq	r0, #1
87804006:	2000      	movne	r0, #0
87804008:	2b68      	cmp	r3, #104	; 0x68
8780400a:	bf08      	it	eq
8780400c:	f040 0001 	orreq.w	r0, r0, #1
87804010:	2800      	cmp	r0, #0
87804012:	f000 8106 	beq.w	87804222 <vsnprintf+0x306>
87804016:	4618      	mov	r0, r3
87804018:	f10c 0401 	add.w	r4, ip, #1
8780401c:	286c      	cmp	r0, #108	; 0x6c
8780401e:	f89c 3001 	ldrb.w	r3, [ip, #1]
87804022:	f000 809c 	beq.w	8780415e <vsnprintf+0x242>
87804026:	3b25      	subs	r3, #37	; 0x25
87804028:	2b53      	cmp	r3, #83	; 0x53
8780402a:	f200 81c6 	bhi.w	878043ba <vsnprintf+0x49e>
8780402e:	e8df f013 	tbh	[pc, r3, lsl #1]
87804032:	01c4017e 	biceq	r0, r4, lr, ror r1
87804036:	01c401c4 	biceq	r0, r4, r4, asr #3
8780403a:	01c401c4 	biceq	r0, r4, r4, asr #3
8780403e:	01c401c4 	biceq	r0, r4, r4, asr #3
87804042:	01c401c4 	biceq	r0, r4, r4, asr #3
87804046:	01c401c4 	biceq	r0, r4, r4, asr #3
8780404a:	01c401c4 	biceq	r0, r4, r4, asr #3
8780404e:	01c401c4 	biceq	r0, r4, r4, asr #3
87804052:	01c401c4 	biceq	r0, r4, r4, asr #3
87804056:	01c401c4 	biceq	r0, r4, r4, asr #3
8780405a:	01c401c4 	biceq	r0, r4, r4, asr #3
8780405e:	01c401c4 	biceq	r0, r4, r4, asr #3
87804062:	01c401c4 	biceq	r0, r4, r4, asr #3
87804066:	01c401c4 	biceq	r0, r4, r4, asr #3
8780406a:	01c401c4 	biceq	r0, r4, r4, asr #3
8780406e:	01c401c4 	biceq	r0, r4, r4, asr #3
87804072:	01c401c4 	biceq	r0, r4, r4, asr #3
87804076:	01c401c4 	biceq	r0, r4, r4, asr #3
8780407a:	01c401c4 	biceq	r0, r4, r4, asr #3
8780407e:	01c401c4 	biceq	r0, r4, r4, asr #3
87804082:	01c401c4 	biceq	r0, r4, r4, asr #3
87804086:	01c401c4 	biceq	r0, r4, r4, asr #3
8780408a:	01c401c4 	biceq	r0, r4, r4, asr #3
8780408e:	01c401c4 	biceq	r0, r4, r4, asr #3
87804092:	01c401c4 	biceq	r0, r4, r4, asr #3
87804096:	01a401c4 			; <UNDEFINED> instruction: 0x01a401c4
8780409a:	01c401c4 	biceq	r0, r4, r4, asr #3
8780409e:	01c401c4 	biceq	r0, r4, r4, asr #3
878040a2:	01c401c4 	biceq	r0, r4, r4, asr #3
878040a6:	01c401c4 	biceq	r0, r4, r4, asr #3
878040aa:	01c401c4 	biceq	r0, r4, r4, asr #3
878040ae:	01af015c 			; <UNDEFINED> instruction: 0x01af015c
878040b2:	01c401c4 	biceq	r0, r4, r4, asr #3
878040b6:	01c401c4 	biceq	r0, r4, r4, asr #3
878040ba:	01c401af 	biceq	r0, r4, pc, lsr #3
878040be:	01c401c4 	biceq	r0, r4, r4, asr #3
878040c2:	01ba01c4 			; <UNDEFINED> instruction: 0x01ba01c4
878040c6:	014501b4 	strheq	r0, [r5, #-20]	; 0xffffffec
878040ca:	01c401c4 	biceq	r0, r4, r4, asr #3
878040ce:	01c4010e 	biceq	r0, r4, lr, lsl #2
878040d2:	01c40183 	biceq	r0, r4, r3, lsl #3
878040d6:	01b701c4 			; <UNDEFINED> instruction: 0x01b701c4
878040da:	f1c5 0a00 	rsb	sl, r5, #0
878040de:	2800      	cmp	r0, #0
878040e0:	f000 809a 	beq.w	87804218 <vsnprintf+0x2fc>
878040e4:	f04f 37ff 	mov.w	r7, #4294967295	; 0xffffffff
878040e8:	e72e      	b.n	87803f48 <vsnprintf+0x2c>
878040ea:	4615      	mov	r5, r2
878040ec:	9b05      	ldr	r3, [sp, #20]
878040ee:	1ae8      	subs	r0, r5, r3
878040f0:	42af      	cmp	r7, r5
878040f2:	f080 8091 	bcs.w	87804218 <vsnprintf+0x2fc>
878040f6:	f1ba 0f00 	cmp.w	sl, #0
878040fa:	d001      	beq.n	87804100 <vsnprintf+0x1e4>
878040fc:	2300      	movs	r3, #0
878040fe:	703b      	strb	r3, [r7, #0]
87804100:	b009      	add	sp, #36	; 0x24
87804102:	e8bd 8ff0 	ldmia.w	sp!, {r4, r5, r6, r7, r8, r9, sl, fp, pc}
87804106:	2600      	movs	r6, #0
87804108:	eb06 0686 	add.w	r6, r6, r6, lsl #2
8780410c:	eb01 0646 	add.w	r6, r1, r6, lsl #1
87804110:	f81c 1f01 	ldrb.w	r1, [ip, #1]!
87804114:	3e30      	subs	r6, #48	; 0x30
87804116:	f818 0001 	ldrb.w	r0, [r8, r1]
8780411a:	460b      	mov	r3, r1
8780411c:	0740      	lsls	r0, r0, #29
8780411e:	d4f3      	bmi.n	87804108 <vsnprintf+0x1ec>
87804120:	2b2e      	cmp	r3, #46	; 0x2e
87804122:	bf18      	it	ne
87804124:	f04f 31ff 	movne.w	r1, #4294967295	; 0xffffffff
87804128:	f47f af66 	bne.w	87803ff8 <vsnprintf+0xdc>
8780412c:	f89c 4001 	ldrb.w	r4, [ip, #1]
87804130:	f10c 0001 	add.w	r0, ip, #1
87804134:	f818 1004 	ldrb.w	r1, [r8, r4]
87804138:	4623      	mov	r3, r4
8780413a:	f011 0104 	ands.w	r1, r1, #4
8780413e:	d174      	bne.n	8780422a <vsnprintf+0x30e>
87804140:	2c2a      	cmp	r4, #42	; 0x2a
87804142:	bf09      	itett	eq
87804144:	f8d9 1000 	ldreq.w	r1, [r9]
87804148:	4684      	movne	ip, r0
8780414a:	f89c 3002 	ldrbeq.w	r3, [ip, #2]
8780414e:	f109 0904 	addeq.w	r9, r9, #4
87804152:	bf04      	itt	eq
87804154:	f10c 0c02 	addeq.w	ip, ip, #2
87804158:	ea21 71e1 	biceq.w	r1, r1, r1, asr #31
8780415c:	e74c      	b.n	87803ff8 <vsnprintf+0xdc>
8780415e:	2b6c      	cmp	r3, #108	; 0x6c
87804160:	f000 8155 	beq.w	8780440e <vsnprintf+0x4f2>
87804164:	3b25      	subs	r3, #37	; 0x25
87804166:	2b53      	cmp	r3, #83	; 0x53
87804168:	f200 8127 	bhi.w	878043ba <vsnprintf+0x49e>
8780416c:	e8df f013 	tbh	[pc, r3, lsl #1]
87804170:	012500df 	ldrdeq	r0, [r5, -pc]!
87804174:	01250125 			; <UNDEFINED> instruction: 0x01250125
87804178:	01250125 			; <UNDEFINED> instruction: 0x01250125
8780417c:	01250125 			; <UNDEFINED> instruction: 0x01250125
87804180:	01250125 			; <UNDEFINED> instruction: 0x01250125
87804184:	01250125 			; <UNDEFINED> instruction: 0x01250125
87804188:	01250125 			; <UNDEFINED> instruction: 0x01250125
8780418c:	01250125 			; <UNDEFINED> instruction: 0x01250125
87804190:	01250125 			; <UNDEFINED> instruction: 0x01250125
87804194:	01250125 			; <UNDEFINED> instruction: 0x01250125
87804198:	01250125 			; <UNDEFINED> instruction: 0x01250125
8780419c:	01250125 			; <UNDEFINED> instruction: 0x01250125
878041a0:	01250125 			; <UNDEFINED> instruction: 0x01250125
878041a4:	01250125 			; <UNDEFINED> instruction: 0x01250125
878041a8:	01250125 			; <UNDEFINED> instruction: 0x01250125
878041ac:	01250125 			; <UNDEFINED> instruction: 0x01250125
878041b0:	01250125 			; <UNDEFINED> instruction: 0x01250125
878041b4:	01250125 			; <UNDEFINED> instruction: 0x01250125
878041b8:	01250125 			; <UNDEFINED> instruction: 0x01250125
878041bc:	01250125 			; <UNDEFINED> instruction: 0x01250125
878041c0:	01250125 			; <UNDEFINED> instruction: 0x01250125
878041c4:	01250125 			; <UNDEFINED> instruction: 0x01250125
878041c8:	01250125 			; <UNDEFINED> instruction: 0x01250125
878041cc:	01250125 			; <UNDEFINED> instruction: 0x01250125
878041d0:	01250125 			; <UNDEFINED> instruction: 0x01250125
878041d4:	019c0125 	orrseq	r0, ip, r5, lsr #2
878041d8:	01250125 			; <UNDEFINED> instruction: 0x01250125
878041dc:	01250125 			; <UNDEFINED> instruction: 0x01250125
878041e0:	01250125 			; <UNDEFINED> instruction: 0x01250125
878041e4:	01250125 			; <UNDEFINED> instruction: 0x01250125
878041e8:	01250125 			; <UNDEFINED> instruction: 0x01250125
878041ec:	019500bd 	ldrheq	r0, [r5, sp]
878041f0:	01250125 			; <UNDEFINED> instruction: 0x01250125
878041f4:	01250125 			; <UNDEFINED> instruction: 0x01250125
878041f8:	01250195 			; <UNDEFINED> instruction: 0x01250195
878041fc:	01250125 			; <UNDEFINED> instruction: 0x01250125
87804200:	01370125 	teqeq	r7, r5, lsr #2
87804204:	00a601a3 	adceq	r0, r6, r3, lsr #3
87804208:	01250125 			; <UNDEFINED> instruction: 0x01250125
8780420c:	0125006f 			; <UNDEFINED> instruction: 0x0125006f
87804210:	012501a8 	smulwbeq	r5, r8, r1
87804214:	01410125 	cmpeq	r1, r5, lsr #2
87804218:	2300      	movs	r3, #0
8780421a:	702b      	strb	r3, [r5, #0]
8780421c:	b009      	add	sp, #36	; 0x24
8780421e:	e8bd 8ff0 	ldmia.w	sp!, {r4, r5, r6, r7, r8, r9, sl, fp, pc}
87804222:	4664      	mov	r4, ip
87804224:	f04f 30ff 	mov.w	r0, #4294967295	; 0xffffffff
87804228:	e6fd      	b.n	87804026 <vsnprintf+0x10a>
8780422a:	2100      	movs	r1, #0
8780422c:	f810 3f01 	ldrb.w	r3, [r0, #1]!
87804230:	eb01 0181 	add.w	r1, r1, r1, lsl #2
87804234:	eb04 0141 	add.w	r1, r4, r1, lsl #1
87804238:	f818 c003 	ldrb.w	ip, [r8, r3]
8780423c:	461c      	mov	r4, r3
8780423e:	3930      	subs	r1, #48	; 0x30
87804240:	f01c 0f04 	tst.w	ip, #4
87804244:	d1f2      	bne.n	8780422c <vsnprintf+0x310>
87804246:	ea21 71e1 	bic.w	r1, r1, r1, asr #31
8780424a:	4684      	mov	ip, r0
8780424c:	e6d4      	b.n	87803ff8 <vsnprintf+0xdc>
8780424e:	f8d9 3000 	ldr.w	r3, [r9]
87804252:	f109 0904 	add.w	r9, r9, #4
87804256:	9207      	str	r2, [sp, #28]
87804258:	f5b3 6f80 	cmp.w	r3, #1024	; 0x400
8780425c:	bf38      	it	cc
8780425e:	465b      	movcc	r3, fp
87804260:	4618      	mov	r0, r3
87804262:	9306      	str	r3, [sp, #24]
87804264:	f7ff f984 	bl	87803570 <strnlen>
87804268:	9a07      	ldr	r2, [sp, #28]
8780426a:	1e71      	subs	r1, r6, #1
8780426c:	9b06      	ldr	r3, [sp, #24]
8780426e:	f012 0f10 	tst.w	r2, #16
87804272:	f000 80e8 	beq.w	87804446 <vsnprintf+0x52a>
87804276:	2800      	cmp	r0, #0
87804278:	bfd8      	it	le
8780427a:	462a      	movle	r2, r5
8780427c:	dd0d      	ble.n	8780429a <vsnprintf+0x37e>
8780427e:	182a      	adds	r2, r5, r0
87804280:	42bd      	cmp	r5, r7
87804282:	f105 0501 	add.w	r5, r5, #1
87804286:	bf98      	it	ls
87804288:	f893 c000 	ldrbls.w	ip, [r3]
8780428c:	f103 0301 	add.w	r3, r3, #1
87804290:	bf98      	it	ls
87804292:	f805 cc01 	strbls.w	ip, [r5, #-1]
87804296:	4295      	cmp	r5, r2
87804298:	d1f2      	bne.n	87804280 <vsnprintf+0x364>
8780429a:	4286      	cmp	r6, r0
8780429c:	4615      	mov	r5, r2
8780429e:	bfc2      	ittt	gt
878042a0:	1c4a      	addgt	r2, r1, #1
878042a2:	2120      	movgt	r1, #32
878042a4:	1952      	addgt	r2, r2, r5
878042a6:	dd66      	ble.n	87804376 <vsnprintf+0x45a>
878042a8:	42bd      	cmp	r5, r7
878042aa:	f105 0501 	add.w	r5, r5, #1
878042ae:	bf98      	it	ls
878042b0:	f805 1c01 	strbls.w	r1, [r5, #-1]
878042b4:	1b53      	subs	r3, r2, r5
878042b6:	4298      	cmp	r0, r3
878042b8:	dbf6      	blt.n	878042a8 <vsnprintf+0x38c>
878042ba:	e05c      	b.n	87804376 <vsnprintf+0x45a>
878042bc:	f8d9 c000 	ldr.w	ip, [r9]
878042c0:	1c70      	adds	r0, r6, #1
878042c2:	bf04      	itt	eq
878042c4:	f042 0201 	orreq.w	r2, r2, #1
878042c8:	2608      	moveq	r6, #8
878042ca:	9102      	str	r1, [sp, #8]
878042cc:	2110      	movs	r1, #16
878042ce:	4628      	mov	r0, r5
878042d0:	9203      	str	r2, [sp, #12]
878042d2:	9100      	str	r1, [sp, #0]
878042d4:	2300      	movs	r3, #0
878042d6:	4662      	mov	r2, ip
878042d8:	9601      	str	r6, [sp, #4]
878042da:	4639      	mov	r1, r7
878042dc:	f109 0904 	add.w	r9, r9, #4
878042e0:	f7ff face 	bl	87803880 <number>
878042e4:	4605      	mov	r5, r0
878042e6:	7860      	ldrb	r0, [r4, #1]
878042e8:	e63c      	b.n	87803f64 <vsnprintf+0x48>
878042ea:	06d3      	lsls	r3, r2, #27
878042ec:	f106 31ff 	add.w	r1, r6, #4294967295	; 0xffffffff
878042f0:	f140 80be 	bpl.w	87804470 <vsnprintf+0x554>
878042f4:	42bd      	cmp	r5, r7
878042f6:	f109 0004 	add.w	r0, r9, #4
878042fa:	bf98      	it	ls
878042fc:	f8d9 3000 	ldrls.w	r3, [r9]
87804300:	f105 0601 	add.w	r6, r5, #1
87804304:	bf98      	it	ls
87804306:	702b      	strbls	r3, [r5, #0]
87804308:	2900      	cmp	r1, #0
8780430a:	f340 80de 	ble.w	878044ca <vsnprintf+0x5ae>
8780430e:	1c4a      	adds	r2, r1, #1
87804310:	4633      	mov	r3, r6
87804312:	4415      	add	r5, r2
87804314:	2220      	movs	r2, #32
87804316:	42bb      	cmp	r3, r7
87804318:	f103 0301 	add.w	r3, r3, #1
8780431c:	bf98      	it	ls
8780431e:	f803 2c01 	strbls.w	r2, [r3, #-1]
87804322:	42ab      	cmp	r3, r5
87804324:	d1f7      	bne.n	87804316 <vsnprintf+0x3fa>
87804326:	4681      	mov	r9, r0
87804328:	1875      	adds	r5, r6, r1
8780432a:	7860      	ldrb	r0, [r4, #1]
8780432c:	e61a      	b.n	87803f64 <vsnprintf+0x48>
8780432e:	42af      	cmp	r7, r5
87804330:	bf24      	itt	cs
87804332:	2325      	movcs	r3, #37	; 0x25
87804334:	702b      	strbcs	r3, [r5, #0]
87804336:	e613      	b.n	87803f60 <vsnprintf+0x44>
87804338:	f04f 0c0a 	mov.w	ip, #10
8780433c:	284c      	cmp	r0, #76	; 0x4c
8780433e:	d022      	beq.n	87804386 <vsnprintf+0x46a>
87804340:	286c      	cmp	r0, #108	; 0x6c
87804342:	f109 0e04 	add.w	lr, r9, #4
87804346:	d058      	beq.n	878043fa <vsnprintf+0x4de>
87804348:	f020 0320 	bic.w	r3, r0, #32
8780434c:	2b5a      	cmp	r3, #90	; 0x5a
8780434e:	d164      	bne.n	8780441a <vsnprintf+0x4fe>
87804350:	f8d9 3000 	ldr.w	r3, [r9]
87804354:	46f1      	mov	r9, lr
87804356:	ee80 3b90 	vdup.32	d16, r3
8780435a:	ffe0 00b0 	vshr.u64	d16, d16, #32
8780435e:	9203      	str	r2, [sp, #12]
87804360:	4628      	mov	r0, r5
87804362:	9102      	str	r1, [sp, #8]
87804364:	4639      	mov	r1, r7
87804366:	ec53 2b30 	vmov	r2, r3, d16
8780436a:	9601      	str	r6, [sp, #4]
8780436c:	f8cd c000 	str.w	ip, [sp]
87804370:	f7ff fa86 	bl	87803880 <number>
87804374:	4605      	mov	r5, r0
87804376:	7860      	ldrb	r0, [r4, #1]
87804378:	e5f4      	b.n	87803f64 <vsnprintf+0x48>
8780437a:	284c      	cmp	r0, #76	; 0x4c
8780437c:	f042 0240 	orr.w	r2, r2, #64	; 0x40
87804380:	f04f 0c10 	mov.w	ip, #16
87804384:	d1dc      	bne.n	87804340 <vsnprintf+0x424>
87804386:	edd9 0b00 	vldr	d16, [r9]
8780438a:	f109 0908 	add.w	r9, r9, #8
8780438e:	e7e6      	b.n	8780435e <vsnprintf+0x442>
87804390:	f042 0202 	orr.w	r2, r2, #2
87804394:	f04f 0c0a 	mov.w	ip, #10
87804398:	e7d0      	b.n	8780433c <vsnprintf+0x420>
8780439a:	f04f 0c08 	mov.w	ip, #8
8780439e:	e7cd      	b.n	8780433c <vsnprintf+0x420>
878043a0:	f04f 0c10 	mov.w	ip, #16
878043a4:	e7ca      	b.n	8780433c <vsnprintf+0x420>
878043a6:	9b05      	ldr	r3, [sp, #20]
878043a8:	f8d9 2000 	ldr.w	r2, [r9]
878043ac:	1ae9      	subs	r1, r5, r3
878043ae:	f109 0304 	add.w	r3, r9, #4
878043b2:	6011      	str	r1, [r2, #0]
878043b4:	4699      	mov	r9, r3
878043b6:	7860      	ldrb	r0, [r4, #1]
878043b8:	e5d4      	b.n	87803f64 <vsnprintf+0x48>
878043ba:	42af      	cmp	r7, r5
878043bc:	f105 0201 	add.w	r2, r5, #1
878043c0:	bf24      	itt	cs
878043c2:	2325      	movcs	r3, #37	; 0x25
878043c4:	702b      	strbcs	r3, [r5, #0]
878043c6:	7823      	ldrb	r3, [r4, #0]
878043c8:	2b00      	cmp	r3, #0
878043ca:	f43f ae8e 	beq.w	878040ea <vsnprintf+0x1ce>
878043ce:	42ba      	cmp	r2, r7
878043d0:	f105 0502 	add.w	r5, r5, #2
878043d4:	bf98      	it	ls
878043d6:	f805 3c01 	strbls.w	r3, [r5, #-1]
878043da:	7860      	ldrb	r0, [r4, #1]
878043dc:	e5c2      	b.n	87803f64 <vsnprintf+0x48>
878043de:	9a05      	ldr	r2, [sp, #20]
878043e0:	f109 0904 	add.w	r9, r9, #4
878043e4:	f859 3c04 	ldr.w	r3, [r9, #-4]
878043e8:	1aaa      	subs	r2, r5, r2
878043ea:	601a      	str	r2, [r3, #0]
878043ec:	f89c 0002 	ldrb.w	r0, [ip, #2]
878043f0:	e5b8      	b.n	87803f64 <vsnprintf+0x48>
878043f2:	f109 0e04 	add.w	lr, r9, #4
878043f6:	f04f 0c10 	mov.w	ip, #16
878043fa:	f8d9 3000 	ldr.w	r3, [r9]
878043fe:	46f1      	mov	r9, lr
87804400:	ee80 3b90 	vdup.32	d16, r3
87804404:	0793      	lsls	r3, r2, #30
87804406:	d5a8      	bpl.n	8780435a <vsnprintf+0x43e>
87804408:	efe0 00b0 	vshr.s64	d16, d16, #32
8780440c:	e7a7      	b.n	8780435e <vsnprintf+0x442>
8780440e:	f10c 0402 	add.w	r4, ip, #2
87804412:	f89c 3002 	ldrb.w	r3, [ip, #2]
87804416:	204c      	movs	r0, #76	; 0x4c
87804418:	e605      	b.n	87804026 <vsnprintf+0x10a>
8780441a:	2868      	cmp	r0, #104	; 0x68
8780441c:	f002 0302 	and.w	r3, r2, #2
87804420:	f8d9 0000 	ldr.w	r0, [r9]
87804424:	46f1      	mov	r9, lr
87804426:	d008      	beq.n	8780443a <vsnprintf+0x51e>
87804428:	ee80 0b90 	vdup.32	d16, r0
8780442c:	2b00      	cmp	r3, #0
8780442e:	d1eb      	bne.n	87804408 <vsnprintf+0x4ec>
87804430:	e793      	b.n	8780435a <vsnprintf+0x43e>
87804432:	2000      	movs	r0, #0
87804434:	b009      	add	sp, #36	; 0x24
87804436:	e8bd 8ff0 	ldmia.w	sp!, {r4, r5, r6, r7, r8, r9, sl, fp, pc}
8780443a:	ee80 0bb0 	vdup.16	d16, r0
8780443e:	b34b      	cbz	r3, 87804494 <vsnprintf+0x578>
87804440:	efd0 00b0 	vshr.s64	d16, d16, #48
87804444:	e78b      	b.n	8780435e <vsnprintf+0x442>
87804446:	4286      	cmp	r6, r0
87804448:	bfde      	ittt	le
8780444a:	1eb2      	suble	r2, r6, #2
8780444c:	460e      	movle	r6, r1
8780444e:	4611      	movle	r1, r2
87804450:	f77f af11 	ble.w	87804276 <vsnprintf+0x35a>
87804454:	1a32      	subs	r2, r6, r0
87804456:	2120      	movs	r1, #32
87804458:	442a      	add	r2, r5
8780445a:	42bd      	cmp	r5, r7
8780445c:	f105 0501 	add.w	r5, r5, #1
87804460:	bf98      	it	ls
87804462:	f805 1c01 	strbls.w	r1, [r5, #-1]
87804466:	4295      	cmp	r5, r2
87804468:	d1f7      	bne.n	8780445a <vsnprintf+0x53e>
8780446a:	1e46      	subs	r6, r0, #1
8780446c:	1e71      	subs	r1, r6, #1
8780446e:	e702      	b.n	87804276 <vsnprintf+0x35a>
87804470:	2900      	cmp	r1, #0
87804472:	bfd8      	it	le
87804474:	1eb1      	suble	r1, r6, #2
87804476:	f77f af3d 	ble.w	878042f4 <vsnprintf+0x3d8>
8780447a:	4429      	add	r1, r5
8780447c:	2320      	movs	r3, #32
8780447e:	42bd      	cmp	r5, r7
87804480:	f105 0501 	add.w	r5, r5, #1
87804484:	bf98      	it	ls
87804486:	f805 3c01 	strbls.w	r3, [r5, #-1]
8780448a:	428d      	cmp	r5, r1
8780448c:	d1f7      	bne.n	8780447e <vsnprintf+0x562>
8780448e:	f04f 31ff 	mov.w	r1, #4294967295	; 0xffffffff
87804492:	e72f      	b.n	878042f4 <vsnprintf+0x3d8>
87804494:	ffd0 00b0 	vshr.u64	d16, d16, #48
87804498:	e761      	b.n	8780435e <vsnprintf+0x442>
8780449a:	f042 0202 	orr.w	r2, r2, #2
8780449e:	f109 0e04 	add.w	lr, r9, #4
878044a2:	f04f 0c0a 	mov.w	ip, #10
878044a6:	e7a8      	b.n	878043fa <vsnprintf+0x4de>
878044a8:	f042 0240 	orr.w	r2, r2, #64	; 0x40
878044ac:	f109 0e04 	add.w	lr, r9, #4
878044b0:	f04f 0c10 	mov.w	ip, #16
878044b4:	e7a1      	b.n	878043fa <vsnprintf+0x4de>
878044b6:	f109 0e04 	add.w	lr, r9, #4
878044ba:	f04f 0c08 	mov.w	ip, #8
878044be:	e79c      	b.n	878043fa <vsnprintf+0x4de>
878044c0:	f109 0e04 	add.w	lr, r9, #4
878044c4:	f04f 0c0a 	mov.w	ip, #10
878044c8:	e797      	b.n	878043fa <vsnprintf+0x4de>
878044ca:	4681      	mov	r9, r0
878044cc:	4635      	mov	r5, r6
878044ce:	7860      	ldrb	r0, [r4, #1]
878044d0:	e548      	b.n	87803f64 <vsnprintf+0x48>
878044d2:	bf00      	nop

878044d4 <vscnprintf>:
878044d4:	b510      	push	{r4, lr}
878044d6:	460c      	mov	r4, r1
878044d8:	f7ff fd20 	bl	87803f1c <vsnprintf>
878044dc:	42a0      	cmp	r0, r4
878044de:	bf28      	it	cs
878044e0:	f104 30ff 	addcs.w	r0, r4, #4294967295	; 0xffffffff
878044e4:	bd10      	pop	{r4, pc}
878044e6:	bf00      	nop

878044e8 <snprintf>:
878044e8:	b40c      	push	{r2, r3}
878044ea:	b508      	push	{r3, lr}
878044ec:	ab03      	add	r3, sp, #12
878044ee:	9a02      	ldr	r2, [sp, #8]
878044f0:	f7ff fd14 	bl	87803f1c <vsnprintf>
878044f4:	e8bd 4008 	ldmia.w	sp!, {r3, lr}
878044f8:	b002      	add	sp, #8
878044fa:	4770      	bx	lr

878044fc <scnprintf>:
878044fc:	b40c      	push	{r2, r3}
878044fe:	b510      	push	{r4, lr}
87804500:	460c      	mov	r4, r1
87804502:	ab03      	add	r3, sp, #12
87804504:	9a02      	ldr	r2, [sp, #8]
87804506:	f7ff fd09 	bl	87803f1c <vsnprintf>
8780450a:	42a0      	cmp	r0, r4
8780450c:	bf28      	it	cs
8780450e:	f104 30ff 	addcs.w	r0, r4, #4294967295	; 0xffffffff
87804512:	e8bd 4010 	ldmia.w	sp!, {r4, lr}
87804516:	b002      	add	sp, #8
87804518:	4770      	bx	lr
8780451a:	bf00      	nop

8780451c <vsprintf>:
8780451c:	4613      	mov	r3, r2
8780451e:	460a      	mov	r2, r1
87804520:	f06f 4100 	mvn.w	r1, #2147483648	; 0x80000000
87804524:	f7ff bcfa 	b.w	87803f1c <vsnprintf>

87804528 <sprintf>:
87804528:	b40e      	push	{r1, r2, r3}
8780452a:	f06f 4100 	mvn.w	r1, #2147483648	; 0x80000000
8780452e:	b500      	push	{lr}
87804530:	ab02      	add	r3, sp, #8
87804532:	9a01      	ldr	r2, [sp, #4]
87804534:	f7ff fcf2 	bl	87803f1c <vsnprintf>
87804538:	f85d eb04 	ldr.w	lr, [sp], #4
8780453c:	b003      	add	sp, #12
8780453e:	4770      	bx	lr

87804540 <vsscanf>:
87804540:	e92d 47f0 	stmdb	sp!, {r4, r5, r6, r7, r8, r9, sl, lr}
87804544:	f649 14d4 	movw	r4, #39380	; 0x99d4
87804548:	780b      	ldrb	r3, [r1, #0]
8780454a:	b082      	sub	sp, #8
8780454c:	4680      	mov	r8, r0
8780454e:	460d      	mov	r5, r1
87804550:	f2c8 7480 	movt	r4, #34688	; 0x8780
87804554:	2700      	movs	r7, #0
87804556:	b143      	cbz	r3, 8780456a <vsscanf+0x2a>
87804558:	7806      	ldrb	r6, [r0, #0]
8780455a:	b136      	cbz	r6, 8780456a <vsscanf+0x2a>
8780455c:	5ce1      	ldrb	r1, [r4, r3]
8780455e:	0689      	lsls	r1, r1, #26
87804560:	d407      	bmi.n	87804572 <vsscanf+0x32>
87804562:	2b25      	cmp	r3, #37	; 0x25
87804564:	d01f      	beq.n	878045a6 <vsscanf+0x66>
87804566:	42b3      	cmp	r3, r6
87804568:	d017      	beq.n	8780459a <vsscanf+0x5a>
8780456a:	4638      	mov	r0, r7
8780456c:	b002      	add	sp, #8
8780456e:	e8bd 87f0 	ldmia.w	sp!, {r4, r5, r6, r7, r8, r9, sl, pc}
87804572:	f815 3f01 	ldrb.w	r3, [r5, #1]!
87804576:	5ce1      	ldrb	r1, [r4, r3]
87804578:	0689      	lsls	r1, r1, #26
8780457a:	d4fa      	bmi.n	87804572 <vsscanf+0x32>
8780457c:	5da1      	ldrb	r1, [r4, r6]
8780457e:	068e      	lsls	r6, r1, #26
87804580:	d504      	bpl.n	8780458c <vsscanf+0x4c>
87804582:	f810 1f01 	ldrb.w	r1, [r0, #1]!
87804586:	5c61      	ldrb	r1, [r4, r1]
87804588:	0689      	lsls	r1, r1, #26
8780458a:	d4fa      	bmi.n	87804582 <vsscanf+0x42>
8780458c:	2b25      	cmp	r3, #37	; 0x25
8780458e:	bf18      	it	ne
87804590:	2b00      	cmpne	r3, #0
87804592:	d006      	beq.n	878045a2 <vsscanf+0x62>
87804594:	7806      	ldrb	r6, [r0, #0]
87804596:	42b3      	cmp	r3, r6
87804598:	d1e7      	bne.n	8780456a <vsscanf+0x2a>
8780459a:	786b      	ldrb	r3, [r5, #1]
8780459c:	3001      	adds	r0, #1
8780459e:	3501      	adds	r5, #1
878045a0:	e7d9      	b.n	87804556 <vsscanf+0x16>
878045a2:	2b00      	cmp	r3, #0
878045a4:	d0e1      	beq.n	8780456a <vsscanf+0x2a>
878045a6:	786b      	ldrb	r3, [r5, #1]
878045a8:	3501      	adds	r5, #1
878045aa:	2b2a      	cmp	r3, #42	; 0x2a
878045ac:	461e      	mov	r6, r3
878045ae:	5ce1      	ldrb	r1, [r4, r3]
878045b0:	f000 81f5 	beq.w	8780499e <vsscanf+0x45e>
878045b4:	0749      	lsls	r1, r1, #29
878045b6:	bf58      	it	pl
878045b8:	f04f 31ff 	movpl.w	r1, #4294967295	; 0xffffffff
878045bc:	f100 80d0 	bmi.w	87804760 <vsscanf+0x220>
878045c0:	f003 06df 	and.w	r6, r3, #223	; 0xdf
878045c4:	2e5a      	cmp	r6, #90	; 0x5a
878045c6:	bf18      	it	ne
878045c8:	2e4c      	cmpne	r6, #76	; 0x4c
878045ca:	bf0c      	ite	eq
878045cc:	2601      	moveq	r6, #1
878045ce:	2600      	movne	r6, #0
878045d0:	2b68      	cmp	r3, #104	; 0x68
878045d2:	bf08      	it	eq
878045d4:	f046 0601 	orreq.w	r6, r6, #1
878045d8:	2e00      	cmp	r6, #0
878045da:	f000 81db 	beq.w	87804994 <vsscanf+0x454>
878045de:	f895 c001 	ldrb.w	ip, [r5, #1]
878045e2:	f105 0901 	add.w	r9, r5, #1
878045e6:	459c      	cmp	ip, r3
878045e8:	f000 8193 	beq.w	87804912 <vsscanf+0x3d2>
878045ec:	f1bc 0f00 	cmp.w	ip, #0
878045f0:	d0bb      	beq.n	8780456a <vsscanf+0x2a>
878045f2:	7806      	ldrb	r6, [r0, #0]
878045f4:	2e00      	cmp	r6, #0
878045f6:	d0b8      	beq.n	8780456a <vsscanf+0x2a>
878045f8:	f1ac 0c25 	sub.w	ip, ip, #37	; 0x25
878045fc:	f109 0501 	add.w	r5, r9, #1
87804600:	f1bc 0f53 	cmp.w	ip, #83	; 0x53
87804604:	d8b1      	bhi.n	8780456a <vsscanf+0x2a>
87804606:	f20f 0e08 	addw	lr, pc, #8
8780460a:	f85e f02c 	ldr.w	pc, [lr, ip, lsl #2]
8780460e:	bf00      	nop
87804610:	8780484b 	strhi	r4, [r0, fp, asr #16]
87804614:	8780456b 	strhi	r4, [r0, fp, ror #10]
87804618:	8780456b 	strhi	r4, [r0, fp, ror #10]
8780461c:	8780456b 	strhi	r4, [r0, fp, ror #10]
87804620:	8780456b 	strhi	r4, [r0, fp, ror #10]
87804624:	8780456b 	strhi	r4, [r0, fp, ror #10]
87804628:	8780456b 	strhi	r4, [r0, fp, ror #10]
8780462c:	8780456b 	strhi	r4, [r0, fp, ror #10]
87804630:	8780456b 	strhi	r4, [r0, fp, ror #10]
87804634:	8780456b 	strhi	r4, [r0, fp, ror #10]
87804638:	8780456b 	strhi	r4, [r0, fp, ror #10]
8780463c:	8780456b 	strhi	r4, [r0, fp, ror #10]
87804640:	8780456b 	strhi	r4, [r0, fp, ror #10]
87804644:	8780456b 	strhi	r4, [r0, fp, ror #10]
87804648:	8780456b 	strhi	r4, [r0, fp, ror #10]
8780464c:	8780456b 	strhi	r4, [r0, fp, ror #10]
87804650:	8780456b 	strhi	r4, [r0, fp, ror #10]
87804654:	8780456b 	strhi	r4, [r0, fp, ror #10]
87804658:	8780456b 	strhi	r4, [r0, fp, ror #10]
8780465c:	8780456b 	strhi	r4, [r0, fp, ror #10]
87804660:	8780456b 	strhi	r4, [r0, fp, ror #10]
87804664:	8780456b 	strhi	r4, [r0, fp, ror #10]
87804668:	8780456b 	strhi	r4, [r0, fp, ror #10]
8780466c:	8780456b 	strhi	r4, [r0, fp, ror #10]
87804670:	8780456b 	strhi	r4, [r0, fp, ror #10]
87804674:	8780456b 	strhi	r4, [r0, fp, ror #10]
87804678:	8780456b 	strhi	r4, [r0, fp, ror #10]
8780467c:	8780456b 	strhi	r4, [r0, fp, ror #10]
87804680:	8780456b 	strhi	r4, [r0, fp, ror #10]
87804684:	8780456b 	strhi	r4, [r0, fp, ror #10]
87804688:	8780456b 	strhi	r4, [r0, fp, ror #10]
8780468c:	8780456b 	strhi	r4, [r0, fp, ror #10]
87804690:	8780456b 	strhi	r4, [r0, fp, ror #10]
87804694:	8780456b 	strhi	r4, [r0, fp, ror #10]
87804698:	8780456b 	strhi	r4, [r0, fp, ror #10]
8780469c:	8780456b 	strhi	r4, [r0, fp, ror #10]
878046a0:	8780456b 	strhi	r4, [r0, fp, ror #10]
878046a4:	8780456b 	strhi	r4, [r0, fp, ror #10]
878046a8:	8780456b 	strhi	r4, [r0, fp, ror #10]
878046ac:	8780456b 	strhi	r4, [r0, fp, ror #10]
878046b0:	8780456b 	strhi	r4, [r0, fp, ror #10]
878046b4:	8780456b 	strhi	r4, [r0, fp, ror #10]
878046b8:	8780456b 	strhi	r4, [r0, fp, ror #10]
878046bc:	8780456b 	strhi	r4, [r0, fp, ror #10]
878046c0:	8780456b 	strhi	r4, [r0, fp, ror #10]
878046c4:	8780456b 	strhi	r4, [r0, fp, ror #10]
878046c8:	8780456b 	strhi	r4, [r0, fp, ror #10]
878046cc:	8780456b 	strhi	r4, [r0, fp, ror #10]
878046d0:	8780456b 	strhi	r4, [r0, fp, ror #10]
878046d4:	8780456b 	strhi	r4, [r0, fp, ror #10]
878046d8:	8780456b 	strhi	r4, [r0, fp, ror #10]
878046dc:	878048fb 			; <UNDEFINED> instruction: 0x878048fb
878046e0:	8780456b 	strhi	r4, [r0, fp, ror #10]
878046e4:	8780456b 	strhi	r4, [r0, fp, ror #10]
878046e8:	8780456b 	strhi	r4, [r0, fp, ror #10]
878046ec:	8780456b 	strhi	r4, [r0, fp, ror #10]
878046f0:	8780456b 	strhi	r4, [r0, fp, ror #10]
878046f4:	8780456b 	strhi	r4, [r0, fp, ror #10]
878046f8:	8780456b 	strhi	r4, [r0, fp, ror #10]
878046fc:	8780456b 	strhi	r4, [r0, fp, ror #10]
87804700:	8780456b 	strhi	r4, [r0, fp, ror #10]
87804704:	8780456b 	strhi	r4, [r0, fp, ror #10]
87804708:	878048cf 	strhi	r4, [r0, pc, asr #17]
8780470c:	8780477f 			; <UNDEFINED> instruction: 0x8780477f
87804710:	8780456b 	strhi	r4, [r0, fp, ror #10]
87804714:	8780456b 	strhi	r4, [r0, fp, ror #10]
87804718:	8780456b 	strhi	r4, [r0, fp, ror #10]
8780471c:	8780456b 	strhi	r4, [r0, fp, ror #10]
87804720:	87804907 	strhi	r4, [r0, r7, lsl #18]
87804724:	8780456b 	strhi	r4, [r0, fp, ror #10]
87804728:	8780456b 	strhi	r4, [r0, fp, ror #10]
8780472c:	8780456b 	strhi	r4, [r0, fp, ror #10]
87804730:	8780456b 	strhi	r4, [r0, fp, ror #10]
87804734:	87804859 			; <UNDEFINED> instruction: 0x87804859
87804738:	87804869 	strhi	r4, [r0, r9, ror #16]
8780473c:	8780456b 	strhi	r4, [r0, fp, ror #10]
87804740:	8780456b 	strhi	r4, [r0, fp, ror #10]
87804744:	8780456b 	strhi	r4, [r0, fp, ror #10]
87804748:	87804875 			; <UNDEFINED> instruction: 0x87804875
8780474c:	8780456b 	strhi	r4, [r0, fp, ror #10]
87804750:	878048c3 	strhi	r4, [r0, r3, asr #17]
87804754:	8780456b 	strhi	r4, [r0, fp, ror #10]
87804758:	8780456b 	strhi	r4, [r0, fp, ror #10]
8780475c:	878048fb 			; <UNDEFINED> instruction: 0x878048fb
87804760:	2100      	movs	r1, #0
87804762:	eb01 0181 	add.w	r1, r1, r1, lsl #2
87804766:	eb06 0141 	add.w	r1, r6, r1, lsl #1
8780476a:	f815 6f01 	ldrb.w	r6, [r5, #1]!
8780476e:	3930      	subs	r1, #48	; 0x30
87804770:	f814 c006 	ldrb.w	ip, [r4, r6]
87804774:	4633      	mov	r3, r6
87804776:	f01c 0f04 	tst.w	ip, #4
8780477a:	d1f2      	bne.n	87804762 <vsscanf+0x222>
8780477c:	e720      	b.n	878045c0 <vsscanf+0x80>
8780477e:	f04f 0a01 	mov.w	sl, #1
87804782:	f04f 0c0a 	mov.w	ip, #10
87804786:	46d6      	mov	lr, sl
87804788:	5da1      	ldrb	r1, [r4, r6]
8780478a:	0689      	lsls	r1, r1, #26
8780478c:	f140 8127 	bpl.w	878049de <vsscanf+0x49e>
87804790:	f810 6f01 	ldrb.w	r6, [r0, #1]!
87804794:	5da1      	ldrb	r1, [r4, r6]
87804796:	0689      	lsls	r1, r1, #26
87804798:	d4fa      	bmi.n	87804790 <vsscanf+0x250>
8780479a:	2e2d      	cmp	r6, #45	; 0x2d
8780479c:	bf14      	ite	ne
8780479e:	2100      	movne	r1, #0
878047a0:	f00a 0101 	andeq.w	r1, sl, #1
878047a4:	b101      	cbz	r1, 878047a8 <vsscanf+0x268>
878047a6:	7846      	ldrb	r6, [r0, #1]
878047a8:	2e00      	cmp	r6, #0
878047aa:	f43f aede 	beq.w	8780456a <vsscanf+0x2a>
878047ae:	f1bc 0f10 	cmp.w	ip, #16
878047b2:	f000 80e9 	beq.w	87804988 <vsscanf+0x448>
878047b6:	f1bc 0f0a 	cmp.w	ip, #10
878047ba:	f000 80e0 	beq.w	8780497e <vsscanf+0x43e>
878047be:	f1bc 0f08 	cmp.w	ip, #8
878047c2:	f040 80d8 	bne.w	87804976 <vsscanf+0x436>
878047c6:	5da1      	ldrb	r1, [r4, r6]
878047c8:	f081 0104 	eor.w	r1, r1, #4
878047cc:	f3c1 0180 	ubfx	r1, r1, #2, #1
878047d0:	2e37      	cmp	r6, #55	; 0x37
878047d2:	bf94      	ite	ls
878047d4:	460e      	movls	r6, r1
878047d6:	f041 0601 	orrhi.w	r6, r1, #1
878047da:	2e00      	cmp	r6, #0
878047dc:	f47f aec5 	bne.w	8780456a <vsscanf+0x2a>
878047e0:	3b48      	subs	r3, #72	; 0x48
878047e2:	1d16      	adds	r6, r2, #4
878047e4:	f8d2 a000 	ldr.w	sl, [r2]
878047e8:	2b32      	cmp	r3, #50	; 0x32
878047ea:	d81b      	bhi.n	87804824 <vsscanf+0x2e4>
878047ec:	e8df f003 	tbb	[pc, r3]
878047f0:	1a1a1ab9 	bne	87e8b2dc <__bss_end+0x680a68>
878047f4:	1a1a1aaf 	bne	87e8b2b8 <__bss_end+0x680a44>
878047f8:	1a1a1a1a 	bne	87e8b068 <__bss_end+0x6807f4>
878047fc:	1a1a1a1a 	bne	87e8b06c <__bss_end+0x6807f8>
87804800:	1aa81a1a 	bne	8620b070 <shift+0x8620b070>
87804804:	1a1a1a1a 	bne	87e8b074 <__bss_end+0x680800>
87804808:	1a1a1a1a 	bne	87e8b078 <__bss_end+0x680804>
8780480c:	1a1a1a1a 	bne	87e8b07c <__bss_end+0x680808>
87804810:	1a1a1a9e 	bne	87e8b290 <__bss_end+0x680a1c>
87804814:	1a1a1a1a 	bne	87e8b084 <__bss_end+0x680810>
87804818:	1a1a1a1a 	bne	87e8b088 <__bss_end+0x680814>
8780481c:	1a1a1a1a 	bne	87e8b08c <__bss_end+0x680818>
87804820:	00a81a1a 	adceq	r1, r8, sl, lsl sl
87804824:	4662      	mov	r2, ip
87804826:	a901      	add	r1, sp, #4
87804828:	f1be 0f00 	cmp.w	lr, #0
8780482c:	f000 80d2 	beq.w	878049d4 <vsscanf+0x494>
87804830:	f7ff fabe 	bl	87803db0 <simple_strtol>
87804834:	f8ca 0000 	str.w	r0, [sl]
87804838:	9801      	ldr	r0, [sp, #4]
8780483a:	3701      	adds	r7, #1
8780483c:	2800      	cmp	r0, #0
8780483e:	f43f ae94 	beq.w	8780456a <vsscanf+0x2a>
87804842:	f899 3001 	ldrb.w	r3, [r9, #1]
87804846:	4632      	mov	r2, r6
87804848:	e685      	b.n	87804556 <vsscanf+0x16>
8780484a:	2e25      	cmp	r6, #37	; 0x25
8780484c:	f47f ae8d 	bne.w	8780456a <vsscanf+0x2a>
87804850:	3001      	adds	r0, #1
87804852:	f899 3001 	ldrb.w	r3, [r9, #1]
87804856:	e67e      	b.n	87804556 <vsscanf+0x16>
87804858:	6813      	ldr	r3, [r2, #0]
8780485a:	eba0 0108 	sub.w	r1, r0, r8
8780485e:	3204      	adds	r2, #4
87804860:	6019      	str	r1, [r3, #0]
87804862:	f899 3001 	ldrb.w	r3, [r9, #1]
87804866:	e676      	b.n	87804556 <vsscanf+0x16>
87804868:	f04f 0a00 	mov.w	sl, #0
8780486c:	f04f 0c08 	mov.w	ip, #8
87804870:	46d6      	mov	lr, sl
87804872:	e789      	b.n	87804788 <vsscanf+0x248>
87804874:	f102 0e04 	add.w	lr, r2, #4
87804878:	f8d2 c000 	ldr.w	ip, [r2]
8780487c:	1c4a      	adds	r2, r1, #1
8780487e:	5da3      	ldrb	r3, [r4, r6]
87804880:	f000 80cb 	beq.w	87804a1a <vsscanf+0x4da>
87804884:	069b      	lsls	r3, r3, #26
87804886:	d505      	bpl.n	87804894 <vsscanf+0x354>
87804888:	f810 6f01 	ldrb.w	r6, [r0, #1]!
8780488c:	5da3      	ldrb	r3, [r4, r6]
8780488e:	069a      	lsls	r2, r3, #26
87804890:	d4fa      	bmi.n	87804888 <vsscanf+0x348>
87804892:	b176      	cbz	r6, 878048b2 <vsscanf+0x372>
87804894:	b169      	cbz	r1, 878048b2 <vsscanf+0x372>
87804896:	1c43      	adds	r3, r0, #1
87804898:	e004      	b.n	878048a4 <vsscanf+0x364>
8780489a:	5da2      	ldrb	r2, [r4, r6]
8780489c:	0692      	lsls	r2, r2, #26
8780489e:	d408      	bmi.n	878048b2 <vsscanf+0x372>
878048a0:	3901      	subs	r1, #1
878048a2:	d006      	beq.n	878048b2 <vsscanf+0x372>
878048a4:	f80c 6b01 	strb.w	r6, [ip], #1
878048a8:	4618      	mov	r0, r3
878048aa:	f813 6b01 	ldrb.w	r6, [r3], #1
878048ae:	2e00      	cmp	r6, #0
878048b0:	d1f3      	bne.n	8780489a <vsscanf+0x35a>
878048b2:	2300      	movs	r3, #0
878048b4:	3701      	adds	r7, #1
878048b6:	f88c 3000 	strb.w	r3, [ip]
878048ba:	4672      	mov	r2, lr
878048bc:	f899 3001 	ldrb.w	r3, [r9, #1]
878048c0:	e649      	b.n	87804556 <vsscanf+0x16>
878048c2:	f04f 0a00 	mov.w	sl, #0
878048c6:	f04f 0c0a 	mov.w	ip, #10
878048ca:	46d6      	mov	lr, sl
878048cc:	e75c      	b.n	87804788 <vsscanf+0x248>
878048ce:	1c4b      	adds	r3, r1, #1
878048d0:	f102 0c04 	add.w	ip, r2, #4
878048d4:	6812      	ldr	r2, [r2, #0]
878048d6:	f000 80a6 	beq.w	87804a26 <vsscanf+0x4e6>
878048da:	1c43      	adds	r3, r0, #1
878048dc:	3901      	subs	r1, #1
878048de:	f802 6b01 	strb.w	r6, [r2], #1
878048e2:	2900      	cmp	r1, #0
878048e4:	4618      	mov	r0, r3
878048e6:	dd03      	ble.n	878048f0 <vsscanf+0x3b0>
878048e8:	f813 6b01 	ldrb.w	r6, [r3], #1
878048ec:	2e00      	cmp	r6, #0
878048ee:	d1f5      	bne.n	878048dc <vsscanf+0x39c>
878048f0:	3701      	adds	r7, #1
878048f2:	f899 3001 	ldrb.w	r3, [r9, #1]
878048f6:	4662      	mov	r2, ip
878048f8:	e62d      	b.n	87804556 <vsscanf+0x16>
878048fa:	f04f 0a00 	mov.w	sl, #0
878048fe:	f04f 0c10 	mov.w	ip, #16
87804902:	46d6      	mov	lr, sl
87804904:	e740      	b.n	87804788 <vsscanf+0x248>
87804906:	f04f 0a01 	mov.w	sl, #1
8780490a:	f04f 0c00 	mov.w	ip, #0
8780490e:	46d6      	mov	lr, sl
87804910:	e73a      	b.n	87804788 <vsscanf+0x248>
87804912:	2b68      	cmp	r3, #104	; 0x68
87804914:	d07b      	beq.n	87804a0e <vsscanf+0x4ce>
87804916:	2b6c      	cmp	r3, #108	; 0x6c
87804918:	bf18      	it	ne
8780491a:	469c      	movne	ip, r3
8780491c:	f47f ae66 	bne.w	878045ec <vsscanf+0xac>
87804920:	f105 0902 	add.w	r9, r5, #2
87804924:	f895 c002 	ldrb.w	ip, [r5, #2]
87804928:	234c      	movs	r3, #76	; 0x4c
8780492a:	e65f      	b.n	878045ec <vsscanf+0xac>
8780492c:	4662      	mov	r2, ip
8780492e:	a901      	add	r1, sp, #4
87804930:	f1be 0f00 	cmp.w	lr, #0
87804934:	d066      	beq.n	87804a04 <vsscanf+0x4c4>
87804936:	f7ff fa3b 	bl	87803db0 <simple_strtol>
8780493a:	f8aa 0000 	strh.w	r0, [sl]
8780493e:	e77b      	b.n	87804838 <vsscanf+0x2f8>
87804940:	4662      	mov	r2, ip
87804942:	a901      	add	r1, sp, #4
87804944:	f7ff f9bc 	bl	87803cc0 <simple_strtoul>
87804948:	f8ca 0000 	str.w	r0, [sl]
8780494c:	e774      	b.n	87804838 <vsscanf+0x2f8>
8780494e:	4662      	mov	r2, ip
87804950:	a901      	add	r1, sp, #4
87804952:	f1be 0f00 	cmp.w	lr, #0
87804956:	d050      	beq.n	878049fa <vsscanf+0x4ba>
87804958:	f7ff fad0 	bl	87803efc <simple_strtoll>
8780495c:	e9ca 0100 	strd	r0, r1, [sl]
87804960:	e76a      	b.n	87804838 <vsscanf+0x2f8>
87804962:	4662      	mov	r2, ip
87804964:	a901      	add	r1, sp, #4
87804966:	f1be 0f00 	cmp.w	lr, #0
8780496a:	d041      	beq.n	878049f0 <vsscanf+0x4b0>
8780496c:	f7ff fa20 	bl	87803db0 <simple_strtol>
87804970:	f88a 0000 	strb.w	r0, [sl]
87804974:	e760      	b.n	87804838 <vsscanf+0x2f8>
87804976:	f1bc 0f00 	cmp.w	ip, #0
8780497a:	f47f af31 	bne.w	878047e0 <vsscanf+0x2a0>
8780497e:	5da1      	ldrb	r1, [r4, r6]
87804980:	0749      	lsls	r1, r1, #29
87804982:	f57f adf2 	bpl.w	8780456a <vsscanf+0x2a>
87804986:	e72b      	b.n	878047e0 <vsscanf+0x2a0>
87804988:	5da1      	ldrb	r1, [r4, r6]
8780498a:	f011 0f44 	tst.w	r1, #68	; 0x44
8780498e:	f47f af27 	bne.w	878047e0 <vsscanf+0x2a0>
87804992:	e5ea      	b.n	8780456a <vsscanf+0x2a>
87804994:	469c      	mov	ip, r3
87804996:	46a9      	mov	r9, r5
87804998:	f04f 33ff 	mov.w	r3, #4294967295	; 0xffffffff
8780499c:	e626      	b.n	878045ec <vsscanf+0xac>
8780499e:	068e      	lsls	r6, r1, #26
878049a0:	d40a      	bmi.n	878049b8 <vsscanf+0x478>
878049a2:	f815 3f01 	ldrb.w	r3, [r5, #1]!
878049a6:	5ce1      	ldrb	r1, [r4, r3]
878049a8:	1c1e      	adds	r6, r3, #0
878049aa:	bf18      	it	ne
878049ac:	2601      	movne	r6, #1
878049ae:	f081 0120 	eor.w	r1, r1, #32
878049b2:	ea16 1151 	ands.w	r1, r6, r1, lsr #5
878049b6:	d1f4      	bne.n	878049a2 <vsscanf+0x462>
878049b8:	7801      	ldrb	r1, [r0, #0]
878049ba:	e001      	b.n	878049c0 <vsscanf+0x480>
878049bc:	f810 1f01 	ldrb.w	r1, [r0, #1]!
878049c0:	5c66      	ldrb	r6, [r4, r1]
878049c2:	3100      	adds	r1, #0
878049c4:	bf18      	it	ne
878049c6:	2101      	movne	r1, #1
878049c8:	f086 0620 	eor.w	r6, r6, #32
878049cc:	ea11 1156 	ands.w	r1, r1, r6, lsr #5
878049d0:	d1f4      	bne.n	878049bc <vsscanf+0x47c>
878049d2:	e5c0      	b.n	87804556 <vsscanf+0x16>
878049d4:	f7ff f974 	bl	87803cc0 <simple_strtoul>
878049d8:	f8ca 0000 	str.w	r0, [sl]
878049dc:	e72c      	b.n	87804838 <vsscanf+0x2f8>
878049de:	2e2d      	cmp	r6, #45	; 0x2d
878049e0:	bf14      	ite	ne
878049e2:	2100      	movne	r1, #0
878049e4:	f00a 0101 	andeq.w	r1, sl, #1
878049e8:	2900      	cmp	r1, #0
878049ea:	f47f aedc 	bne.w	878047a6 <vsscanf+0x266>
878049ee:	e6de      	b.n	878047ae <vsscanf+0x26e>
878049f0:	f7ff f966 	bl	87803cc0 <simple_strtoul>
878049f4:	f88a 0000 	strb.w	r0, [sl]
878049f8:	e71e      	b.n	87804838 <vsscanf+0x2f8>
878049fa:	f7ff f9e7 	bl	87803dcc <simple_strtoull>
878049fe:	e9ca 0100 	strd	r0, r1, [sl]
87804a02:	e719      	b.n	87804838 <vsscanf+0x2f8>
87804a04:	f7ff f95c 	bl	87803cc0 <simple_strtoul>
87804a08:	f8aa 0000 	strh.w	r0, [sl]
87804a0c:	e714      	b.n	87804838 <vsscanf+0x2f8>
87804a0e:	f105 0902 	add.w	r9, r5, #2
87804a12:	f895 c002 	ldrb.w	ip, [r5, #2]
87804a16:	2348      	movs	r3, #72	; 0x48
87804a18:	e5e8      	b.n	878045ec <vsscanf+0xac>
87804a1a:	069b      	lsls	r3, r3, #26
87804a1c:	f06f 4100 	mvn.w	r1, #2147483648	; 0x80000000
87804a20:	f57f af39 	bpl.w	87804896 <vsscanf+0x356>
87804a24:	e730      	b.n	87804888 <vsscanf+0x348>
87804a26:	3001      	adds	r0, #1
87804a28:	7016      	strb	r6, [r2, #0]
87804a2a:	e761      	b.n	878048f0 <vsscanf+0x3b0>

87804a2c <sscanf>:
87804a2c:	b40e      	push	{r1, r2, r3}
87804a2e:	b500      	push	{lr}
87804a30:	aa02      	add	r2, sp, #8
87804a32:	9901      	ldr	r1, [sp, #4]
87804a34:	f7ff fd84 	bl	87804540 <vsscanf>
87804a38:	f85d eb04 	ldr.w	lr, [sp], #4
87804a3c:	b003      	add	sp, #12
87804a3e:	4770      	bx	lr

87804a40 <__udivsi3>:
87804a40:	1e4a      	subs	r2, r1, #1
87804a42:	bf08      	it	eq
87804a44:	4770      	bxeq	lr
87804a46:	f0c0 8124 	bcc.w	87804c92 <__udivsi3+0x252>
87804a4a:	4288      	cmp	r0, r1
87804a4c:	f240 8116 	bls.w	87804c7c <__udivsi3+0x23c>
87804a50:	4211      	tst	r1, r2
87804a52:	f000 8117 	beq.w	87804c84 <__udivsi3+0x244>
87804a56:	fab0 f380 	clz	r3, r0
87804a5a:	fab1 f281 	clz	r2, r1
87804a5e:	eba2 0303 	sub.w	r3, r2, r3
87804a62:	f1c3 031f 	rsb	r3, r3, #31
87804a66:	a204      	add	r2, pc, #16	; (adr r2, 87804a78 <__udivsi3+0x38>)
87804a68:	eb02 1303 	add.w	r3, r2, r3, lsl #4
87804a6c:	f04f 0200 	mov.w	r2, #0
87804a70:	469f      	mov	pc, r3
87804a72:	bf00      	nop
87804a74:	f3af 8000 	nop.w
87804a78:	ebb0 7fc1 	cmp.w	r0, r1, lsl #31
87804a7c:	bf00      	nop
87804a7e:	eb42 0202 	adc.w	r2, r2, r2
87804a82:	bf28      	it	cs
87804a84:	eba0 70c1 	subcs.w	r0, r0, r1, lsl #31
87804a88:	ebb0 7f81 	cmp.w	r0, r1, lsl #30
87804a8c:	bf00      	nop
87804a8e:	eb42 0202 	adc.w	r2, r2, r2
87804a92:	bf28      	it	cs
87804a94:	eba0 7081 	subcs.w	r0, r0, r1, lsl #30
87804a98:	ebb0 7f41 	cmp.w	r0, r1, lsl #29
87804a9c:	bf00      	nop
87804a9e:	eb42 0202 	adc.w	r2, r2, r2
87804aa2:	bf28      	it	cs
87804aa4:	eba0 7041 	subcs.w	r0, r0, r1, lsl #29
87804aa8:	ebb0 7f01 	cmp.w	r0, r1, lsl #28
87804aac:	bf00      	nop
87804aae:	eb42 0202 	adc.w	r2, r2, r2
87804ab2:	bf28      	it	cs
87804ab4:	eba0 7001 	subcs.w	r0, r0, r1, lsl #28
87804ab8:	ebb0 6fc1 	cmp.w	r0, r1, lsl #27
87804abc:	bf00      	nop
87804abe:	eb42 0202 	adc.w	r2, r2, r2
87804ac2:	bf28      	it	cs
87804ac4:	eba0 60c1 	subcs.w	r0, r0, r1, lsl #27
87804ac8:	ebb0 6f81 	cmp.w	r0, r1, lsl #26
87804acc:	bf00      	nop
87804ace:	eb42 0202 	adc.w	r2, r2, r2
87804ad2:	bf28      	it	cs
87804ad4:	eba0 6081 	subcs.w	r0, r0, r1, lsl #26
87804ad8:	ebb0 6f41 	cmp.w	r0, r1, lsl #25
87804adc:	bf00      	nop
87804ade:	eb42 0202 	adc.w	r2, r2, r2
87804ae2:	bf28      	it	cs
87804ae4:	eba0 6041 	subcs.w	r0, r0, r1, lsl #25
87804ae8:	ebb0 6f01 	cmp.w	r0, r1, lsl #24
87804aec:	bf00      	nop
87804aee:	eb42 0202 	adc.w	r2, r2, r2
87804af2:	bf28      	it	cs
87804af4:	eba0 6001 	subcs.w	r0, r0, r1, lsl #24
87804af8:	ebb0 5fc1 	cmp.w	r0, r1, lsl #23
87804afc:	bf00      	nop
87804afe:	eb42 0202 	adc.w	r2, r2, r2
87804b02:	bf28      	it	cs
87804b04:	eba0 50c1 	subcs.w	r0, r0, r1, lsl #23
87804b08:	ebb0 5f81 	cmp.w	r0, r1, lsl #22
87804b0c:	bf00      	nop
87804b0e:	eb42 0202 	adc.w	r2, r2, r2
87804b12:	bf28      	it	cs
87804b14:	eba0 5081 	subcs.w	r0, r0, r1, lsl #22
87804b18:	ebb0 5f41 	cmp.w	r0, r1, lsl #21
87804b1c:	bf00      	nop
87804b1e:	eb42 0202 	adc.w	r2, r2, r2
87804b22:	bf28      	it	cs
87804b24:	eba0 5041 	subcs.w	r0, r0, r1, lsl #21
87804b28:	ebb0 5f01 	cmp.w	r0, r1, lsl #20
87804b2c:	bf00      	nop
87804b2e:	eb42 0202 	adc.w	r2, r2, r2
87804b32:	bf28      	it	cs
87804b34:	eba0 5001 	subcs.w	r0, r0, r1, lsl #20
87804b38:	ebb0 4fc1 	cmp.w	r0, r1, lsl #19
87804b3c:	bf00      	nop
87804b3e:	eb42 0202 	adc.w	r2, r2, r2
87804b42:	bf28      	it	cs
87804b44:	eba0 40c1 	subcs.w	r0, r0, r1, lsl #19
87804b48:	ebb0 4f81 	cmp.w	r0, r1, lsl #18
87804b4c:	bf00      	nop
87804b4e:	eb42 0202 	adc.w	r2, r2, r2
87804b52:	bf28      	it	cs
87804b54:	eba0 4081 	subcs.w	r0, r0, r1, lsl #18
87804b58:	ebb0 4f41 	cmp.w	r0, r1, lsl #17
87804b5c:	bf00      	nop
87804b5e:	eb42 0202 	adc.w	r2, r2, r2
87804b62:	bf28      	it	cs
87804b64:	eba0 4041 	subcs.w	r0, r0, r1, lsl #17
87804b68:	ebb0 4f01 	cmp.w	r0, r1, lsl #16
87804b6c:	bf00      	nop
87804b6e:	eb42 0202 	adc.w	r2, r2, r2
87804b72:	bf28      	it	cs
87804b74:	eba0 4001 	subcs.w	r0, r0, r1, lsl #16
87804b78:	ebb0 3fc1 	cmp.w	r0, r1, lsl #15
87804b7c:	bf00      	nop
87804b7e:	eb42 0202 	adc.w	r2, r2, r2
87804b82:	bf28      	it	cs
87804b84:	eba0 30c1 	subcs.w	r0, r0, r1, lsl #15
87804b88:	ebb0 3f81 	cmp.w	r0, r1, lsl #14
87804b8c:	bf00      	nop
87804b8e:	eb42 0202 	adc.w	r2, r2, r2
87804b92:	bf28      	it	cs
87804b94:	eba0 3081 	subcs.w	r0, r0, r1, lsl #14
87804b98:	ebb0 3f41 	cmp.w	r0, r1, lsl #13
87804b9c:	bf00      	nop
87804b9e:	eb42 0202 	adc.w	r2, r2, r2
87804ba2:	bf28      	it	cs
87804ba4:	eba0 3041 	subcs.w	r0, r0, r1, lsl #13
87804ba8:	ebb0 3f01 	cmp.w	r0, r1, lsl #12
87804bac:	bf00      	nop
87804bae:	eb42 0202 	adc.w	r2, r2, r2
87804bb2:	bf28      	it	cs
87804bb4:	eba0 3001 	subcs.w	r0, r0, r1, lsl #12
87804bb8:	ebb0 2fc1 	cmp.w	r0, r1, lsl #11
87804bbc:	bf00      	nop
87804bbe:	eb42 0202 	adc.w	r2, r2, r2
87804bc2:	bf28      	it	cs
87804bc4:	eba0 20c1 	subcs.w	r0, r0, r1, lsl #11
87804bc8:	ebb0 2f81 	cmp.w	r0, r1, lsl #10
87804bcc:	bf00      	nop
87804bce:	eb42 0202 	adc.w	r2, r2, r2
87804bd2:	bf28      	it	cs
87804bd4:	eba0 2081 	subcs.w	r0, r0, r1, lsl #10
87804bd8:	ebb0 2f41 	cmp.w	r0, r1, lsl #9
87804bdc:	bf00      	nop
87804bde:	eb42 0202 	adc.w	r2, r2, r2
87804be2:	bf28      	it	cs
87804be4:	eba0 2041 	subcs.w	r0, r0, r1, lsl #9
87804be8:	ebb0 2f01 	cmp.w	r0, r1, lsl #8
87804bec:	bf00      	nop
87804bee:	eb42 0202 	adc.w	r2, r2, r2
87804bf2:	bf28      	it	cs
87804bf4:	eba0 2001 	subcs.w	r0, r0, r1, lsl #8
87804bf8:	ebb0 1fc1 	cmp.w	r0, r1, lsl #7
87804bfc:	bf00      	nop
87804bfe:	eb42 0202 	adc.w	r2, r2, r2
87804c02:	bf28      	it	cs
87804c04:	eba0 10c1 	subcs.w	r0, r0, r1, lsl #7
87804c08:	ebb0 1f81 	cmp.w	r0, r1, lsl #6
87804c0c:	bf00      	nop
87804c0e:	eb42 0202 	adc.w	r2, r2, r2
87804c12:	bf28      	it	cs
87804c14:	eba0 1081 	subcs.w	r0, r0, r1, lsl #6
87804c18:	ebb0 1f41 	cmp.w	r0, r1, lsl #5
87804c1c:	bf00      	nop
87804c1e:	eb42 0202 	adc.w	r2, r2, r2
87804c22:	bf28      	it	cs
87804c24:	eba0 1041 	subcs.w	r0, r0, r1, lsl #5
87804c28:	ebb0 1f01 	cmp.w	r0, r1, lsl #4
87804c2c:	bf00      	nop
87804c2e:	eb42 0202 	adc.w	r2, r2, r2
87804c32:	bf28      	it	cs
87804c34:	eba0 1001 	subcs.w	r0, r0, r1, lsl #4
87804c38:	ebb0 0fc1 	cmp.w	r0, r1, lsl #3
87804c3c:	bf00      	nop
87804c3e:	eb42 0202 	adc.w	r2, r2, r2
87804c42:	bf28      	it	cs
87804c44:	eba0 00c1 	subcs.w	r0, r0, r1, lsl #3
87804c48:	ebb0 0f81 	cmp.w	r0, r1, lsl #2
87804c4c:	bf00      	nop
87804c4e:	eb42 0202 	adc.w	r2, r2, r2
87804c52:	bf28      	it	cs
87804c54:	eba0 0081 	subcs.w	r0, r0, r1, lsl #2
87804c58:	ebb0 0f41 	cmp.w	r0, r1, lsl #1
87804c5c:	bf00      	nop
87804c5e:	eb42 0202 	adc.w	r2, r2, r2
87804c62:	bf28      	it	cs
87804c64:	eba0 0041 	subcs.w	r0, r0, r1, lsl #1
87804c68:	ebb0 0f01 	cmp.w	r0, r1
87804c6c:	bf00      	nop
87804c6e:	eb42 0202 	adc.w	r2, r2, r2
87804c72:	bf28      	it	cs
87804c74:	eba0 0001 	subcs.w	r0, r0, r1
87804c78:	4610      	mov	r0, r2
87804c7a:	4770      	bx	lr
87804c7c:	bf0c      	ite	eq
87804c7e:	2001      	moveq	r0, #1
87804c80:	2000      	movne	r0, #0
87804c82:	4770      	bx	lr
87804c84:	fab1 f281 	clz	r2, r1
87804c88:	f1c2 021f 	rsb	r2, r2, #31
87804c8c:	fa20 f002 	lsr.w	r0, r0, r2
87804c90:	4770      	bx	lr
87804c92:	b108      	cbz	r0, 87804c98 <__udivsi3+0x258>
87804c94:	f04f 30ff 	mov.w	r0, #4294967295	; 0xffffffff
87804c98:	f000 b876 	b.w	87804d88 <__aeabi_idiv0>

87804c9c <__aeabi_uidivmod>:
87804c9c:	2900      	cmp	r1, #0
87804c9e:	d0f8      	beq.n	87804c92 <__udivsi3+0x252>
87804ca0:	e92d 4003 	stmdb	sp!, {r0, r1, lr}
87804ca4:	f7ff fecc 	bl	87804a40 <__udivsi3>
87804ca8:	e8bd 4006 	ldmia.w	sp!, {r1, r2, lr}
87804cac:	fb02 f300 	mul.w	r3, r2, r0
87804cb0:	eba1 0103 	sub.w	r1, r1, r3
87804cb4:	4770      	bx	lr
87804cb6:	bf00      	nop

87804cb8 <__aeabi_ldivmod>:
87804cb8:	b97b      	cbnz	r3, 87804cda <__aeabi_ldivmod+0x22>
87804cba:	b972      	cbnz	r2, 87804cda <__aeabi_ldivmod+0x22>
87804cbc:	2900      	cmp	r1, #0
87804cbe:	bfbe      	ittt	lt
87804cc0:	2000      	movlt	r0, #0
87804cc2:	f04f 4100 	movlt.w	r1, #2147483648	; 0x80000000
87804cc6:	e006      	blt.n	87804cd6 <__aeabi_ldivmod+0x1e>
87804cc8:	bf08      	it	eq
87804cca:	2800      	cmpeq	r0, #0
87804ccc:	bf1c      	itt	ne
87804cce:	f06f 4100 	mvnne.w	r1, #2147483648	; 0x80000000
87804cd2:	f04f 30ff 	movne.w	r0, #4294967295	; 0xffffffff
87804cd6:	f000 b857 	b.w	87804d88 <__aeabi_idiv0>
87804cda:	f1ad 0c08 	sub.w	ip, sp, #8
87804cde:	e96d ce04 	strd	ip, lr, [sp, #-16]!
87804ce2:	2900      	cmp	r1, #0
87804ce4:	db09      	blt.n	87804cfa <__aeabi_ldivmod+0x42>
87804ce6:	2b00      	cmp	r3, #0
87804ce8:	db1a      	blt.n	87804d20 <__aeabi_ldivmod+0x68>
87804cea:	f000 f853 	bl	87804d94 <__udivmoddi4>
87804cee:	f8dd e004 	ldr.w	lr, [sp, #4]
87804cf2:	e9dd 2302 	ldrd	r2, r3, [sp, #8]
87804cf6:	b004      	add	sp, #16
87804cf8:	4770      	bx	lr
87804cfa:	4240      	negs	r0, r0
87804cfc:	eb61 0141 	sbc.w	r1, r1, r1, lsl #1
87804d00:	2b00      	cmp	r3, #0
87804d02:	db1b      	blt.n	87804d3c <__aeabi_ldivmod+0x84>
87804d04:	f000 f846 	bl	87804d94 <__udivmoddi4>
87804d08:	f8dd e004 	ldr.w	lr, [sp, #4]
87804d0c:	e9dd 2302 	ldrd	r2, r3, [sp, #8]
87804d10:	b004      	add	sp, #16
87804d12:	4240      	negs	r0, r0
87804d14:	eb61 0141 	sbc.w	r1, r1, r1, lsl #1
87804d18:	4252      	negs	r2, r2
87804d1a:	eb63 0343 	sbc.w	r3, r3, r3, lsl #1
87804d1e:	4770      	bx	lr
87804d20:	4252      	negs	r2, r2
87804d22:	eb63 0343 	sbc.w	r3, r3, r3, lsl #1
87804d26:	f000 f835 	bl	87804d94 <__udivmoddi4>
87804d2a:	f8dd e004 	ldr.w	lr, [sp, #4]
87804d2e:	e9dd 2302 	ldrd	r2, r3, [sp, #8]
87804d32:	b004      	add	sp, #16
87804d34:	4240      	negs	r0, r0
87804d36:	eb61 0141 	sbc.w	r1, r1, r1, lsl #1
87804d3a:	4770      	bx	lr
87804d3c:	4252      	negs	r2, r2
87804d3e:	eb63 0343 	sbc.w	r3, r3, r3, lsl #1
87804d42:	f000 f827 	bl	87804d94 <__udivmoddi4>
87804d46:	f8dd e004 	ldr.w	lr, [sp, #4]
87804d4a:	e9dd 2302 	ldrd	r2, r3, [sp, #8]
87804d4e:	b004      	add	sp, #16
87804d50:	4252      	negs	r2, r2
87804d52:	eb63 0343 	sbc.w	r3, r3, r3, lsl #1
87804d56:	4770      	bx	lr

87804d58 <__aeabi_uldivmod>:
87804d58:	b953      	cbnz	r3, 87804d70 <__aeabi_uldivmod+0x18>
87804d5a:	b94a      	cbnz	r2, 87804d70 <__aeabi_uldivmod+0x18>
87804d5c:	2900      	cmp	r1, #0
87804d5e:	bf08      	it	eq
87804d60:	2800      	cmpeq	r0, #0
87804d62:	bf1c      	itt	ne
87804d64:	f04f 31ff 	movne.w	r1, #4294967295	; 0xffffffff
87804d68:	f04f 30ff 	movne.w	r0, #4294967295	; 0xffffffff
87804d6c:	f000 b80c 	b.w	87804d88 <__aeabi_idiv0>
87804d70:	f1ad 0c08 	sub.w	ip, sp, #8
87804d74:	e96d ce04 	strd	ip, lr, [sp, #-16]!
87804d78:	f000 f80c 	bl	87804d94 <__udivmoddi4>
87804d7c:	f8dd e004 	ldr.w	lr, [sp, #4]
87804d80:	e9dd 2302 	ldrd	r2, r3, [sp, #8]
87804d84:	b004      	add	sp, #16
87804d86:	4770      	bx	lr

87804d88 <__aeabi_idiv0>:
87804d88:	b502      	push	{r1, lr}
87804d8a:	f04f 0008 	mov.w	r0, #8
87804d8e:	f7fc f877 	bl	87800e80 <raise>
87804d92:	bd02      	pop	{r1, pc}

87804d94 <__udivmoddi4>:
87804d94:	4299      	cmp	r1, r3
87804d96:	e92d 4ff0 	stmdb	sp!, {r4, r5, r6, r7, r8, r9, sl, fp, lr}
87804d9a:	bf08      	it	eq
87804d9c:	4290      	cmpeq	r0, r2
87804d9e:	4604      	mov	r4, r0
87804da0:	bf38      	it	cc
87804da2:	2000      	movcc	r0, #0
87804da4:	460d      	mov	r5, r1
87804da6:	f8dd e024 	ldr.w	lr, [sp, #36]	; 0x24
87804daa:	bf38      	it	cc
87804dac:	4601      	movcc	r1, r0
87804dae:	d368      	bcc.n	87804e82 <__udivmoddi4+0xee>
87804db0:	4692      	mov	sl, r2
87804db2:	469b      	mov	fp, r3
87804db4:	fab3 fc83 	clz	ip, r3
87804db8:	2b00      	cmp	r3, #0
87804dba:	d06d      	beq.n	87804e98 <__udivmoddi4+0x104>
87804dbc:	fab5 f185 	clz	r1, r5
87804dc0:	2d00      	cmp	r5, #0
87804dc2:	d065      	beq.n	87804e90 <__udivmoddi4+0xfc>
87804dc4:	ebac 0c01 	sub.w	ip, ip, r1
87804dc8:	f1ac 0820 	sub.w	r8, ip, #32
87804dcc:	fa0b f70c 	lsl.w	r7, fp, ip
87804dd0:	fa0a f108 	lsl.w	r1, sl, r8
87804dd4:	f1cc 0920 	rsb	r9, ip, #32
87804dd8:	fa2a f309 	lsr.w	r3, sl, r9
87804ddc:	fa0a f60c 	lsl.w	r6, sl, ip
87804de0:	430f      	orrs	r7, r1
87804de2:	431f      	orrs	r7, r3
87804de4:	42bd      	cmp	r5, r7
87804de6:	bf08      	it	eq
87804de8:	42b4      	cmpeq	r4, r6
87804dea:	bf3c      	itt	cc
87804dec:	2000      	movcc	r0, #0
87804dee:	4601      	movcc	r1, r0
87804df0:	d30a      	bcc.n	87804e08 <__udivmoddi4+0x74>
87804df2:	2001      	movs	r0, #1
87804df4:	1ba4      	subs	r4, r4, r6
87804df6:	fa00 f108 	lsl.w	r1, r0, r8
87804dfa:	fa20 f309 	lsr.w	r3, r0, r9
87804dfe:	fa00 f00c 	lsl.w	r0, r0, ip
87804e02:	eb65 0507 	sbc.w	r5, r5, r7
87804e06:	4319      	orrs	r1, r3
87804e08:	f1bc 0f00 	cmp.w	ip, #0
87804e0c:	d039      	beq.n	87804e82 <__udivmoddi4+0xee>
87804e0e:	087f      	lsrs	r7, r7, #1
87804e10:	ea4f 0636 	mov.w	r6, r6, rrx
87804e14:	4662      	mov	r2, ip
87804e16:	e00a      	b.n	87804e2e <__udivmoddi4+0x9a>
87804e18:	1ba3      	subs	r3, r4, r6
87804e1a:	eb65 0a07 	sbc.w	sl, r5, r7
87804e1e:	18db      	adds	r3, r3, r3
87804e20:	eb4a 0a0a 	adc.w	sl, sl, sl
87804e24:	1c5c      	adds	r4, r3, #1
87804e26:	f14a 0500 	adc.w	r5, sl, #0
87804e2a:	3a01      	subs	r2, #1
87804e2c:	d007      	beq.n	87804e3e <__udivmoddi4+0xaa>
87804e2e:	42bd      	cmp	r5, r7
87804e30:	bf08      	it	eq
87804e32:	42b4      	cmpeq	r4, r6
87804e34:	d2f0      	bcs.n	87804e18 <__udivmoddi4+0x84>
87804e36:	1924      	adds	r4, r4, r4
87804e38:	416d      	adcs	r5, r5
87804e3a:	3a01      	subs	r2, #1
87804e3c:	d1f7      	bne.n	87804e2e <__udivmoddi4+0x9a>
87804e3e:	fa24 f30c 	lsr.w	r3, r4, ip
87804e42:	fa05 f909 	lsl.w	r9, r5, r9
87804e46:	fa25 f20c 	lsr.w	r2, r5, ip
87804e4a:	fa25 f808 	lsr.w	r8, r5, r8
87804e4e:	1900      	adds	r0, r0, r4
87804e50:	ea43 0309 	orr.w	r3, r3, r9
87804e54:	ea43 0408 	orr.w	r4, r3, r8
87804e58:	eb45 0101 	adc.w	r1, r5, r1
87804e5c:	4615      	mov	r5, r2
87804e5e:	f1ac 0220 	sub.w	r2, ip, #32
87804e62:	fa05 f30c 	lsl.w	r3, r5, ip
87804e66:	fa04 f60c 	lsl.w	r6, r4, ip
87804e6a:	fa04 f202 	lsl.w	r2, r4, r2
87804e6e:	f1cc 0c20 	rsb	ip, ip, #32
87804e72:	fa24 fc0c 	lsr.w	ip, r4, ip
87804e76:	4313      	orrs	r3, r2
87804e78:	1b80      	subs	r0, r0, r6
87804e7a:	ea43 030c 	orr.w	r3, r3, ip
87804e7e:	eb61 0103 	sbc.w	r1, r1, r3
87804e82:	f1be 0f00 	cmp.w	lr, #0
87804e86:	d001      	beq.n	87804e8c <__udivmoddi4+0xf8>
87804e88:	e9ce 4500 	strd	r4, r5, [lr]
87804e8c:	e8bd 8ff0 	ldmia.w	sp!, {r4, r5, r6, r7, r8, r9, sl, fp, pc}
87804e90:	fab4 f184 	clz	r1, r4
87804e94:	3120      	adds	r1, #32
87804e96:	e795      	b.n	87804dc4 <__udivmoddi4+0x30>
87804e98:	fab2 fc82 	clz	ip, r2
87804e9c:	fab5 f185 	clz	r1, r5
87804ea0:	f10c 0c20 	add.w	ip, ip, #32
87804ea4:	2d00      	cmp	r5, #0
87804ea6:	d18d      	bne.n	87804dc4 <__udivmoddi4+0x30>
87804ea8:	e7f2      	b.n	87804e90 <__udivmoddi4+0xfc>
87804eaa:	bf00      	nop
87804eac:	0000      	movs	r0, r0
	...

87804eb0 <__main_from_arm>:
87804eb0:	e51ff004 	ldr	pc, [pc, #-4]	; 87804eb4 <__main_from_arm+0x4>
87804eb4:	87804eb9 			; <UNDEFINED> instruction: 0x87804eb9

Disassembly of section .text.startup:

87804eb8 <main>:
87804eb8:	b5f0      	push	{r4, r5, r6, r7, lr}
87804eba:	b083      	sub	sp, #12
87804ebc:	ee11 3f50 	mrc	15, 0, r3, cr1, cr0, {2}
87804ec0:	f023 4340 	bic.w	r3, r3, #3221225472	; 0xc0000000
87804ec4:	f423 0370 	bic.w	r3, r3, #15728640	; 0xf00000
87804ec8:	f443 0370 	orr.w	r3, r3, #15728640	; 0xf00000
87804ecc:	ee01 3f50 	mcr	15, 0, r3, cr1, cr0, {2}
87804ed0:	eef8 3a10 	vmrs	r3, fpexc
87804ed4:	f043 4380 	orr.w	r3, r3, #1073741824	; 0x40000000
87804ed8:	eee8 3a10 	vmsr	fpexc, r3
87804edc:	f7fb fc68 	bl	878007b0 <int_init>
87804ee0:	f64a 0418 	movw	r4, #43032	; 0xa818
87804ee4:	f44f 057f 	mov.w	r5, #16711680	; 0xff0000
87804ee8:	f7fb fa2c 	bl	87800344 <imx6u_clkinit>
87804eec:	f7fb fad6 	bl	8780049c <delay_init>
87804ef0:	f7fb fa18 	bl	87800324 <clk_enable>
87804ef4:	f7fb fa90 	bl	87800418 <led_init>
87804ef8:	f7fb fb42 	bl	87800580 <beep_init>
87804efc:	f7fb ff24 	bl	87800d48 <uart_init>
87804f00:	f7fc fa0a 	bl	87801318 <lcd_init>
87804f04:	f7fe f924 	bl	87803150 <backlight_init>
87804f08:	f644 73cc 	movw	r3, #20428	; 0x4fcc
87804f0c:	2218      	movs	r2, #24
87804f0e:	f2c8 7380 	movt	r3, #34688	; 0x8780
87804f12:	f2c8 7480 	movt	r4, #34688	; 0x8780
87804f16:	9301      	str	r3, [sp, #4]
87804f18:	210a      	movs	r1, #10
87804f1a:	4613      	mov	r3, r2
87804f1c:	9200      	str	r2, [sp, #0]
87804f1e:	2032      	movs	r0, #50	; 0x32
87804f20:	61a5      	str	r5, [r4, #24]
87804f22:	f44f 72c8 	mov.w	r2, #400	; 0x190
87804f26:	2410      	movs	r4, #16
87804f28:	f7fc fdd4 	bl	87801ad4 <lcd_show_string>
87804f2c:	f644 72e8 	movw	r2, #20456	; 0x4fe8
87804f30:	4623      	mov	r3, r4
87804f32:	f2c8 7280 	movt	r2, #34688	; 0x8780
87804f36:	9400      	str	r4, [sp, #0]
87804f38:	9201      	str	r2, [sp, #4]
87804f3a:	2128      	movs	r1, #40	; 0x28
87804f3c:	22c8      	movs	r2, #200	; 0xc8
87804f3e:	2032      	movs	r0, #50	; 0x32
87804f40:	f7fc fdc8 	bl	87801ad4 <lcd_show_string>
87804f44:	f644 72fc 	movw	r2, #20476	; 0x4ffc
87804f48:	4623      	mov	r3, r4
87804f4a:	f2c8 7280 	movt	r2, #34688	; 0x8780
87804f4e:	9400      	str	r4, [sp, #0]
87804f50:	9201      	str	r2, [sp, #4]
87804f52:	213c      	movs	r1, #60	; 0x3c
87804f54:	22c8      	movs	r2, #200	; 0xc8
87804f56:	2032      	movs	r0, #50	; 0x32
87804f58:	f7fc fdbc 	bl	87801ad4 <lcd_show_string>
87804f5c:	f245 020c 	movw	r2, #20492	; 0x500c
87804f60:	9400      	str	r4, [sp, #0]
87804f62:	f2c8 7280 	movt	r2, #34688	; 0x8780
87804f66:	4623      	mov	r3, r4
87804f68:	9201      	str	r2, [sp, #4]
87804f6a:	2032      	movs	r0, #50	; 0x32
87804f6c:	22c8      	movs	r2, #200	; 0xc8
87804f6e:	2150      	movs	r1, #80	; 0x50
87804f70:	250a      	movs	r5, #10
87804f72:	2600      	movs	r6, #0
87804f74:	f245 0718 	movw	r7, #20504	; 0x5018
87804f78:	4634      	mov	r4, r6
87804f7a:	f7fc fdab 	bl	87801ad4 <lcd_show_string>
87804f7e:	4628      	mov	r0, r5
87804f80:	f2c8 7780 	movt	r7, #34688	; 0x8780
87804f84:	f7fe f946 	bl	87803214 <pwm1_setduty>
87804f88:	f7fb fb4e 	bl	87800628 <key_getvalue>
87804f8c:	b2c0      	uxtb	r0, r0
87804f8e:	2801      	cmp	r0, #1
87804f90:	d10c      	bne.n	87804fac <main+0xf4>
87804f92:	350a      	adds	r5, #10
87804f94:	4638      	mov	r0, r7
87804f96:	b2ed      	uxtb	r5, r5
87804f98:	2d64      	cmp	r5, #100	; 0x64
87804f9a:	4629      	mov	r1, r5
87804f9c:	bf84      	itt	hi
87804f9e:	2500      	movhi	r5, #0
87804fa0:	4629      	movhi	r1, r5
87804fa2:	f7fe f977 	bl	87803294 <printf>
87804fa6:	4628      	mov	r0, r5
87804fa8:	f7fe f934 	bl	87803214 <pwm1_setduty>
87804fac:	3401      	adds	r4, #1
87804fae:	200a      	movs	r0, #10
87804fb0:	b2e4      	uxtb	r4, r4
87804fb2:	f7fb faa7 	bl	87800504 <delay_ms>
87804fb6:	2c32      	cmp	r4, #50	; 0x32
87804fb8:	d1e6      	bne.n	87804f88 <main+0xd0>
87804fba:	f086 0601 	eor.w	r6, r6, #1
87804fbe:	2000      	movs	r0, #0
87804fc0:	4631      	mov	r1, r6
87804fc2:	4604      	mov	r4, r0
87804fc4:	f7fb fa54 	bl	87800470 <led_switch>
87804fc8:	e7de      	b.n	87804f88 <main+0xd0>
87804fca:	bf00      	nop

Disassembly of section .rodata:

87804fcc <CSWTCH.8-0x5c>:
87804fcc:	36584d49 	ldrbcc	r4, [r8], -r9, asr #26
87804fd0:	4c412d55 	mcrrmi	13, 5, r2, r1, cr5
87804fd4:	20414850 	subcs	r4, r1, r0, asr r8
87804fd8:	6b636162 	blvs	890dd568 <__bss_end+0x18d2cf4>
87804fdc:	6867696c 	stmdavs	r7!, {r2, r3, r5, r6, r8, fp, sp, lr}^
87804fe0:	45542074 	ldrbmi	r2, [r4, #-116]	; 0xffffff8c
87804fe4:	00005453 	andeq	r5, r0, r3, asr r4
87804fe8:	43554f54 	cmpmi	r5, #84, 30	; 0x150
87804fec:	43532048 	cmpmi	r3, #72	; 0x48
87804ff0:	4e454552 	mcrmi	5, 2, r4, cr5, cr2, {2}
87804ff4:	53455420 	movtpl	r5, #21536	; 0x5420
87804ff8:	00000054 	andeq	r0, r0, r4, asr r0
87804ffc:	4d4f5441 	cfstrdmi	mvd5, [pc, #-260]	; 87804f00 <main+0x48>
87805000:	494c4140 	stmdbmi	ip, {r6, r8, lr}^
87805004:	45544e45 	ldrbmi	r4, [r4, #-3653]	; 0xfffff1bb
87805008:	0000004b 	andeq	r0, r0, fp, asr #32
8780500c:	35323032 	ldrcc	r3, [r2, #-50]!	; 0xffffffce
87805010:	312f312f 			; <UNDEFINED> instruction: 0x312f312f
87805014:	00000030 	andeq	r0, r0, r0, lsr r0
87805018:	314d5750 	cmpcc	sp, r0, asr r7
8780501c:	54554420 	ldrbpl	r4, [r5], #-1056	; 0xfffffbe0
87805020:	64253d59 	strtvs	r3, [r5], #-3417	; 0xfffff2a7
87805024:	00000a0d 	andeq	r0, r0, sp, lsl #20

87805028 <CSWTCH.8>:
87805028:	00000004 	andeq	r0, r0, r4
8780502c:	00000003 	andeq	r0, r0, r3
87805030:	00000002 	andeq	r0, r0, r2
87805034:	00000001 	andeq	r0, r0, r1
87805038:	00000000 	andeq	r0, r0, r0
8780503c:	00000006 	andeq	r0, r0, r6
87805040:	2044434c 	subcs	r4, r4, ip, asr #6
87805044:	253d4449 	ldrcs	r4, [sp, #-1097]!	; 0xfffffbb7
87805048:	0a0d5823 	beq	87b5b0dc <__bss_end+0x350868>
8780504c:	00000000 	andeq	r0, r0, r0

87805050 <asc2_2412>:
	...
87805080:	0f000000 	svceq	0x00000000
87805084:	fe0f3880 	vcmla.f16	d3, d31, d0[0], #0
87805088:	38800f38 	stmcc	r0, {r3, r4, r5, r8, r9, sl, fp}
	...
8780509c:	00010000 	andeq	r0, r1, r0
878050a0:	00000600 	andeq	r0, r0, r0, lsl #12
878050a4:	3800000c 	stmdacc	r0, {r2, r3}
878050a8:	00310000 	eorseq	r0, r1, r0
878050ac:	00000600 	andeq	r0, r0, r0, lsl #12
878050b0:	3800000c 	stmdacc	r0, {r2, r3}
878050b4:	00300000 	eorseq	r0, r0, r0
	...
878050c0:	67008061 	strvs	r8, [r0, -r1, rrx]
878050c4:	80f907f8 	ldrshthi	r0, [r9], #120	; 0x78
878050c8:	00806100 	addeq	r6, r0, r0, lsl #2
878050cc:	61008061 	tstvs	r0, r1, rrx
878050d0:	80610080 	rsbhi	r0, r1, r0, lsl #1
878050d4:	07f86700 	ldrbeq	r6, [r8, r0, lsl #14]!
878050d8:	610080f9 	strdvs	r8, [r0, -r9]
878050dc:	00000080 	andeq	r0, r0, r0, lsl #1
878050e0:	00000000 	andeq	r0, r0, r0
878050e4:	c0010000 	andgt	r0, r1, r0
878050e8:	f0e003e0 			; <UNDEFINED> instruction: 0xf0e003e0
878050ec:	04083006 	streq	r3, [r8], #-6
878050f0:	ff1f0818 			; <UNDEFINED> instruction: 0xff1f0818
878050f4:	080e04fe 	stmdaeq	lr, {r1, r2, r3, r4, r5, r6, r7, sl}
878050f8:	03f08707 	mvnseq	r8, #1835008	; 0x1c0000
878050fc:	0000e081 	andeq	lr, r0, r1, lsl #1
87805100:	00000000 	andeq	r0, r0, r0
87805104:	0600f001 	streq	pc, [r0], -r1
87805108:	0404000c 	streq	r0, [r4], #-12
8780510c:	700c0608 	andvc	r0, ip, r8, lsl #12
87805110:	00c0f901 	sbceq	pc, r0, r1, lsl #18
87805114:	3b00000e 	blcc	87805154 <asc2_2412+0x104>
87805118:	18ec00e0 	stmiane	ip!, {r5, r6, r7}^
8780511c:	04080807 	streq	r0, [r8], #-2055	; 0xfffff7f9
87805120:	0300180c 	movweq	r1, #2060	; 0x80c
87805124:	000000e0 	andeq	r0, r0, r0, ror #1
87805128:	00e00100 	rsceq	r0, r0, r0, lsl #2
8780512c:	f803f007 			; <UNDEFINED> instruction: 0xf803f007
87805130:	081c0418 	ldmdaeq	ip, {r3, r4, sl}
87805134:	07081704 	streq	r1, [r8, -r4, lsl #14]
87805138:	c003d0e1 	andgt	sp, r3, r1, ror #1
8780513c:	b02300e0 	eorlt	r0, r3, r0, ror #1
87805140:	00083c00 	andeq	r3, r8, r0, lsl #24
87805144:	00000820 	andeq	r0, r0, r0, lsr #16
87805148:	00000010 	andeq	r0, r0, r0, lsl r0
8780514c:	01000000 	mrseq	r0, (UNDEF: 0)
87805150:	00310000 	eorseq	r0, r1, r0
87805154:	00003200 	andeq	r3, r0, r0, lsl #4
87805158:	0000001c 	andeq	r0, r0, ip, lsl r0
	...
87805180:	ff01007f 			; <UNDEFINED> instruction: 0xff01007f
87805184:	f08007c0 			; <UNDEFINED> instruction: 0xf08007c0
87805188:	1018000c 	andsne	r0, r8, ip
8780518c:	00200400 	eoreq	r0, r0, r0, lsl #8
87805190:	00000002 	andeq	r0, r0, r2
87805194:	20000000 	andcs	r0, r0, r0
87805198:	00100200 	andseq	r0, r0, r0, lsl #4
8780519c:	18000c04 	stmdane	r0, {r2, sl, fp}
878051a0:	01f08007 	mvnseq	r8, r7
878051a4:	7f00c0ff 	svcvc	0x0000c0ff
	...
878051bc:	66000042 	strvs	r0, [r0], -r2, asr #32
878051c0:	00660000 	rsbeq	r0, r6, r0
878051c4:	00003c00 	andeq	r3, r0, r0, lsl #24
878051c8:	ff030018 			; <UNDEFINED> instruction: 0xff030018
878051cc:	001800c0 	andseq	r0, r8, r0, asr #1
878051d0:	00003c00 	andeq	r3, r0, r0, lsl #24
878051d4:	66000066 	strvs	r0, [r0], -r6, rrx
878051d8:	00420000 	subeq	r0, r2, r0
878051dc:	00000000 	andeq	r0, r0, r0
878051e0:	08000008 	stmdaeq	r0, {r3}
878051e4:	00080000 	andeq	r0, r8, r0
878051e8:	00000800 	andeq	r0, r0, r0, lsl #16
878051ec:	ff010008 			; <UNDEFINED> instruction: 0xff010008
878051f0:	000800c0 	andeq	r0, r8, r0, asr #1
878051f4:	00000800 	andeq	r0, r0, r0, lsl #16
878051f8:	08000008 	stmdaeq	r0, {r3}
878051fc:	00080000 	andeq	r0, r8, r0
87805200:	00000000 	andeq	r0, r0, r0
87805204:	00000100 	andeq	r0, r0, r0, lsl #2
87805208:	32000031 	andcc	r0, r0, #49	; 0x31
8780520c:	001c0000 	andseq	r0, ip, r0
	...
87805228:	08000008 	stmdaeq	r0, {r3}
8780522c:	00080000 	andeq	r0, r8, r0
87805230:	00000800 	andeq	r0, r0, r0, lsl #16
87805234:	08000008 	stmdaeq	r0, {r3}
87805238:	00080000 	andeq	r0, r8, r0
8780523c:	00000800 	andeq	r0, r0, r0, lsl #16
87805240:	08000008 	stmdaeq	r0, {r3}
	...
87805250:	38000038 	stmdacc	r0, {r3, r4, r5}
87805254:	00380000 	eorseq	r0, r8, r0
	...
87805270:	00000600 	andeq	r0, r0, r0, lsl #12
87805274:	7000001c 	andvc	r0, r0, ip, lsl r0
87805278:	00800100 	addeq	r0, r0, r0, lsl #2
8780527c:	3800000e 	stmdacc	r0, {r1, r2, r3}
87805280:	00c00000 	sbceq	r0, r0, r0
87805284:	1c000007 	stcne	0, cr0, [r0], {7}
87805288:	00300000 	eorseq	r0, r0, r0
	...
87805294:	ff01807f 			; <UNDEFINED> instruction: 0xff01807f
87805298:	708003e0 	addvc	r0, r0, r0, ror #7
8780529c:	04180006 	ldreq	r0, [r8], #-6
878052a0:	00040800 	andeq	r0, r4, r0, lsl #16
878052a4:	18000608 	stmdane	r0, {r3, r9, sl}
878052a8:	01708003 	cmneq	r0, r3
878052ac:	7f00e0ff 	svcvc	0x0000e0ff
878052b0:	00000080 	andeq	r0, r0, r0, lsl #1
878052b4:	00000000 	andeq	r0, r0, r0
878052b8:	00010000 	andeq	r0, r1, r0
878052bc:	08000108 	stmdaeq	r0, {r3, r8}
878052c0:	03080001 	movweq	r0, #32769	; 0x8001
878052c4:	ff07f8ff 			; <UNDEFINED> instruction: 0xff07f8ff
878052c8:	080000f8 	stmdaeq	r0, {r3, r4, r5, r6, r7}
878052cc:	00080000 	andeq	r0, r8, r0
878052d0:	00000800 	andeq	r0, r0, r0, lsl #16
878052d4:	00000000 	andeq	r0, r0, r0
878052d8:	01000000 	mrseq	r0, (UNDEF: 0)
878052dc:	c00238c0 	andgt	r3, r2, r0, asr #17
878052e0:	98000458 	stmdals	r0, {r3, r4, r6, sl}
878052e4:	04180104 	ldreq	r0, [r8], #-260	; 0xfffffefc
878052e8:	04041802 	streq	r1, [r4], #-2050	; 0xfffff7fe
878052ec:	181c0618 	ldmdane	ip, {r3, r4, r9, sl}
878052f0:	0118f803 	tsteq	r8, r3, lsl #16	; <UNPREDICTABLE>
878052f4:	0000f8e0 	andeq	pc, r0, r0, ror #17
878052f8:	00000000 	andeq	r0, r0, r0
878052fc:	01000000 	mrseq	r0, (UNDEF: 0)
87805300:	c003e0c0 	andgt	lr, r3, r0, asr #1
87805304:	080004f0 	stmdaeq	r0, {r4, r5, r6, r7, sl}
87805308:	04080804 	streq	r0, [r8], #-2052	; 0xfffff7fc
8780530c:	18060808 	stmdane	r6, {r3, fp}
87805310:	18f40308 	ldmne	r4!, {r3, r8, r9}^
87805314:	00f0e701 	rscseq	lr, r0, r1, lsl #14
87805318:	0000e001 	andeq	lr, r0, r1
	...
87805324:	0d000003 	stceq	0, cr0, [r0, #-12]
87805328:	00110000 	andseq	r0, r1, r0
8780532c:	00006100 	andeq	r6, r0, r0, lsl #2
87805330:	01030881 	smlabbeq	r3, r1, r8, r0
87805334:	f8ff0708 			; <UNDEFINED> instruction: 0xf8ff0708
87805338:	00f8ff0f 	rscseq	pc, r8, pc, lsl #30
8780533c:	01000801 	tsteq	r0, r1, lsl #16
87805340:	00000008 	andeq	r0, r0, r8
87805344:	00000000 	andeq	r0, r0, r0
87805348:	fc07e000 	stc2	0, cr14, [r7], {-0}
8780534c:	080806d0 	stmdaeq	r8, {r4, r6, r7, r9, sl}
87805350:	06081006 	streq	r1, [r8], -r6
87805354:	10060810 	andne	r0, r6, r0, lsl r8
87805358:	38180608 	ldmdacc	r8, {r3, r9, sl}
8780535c:	06f00f06 	ldrbteq	r0, [r0], r6, lsl #30
87805360:	0000c007 	andeq	ip, r0, r7
	...
8780536c:	ff01803f 			; <UNDEFINED> instruction: 0xff01803f
87805370:	308403e0 	addcc	r0, r4, r0, ror #7
87805374:	04180802 	ldreq	r0, [r8], #-2050	; 0xfffff7fe
87805378:	10040810 	andne	r0, r4, r0, lsl r8
8780537c:	08100408 	ldmdaeq	r0, {r3, sl}
87805380:	03101807 	tsteq	r0, #458752	; 0x70000
87805384:	0700f00f 	streq	pc, [r0, -pc]
87805388:	000000c0 	andeq	r0, r0, r0, asr #1
8780538c:	00000000 	andeq	r0, r0, r0
87805390:	c0030000 	andgt	r0, r3, r0
87805394:	00000700 	andeq	r0, r0, r0, lsl #14
87805398:	06000006 	streq	r0, [r0], -r6
8780539c:	0706f800 	streq	pc, [r6, -r0, lsl #16]
878053a0:	001806f8 			; <UNDEFINED> instruction: 0x001806f8
878053a4:	0700e006 	streq	lr, [r0, -r6]
878053a8:	00060000 	andeq	r0, r6, r0
878053ac:	00000000 	andeq	r0, r0, r0
878053b0:	01000000 	mrseq	r0, (UNDEF: 0)
878053b4:	f703e0e1 			; <UNDEFINED> instruction: 0xf703e0e1
878053b8:	103406f0 	ldrshtne	r0, [r4], -r0
878053bc:	04081804 	streq	r1, [r8], #-2052	; 0xfffff7fc
878053c0:	0c040818 	stceq	8, cr0, [r4], {24}
878053c4:	080c0408 	stmdaeq	ip, {r3, sl}
878053c8:	03181606 	tsteq	r8, #6291456	; 0x600000
878053cc:	c101f0f3 	strdgt	pc, [r1, -r3]
878053d0:	000000e0 	andeq	r0, r0, r0, ror #1
878053d4:	00000000 	andeq	r0, r0, r0
878053d8:	fc0300f8 	stc2	0, cr0, [r3], {248}	; 0xf8
878053dc:	38060330 	stmdacc	r6, {r4, r5, r8, r9}
878053e0:	04080204 	streq	r0, [r8], #-516	; 0xfffffdfc
878053e4:	02040802 	andeq	r0, r4, #131072	; 0x20000
878053e8:	10040408 	andne	r0, r4, r8, lsl #8
878053ec:	01f00803 	mvnseq	r0, r3, lsl #16
878053f0:	7f00c0ff 	svcvc	0x0000c0ff
	...
87805408:	70003870 	andvc	r3, r0, r0, ror r8
8780540c:	38700038 	ldmdacc	r0!, {r3, r4, r5}^
	...
8780542c:	30001a30 	andcc	r1, r0, r0, lsr sl
87805430:	0000001c 	andeq	r0, r0, ip, lsl r0
	...
87805444:	08000000 	stmdaeq	r0, {}	; <UNPREDICTABLE>
87805448:	00140000 	andseq	r0, r4, r0
8780544c:	00002200 	andeq	r2, r0, r0, lsl #4
87805450:	80000041 	andhi	r0, r0, r1, asr #32
87805454:	40000180 	andmi	r0, r0, r0, lsl #3
87805458:	04200002 	strteq	r0, [r0], #-2
8780545c:	00081000 	andeq	r1, r8, r0
87805460:	00000008 	andeq	r0, r0, r8
87805464:	00000000 	andeq	r0, r0, r0
87805468:	21000021 	tstcs	r0, r1, lsr #32
8780546c:	00210000 	eoreq	r0, r1, r0
87805470:	00002100 	andeq	r2, r0, r0, lsl #2
87805474:	21000021 	tstcs	r0, r1, lsr #32
87805478:	00210000 	eoreq	r0, r1, r0
8780547c:	00002100 	andeq	r2, r0, r0, lsl #2
87805480:	21000021 	tstcs	r0, r1, lsr #32
	...
8780548c:	00080000 	andeq	r0, r8, r0
87805490:	10000408 	andne	r0, r0, r8, lsl #8
87805494:	01200002 			; <UNDEFINED> instruction: 0x01200002
87805498:	80004000 	andhi	r4, r0, r0
8780549c:	00410080 	subeq	r0, r1, r0, lsl #1
878054a0:	00002200 	andeq	r2, r0, r0, lsl #4
878054a4:	08000014 	stmdaeq	r0, {r2, r4}
878054a8:	00000000 	andeq	r0, r0, r0
878054ac:	03000000 	movweq	r0, #0
878054b0:	c00400c0 	andgt	r0, r4, r0, asr #1
878054b4:	00000400 	andeq	r0, r0, r0, lsl #8
878054b8:	08380008 	ldmdaeq	r8!, {r3}
878054bc:	0808380f 	stmdaeq	r8, {r0, r1, r2, r3, fp, ip, sp}
878054c0:	00100838 	andseq	r0, r0, r8, lsr r8
878054c4:	0700300c 	streq	r3, [r0, -ip]
878054c8:	c00300e0 	andgt	r0, r3, r0, ror #1
	...
878054d4:	ff00803f 			; <UNDEFINED> instruction: 0xff00803f
878054d8:	708003e0 	addvc	r0, r0, r0, ror #7
878054dc:	06100f02 	ldreq	r0, [r0], -r2, lsl #30
878054e0:	c0048870 	andgt	r8, r4, r0, ror r8
878054e4:	08830488 	stmeq	r3, {r3, r7, sl}
878054e8:	02887f04 	addeq	r7, r8, #4, 30
878054ec:	010390c0 	smlabteq	r3, r0, r0, r9
878054f0:	40fe0020 	rscsmi	r0, lr, r0, lsr #32
878054f4:	00080000 	andeq	r0, r8, r0
878054f8:	01001800 	tsteq	r0, r0, lsl #16
878054fc:	083e00f8 	ldmdaeq	lr!, {r3, r4, r5, r6, r7}
87805500:	0700c201 	streq	ip, [r0, -r1, lsl #4]
87805504:	e2070002 	and	r0, r7, #2
87805508:	00fe0000 	rscseq	r0, lr, r0
8780550c:	00c81f00 	sbceq	r1, r8, r0, lsl #30
87805510:	0000f801 	andeq	pc, r0, r1, lsl #16
87805514:	08000038 	stmdaeq	r0, {r3, r4, r5}
87805518:	07080004 	streq	r0, [r8, -r4]
8780551c:	ff07f8ff 			; <UNDEFINED> instruction: 0xff07f8ff
87805520:	080804f8 	stmdaeq	r8, {r3, r4, r5, r6, r7, sl}
87805524:	04080804 	streq	r0, [r8], #-2052	; 0xfffff7fc
87805528:	08040808 	stmdaeq	r4, {r3, fp}
8780552c:	08180608 	ldmdaeq	r8, {r3, r9, sl}
87805530:	0118f403 	tsteq	r8, r3, lsl #8	; <UNPREDICTABLE>
87805534:	0100f0e7 	smlatteq	r0, r7, r0, pc	; <UNPREDICTABLE>
87805538:	000000e0 	andeq	r0, r0, r0, ror #1
8780553c:	00000000 	andeq	r0, r0, r0
87805540:	ff01803f 			; <UNDEFINED> instruction: 0xff01803f
87805544:	708003e0 	addvc	r0, r0, r0, ror #7
87805548:	04180002 	ldreq	r0, [r8], #-2
8780554c:	00040800 	andeq	r0, r4, r0, lsl #16
87805550:	08000408 	stmdaeq	r0, {r3, sl}
87805554:	06100004 	ldreq	r0, [r0], -r4
87805558:	80072000 	andhi	r2, r7, r0
8780555c:	000000c0 	andeq	r0, r0, r0, asr #1
87805560:	07080004 	streq	r0, [r8, -r4]
87805564:	ff07f8ff 			; <UNDEFINED> instruction: 0xff07f8ff
87805568:	080004f8 	stmdaeq	r0, {r3, r4, r5, r6, r7, sl}
8780556c:	04080004 	streq	r0, [r8], #-4
87805570:	00040800 	andeq	r0, r4, r0, lsl #16
87805574:	10000218 	andne	r0, r0, r8, lsl r2
87805578:	01708003 	cmneq	r0, r3
8780557c:	7f00e0ff 	svcvc	0x0000e0ff
87805580:	00000080 	andeq	r0, r0, r0, lsl #1
87805584:	07080004 	streq	r0, [r8, -r4]
87805588:	ff07f8ff 			; <UNDEFINED> instruction: 0xff07f8ff
8780558c:	080804f8 	stmdaeq	r8, {r3, r4, r5, r6, r7, sl}
87805590:	04080804 	streq	r0, [r8], #-2052	; 0xfffff7fc
87805594:	08040808 	stmdaeq	r4, {r3, fp}
87805598:	083e0408 	ldmdaeq	lr!, {r3, sl}
8780559c:	06080004 	streq	r0, [r8], -r4
878055a0:	00011800 	andeq	r1, r1, r0, lsl #16
878055a4:	00000060 	andeq	r0, r0, r0, rrx
878055a8:	07080004 	streq	r0, [r8, -r4]
878055ac:	ff07f8ff 			; <UNDEFINED> instruction: 0xff07f8ff
878055b0:	080804f8 	stmdaeq	r8, {r3, r4, r5, r6, r7, sl}
878055b4:	04000804 	streq	r0, [r0], #-2052	; 0xfffff7fc
878055b8:	08040008 	stmdaeq	r4, {r3}
878055bc:	003e0400 	eorseq	r0, lr, r0, lsl #8
878055c0:	06000006 	streq	r0, [r0], -r6
878055c4:	80010000 	andhi	r0, r1, r0
	...
878055d0:	ff01803f 			; <UNDEFINED> instruction: 0xff01803f
878055d4:	708003e0 	addvc	r0, r0, r0, ror #7
878055d8:	04180006 	ldreq	r0, [r8], #-6
878055dc:	02040800 	andeq	r0, r4, #0, 16
878055e0:	08020408 	stmdaeq	r2, {r3, sl}
878055e4:	07f00302 	ldrbeq	r0, [r0, r2, lsl #6]!
878055e8:	0200f083 	andeq	pc, r0, #131	; 0x83
878055ec:	00020000 	andeq	r0, r2, r0
878055f0:	07080004 	streq	r0, [r8, -r4]
878055f4:	ff07f8ff 			; <UNDEFINED> instruction: 0xff07f8ff
878055f8:	080804f8 	stmdaeq	r8, {r3, r4, r5, r6, r7, sl}
878055fc:	00000800 	andeq	r0, r0, r0, lsl #16
87805600:	08000008 	stmdaeq	r0, {r3}
87805604:	00080000 	andeq	r0, r8, r0
87805608:	07080804 	streq	r0, [r8, -r4, lsl #16]
8780560c:	ff07f8ff 			; <UNDEFINED> instruction: 0xff07f8ff
87805610:	080004f8 	stmdaeq	r0, {r3, r4, r5, r6, r7, sl}
87805614:	00000000 	andeq	r0, r0, r0
87805618:	00040000 	andeq	r0, r4, r0
8780561c:	08000408 	stmdaeq	r0, {r3, sl}
87805620:	07080004 	streq	r0, [r8, -r4]
87805624:	ff07f8ff 			; <UNDEFINED> instruction: 0xff07f8ff
87805628:	080004f8 	stmdaeq	r0, {r3, r4, r5, r6, r7, sl}
8780562c:	04080004 	streq	r0, [r8], #-4
87805630:	00000800 	andeq	r0, r0, r0, lsl #16
	...
8780563c:	00000600 	andeq	r0, r0, r0, lsl #12
87805640:	01000007 	tsteq	r0, r7
87805644:	04010004 	streq	r0, [r1], #-4
87805648:	00040100 	andeq	r0, r4, r0, lsl #2
8780564c:	feff0703 	cdp2	7, 15, cr0, cr15, cr3, {0}
87805650:	04fcff07 	ldrbteq	pc, [ip], #3847	; 0xf07	; <UNPREDICTABLE>
87805654:	00040000 	andeq	r0, r4, r0
87805658:	00000400 	andeq	r0, r0, r0, lsl #8
8780565c:	07080004 	streq	r0, [r8, -r4]
87805660:	ff07f8ff 			; <UNDEFINED> instruction: 0xff07f8ff
87805664:	080c04f8 	stmdaeq	ip, {r3, r4, r5, r6, r7, sl}
87805668:	00001800 	andeq	r1, r0, r0, lsl #16
8780566c:	c704003e 	smladxgt	r4, lr, r0, r0
87805670:	c8030580 	stmdagt	r3, {r7, r8, sl}
87805674:	04f80006 	ldrbteq	r0, [r8], #6
87805678:	00043800 	andeq	r3, r4, r0, lsl #16
8780567c:	08000018 	stmdaeq	r0, {r3, r4}
87805680:	07080004 	streq	r0, [r8, -r4]
87805684:	ff07f8ff 			; <UNDEFINED> instruction: 0xff07f8ff
87805688:	080004f8 	stmdaeq	r0, {r3, r4, r5, r6, r7, sl}
8780568c:	00080000 	andeq	r0, r8, r0
87805690:	00000800 	andeq	r0, r0, r0, lsl #16
87805694:	08000008 	stmdaeq	r0, {r3}
87805698:	00080000 	andeq	r0, r8, r0
8780569c:	00001800 	andeq	r1, r0, r0, lsl #16
878056a0:	00000060 	andeq	r0, r0, r0, rrx
878056a4:	07080004 	streq	r0, [r8, -r4]
878056a8:	8007f8ff 	strdhi	pc, [r7], -pc	; <UNPREDICTABLE>
878056ac:	00fc0708 	rscseq	r0, ip, r8, lsl #14
878056b0:	00c07f00 	sbceq	r7, r0, r0, lsl #30
878056b4:	0700f803 	streq	pc, [r0, -r3, lsl #16]
878056b8:	007800c0 	rsbseq	r0, r8, r0, asr #1
878056bc:	07088007 	streq	r8, [r8, -r7]
878056c0:	ff07f8ff 			; <UNDEFINED> instruction: 0xff07f8ff
878056c4:	080004f8 	stmdaeq	r0, {r3, r4, r5, r6, r7, sl}
878056c8:	07080004 	streq	r0, [r8, -r4]
878056cc:	0007f8ff 	strdeq	pc, [r7], -pc	; <UNPREDICTABLE>
878056d0:	00c00308 	sbceq	r0, r0, r8, lsl #6
878056d4:	0000e000 	andeq	lr, r0, r0
878056d8:	1e000038 	mcrne	0, 0, r0, cr0, cr8, {1}
878056dc:	00070000 	andeq	r0, r7, r0
878056e0:	04c00100 	strbeq	r0, [r0], #256	; 0x100
878056e4:	ff07f000 			; <UNDEFINED> instruction: 0xff07f000
878056e8:	000004f8 	strdeq	r0, [r0], -r8
878056ec:	00000000 	andeq	r0, r0, r0
878056f0:	ff01807f 			; <UNDEFINED> instruction: 0xff01807f
878056f4:	708003e0 	addvc	r0, r0, r0, ror #7
878056f8:	04180006 	ldreq	r0, [r8], #-6
878056fc:	00040800 	andeq	r0, r4, r0, lsl #16
87805700:	18000608 	stmdane	r0, {r3, r9, sl}
87805704:	01300003 	teqeq	r0, r3
87805708:	7f00e0ff 	svcvc	0x0000e0ff
8780570c:	00000080 	andeq	r0, r0, r0, lsl #1
87805710:	07080004 	streq	r0, [r8, -r4]
87805714:	ff07f8ff 			; <UNDEFINED> instruction: 0xff07f8ff
87805718:	080404f8 	stmdaeq	r4, {r3, r4, r5, r6, r7, sl}
8780571c:	04000404 	streq	r0, [r0], #-1028	; 0xfffffbfc
87805720:	04040004 	streq	r0, [r4], #-4
87805724:	00040400 	andeq	r0, r4, r0, lsl #8
87805728:	03000c06 	movweq	r0, #3078	; 0xc06
8780572c:	f00100f8 			; <UNDEFINED> instruction: 0xf00100f8
	...
87805738:	ff01807f 			; <UNDEFINED> instruction: 0xff01807f
8780573c:	708003e0 	addvc	r0, r0, r0, ror #7
87805740:	04880006 	streq	r0, [r8], #6
87805744:	00048800 	andeq	r8, r4, r0, lsl #16
87805748:	3c0006c8 	stccc	6, cr0, [r0], {200}	; 0xc8
8780574c:	013e0003 	teqeq	lr, r3
87805750:	7f00e6ff 	svcvc	0x0000e6ff
87805754:	00000084 	andeq	r0, r0, r4, lsl #1
87805758:	07080004 	streq	r0, [r8, -r4]
8780575c:	ff07f8ff 			; <UNDEFINED> instruction: 0xff07f8ff
87805760:	080804f8 	stmdaeq	r8, {r3, r4, r5, r6, r7, sl}
87805764:	04000804 	streq	r0, [r0], #-2052	; 0xfffff7fc
87805768:	0f04000c 	svceq	0x0004000c
8780576c:	c00b0400 	andgt	r0, fp, r0, lsl #8
87805770:	03f01006 	mvnseq	r1, #6
87805774:	e00138f0 	strd	r3, [r1], -r0
87805778:	08000008 	stmdaeq	r0, {r3}
8780577c:	01000000 	mrseq	r0, (UNDEF: 0)
87805780:	f003f8e0 			; <UNDEFINED> instruction: 0xf003f8e0
87805784:	10300630 	eorsne	r0, r0, r0, lsr r6
87805788:	04081804 	streq	r1, [r8], #-2052	; 0xfffff7fc
8780578c:	0c040818 	stceq	8, cr0, [r4], {24}
87805790:	080c0408 	stmdaeq	ip, {r3, sl}
87805794:	02180602 	andseq	r0, r8, #2097152	; 0x200000
87805798:	8107f007 	tsthi	r7, r7	; <UNPREDICTABLE>
8780579c:	000000e0 	andeq	r0, r0, r0, ror #1
878057a0:	06008001 	streq	r8, [r0], -r1
878057a4:	00040000 	andeq	r0, r4, r0
878057a8:	00000400 	andeq	r0, r0, r0, lsl #8
878057ac:	07080004 	streq	r0, [r8, -r4]
878057b0:	ff07f8ff 			; <UNDEFINED> instruction: 0xff07f8ff
878057b4:	080004f8 	stmdaeq	r0, {r3, r4, r5, r6, r7, sl}
878057b8:	04000004 	streq	r0, [r0], #-4
878057bc:	00060000 	andeq	r0, r6, r0
878057c0:	00800100 	addeq	r0, r0, r0, lsl #2
878057c4:	07000004 	streq	r0, [r0, -r4]
878057c8:	ff07e0ff 			; <UNDEFINED> instruction: 0xff07e0ff
878057cc:	180004f0 	stmdane	r0, {r4, r5, r6, r7, sl}
878057d0:	00080000 	andeq	r0, r8, r0
878057d4:	00000800 	andeq	r0, r0, r0, lsl #16
878057d8:	08000008 	stmdaeq	r0, {r3}
878057dc:	04080000 	streq	r0, [r8], #-0
878057e0:	ff071000 			; <UNDEFINED> instruction: 0xff071000
878057e4:	000004e0 	andeq	r0, r0, r0, ror #9
878057e8:	06000004 	streq	r0, [r0], -r4
878057ec:	e0070000 	and	r0, r7, r0
878057f0:	00fe0700 	rscseq	r0, lr, r0, lsl #14
878057f4:	00e01f04 	rsceq	r1, r0, r4, lsl #30
878057f8:	0000f801 	andeq	pc, r0, r1, lsl #16
878057fc:	e0010038 	and	r0, r1, r8, lsr r0
87805800:	07003e04 	streq	r3, [r0, -r4, lsl #28]
87805804:	000600c0 	andeq	r0, r6, r0, asr #1
87805808:	00000400 	andeq	r0, r0, r0, lsl #8
8780580c:	07000004 	streq	r0, [r0, -r4]
87805810:	ff0700e0 			; <UNDEFINED> instruction: 0xff0700e0
87805814:	f81f04c0 			; <UNDEFINED> instruction: 0xf81f04c0
87805818:	07c00700 	strbeq	r0, [r0, r0, lsl #14]
8780581c:	ff0700f8 			; <UNDEFINED> instruction: 0xff0700f8
87805820:	f83f0480 			; <UNDEFINED> instruction: 0xf83f0480
87805824:	04c00700 	strbeq	r0, [r0], #1792	; 0x700
87805828:	000700f8 	strdeq	r0, [r7], -r8
8780582c:	00000400 	andeq	r0, r0, r0, lsl #8
87805830:	04000000 	streq	r0, [r0], #-0
87805834:	00060800 	andeq	r0, r6, r0, lsl #16
87805838:	78c00718 	stmiavc	r0, {r3, r4, r8, r9, sl}^
8780583c:	00c8f105 	sbceq	pc, r8, r5, lsl #2
87805840:	1f00003e 	svcne	0x0000003e
87805844:	e8630480 	stmda	r3!, {r7, sl}^
87805848:	06f88007 	ldrbteq	r8, [r8], r7
8780584c:	00041800 	andeq	r1, r4, r0, lsl #16
87805850:	00000008 	andeq	r0, r0, r8
87805854:	06000004 	streq	r0, [r0], -r4
87805858:	80070000 	andhi	r0, r7, r0
8780585c:	08e00700 	stmiaeq	r0!, {r8, r9, sl}^
87805860:	00087c04 	andeq	r7, r8, r4, lsl #24
87805864:	0700f81f 	smuadeq	r0, pc, r8	; <UNPREDICTABLE>
87805868:	081800f8 	ldmdaeq	r8, {r3, r4, r5, r6, r7}
8780586c:	0708e004 	streq	lr, [r8, -r4]
87805870:	00060000 	andeq	r0, r6, r0
87805874:	00000400 	andeq	r0, r0, r0, lsl #8
87805878:	01000000 	mrseq	r0, (UNDEF: 0)
8780587c:	00060800 	andeq	r0, r6, r0, lsl #16
87805880:	f8000438 			; <UNDEFINED> instruction: 0xf8000438
87805884:	04e80304 	strbteq	r0, [r8], #772	; 0x304
87805888:	7c04080f 	stcvc	8, cr0, [r4], {15}
8780588c:	08f00508 	ldmeq	r0!, {r3, r8, sl}^
87805890:	0708c007 	streq	ip, [r8, -r7]
87805894:	00041800 	andeq	r1, r4, r0, lsl #16
87805898:	00000060 	andeq	r0, r0, r0, rrx
	...
878058a8:	3f000000 	svccc	0x00000000
878058ac:	0020feff 	strdeq	pc, [r0], -pc	; <UNPREDICTABLE>
878058b0:	02002002 	andeq	r2, r0, #2
878058b4:	20020020 	andcs	r0, r2, r0, lsr #32
878058b8:	00200200 	eoreq	r0, r0, r0, lsl #4
878058bc:	00000002 	andeq	r0, r0, r2
878058c0:	00000000 	andeq	r0, r0, r0
878058c4:	00080000 	andeq	r0, r8, r0
878058c8:	00000700 	andeq	r0, r0, r0, lsl #14
878058cc:	0000c000 	andeq	ip, r0, r0
878058d0:	06000038 			; <UNDEFINED> instruction: 0x06000038
878058d4:	c0010000 	andgt	r0, r1, r0
878058d8:	00300000 	eorseq	r0, r0, r0
878058dc:	00000e00 	andeq	r0, r0, r0, lsl #28
878058e0:	00000001 	andeq	r0, r0, r1
878058e4:	00000000 	andeq	r0, r0, r0
878058e8:	00200000 	eoreq	r0, r0, r0
878058ec:	02002002 	andeq	r2, r0, #2
878058f0:	20020020 	andcs	r0, r2, r0, lsr #32
878058f4:	00200200 	eoreq	r0, r0, r0, lsl #4
878058f8:	feff3f02 	cdp2	15, 15, cr3, cr15, cr2, {0}
	...
87805910:	00000800 	andeq	r0, r0, r0, lsl #16
87805914:	30000010 	andcc	r0, r0, r0, lsl r0
87805918:	00200000 	eoreq	r0, r0, r0
8780591c:	00003000 	andeq	r3, r0, r0
87805920:	08000010 	stmdaeq	r0, {r4}
	...
8780592c:	00010000 	andeq	r0, r1, r0
87805930:	00000100 	andeq	r0, r0, r0, lsl #2
87805934:	01000001 	tsteq	r0, r1
87805938:	00010000 	andeq	r0, r1, r0
8780593c:	00000100 	andeq	r0, r0, r0, lsl #2
87805940:	01000001 	tsteq	r0, r1
87805944:	00010000 	andeq	r0, r1, r0
87805948:	00000100 	andeq	r0, r0, r0, lsl #2
8780594c:	01000001 	tsteq	r0, r1
	...
87805958:	00002000 	andeq	r2, r0, r0
8780595c:	10000020 	andne	r0, r0, r0, lsr #32
87805960:	00100000 	andseq	r0, r0, r0
	...
87805978:	1900f000 	stmdbne	r0, {ip, sp, lr, pc}
8780597c:	181b00f8 	ldmdane	fp, {r3, r4, r5, r6, r7}
87805980:	00082200 	andeq	r2, r8, r0, lsl #4
87805984:	24000826 	strcs	r0, [r0], #-2086	; 0xfffff7da
87805988:	10240008 	eorne	r0, r4, r8
8780598c:	00f83f00 	rscseq	r3, r8, r0, lsl #30
87805990:	0000f81f 	andeq	pc, r0, pc, lsl r8	; <UNPREDICTABLE>
87805994:	18000008 	stmdane	r0, {r3}
87805998:	04000000 	streq	r0, [r0], #-0
8780599c:	ff070000 			; <UNDEFINED> instruction: 0xff070000
878059a0:	f0ff0ff8 			; <UNDEFINED> instruction: 0xf0ff0ff8
878059a4:	00181800 	andseq	r1, r8, r0, lsl #16
878059a8:	20000810 	andcs	r0, r0, r0, lsl r8
878059ac:	08200008 	stmdaeq	r0!, {r3}
878059b0:	00183000 	andseq	r3, r8, r0
878059b4:	0f00f01f 	svceq	0x0000f01f
878059b8:	000000c0 	andeq	r0, r0, r0, asr #1
878059bc:	00000000 	andeq	r0, r0, r0
878059c0:	1f00c007 	svcne	0x0000c007
878059c4:	301800f0 	ldrshcc	r0, [r8], -r0	; <UNPREDICTABLE>
878059c8:	00082000 	andeq	r2, r8, r0
878059cc:	20000820 	andcs	r0, r0, r0, lsr #16
878059d0:	083c0008 	ldmdaeq	ip!, {r3}
878059d4:	00101c00 	andseq	r1, r0, r0, lsl #24
878059d8:	00006000 	andeq	r6, r0, r0
	...
878059e4:	1f00c007 	svcne	0x0000c007
878059e8:	183800f0 	ldmdane	r8!, {r4, r5, r6, r7}
878059ec:	00082000 	andeq	r2, r8, r0
878059f0:	20000820 	andcs	r0, r0, r0, lsr #16
878059f4:	10100408 	andsne	r0, r0, r8, lsl #8
878059f8:	0ff8ff07 	svceq	0x00f8ff07
878059fc:	0000f0ff 	strdeq	pc, [r0], -pc	; <UNPREDICTABLE>
87805a00:	00000010 	andeq	r0, r0, r0, lsl r0
87805a04:	00000000 	andeq	r0, r0, r0
87805a08:	07000000 	streq	r0, [r0, -r0]
87805a0c:	f01f00c0 			; <UNDEFINED> instruction: 0xf01f00c0
87805a10:	00301200 	eorseq	r1, r0, r0, lsl #4
87805a14:	22001822 	andcs	r1, r0, #2228224	; 0x220000
87805a18:	08220008 	stmdaeq	r2!, {r3}
87805a1c:	00083200 	andeq	r3, r8, r0, lsl #4
87805a20:	0e00101e 	mcreq	0, 0, r1, cr0, cr14, {0}
87805a24:	00000020 	andeq	r0, r0, r0, lsr #32
87805a28:	00000000 	andeq	r0, r0, r0
87805a2c:	20000020 	andcs	r0, r0, r0, lsr #32
87805a30:	08200008 	stmdaeq	r0!, {r3}
87805a34:	03f8ff01 	mvnseq	pc, #1, 30
87805a38:	2006f8ff 	strdcs	pc, [r6], -pc	; <UNPREDICTABLE>
87805a3c:	08200408 	stmdaeq	r0!, {r3, sl}
87805a40:	07082004 	streq	r2, [r8, -r4]
87805a44:	00030020 	andeq	r0, r3, r0, lsr #32
	...
87805a50:	0e000e00 	cdpeq	14, 0, cr0, cr0, cr0, {0}
87805a54:	f31f006e 	vhadd.u16	q0, <illegal reg q7.5>, q15
87805a58:	00b13100 	adcseq	r3, r1, r0, lsl #2
87805a5c:	2000b120 	andcs	fp, r0, r0, lsr #2
87805a60:	913100b1 	ldrhls	r0, [r1, -r1]!
87805a64:	00131f00 	andseq	r1, r3, r0, lsl #30
87805a68:	20001e2e 	andcs	r1, r0, lr, lsr #28
87805a6c:	0030000e 	eorseq	r0, r0, lr
87805a70:	04000000 	streq	r0, [r0], #-0
87805a74:	ff070800 	vcmla.f16	d0, d7, d0[0], #0
87805a78:	f8ff0ff8 			; <UNDEFINED> instruction: 0xf8ff0ff8
87805a7c:	00081000 	andeq	r1, r8, r0
87805a80:	20000020 	andcs	r0, r0, r0, lsr #32
87805a84:	08200000 	stmdaeq	r0!, {}	; <UNPREDICTABLE>
87805a88:	00f83f00 	rscseq	r3, r8, r0, lsl #30
87805a8c:	0000f81f 	andeq	pc, r0, pc, lsl r8	; <UNPREDICTABLE>
87805a90:	00000008 	andeq	r0, r0, r8
87805a94:	00000000 	andeq	r0, r0, r0
87805a98:	20000000 	andcs	r0, r0, r0
87805a9c:	08200008 	stmdaeq	r0!, {r3}
87805aa0:	06082000 	streq	r2, [r8], -r0
87805aa4:	3f06f83f 	svccc	0x0006f83f
87805aa8:	080000f8 	stmdaeq	r0, {r3, r4, r5, r6, r7}
87805aac:	00080000 	andeq	r0, r8, r0
87805ab0:	00000800 	andeq	r0, r0, r0, lsl #16
	...
87805ac0:	03000003 	movweq	r0, #3
87805ac4:	00012000 	andeq	r2, r1, r0
87805ac8:	20000120 	andcs	r0, r0, r0, lsr #2
87805acc:	fe3f0603 	cdp2	6, 3, cr0, cr15, cr3, {0}
87805ad0:	00fc3f06 	rscseq	r3, ip, r6, lsl #30
	...
87805adc:	04000000 	streq	r0, [r0], #-0
87805ae0:	ff070800 	vcmla.f16	d0, d7, d0[0], #0
87805ae4:	f8ff0ff8 			; <UNDEFINED> instruction: 0xf8ff0ff8
87805ae8:	00880100 	addeq	r0, r8, r0, lsl #2
87805aec:	2f000003 	svccs	0x00000003
87805af0:	f83800c0 			; <UNDEFINED> instruction: 0xf83800c0
87805af4:	00382000 	eorseq	r2, r8, r0
87805af8:	00000820 	andeq	r0, r0, r0, lsr #16
87805afc:	00000008 	andeq	r0, r0, r8
87805b00:	00000000 	andeq	r0, r0, r0
87805b04:	00040000 	andeq	r0, r4, r0
87805b08:	08000408 	stmdaeq	r0, {r3, sl}
87805b0c:	07080004 	streq	r0, [r8, -r4]
87805b10:	ff0ff8ff 			; <UNDEFINED> instruction: 0xff0ff8ff
87805b14:	080000f8 	stmdaeq	r0, {r3, r4, r5, r6, r7}
87805b18:	00080000 	andeq	r0, r8, r0
87805b1c:	00000800 	andeq	r0, r0, r0, lsl #16
87805b20:	00000000 	andeq	r0, r0, r0
87805b24:	00082000 	andeq	r2, r8, r0
87805b28:	3f00f83f 	svccc	0x0000f83f
87805b2c:	081000f8 	ldmdaeq	r0, {r3, r4, r5, r6, r7}
87805b30:	00002000 	andeq	r2, r0, r0
87805b34:	3f00f83f 	svccc	0x0000f83f
87805b38:	081000f8 	ldmdaeq	r0, {r3, r4, r5, r6, r7}
87805b3c:	00002000 	andeq	r2, r0, r0
87805b40:	3f00f83f 	svccc	0x0000f83f
87805b44:	080000f8 	stmdaeq	r0, {r3, r4, r5, r6, r7}
87805b48:	00000000 	andeq	r0, r0, r0
87805b4c:	3f000820 	svccc	0x00000820
87805b50:	f83f00f8 			; <UNDEFINED> instruction: 0xf83f00f8
87805b54:	00081000 	andeq	r1, r8, r0
87805b58:	20000010 	andcs	r0, r0, r0, lsl r0
87805b5c:	08200000 	stmdaeq	r0!, {}	; <UNPREDICTABLE>
87805b60:	00f83f00 	rscseq	r3, r8, r0, lsl #30
87805b64:	0000f81f 	andeq	pc, r0, pc, lsl r8	; <UNPREDICTABLE>
87805b68:	00000008 	andeq	r0, r0, r8
87805b6c:	00000000 	andeq	r0, r0, r0
87805b70:	0f00c007 	svceq	0x0000c007
87805b74:	301800f0 	ldrshcc	r0, [r8], -r0	; <UNPREDICTABLE>
87805b78:	00083000 	andeq	r3, r8, r0
87805b7c:	20000820 	andcs	r0, r0, r0, lsr #16
87805b80:	08300008 	ldmdaeq	r0!, {r3}
87805b84:	00301800 	eorseq	r1, r0, r0, lsl #16
87805b88:	0700f00f 	streq	pc, [r0, -pc]
87805b8c:	000000c0 	andeq	r0, r0, r0, asr #1
87805b90:	00000000 	andeq	r0, r0, r0
87805b94:	3f000120 	svccc	0x00000120
87805b98:	ff3f00ff 			; <UNDEFINED> instruction: 0xff3f00ff
87805b9c:	00111000 	andseq	r1, r1, r0
87805ba0:	20000920 	andcs	r0, r0, r0, lsr #18
87805ba4:	08200008 	stmdaeq	r0!, {r3}
87805ba8:	00383000 	eorseq	r3, r8, r0
87805bac:	0f00f01f 	svceq	0x0000f01f
87805bb0:	000000c0 	andeq	r0, r0, r0, asr #1
87805bb4:	00000000 	andeq	r0, r0, r0
87805bb8:	1f00c007 	svcne	0x0000c007
87805bbc:	183800f0 	ldmdane	r8!, {r4, r5, r6, r7}
87805bc0:	00082000 	andeq	r2, r8, r0
87805bc4:	20000820 	andcs	r0, r0, r0, lsr #16
87805bc8:	11100009 	tstne	r0, r9
87805bcc:	00ff1f00 	rscseq	r1, pc, r0, lsl #30
87805bd0:	0000ff3f 	andeq	pc, r0, pc, lsr pc	; <UNPREDICTABLE>
87805bd4:	00000001 	andeq	r0, r0, r1
87805bd8:	00082000 	andeq	r2, r8, r0
87805bdc:	20000820 	andcs	r0, r0, r0, lsr #16
87805be0:	f83f0008 			; <UNDEFINED> instruction: 0xf83f0008
87805be4:	00f83f00 	rscseq	r3, r8, r0, lsl #30
87805be8:	10000808 	andne	r0, r0, r8, lsl #16
87805bec:	08200008 	stmdaeq	r0!, {r3}
87805bf0:	00002000 	andeq	r2, r0, r0
87805bf4:	30000030 	andcc	r0, r0, r0, lsr r0
	...
87805c00:	0c000000 	stceq	0, cr0, [r0], {-0}
87805c04:	181e0078 	ldmdane	lr, {r3, r4, r5, r6}
87805c08:	00083300 	andeq	r3, r8, r0, lsl #6
87805c0c:	21000823 	tstcs	r0, r3, lsr #16
87805c10:	88210008 	stmdahi	r1!, {r3}
87805c14:	00982100 	addseq	r2, r8, r0, lsl #2
87805c18:	3800f030 	stmdacc	r0, {r4, r5, ip, sp, lr, pc}
87805c1c:	00000060 	andeq	r0, r0, r0, rrx
87805c20:	00000000 	andeq	r0, r0, r0
87805c24:	20000020 	andcs	r0, r0, r0, lsr #32
87805c28:	00200000 	eoreq	r0, r0, r0
87805c2c:	03f0ff00 	mvnseq	pc, #0, 30
87805c30:	2000f8ff 	strdcs	pc, [r0], -pc	; <UNPREDICTABLE>
87805c34:	08200008 	stmdaeq	r0!, {r3}
87805c38:	00082000 	andeq	r2, r8, r0
87805c3c:	00003000 	andeq	r3, r0, r0
	...
87805c48:	3f000020 	svccc	0x00000020
87805c4c:	f87f00f0 			; <UNDEFINED> instruction: 0xf87f00f0
87805c50:	00180000 	andseq	r0, r8, r0
87805c54:	00000800 	andeq	r0, r0, r0, lsl #16
87805c58:	10200008 	eorne	r0, r0, r8
87805c5c:	00f83f00 	rscseq	r3, r8, r0, lsl #30
87805c60:	0000f07f 	andeq	pc, r0, pc, ror r0	; <UNPREDICTABLE>
87805c64:	00000010 	andeq	r0, r0, r0, lsl r0
87805c68:	00000000 	andeq	r0, r0, r0
87805c6c:	30000020 	andcc	r0, r0, r0, lsr #32
87805c70:	003c0000 	eorseq	r0, ip, r0
87805c74:	00803f00 	addeq	r3, r0, r0, lsl #30
87805c78:	0000f023 	andeq	pc, r0, r3, lsr #32
87805c7c:	70000078 	andvc	r0, r0, r8, ror r0
87805c80:	00802300 	addeq	r2, r0, r0, lsl #6
87805c84:	3000003c 	andcc	r0, r0, ip, lsr r0
87805c88:	00200000 	eoreq	r0, r0, r0
87805c8c:	00002000 	andeq	r2, r0, r0
87805c90:	3f00003c 	svccc	0x0000003c
87805c94:	f82300e0 			; <UNDEFINED> instruction: 0xf82300e0
87805c98:	00e00000 	rsceq	r0, r0, r0
87805c9c:	3e000027 	cdpcc	0, 0, cr0, cr0, cr7, {1}
87805ca0:	e03f0000 	eors	r0, pc, r0
87805ca4:	00f82100 	rscseq	r2, r8, r0, lsl #2
87805ca8:	3e00e001 	cdpcc	0, 0, cr14, cr0, cr1, {0}
87805cac:	00200000 	eoreq	r0, r0, r0
87805cb0:	00000000 	andeq	r0, r0, r0
87805cb4:	20000820 	andcs	r0, r0, r0, lsr #16
87805cb8:	38380008 	ldmdacc	r8!, {r3}
87805cbc:	00683e00 	rsbeq	r3, r8, r0, lsl #28
87805cc0:	03008027 	movweq	r8, #39	; 0x27
87805cc4:	f82c00c8 			; <UNDEFINED> instruction: 0xf82c00c8
87805cc8:	00383800 	eorseq	r3, r8, r0, lsl #16
87805ccc:	20001820 	andcs	r1, r0, r0, lsr #16
87805cd0:	00000008 	andeq	r0, r0, r8
87805cd4:	00000000 	andeq	r0, r0, r0
87805cd8:	30000020 	andcc	r0, r0, r0, lsr #32
87805cdc:	013c0003 	teqeq	ip, r3
87805ce0:	00833f00 	addeq	r3, r3, r0, lsl #30
87805ce4:	0000ec23 	andeq	lr, r0, r3, lsr #24
87805ce8:	80230070 	eorhi	r0, r3, r0, ror r0
87805cec:	00003c00 	andeq	r3, r0, r0, lsl #24
87805cf0:	20000020 	andcs	r0, r0, r0, lsr #32
	...
87805cfc:	38000000 	stmdacc	r0, {}	; <UNPREDICTABLE>
87805d00:	38200008 	stmdacc	r0!, {r3}
87805d04:	00f82000 	rscseq	r2, r8, r0
87805d08:	2f00e823 	svccs	0x0000e823
87805d0c:	083e0088 	ldmdaeq	lr!, {r3, r7}
87805d10:	00083800 	andeq	r3, r8, r0, lsl #16
87805d14:	00001820 	andeq	r1, r0, r0, lsr #16
87805d18:	00000070 	andeq	r0, r0, r0, ror r0
	...
87805d2c:	14000008 	strne	r0, [r0], #-8
87805d30:	fcf71f00 	ldc2l	15, cr1, [r7]
87805d34:	20060030 	andcs	r0, r6, r0, lsr r0
87805d38:	00000200 	andeq	r0, r0, r0, lsl #4
	...
87805d50:	ffff0000 			; <UNDEFINED> instruction: 0xffff0000
87805d54:	000000ff 	strdeq	r0, [r0], -pc	; <UNPREDICTABLE>
	...
87805d68:	00200000 	eoreq	r0, r0, r0
87805d6c:	06003002 	streq	r3, [r0], -r2
87805d70:	00fcf71f 	rscseq	pc, ip, pc, lsl r7	; <UNPREDICTABLE>
87805d74:	08000014 	stmdaeq	r0, {r2, r4}
	...
87805d88:	18000000 	stmdane	r0, {}	; <UNPREDICTABLE>
87805d8c:	00600000 	rsbeq	r0, r0, r0
87805d90:	00004000 	andeq	r4, r0, r0
87805d94:	20000040 	andcs	r0, r0, r0, asr #32
87805d98:	00100000 	andseq	r0, r0, r0
87805d9c:	00000800 	andeq	r0, r0, r0, lsl #16
87805da0:	04000004 	streq	r0, [r0], #-4
87805da4:	000c0000 	andeq	r0, ip, r0
87805da8:	00001000 	andeq	r1, r0, r0

87805dac <asc2_1608>:
	...
87805dc0:	cc1f0000 	ldcgt	0, cr0, [pc], {-0}
87805dc4:	00000c00 	andeq	r0, r0, r0, lsl #24
87805dc8:	00000000 	andeq	r0, r0, r0
87805dcc:	00080000 	andeq	r0, r8, r0
87805dd0:	00600030 	rsbeq	r0, r0, r0, lsr r0
87805dd4:	00300008 	eorseq	r0, r0, r8
87805dd8:	00000060 	andeq	r0, r0, r0, rrx
87805ddc:	fc032002 	stc2	0, cr2, [r3], {2}
87805de0:	2002201e 	andcs	r2, r2, lr, lsl r0
87805de4:	201efc03 	andscs	pc, lr, r3, lsl #24
87805de8:	00002002 	andeq	r2, r0, r2
87805dec:	180e0000 	stmdane	lr, {}	; <UNPREDICTABLE>
87805df0:	ff3f0411 			; <UNDEFINED> instruction: 0xff3f0411
87805df4:	780c8410 	stmdavc	ip, {r4, sl, pc}
87805df8:	00000000 	andeq	r0, r0, r0
87805dfc:	8410000f 	ldrhi	r0, [r0], #-15
87805e00:	c000380f 	andgt	r3, r0, pc, lsl #16
87805e04:	84187807 	ldrhi	r7, [r8], #-2055	; 0xfffff7f9
87805e08:	00007800 	andeq	r7, r0, r0, lsl #16
87805e0c:	840f7800 	strhi	r7, [pc], #-2048	; 87805e14 <asc2_1608+0x68>
87805e10:	2411c410 	ldrcs	ip, [r1], #-1040	; 0xfffffbf0
87805e14:	e400980e 	str	r9, [r0], #-2062	; 0xfffff7f2
87805e18:	08008400 	stmdaeq	r0, {sl, pc}
87805e1c:	00680008 	rsbeq	r0, r8, r8
87805e20:	00000070 	andeq	r0, r0, r0, ror r0
	...
87805e30:	e0070000 	and	r0, r7, r0
87805e34:	04201818 	strteq	r1, [r0], #-2072	; 0xfffff7e8
87805e38:	00000240 	andeq	r0, r0, r0, asr #4
87805e3c:	02400000 	subeq	r0, r0, #0
87805e40:	18180420 	ldmdane	r8, {r5, sl}
87805e44:	0000e007 	andeq	lr, r0, r7
87805e48:	00000000 	andeq	r0, r0, r0
87805e4c:	40024002 	andmi	r4, r2, r2
87805e50:	f00f8001 			; <UNDEFINED> instruction: 0xf00f8001
87805e54:	40028001 	andmi	r8, r2, r1
87805e58:	00004002 	andeq	r4, r0, r2
87805e5c:	80008000 	andhi	r8, r0, r0
87805e60:	f80f8000 			; <UNDEFINED> instruction: 0xf80f8000
87805e64:	80008000 	andhi	r8, r0, r0
87805e68:	00008000 	andeq	r8, r0, r0
87805e6c:	0d000100 	stfeqs	f0, [r0, #-0]
87805e70:	00000e00 	andeq	r0, r0, r0, lsl #28
	...
87805e7c:	80000000 	andhi	r0, r0, r0
87805e80:	80008000 	andhi	r8, r0, r0
87805e84:	80008000 	andhi	r8, r0, r0
87805e88:	80008000 	andhi	r8, r0, r0
87805e8c:	0c000000 	stceq	0, cr0, [r0], {-0}
87805e90:	00000c00 	andeq	r0, r0, r0, lsl #24
	...
87805e9c:	06000000 	streq	r0, [r0], -r0
87805ea0:	60001800 	andvs	r1, r0, r0, lsl #16
87805ea4:	00068001 	andeq	r8, r6, r1
87805ea8:	00200018 	eoreq	r0, r0, r8, lsl r0
87805eac:	f0070000 			; <UNDEFINED> instruction: 0xf0070000
87805eb0:	04100808 	ldreq	r0, [r0], #-2056	; 0xfffff7f8
87805eb4:	08080410 	stmdaeq	r8, {r4, sl}
87805eb8:	0000f007 	andeq	pc, r0, r7
87805ebc:	04080000 	streq	r0, [r8], #-0
87805ec0:	fc1f0408 	ldc2	4, cr0, [pc], {8}
87805ec4:	04000400 	streq	r0, [r0], #-1024	; 0xfffffc00
87805ec8:	00000000 	andeq	r0, r0, r0
87805ecc:	0c0e0000 	stceq	0, cr0, [lr], {-0}
87805ed0:	24101410 	ldrcs	r1, [r0], #-1040	; 0xfffffbf0
87805ed4:	84114410 	ldrhi	r4, [r1], #-1040	; 0xfffffbf0
87805ed8:	00000c0e 	andeq	r0, r0, lr, lsl #24
87805edc:	180c0000 	stmdane	ip, {}	; <UNPREDICTABLE>
87805ee0:	04110410 	ldreq	r0, [r1], #-1040	; 0xfffffbf0
87805ee4:	88120411 	ldmdahi	r2, {r0, r4, sl}
87805ee8:	0000700c 	andeq	r7, r0, ip
87805eec:	e0000000 	and	r0, r0, r0
87805ef0:	24042003 	strcs	r2, [r4], #-3
87805ef4:	fc1f2408 	ldc2	4, cr2, [pc], {8}
87805ef8:	00002400 	andeq	r2, r0, r0, lsl #8
87805efc:	981f0000 	ldmdals	pc, {}	; <UNPREDICTABLE>
87805f00:	04118410 	ldreq	r8, [r1], #-1040	; 0xfffffbf0
87805f04:	88100411 	ldmdahi	r0, {r0, r4, sl}
87805f08:	00007010 	andeq	r7, r0, r0, lsl r0
87805f0c:	f0070000 			; <UNDEFINED> instruction: 0xf0070000
87805f10:	04118808 	ldreq	r8, [r1], #-2056	; 0xfffff7f8
87805f14:	88180411 	ldmdahi	r8, {r0, r4, sl}
87805f18:	00007000 	andeq	r7, r0, r0
87805f1c:	001c0000 	andseq	r0, ip, r0
87805f20:	fc100010 	ldc2	0, cr0, [r0], {16}
87805f24:	001c0013 	andseq	r0, ip, r3, lsl r0
87805f28:	00000010 	andeq	r0, r0, r0, lsl r0
87805f2c:	380e0000 	stmdacc	lr, {}	; <UNPREDICTABLE>
87805f30:	84104411 	ldrhi	r4, [r0], #-1041	; 0xfffffbef
87805f34:	44118410 	ldrmi	r8, [r1], #-1040	; 0xfffffbf0
87805f38:	0000380e 	andeq	r3, r0, lr, lsl #16
87805f3c:	00070000 	andeq	r0, r7, r0
87805f40:	44108c08 	ldrmi	r8, [r0], #-3080	; 0xfffff3f8
87805f44:	88084410 	stmdahi	r8, {r4, sl, lr}
87805f48:	0000f007 	andeq	pc, r0, r7
87805f4c:	00000000 	andeq	r0, r0, r0
87805f50:	0c030000 	stceq	0, cr0, [r3], {-0}
87805f54:	00000c03 	andeq	r0, r0, r3, lsl #24
	...
87805f60:	06010100 	streq	r0, [r1], -r0, lsl #2
	...
87805f6c:	80000000 	andhi	r0, r0, r0
87805f70:	20024001 	andcs	r4, r2, r1
87805f74:	08081004 	stmdaeq	r8, {r2, ip}
87805f78:	00000410 	andeq	r0, r0, r0, lsl r4
87805f7c:	20022002 	andcs	r2, r2, r2
87805f80:	20022002 	andcs	r2, r2, r2
87805f84:	20022002 	andcs	r2, r2, r2
87805f88:	00002002 	andeq	r2, r0, r2
87805f8c:	04100000 	ldreq	r0, [r0], #-0
87805f90:	10040808 	andne	r0, r4, r8, lsl #16
87805f94:	40012002 	andmi	r2, r1, r2
87805f98:	00008000 	andeq	r8, r0, r0
87805f9c:	000e0000 	andeq	r0, lr, r0
87805fa0:	0c100012 	ldceq	0, cr0, [r0], {18}
87805fa4:	80106c10 	andshi	r6, r0, r0, lsl ip
87805fa8:	0000000f 	andeq	r0, r0, pc
87805fac:	180ce003 	stmdane	ip, {r0, r1, sp, lr, pc}
87805fb0:	2414e413 	ldrcs	lr, [r4], #-1043	; 0xfffffbed
87805fb4:	2808c417 	stmdacs	r8, {r0, r1, r2, r4, sl, lr, pc}
87805fb8:	0000d007 	andeq	sp, r0, r7
87805fbc:	3c000400 	cfstrscc	mvf0, [r0], {-0}
87805fc0:	401cc403 	andsmi	ip, ip, r3, lsl #8
87805fc4:	e4004007 	str	r4, [r0], #-7
87805fc8:	04001c00 	streq	r1, [r0], #-3072	; 0xfffff400
87805fcc:	fc1f0410 	ldc2	4, cr0, [pc], {16}
87805fd0:	04110411 	ldreq	r0, [r1], #-1041	; 0xfffffbef
87805fd4:	880e0411 	stmdahi	lr, {r0, r4, sl}
87805fd8:	00007000 	andeq	r7, r0, r0
87805fdc:	180ce003 	stmdane	ip, {r0, r1, sp, lr, pc}
87805fe0:	04100410 	ldreq	r0, [r0], #-1040	; 0xfffffbf0
87805fe4:	08100410 	ldmdaeq	r0, {r4, sl}
87805fe8:	0000101c 	andeq	r1, r0, ip, lsl r0
87805fec:	fc1f0410 	ldc2	4, cr0, [pc], {16}
87805ff0:	04100410 	ldreq	r0, [r0], #-1040	; 0xfffffbf0
87805ff4:	08080410 	stmdaeq	r8, {r4, sl}
87805ff8:	0000f007 	andeq	pc, r0, r7
87805ffc:	fc1f0410 	ldc2	4, cr0, [pc], {16}
87806000:	04110411 	ldreq	r0, [r1], #-1041	; 0xfffffbef
87806004:	0410c417 	ldreq	ip, [r0], #-1047	; 0xfffffbe9
87806008:	00001808 	andeq	r1, r0, r8, lsl #16
8780600c:	fc1f0410 	ldc2	4, cr0, [pc], {16}
87806010:	00110411 	andseq	r0, r1, r1, lsl r4
87806014:	0010c017 	andseq	ip, r0, r7, lsl r0
87806018:	00000008 	andeq	r0, r0, r8
8780601c:	180ce003 	stmdane	ip, {r0, r1, sp, lr, pc}
87806020:	04100410 	ldreq	r0, [r0], #-1040	; 0xfffffbf0
87806024:	781c4410 	ldmdavc	ip, {r4, sl, lr}
87806028:	00004000 	andeq	r4, r0, r0
8780602c:	fc1f0410 	ldc2	4, cr0, [pc], {16}
87806030:	80008410 	andhi	r8, r0, r0, lsl r4
87806034:	84108000 	ldrhi	r8, [r0], #-0
87806038:	0410fc1f 	ldreq	pc, [r0], #-3103	; 0xfffff3e1
8780603c:	04100000 	ldreq	r0, [r0], #-0
87806040:	fc1f0410 	ldc2	4, cr0, [pc], {16}
87806044:	04100410 	ldreq	r0, [r0], #-1040	; 0xfffffbf0
87806048:	00000000 	andeq	r0, r0, r0
8780604c:	01000300 	mrseq	r0, LR_irq
87806050:	01100110 	tsteq	r0, r0, lsl r1
87806054:	0010fe1f 	andseq	pc, r0, pc, lsl lr	; <UNPREDICTABLE>
87806058:	00000010 	andeq	r0, r0, r0, lsl r0
8780605c:	fc1f0410 	ldc2	4, cr0, [pc], {16}
87806060:	80030411 	andhi	r0, r3, r1, lsl r4
87806064:	1c186414 	cfldrsne	mvf6, [r8], {20}
87806068:	00000410 	andeq	r0, r0, r0, lsl r4
8780606c:	fc1f0410 	ldc2	4, cr0, [pc], {16}
87806070:	04000410 	streq	r0, [r0], #-1040	; 0xfffffbf0
87806074:	04000400 	streq	r0, [r0], #-1024	; 0xfffffc00
87806078:	00000c00 	andeq	r0, r0, r0, lsl #24
8780607c:	fc1f0410 	ldc2	4, cr0, [pc], {16}
87806080:	fc00001f 	stc2	0, cr0, [r0], {31}
87806084:	fc1f001f 	ldc2	0, cr0, [pc], {31}
87806088:	00000410 	andeq	r0, r0, r0, lsl r4
8780608c:	fc1f0410 	ldc2	4, cr0, [pc], {16}
87806090:	0003040c 	andeq	r0, r3, ip, lsl #8
87806094:	1810e000 	ldmdane	r0, {sp, lr, pc}
87806098:	0010fc1f 	andseq	pc, r0, pc, lsl ip	; <UNPREDICTABLE>
8780609c:	0808f007 	stmdaeq	r8, {r0, r1, r2, ip, sp, lr, pc}
878060a0:	04100410 	ldreq	r0, [r0], #-1040	; 0xfffffbf0
878060a4:	08080410 	stmdaeq	r8, {r4, sl}
878060a8:	0000f007 	andeq	pc, r0, r7
878060ac:	fc1f0410 	ldc2	4, cr0, [pc], {16}
878060b0:	80108410 	andshi	r8, r0, r0, lsl r4
878060b4:	80108010 	andshi	r8, r0, r0, lsl r0
878060b8:	0000000f 	andeq	r0, r0, pc
878060bc:	1808f007 	stmdane	r8, {r0, r1, r2, ip, sp, lr, pc}
878060c0:	24102410 	ldrcs	r2, [r0], #-1040	; 0xfffffbf0
878060c4:	0a081c10 	beq	87a0d10c <__bss_end+0x202898>
878060c8:	0000f207 	andeq	pc, r0, r7, lsl #4
878060cc:	fc1f0410 	ldc2	4, cr0, [pc], {16}
878060d0:	00110411 	andseq	r0, r1, r1, lsl r4
878060d4:	3011c011 	andscc	ip, r1, r1, lsl r0
878060d8:	04000c0e 	streq	r0, [r0], #-3086	; 0xfffff3f2
878060dc:	1c0e0000 	stcne	0, cr0, [lr], {-0}
878060e0:	84100411 	ldrhi	r0, [r0], #-1041	; 0xfffffbef
878060e4:	44108410 	ldrmi	r8, [r0], #-1040	; 0xfffffbf0
878060e8:	0000381c 	andeq	r3, r0, ip, lsl r8
878060ec:	00100018 	andseq	r0, r0, r8, lsl r0
878060f0:	fc1f0410 	ldc2	4, cr0, [pc], {16}
878060f4:	00100410 	andseq	r0, r0, r0, lsl r4
878060f8:	00000018 	andeq	r0, r0, r8, lsl r0
878060fc:	f81f0010 			; <UNDEFINED> instruction: 0xf81f0010
87806100:	04000410 	streq	r0, [r0], #-1040	; 0xfffffbf0
87806104:	04100400 	ldreq	r0, [r0], #-1024	; 0xfffffc00
87806108:	0010f81f 	andseq	pc, r0, pc, lsl r8	; <UNPREDICTABLE>
8780610c:	001e0010 	andseq	r0, lr, r0, lsl r0
87806110:	1c00e011 	stcne	0, cr14, [r0], {17}
87806114:	80137000 	andshi	r7, r3, r0
87806118:	0010001c 	andseq	r0, r0, ip, lsl r0
8780611c:	3c10c01f 	ldccc	0, cr12, [r0], {31}
87806120:	001fe000 	andseq	lr, pc, r0
87806124:	3c10e000 	ldccc	0, cr14, [r0], {-0}
87806128:	0000c01f 	andeq	ip, r0, pc, lsl r0
8780612c:	0c180410 	cfldrseq	mvf0, [r8], {16}
87806130:	c0013416 	andgt	r3, r1, r6, lsl r4
87806134:	3416c001 	ldrcc	ip, [r6], #-1
87806138:	04100c18 	ldreq	r0, [r0], #-3096	; 0xfffff3e8
8780613c:	001c0010 	andseq	r0, ip, r0, lsl r0
87806140:	fc000413 	stc2	4, cr0, [r0], {19}
87806144:	001c0413 	andseq	r0, ip, r3, lsl r4
87806148:	00000010 	andeq	r0, r0, r0, lsl r0
8780614c:	1c100408 	cfldrsne	mvf0, [r0], {8}
87806150:	84106410 	ldrhi	r6, [r0], #-1040	; 0xfffffbf0
87806154:	041c0413 	ldreq	r0, [ip], #-1043	; 0xfffffbed
87806158:	00001810 	andeq	r1, r0, r0, lsl r8
8780615c:	00000000 	andeq	r0, r0, r0
87806160:	fe7f0000 	cdp2	0, 7, cr0, cr15, cr0, {0}
87806164:	02400240 	subeq	r0, r0, #64, 4
87806168:	00000240 	andeq	r0, r0, r0, asr #4
8780616c:	00300000 	eorseq	r0, r0, r0
87806170:	8003000c 	andhi	r0, r3, ip
87806174:	1c006000 	stcne	0, cr6, [r0], {-0}
87806178:	00000300 	andeq	r0, r0, r0, lsl #6
8780617c:	02400000 	subeq	r0, r0, #0
87806180:	02400240 	subeq	r0, r0, #64, 4
87806184:	0000fe7f 	andeq	pc, r0, pc, ror lr	; <UNPREDICTABLE>
	...
87806190:	00400020 	subeq	r0, r0, r0, lsr #32
87806194:	00400040 	subeq	r0, r0, r0, asr #32
87806198:	00000020 	andeq	r0, r0, r0, lsr #32
8780619c:	01000100 	mrseq	r0, (UNDEF: 16)
878061a0:	01000100 	mrseq	r0, (UNDEF: 16)
878061a4:	01000100 	mrseq	r0, (UNDEF: 16)
878061a8:	01000100 	mrseq	r0, (UNDEF: 16)
878061ac:	00400000 	subeq	r0, r0, r0
878061b0:	00200040 	eoreq	r0, r0, r0, asr #32
	...
878061bc:	98000000 	stmdals	r0, {}	; <UNPREDICTABLE>
878061c0:	44012401 	strmi	r2, [r1], #-1025	; 0xfffffbff
878061c4:	44014401 	strmi	r4, [r1], #-1025	; 0xfffffbff
878061c8:	0400fc00 	streq	pc, [r0], #-3072	; 0xfffff400
878061cc:	fc1f0010 	ldc2	0, cr0, [pc], {16}
878061d0:	04018800 	streq	r8, [r1], #-2048	; 0xfffff800
878061d4:	88000401 	stmdahi	r0, {r0, sl}
878061d8:	00007000 	andeq	r7, r0, r0
878061dc:	70000000 	andvc	r0, r0, r0
878061e0:	04018800 	streq	r8, [r1], #-2048	; 0xfffff800
878061e4:	04010401 	streq	r0, [r1], #-1025	; 0xfffffbff
878061e8:	00008800 	andeq	r8, r0, r0, lsl #16
878061ec:	70000000 	andvc	r0, r0, r0
878061f0:	04018800 	streq	r8, [r1], #-2048	; 0xfffff800
878061f4:	08110401 	ldmdaeq	r1, {r0, sl}
878061f8:	0400fc1f 	streq	pc, [r0], #-3103	; 0xfffff3e1
878061fc:	f8000000 			; <UNDEFINED> instruction: 0xf8000000
87806200:	44014401 	strmi	r4, [r1], #-1025	; 0xfffffbff
87806204:	44014401 	strmi	r4, [r1], #-1025	; 0xfffffbff
87806208:	0000c800 	andeq	ip, r0, r0, lsl #16
8780620c:	04010000 	streq	r0, [r1], #-0
87806210:	fc0f0401 	stc2	4, cr0, [pc], {1}
87806214:	04110411 	ldreq	r0, [r1], #-1041	; 0xfffffbef
87806218:	00180011 	andseq	r0, r8, r1, lsl r0
8780621c:	d6000000 	strle	r0, [r0], -r0
87806220:	29012901 	stmdbcs	r1, {r0, r8, fp, sp}
87806224:	c9012901 	stmdbgt	r1, {r0, r8, fp, sp}
87806228:	00000601 	andeq	r0, r0, r1, lsl #12
8780622c:	fc1f0410 	ldc2	4, cr0, [pc], {16}
87806230:	00018400 	andeq	r8, r1, r0, lsl #8
87806234:	04010001 	streq	r0, [r1], #-1
87806238:	0400fc00 	streq	pc, [r0], #-3072	; 0xfffff400
8780623c:	04010000 	streq	r0, [r1], #-0
87806240:	fc190419 	ldc2	4, cr0, [r9], {25}
87806244:	04000400 	streq	r0, [r0], #-1024	; 0xfffffc00
87806248:	00000000 	andeq	r0, r0, r0
8780624c:	03000000 	movweq	r0, #0
87806250:	01010100 	mrseq	r0, (UNDEF: 17)
87806254:	fe190119 	mrc2	1, 0, r0, cr9, cr9, {0}
87806258:	00000000 	andeq	r0, r0, r0
8780625c:	fc1f0410 	ldc2	4, cr0, [pc], {16}
87806260:	40002400 	andmi	r2, r0, r0, lsl #8
87806264:	0c01b401 	cfstrseq	mvf11, [r1], {1}
87806268:	00000401 	andeq	r0, r0, r1, lsl #8
8780626c:	04100000 	ldreq	r0, [r0], #-0
87806270:	fc1f0410 	ldc2	4, cr0, [pc], {16}
87806274:	04000400 	streq	r0, [r0], #-1024	; 0xfffffc00
87806278:	00000000 	andeq	r0, r0, r0
8780627c:	fc010401 	stc2	4, cr0, [r1], {1}
87806280:	00010401 	andeq	r0, r1, r1, lsl #8
87806284:	0401fc01 	streq	pc, [r1], #-3073	; 0xfffff3ff
87806288:	fc000001 	stc2	0, cr0, [r0], {1}
8780628c:	fc010401 	stc2	4, cr0, [r1], {1}
87806290:	00018400 	andeq	r8, r1, r0, lsl #8
87806294:	04010001 	streq	r0, [r1], #-1
87806298:	0400fc00 	streq	pc, [r0], #-3072	; 0xfffff400
8780629c:	f8000000 			; <UNDEFINED> instruction: 0xf8000000
878062a0:	04010401 	streq	r0, [r1], #-1025	; 0xfffffbff
878062a4:	04010401 	streq	r0, [r1], #-1025	; 0xfffffbff
878062a8:	0000f800 	andeq	pc, r0, r0, lsl #16
878062ac:	ff010101 			; <UNDEFINED> instruction: 0xff010101
878062b0:	04018500 	streq	r8, [r1], #-1280	; 0xfffffb00
878062b4:	88000401 	stmdahi	r0, {r0, sl}
878062b8:	00007000 	andeq	r7, r0, r0
878062bc:	70000000 	andvc	r0, r0, r0
878062c0:	04018800 	streq	r8, [r1], #-2048	; 0xfffff800
878062c4:	05010401 	streq	r0, [r1, #-1025]	; 0xfffffbff
878062c8:	0100ff01 	tsteq	r0, r1, lsl #30	; <UNPREDICTABLE>
878062cc:	04010401 	streq	r0, [r1], #-1025	; 0xfffffbff
878062d0:	8400fc01 	strhi	pc, [r0], #-3073	; 0xfffff3ff
878062d4:	00010401 	andeq	r0, r1, r1, lsl #8
878062d8:	00008001 	andeq	r8, r0, r1
878062dc:	cc000000 	stcgt	0, cr0, [r0], {-0}
878062e0:	24012401 	strcs	r2, [r1], #-1025	; 0xfffffbff
878062e4:	24012401 	strcs	r2, [r1], #-1025	; 0xfffffbff
878062e8:	00009801 	andeq	r9, r0, r1, lsl #16
878062ec:	00010000 	andeq	r0, r1, r0
878062f0:	f8070001 			; <UNDEFINED> instruction: 0xf8070001
878062f4:	04010401 	streq	r0, [r1], #-1025	; 0xfffffbff
878062f8:	00000000 	andeq	r0, r0, r0
878062fc:	f8010001 			; <UNDEFINED> instruction: 0xf8010001
87806300:	04000400 	streq	r0, [r0], #-1024	; 0xfffffc00
87806304:	08010400 	stmdaeq	r1, {sl}
87806308:	0400fc01 	streq	pc, [r0], #-3073	; 0xfffff3ff
8780630c:	80010001 	andhi	r0, r1, r1
87806310:	0c007001 	stceq	0, cr7, [r0], {1}
87806314:	60011000 	andvs	r1, r1, r0
87806318:	00018001 	andeq	r8, r1, r1
8780631c:	0c01f001 	stceq	0, cr15, [r1], {1}
87806320:	c0013000 	andgt	r3, r1, r0
87806324:	0c013000 	stceq	0, cr3, [r1], {-0}
87806328:	0001f001 	andeq	pc, r1, r1
8780632c:	04010000 	streq	r0, [r1], #-0
87806330:	74008c01 	strvc	r8, [r0], #-3073	; 0xfffff3ff
87806334:	8c017001 	stchi	0, cr7, [r1], {1}
87806338:	00000401 	andeq	r0, r0, r1, lsl #8
8780633c:	81010101 	tsthi	r1, r1, lsl #2
87806340:	0e007101 	adfeqs	f7, f0, f1
87806344:	60011800 	andvs	r1, r1, r0, lsl #16
87806348:	00018001 	andeq	r8, r1, r1
8780634c:	84010000 	strhi	r0, [r1], #-0
87806350:	34010c01 	strcc	r0, [r1], #-3073	; 0xfffff3ff
87806354:	84014401 	strhi	r4, [r1], #-1025	; 0xfffffbff
87806358:	00000c01 	andeq	r0, r0, r1, lsl #24
	...
87806364:	fc3e0001 	ldc2	0, cr0, [lr], #-4
87806368:	02400240 	subeq	r0, r0, #64, 4
	...
87806374:	0000ffff 	strdeq	pc, [r0], -pc	; <UNPREDICTABLE>
87806378:	00000000 	andeq	r0, r0, r0
8780637c:	02400000 	subeq	r0, r0, #0
87806380:	fc3e0240 	ldc2	2, cr0, [lr], #-256	; 0xffffff00
87806384:	00000001 	andeq	r0, r0, r1
87806388:	00000000 	andeq	r0, r0, r0
8780638c:	00600000 	rsbeq	r0, r0, r0
87806390:	00800080 	addeq	r0, r0, r0, lsl #1
87806394:	00400040 	subeq	r0, r0, r0, asr #32
87806398:	00200020 	eoreq	r0, r0, r0, lsr #32

8780639c <asc2_1206>:
	...
878063ac:	0000403f 	andeq	r4, r0, pc, lsr r0
878063b0:	00000000 	andeq	r0, r0, r0
878063b4:	00300000 	eorseq	r0, r0, r0
878063b8:	00300040 	eorseq	r0, r0, r0, asr #32
878063bc:	00000040 	andeq	r0, r0, r0, asr #32
878063c0:	c00b0009 	andgt	r0, fp, r9
878063c4:	c00b003d 	andgt	r0, fp, sp, lsr r0
878063c8:	0009003d 	andeq	r0, r9, sp, lsr r0
878063cc:	4024c018 	eormi	ip, r4, r8, lsl r0
878063d0:	4022e07f 	eormi	lr, r2, pc, ror r0
878063d4:	00008031 	andeq	r8, r0, r1, lsr r0
878063d8:	c0240018 	eorgt	r0, r4, r8, lsl r0
878063dc:	800d001b 	andhi	r0, sp, fp, lsl r0
878063e0:	80014032 	andhi	r4, r1, r2, lsr r0
878063e4:	401c8003 	andsmi	r8, ip, r3
878063e8:	801c4027 	andshi	r4, ip, r7, lsr #32
878063ec:	40004007 	andmi	r4, r0, r7
878063f0:	00600010 	rsbeq	r0, r0, r0, lsl r0
	...
87806400:	801f0000 	andshi	r0, pc, r0
87806404:	20404020 	subcs	r4, r0, r0, lsr #32
87806408:	20400000 	subcs	r0, r0, r0
8780640c:	801f4020 	andshi	r4, pc, r0, lsr #32
87806410:	00000000 	andeq	r0, r0, r0
87806414:	00060009 	andeq	r0, r6, r9
87806418:	0006801f 	andeq	r8, r6, pc, lsl r0
8780641c:	00000009 	andeq	r0, r0, r9
87806420:	00040004 	andeq	r0, r4, r4
87806424:	0004803f 	andeq	r8, r4, pc, lsr r0
87806428:	00000004 	andeq	r0, r0, r4
8780642c:	60001000 	andvs	r1, r0, r0
	...
87806438:	00040004 	andeq	r0, r4, r4
8780643c:	00040004 	andeq	r0, r4, r4
87806440:	00000004 	andeq	r0, r0, r4
87806444:	40000000 	andmi	r0, r0, r0
	...
87806450:	c0012000 	andgt	r2, r1, r0
87806454:	00380006 	eorseq	r0, r8, r6
87806458:	00000040 	andeq	r0, r0, r0, asr #32
8780645c:	4020801f 	eormi	r8, r0, pc, lsl r0
87806460:	40204020 	eormi	r4, r0, r0, lsr #32
87806464:	0000801f 	andeq	r8, r0, pc, lsl r0
87806468:	40100000 	andsmi	r0, r0, r0
8780646c:	4000c03f 	andmi	ip, r0, pc, lsr r0
87806470:	00000000 	andeq	r0, r0, r0
87806474:	4021c018 	eormi	ip, r1, r8, lsl r0
87806478:	40244022 	eormi	r4, r4, r2, lsr #32
8780647c:	00004018 	andeq	r4, r0, r8, lsl r0
87806480:	40208010 	eormi	r8, r0, r0, lsl r0
87806484:	40244024 	eormi	r4, r4, r4, lsr #32
87806488:	0000801b 	andeq	r8, r0, fp, lsl r0
8780648c:	000d0002 	andeq	r0, sp, r2
87806490:	c03f0011 	eorsgt	r0, pc, r1, lsl r0	; <UNPREDICTABLE>
87806494:	00004001 	andeq	r4, r0, r1
87806498:	4024803c 	eormi	r8, r4, ip, lsr r0
8780649c:	40244024 	eormi	r4, r4, r4, lsr #32
878064a0:	00008023 	andeq	r8, r0, r3, lsr #32
878064a4:	4024801f 	eormi	r8, r4, pc, lsl r0
878064a8:	40344024 	eorsmi	r4, r4, r4, lsr #32
878064ac:	00008003 	andeq	r8, r0, r3
878064b0:	00200030 	eoreq	r0, r0, r0, lsr r0
878064b4:	0038c027 	eorseq	ip, r8, r7, lsr #32
878064b8:	00000020 	andeq	r0, r0, r0, lsr #32
878064bc:	4024801b 	eormi	r8, r4, fp, lsl r0
878064c0:	40244024 	eormi	r4, r4, r4, lsr #32
878064c4:	0000801b 	andeq	r8, r0, fp, lsl r0
878064c8:	c022001c 	eorgt	r0, r2, ip, lsl r0
878064cc:	40224022 	eormi	r4, r2, r2, lsr #32
878064d0:	0000801f 	andeq	r8, r0, pc, lsl r0
878064d4:	00000000 	andeq	r0, r0, r0
878064d8:	00004008 	andeq	r4, r0, r8
	...
878064e4:	00006004 	andeq	r6, r0, r4
878064e8:	00000000 	andeq	r0, r0, r0
878064ec:	00040000 	andeq	r0, r4, r0
878064f0:	0011000a 	andseq	r0, r1, sl
878064f4:	40408020 	submi	r8, r0, r0, lsr #32
878064f8:	00090009 	andeq	r0, r9, r9
878064fc:	00090009 	andeq	r0, r9, r9
87806500:	00000009 	andeq	r0, r0, r9
87806504:	40400000 	submi	r0, r0, r0
87806508:	00118020 	andseq	r8, r1, r0, lsr #32
8780650c:	0004000a 	andeq	r0, r4, sl
87806510:	00200018 	eoreq	r0, r0, r8, lsl r0
87806514:	00244023 	eoreq	r4, r4, r3, lsr #32
87806518:	00000018 	andeq	r0, r0, r8, lsl r0
8780651c:	4020801f 	eormi	r8, r0, pc, lsl r0
87806520:	40294027 	eormi	r4, r9, r7, lsr #32
87806524:	0000401f 	andeq	r4, r0, pc, lsl r0
87806528:	c0074000 	andgt	r4, r7, r0
8780652c:	000f0039 	andeq	r0, pc, r9, lsr r0	; <UNPREDICTABLE>
87806530:	4000c001 	andmi	ip, r0, r1
87806534:	c03f4020 	eorsgt	r4, pc, r0, lsr #32
87806538:	40244024 	eormi	r4, r4, r4, lsr #32
8780653c:	0000801b 	andeq	r8, r0, fp, lsl r0
87806540:	4020801f 	eormi	r8, r0, pc, lsl r0
87806544:	40204020 	eormi	r4, r0, r0, lsr #32
87806548:	00008030 	andeq	r8, r0, r0, lsr r0
8780654c:	c03f4020 	eorsgt	r4, pc, r0, lsr #32
87806550:	40204020 	eormi	r4, r0, r0, lsr #32
87806554:	0000801f 	andeq	r8, r0, pc, lsl r0
87806558:	c03f4020 	eorsgt	r4, pc, r0, lsr #32
8780655c:	402e4024 	eormi	r4, lr, r4, lsr #32
87806560:	0000c030 	andeq	ip, r0, r0, lsr r0
87806564:	c03f4020 	eorsgt	r4, pc, r0, lsr #32
87806568:	002e4024 	eoreq	r4, lr, r4, lsr #32
8780656c:	00000030 	andeq	r0, r0, r0, lsr r0
87806570:	8010000f 	andshi	r0, r0, pc
87806574:	40224020 	eormi	r4, r2, r0, lsr #32
87806578:	00028033 	andeq	r8, r2, r3, lsr r0
8780657c:	c03f4020 	eorsgt	r4, pc, r0, lsr #32
87806580:	00040004 	andeq	r0, r4, r4
87806584:	4020c03f 	eormi	ip, r0, pc, lsr r0
87806588:	40204020 	eormi	r4, r0, r0, lsr #32
8780658c:	4020c03f 	eormi	ip, r0, pc, lsr r0
87806590:	00004020 	andeq	r4, r0, r0, lsr #32
87806594:	20206000 	eorcs	r6, r0, r0
87806598:	c03f2020 	eorsgt	r2, pc, r0, lsr #32
8780659c:	00200020 	eoreq	r0, r0, r0, lsr #32
878065a0:	c03f4020 	eorsgt	r4, pc, r0, lsr #32
878065a4:	000b4024 	andeq	r4, fp, r4, lsr #32
878065a8:	4020c030 	eormi	ip, r0, r0, lsr r0
878065ac:	c03f4020 	eorsgt	r4, pc, r0, lsr #32
878065b0:	40004020 	andmi	r4, r0, r0, lsr #32
878065b4:	c0004000 	andgt	r4, r0, r0
878065b8:	003cc03f 	eorseq	ip, ip, pc, lsr r0
878065bc:	003cc003 	eorseq	ip, ip, r3
878065c0:	0000c03f 	andeq	ip, r0, pc, lsr r0
878065c4:	c03f4020 	eorsgt	r4, pc, r0, lsr #32
878065c8:	0023400c 	eoreq	r4, r3, ip
878065cc:	0020c03f 	eoreq	ip, r0, pc, lsr r0
878065d0:	4020801f 	eormi	r8, r0, pc, lsl r0
878065d4:	40204020 	eormi	r4, r0, r0, lsr #32
878065d8:	0000801f 	andeq	r8, r0, pc, lsl r0
878065dc:	c03f4020 	eorsgt	r4, pc, r0, lsr #32
878065e0:	00244024 	eoreq	r4, r4, r4, lsr #32
878065e4:	00000018 	andeq	r0, r0, r8, lsl r0
878065e8:	4021801f 	eormi	r8, r1, pc, lsl r0
878065ec:	e0204021 	eor	r4, r0, r1, lsr #32
878065f0:	0000a01f 	andeq	sl, r0, pc, lsl r0
878065f4:	c03f4020 	eorsgt	r4, pc, r0, lsr #32
878065f8:	00264024 	eoreq	r4, r6, r4, lsr #32
878065fc:	4000c019 	andmi	ip, r0, r9, lsl r0
87806600:	4024c018 	eormi	ip, r4, r8, lsl r0
87806604:	40224024 	eormi	r4, r2, r4, lsr #32
87806608:	00008031 	andeq	r8, r0, r1, lsr r0
8780660c:	40200030 	eormi	r0, r0, r0, lsr r0
87806610:	4020c03f 	eormi	ip, r0, pc, lsr r0
87806614:	00000030 	andeq	r0, r0, r0, lsr r0
87806618:	803f0020 	eorshi	r0, pc, r0, lsr #32
8780661c:	40004000 	andmi	r4, r0, r0
87806620:	0020803f 	eoreq	r8, r0, pc, lsr r0
87806624:	003e0020 	eorseq	r0, lr, r0, lsr #32
87806628:	0007c001 	andeq	ip, r7, r1
8780662c:	00200038 	eoreq	r0, r0, r8, lsr r0
87806630:	c0070038 	andgt	r0, r7, r8, lsr r0
87806634:	c007003c 	andgt	r0, r7, ip, lsr r0
87806638:	00000038 	andeq	r0, r0, r8, lsr r0
8780663c:	c0394020 	eorsgt	r4, r9, r0, lsr #32
87806640:	c0390006 	eorsgt	r0, r9, r6
87806644:	00004020 	andeq	r4, r0, r0, lsr #32
87806648:	40380020 	eorsmi	r0, r8, r0, lsr #32
8780664c:	4038c007 	eorsmi	ip, r8, r7
87806650:	00000020 	andeq	r0, r0, r0, lsr #32
87806654:	c0214030 	eorgt	r4, r1, r0, lsr r0
87806658:	40384026 	eorsmi	r4, r8, r6, lsr #32
8780665c:	0000c020 	andeq	ip, r0, r0, lsr #32
87806660:	00000000 	andeq	r0, r0, r0
87806664:	2040e07f 	subcs	lr, r0, pc, ror r0
87806668:	00002040 	andeq	r2, r0, r0, asr #32
8780666c:	00700000 	rsbseq	r0, r0, r0
87806670:	8003000c 	andhi	r0, r3, ip
87806674:	00004000 	andeq	r4, r0, r0
87806678:	20400000 	subcs	r0, r0, r0
8780667c:	e07f2040 	rsbs	r2, pc, r0, asr #32
87806680:	00000000 	andeq	r0, r0, r0
87806684:	00200000 	eoreq	r0, r0, r0
87806688:	00200040 	eoreq	r0, r0, r0, asr #32
8780668c:	00000000 	andeq	r0, r0, r0
87806690:	10001000 	andne	r1, r0, r0
87806694:	10001000 	andne	r1, r0, r0
87806698:	10001000 	andne	r1, r0, r0
8780669c:	00000000 	andeq	r0, r0, r0
878066a0:	00000040 	andeq	r0, r0, r0, asr #32
878066a4:	00000000 	andeq	r0, r0, r0
878066a8:	80020000 	andhi	r0, r2, r0
878066ac:	40054005 	andmi	r4, r5, r5
878066b0:	4000c003 	andmi	ip, r0, r3
878066b4:	c03f0020 	eorsgt	r0, pc, r0, lsr #32
878066b8:	40044004 	andmi	r4, r4, r4
878066bc:	00008003 	andeq	r8, r0, r3
878066c0:	80030000 	andhi	r0, r3, r0
878066c4:	40044004 	andmi	r4, r4, r4
878066c8:	00004006 	andeq	r4, r0, r6
878066cc:	80030000 	andhi	r0, r3, r0
878066d0:	40244004 	eormi	r4, r4, r4
878066d4:	4000c03f 	andmi	ip, r0, pc, lsr r0
878066d8:	80030000 	andhi	r0, r3, r0
878066dc:	40054005 	andmi	r4, r5, r5
878066e0:	00004003 	andeq	r4, r0, r3
878066e4:	40040000 	andmi	r0, r4, r0
878066e8:	4024c01f 	eormi	ip, r4, pc, lsl r0
878066ec:	00204024 	eoreq	r4, r0, r4, lsr #32
878066f0:	e0020000 	and	r0, r2, r0
878066f4:	50055005 	andpl	r5, r5, r5
878066f8:	20045006 	andcs	r5, r4, r6
878066fc:	c03f4020 	eorsgt	r4, pc, r0, lsr #32
87806700:	00044004 	andeq	r4, r4, r4
87806704:	4000c003 	andmi	ip, r0, r3
87806708:	40040000 	andmi	r0, r4, r0
8780670c:	4000c027 	andmi	ip, r0, r7, lsr #32
87806710:	00000000 	andeq	r0, r0, r0
87806714:	10001000 	andne	r1, r0, r0
87806718:	e0271004 	eor	r1, r7, r4
8780671c:	00000000 	andeq	r0, r0, r0
87806720:	c03f4020 	eorsgt	r4, pc, r0, lsr #32
87806724:	00074001 	andeq	r4, r7, r1
87806728:	4004c004 	andmi	ip, r4, r4
8780672c:	40204020 	eormi	r4, r0, r0, lsr #32
87806730:	4000c03f 	andmi	ip, r0, pc, lsr r0
87806734:	00004000 	andeq	r4, r0, r0
87806738:	0004c007 	andeq	ip, r4, r7
8780673c:	0004c007 	andeq	ip, r4, r7
87806740:	0000c003 	andeq	ip, r0, r3
87806744:	c0074004 	andgt	r4, r7, r4
87806748:	00044004 	andeq	r4, r4, r4
8780674c:	4000c003 	andmi	ip, r0, r3
87806750:	80030000 	andhi	r0, r3, r0
87806754:	40044004 	andmi	r4, r4, r4
87806758:	00008003 	andeq	r8, r0, r3
8780675c:	f0071004 			; <UNDEFINED> instruction: 0xf0071004
87806760:	40045004 	andmi	r5, r4, r4
87806764:	00008003 	andeq	r8, r0, r3
87806768:	80030000 	andhi	r0, r3, r0
8780676c:	50044004 	andpl	r4, r4, r4
87806770:	1000f007 	andne	pc, r0, r7
87806774:	c0074004 	andgt	r4, r7, r4
87806778:	00044002 	andeq	r4, r4, r2
8780677c:	00000004 	andeq	r0, r0, r4
87806780:	40060000 	andmi	r0, r6, r0
87806784:	40054005 	andmi	r4, r5, r5
87806788:	0000c004 	andeq	ip, r0, r4
8780678c:	00040000 	andeq	r0, r4, r0
87806790:	4004801f 	andmi	r8, r4, pc, lsl r0
87806794:	00004000 	andeq	r4, r0, r0
87806798:	80070004 	andhi	r0, r7, r4
8780679c:	40044000 	andmi	r4, r4, r0
878067a0:	4000c007 	andmi	ip, r0, r7
878067a4:	00070004 	andeq	r0, r7, r4
878067a8:	8001c004 	andhi	ip, r1, r4
878067ac:	00040006 	andeq	r0, r4, r6
878067b0:	c0010006 	andgt	r0, r1, r6
878067b4:	c0010007 	andgt	r0, r1, r7
878067b8:	00000006 	andeq	r0, r0, r6
878067bc:	c0064004 	andgt	r4, r6, r4
878067c0:	c0060001 	andgt	r0, r6, r1
878067c4:	00004004 	andeq	r4, r0, r4
878067c8:	10071004 	andne	r1, r7, r4
878067cc:	8001e004 	andhi	lr, r1, r4
878067d0:	00040006 	andeq	r0, r4, r6
878067d4:	40040000 	andmi	r0, r4, r0
878067d8:	4006c005 	andmi	ip, r6, r5
878067dc:	00004004 	andeq	r4, r0, r4
878067e0:	00000000 	andeq	r0, r0, r0
878067e4:	e07b0004 	rsbs	r0, fp, r4
878067e8:	00002040 	andeq	r2, r0, r0, asr #32
878067ec:	00000000 	andeq	r0, r0, r0
878067f0:	f0ff0000 			; <UNDEFINED> instruction: 0xf0ff0000
878067f4:	00000000 	andeq	r0, r0, r0
878067f8:	20400000 	subcs	r0, r0, r0
878067fc:	0004e07b 	andeq	lr, r4, fp, ror r0
87806800:	00000000 	andeq	r0, r0, r0
87806804:	00800040 	addeq	r0, r0, r0, asr #32
87806808:	00200040 	eoreq	r0, r0, r0, asr #32
8780680c:	00400020 	subeq	r0, r0, r0, lsr #32

87806810 <asc2_3216>:
	...
878068a8:	c000f007 	andgt	pc, r0, r7
878068ac:	e0e1ff07 	rsc	pc, r1, r7, lsl #30
878068b0:	e001f007 	and	pc, r1, r7
878068b4:	c0000000 	andgt	r0, r0, r0
	...
87806918:	00002000 	andeq	r2, r0, r0
8780691c:	0000c001 	andeq	ip, r0, r1
87806920:	00008007 	andeq	r8, r0, r7
87806924:	0000001f 	andeq	r0, r0, pc, lsl r0
87806928:	0000001e 	andeq	r0, r0, lr, lsl r0
8780692c:	0000201c 	andeq	r2, r0, ip, lsl r0
87806930:	0000c001 	andeq	ip, r0, r1
87806934:	00008007 	andeq	r8, r0, r7
87806938:	0000001f 	andeq	r0, r0, pc, lsl r0
8780693c:	0000001e 	andeq	r0, r0, lr, lsl r0
87806940:	0000001c 	andeq	r0, r0, ip, lsl r0
	...
87806994:	000c1800 	andeq	r1, ip, r0, lsl #16
87806998:	000c1800 	andeq	r1, ip, r0, lsl #16
8780699c:	e00f1800 	and	r1, pc, r0, lsl #16
878069a0:	00fc1f00 	rscseq	r1, ip, r0, lsl #30
878069a4:	000cf803 	andeq	pc, ip, r3, lsl #16
878069a8:	000c1800 	andeq	r1, ip, r0, lsl #16
878069ac:	000c1800 	andeq	r1, ip, r0, lsl #16
878069b0:	000c1800 	andeq	r1, ip, r0, lsl #16
878069b4:	000c1800 	andeq	r1, ip, r0, lsl #16
878069b8:	e00f1800 	and	r1, pc, r0, lsl #16
878069bc:	00fc1f00 	rscseq	r1, ip, r0, lsl #30
878069c0:	000cf803 	andeq	pc, ip, r3, lsl #16
878069c4:	000c1800 	andeq	r1, ip, r0, lsl #16
878069c8:	000c1800 	andeq	r1, ip, r0, lsl #16
	...
87806a18:	80070000 	andhi	r0, r7, r0
87806a1c:	c0077800 	andgt	r7, r7, r0, lsl #16
87806a20:	4006fc00 	andmi	pc, r6, r0, lsl #24
87806a24:	20000e01 	andcs	r0, r0, r1, lsl #28
87806a28:	20000703 	andcs	r0, r0, r3, lsl #14
87806a2c:	20800302 	addcs	r0, r0, r2, lsl #6
87806a30:	fcffff0f 	ldc2l	15, cr15, [pc], #60	; 87806a74 <asc2_3216+0x264>
87806a34:	20c00102 	sbccs	r0, r0, r2, lsl #2
87806a38:	60e00002 	rscvs	r0, r0, r2
87806a3c:	40703001 	rsbsmi	r3, r0, r1
87806a40:	803ff001 	eorshi	pc, pc, r1
87806a44:	001ff000 	andseq	pc, pc, r0
	...
87806a90:	0000fe00 	andeq	pc, r0, r0, lsl #28
87806a94:	0000ff01 	andeq	pc, r0, r1, lsl #30
87806a98:	00800103 	addeq	r0, r0, r3, lsl #2
87806a9c:	60800002 	addvs	r0, r0, r2
87806aa0:	c0810103 	addgt	r0, r1, r3, lsl #2
87806aa4:	0007ff01 	andeq	pc, r7, r1, lsl #30
87806aa8:	0018fe00 	andseq	pc, r8, r0, lsl #28
87806aac:	00e00000 	rsceq	r0, r0, r0
87806ab0:	00bf0300 	adcseq	r0, pc, r0, lsl #6
87806ab4:	c0ff0c00 	rscsgt	r0, pc, r0, lsl #24
87806ab8:	60807100 	addvs	r7, r0, r0, lsl #2
87806abc:	2000c101 	andcs	ip, r0, r1, lsl #2
87806ac0:	60800103 	addvs	r0, r0, r3, lsl #2
87806ac4:	c0ff0000 	rscsgt	r0, pc, r0
87806ac8:	003f0000 	eorseq	r0, pc, r0
	...
87806b10:	001f0000 	andseq	r0, pc, r0
87806b14:	c07f0000 	rsbsgt	r0, pc, r0
87806b18:	c0c0fc00 	sbcgt	pc, r0, r0, lsl #24
87806b1c:	6080ff01 	addvs	pc, r0, r1, lsl #30
87806b20:	20e00303 	rsccs	r0, r0, r3, lsl #6
87806b24:	20780202 	rsbscs	r0, r8, r2, lsl #4
87806b28:	201e0602 	andscs	r0, lr, r2, lsl #12
87806b2c:	4007fc03 	andmi	pc, r7, r3, lsl #24
87806b30:	8003f001 	andhi	pc, r3, r1
87806b34:	c0030100 	andgt	r0, r3, r0, lsl #2
87806b38:	601c0100 	andsvs	r0, ip, r0, lsl #2
87806b3c:	20e00100 	rsccs	r0, r0, r0, lsl #2
87806b40:	20000100 	andcs	r0, r0, r0, lsl #2
87806b44:	40000100 	andmi	r0, r0, r0, lsl #2
87806b48:	80010000 	andhi	r0, r1, r0
	...
87806b94:	00002000 	andeq	r2, r0, r0
87806b98:	0000601c 	andeq	r6, r0, ip, lsl r0
87806b9c:	0000401c 	andeq	r4, r0, ip, lsl r0
87806ba0:	0000801f 	andeq	r8, r0, pc, lsl r0
87806ba4:	0000000f 	andeq	r0, r0, pc
	...
87806c2c:	00f80700 	rscseq	r0, r8, r0, lsl #14
87806c30:	00ff3f00 	rscseq	r3, pc, r0, lsl #30
87806c34:	c0077800 	andgt	r7, r7, r0, lsl #16
87806c38:	e000c001 	and	ip, r0, r1
87806c3c:	30000003 	andcc	r0, r0, r3
87806c40:	08000004 	stmdaeq	r0, {r2}
87806c44:	04000008 	streq	r0, [r0], #-8
87806c48:	02000010 	andeq	r0, r0, #16
	...
87806c94:	02000010 	andeq	r0, r0, #16
87806c98:	04000008 	streq	r0, [r0], #-8
87806c9c:	08000004 	stmdaeq	r0, {r2}
87806ca0:	30000003 	andcc	r0, r0, r3
87806ca4:	e000c001 	and	ip, r0, r1
87806ca8:	c0077800 	andgt	r7, r7, r0, lsl #16
87806cac:	00ff3f00 	rscseq	r3, pc, r0, lsl #30
87806cb0:	00f80700 	rscseq	r0, r8, r0, lsl #14
	...
87806d18:	00180c00 	andseq	r0, r8, r0, lsl #24
87806d1c:	00380e00 	eorseq	r0, r8, r0, lsl #28
87806d20:	00380e00 	eorseq	r0, r8, r0, lsl #28
87806d24:	00300600 	eorseq	r0, r0, r0, lsl #12
87806d28:	00600300 	rsbeq	r0, r0, r0, lsl #6
87806d2c:	80436100 	subhi	r6, r3, r0, lsl #2
87806d30:	80ffff00 	rscshi	pc, pc, r0, lsl #30
87806d34:	00436100 	subeq	r6, r3, r0, lsl #2
87806d38:	00600300 	rsbeq	r0, r0, r0, lsl #6
87806d3c:	00300600 	eorseq	r0, r0, r0, lsl #12
87806d40:	00380e00 	eorseq	r0, r8, r0, lsl #28
87806d44:	00380e00 	eorseq	r0, r8, r0, lsl #28
87806d48:	00180c00 	andseq	r0, r8, r0, lsl #24
	...
87806d98:	00800000 	addeq	r0, r0, r0
87806d9c:	00800000 	addeq	r0, r0, r0
87806da0:	00800000 	addeq	r0, r0, r0
87806da4:	00800000 	addeq	r0, r0, r0
87806da8:	00800000 	addeq	r0, r0, r0
87806dac:	00800000 	addeq	r0, r0, r0
87806db0:	00ff7f00 	rscseq	r7, pc, r0, lsl #30
87806db4:	00800000 	addeq	r0, r0, r0
87806db8:	00800000 	addeq	r0, r0, r0
87806dbc:	00800000 	addeq	r0, r0, r0
87806dc0:	00800000 	addeq	r0, r0, r0
87806dc4:	00800000 	addeq	r0, r0, r0
87806dc8:	00800000 	addeq	r0, r0, r0
	...
87806e14:	01000000 	mrseq	r0, (UNDEF: 0)
87806e18:	e3000000 	movw	r0, #0
87806e1c:	e2000000 	and	r0, r0, #0
87806e20:	fc000000 	stc2	0, cr0, [r0], {-0}
87806e24:	78000000 	stmdavc	r0, {}	; <UNPREDICTABLE>
	...
87806e94:	00800000 	addeq	r0, r0, r0
87806e98:	00800000 	addeq	r0, r0, r0
87806e9c:	00800000 	addeq	r0, r0, r0
87806ea0:	00800000 	addeq	r0, r0, r0
87806ea4:	00800000 	addeq	r0, r0, r0
87806ea8:	00800000 	addeq	r0, r0, r0
87806eac:	00800000 	addeq	r0, r0, r0
87806eb0:	00800000 	addeq	r0, r0, r0
87806eb4:	00800000 	addeq	r0, r0, r0
87806eb8:	00800000 	addeq	r0, r0, r0
87806ebc:	00800000 	addeq	r0, r0, r0
87806ec0:	00800000 	addeq	r0, r0, r0
87806ec4:	00800000 	addeq	r0, r0, r0
87806ec8:	00800000 	addeq	r0, r0, r0
	...
87806f18:	c0000000 	andgt	r0, r0, r0
87806f1c:	e0010000 	and	r0, r1, r0
87806f20:	e0010000 	and	r0, r1, r0
87806f24:	c0000000 	andgt	r0, r0, r0
	...
87806f94:	0c000000 	stceq	0, cr0, [r0], {-0}
87806f98:	38000000 	stmdacc	r0, {}	; <UNPREDICTABLE>
87806f9c:	e0000000 	and	r0, r0, r0
87806fa0:	80030000 	andhi	r0, r3, r0
87806fa4:	000e0000 	andeq	r0, lr, r0
87806fa8:	00380000 	eorseq	r0, r8, r0
87806fac:	00e00000 	rsceq	r0, r0, r0
87806fb0:	00800300 	addeq	r0, r0, r0, lsl #6
87806fb4:	00000e00 	andeq	r0, r0, r0, lsl #28
87806fb8:	00003800 	andeq	r3, r0, r0, lsl #16
87806fbc:	0000e000 	andeq	lr, r0, r0
87806fc0:	00008003 	andeq	r8, r0, r3
87806fc4:	0000000e 	andeq	r0, r0, lr
87806fc8:	00000018 	andeq	r0, r0, r8, lsl r0
	...
87807018:	00f80f00 	rscseq	r0, r8, r0, lsl #30
8780701c:	00ff7f00 	rscseq	r7, pc, r0, lsl #30
87807020:	8007f000 	andhi	pc, r7, r0
87807024:	c0008001 	andgt	r8, r0, r1
87807028:	60000003 	andvs	r0, r0, r3
8780702c:	20000002 	andcs	r0, r0, r2
87807030:	20000002 	andcs	r0, r0, r2
87807034:	20000002 	andcs	r0, r0, r2
87807038:	60000003 	andvs	r0, r0, r3
8780703c:	c0008001 	andgt	r8, r0, r1
87807040:	8003e000 	andhi	lr, r3, r0
87807044:	00ff7f00 	rscseq	r7, pc, r0, lsl #30
87807048:	00f80f00 	rscseq	r0, r8, r0, lsl #30
	...
8780709c:	20008000 	andcs	r8, r0, r0
878070a0:	20008000 	andcs	r8, r0, r0
878070a4:	20008000 	andcs	r8, r0, r0
878070a8:	60008000 	andvs	r8, r0, r0
878070ac:	e0ffff01 	rscs	pc, pc, r1, lsl #30
878070b0:	e0ffff03 	rscs	pc, pc, r3, lsl #30
878070b4:	60000000 	andvs	r0, r0, r0
878070b8:	20000000 	andcs	r0, r0, r0
878070bc:	20000000 	andcs	r0, r0, r0
878070c0:	20000000 	andcs	r0, r0, r0
	...
87807118:	e0007800 	and	r7, r0, r0, lsl #16
8780711c:	60019800 	andvs	r9, r1, r0, lsl #16
87807120:	60020001 	andvs	r0, r2, r1
87807124:	60040002 	andvs	r0, r4, r2
87807128:	60080002 	andvs	r0, r8, r2
8780712c:	60100002 	andsvs	r0, r0, r2
87807130:	60200002 	eorvs	r0, r0, r2
87807134:	60400002 	subvs	r0, r0, r2
87807138:	60800003 	addvs	r0, r0, r3
8780713c:	60008301 	andvs	r8, r0, r1, lsl #6
87807140:	e000fe01 	and	pc, r0, r1, lsl #28
87807144:	80077c00 	andhi	r7, r7, r0, lsl #24
	...
87807198:	8007f000 	andhi	pc, r7, r0
8780719c:	c007f001 	andgt	pc, r7, r1
878071a0:	40000001 	andmi	r0, r0, r1
878071a4:	20000002 	andcs	r0, r0, r2
878071a8:	20000102 	andcs	r0, r0, r2, lsl #2
878071ac:	20000102 	andcs	r0, r0, r2, lsl #2
878071b0:	20000102 	andcs	r0, r0, r2, lsl #2
878071b4:	20800303 	addcs	r0, r0, r3, lsl #6
878071b8:	40808601 	addmi	r8, r0, r1, lsl #12
878071bc:	c0c0fc01 	sbcgt	pc, r0, r1, lsl #24
878071c0:	807f7800 	rsbshi	r7, pc, r0, lsl #16
878071c4:	001e0000 	andseq	r0, lr, r0
	...
87807214:	00080000 	andeq	r0, r8, r0
87807218:	00380000 	eorseq	r0, r8, r0
8780721c:	00480000 	subeq	r0, r8, r0
87807220:	00880100 	addeq	r0, r8, r0, lsl #2
87807224:	00080600 	andeq	r0, r8, r0, lsl #12
87807228:	10080c00 	andne	r0, r8, r0, lsl #24
8780722c:	10083000 	andne	r3, r8, r0
87807230:	10084000 	andne	r4, r8, r0
87807234:	f0ffff01 			; <UNDEFINED> instruction: 0xf0ffff01
87807238:	f0ffff03 			; <UNDEFINED> instruction: 0xf0ffff03
8780723c:	f0ffff03 			; <UNDEFINED> instruction: 0xf0ffff03
87807240:	10080000 	andne	r0, r8, r0
87807244:	10080000 	andne	r0, r8, r0
87807248:	10080000 	andne	r0, r8, r0
	...
87807298:	80070000 	andhi	r0, r7, r0
8780729c:	40861f00 	addmi	r1, r6, r0, lsl #30
878072a0:	2000e103 	andcs	lr, r0, r3, lsl #2
878072a4:	20000203 	andcs	r0, r0, r3, lsl #4
878072a8:	20000403 	andcs	r0, r0, r3, lsl #8
878072ac:	20000403 	andcs	r0, r0, r3, lsl #8
878072b0:	20000403 	andcs	r0, r0, r3, lsl #8
878072b4:	20000403 	andcs	r0, r0, r3, lsl #8
878072b8:	40000603 	andmi	r0, r0, r3, lsl #12
878072bc:	c0010303 	andgt	r0, r1, r3, lsl #6
878072c0:	80ff0103 	rscshi	r0, pc, r3, lsl #2
878072c4:	007e0003 	rsbseq	r0, lr, r3
	...
87807318:	00fc0700 	rscseq	r0, ip, r0, lsl #14
8780731c:	00ff3f00 	rscseq	r3, pc, r0, lsl #30
87807320:	80c37000 	sbchi	r7, r3, r0
87807324:	c0808100 	addgt	r8, r0, r0, lsl #2
87807328:	60000101 	andvs	r0, r0, r1, lsl #2
8780732c:	20000203 	andcs	r0, r0, r3, lsl #4
87807330:	20000202 	andcs	r0, r0, r2, lsl #4
87807334:	20000202 	andcs	r0, r0, r2, lsl #4
87807338:	20000202 	andcs	r0, r0, r2, lsl #4
8780733c:	40000302 	andmi	r0, r0, r2, lsl #6
87807340:	c080c101 	addgt	ip, r0, r1, lsl #2
87807344:	80ffc000 	rscshi	ip, pc, r0
87807348:	007e0000 	rsbseq	r0, lr, r0
	...
87807398:	0000f000 	andeq	pc, r0, r0
8780739c:	0000c003 	andeq	ip, r0, r3
878073a0:	00008003 	andeq	r8, r0, r3
878073a4:	00000003 	andeq	r0, r0, r3
878073a8:	e0070003 	and	r0, r7, r3
878073ac:	e03f0003 	eors	r0, pc, r3
878073b0:	00c00103 	sbceq	r0, r0, r3, lsl #2
878073b4:	00000603 	andeq	r0, r0, r3, lsl #12
878073b8:	00001803 	andeq	r1, r0, r3, lsl #16
878073bc:	00006003 	andeq	r6, r0, r3
878073c0:	00008003 	andeq	r8, r0, r3
878073c4:	00000003 	andeq	r0, r0, r3
	...
87807414:	001f0000 	andseq	r0, pc, r0
87807418:	803f7800 	eorshi	r7, pc, r0, lsl #16
8780741c:	c060fc00 	rsbgt	pc, r0, r0, lsl #24
87807420:	40c08e01 	sbcmi	r8, r0, r1, lsl #28
87807424:	20800703 	addcs	r0, r0, r3, lsl #14
87807428:	20000302 	andcs	r0, r0, r2, lsl #6
8780742c:	20800102 	addcs	r0, r0, r2, lsl #2
87807430:	20800102 	addcs	r0, r0, r2, lsl #2
87807434:	20c00102 	sbccs	r0, r0, r2, lsl #2
87807438:	40e00103 	rscmi	r0, r0, r3, lsl #2
8780743c:	c0708601 	rsbsgt	r8, r0, r1, lsl #12
87807440:	803ffc00 	eorshi	pc, pc, r0, lsl #24
87807444:	001f7800 	andseq	r7, pc, r0, lsl #16
	...
87807494:	00003f00 	andeq	r3, r0, r0, lsl #30
87807498:	c081ff00 	addgt	pc, r1, r0, lsl #30
8780749c:	c0c1c001 	sbcgt	ip, r1, r1
878074a0:	20600001 	rsbcs	r0, r0, r1
878074a4:	20200002 	eorcs	r0, r0, r2
878074a8:	20200002 	eorcs	r0, r0, r2
878074ac:	20200002 	eorcs	r0, r0, r2
878074b0:	60200002 	eorvs	r0, r0, r2
878074b4:	c0400002 	subgt	r0, r0, r2
878074b8:	80c10001 	sbchi	r0, r1, r1
878074bc:	008fc100 	addeq	ip, pc, r0, lsl #2
878074c0:	00fe7f00 	rscseq	r7, lr, r0, lsl #30
878074c4:	00f01f00 	rscseq	r1, r0, r0, lsl #30
	...
87807528:	c0000300 	andgt	r0, r0, r0, lsl #6
8780752c:	e0810700 	add	r0, r1, r0, lsl #14
87807530:	e0810700 	add	r0, r1, r0, lsl #14
87807534:	c0000300 	andgt	r0, r0, r0, lsl #6
	...
878075a8:	66000600 	strvs	r0, [r0], -r0, lsl #12
878075ac:	78000600 	stmdavc	r0, {r9, sl}
	...
87807618:	00800000 	addeq	r0, r0, r0
8780761c:	00c00100 	sbceq	r0, r0, r0, lsl #2
87807620:	00600300 	rsbeq	r0, r0, r0, lsl #6
87807624:	00300600 	eorseq	r0, r0, r0, lsl #12
87807628:	00180c00 	andseq	r0, r8, r0, lsl #24
8780762c:	000c1800 	andeq	r1, ip, r0, lsl #16
87807630:	00063000 	andeq	r3, r6, r0
87807634:	00036000 	andeq	r6, r3, r0
87807638:	8001c000 	andhi	ip, r1, r0
8780763c:	40000001 	andmi	r0, r0, r1
87807640:	20000002 	andcs	r0, r0, r2
87807644:	10000004 	andne	r0, r0, r4
	...
87807694:	00100400 	andseq	r0, r0, r0, lsl #8
87807698:	00100400 	andseq	r0, r0, r0, lsl #8
8780769c:	00100400 	andseq	r0, r0, r0, lsl #8
878076a0:	00100400 	andseq	r0, r0, r0, lsl #8
878076a4:	00100400 	andseq	r0, r0, r0, lsl #8
878076a8:	00100400 	andseq	r0, r0, r0, lsl #8
878076ac:	00100400 	andseq	r0, r0, r0, lsl #8
878076b0:	00100400 	andseq	r0, r0, r0, lsl #8
878076b4:	00100400 	andseq	r0, r0, r0, lsl #8
878076b8:	00100400 	andseq	r0, r0, r0, lsl #8
878076bc:	00100400 	andseq	r0, r0, r0, lsl #8
878076c0:	00100400 	andseq	r0, r0, r0, lsl #8
878076c4:	00100400 	andseq	r0, r0, r0, lsl #8
878076c8:	00100400 	andseq	r0, r0, r0, lsl #8
	...
87807718:	10000004 	andne	r0, r0, r4
8780771c:	20000002 	andcs	r0, r0, r2
87807720:	40000001 	andmi	r0, r0, r1
87807724:	8001c000 	andhi	ip, r1, r0
87807728:	00036000 	andeq	r6, r3, r0
8780772c:	00063000 	andeq	r3, r6, r0
87807730:	000c1800 	andeq	r1, ip, r0, lsl #16
87807734:	00180c00 	andseq	r0, r8, r0, lsl #24
87807738:	00300600 	eorseq	r0, r0, r0, lsl #12
8780773c:	00600300 	rsbeq	r0, r0, r0, lsl #6
87807740:	00c00100 	sbceq	r0, r0, r0, lsl #2
87807744:	00800000 	addeq	r0, r0, r0
	...
87807798:	00007800 	andeq	r7, r0, r0, lsl #16
8780779c:	0000f801 	andeq	pc, r0, r1, lsl #16
878077a0:	00003802 	andeq	r3, r0, r2, lsl #16
878077a4:	00000002 	andeq	r0, r0, r2
878077a8:	c0000004 	andgt	r0, r0, r4
878077ac:	e0790004 	rsbs	r0, r9, r4
878077b0:	e0810004 	add	r0, r1, r4
878077b4:	c0000104 	andgt	r0, r0, r4, lsl #2
878077b8:	00000304 	andeq	r0, r0, r4, lsl #6
878077bc:	00000202 	andeq	r0, r0, r2, lsl #4
878077c0:	00000603 	andeq	r0, r0, r3, lsl #12
878077c4:	0000fc01 	andeq	pc, r0, r1, lsl #24
878077c8:	0000f800 	andeq	pc, r0, r0, lsl #16
	...
87807814:	00f80f00 	rscseq	r0, r8, r0, lsl #30
87807818:	00fe3f00 	rscseq	r3, lr, r0, lsl #30
8780781c:	80077000 	andhi	r7, r7, r0
87807820:	c000c000 	andgt	ip, r0, r0
87807824:	40f80101 	rscsmi	r0, r8, r1, lsl #2
87807828:	20fc0703 	rscscs	r0, ip, r3, lsl #14
8780782c:	20041e02 	andcs	r1, r4, r2, lsl #28
87807830:	20083002 	andcs	r3, r8, r2
87807834:	20302002 	eorscs	r2, r0, r2
87807838:	20fc3f02 	rscscs	r3, ip, r2, lsl #30
8780783c:	40043f01 	andmi	r3, r4, r1, lsl #30
87807840:	c00c8001 	andgt	r8, ip, r1
87807844:	8031e000 	eorshi	lr, r1, r0
87807848:	00c21f00 	sbceq	r1, r2, r0, lsl #30
	...
87807890:	20000000 	andcs	r0, r0, r0
87807894:	60000000 	andvs	r0, r0, r0
87807898:	e0030000 	and	r0, r3, r0
8780789c:	203e0000 	eorscs	r0, lr, r0
878078a0:	20e00300 	rsccs	r0, r0, r0, lsl #6
878078a4:	00203e00 	eoreq	r3, r0, r0, lsl #28
878078a8:	0020e003 	eoreq	lr, r0, r3
878078ac:	00208003 	eoreq	r8, r0, r3
878078b0:	0020fc07 	eoreq	pc, r0, r7, lsl #24
878078b4:	00e03f00 	rsceq	r3, r0, r0, lsl #30
878078b8:	20fe0300 	rscscs	r0, lr, r0, lsl #6
878078bc:	e03f0000 	eors	r0, pc, r0
878078c0:	e0010000 	and	r0, r1, r0
878078c4:	20000000 	andcs	r0, r0, r0
878078c8:	20000000 	andcs	r0, r0, r0
	...
87807914:	20000002 	andcs	r0, r0, r2
87807918:	20000002 	andcs	r0, r0, r2
8780791c:	e0ffff03 	rscs	pc, pc, r3, lsl #30
87807920:	e0ffff03 	rscs	pc, pc, r3, lsl #30
87807924:	20000102 	andcs	r0, r0, r2, lsl #2
87807928:	20000102 	andcs	r0, r0, r2, lsl #2
8780792c:	20000102 	andcs	r0, r0, r2, lsl #2
87807930:	20000102 	andcs	r0, r0, r2, lsl #2
87807934:	20000102 	andcs	r0, r0, r2, lsl #2
87807938:	20000303 	andcs	r0, r0, r3, lsl #6
8780793c:	60808601 	addvs	r8, r0, r1, lsl #12
87807940:	c0c0fc01 	sbcgt	pc, r0, r1, lsl #24
87807944:	807ff800 	rsbshi	pc, pc, r0, lsl #16
87807948:	001f0000 	andseq	r0, pc, r0
	...
87807994:	00f80700 	rscseq	r0, r8, r0, lsl #14
87807998:	00ff3f00 	rscseq	r3, pc, r0, lsl #30
8780799c:	80077000 	andhi	r7, r7, r0
878079a0:	c000c000 	andgt	ip, r0, r0
878079a4:	40000001 	andmi	r0, r0, r1
878079a8:	20000003 	andcs	r0, r0, r3
878079ac:	20000002 	andcs	r0, r0, r2
878079b0:	20000002 	andcs	r0, r0, r2
878079b4:	20000002 	andcs	r0, r0, r2
878079b8:	20000002 	andcs	r0, r0, r2
878079bc:	40000001 	andmi	r0, r0, r1
878079c0:	c0008001 	andgt	r8, r0, r1
878079c4:	8001c003 	andhi	ip, r1, r3
878079c8:	00063000 	andeq	r3, r6, r0
	...
87807a14:	20000002 	andcs	r0, r0, r2
87807a18:	20000002 	andcs	r0, r0, r2
87807a1c:	e0ffff03 	rscs	pc, pc, r3, lsl #30
87807a20:	e0ffff03 	rscs	pc, pc, r3, lsl #30
87807a24:	20000002 	andcs	r0, r0, r2
87807a28:	20000002 	andcs	r0, r0, r2
87807a2c:	20000002 	andcs	r0, r0, r2
87807a30:	20000002 	andcs	r0, r0, r2
87807a34:	60000003 	andvs	r0, r0, r3
87807a38:	40000001 	andmi	r0, r0, r1
87807a3c:	c0008001 	andgt	r8, r0, r1
87807a40:	8007f000 	andhi	pc, r7, r0
87807a44:	00fe7f00 	rscseq	r7, lr, r0, lsl #30
87807a48:	00f80f00 	rscseq	r0, r8, r0, lsl #30
	...
87807a94:	20000002 	andcs	r0, r0, r2
87807a98:	20000002 	andcs	r0, r0, r2
87807a9c:	e0ffff03 	rscs	pc, pc, r3, lsl #30
87807aa0:	e0ffff03 	rscs	pc, pc, r3, lsl #30
87807aa4:	20000102 	andcs	r0, r0, r2, lsl #2
87807aa8:	20000102 	andcs	r0, r0, r2, lsl #2
87807aac:	20000102 	andcs	r0, r0, r2, lsl #2
87807ab0:	20000102 	andcs	r0, r0, r2, lsl #2
87807ab4:	20000102 	andcs	r0, r0, r2, lsl #2
87807ab8:	20800302 	addcs	r0, r0, r2, lsl #6
87807abc:	20e00f02 	rsccs	r0, r0, r2, lsl #30
87807ac0:	60000003 	andvs	r0, r0, r3
87807ac4:	e000c003 	and	ip, r0, r3
87807ac8:	00036000 	andeq	r6, r3, r0
	...
87807b14:	20000002 	andcs	r0, r0, r2
87807b18:	20000002 	andcs	r0, r0, r2
87807b1c:	e0ffff03 	rscs	pc, pc, r3, lsl #30
87807b20:	e0ffff03 	rscs	pc, pc, r3, lsl #30
87807b24:	20000102 	andcs	r0, r0, r2, lsl #2
87807b28:	20000102 	andcs	r0, r0, r2, lsl #2
87807b2c:	00000102 	andeq	r0, r0, r2, lsl #2
87807b30:	00000102 	andeq	r0, r0, r2, lsl #2
87807b34:	00000102 	andeq	r0, r0, r2, lsl #2
87807b38:	00000102 	andeq	r0, r0, r2, lsl #2
87807b3c:	00800302 	addeq	r0, r0, r2, lsl #6
87807b40:	00e00f03 	rsceq	r0, r0, r3, lsl #30
87807b44:	00000003 	andeq	r0, r0, r3
87807b48:	0000c003 	andeq	ip, r0, r3
87807b4c:	00006000 	andeq	r6, r0, r0
	...
87807b94:	00f80700 	rscseq	r0, r8, r0, lsl #14
87807b98:	00fe3f00 	rscseq	r3, lr, r0, lsl #30
87807b9c:	80077000 	andhi	r7, r7, r0
87807ba0:	c001c001 	andgt	ip, r1, r1
87807ba4:	40000001 	andmi	r0, r0, r1
87807ba8:	20000003 	andcs	r0, r0, r3
87807bac:	20000002 	andcs	r0, r0, r2
87807bb0:	20000002 	andcs	r0, r0, r2
87807bb4:	20000002 	andcs	r0, r0, r2
87807bb8:	20200001 	eorcs	r0, r0, r1
87807bbc:	40200001 	eormi	r0, r0, r1
87807bc0:	803fc003 	eorshi	ip, pc, r3
87807bc4:	803f3000 	eorshi	r3, pc, r0
87807bc8:	00200000 	eoreq	r0, r0, r0
87807bcc:	00200000 	eoreq	r0, r0, r0
	...
87807c10:	20000002 	andcs	r0, r0, r2
87807c14:	20000002 	andcs	r0, r0, r2
87807c18:	e0ffff03 	rscs	pc, pc, r3, lsl #30
87807c1c:	e0ffff03 	rscs	pc, pc, r3, lsl #30
87807c20:	20800002 	addcs	r0, r0, r2
87807c24:	20800002 	addcs	r0, r0, r2
87807c28:	00800000 	addeq	r0, r0, r0
87807c2c:	00800000 	addeq	r0, r0, r0
87807c30:	00800000 	addeq	r0, r0, r0
87807c34:	20800002 	addcs	r0, r0, r2
87807c38:	20800002 	addcs	r0, r0, r2
87807c3c:	e0ffff03 	rscs	pc, pc, r3, lsl #30
87807c40:	e0ffff03 	rscs	pc, pc, r3, lsl #30
87807c44:	20000002 	andcs	r0, r0, r2
87807c48:	20000002 	andcs	r0, r0, r2
	...
87807c9c:	20000002 	andcs	r0, r0, r2
87807ca0:	20000002 	andcs	r0, r0, r2
87807ca4:	20000002 	andcs	r0, r0, r2
87807ca8:	20000002 	andcs	r0, r0, r2
87807cac:	e0ffff03 	rscs	pc, pc, r3, lsl #30
87807cb0:	e0ffff03 	rscs	pc, pc, r3, lsl #30
87807cb4:	20000002 	andcs	r0, r0, r2
87807cb8:	20000002 	andcs	r0, r0, r2
87807cbc:	20000002 	andcs	r0, r0, r2
87807cc0:	20000002 	andcs	r0, r0, r2
	...
87807d14:	0e000000 	cdpeq	0, 0, cr0, cr0, cr0, {0}
87807d18:	0f000000 	svceq	0x00000000
87807d1c:	0f000000 	svceq	0x00000000
87807d20:	01000000 	mrseq	r0, (UNDEF: 0)
87807d24:	01000002 	tsteq	r0, r2
87807d28:	01000002 	tsteq	r0, r2
87807d2c:	03000002 	movweq	r0, #2
87807d30:	06000002 	streq	r0, [r0], -r2
87807d34:	fcffff03 	ldc2l	15, cr15, [pc], #12	; 87807d48 <asc2_3216+0x1538>
87807d38:	f8ffff03 			; <UNDEFINED> instruction: 0xf8ffff03
87807d3c:	00000002 	andeq	r0, r0, r2
87807d40:	00000002 	andeq	r0, r0, r2
87807d44:	00000002 	andeq	r0, r0, r2
87807d48:	00000002 	andeq	r0, r0, r2
	...
87807d94:	20000002 	andcs	r0, r0, r2
87807d98:	20000002 	andcs	r0, r0, r2
87807d9c:	e0ffff03 	rscs	pc, pc, r3, lsl #30
87807da0:	e0ffff03 	rscs	pc, pc, r3, lsl #30
87807da4:	20c00002 	sbccs	r0, r0, r2
87807da8:	20000102 	andcs	r0, r0, r2, lsl #2
87807dac:	00800700 	addeq	r0, r0, r0, lsl #14
87807db0:	00e00f00 	rsceq	r0, r0, r0, lsl #30
87807db4:	00f83000 	rscseq	r3, r8, r0
87807db8:	203e6002 	eorscs	r6, lr, r2
87807dbc:	200f8003 	andcs	r8, pc, r3
87807dc0:	e0030003 	and	r0, r3, r3
87807dc4:	e0000002 	and	r0, r0, r2
87807dc8:	20000002 	andcs	r0, r0, r2
87807dcc:	20000000 	andcs	r0, r0, r0
	...
87807e14:	20000002 	andcs	r0, r0, r2
87807e18:	20000002 	andcs	r0, r0, r2
87807e1c:	e0ffff03 	rscs	pc, pc, r3, lsl #30
87807e20:	e0ffff03 	rscs	pc, pc, r3, lsl #30
87807e24:	20000002 	andcs	r0, r0, r2
87807e28:	20000002 	andcs	r0, r0, r2
87807e2c:	20000000 	andcs	r0, r0, r0
87807e30:	20000000 	andcs	r0, r0, r0
87807e34:	20000000 	andcs	r0, r0, r0
87807e38:	20000000 	andcs	r0, r0, r0
87807e3c:	20000000 	andcs	r0, r0, r0
87807e40:	60000000 	andvs	r0, r0, r0
87807e44:	e0000000 	and	r0, r0, r0
87807e48:	00030000 	andeq	r0, r3, r0
	...
87807e90:	20000002 	andcs	r0, r0, r2
87807e94:	20000002 	andcs	r0, r0, r2
87807e98:	e0ffff03 	rscs	pc, pc, r3, lsl #30
87807e9c:	2000e003 	andcs	lr, r0, r3
87807ea0:	2000ff03 	andcs	pc, r0, r3, lsl #30
87807ea4:	00f01f00 	rscseq	r1, r0, r0, lsl #30
87807ea8:	80ff0100 	rscshi	r0, pc, r0, lsl #2
87807eac:	e00f0000 	and	r0, pc, r0
87807eb0:	001e0000 	andseq	r0, lr, r0
87807eb4:	00e00300 	rsceq	r0, r0, r0, lsl #6
87807eb8:	20003e00 	andcs	r3, r0, r0, lsl #28
87807ebc:	2000e003 	andcs	lr, r0, r3
87807ec0:	e0ffff03 	rscs	pc, pc, r3, lsl #30
87807ec4:	e0ffff03 	rscs	pc, pc, r3, lsl #30
87807ec8:	20000002 	andcs	r0, r0, r2
87807ecc:	20000002 	andcs	r0, r0, r2
	...
87807f10:	20000002 	andcs	r0, r0, r2
87807f14:	20000002 	andcs	r0, r0, r2
87807f18:	e0ffff03 	rscs	pc, pc, r3, lsl #30
87807f1c:	20008003 	andcs	r8, r0, r3
87807f20:	2000f003 	andcs	pc, r0, r3
87807f24:	0000fc00 	andeq	pc, r0, r0, lsl #24
87807f28:	00001f00 	andeq	r1, r0, r0, lsl #30
87807f2c:	00c00700 	sbceq	r0, r0, r0, lsl #14
87807f30:	00f00100 	rscseq	r0, r0, r0, lsl #2
87807f34:	007c0000 	rsbseq	r0, ip, r0
87807f38:	801f0002 	andshi	r0, pc, r2
87807f3c:	e0070002 	and	r0, r7, r2
87807f40:	e0ffff03 	rscs	pc, pc, r3, lsl #30
87807f44:	00000002 	andeq	r0, r0, r2
87807f48:	00000002 	andeq	r0, r0, r2
	...
87807f94:	00f80f00 	rscseq	r0, r8, r0, lsl #30
87807f98:	00fe3f00 	rscseq	r3, lr, r0, lsl #30
87807f9c:	8007f000 	andhi	pc, r7, r0
87807fa0:	c0008001 	andgt	r8, r0, r1
87807fa4:	40000001 	andmi	r0, r0, r1
87807fa8:	20000002 	andcs	r0, r0, r2
87807fac:	20000002 	andcs	r0, r0, r2
87807fb0:	20000002 	andcs	r0, r0, r2
87807fb4:	20000002 	andcs	r0, r0, r2
87807fb8:	40000001 	andmi	r0, r0, r1
87807fbc:	c0008001 	andgt	r8, r0, r1
87807fc0:	8003f000 	andhi	pc, r3, r0
87807fc4:	00fe3f00 	rscseq	r3, lr, r0, lsl #30
87807fc8:	00f80f00 	rscseq	r0, r8, r0, lsl #30
	...
87808014:	20000002 	andcs	r0, r0, r2
87808018:	20000002 	andcs	r0, r0, r2
8780801c:	e0ffff03 	rscs	pc, pc, r3, lsl #30
87808020:	e0ffff03 	rscs	pc, pc, r3, lsl #30
87808024:	20800002 	addcs	r0, r0, r2
87808028:	20800002 	addcs	r0, r0, r2
8780802c:	00800002 	addeq	r0, r0, r2
87808030:	00800002 	addeq	r0, r0, r2
87808034:	00800002 	addeq	r0, r0, r2
87808038:	00800002 	addeq	r0, r0, r2
8780803c:	00800103 	addeq	r0, r0, r3, lsl #2
87808040:	00008301 	andeq	r8, r0, r1, lsl #6
87808044:	0000fe00 	andeq	pc, r0, r0, lsl #28
87808048:	00007c00 	andeq	r7, r0, r0, lsl #24
	...
87808094:	00f80f00 	rscseq	r0, r8, r0, lsl #30
87808098:	00ff7f00 	rscseq	r7, pc, r0, lsl #30
8780809c:	8003f000 	andhi	pc, r3, r0
878080a0:	c0018001 	andgt	r8, r1, r1
878080a4:	40060001 	andmi	r0, r6, r1
878080a8:	20040002 	andcs	r0, r4, r2
878080ac:	20040002 	andcs	r0, r4, r2
878080b0:	20060002 	andcs	r0, r6, r2
878080b4:	e0030002 	and	r0, r3, r2
878080b8:	f8000001 			; <UNDEFINED> instruction: 0xf8000001
878080bc:	5c008001 	stcpl	0, cr8, [r0], {1}
878080c0:	8c03e000 	stchi	0, cr14, [r3], {-0}
878080c4:	0cff3f00 	ldcleq	15, cr3, [pc]	; 878080cc <asc2_3216+0x18bc>
878080c8:	18fc0f00 	ldmne	ip!, {r8, r9, sl, fp}^
	...
87808114:	20000002 	andcs	r0, r0, r2
87808118:	20000002 	andcs	r0, r0, r2
8780811c:	e0ffff03 	rscs	pc, pc, r3, lsl #30
87808120:	e0ffff03 	rscs	pc, pc, r3, lsl #30
87808124:	20000102 	andcs	r0, r0, r2, lsl #2
87808128:	20000102 	andcs	r0, r0, r2, lsl #2
8780812c:	00800102 	addeq	r0, r0, r2, lsl #2
87808130:	00e00102 	rsceq	r0, r0, r2, lsl #2
87808134:	00fc0102 	rscseq	r0, ip, r2, lsl #2
87808138:	803f0303 	eorshi	r0, pc, r3, lsl #6
8780813c:	e0078601 	and	r8, r7, r1, lsl #12
87808140:	e000fc01 	and	pc, r0, r1, lsl #24
87808144:	2000f800 	andcs	pc, r0, r0, lsl #16
87808148:	20000000 	andcs	r0, r0, r0
	...
87808198:	00067800 	andeq	r7, r6, r0, lsl #16
8780819c:	e001fe00 	and	pc, r1, r0, lsl #28
878081a0:	c0008601 	andgt	r8, r0, r1, lsl #12
878081a4:	40000303 	andmi	r0, r0, r3, lsl #6
878081a8:	20000302 	andcs	r0, r0, r2, lsl #6
878081ac:	20800102 	addcs	r0, r0, r2, lsl #2
878081b0:	20800102 	addcs	r0, r0, r2, lsl #2
878081b4:	20c00102 	sbccs	r0, r0, r2, lsl #2
878081b8:	20c00002 	sbccs	r0, r0, r2
878081bc:	60e00001 	rscvs	r0, r0, r1
878081c0:	c0708001 	rsbsgt	r8, r0, r1
878081c4:	803fe003 	eorshi	lr, pc, r3
878081c8:	001f0000 	andseq	r0, pc, r0
	...
87808214:	00006000 	andeq	r6, r0, r0
87808218:	00008003 	andeq	r8, r0, r3
8780821c:	00000003 	andeq	r0, r0, r3
87808220:	00000002 	andeq	r0, r0, r2
87808224:	20000002 	andcs	r0, r0, r2
87808228:	20000002 	andcs	r0, r0, r2
8780822c:	e0ffff03 	rscs	pc, pc, r3, lsl #30
87808230:	e0ffff03 	rscs	pc, pc, r3, lsl #30
87808234:	20000002 	andcs	r0, r0, r2
87808238:	20000002 	andcs	r0, r0, r2
8780823c:	00000002 	andeq	r0, r0, r2
87808240:	00000002 	andeq	r0, r0, r2
87808244:	00008003 	andeq	r8, r0, r3
87808248:	0000e000 	andeq	lr, r0, r0
	...
87808290:	00000002 	andeq	r0, r0, r2
87808294:	00000002 	andeq	r0, r0, r2
87808298:	00ffff03 	rscseq	pc, pc, r3, lsl #30
8780829c:	c0ffff03 	rscsgt	pc, pc, r3, lsl #30
878082a0:	40000002 	andmi	r0, r0, r2
878082a4:	60000002 	andvs	r0, r0, r2
878082a8:	20000000 	andcs	r0, r0, r0
878082ac:	20000000 	andcs	r0, r0, r0
878082b0:	20000000 	andcs	r0, r0, r0
878082b4:	20000000 	andcs	r0, r0, r0
878082b8:	40000002 	andmi	r0, r0, r2
878082bc:	80000002 	andhi	r0, r0, r2
878082c0:	00ffff03 	rscseq	pc, pc, r3, lsl #30
878082c4:	00000002 	andeq	r0, r0, r2
878082c8:	00000002 	andeq	r0, r0, r2
	...
87808314:	00000002 	andeq	r0, r0, r2
87808318:	00000002 	andeq	r0, r0, r2
8780831c:	0000c003 	andeq	ip, r0, r3
87808320:	0000fc03 	andeq	pc, r0, r3, lsl #24
87808324:	00c03f02 	sbceq	r3, r0, r2, lsl #30
87808328:	00f80300 	rscseq	r0, r8, r0, lsl #6
8780832c:	807f0000 	rsbshi	r0, pc, r0
87808330:	e0070000 	and	r0, r7, r0
87808334:	80070000 	andhi	r0, r7, r0
87808338:	00780000 	rsbseq	r0, r8, r0
8780833c:	00c00302 	sbceq	r0, r0, r2, lsl #6
87808340:	00003c02 	andeq	r3, r0, r2, lsl #24
87808344:	0000c003 	andeq	ip, r0, r3
87808348:	00000002 	andeq	r0, r0, r2
8780834c:	00000002 	andeq	r0, r0, r2
	...
87808390:	00000002 	andeq	r0, r0, r2
87808394:	0000c003 	andeq	ip, r0, r3
87808398:	0080ff03 	addeq	pc, r0, r3, lsl #30
8780839c:	00fe3f02 	rscseq	r3, lr, r2, lsl #30
878083a0:	e07f0002 	rsbs	r0, pc, r2
878083a4:	000f0000 	andeq	r0, pc, r0
878083a8:	00f00002 	rscseq	r0, r0, r2
878083ac:	0000ef03 	andeq	lr, r0, r3, lsl #30
878083b0:	0080ff03 	addeq	pc, r0, r3, lsl #30
878083b4:	00fe0f02 	rscseq	r0, lr, r2, lsl #30
878083b8:	e03f0000 	eors	r0, pc, r0
878083bc:	001f0000 	andseq	r0, pc, r0
878083c0:	00e00702 	rsceq	r0, r0, r2, lsl #14
878083c4:	0000f803 	andeq	pc, r0, r3, lsl #16
878083c8:	00000003 	andeq	r0, r0, r3
878083cc:	00000002 	andeq	r0, r0, r2
	...
87808414:	20000002 	andcs	r0, r0, r2
87808418:	20000002 	andcs	r0, r0, r2
8780841c:	e0008003 	and	r8, r0, r3
87808420:	2003f003 	andcs	pc, r3, r3
87808424:	200cfc02 	andcs	pc, ip, r2, lsl #24
87808428:	00301f02 	eorseq	r1, r0, r2, lsl #30
8780842c:	00c00700 	sbceq	r0, r0, r0, lsl #14
87808430:	00f00700 	rscseq	r0, r0, r0, lsl #14
87808434:	007c1802 	rsbseq	r1, ip, r2, lsl #16
87808438:	201f6002 	andscs	r6, pc, r2
8780843c:	e0038003 	and	r8, r3, r3
87808440:	e0000002 	and	r0, r0, r2
87808444:	20000002 	andcs	r0, r0, r2
87808448:	20000000 	andcs	r0, r0, r0
	...
87808494:	00000002 	andeq	r0, r0, r2
87808498:	00000003 	andeq	r0, r0, r3
8780849c:	0000c003 	andeq	ip, r0, r3
878084a0:	0000f803 	andeq	pc, r0, r3, lsl #16
878084a4:	20003e02 	andcs	r3, r0, r2, lsl #28
878084a8:	20c00f02 	sbccs	r0, r0, r2, lsl #30
878084ac:	e0ff0100 	rscs	r0, pc, r0, lsl #2
878084b0:	e07f0000 	rsbs	r0, pc, r0
878084b4:	20800300 	addcs	r0, r0, r0, lsl #6
878084b8:	20001c02 	andcs	r1, r0, r2, lsl #24
878084bc:	00007002 	andeq	r7, r0, r2
878084c0:	00008003 	andeq	r8, r0, r3
878084c4:	00000002 	andeq	r0, r0, r2
878084c8:	00000002 	andeq	r0, r0, r2
	...
87808514:	20000000 	andcs	r0, r0, r0
87808518:	e0006000 	and	r6, r0, r0
8780851c:	e0038003 	and	r8, r3, r3
87808520:	a00f0003 	andge	r0, pc, r3
87808524:	203e0002 	eorscs	r0, lr, r2
87808528:	20f80002 	rscscs	r0, r8, r2
8780852c:	20e00302 	rsccs	r0, r0, r2, lsl #6
87808530:	20800f02 	addcs	r0, r0, r2, lsl #30
87808534:	20003e02 	andcs	r3, r0, r2, lsl #28
87808538:	20007802 	andcs	r7, r0, r2, lsl #16
8780853c:	6000e003 	andvs	lr, r0, r3
87808540:	e0008003 	and	r8, r0, r3
87808544:	00030002 	andeq	r0, r3, r2
	...
878085a8:	fcffff1f 	ldc2l	15, cr15, [pc], #124	; 8780862c <asc2_3216+0x1e1c>
878085ac:	04000010 	streq	r0, [r0], #-16
878085b0:	04000010 	streq	r0, [r0], #-16
878085b4:	04000010 	streq	r0, [r0], #-16
878085b8:	04000010 	streq	r0, [r0], #-16
878085bc:	04000010 	streq	r0, [r0], #-16
878085c0:	04000010 	streq	r0, [r0], #-16
878085c4:	04000010 	streq	r0, [r0], #-16
	...
8780861c:	00000007 	andeq	r0, r0, r7
87808620:	0000c003 	andeq	ip, r0, r3
87808624:	00007800 	andeq	r7, r0, r0, lsl #16
87808628:	00001e00 	andeq	r1, r0, r0, lsl #28
8780862c:	00c00300 	sbceq	r0, r0, r0, lsl #6
87808630:	00f00000 	rscseq	r0, r0, r0
87808634:	001e0000 	andseq	r0, lr, r0
87808638:	80070000 	andhi	r0, r7, r0
8780863c:	f0000000 			; <UNDEFINED> instruction: 0xf0000000
87808640:	3c000000 	stccc	0, cr0, [r0], {-0}
87808644:	06000000 	streq	r0, [r0], -r0
	...
87808698:	04000010 	streq	r0, [r0], #-16
8780869c:	04000010 	streq	r0, [r0], #-16
878086a0:	04000010 	streq	r0, [r0], #-16
878086a4:	04000010 	streq	r0, [r0], #-16
878086a8:	04000010 	streq	r0, [r0], #-16
878086ac:	04000010 	streq	r0, [r0], #-16
878086b0:	04000010 	streq	r0, [r0], #-16
878086b4:	fcffff1f 	ldc2l	15, cr15, [pc], #124	; 87808738 <asc2_3216+0x1f28>
	...
87808720:	00000002 	andeq	r0, r0, r2
87808724:	00000004 	andeq	r0, r0, r4
87808728:	00000008 	andeq	r0, r0, r8
8780872c:	00000018 	andeq	r0, r0, r8, lsl r0
87808730:	00000010 	andeq	r0, r0, r0, lsl r0
87808734:	00000018 	andeq	r0, r0, r8, lsl r0
87808738:	00000018 	andeq	r0, r0, r8, lsl r0
8780873c:	00000004 	andeq	r0, r0, r4
87808740:	00000002 	andeq	r0, r0, r2
	...
87808790:	01000000 	mrseq	r0, (UNDEF: 0)
87808794:	01000000 	mrseq	r0, (UNDEF: 0)
87808798:	01000000 	mrseq	r0, (UNDEF: 0)
8780879c:	01000000 	mrseq	r0, (UNDEF: 0)
878087a0:	01000000 	mrseq	r0, (UNDEF: 0)
878087a4:	01000000 	mrseq	r0, (UNDEF: 0)
878087a8:	01000000 	mrseq	r0, (UNDEF: 0)
878087ac:	01000000 	mrseq	r0, (UNDEF: 0)
878087b0:	01000000 	mrseq	r0, (UNDEF: 0)
878087b4:	01000000 	mrseq	r0, (UNDEF: 0)
878087b8:	01000000 	mrseq	r0, (UNDEF: 0)
878087bc:	01000000 	mrseq	r0, (UNDEF: 0)
878087c0:	01000000 	mrseq	r0, (UNDEF: 0)
878087c4:	01000000 	mrseq	r0, (UNDEF: 0)
878087c8:	01000000 	mrseq	r0, (UNDEF: 0)
878087cc:	01000000 	mrseq	r0, (UNDEF: 0)
	...
8780881c:	00000010 	andeq	r0, r0, r0, lsl r0
87808820:	00000010 	andeq	r0, r0, r0, lsl r0
87808824:	00000010 	andeq	r0, r0, r0, lsl r0
87808828:	00000018 	andeq	r0, r0, r8, lsl r0
8780882c:	00000008 	andeq	r0, r0, r8
87808830:	00000004 	andeq	r0, r0, r4
	...
87808894:	80030000 	andhi	r0, r3, r0
87808898:	c08f0100 	addgt	r0, pc, r0, lsl #2
8780889c:	608c0300 	addvs	r0, ip, r0, lsl #6
878088a0:	20180600 	andscs	r0, r8, r0, lsl #12
878088a4:	20100400 	andscs	r0, r0, r0, lsl #8
878088a8:	20100400 	andscs	r0, r0, r0, lsl #8
878088ac:	20200400 	eorcs	r0, r0, r0, lsl #8
878088b0:	40200400 	eormi	r0, r0, r0, lsl #8
878088b4:	40200600 	eormi	r0, r0, r0, lsl #12
878088b8:	c0ff0300 	rscsgt	r0, pc, r0, lsl #6
878088bc:	e0ff0100 	rscs	r0, pc, r0, lsl #2
878088c0:	20000000 	andcs	r0, r0, r0
878088c4:	20000000 	andcs	r0, r0, r0
878088c8:	c0000000 	andgt	r0, r0, r0
	...
87808914:	00000002 	andeq	r0, r0, r2
87808918:	00000002 	andeq	r0, r0, r2
8780891c:	e0ffff03 	rscs	pc, pc, r3, lsl #30
87808920:	c0ffff07 	rscsgt	pc, pc, r7, lsl #30
87808924:	c0800100 	addgt	r0, r0, r0, lsl #2
87808928:	60000200 	andvs	r0, r0, r0, lsl #4
8780892c:	20000200 	andcs	r0, r0, r0, lsl #4
87808930:	20000400 	andcs	r0, r0, r0, lsl #8
87808934:	20000400 	andcs	r0, r0, r0, lsl #8
87808938:	20000400 	andcs	r0, r0, r0, lsl #8
8780893c:	40000600 	andmi	r0, r0, r0, lsl #12
87808940:	c0000300 	andgt	r0, r0, r0, lsl #6
87808944:	80ff0100 	rscshi	r0, pc, r0, lsl #2
87808948:	00fe0000 	rscseq	r0, lr, r0
	...
87808998:	007e0000 	rsbseq	r0, lr, r0
8780899c:	80ff0100 	rscshi	r0, pc, r0, lsl #2
878089a0:	c0810300 	addgt	r0, r1, r0, lsl #6
878089a4:	40000200 	andmi	r0, r0, r0, lsl #4
878089a8:	20000600 	andcs	r0, r0, r0, lsl #12
878089ac:	20000400 	andcs	r0, r0, r0, lsl #8
878089b0:	20000400 	andcs	r0, r0, r0, lsl #8
878089b4:	20000400 	andcs	r0, r0, r0, lsl #8
878089b8:	20000600 	andcs	r0, r0, r0, lsl #12
878089bc:	40c00300 	sbcmi	r0, r0, r0, lsl #6
878089c0:	80c00100 	sbchi	r0, r0, r0, lsl #2
878089c4:	00030000 	andeq	r0, r3, r0
	...
87808a18:	007e0000 	rsbseq	r0, lr, r0
87808a1c:	80ff0100 	rscshi	r0, pc, r0, lsl #2
87808a20:	c0800300 	addgt	r0, r0, r0, lsl #6
87808a24:	60000600 	andvs	r0, r0, r0, lsl #12
87808a28:	20000400 	andcs	r0, r0, r0, lsl #8
87808a2c:	20000400 	andcs	r0, r0, r0, lsl #8
87808a30:	20000400 	andcs	r0, r0, r0, lsl #8
87808a34:	40000402 	andmi	r0, r0, r2, lsl #8
87808a38:	80000202 	andhi	r0, r0, r2, lsl #4
87808a3c:	e0ffff03 	rscs	pc, pc, r3, lsl #30
87808a40:	c0ffff07 	rscsgt	pc, pc, r7, lsl #30
87808a44:	40000000 	andmi	r0, r0, r0
87808a48:	40000000 	andmi	r0, r0, r0
	...
87808a98:	007e0000 	rsbseq	r0, lr, r0
87808a9c:	80ff0100 	rscshi	r0, pc, r0, lsl #2
87808aa0:	c0110300 	andsgt	r0, r1, r0, lsl #6
87808aa4:	40100200 	andsmi	r0, r0, r0, lsl #4
87808aa8:	60100400 	andsvs	r0, r0, r0, lsl #8
87808aac:	20100400 	andscs	r0, r0, r0, lsl #8
87808ab0:	20100400 	andscs	r0, r0, r0, lsl #8
87808ab4:	20100400 	andscs	r0, r0, r0, lsl #8
87808ab8:	20100600 	andscs	r0, r0, r0, lsl #12
87808abc:	40100300 	andsmi	r0, r0, r0, lsl #6
87808ac0:	c0f00100 	rscsgt	r0, r0, r0, lsl #2
87808ac4:	00710000 	rsbseq	r0, r1, r0
	...
87808b18:	00000400 	andeq	r0, r0, r0, lsl #8
87808b1c:	20000400 	andcs	r0, r0, r0, lsl #8
87808b20:	20000400 	andcs	r0, r0, r0, lsl #8
87808b24:	20000400 	andcs	r0, r0, r0, lsl #8
87808b28:	e0ff7f00 	rscs	r7, pc, r0, lsl #30
87808b2c:	e0ffff01 	rscs	pc, pc, r1, lsl #30
87808b30:	20000401 	andcs	r0, r0, r1, lsl #8
87808b34:	20000403 	andcs	r0, r0, r3, lsl #8
87808b38:	20000402 	andcs	r0, r0, r2, lsl #8
87808b3c:	20000402 	andcs	r0, r0, r2, lsl #8
87808b40:	00000402 	andeq	r0, r0, r2, lsl #8
87808b44:	00000002 	andeq	r0, r0, r2
87808b48:	0000c001 	andeq	ip, r0, r1
87808b4c:	0000c001 	andeq	ip, r0, r1
	...
87808b98:	1c000000 	stcne	0, cr0, [r0], {-0}
87808b9c:	3ee30000 	cdpcc	0, 14, cr0, cr3, cr0, {0}
87808ba0:	c2ff0300 	rscsgt	r0, pc, #0, 6
87808ba4:	c30c0200 	movwgt	r0, #49664	; 0xc200
87808ba8:	c1040400 	tstgt	r4, r0, lsl #8
87808bac:	c1040400 	tstgt	r4, r0, lsl #8
87808bb0:	c1040400 	tstgt	r4, r0, lsl #8
87808bb4:	c1040400 	tstgt	r4, r0, lsl #8
87808bb8:	c10c0600 	tstgt	ip, r0, lsl #12
87808bbc:	c3f80300 	mvnsgt	r0, #0, 6
87808bc0:	62f00500 	rscsvs	r0, r0, #0, 10
87808bc4:	7e000600 	cfmadd32vc	mvax0, mvfx0, mvfx0, mvfx0
87808bc8:	3c000600 	stccc	6, cr0, [r0], {-0}
	...
87808c14:	20000002 	andcs	r0, r0, r2
87808c18:	20000002 	andcs	r0, r0, r2
87808c1c:	e0ffff03 	rscs	pc, pc, r3, lsl #30
87808c20:	e0ffff07 	rscs	pc, pc, r7, lsl #30
87808c24:	20000100 	andcs	r0, r0, r0, lsl #2
87808c28:	20000200 	andcs	r0, r0, r0, lsl #4
87808c2c:	00000600 	andeq	r0, r0, r0, lsl #12
87808c30:	00000400 	andeq	r0, r0, r0, lsl #8
87808c34:	00000400 	andeq	r0, r0, r0, lsl #8
87808c38:	20000400 	andcs	r0, r0, r0, lsl #8
87808c3c:	20000600 	andcs	r0, r0, r0, lsl #12
87808c40:	e0ff0300 	rscs	r0, pc, r0, lsl #6
87808c44:	e0ff0100 	rscs	r0, pc, r0, lsl #2
87808c48:	20000000 	andcs	r0, r0, r0
87808c4c:	20000000 	andcs	r0, r0, r0
	...
87808c9c:	20000400 	andcs	r0, r0, r0, lsl #8
87808ca0:	20000400 	andcs	r0, r0, r0, lsl #8
87808ca4:	20000400 	andcs	r0, r0, r0, lsl #8
87808ca8:	20000400 	andcs	r0, r0, r0, lsl #8
87808cac:	e0ff8703 	rscs	r8, pc, r3, lsl #14
87808cb0:	e0ff8f03 	rscs	r8, pc, r3, lsl #30
87808cb4:	20008003 	andcs	r8, r0, r3
87808cb8:	20000000 	andcs	r0, r0, r0
87808cbc:	20000000 	andcs	r0, r0, r0
87808cc0:	20000000 	andcs	r0, r0, r0
	...
87808d1c:	06000000 	streq	r0, [r0], -r0
87808d20:	07000000 	streq	r0, [r0, -r0]
87808d24:	01000000 	mrseq	r0, (UNDEF: 0)
87808d28:	01000000 	mrseq	r0, (UNDEF: 0)
87808d2c:	01000400 	tsteq	r0, r0, lsl #8
87808d30:	01000400 	tsteq	r0, r0, lsl #8
87808d34:	03000400 	movweq	r0, #1024	; 0x400
87808d38:	06000400 	streq	r0, [r0], -r0, lsl #8
87808d3c:	fcff8703 	ldc2l	7, cr8, [pc], #12	; 87808d50 <asc2_3216+0x2540>
87808d40:	f8ff8f03 			; <UNDEFINED> instruction: 0xf8ff8f03
87808d44:	00008003 	andeq	r8, r0, r3
	...
87808d94:	20000002 	andcs	r0, r0, r2
87808d98:	20000002 	andcs	r0, r0, r2
87808d9c:	e0ffff03 	rscs	pc, pc, r3, lsl #30
87808da0:	e0ffff07 	rscs	pc, pc, r7, lsl #30
87808da4:	20080000 	andcs	r0, r8, r0
87808da8:	20100000 	andscs	r0, r0, r0
87808dac:	00300000 	eorseq	r0, r0, r0
87808db0:	00fc0000 	rscseq	r0, ip, r0
87808db4:	008e0500 	addeq	r0, lr, r0, lsl #10
87808db8:	a0070700 	andge	r0, r7, r0, lsl #14
87808dbc:	e0010600 	and	r0, r1, r0, lsl #12
87808dc0:	e0000400 	and	r0, r0, r0, lsl #8
87808dc4:	20000400 	andcs	r0, r0, r0, lsl #8
87808dc8:	20000000 	andcs	r0, r0, r0
	...
87808e1c:	20000002 	andcs	r0, r0, r2
87808e20:	20000002 	andcs	r0, r0, r2
87808e24:	20000002 	andcs	r0, r0, r2
87808e28:	20000002 	andcs	r0, r0, r2
87808e2c:	e0ffff03 	rscs	pc, pc, r3, lsl #30
87808e30:	e0ffff07 	rscs	pc, pc, r7, lsl #30
87808e34:	20000000 	andcs	r0, r0, r0
87808e38:	20000000 	andcs	r0, r0, r0
87808e3c:	20000000 	andcs	r0, r0, r0
87808e40:	20000000 	andcs	r0, r0, r0
	...
87808e94:	20000400 	andcs	r0, r0, r0, lsl #8
87808e98:	e0ff0700 	rscs	r0, pc, r0, lsl #14
87808e9c:	e0ff0f00 	rscs	r0, pc, r0, lsl #30
87808ea0:	20000200 	andcs	r0, r0, r0, lsl #4
87808ea4:	00000400 	andeq	r0, r0, r0, lsl #8
87808ea8:	20000400 	andcs	r0, r0, r0, lsl #8
87808eac:	e0ff0700 	rscs	r0, pc, r0, lsl #14
87808eb0:	e0ff0300 	rscs	r0, pc, r0, lsl #6
87808eb4:	20000200 	andcs	r0, r0, r0, lsl #4
87808eb8:	00000400 	andeq	r0, r0, r0, lsl #8
87808ebc:	20000400 	andcs	r0, r0, r0, lsl #8
87808ec0:	e0ff0700 	rscs	r0, pc, r0, lsl #14
87808ec4:	e0ff0300 	rscs	r0, pc, r0, lsl #6
87808ec8:	20000000 	andcs	r0, r0, r0
	...
87808f14:	20000400 	andcs	r0, r0, r0, lsl #8
87808f18:	20000400 	andcs	r0, r0, r0, lsl #8
87808f1c:	e0ff0700 	rscs	r0, pc, r0, lsl #14
87808f20:	e0ff0f00 	rscs	r0, pc, r0, lsl #30
87808f24:	20000100 	andcs	r0, r0, r0, lsl #2
87808f28:	20000200 	andcs	r0, r0, r0, lsl #4
87808f2c:	00000200 	andeq	r0, r0, r0, lsl #4
87808f30:	00000400 	andeq	r0, r0, r0, lsl #8
87808f34:	00000400 	andeq	r0, r0, r0, lsl #8
87808f38:	20000400 	andcs	r0, r0, r0, lsl #8
87808f3c:	20000600 	andcs	r0, r0, r0, lsl #12
87808f40:	e0ff0300 	rscs	r0, pc, r0, lsl #6
87808f44:	e0ff0100 	rscs	r0, pc, r0, lsl #2
87808f48:	20000000 	andcs	r0, r0, r0
87808f4c:	20000000 	andcs	r0, r0, r0
	...
87808f98:	007e0000 	rsbseq	r0, lr, r0
87808f9c:	80ff0000 	rscshi	r0, pc, r0
87808fa0:	c0810300 	addgt	r0, r1, r0, lsl #6
87808fa4:	40000200 	andmi	r0, r0, r0, lsl #4
87808fa8:	20000600 	andcs	r0, r0, r0, lsl #12
87808fac:	20000400 	andcs	r0, r0, r0, lsl #8
87808fb0:	20000400 	andcs	r0, r0, r0, lsl #8
87808fb4:	20000400 	andcs	r0, r0, r0, lsl #8
87808fb8:	20000600 	andcs	r0, r0, r0, lsl #12
87808fbc:	40000200 	andmi	r0, r0, r0, lsl #4
87808fc0:	c0810300 	addgt	r0, r1, r0, lsl #6
87808fc4:	80ff0100 	rscshi	r0, pc, r0, lsl #2
87808fc8:	007e0000 	rsbseq	r0, lr, r0
	...
87809014:	01000400 	tsteq	r0, r0, lsl #8
87809018:	01000400 	tsteq	r0, r0, lsl #8
8780901c:	ffff0700 			; <UNDEFINED> instruction: 0xffff0700
87809020:	ffff0f00 			; <UNDEFINED> instruction: 0xffff0f00
87809024:	c1000100 	mrsgt	r0, (UNDEF: 16)
87809028:	41000200 	mrsmi	r0, R8_usr
8780902c:	20000400 	andcs	r0, r0, r0, lsl #8
87809030:	20000400 	andcs	r0, r0, r0, lsl #8
87809034:	20000400 	andcs	r0, r0, r0, lsl #8
87809038:	20000400 	andcs	r0, r0, r0, lsl #8
8780903c:	40000600 	andmi	r0, r0, r0, lsl #12
87809040:	c0010300 	andgt	r0, r1, r0, lsl #6
87809044:	80ff0100 	rscshi	r0, pc, r0, lsl #2
87809048:	007e0000 	rsbseq	r0, lr, r0
	...
87809098:	007e0000 	rsbseq	r0, lr, r0
8780909c:	80ff0100 	rscshi	r0, pc, r0, lsl #2
878090a0:	c0800300 	addgt	r0, r0, r0, lsl #6
878090a4:	60000200 	andvs	r0, r0, r0, lsl #4
878090a8:	20000400 	andcs	r0, r0, r0, lsl #8
878090ac:	20000400 	andcs	r0, r0, r0, lsl #8
878090b0:	20000400 	andcs	r0, r0, r0, lsl #8
878090b4:	20000400 	andcs	r0, r0, r0, lsl #8
878090b8:	41000200 	mrsmi	r0, R8_usr
878090bc:	c1000300 	mrsgt	r0, LR_irq
878090c0:	ffff0300 			; <UNDEFINED> instruction: 0xffff0300
878090c4:	ffff0700 			; <UNDEFINED> instruction: 0xffff0700
878090c8:	01000000 	mrseq	r0, (UNDEF: 0)
878090cc:	01000000 	mrseq	r0, (UNDEF: 0)
	...
87809114:	20000400 	andcs	r0, r0, r0, lsl #8
87809118:	20000400 	andcs	r0, r0, r0, lsl #8
8780911c:	20000400 	andcs	r0, r0, r0, lsl #8
87809120:	20000400 	andcs	r0, r0, r0, lsl #8
87809124:	e0ff0f00 	rscs	r0, pc, r0, lsl #30
87809128:	e0ff0f00 	rscs	r0, pc, r0, lsl #30
8780912c:	20c00000 	sbccs	r0, r0, r0
87809130:	20000100 	andcs	r0, r0, r0, lsl #2
87809134:	20000200 	andcs	r0, r0, r0, lsl #4
87809138:	20000600 	andcs	r0, r0, r0, lsl #12
8780913c:	00000400 	andeq	r0, r0, r0, lsl #8
87809140:	00000400 	andeq	r0, r0, r0, lsl #8
87809144:	00000700 	andeq	r0, r0, r0, lsl #14
87809148:	00000300 	andeq	r0, r0, r0, lsl #6
	...
87809198:	e0030000 	and	r0, r3, r0
8780919c:	e0c00100 	sbc	r0, r0, r0, lsl #2
878091a0:	40e00300 	rscmi	r0, r0, r0, lsl #6
878091a4:	20300600 	eorscs	r0, r0, r0, lsl #12
878091a8:	20300400 	eorscs	r0, r0, r0, lsl #8
878091ac:	20180400 	andscs	r0, r8, r0, lsl #8
878091b0:	20180400 	andscs	r0, r8, r0, lsl #8
878091b4:	20180400 	andscs	r0, r8, r0, lsl #8
878091b8:	200c0400 	andcs	r0, ip, r0, lsl #8
878091bc:	600c0200 	andvs	r0, ip, r0, lsl #4
878091c0:	c0070300 	andgt	r0, r7, r0, lsl #6
878091c4:	80830700 	addhi	r0, r3, r0, lsl #14
	...
87809218:	00000400 	andeq	r0, r0, r0, lsl #8
8780921c:	00000400 	andeq	r0, r0, r0, lsl #8
87809220:	00000400 	andeq	r0, r0, r0, lsl #8
87809224:	00000c00 	andeq	r0, r0, r0, lsl #24
87809228:	80ff1f00 	rscshi	r1, pc, r0, lsl #30
8780922c:	c0ffff00 	rscsgt	pc, pc, r0, lsl #30
87809230:	60000400 	andvs	r0, r0, r0, lsl #8
87809234:	20000400 	andcs	r0, r0, r0, lsl #8
87809238:	20000400 	andcs	r0, r0, r0, lsl #8
8780923c:	20000400 	andcs	r0, r0, r0, lsl #8
87809240:	40000400 	andmi	r0, r0, r0, lsl #8
87809244:	80010000 	andhi	r0, r1, r0
	...
87809294:	00000400 	andeq	r0, r0, r0, lsl #8
87809298:	00000400 	andeq	r0, r0, r0, lsl #8
8780929c:	80ff0700 	rscshi	r0, pc, r0, lsl #14
878092a0:	c0ff0f00 	rscsgt	r0, pc, r0, lsl #30
878092a4:	60000000 	andvs	r0, r0, r0
878092a8:	20000000 	andcs	r0, r0, r0
878092ac:	20000000 	andcs	r0, r0, r0
878092b0:	20000000 	andcs	r0, r0, r0
878092b4:	20000000 	andcs	r0, r0, r0
878092b8:	40000400 	andmi	r0, r0, r0, lsl #8
878092bc:	80000400 	andhi	r0, r0, r0, lsl #8
878092c0:	e0ff0700 	rscs	r0, pc, r0, lsl #14
878092c4:	c0ff0f00 	rscsgt	r0, pc, r0, lsl #30
878092c8:	40000000 	andmi	r0, r0, r0
878092cc:	40000000 	andmi	r0, r0, r0
	...
87809314:	00000400 	andeq	r0, r0, r0, lsl #8
87809318:	00000400 	andeq	r0, r0, r0, lsl #8
8780931c:	00800700 	addeq	r0, r0, r0, lsl #14
87809320:	00f00700 	rscseq	r0, r0, r0, lsl #14
87809324:	00fe0400 	rscseq	r0, lr, r0, lsl #8
87809328:	c01f0400 	andsgt	r0, pc, r0, lsl #8
8780932c:	e0030000 	and	r0, r3, r0
87809330:	80030000 	andhi	r0, r3, r0
87809334:	001c0000 	andseq	r0, ip, r0
87809338:	00600400 	rsbeq	r0, r0, r0, lsl #8
8780933c:	00800700 	addeq	r0, r0, r0, lsl #14
87809340:	00000600 	andeq	r0, r0, r0, lsl #12
87809344:	00000400 	andeq	r0, r0, r0, lsl #8
	...
87809390:	00000400 	andeq	r0, r0, r0, lsl #8
87809394:	00000600 	andeq	r0, r0, r0, lsl #12
87809398:	00c00700 	sbceq	r0, r0, r0, lsl #14
8780939c:	00fc0700 	rscseq	r0, ip, r0, lsl #14
878093a0:	803f0400 	eorshi	r0, pc, r0, lsl #8
878093a4:	e0030000 	and	r0, r3, r0
878093a8:	800f0400 	andhi	r0, pc, r0, lsl #8
878093ac:	00f00600 	rscseq	r0, r0, r0, lsl #12
878093b0:	00f00700 	rscseq	r0, r0, r0, lsl #14
878093b4:	80ff0700 	rscshi	r0, pc, r0, lsl #14
878093b8:	e00f0400 	and	r0, pc, r0, lsl #8
878093bc:	80030000 	andhi	r0, r3, r0
878093c0:	003c0400 	eorseq	r0, ip, r0, lsl #8
878093c4:	00c00700 	sbceq	r0, r0, r0, lsl #14
878093c8:	00000600 	andeq	r0, r0, r0, lsl #12
878093cc:	00000400 	andeq	r0, r0, r0, lsl #8
	...
87809414:	20000000 	andcs	r0, r0, r0
87809418:	20000400 	andcs	r0, r0, r0, lsl #8
8780941c:	60000400 	andvs	r0, r0, r0, lsl #8
87809420:	e0000700 	and	r0, r0, r0, lsl #14
87809424:	20830700 	addcs	r0, r3, r0, lsl #14
87809428:	00e60700 	rsceq	r0, r6, r0, lsl #14
8780942c:	00f80400 	rscseq	r0, r8, r0, lsl #8
87809430:	003c0000 	eorseq	r0, ip, r0
87809434:	205e0400 	subscs	r0, lr, r0, lsl #8
87809438:	a0870500 	addge	r0, r7, r0, lsl #10
8780943c:	e0010600 	and	r0, r1, r0, lsl #12
87809440:	60000400 	andvs	r0, r0, r0, lsl #8
87809444:	20000400 	andcs	r0, r0, r0, lsl #8
87809448:	20000000 	andcs	r0, r0, r0
	...
87809494:	00000400 	andeq	r0, r0, r0, lsl #8
87809498:	03000400 	movweq	r0, #1024	; 0x400
8780949c:	03000700 	movweq	r0, #1792	; 0x700
878094a0:	01e00700 	mvneq	r0, r0, lsl #14
878094a4:	01f80400 	mvnseq	r0, r0, lsl #8
878094a8:	021f0400 	andseq	r0, pc, #0, 8
878094ac:	fc070000 	stc2	0, cr0, [r7], {-0}
878094b0:	e0000000 	and	r0, r0, r0
878094b4:	00070000 	andeq	r0, r7, r0
878094b8:	00380400 	eorseq	r0, r8, r0, lsl #8
878094bc:	00c00700 	sbceq	r0, r0, r0, lsl #14
878094c0:	00000600 	andeq	r0, r0, r0, lsl #12
878094c4:	00000400 	andeq	r0, r0, r0, lsl #8
878094c8:	00000400 	andeq	r0, r0, r0, lsl #8
	...
87809518:	60800700 	addvs	r0, r0, r0, lsl #14
8780951c:	e0000600 	and	r0, r0, r0, lsl #12
87809520:	e0030400 	and	r0, r3, r0, lsl #8
87809524:	a0070400 	andge	r0, r7, r0, lsl #8
87809528:	200e0400 	andcs	r0, lr, r0, lsl #8
8780952c:	203c0400 	eorscs	r0, ip, r0, lsl #8
87809530:	20700400 	rsbscs	r0, r0, r0, lsl #8
87809534:	20e00500 	rsccs	r0, r0, r0, lsl #10
87809538:	20800700 	addcs	r0, r0, r0, lsl #14
8780953c:	60000700 	andvs	r0, r0, r0, lsl #14
87809540:	e0000400 	and	r0, r0, r0, lsl #8
87809544:	80030000 	andhi	r0, r3, r0
	...
878095ac:	00800000 	addeq	r0, r0, r0
878095b0:	00800000 	addeq	r0, r0, r0
878095b4:	00400100 	subeq	r0, r0, r0, lsl #2
878095b8:	f83ffe07 			; <UNDEFINED> instruction: 0xf83ffe07
878095bc:	04000008 	streq	r0, [r0], #-8
878095c0:	02000010 	andeq	r0, r0, #16
878095c4:	02000010 	andeq	r0, r0, #16
	...
87809630:	ffffffff 			; <UNDEFINED> instruction: 0xffffffff
	...
87809698:	02000010 	andeq	r0, r0, #16
8780969c:	02000010 	andeq	r0, r0, #16
878096a0:	04000008 	streq	r0, [r0], #-8
878096a4:	f83ffe07 			; <UNDEFINED> instruction: 0xf83ffe07
878096a8:	00400100 	subeq	r0, r0, r0, lsl #2
878096ac:	00800000 	addeq	r0, r0, r0
878096b0:	00800000 	addeq	r0, r0, r0
	...
87809714:	00000018 	andeq	r0, r0, r8, lsl r0
87809718:	00000030 	andeq	r0, r0, r0, lsr r0
8780971c:	00000040 	andeq	r0, r0, r0, asr #32
87809720:	00000040 	andeq	r0, r0, r0, asr #32
87809724:	00000040 	andeq	r0, r0, r0, asr #32
87809728:	00000020 	andeq	r0, r0, r0, lsr #32
8780972c:	00000030 	andeq	r0, r0, r0, lsr r0
87809730:	00000008 	andeq	r0, r0, r8
87809734:	00000004 	andeq	r0, r0, r4
87809738:	00000002 	andeq	r0, r0, r2
8780973c:	00000002 	andeq	r0, r0, r2
87809740:	00000002 	andeq	r0, r0, r2
87809744:	0000000c 	andeq	r0, r0, ip
87809748:	00000018 	andeq	r0, r0, r8, lsl r0
	...

87809790 <.LANCHOR0>:
87809790:	00000000 	andeq	r0, r0, r0
87809794:	003b001f 	eorseq	r0, fp, pc, lsl r0
87809798:	0078005a 	rsbseq	r0, r8, sl, asr r0
8780979c:	00b50097 	umlalseq	r0, r5, r7, r0
878097a0:	00f300d4 	ldrsbteq	r0, [r3], #4
878097a4:	01300111 	teqeq	r0, r1, lsl r1
878097a8:	0000014e 	andeq	r0, r0, lr, asr #2
878097ac:	1f1c1f00 	svcne	0x001c1f00
878097b0:	1f1e1f1e 	svcne	0x001e1f1e
878097b4:	1e1f1e1f 	mrcne	14, 0, r1, cr15, cr15, {0}
878097b8:	0000001f 	andeq	r0, r0, pc, lsl r0
878097bc:	32337061 	eorscc	r7, r3, #97	; 0x61
878097c0:	20633631 	rsbcs	r3, r3, r1, lsr r6
878097c4:	79737973 	ldmdbvc	r3!, {r0, r1, r4, r5, r6, r8, fp, ip, sp, lr}^
878097c8:	206d6574 	rsbcs	r6, sp, r4, ror r5
878097cc:	666e6f63 	strbtvs	r6, [lr], -r3, ror #30
878097d0:	72206769 	eorvc	r6, r0, #27525120	; 0x1a40000
878097d4:	253d6765 	ldrcs	r6, [sp, #-1893]!	; 0xfffff89b
878097d8:	0a0d7823 	beq	87b6786c <__bss_end+0x35cff8>
878097dc:	00000000 	andeq	r0, r0, r0
878097e0:	326d6369 	rsbcc	r6, sp, #-1543503871	; 0xa4000001
878097e4:	38303630 	ldmdacc	r0!, {r4, r5, r9, sl, ip, sp}
878097e8:	20646920 	rsbcs	r6, r4, r0, lsr #18
878097ec:	2325203d 			; <UNDEFINED> instruction: 0x2325203d
878097f0:	000a0d58 	andeq	r0, sl, r8, asr sp
878097f4:	324d4349 	subcc	r4, sp, #603979777	; 0x24000001
878097f8:	59475f30 	stmdbpl	r7, {r4, r5, r8, r9, sl, fp, ip, lr}^
878097fc:	435f4f52 	cmpmi	pc, #328	; 0x148
87809800:	49464e4f 	stmdbmi	r6, {r0, r1, r2, r3, r6, r9, sl, fp, lr}^
87809804:	203d2047 	eorscs	r2, sp, r7, asr #32
87809808:	0d582325 	ldcleq	3, cr2, [r8, #-148]	; 0xffffff6c
8780980c:	0000000a 	andeq	r0, r0, sl
87809810:	63756f54 	cmnvs	r5, #84, 30	; 0x150
87809814:	72462068 	subvc	r2, r6, #104	; 0x68
87809818:	61776d69 	cmnvs	r7, r9, ror #26
8780981c:	56206572 			; <UNDEFINED> instruction: 0x56206572
87809820:	69737265 	ldmdbvs	r3!, {r0, r2, r5, r6, r9, ip, sp, lr}^
87809824:	253a6e6f 	ldrcs	r6, [sl, #-3695]!	; 0xfffff191
87809828:	0a0d5823 	beq	87b5f8bc <__bss_end+0x355048>
8780982c:	00000000 	andeq	r0, r0, r0

87809830 <GT9147_TPX_TBL>:
87809830:	81588150 	cmphi	r8, r0, asr r1
87809834:	81688160 	cmnhi	r8, r0, ror #2
87809838:	00008170 	andeq	r8, r0, r0, ror r1
8780983c:	20505443 	subscs	r5, r0, r3, asr #8
87809840:	253a4449 	ldrcs	r4, [sl, #-1097]!	; 0xfffffbb7
87809844:	000a0d73 	andeq	r0, sl, r3, ror sp
87809848:	61666544 	cmnvs	r6, r4, asr #10
8780984c:	20746c75 	rsbscs	r6, r4, r5, ror ip
87809850:	3a726556 	bcc	894a2db0 <__bss_end+0x1c9853c>
87809854:	0d782325 	ldcleq	3, cr2, [r8, #-148]!	; 0xffffff6c
87809858:	0000000a 	andeq	r0, r0, sl
8780985c:	0d787839 	ldcleq	8, cr7, [r8, #-228]!	; 0xffffff1c
87809860:	0000000a 	andeq	r0, r0, sl
87809864:	65746e49 	ldrbvs	r6, [r4, #-3657]!	; 0xfffff1b7
87809868:	70757272 	rsbsvc	r7, r5, r2, ror r2
8780986c:	646f4d74 	strbtvs	r4, [pc], #-3444	; 87809874 <GT9147_TPX_TBL+0x44>
87809870:	6e493a65 	vmlsvs.f32	s7, s18, s11
87809874:	73695274 	cmnvc	r9, #116, 4	; 0x40000007
87809878:	45676e69 	strbmi	r6, [r7, #-3689]!	; 0xfffff197
8780987c:	0d656764 	stcleq	7, cr6, [r5, #-400]!	; 0xfffffe70
87809880:	0000000a 	andeq	r0, r0, sl
87809884:	65746e49 	ldrbvs	r6, [r4, #-3657]!	; 0xfffff1b7
87809888:	70757272 	rsbsvc	r7, r5, r2, ror r2
8780988c:	646f4d74 	strbtvs	r4, [pc], #-3444	; 87809894 <GT9147_TPX_TBL+0x64>
87809890:	6e493a65 	vmlsvs.f32	s7, s18, s11
87809894:	6c614674 	stclvs	6, cr4, [r1], #-464	; 0xfffffe30
87809898:	676e696c 	strbvs	r6, [lr, -ip, ror #18]!
8780989c:	65676445 	strbvs	r6, [r7, #-1093]!	; 0xfffffbbb
878098a0:	00000a0d 	andeq	r0, r0, sp, lsl #20
878098a4:	65746e49 	ldrbvs	r6, [r4, #-3657]!	; 0xfffff1b7
878098a8:	70757272 	rsbsvc	r7, r5, r2, ror r2
878098ac:	646f4d74 	strbtvs	r4, [pc], #-3444	; 878098b4 <GT9147_TPX_TBL+0x84>
878098b0:	6e493a65 	vmlsvs.f32	s7, s18, s11
878098b4:	776f4c74 			; <UNDEFINED> instruction: 0x776f4c74
878098b8:	6576654c 	ldrbvs	r6, [r6, #-1356]!	; 0xfffffab4
878098bc:	000a0d6c 	andeq	r0, sl, ip, ror #26
878098c0:	65746e49 	ldrbvs	r6, [r4, #-3657]!	; 0xfffff1b7
878098c4:	70757272 	rsbsvc	r7, r5, r2, ror r2
878098c8:	646f4d74 	strbtvs	r4, [pc], #-3444	; 878098d0 <GT9147_TPX_TBL+0xa0>
878098cc:	6e493a65 	vmlsvs.f32	s7, s18, s11
878098d0:	67694874 			; <UNDEFINED> instruction: 0x67694874
878098d4:	76654c68 	strbtvc	r4, [r5], -r8, ror #24
878098d8:	0a0d6c65 	beq	87b64a74 <__bss_end+0x35a200>
878098dc:	00000000 	andeq	r0, r0, r0
878098e0:	65746e49 	ldrbvs	r6, [r4, #-3657]!	; 0xfffff1b7
878098e4:	70757272 	rsbsvc	r7, r5, r2, ror r2
878098e8:	646f4d74 	strbtvs	r4, [pc], #-3444	; 878098f0 <GT9147_TPX_TBL+0xc0>
878098ec:	45203a65 	strmi	r3, [r0, #-2661]!	; 0xfffff59b
878098f0:	726f7272 	rsbvc	r7, pc, #536870919	; 0x20000007
878098f4:	00000a0d 	andeq	r0, r0, sp, lsl #20

878098f8 <digits.8944>:
878098f8:	33323130 	teqcc	r2, #48, 2
878098fc:	37363534 			; <UNDEFINED> instruction: 0x37363534
87809900:	42413938 	submi	r3, r1, #56, 18	; 0xe0000
87809904:	46454443 	strbmi	r4, [r5], -r3, asr #8
87809908:	4c554e3c 	mrrcmi	14, 3, r4, r5, cr12
8780990c:	00003e4c 	andeq	r3, r0, ip, asr #28

Disassembly of section .ARM.exidx:

87809910 <.ARM.exidx>:
87809910:	7fffb484 	svcvc	0x00ffb484
87809914:	00000001 	andeq	r0, r0, r1

Disassembly of section .data:

87809918 <release.8799>:
87809918:	00000001 	andeq	r0, r0, r1

8780991c <GT9147_CFG_TBL>:
8780991c:	1001e041 	andne	lr, r1, r1, asr #32
87809920:	000d0501 	andeq	r0, sp, r1, lsl #10
87809924:	05280801 	streq	r0, [r8, #-2049]!	; 0xfffff7ff
87809928:	05033250 	streq	r3, [r3, #-592]	; 0xfffffdb0
8780992c:	ffff0000 			; <UNDEFINED> instruction: 0xffff0000
87809930:	00000000 	andeq	r0, r0, r0
87809934:	89000000 	stmdbhi	r0, {}	; <UNPREDICTABLE>
87809938:	15170a28 	ldrne	r0, [r7, #-2600]	; 0xfffff5d8
8780993c:	00000d31 	andeq	r0, r0, r1, lsr sp
87809940:	25039b02 	strcs	r9, [r3, #-2818]	; 0xfffff4fe
87809944:	00000000 	andeq	r0, r0, r0
87809948:	32000000 	andcc	r0, r0, #0
8780994c:	0f000000 	svceq	0x00000000
87809950:	02c59494 	sbceq	r9, r5, #148, 8	; 0x94000000
87809954:	04000007 	streq	r0, [r0], #-7
87809958:	5c00138d 	stcpl	3, cr1, [r0], {141}	; 0x8d
8780995c:	303c001e 	eorscc	r0, ip, lr, lsl r0
87809960:	004c2900 	subeq	r2, ip, r0, lsl #18
87809964:	1e00781e 	mcrne	8, 0, r7, cr0, cr14, {0}
	...
8780998c:	0e0c0a08 	vmlaeq.f32	s0, s24, s16
87809990:	16141210 			; <UNDEFINED> instruction: 0x16141210
87809994:	00001a18 	andeq	r1, r0, r8, lsl sl
87809998:	ff1f0000 			; <UNDEFINED> instruction: 0xff1f0000
8780999c:	ffffffff 			; <UNDEFINED> instruction: 0xffffffff
878099a0:	ffffffff 			; <UNDEFINED> instruction: 0xffffffff
878099a4:	ffffffff 			; <UNDEFINED> instruction: 0xffffffff
878099a8:	0200ffff 	andeq	pc, r0, #1020	; 0x3fc
878099ac:	08060504 	stmdaeq	r6, {r2, r8, sl}
878099b0:	1d0e0c0a 	stcne	12, cr0, [lr, #-40]	; 0xffffffd8
878099b4:	22201f1e 	eorcs	r1, r0, #30, 30	; 0x78
878099b8:	ff292824 	vcmla.f16	d2, d9, d4[1], #180
	...
878099c4:	ffffffff 			; <UNDEFINED> instruction: 0xffffffff
878099c8:	ffffffff 			; <UNDEFINED> instruction: 0xffffffff
878099cc:	ffffffff 			; <UNDEFINED> instruction: 0xffffffff
878099d0:	ffffffff 			; <UNDEFINED> instruction: 0xffffffff

878099d4 <_ctype>:
878099d4:	08080808 	stmdaeq	r8, {r3, fp}
878099d8:	08080808 	stmdaeq	r8, {r3, fp}
878099dc:	28282808 	stmdacs	r8!, {r3, fp, sp}
878099e0:	08082828 	stmdaeq	r8, {r3, r5, fp, sp}
878099e4:	08080808 	stmdaeq	r8, {r3, fp}
878099e8:	08080808 	stmdaeq	r8, {r3, fp}
878099ec:	08080808 	stmdaeq	r8, {r3, fp}
878099f0:	08080808 	stmdaeq	r8, {r3, fp}
878099f4:	101010a0 	andsne	r1, r0, r0, lsr #1
878099f8:	10101010 	andsne	r1, r0, r0, lsl r0
878099fc:	10101010 	andsne	r1, r0, r0, lsl r0
87809a00:	10101010 	andsne	r1, r0, r0, lsl r0
87809a04:	04040404 	streq	r0, [r4], #-1028	; 0xfffffbfc
87809a08:	04040404 	streq	r0, [r4], #-1028	; 0xfffffbfc
87809a0c:	10100404 	andsne	r0, r0, r4, lsl #8
87809a10:	10101010 	andsne	r1, r0, r0, lsl r0
87809a14:	41414110 	cmpmi	r1, r0, lsl r1
87809a18:	01414141 	cmpeq	r1, r1, asr #2
87809a1c:	01010101 	tsteq	r1, r1, lsl #2
87809a20:	01010101 	tsteq	r1, r1, lsl #2
87809a24:	01010101 	tsteq	r1, r1, lsl #2
87809a28:	01010101 	tsteq	r1, r1, lsl #2
87809a2c:	10010101 	andne	r0, r1, r1, lsl #2
87809a30:	10101010 	andsne	r1, r0, r0, lsl r0
87809a34:	42424210 	submi	r4, r2, #16, 4
87809a38:	02424242 	subeq	r4, r2, #536870916	; 0x20000004
87809a3c:	02020202 	andeq	r0, r2, #536870912	; 0x20000000
87809a40:	02020202 	andeq	r0, r2, #536870912	; 0x20000000
87809a44:	02020202 	andeq	r0, r2, #536870912	; 0x20000000
87809a48:	02020202 	andeq	r0, r2, #536870912	; 0x20000000
87809a4c:	10020202 	andne	r0, r2, r2, lsl #4
87809a50:	08101010 	ldmdaeq	r0, {r4, ip}
	...
87809a74:	101010a0 	andsne	r1, r0, r0, lsr #1
87809a78:	10101010 	andsne	r1, r0, r0, lsl r0
87809a7c:	10101010 	andsne	r1, r0, r0, lsl r0
87809a80:	10101010 	andsne	r1, r0, r0, lsl r0
87809a84:	10101010 	andsne	r1, r0, r0, lsl r0
87809a88:	10101010 	andsne	r1, r0, r0, lsl r0
87809a8c:	10101010 	andsne	r1, r0, r0, lsl r0
87809a90:	10101010 	andsne	r1, r0, r0, lsl r0
87809a94:	01010101 	tsteq	r1, r1, lsl #2
87809a98:	01010101 	tsteq	r1, r1, lsl #2
87809a9c:	01010101 	tsteq	r1, r1, lsl #2
87809aa0:	01010101 	tsteq	r1, r1, lsl #2
87809aa4:	01010101 	tsteq	r1, r1, lsl #2
87809aa8:	10010101 	andne	r0, r1, r1, lsl #2
87809aac:	01010101 	tsteq	r1, r1, lsl #2
87809ab0:	02010101 	andeq	r0, r1, #1073741824	; 0x40000000
87809ab4:	02020202 	andeq	r0, r2, #536870912	; 0x20000000
87809ab8:	02020202 	andeq	r0, r2, #536870912	; 0x20000000
87809abc:	02020202 	andeq	r0, r2, #536870912	; 0x20000000
87809ac0:	02020202 	andeq	r0, r2, #536870912	; 0x20000000
87809ac4:	02020202 	andeq	r0, r2, #536870912	; 0x20000000
87809ac8:	10020202 	andne	r0, r2, r2, lsl #4
87809acc:	02020202 	andeq	r0, r2, #536870912	; 0x20000000
87809ad0:	02020202 	andeq	r0, r2, #536870912	; 0x20000000

Disassembly of section .bss:

87809ad4 <irqNesting>:
87809ad4:	00000000 	andeq	r0, r0, r0

87809ad8 <irqTable>:
	...

87809fd8 <state.8813>:
	...

87809fd9 <state.8768>:
	...

87809fda <state.8818>:
	...

87809fdc <gt_init_fail>:
87809fdc:	00000000 	andeq	r0, r0, r0

87809fe0 <g_pcOutBuf>:
	...

8780a3e0 <g_pcInBuf>:
	...

8780a7e0 <icm20608_dev>:
	...

8780a818 <tftlcd_dev>:
	...

8780a83c <ft5426_dev>:
	...

8780a854 <gt9147_dev>:
	...

8780a86c <backlight_dev>:
8780a86c:	00000000 	andeq	r0, r0, r0

8780a870 <___strtok>:
8780a870:	00000000 	andeq	r0, r0, r0

Disassembly of section .ARM.attributes:

00000000 <.ARM.attributes>:
   0:	00003041 	andeq	r3, r0, r1, asr #32
   4:	61656100 	cmnvs	r5, r0, lsl #2
   8:	01006962 	tsteq	r0, r2, ror #18
   c:	00000026 	andeq	r0, r0, r6, lsr #32
  10:	412d3705 			; <UNDEFINED> instruction: 0x412d3705
  14:	070a0600 	streq	r0, [sl, -r0, lsl #12]
  18:	09010841 	stmdbeq	r1, {r0, r6, fp}
  1c:	0c050a02 			; <UNDEFINED> instruction: 0x0c050a02
  20:	14041202 	strne	r1, [r4], #-514	; 0xfffffdfe
  24:	17011501 	strne	r1, [r1, -r1, lsl #10]
  28:	1a011803 	bne	4603c <shift+0x4603c>
  2c:	22011c02 	andcs	r1, r1, #512	; 0x200
  30:	地址 0x0000000000000030 越界。


Disassembly of section .comment:

00000000 <.comment>:
   0:	3a434347 	bcc	10d0d24 <shift+0x10d0d24>
   4:	694c2820 	stmdbvs	ip, {r5, fp, sp}^
   8:	6f72616e 	svcvs	0x0072616e
   c:	43434720 	movtmi	r4, #14112	; 0x3720
  10:	352e3720 	strcc	r3, [lr, #-1824]!	; 0xfffff8e0
  14:	3130322d 	teqcc	r0, sp, lsr #4
  18:	32312e39 	eorscc	r2, r1, #912	; 0x390
  1c:	2e372029 	cdpcs	0, 3, cr2, cr7, cr9, {1}
  20:	00302e35 	eorseq	r2, r0, r5, lsr lr

Disassembly of section .debug_frame:

00000000 <.debug_frame>:
   0:	0000000c 	andeq	r0, r0, ip
   4:	ffffffff 			; <UNDEFINED> instruction: 0xffffffff
   8:	7c010001 	stcvc	0, cr0, [r1], {1}
   c:	000d0c0e 	andeq	r0, sp, lr, lsl #24
  10:	0000000c 	andeq	r0, r0, ip
  14:	00000000 	andeq	r0, r0, r0
  18:	87804a41 	strhi	r4, [r0, r1, asr #20]
  1c:	0000025c 	andeq	r0, r0, ip, asr r2
  20:	0000000c 	andeq	r0, r0, ip
  24:	ffffffff 			; <UNDEFINED> instruction: 0xffffffff
  28:	7c020001 	stcvc	0, cr0, [r2], {1}
  2c:	000d0c0e 	andeq	r0, sp, lr, lsl #24
  30:	00000030 	andeq	r0, r0, r0, lsr r0
  34:	00000020 	andeq	r0, r0, r0, lsr #32
  38:	87804cb8 			; <UNDEFINED> instruction: 0x87804cb8
  3c:	000000a0 	andeq	r0, r0, r0, lsr #1
  40:	8e100e55 	mrchi	14, 0, r0, cr0, cr5, {2}
  44:	450a4603 	strmi	r4, [sl, #-1539]	; 0xfffff9fd
  48:	41100ece 	tstmi	r0, lr, asr #29
  4c:	450a470b 	strmi	r4, [sl, #-1803]	; 0xfffff8f5
  50:	47100ece 	ldrmi	r0, [r0, -lr, asr #29]
  54:	450a450b 	strmi	r4, [sl, #-1291]	; 0xfffffaf5
  58:	44100ece 	ldrmi	r0, [r0], #-3790	; 0xfffff132
  5c:	0ece4a0b 	vdiveq.f32	s9, s28, s22
  60:	00000010 	andeq	r0, r0, r0, lsl r0
  64:	0000000c 	andeq	r0, r0, ip
  68:	ffffffff 			; <UNDEFINED> instruction: 0xffffffff
  6c:	7c020001 	stcvc	0, cr0, [r2], {1}
  70:	000d0c0e 	andeq	r0, sp, lr, lsl #24
  74:	00000018 	andeq	r0, r0, r8, lsl r0
  78:	00000064 	andeq	r0, r0, r4, rrx
  7c:	87804d58 			; <UNDEFINED> instruction: 0x87804d58
  80:	00000030 	andeq	r0, r0, r0, lsr r0
  84:	8e100e50 	mrchi	14, 0, r0, cr0, cr0, {2}
  88:	0ece4703 	cdpeq	7, 12, cr4, cr14, cr3, {0}
  8c:	00000010 	andeq	r0, r0, r0, lsl r0
  90:	0000000c 	andeq	r0, r0, ip
  94:	ffffffff 			; <UNDEFINED> instruction: 0xffffffff
  98:	7c010001 	stcvc	0, cr0, [r1], {1}
  9c:	000d0c0e 	andeq	r0, sp, lr, lsl #24
  a0:	00000014 	andeq	r0, r0, r4, lsl r0
  a4:	00000090 	muleq	r0, r0, r0
  a8:	87804d89 	strhi	r4, [r0, r9, lsl #27]
  ac:	0000000c 	andeq	r0, r0, ip
  b0:	0e018e42 	cdpeq	14, 0, cr8, cr1, cr2, {2}
  b4:	00000008 	andeq	r0, r0, r8
  b8:	0000000c 	andeq	r0, r0, ip
  bc:	ffffffff 			; <UNDEFINED> instruction: 0xffffffff
  c0:	7c020001 	stcvc	0, cr0, [r2], {1}
  c4:	000d0c0e 	andeq	r0, sp, lr, lsl #24
  c8:	00000024 	andeq	r0, r0, r4, lsr #32
  cc:	000000b8 	strheq	r0, [r0], -r8
  d0:	87804d94 			; <UNDEFINED> instruction: 0x87804d94
  d4:	00000116 	andeq	r0, r0, r6, lsl r1
  d8:	84240e43 	strthi	r0, [r4], #-3651	; 0xfffff1bd
  dc:	86088509 	strhi	r8, [r8], -r9, lsl #10
  e0:	88068707 	stmdahi	r6, {r0, r1, r2, r8, r9, sl, pc}
  e4:	8a048905 	bhi	122500 <shift+0x122500>
  e8:	8e028b03 	vmlahi.f64	d8, d2, d3
  ec:	00000001 	andeq	r0, r0, r1

Disassembly of section .debug_line:

00000000 <.debug_line>:
   0:	000000c2 	andeq	r0, r0, r2, asr #1
   4:	008d0002 	addeq	r0, sp, r2
   8:	01020000 	mrseq	r0, (UNDEF: 2)
   c:	000d0efb 	strdeq	r0, [sp], -fp
  10:	01010101 	tsteq	r1, r1, lsl #2
  14:	01000000 	mrseq	r0, (UNDEF: 0)
  18:	2f010000 	svccs	0x00010000
  1c:	656d6f68 	strbvs	r6, [sp, #-3944]!	; 0xfffff098
  20:	7763742f 	strbvc	r7, [r3, -pc, lsr #8]!
  24:	75622d67 	strbvc	r2, [r2, #-3431]!	; 0xfffff299
  28:	73646c69 	cmnvc	r4, #26880	; 0x6900
  2c:	6576616c 	ldrbvs	r6, [r6, #-364]!	; 0xfffffe94
  30:	726f772f 	rsbvc	r7, pc, #12320768	; 0xbc0000
  34:	6170736b 	cmnvs	r0, fp, ror #6
  38:	742f6563 	strtvc	r6, [pc], #-1379	; 40 <shift+0x40>
  3c:	2d677763 	stclcs	7, cr7, [r7, #-396]!	; 0xfffffe74
  40:	656b616d 	strbvs	r6, [fp, #-365]!	; 0xfffffe93
  44:	6c65722d 	sfmvs	f7, 2, [r5], #-180	; 0xffffff4c
  48:	65736165 	ldrbvs	r6, [r3, #-357]!	; 0xfffffe9b
  4c:	732f315f 			; <UNDEFINED> instruction: 0x732f315f
  50:	7370616e 	cmnvc	r0, #-2147483621	; 0x8000001b
  54:	73746f68 	cmnvc	r4, #104, 30	; 0x1a0
  58:	6363672f 	cmnvs	r3, #12320768	; 0xbc0000
  5c:	7469672e 	strbtvc	r6, [r9], #-1838	; 0xfffff8d2
  60:	6e696c7e 	mcrvs	12, 3, r6, cr9, cr14, {3}
  64:	2d6f7261 	sfmcs	f7, 2, [pc, #-388]!	; fffffee8 <__bss_end+0x787f5674>
  68:	2d352e37 	ldccs	14, cr2, [r5, #-220]!	; 0xffffff24
  6c:	39313032 	ldmdbcc	r1!, {r1, r4, r5, ip, sp}
  70:	2f32312e 	svccs	0x0032312e
  74:	6762696c 	strbvs	r6, [r2, -ip, ror #18]!
  78:	632f6363 			; <UNDEFINED> instruction: 0x632f6363
  7c:	69666e6f 	stmdbvs	r6!, {r0, r1, r2, r3, r5, r6, r9, sl, fp, sp, lr}^
  80:	72612f67 	rsbvc	r2, r1, #412	; 0x19c
  84:	6c00006d 	stcvs	0, cr0, [r0], {109}	; 0x6d
  88:	66316269 	ldrtvs	r6, [r1], -r9, ror #4
  8c:	73636e75 	cmnvc	r3, #1872	; 0x750
  90:	0100532e 	tsteq	r0, lr, lsr #6
  94:	00000000 	andeq	r0, r0, r0
  98:	4a400205 	bmi	10008b4 <shift+0x10008b4>
  9c:	fd038780 	stc2	7, cr8, [r3, #-512]	; 0xfffffe00
  a0:	21210108 			; <UNDEFINED> instruction: 0x21210108
  a4:	2f212f21 	svccs	0x00212f21
  a8:	91023021 	tstls	r2, r1, lsr #32
  ac:	22211402 	eorcs	r1, r1, #33554432	; 0x2000000
  b0:	22212121 	eorcs	r2, r1, #1073741832	; 0x40000008
  b4:	03242f4c 			; <UNDEFINED> instruction: 0x03242f4c
  b8:	2121581f 			; <UNDEFINED> instruction: 0x2121581f
  bc:	2f2f2f2f 	svccs	0x002f2f2f
  c0:	0001022f 	andeq	r0, r1, pc, lsr #4
  c4:	00c10101 	sbceq	r0, r1, r1, lsl #2
  c8:	00020000 	andeq	r0, r2, r0
  cc:	00000089 	andeq	r0, r0, r9, lsl #1
  d0:	0efb0102 	cdpeq	1, 15, cr0, cr11, cr2, {0}
  d4:	0101000d 	tsteq	r1, sp
  d8:	00000101 	andeq	r0, r0, r1, lsl #2
  dc:	00000100 	andeq	r0, r0, r0, lsl #2
  e0:	6f682f01 	svcvs	0x00682f01
  e4:	742f656d 	strtvc	r6, [pc], #-1389	; ec <shift+0xec>
  e8:	2d677763 	stclcs	7, cr7, [r7, #-396]!	; 0xfffffe74
  ec:	6c697562 	cfstr64vs	mvdx7, [r9], #-392	; 0xfffffe78
  f0:	616c7364 	cmnvs	ip, r4, ror #6
  f4:	772f6576 			; <UNDEFINED> instruction: 0x772f6576
  f8:	736b726f 	cmnvc	fp, #-268435450	; 0xf0000006
  fc:	65636170 	strbvs	r6, [r3, #-368]!	; 0xfffffe90
 100:	7763742f 	strbvc	r7, [r3, -pc, lsr #8]!
 104:	616d2d67 	cmnvs	sp, r7, ror #26
 108:	722d656b 	eorvc	r6, sp, #448790528	; 0x1ac00000
 10c:	61656c65 	cmnvs	r5, r5, ror #24
 110:	315f6573 	cmpcc	pc, r3, ror r5	; <UNPREDICTABLE>
 114:	616e732f 	cmnvs	lr, pc, lsr #6
 118:	6f687370 	svcvs	0x00687370
 11c:	672f7374 			; <UNDEFINED> instruction: 0x672f7374
 120:	672e6363 	strvs	r6, [lr, -r3, ror #6]!
 124:	6c7e7469 	cfldrdvs	mvd7, [lr], #-420	; 0xfffffe5c
 128:	72616e69 	rsbvc	r6, r1, #1680	; 0x690
 12c:	2e372d6f 	cdpcs	13, 3, cr2, cr7, cr15, {3}
 130:	30322d35 	eorscc	r2, r2, r5, lsr sp
 134:	312e3931 			; <UNDEFINED> instruction: 0x312e3931
 138:	696c2f32 	stmdbvs	ip!, {r1, r4, r5, r8, r9, sl, fp, sp}^
 13c:	63636762 	cmnvs	r3, #25690112	; 0x1880000
 140:	6e6f632f 	cdpvs	3, 6, cr6, cr15, cr15, {1}
 144:	2f676966 	svccs	0x00676966
 148:	006d7261 	rsbeq	r7, sp, r1, ror #4
 14c:	61706200 	cmnvs	r0, r0, lsl #4
 150:	532e6962 			; <UNDEFINED> instruction: 0x532e6962
 154:	00000100 	andeq	r0, r0, r0, lsl #2
 158:	02050000 	andeq	r0, r5, #0
 15c:	87804cb8 			; <UNDEFINED> instruction: 0x87804cb8
 160:	0101b903 	tsteq	r1, r3, lsl #18
 164:	214b1408 	cmpcs	fp, r8, lsl #8
 168:	30222121 	eorcc	r2, r2, r1, lsr #2
 16c:	2f212459 	svccs	0x00212459
 170:	59302221 	ldmdbpl	r0!, {r0, r5, r9, sp}
 174:	2f212f21 	svccs	0x00212f21
 178:	30302124 	eorscc	r2, r0, r4, lsr #2
 17c:	242f2159 	strtcs	r2, [pc], #-345	; 184 <shift+0x184>
 180:	592f3021 	stmdbpl	pc!, {r0, r5, ip, sp}	; <UNPREDICTABLE>
 184:	01022f21 	tsteq	r2, r1, lsr #30
 188:	a3010100 	movwge	r0, #4352	; 0x1100
 18c:	02000000 	andeq	r0, r0, #0
 190:	00008900 	andeq	r8, r0, r0, lsl #18
 194:	fb010200 	blx	4099e <shift+0x4099e>
 198:	01000d0e 	tsteq	r0, lr, lsl #26
 19c:	00010101 	andeq	r0, r1, r1, lsl #2
 1a0:	00010000 	andeq	r0, r1, r0
 1a4:	682f0100 	stmdavs	pc!, {r8}	; <UNPREDICTABLE>
 1a8:	2f656d6f 	svccs	0x00656d6f
 1ac:	67776374 			; <UNDEFINED> instruction: 0x67776374
 1b0:	6975622d 	ldmdbvs	r5!, {r0, r2, r3, r5, r9, sp, lr}^
 1b4:	6c73646c 	cfldrdvs	mvd6, [r3], #-432	; 0xfffffe50
 1b8:	2f657661 	svccs	0x00657661
 1bc:	6b726f77 	blvs	1c9bfa0 <shift+0x1c9bfa0>
 1c0:	63617073 	cmnvs	r1, #115	; 0x73
 1c4:	63742f65 	cmnvs	r4, #404	; 0x194
 1c8:	6d2d6777 	stcvs	7, cr6, [sp, #-476]!	; 0xfffffe24
 1cc:	2d656b61 	fstmdbxcs	r5!, {d22-d69}	;@ Deprecated
 1d0:	656c6572 	strbvs	r6, [ip, #-1394]!	; 0xfffffa8e
 1d4:	5f657361 	svcpl	0x00657361
 1d8:	6e732f31 	mrcvs	15, 3, r2, cr3, cr1, {1}
 1dc:	68737061 	ldmdavs	r3!, {r0, r5, r6, ip, sp, lr}^
 1e0:	2f73746f 	svccs	0x0073746f
 1e4:	2e636367 	cdpcs	3, 6, cr6, cr3, cr7, {3}
 1e8:	7e746967 	vsubvc.f16	s13, s8, s15	; <UNPREDICTABLE>
 1ec:	616e696c 	cmnvs	lr, ip, ror #18
 1f0:	372d6f72 			; <UNDEFINED> instruction: 0x372d6f72
 1f4:	322d352e 	eorcc	r3, sp, #192937984	; 0xb800000
 1f8:	2e393130 	mrccs	1, 1, r3, cr9, cr0, {1}
 1fc:	6c2f3231 	sfmvs	f3, 4, [pc], #-196	; 140 <shift+0x140>
 200:	63676269 	cmnvs	r7, #-1879048186	; 0x90000006
 204:	6f632f63 	svcvs	0x00632f63
 208:	6769666e 	strbvs	r6, [r9, -lr, ror #12]!
 20c:	6d72612f 	ldfvse	f6, [r2, #-188]!	; 0xffffff44
 210:	70620000 	rsbvc	r0, r2, r0
 214:	2e696261 	cdpcs	2, 6, cr6, cr9, cr1, {3}
 218:	00010053 	andeq	r0, r1, r3, asr r0
 21c:	05000000 	streq	r0, [r0, #-0]
 220:	804d5802 	subhi	r5, sp, r2, lsl #16
 224:	01fd0387 	mvnseq	r0, r7, lsl #7
 228:	2f4cbc01 	svccs	0x004cbc01
 22c:	00010259 	andeq	r0, r1, r9, asr r2
 230:	00a80101 	adceq	r0, r8, r1, lsl #2
 234:	00020000 	andeq	r0, r2, r0
 238:	0000008d 	andeq	r0, r0, sp, lsl #1
 23c:	0efb0102 	cdpeq	1, 15, cr0, cr11, cr2, {0}
 240:	0101000d 	tsteq	r1, sp
 244:	00000101 	andeq	r0, r0, r1, lsl #2
 248:	00000100 	andeq	r0, r0, r0, lsl #2
 24c:	6f682f01 	svcvs	0x00682f01
 250:	742f656d 	strtvc	r6, [pc], #-1389	; 258 <shift+0x258>
 254:	2d677763 	stclcs	7, cr7, [r7, #-396]!	; 0xfffffe74
 258:	6c697562 	cfstr64vs	mvdx7, [r9], #-392	; 0xfffffe78
 25c:	616c7364 	cmnvs	ip, r4, ror #6
 260:	772f6576 			; <UNDEFINED> instruction: 0x772f6576
 264:	736b726f 	cmnvc	fp, #-268435450	; 0xf0000006
 268:	65636170 	strbvs	r6, [r3, #-368]!	; 0xfffffe90
 26c:	7763742f 	strbvc	r7, [r3, -pc, lsr #8]!
 270:	616d2d67 	cmnvs	sp, r7, ror #26
 274:	722d656b 	eorvc	r6, sp, #448790528	; 0x1ac00000
 278:	61656c65 	cmnvs	r5, r5, ror #24
 27c:	315f6573 	cmpcc	pc, r3, ror r5	; <UNPREDICTABLE>
 280:	616e732f 	cmnvs	lr, pc, lsr #6
 284:	6f687370 	svcvs	0x00687370
 288:	672f7374 			; <UNDEFINED> instruction: 0x672f7374
 28c:	672e6363 	strvs	r6, [lr, -r3, ror #6]!
 290:	6c7e7469 	cfldrdvs	mvd7, [lr], #-420	; 0xfffffe5c
 294:	72616e69 	rsbvc	r6, r1, #1680	; 0x690
 298:	2e372d6f 	cdpcs	13, 3, cr2, cr7, cr15, {3}
 29c:	30322d35 	eorscc	r2, r2, r5, lsr sp
 2a0:	312e3931 			; <UNDEFINED> instruction: 0x312e3931
 2a4:	696c2f32 	stmdbvs	ip!, {r1, r4, r5, r8, r9, sl, fp, sp}^
 2a8:	63636762 	cmnvs	r3, #25690112	; 0x1880000
 2ac:	6e6f632f 	cdpvs	3, 6, cr6, cr15, cr15, {1}
 2b0:	2f676966 	svccs	0x00676966
 2b4:	006d7261 	rsbeq	r7, sp, r1, ror #4
 2b8:	62696c00 	rsbvs	r6, r9, #0, 24
 2bc:	6e756631 	mrcvs	6, 3, r6, cr5, cr1, {1}
 2c0:	532e7363 			; <UNDEFINED> instruction: 0x532e7363
 2c4:	00000100 	andeq	r0, r0, r0, lsl #2
 2c8:	02050000 	andeq	r0, r5, #0
 2cc:	87804d88 	strhi	r4, [r0, r8, lsl #27]
 2d0:	010bfe03 	tsteq	fp, r3, lsl #28	; <UNPREDICTABLE>
 2d4:	2f200903 	svccs	0x00200903
 2d8:	0001022f 	andeq	r0, r1, pc, lsr #4
 2dc:	03df0101 	bicseq	r0, pc, #1073741824	; 0x40000000
 2e0:	00020000 	andeq	r0, r2, r0
 2e4:	0000038f 	andeq	r0, r0, pc, lsl #7
 2e8:	0efb0102 	cdpeq	1, 15, cr0, cr11, cr2, {0}
 2ec:	0101000d 	tsteq	r1, sp
 2f0:	00000101 	andeq	r0, r0, r1, lsl #2
 2f4:	00000100 	andeq	r0, r0, r0, lsl #2
 2f8:	6f682f01 	svcvs	0x00682f01
 2fc:	742f656d 	strtvc	r6, [pc], #-1389	; 304 <shift+0x304>
 300:	2d677763 	stclcs	7, cr7, [r7, #-396]!	; 0xfffffe74
 304:	6c697562 	cfstr64vs	mvdx7, [r9], #-392	; 0xfffffe78
 308:	616c7364 	cmnvs	ip, r4, ror #6
 30c:	772f6576 			; <UNDEFINED> instruction: 0x772f6576
 310:	736b726f 	cmnvc	fp, #-268435450	; 0xf0000006
 314:	65636170 	strbvs	r6, [r3, #-368]!	; 0xfffffe90
 318:	7763742f 	strbvc	r7, [r3, -pc, lsr #8]!
 31c:	616d2d67 	cmnvs	sp, r7, ror #26
 320:	722d656b 	eorvc	r6, sp, #448790528	; 0x1ac00000
 324:	61656c65 	cmnvs	r5, r5, ror #24
 328:	315f6573 	cmpcc	pc, r3, ror r5	; <UNPREDICTABLE>
 32c:	616e732f 	cmnvs	lr, pc, lsr #6
 330:	6f687370 	svcvs	0x00687370
 334:	672f7374 			; <UNDEFINED> instruction: 0x672f7374
 338:	672e6363 	strvs	r6, [lr, -r3, ror #6]!
 33c:	6c7e7469 	cfldrdvs	mvd7, [lr], #-420	; 0xfffffe5c
 340:	72616e69 	rsbvc	r6, r1, #1680	; 0x690
 344:	2e372d6f 	cdpcs	13, 3, cr2, cr7, cr15, {3}
 348:	30322d35 	eorscc	r2, r2, r5, lsr sp
 34c:	312e3931 			; <UNDEFINED> instruction: 0x312e3931
 350:	696c2f32 	stmdbvs	ip!, {r1, r4, r5, r8, r9, sl, fp, sp}^
 354:	63636762 	cmnvs	r3, #25690112	; 0x1880000
 358:	6f682f00 	svcvs	0x00682f00
 35c:	742f656d 	strtvc	r6, [pc], #-1389	; 364 <shift+0x364>
 360:	2d677763 	stclcs	7, cr7, [r7, #-396]!	; 0xfffffe74
 364:	6c697562 	cfstr64vs	mvdx7, [r9], #-392	; 0xfffffe78
 368:	616c7364 	cmnvs	ip, r4, ror #6
 36c:	772f6576 			; <UNDEFINED> instruction: 0x772f6576
 370:	736b726f 	cmnvc	fp, #-268435450	; 0xf0000006
 374:	65636170 	strbvs	r6, [r3, #-368]!	; 0xfffffe90
 378:	7763742f 	strbvc	r7, [r3, -pc, lsr #8]!
 37c:	616d2d67 	cmnvs	sp, r7, ror #26
 380:	722d656b 	eorvc	r6, sp, #448790528	; 0x1ac00000
 384:	61656c65 	cmnvs	r5, r5, ror #24
 388:	315f6573 	cmpcc	pc, r3, ror r5	; <UNPREDICTABLE>
 38c:	75625f2f 	strbvc	r5, [r2, #-3887]!	; 0xfffff0d1
 390:	2f646c69 	svccs	0x00646c69
 394:	6c697562 	cfstr64vs	mvdx7, [r9], #-392	; 0xfffffe78
 398:	782f7364 	stmdavc	pc!, {r2, r5, r6, r8, r9, ip, sp, lr}	; <UNPREDICTABLE>
 39c:	365f3638 			; <UNDEFINED> instruction: 0x365f3638
 3a0:	6e752d34 	mrcvs	13, 3, r2, cr5, cr4, {1}
 3a4:	776f6e6b 	strbvc	r6, [pc, -fp, ror #28]!
 3a8:	696c2d6e 	stmdbvs	ip!, {r1, r2, r3, r5, r6, r8, sl, fp, sp}^
 3ac:	2d78756e 	cfldr64cs	mvdx7, [r8, #-440]!	; 0xfffffe48
 3b0:	2f756e67 	svccs	0x00756e67
 3b4:	2d6d7261 	sfmcs	f7, 2, [sp, #-388]!	; 0xfffffe7c
 3b8:	756e696c 	strbvc	r6, [lr, #-2412]!	; 0xfffff694
 3bc:	6e672d78 	mcrvs	13, 3, r2, cr7, cr8, {3}
 3c0:	62616575 	rsbvs	r6, r1, #490733568	; 0x1d400000
 3c4:	2f666869 	svccs	0x00666869
 3c8:	2e636367 	cdpcs	3, 6, cr6, cr3, cr7, {3}
 3cc:	7e746967 	vsubvc.f16	s13, s8, s15	; <UNPREDICTABLE>
 3d0:	616e696c 	cmnvs	lr, ip, ror #18
 3d4:	372d6f72 			; <UNDEFINED> instruction: 0x372d6f72
 3d8:	322d352e 	eorcc	r3, sp, #192937984	; 0xb800000
 3dc:	2e393130 	mrccs	1, 1, r3, cr9, cr0, {1}
 3e0:	732d3231 			; <UNDEFINED> instruction: 0x732d3231
 3e4:	65676174 	strbvs	r6, [r7, #-372]!	; 0xfffffe8c
 3e8:	63672f32 	cmnvs	r7, #50, 30	; 0xc8
 3ec:	6e692f63 	cdpvs	15, 6, cr2, cr9, cr3, {3}
 3f0:	64756c63 	ldrbtvs	r6, [r5], #-3171	; 0xfffff39d
 3f4:	682f0065 	stmdavs	pc!, {r0, r2, r5, r6}	; <UNPREDICTABLE>
 3f8:	2f656d6f 	svccs	0x00656d6f
 3fc:	67776374 			; <UNDEFINED> instruction: 0x67776374
 400:	6975622d 	ldmdbvs	r5!, {r0, r2, r3, r5, r9, sp, lr}^
 404:	6c73646c 	cfldrdvs	mvd6, [r3], #-432	; 0xfffffe50
 408:	2f657661 	svccs	0x00657661
 40c:	6b726f77 	blvs	1c9c1f0 <shift+0x1c9c1f0>
 410:	63617073 	cmnvs	r1, #115	; 0x73
 414:	63742f65 	cmnvs	r4, #404	; 0x194
 418:	6d2d6777 	stcvs	7, cr6, [sp, #-476]!	; 0xfffffe24
 41c:	2d656b61 	fstmdbxcs	r5!, {d22-d69}	;@ Deprecated
 420:	656c6572 	strbvs	r6, [ip, #-1394]!	; 0xfffffa8e
 424:	5f657361 	svcpl	0x00657361
 428:	625f2f31 	subsvs	r2, pc, #49, 30	; 0xc4
 42c:	646c6975 	strbtvs	r6, [ip], #-2421	; 0xfffff68b
 430:	7379732f 	cmnvc	r9, #-1140850688	; 0xbc000000
 434:	746f6f72 	strbtvc	r6, [pc], #-3954	; 43c <shift+0x43c>
 438:	72612f73 	rsbvc	r2, r1, #460	; 0x1cc
 43c:	696c2d6d 	stmdbvs	ip!, {r0, r2, r3, r5, r6, r8, sl, fp, sp}^
 440:	2d78756e 	cfldr64cs	mvdx7, [r8, #-440]!	; 0xfffffe48
 444:	65756e67 	ldrbvs	r6, [r5, #-3687]!	; 0xfffff199
 448:	68696261 	stmdavs	r9!, {r0, r5, r6, r9, sp, lr}^
 44c:	73752f66 	cmnvc	r5, #408	; 0x198
 450:	6e692f72 	mcrvs	15, 3, r2, cr9, cr2, {3}
 454:	64756c63 	ldrbtvs	r6, [r5], #-3171	; 0xfffff39d
 458:	69622f65 	stmdbvs	r2!, {r0, r2, r5, r6, r8, r9, sl, fp, sp}^
 45c:	2f007374 	svccs	0x00007374
 460:	656d6f68 	strbvs	r6, [sp, #-3944]!	; 0xfffff098
 464:	7763742f 	strbvc	r7, [r3, -pc, lsr #8]!
 468:	75622d67 	strbvc	r2, [r2, #-3431]!	; 0xfffff299
 46c:	73646c69 	cmnvc	r4, #26880	; 0x6900
 470:	6576616c 	ldrbvs	r6, [r6, #-364]!	; 0xfffffe94
 474:	726f772f 	rsbvc	r7, pc, #12320768	; 0xbc0000
 478:	6170736b 	cmnvs	r0, fp, ror #6
 47c:	742f6563 	strtvc	r6, [pc], #-1379	; 484 <shift+0x484>
 480:	2d677763 	stclcs	7, cr7, [r7, #-396]!	; 0xfffffe74
 484:	656b616d 	strbvs	r6, [fp, #-365]!	; 0xfffffe93
 488:	6c65722d 	sfmvs	f7, 2, [r5], #-180	; 0xffffff4c
 48c:	65736165 	ldrbvs	r6, [r3, #-357]!	; 0xfffffe9b
 490:	5f2f315f 	svcpl	0x002f315f
 494:	6c697562 	cfstr64vs	mvdx7, [r9], #-392	; 0xfffffe78
 498:	79732f64 	ldmdbvc	r3!, {r2, r5, r6, r8, r9, sl, fp, sp}^
 49c:	6f6f7273 	svcvs	0x006f7273
 4a0:	612f7374 			; <UNDEFINED> instruction: 0x612f7374
 4a4:	6c2d6d72 	stcvs	13, cr6, [sp], #-456	; 0xfffffe38
 4a8:	78756e69 	ldmdavc	r5!, {r0, r3, r5, r6, r9, sl, fp, sp, lr}^
 4ac:	756e672d 	strbvc	r6, [lr, #-1837]!	; 0xfffff8d3
 4b0:	69626165 	stmdbvs	r2!, {r0, r2, r5, r6, r8, sp, lr}^
 4b4:	752f6668 	strvc	r6, [pc, #-1640]!	; fffffe54 <__bss_end+0x787f55e0>
 4b8:	692f7273 	stmdbvs	pc!, {r0, r1, r4, r5, r6, r9, ip, sp, lr}	; <UNPREDICTABLE>
 4bc:	756c636e 	strbvc	r6, [ip, #-878]!	; 0xfffffc92
 4c0:	2f006564 	svccs	0x00006564
 4c4:	656d6f68 	strbvs	r6, [sp, #-3944]!	; 0xfffff098
 4c8:	7763742f 	strbvc	r7, [r3, -pc, lsr #8]!
 4cc:	75622d67 	strbvc	r2, [r2, #-3431]!	; 0xfffff299
 4d0:	73646c69 	cmnvc	r4, #26880	; 0x6900
 4d4:	6576616c 	ldrbvs	r6, [r6, #-364]!	; 0xfffffe94
 4d8:	726f772f 	rsbvc	r7, pc, #12320768	; 0xbc0000
 4dc:	6170736b 	cmnvs	r0, fp, ror #6
 4e0:	742f6563 	strtvc	r6, [pc], #-1379	; 4e8 <shift+0x4e8>
 4e4:	2d677763 	stclcs	7, cr7, [r7, #-396]!	; 0xfffffe74
 4e8:	656b616d 	strbvs	r6, [fp, #-365]!	; 0xfffffe93
 4ec:	6c65722d 	sfmvs	f7, 2, [r5], #-180	; 0xffffff4c
 4f0:	65736165 	ldrbvs	r6, [r3, #-357]!	; 0xfffffe9b
 4f4:	732f315f 			; <UNDEFINED> instruction: 0x732f315f
 4f8:	7370616e 	cmnvc	r0, #-2147483621	; 0x8000001b
 4fc:	73746f68 	cmnvc	r4, #104, 30	; 0x1a0
 500:	6363672f 	cmnvs	r3, #12320768	; 0xbc0000
 504:	7469672e 	strbtvc	r6, [r9], #-1838	; 0xfffff8d2
 508:	6e696c7e 	mcrvs	12, 3, r6, cr9, cr14, {3}
 50c:	2d6f7261 	sfmcs	f7, 2, [pc, #-388]!	; 390 <shift+0x390>
 510:	2d352e37 	ldccs	14, cr2, [r5, #-220]!	; 0xffffff24
 514:	39313032 	ldmdbcc	r1!, {r1, r4, r5, ip, sp}
 518:	2f32312e 	svccs	0x0032312e
 51c:	6762696c 	strbvs	r6, [r2, -ip, ror #18]!
 520:	2e2f6363 	cdpcs	3, 2, cr6, cr15, cr3, {3}
 524:	6e692f2e 	cdpvs	15, 6, cr2, cr9, cr14, {1}
 528:	64756c63 	ldrbtvs	r6, [r5], #-3171	; 0xfffff39d
 52c:	682f0065 	stmdavs	pc!, {r0, r2, r5, r6}	; <UNPREDICTABLE>
 530:	2f656d6f 	svccs	0x00656d6f
 534:	67776374 			; <UNDEFINED> instruction: 0x67776374
 538:	6975622d 	ldmdbvs	r5!, {r0, r2, r3, r5, r9, sp, lr}^
 53c:	6c73646c 	cfldrdvs	mvd6, [r3], #-432	; 0xfffffe50
 540:	2f657661 	svccs	0x00657661
 544:	6b726f77 	blvs	1c9c328 <shift+0x1c9c328>
 548:	63617073 	cmnvs	r1, #115	; 0x73
 54c:	63742f65 	cmnvs	r4, #404	; 0x194
 550:	6d2d6777 	stcvs	7, cr6, [sp, #-476]!	; 0xfffffe24
 554:	2d656b61 	fstmdbxcs	r5!, {d22-d69}	;@ Deprecated
 558:	656c6572 	strbvs	r6, [ip, #-1394]!	; 0xfffffa8e
 55c:	5f657361 	svcpl	0x00657361
 560:	6e732f31 	mrcvs	15, 3, r2, cr3, cr1, {1}
 564:	68737061 	ldmdavs	r3!, {r0, r5, r6, ip, sp, lr}^
 568:	2f73746f 	svccs	0x0073746f
 56c:	2e636367 	cdpcs	3, 6, cr6, cr3, cr7, {3}
 570:	7e746967 	vsubvc.f16	s13, s8, s15	; <UNPREDICTABLE>
 574:	616e696c 	cmnvs	lr, ip, ror #18
 578:	372d6f72 			; <UNDEFINED> instruction: 0x372d6f72
 57c:	322d352e 	eorcc	r3, sp, #192937984	; 0xb800000
 580:	2e393130 	mrccs	1, 1, r3, cr9, cr0, {1}
 584:	6c2f3231 	sfmvs	f3, 4, [pc], #-196	; 4c8 <shift+0x4c8>
 588:	63676269 	cmnvs	r7, #-1879048186	; 0x90000006
 58c:	2e2e2f63 	cdpcs	15, 2, cr2, cr14, cr3, {3}
 590:	6363672f 	cmnvs	r3, #12320768	; 0xbc0000
 594:	6e6f632f 	cdpvs	3, 6, cr6, cr15, cr15, {1}
 598:	2f676966 	svccs	0x00676966
 59c:	006d7261 	rsbeq	r7, sp, r1, ror #4
 5a0:	2e2f2e2e 	cdpcs	14, 2, cr2, cr15, cr14, {1}
 5a4:	2f2e2f2e 	svccs	0x002e2f2e
 5a8:	00636367 	rsbeq	r6, r3, r7, ror #6
 5ac:	62696c00 	rsbvs	r6, r9, #0, 24
 5b0:	32636367 	rsbcc	r6, r3, #-1677721599	; 0x9c000001
 5b4:	0100632e 	tsteq	r0, lr, lsr #6
 5b8:	74730000 	ldrbtvc	r0, [r3], #-0
 5bc:	66656464 	strbtvs	r6, [r5], -r4, ror #8
 5c0:	0200682e 	andeq	r6, r0, #3014656	; 0x2e0000
 5c4:	79740000 	ldmdbvc	r4!, {}^	; <UNPREDICTABLE>
 5c8:	2e736570 	mrccs	5, 3, r6, cr3, cr0, {3}
 5cc:	00030068 	andeq	r0, r3, r8, rrx
 5d0:	62696c00 	rsbvs	r6, r9, #0, 24
 5d4:	682e6f69 	stmdavs	lr!, {r0, r3, r5, r6, r8, r9, sl, fp, sp, lr}
 5d8:	00000400 	andeq	r0, r0, r0, lsl #8
 5dc:	69647473 	stmdbvs	r4!, {r0, r1, r4, r5, r6, sl, ip, sp, lr}^
 5e0:	00682e6f 	rsbeq	r2, r8, pc, ror #28
 5e4:	73000004 	movwvc	r0, #4
 5e8:	655f7379 	ldrbvs	r7, [pc, #-889]	; 277 <shift+0x277>
 5ec:	696c7272 	stmdbvs	ip!, {r1, r4, r5, r6, r9, ip, sp, lr}^
 5f0:	682e7473 	stmdavs	lr!, {r0, r1, r4, r5, r6, sl, ip, sp, lr}
 5f4:	00000300 	andeq	r0, r0, r0, lsl #6
 5f8:	6e727265 	cdpvs	2, 7, cr7, cr2, cr5, {3}
 5fc:	00682e6f 	rsbeq	r2, r8, pc, ror #28
 600:	75000004 	strvc	r0, [r0, #-4]
 604:	7473696e 	ldrbtvc	r6, [r3], #-2414	; 0xfffff692
 608:	00682e64 	rsbeq	r2, r8, r4, ror #28
 60c:	67000004 	strvs	r0, [r0, -r4]
 610:	706f7465 	rsbvc	r7, pc, r5, ror #8
 614:	00682e74 	rsbeq	r2, r8, r4, ror lr
 618:	74000005 	strvc	r0, [r0], #-5
 61c:	2e656d69 	cdpcs	13, 6, cr6, cr5, cr9, {3}
 620:	00040068 	andeq	r0, r4, r8, rrx
 624:	73616800 	cmnvc	r1, #0, 16
 628:	62617468 	rsbvs	r7, r1, #104, 8	; 0x68000000
 62c:	0500682e 	streq	r6, [r0, #-2094]	; 0xfffff7d2
 630:	72610000 	rsbvc	r0, r1, #0
 634:	73692d6d 	cmnvc	r9, #6976	; 0x1b40
 638:	00682e61 	rsbeq	r2, r8, r1, ror #28
 63c:	61000006 	tstvs	r0, r6
 640:	632d6d72 			; <UNDEFINED> instruction: 0x632d6d72
 644:	682e7570 	stmdavs	lr!, {r4, r5, r6, r8, sl, ip, sp, lr}
 648:	00000600 	andeq	r0, r0, r0, lsl #12
 64c:	6e736e69 	cdpvs	14, 7, cr6, cr3, cr9, {3}
 650:	6e6f632d 	cdpvs	3, 6, cr6, cr15, cr13, {1}
 654:	6e617473 	mcrvs	4, 3, r7, cr1, cr3, {3}
 658:	682e7374 	stmdavs	lr!, {r2, r4, r5, r6, r8, r9, ip, sp, lr}
 65c:	00000700 	andeq	r0, r0, r0, lsl #14
 660:	2e6d7261 	cdpcs	2, 6, cr7, cr13, cr1, {3}
 664:	00060068 	andeq	r0, r6, r8, rrx
 668:	62696c00 	rsbvs	r6, r9, #0, 24
 66c:	32636367 	rsbcc	r6, r3, #-1677721599	; 0x9c000001
 670:	0100682e 	tsteq	r0, lr, lsr #16
 674:	00000000 	andeq	r0, r0, r0
 678:	4d940205 	lfmmi	f0, 4, [r4, #20]
 67c:	b3038780 	movwlt	r8, #14208	; 0x3780
 680:	0c030107 	stfeqs	f0, [r3], {7}
 684:	20740301 	rsbscs	r0, r4, r1, lsl #6
 688:	032e0c03 			; <UNDEFINED> instruction: 0x032e0c03
 68c:	2d212e74 	stccs	14, cr2, [r1, #-464]!	; 0xfffffe30
 690:	2e0b033d 	mcrcs	3, 0, r0, cr11, cr13, {1}
 694:	2f4c4b3e 	svccs	0x004c4b3e
 698:	3c6803dd 	stclcc	3, cr0, [r8], #-884	; 0xfffffc8c
 69c:	233c1803 	teqcs	ip, #196608	; 0x30000
 6a0:	2f65211f 	svccs	0x0065211f
 6a4:	94603e23 	strbtls	r3, [r0], #-3619	; 0xfffff1dd
 6a8:	33304d29 	teqcc	r0, #2624	; 0xa40
 6ac:	2f492181 	svccs	0x00492181
 6b0:	3d240821 	stccc	8, cr0, [r4, #-132]!	; 0xffffff7c
 6b4:	2e550330 	mrccs	3, 2, r0, cr5, cr0, {1}
 6b8:	2f2d2f49 	svccs	0x002d2f49
 6bc:	01000302 	tsteq	r0, r2, lsl #6
 6c0:	地址 0x00000000000006c0 越界。


Disassembly of section .debug_info:

00000000 <.debug_info>:
       0:	00000147 	andeq	r0, r0, r7, asr #2
       4:	00000002 	andeq	r0, r0, r2
       8:	01040000 	mrseq	r0, (UNDEF: 4)
       c:	00000000 	andeq	r0, r0, r0
      10:	87804a40 	strhi	r4, [r0, r0, asr #20]
      14:	87804cb6 			; <UNDEFINED> instruction: 0x87804cb6
      18:	6d6f682f 	stclvs	8, cr6, [pc, #-188]!	; ffffff64 <__bss_end+0x787f56f0>
      1c:	63742f65 	cmnvs	r4, #404	; 0x194
      20:	622d6777 	eorvs	r6, sp, #31195136	; 0x1dc0000
      24:	646c6975 	strbtvs	r6, [ip], #-2421	; 0xfffff68b
      28:	76616c73 			; <UNDEFINED> instruction: 0x76616c73
      2c:	6f772f65 	svcvs	0x00772f65
      30:	70736b72 	rsbsvc	r6, r3, r2, ror fp
      34:	2f656361 	svccs	0x00656361
      38:	67776374 			; <UNDEFINED> instruction: 0x67776374
      3c:	6b616d2d 	blvs	185b4f8 <shift+0x185b4f8>
      40:	65722d65 	ldrbvs	r2, [r2, #-3429]!	; 0xfffff29b
      44:	7361656c 	cmnvc	r1, #108, 10	; 0x1b000000
      48:	2f315f65 	svccs	0x00315f65
      4c:	70616e73 	rsbvc	r6, r1, r3, ror lr
      50:	746f6873 	strbtvc	r6, [pc], #-2163	; 58 <shift+0x58>
      54:	63672f73 	cmnvs	r7, #460	; 0x1cc
      58:	69672e63 	stmdbvs	r7!, {r0, r1, r5, r6, r9, sl, fp, sp}^
      5c:	696c7e74 	stmdbvs	ip!, {r2, r4, r5, r6, r9, sl, fp, ip, sp, lr}^
      60:	6f72616e 	svcvs	0x0072616e
      64:	352e372d 	strcc	r3, [lr, #-1837]!	; 0xfffff8d3
      68:	3130322d 	teqcc	r0, sp, lsr #4
      6c:	32312e39 	eorscc	r2, r1, #912	; 0x390
      70:	62696c2f 	rsbvs	r6, r9, #12032	; 0x2f00
      74:	2f636367 	svccs	0x00636367
      78:	666e6f63 	strbtvs	r6, [lr], -r3, ror #30
      7c:	612f6769 			; <UNDEFINED> instruction: 0x612f6769
      80:	6c2f6d72 	stcvs	13, cr6, [pc], #-456	; fffffec0 <__bss_end+0x787f564c>
      84:	66316269 	ldrtvs	r6, [r1], -r9, ror #4
      88:	73636e75 	cmnvc	r3, #1872	; 0x750
      8c:	2f00532e 	svccs	0x0000532e
      90:	656d6f68 	strbvs	r6, [sp, #-3944]!	; 0xfffff098
      94:	7763742f 	strbvc	r7, [r3, -pc, lsr #8]!
      98:	75622d67 	strbvc	r2, [r2, #-3431]!	; 0xfffff299
      9c:	73646c69 	cmnvc	r4, #26880	; 0x6900
      a0:	6576616c 	ldrbvs	r6, [r6, #-364]!	; 0xfffffe94
      a4:	726f772f 	rsbvc	r7, pc, #12320768	; 0xbc0000
      a8:	6170736b 	cmnvs	r0, fp, ror #6
      ac:	742f6563 	strtvc	r6, [pc], #-1379	; b4 <shift+0xb4>
      b0:	2d677763 	stclcs	7, cr7, [r7, #-396]!	; 0xfffffe74
      b4:	656b616d 	strbvs	r6, [fp, #-365]!	; 0xfffffe93
      b8:	6c65722d 	sfmvs	f7, 2, [r5], #-180	; 0xffffff4c
      bc:	65736165 	ldrbvs	r6, [r3, #-357]!	; 0xfffffe9b
      c0:	5f2f315f 	svcpl	0x002f315f
      c4:	6c697562 	cfstr64vs	mvdx7, [r9], #-392	; 0xfffffe78
      c8:	75622f64 	strbvc	r2, [r2, #-3940]!	; 0xfffff09c
      cc:	73646c69 	cmnvc	r4, #26880	; 0x6900
      d0:	3638782f 	ldrtcc	r7, [r8], -pc, lsr #16
      d4:	2d34365f 	ldccs	6, cr3, [r4, #-380]!	; 0xfffffe84
      d8:	6e6b6e75 	mcrvs	14, 3, r6, cr11, cr5, {3}
      dc:	2d6e776f 	stclcs	7, cr7, [lr, #-444]!	; 0xfffffe44
      e0:	756e696c 	strbvc	r6, [lr, #-2412]!	; 0xfffff694
      e4:	6e672d78 	mcrvs	13, 3, r2, cr7, cr8, {3}
      e8:	72612f75 	rsbvc	r2, r1, #468	; 0x1d4
      ec:	696c2d6d 	stmdbvs	ip!, {r0, r2, r3, r5, r6, r8, sl, fp, sp}^
      f0:	2d78756e 	cfldr64cs	mvdx7, [r8, #-440]!	; 0xfffffe48
      f4:	65756e67 	ldrbvs	r6, [r5, #-3687]!	; 0xfffff199
      f8:	68696261 	stmdavs	r9!, {r0, r5, r6, r9, sp, lr}^
      fc:	63672f66 	cmnvs	r7, #408	; 0x198
     100:	69672e63 	stmdbvs	r7!, {r0, r1, r5, r6, r9, sl, fp, sp}^
     104:	696c7e74 	stmdbvs	ip!, {r2, r4, r5, r6, r9, sl, fp, ip, sp, lr}^
     108:	6f72616e 	svcvs	0x0072616e
     10c:	352e372d 	strcc	r3, [lr, #-1837]!	; 0xfffff8d3
     110:	3130322d 	teqcc	r0, sp, lsr #4
     114:	32312e39 	eorscc	r2, r1, #912	; 0x390
     118:	6174732d 	cmnvs	r4, sp, lsr #6
     11c:	2f326567 	svccs	0x00326567
     120:	2d6d7261 	sfmcs	f7, 2, [sp, #-388]!	; 0xfffffe7c
     124:	756e696c 	strbvc	r6, [lr, #-2412]!	; 0xfffff694
     128:	6e672d78 	mcrvs	13, 3, r2, cr7, cr8, {3}
     12c:	62616575 	rsbvs	r6, r1, #490733568	; 0x1d400000
     130:	2f666869 	svccs	0x00666869
     134:	6762696c 	strbvs	r6, [r2, -ip, ror #18]!
     138:	47006363 	strmi	r6, [r0, -r3, ror #6]
     13c:	4120554e 			; <UNDEFINED> instruction: 0x4120554e
     140:	2e322053 	mrccs	0, 1, r2, cr2, cr3, {2}
     144:	322e3832 	eorcc	r3, lr, #3276800	; 0x320000
     148:	43800100 	orrmi	r0, r0, #0, 2
     14c:	02000001 	andeq	r0, r0, #1
     150:	00001400 	andeq	r1, r0, r0, lsl #8
     154:	c6010400 	strgt	r0, [r1], -r0, lsl #8
     158:	b8000000 	stmdalt	r0, {}	; <UNPREDICTABLE>
     15c:	5887804c 	stmpl	r7, {r2, r3, r6, pc}
     160:	2f87804d 	svccs	0x0087804d
     164:	656d6f68 	strbvs	r6, [sp, #-3944]!	; 0xfffff098
     168:	7763742f 	strbvc	r7, [r3, -pc, lsr #8]!
     16c:	75622d67 	strbvc	r2, [r2, #-3431]!	; 0xfffff299
     170:	73646c69 	cmnvc	r4, #26880	; 0x6900
     174:	6576616c 	ldrbvs	r6, [r6, #-364]!	; 0xfffffe94
     178:	726f772f 	rsbvc	r7, pc, #12320768	; 0xbc0000
     17c:	6170736b 	cmnvs	r0, fp, ror #6
     180:	742f6563 	strtvc	r6, [pc], #-1379	; 188 <shift+0x188>
     184:	2d677763 	stclcs	7, cr7, [r7, #-396]!	; 0xfffffe74
     188:	656b616d 	strbvs	r6, [fp, #-365]!	; 0xfffffe93
     18c:	6c65722d 	sfmvs	f7, 2, [r5], #-180	; 0xffffff4c
     190:	65736165 	ldrbvs	r6, [r3, #-357]!	; 0xfffffe9b
     194:	732f315f 			; <UNDEFINED> instruction: 0x732f315f
     198:	7370616e 	cmnvc	r0, #-2147483621	; 0x8000001b
     19c:	73746f68 	cmnvc	r4, #104, 30	; 0x1a0
     1a0:	6363672f 	cmnvs	r3, #12320768	; 0xbc0000
     1a4:	7469672e 	strbtvc	r6, [r9], #-1838	; 0xfffff8d2
     1a8:	6e696c7e 	mcrvs	12, 3, r6, cr9, cr14, {3}
     1ac:	2d6f7261 	sfmcs	f7, 2, [pc, #-388]!	; 30 <shift+0x30>
     1b0:	2d352e37 	ldccs	14, cr2, [r5, #-220]!	; 0xffffff24
     1b4:	39313032 	ldmdbcc	r1!, {r1, r4, r5, ip, sp}
     1b8:	2f32312e 	svccs	0x0032312e
     1bc:	6762696c 	strbvs	r6, [r2, -ip, ror #18]!
     1c0:	632f6363 			; <UNDEFINED> instruction: 0x632f6363
     1c4:	69666e6f 	stmdbvs	r6!, {r0, r1, r2, r3, r5, r6, r9, sl, fp, sp, lr}^
     1c8:	72612f67 	rsbvc	r2, r1, #412	; 0x19c
     1cc:	70622f6d 	rsbvc	r2, r2, sp, ror #30
     1d0:	2e696261 	cdpcs	2, 6, cr6, cr9, cr1, {3}
     1d4:	682f0053 	stmdavs	pc!, {r0, r1, r4, r6}	; <UNPREDICTABLE>
     1d8:	2f656d6f 	svccs	0x00656d6f
     1dc:	67776374 			; <UNDEFINED> instruction: 0x67776374
     1e0:	6975622d 	ldmdbvs	r5!, {r0, r2, r3, r5, r9, sp, lr}^
     1e4:	6c73646c 	cfldrdvs	mvd6, [r3], #-432	; 0xfffffe50
     1e8:	2f657661 	svccs	0x00657661
     1ec:	6b726f77 	blvs	1c9bfd0 <shift+0x1c9bfd0>
     1f0:	63617073 	cmnvs	r1, #115	; 0x73
     1f4:	63742f65 	cmnvs	r4, #404	; 0x194
     1f8:	6d2d6777 	stcvs	7, cr6, [sp, #-476]!	; 0xfffffe24
     1fc:	2d656b61 	fstmdbxcs	r5!, {d22-d69}	;@ Deprecated
     200:	656c6572 	strbvs	r6, [ip, #-1394]!	; 0xfffffa8e
     204:	5f657361 	svcpl	0x00657361
     208:	625f2f31 	subsvs	r2, pc, #49, 30	; 0xc4
     20c:	646c6975 	strbtvs	r6, [ip], #-2421	; 0xfffff68b
     210:	6975622f 	ldmdbvs	r5!, {r0, r1, r2, r3, r5, r9, sp, lr}^
     214:	2f73646c 	svccs	0x0073646c
     218:	5f363878 	svcpl	0x00363878
     21c:	752d3436 	strvc	r3, [sp, #-1078]!	; 0xfffffbca
     220:	6f6e6b6e 	svcvs	0x006e6b6e
     224:	6c2d6e77 	stcvs	14, cr6, [sp], #-476	; 0xfffffe24
     228:	78756e69 	ldmdavc	r5!, {r0, r3, r5, r6, r9, sl, fp, sp, lr}^
     22c:	756e672d 	strbvc	r6, [lr, #-1837]!	; 0xfffff8d3
     230:	6d72612f 	ldfvse	f6, [r2, #-188]!	; 0xffffff44
     234:	6e696c2d 	cdpvs	12, 6, cr6, cr9, cr13, {1}
     238:	672d7875 			; <UNDEFINED> instruction: 0x672d7875
     23c:	6165756e 	cmnvs	r5, lr, ror #10
     240:	66686962 	strbtvs	r6, [r8], -r2, ror #18
     244:	6363672f 	cmnvs	r3, #12320768	; 0xbc0000
     248:	7469672e 	strbtvc	r6, [r9], #-1838	; 0xfffff8d2
     24c:	6e696c7e 	mcrvs	12, 3, r6, cr9, cr14, {3}
     250:	2d6f7261 	sfmcs	f7, 2, [pc, #-388]!	; d4 <shift+0xd4>
     254:	2d352e37 	ldccs	14, cr2, [r5, #-220]!	; 0xffffff24
     258:	39313032 	ldmdbcc	r1!, {r1, r4, r5, ip, sp}
     25c:	2d32312e 	ldfcss	f3, [r2, #-184]!	; 0xffffff48
     260:	67617473 			; <UNDEFINED> instruction: 0x67617473
     264:	612f3265 			; <UNDEFINED> instruction: 0x612f3265
     268:	6c2d6d72 	stcvs	13, cr6, [sp], #-456	; 0xfffffe38
     26c:	78756e69 	ldmdavc	r5!, {r0, r3, r5, r6, r9, sl, fp, sp, lr}^
     270:	756e672d 	strbvc	r6, [lr, #-1837]!	; 0xfffff8d3
     274:	69626165 	stmdbvs	r2!, {r0, r2, r5, r6, r8, sp, lr}^
     278:	6c2f6668 	stcvs	6, cr6, [pc], #-416	; e0 <shift+0xe0>
     27c:	63676269 	cmnvs	r7, #-1879048186	; 0x90000006
     280:	4e470063 	cdpmi	0, 4, cr0, cr7, cr3, {3}
     284:	53412055 	movtpl	r2, #4181	; 0x1055
     288:	322e3220 	eorcc	r3, lr, #32, 4
     28c:	00322e38 	eorseq	r2, r2, r8, lsr lr
     290:	01438001 	cmpeq	r3, r1
     294:	00020000 	andeq	r0, r2, r0
     298:	00000028 	andeq	r0, r0, r8, lsr #32
     29c:	018b0104 	orreq	r0, fp, r4, lsl #2
     2a0:	4d580000 	ldclmi	0, cr0, [r8, #-0]
     2a4:	4d888780 	stcmi	7, cr8, [r8, #512]	; 0x200
     2a8:	682f8780 	stmdavs	pc!, {r7, r8, r9, sl, pc}	; <UNPREDICTABLE>
     2ac:	2f656d6f 	svccs	0x00656d6f
     2b0:	67776374 			; <UNDEFINED> instruction: 0x67776374
     2b4:	6975622d 	ldmdbvs	r5!, {r0, r2, r3, r5, r9, sp, lr}^
     2b8:	6c73646c 	cfldrdvs	mvd6, [r3], #-432	; 0xfffffe50
     2bc:	2f657661 	svccs	0x00657661
     2c0:	6b726f77 	blvs	1c9c0a4 <shift+0x1c9c0a4>
     2c4:	63617073 	cmnvs	r1, #115	; 0x73
     2c8:	63742f65 	cmnvs	r4, #404	; 0x194
     2cc:	6d2d6777 	stcvs	7, cr6, [sp, #-476]!	; 0xfffffe24
     2d0:	2d656b61 	fstmdbxcs	r5!, {d22-d69}	;@ Deprecated
     2d4:	656c6572 	strbvs	r6, [ip, #-1394]!	; 0xfffffa8e
     2d8:	5f657361 	svcpl	0x00657361
     2dc:	6e732f31 	mrcvs	15, 3, r2, cr3, cr1, {1}
     2e0:	68737061 	ldmdavs	r3!, {r0, r5, r6, ip, sp, lr}^
     2e4:	2f73746f 	svccs	0x0073746f
     2e8:	2e636367 	cdpcs	3, 6, cr6, cr3, cr7, {3}
     2ec:	7e746967 	vsubvc.f16	s13, s8, s15	; <UNPREDICTABLE>
     2f0:	616e696c 	cmnvs	lr, ip, ror #18
     2f4:	372d6f72 			; <UNDEFINED> instruction: 0x372d6f72
     2f8:	322d352e 	eorcc	r3, sp, #192937984	; 0xb800000
     2fc:	2e393130 	mrccs	1, 1, r3, cr9, cr0, {1}
     300:	6c2f3231 	sfmvs	f3, 4, [pc], #-196	; 244 <shift+0x244>
     304:	63676269 	cmnvs	r7, #-1879048186	; 0x90000006
     308:	6f632f63 	svcvs	0x00632f63
     30c:	6769666e 	strbvs	r6, [r9, -lr, ror #12]!
     310:	6d72612f 	ldfvse	f6, [r2, #-188]!	; 0xffffff44
     314:	6170622f 	cmnvs	r0, pc, lsr #4
     318:	532e6962 			; <UNDEFINED> instruction: 0x532e6962
     31c:	6f682f00 	svcvs	0x00682f00
     320:	742f656d 	strtvc	r6, [pc], #-1389	; 328 <shift+0x328>
     324:	2d677763 	stclcs	7, cr7, [r7, #-396]!	; 0xfffffe74
     328:	6c697562 	cfstr64vs	mvdx7, [r9], #-392	; 0xfffffe78
     32c:	616c7364 	cmnvs	ip, r4, ror #6
     330:	772f6576 			; <UNDEFINED> instruction: 0x772f6576
     334:	736b726f 	cmnvc	fp, #-268435450	; 0xf0000006
     338:	65636170 	strbvs	r6, [r3, #-368]!	; 0xfffffe90
     33c:	7763742f 	strbvc	r7, [r3, -pc, lsr #8]!
     340:	616d2d67 	cmnvs	sp, r7, ror #26
     344:	722d656b 	eorvc	r6, sp, #448790528	; 0x1ac00000
     348:	61656c65 	cmnvs	r5, r5, ror #24
     34c:	315f6573 	cmpcc	pc, r3, ror r5	; <UNPREDICTABLE>
     350:	75625f2f 	strbvc	r5, [r2, #-3887]!	; 0xfffff0d1
     354:	2f646c69 	svccs	0x00646c69
     358:	6c697562 	cfstr64vs	mvdx7, [r9], #-392	; 0xfffffe78
     35c:	782f7364 	stmdavc	pc!, {r2, r5, r6, r8, r9, ip, sp, lr}	; <UNPREDICTABLE>
     360:	365f3638 			; <UNDEFINED> instruction: 0x365f3638
     364:	6e752d34 	mrcvs	13, 3, r2, cr5, cr4, {1}
     368:	776f6e6b 	strbvc	r6, [pc, -fp, ror #28]!
     36c:	696c2d6e 	stmdbvs	ip!, {r1, r2, r3, r5, r6, r8, sl, fp, sp}^
     370:	2d78756e 	cfldr64cs	mvdx7, [r8, #-440]!	; 0xfffffe48
     374:	2f756e67 	svccs	0x00756e67
     378:	2d6d7261 	sfmcs	f7, 2, [sp, #-388]!	; 0xfffffe7c
     37c:	756e696c 	strbvc	r6, [lr, #-2412]!	; 0xfffff694
     380:	6e672d78 	mcrvs	13, 3, r2, cr7, cr8, {3}
     384:	62616575 	rsbvs	r6, r1, #490733568	; 0x1d400000
     388:	2f666869 	svccs	0x00666869
     38c:	2e636367 	cdpcs	3, 6, cr6, cr3, cr7, {3}
     390:	7e746967 	vsubvc.f16	s13, s8, s15	; <UNPREDICTABLE>
     394:	616e696c 	cmnvs	lr, ip, ror #18
     398:	372d6f72 			; <UNDEFINED> instruction: 0x372d6f72
     39c:	322d352e 	eorcc	r3, sp, #192937984	; 0xb800000
     3a0:	2e393130 	mrccs	1, 1, r3, cr9, cr0, {1}
     3a4:	732d3231 			; <UNDEFINED> instruction: 0x732d3231
     3a8:	65676174 	strbvs	r6, [r7, #-372]!	; 0xfffffe8c
     3ac:	72612f32 	rsbvc	r2, r1, #50, 30	; 0xc8
     3b0:	696c2d6d 	stmdbvs	ip!, {r0, r2, r3, r5, r6, r8, sl, fp, sp}^
     3b4:	2d78756e 	cfldr64cs	mvdx7, [r8, #-440]!	; 0xfffffe48
     3b8:	65756e67 	ldrbvs	r6, [r5, #-3687]!	; 0xfffff199
     3bc:	68696261 	stmdavs	r9!, {r0, r5, r6, r9, sp, lr}^
     3c0:	696c2f66 	stmdbvs	ip!, {r1, r2, r5, r6, r8, r9, sl, fp, sp}^
     3c4:	63636762 	cmnvs	r3, #25690112	; 0x1880000
     3c8:	554e4700 	strbpl	r4, [lr, #-1792]	; 0xfffff900
     3cc:	20534120 	subscs	r4, r3, r0, lsr #2
     3d0:	38322e32 	ldmdacc	r2!, {r1, r4, r5, r9, sl, fp, sp}
     3d4:	0100322e 	tsteq	r0, lr, lsr #4
     3d8:	00014780 	andeq	r4, r1, r0, lsl #15
     3dc:	3c000200 	sfmcc	f0, 4, [r0], {-0}
     3e0:	04000000 	streq	r0, [r0], #-0
     3e4:	00023201 	andeq	r3, r2, r1, lsl #4
     3e8:	804d8800 	subhi	r8, sp, r0, lsl #16
     3ec:	804d9487 	subhi	r9, sp, r7, lsl #9
     3f0:	6f682f87 	svcvs	0x00682f87
     3f4:	742f656d 	strtvc	r6, [pc], #-1389	; 3fc <shift+0x3fc>
     3f8:	2d677763 	stclcs	7, cr7, [r7, #-396]!	; 0xfffffe74
     3fc:	6c697562 	cfstr64vs	mvdx7, [r9], #-392	; 0xfffffe78
     400:	616c7364 	cmnvs	ip, r4, ror #6
     404:	772f6576 			; <UNDEFINED> instruction: 0x772f6576
     408:	736b726f 	cmnvc	fp, #-268435450	; 0xf0000006
     40c:	65636170 	strbvs	r6, [r3, #-368]!	; 0xfffffe90
     410:	7763742f 	strbvc	r7, [r3, -pc, lsr #8]!
     414:	616d2d67 	cmnvs	sp, r7, ror #26
     418:	722d656b 	eorvc	r6, sp, #448790528	; 0x1ac00000
     41c:	61656c65 	cmnvs	r5, r5, ror #24
     420:	315f6573 	cmpcc	pc, r3, ror r5	; <UNPREDICTABLE>
     424:	616e732f 	cmnvs	lr, pc, lsr #6
     428:	6f687370 	svcvs	0x00687370
     42c:	672f7374 			; <UNDEFINED> instruction: 0x672f7374
     430:	672e6363 	strvs	r6, [lr, -r3, ror #6]!
     434:	6c7e7469 	cfldrdvs	mvd7, [lr], #-420	; 0xfffffe5c
     438:	72616e69 	rsbvc	r6, r1, #1680	; 0x690
     43c:	2e372d6f 	cdpcs	13, 3, cr2, cr7, cr15, {3}
     440:	30322d35 	eorscc	r2, r2, r5, lsr sp
     444:	312e3931 			; <UNDEFINED> instruction: 0x312e3931
     448:	696c2f32 	stmdbvs	ip!, {r1, r4, r5, r8, r9, sl, fp, sp}^
     44c:	63636762 	cmnvs	r3, #25690112	; 0x1880000
     450:	6e6f632f 	cdpvs	3, 6, cr6, cr15, cr15, {1}
     454:	2f676966 	svccs	0x00676966
     458:	2f6d7261 	svccs	0x006d7261
     45c:	3162696c 	cmncc	r2, ip, ror #18
     460:	636e7566 	cmnvs	lr, #427819008	; 0x19800000
     464:	00532e73 	subseq	r2, r3, r3, ror lr
     468:	6d6f682f 	stclvs	8, cr6, [pc, #-188]!	; 3b4 <shift+0x3b4>
     46c:	63742f65 	cmnvs	r4, #404	; 0x194
     470:	622d6777 	eorvs	r6, sp, #31195136	; 0x1dc0000
     474:	646c6975 	strbtvs	r6, [ip], #-2421	; 0xfffff68b
     478:	76616c73 			; <UNDEFINED> instruction: 0x76616c73
     47c:	6f772f65 	svcvs	0x00772f65
     480:	70736b72 	rsbsvc	r6, r3, r2, ror fp
     484:	2f656361 	svccs	0x00656361
     488:	67776374 			; <UNDEFINED> instruction: 0x67776374
     48c:	6b616d2d 	blvs	185b948 <shift+0x185b948>
     490:	65722d65 	ldrbvs	r2, [r2, #-3429]!	; 0xfffff29b
     494:	7361656c 	cmnvc	r1, #108, 10	; 0x1b000000
     498:	2f315f65 	svccs	0x00315f65
     49c:	6975625f 	ldmdbvs	r5!, {r0, r1, r2, r3, r4, r6, r9, sp, lr}^
     4a0:	622f646c 	eorvs	r6, pc, #108, 8	; 0x6c000000
     4a4:	646c6975 	strbtvs	r6, [ip], #-2421	; 0xfffff68b
     4a8:	38782f73 	ldmdacc	r8!, {r0, r1, r4, r5, r6, r8, r9, sl, fp, sp}^
     4ac:	34365f36 	ldrtcc	r5, [r6], #-3894	; 0xfffff0ca
     4b0:	6b6e752d 	blvs	1b9d96c <shift+0x1b9d96c>
     4b4:	6e776f6e 	cdpvs	15, 7, cr6, cr7, cr14, {3}
     4b8:	6e696c2d 	cdpvs	12, 6, cr6, cr9, cr13, {1}
     4bc:	672d7875 			; <UNDEFINED> instruction: 0x672d7875
     4c0:	612f756e 			; <UNDEFINED> instruction: 0x612f756e
     4c4:	6c2d6d72 	stcvs	13, cr6, [sp], #-456	; 0xfffffe38
     4c8:	78756e69 	ldmdavc	r5!, {r0, r3, r5, r6, r9, sl, fp, sp, lr}^
     4cc:	756e672d 	strbvc	r6, [lr, #-1837]!	; 0xfffff8d3
     4d0:	69626165 	stmdbvs	r2!, {r0, r2, r5, r6, r8, sp, lr}^
     4d4:	672f6668 	strvs	r6, [pc, -r8, ror #12]!
     4d8:	672e6363 	strvs	r6, [lr, -r3, ror #6]!
     4dc:	6c7e7469 	cfldrdvs	mvd7, [lr], #-420	; 0xfffffe5c
     4e0:	72616e69 	rsbvc	r6, r1, #1680	; 0x690
     4e4:	2e372d6f 	cdpcs	13, 3, cr2, cr7, cr15, {3}
     4e8:	30322d35 	eorscc	r2, r2, r5, lsr sp
     4ec:	312e3931 			; <UNDEFINED> instruction: 0x312e3931
     4f0:	74732d32 	ldrbtvc	r2, [r3], #-3378	; 0xfffff2ce
     4f4:	32656761 	rsbcc	r6, r5, #25427968	; 0x1840000
     4f8:	6d72612f 	ldfvse	f6, [r2, #-188]!	; 0xffffff44
     4fc:	6e696c2d 	cdpvs	12, 6, cr6, cr9, cr13, {1}
     500:	672d7875 			; <UNDEFINED> instruction: 0x672d7875
     504:	6165756e 	cmnvs	r5, lr, ror #10
     508:	66686962 	strbtvs	r6, [r8], -r2, ror #18
     50c:	62696c2f 	rsbvs	r6, r9, #12032	; 0x2f00
     510:	00636367 	rsbeq	r6, r3, r7, ror #6
     514:	20554e47 	subscs	r4, r5, r7, asr #28
     518:	32205341 	eorcc	r5, r0, #67108865	; 0x4000001
     51c:	2e38322e 	cdpcs	2, 3, cr3, cr8, cr14, {1}
     520:	80010032 	andhi	r0, r1, r2, lsr r0
     524:	00000d82 	andeq	r0, r0, r2, lsl #27
     528:	00500004 	subseq	r0, r0, r4
     52c:	01040000 	mrseq	r0, (UNDEF: 4)
     530:	000007a5 	andeq	r0, r0, r5, lsr #15
     534:	00139d0c 	andseq	r9, r3, ip, lsl #26
     538:	00018800 	andeq	r8, r1, r0, lsl #16
     53c:	804d9400 	subhi	r9, sp, r0, lsl #8
     540:	00011687 	andeq	r1, r1, r7, lsl #13
     544:	0002de00 	andeq	sp, r2, r0, lsl #28
     548:	07080200 	streq	r0, [r8, -r0, lsl #4]
     54c:	0000055e 	andeq	r0, r0, lr, asr r5
     550:	69050403 	stmdbvs	r5, {r0, r1, sl}
     554:	0400746e 	streq	r7, [r0], #-1134	; 0xfffffb92
     558:	00000759 	andeq	r0, r0, r9, asr r7
     55c:	003ed802 	eorseq	sp, lr, r2, lsl #16
     560:	04020000 	streq	r0, [r2], #-0
     564:	00056807 	andeq	r6, r5, r7, lsl #16
     568:	05080200 	streq	r0, [r8, #-512]	; 0xfffffe00
     56c:	00000c3b 	andeq	r0, r0, fp, lsr ip
     570:	00040802 	andeq	r0, r4, r2, lsl #16
     574:	0500000f 	streq	r0, [r0, #-15]
     578:	08010204 	stmdaeq	r1, {r2, r9}
     57c:	0000137c 	andeq	r1, r0, ip, ror r3
     580:	38070202 	stmdacc	r7, {r1, r9}
     584:	02000015 	andeq	r0, r0, #21
     588:	05630704 	strbeq	r0, [r3, #-1796]!	; 0xfffff8fc
     58c:	01020000 	mrseq	r0, (UNDEF: 2)
     590:	00137e06 	andseq	r7, r3, r6, lsl #28
     594:	05020200 	streq	r0, [r2, #-512]	; 0xfffffe00
     598:	00000ffa 	strdeq	r0, [r0], -sl
     59c:	000db904 	andeq	fp, sp, r4, lsl #18
     5a0:	45370300 	ldrmi	r0, [r7, #-768]!	; 0xfffffd00
     5a4:	04000000 	streq	r0, [r0], #-0
     5a8:	00001513 	andeq	r1, r0, r3, lsl r5
     5ac:	008e8c03 	addeq	r8, lr, r3, lsl #24
     5b0:	04020000 	streq	r0, [r2], #-0
     5b4:	000c4005 	andeq	r4, ip, r5
     5b8:	165c0400 	ldrbne	r0, [ip], -r0, lsl #8
     5bc:	8d030000 	stchi	0, cr0, [r3, #-0]
     5c0:	00000078 	andeq	r0, r0, r8, ror r0
     5c4:	00a60406 	adceq	r0, r6, r6, lsl #8
     5c8:	01020000 	mrseq	r0, (UNDEF: 2)
     5cc:	00138508 	andseq	r8, r3, r8, lsl #10
     5d0:	00a60700 	adceq	r0, r6, r0, lsl #14
     5d4:	ac080000 	stcge	0, cr0, [r8], {-0}
     5d8:	98000005 	stmdals	r0, {r0, r2}
     5dc:	022ff104 	eoreq	pc, pc, #4, 2
     5e0:	9d090000 	stcls	0, cr0, [r9, #-0]
     5e4:	04000002 	streq	r0, [r0], #-2
     5e8:	00002cf2 	strdeq	r2, [r0], -r2	; <UNPREDICTABLE>
     5ec:	4e090000 	cdpmi	0, 0, cr0, cr9, cr0, {0}
     5f0:	0400000a 	streq	r0, [r0], #-10
     5f4:	0000a0f7 	strdeq	sl, [r0], -r7
     5f8:	d2090400 	andle	r0, r9, #0, 8
     5fc:	0400000f 	streq	r0, [r0], #-15
     600:	0000a0f8 	strdeq	sl, [r0], -r8
     604:	8b090800 	blhi	24260c <shift+0x24260c>
     608:	04000007 	streq	r0, [r0], #-7
     60c:	0000a0f9 	strdeq	sl, [r0], -r9
     610:	ed090c00 	stc	12, cr0, [r9, #-0]
     614:	0400000b 	streq	r0, [r0], #-11
     618:	0000a0fa 	strdeq	sl, [r0], -sl	; <UNPREDICTABLE>
     61c:	2d091000 	stccs	0, cr1, [r9, #-0]
     620:	04000014 	streq	r0, [r0], #-20	; 0xffffffec
     624:	0000a0fb 	strdeq	sl, [r0], -fp
     628:	66091400 	strvs	r1, [r9], -r0, lsl #8
     62c:	04000002 	streq	r0, [r0], #-2
     630:	0000a0fc 	strdeq	sl, [r0], -ip
     634:	6f091800 	svcvs	0x00091800
     638:	04000016 	streq	r0, [r0], #-22	; 0xffffffea
     63c:	0000a0fd 	strdeq	sl, [r0], -sp
     640:	d5091c00 	strle	r1, [r9, #-3072]	; 0xfffff400
     644:	04000000 	streq	r0, [r0], #-0
     648:	0000a0fe 	strdeq	sl, [r0], -lr
     64c:	9c0a2000 	stcls	0, cr2, [sl], {-0}
     650:	0400000f 	streq	r0, [r0], #-15
     654:	00a00100 	adceq	r0, r0, r0, lsl #2
     658:	0a240000 	beq	900660 <shift+0x900660>
     65c:	0000063b 	andeq	r0, r0, fp, lsr r6
     660:	a0010104 	andge	r0, r1, r4, lsl #2
     664:	28000000 	stmdacs	r0, {}	; <UNPREDICTABLE>
     668:	0004d70a 	andeq	sp, r4, sl, lsl #14
     66c:	01020400 	tsteq	r2, r0, lsl #8
     670:	000000a0 	andeq	r0, r0, r0, lsr #1
     674:	07720a2c 	ldrbeq	r0, [r2, -ip, lsr #20]!
     678:	04040000 	streq	r0, [r4], #-0
     67c:	00026701 	andeq	r6, r2, r1, lsl #14
     680:	f30a3000 	vhadd.u8	d3, d10, d0
     684:	04000015 	streq	r0, [r0], #-21	; 0xffffffeb
     688:	026d0106 	rsbeq	r0, sp, #-2147483647	; 0x80000001
     68c:	0a340000 	beq	d00694 <shift+0xd00694>
     690:	000006b8 			; <UNDEFINED> instruction: 0x000006b8
     694:	2c010804 	stccs	8, cr0, [r1], {4}
     698:	38000000 	stmdacc	r0, {}	; <UNPREDICTABLE>
     69c:	0002d50a 	andeq	sp, r2, sl, lsl #10
     6a0:	010c0400 	tsteq	ip, r0, lsl #8
     6a4:	0000002c 	andeq	r0, r0, ip, lsr #32
     6a8:	12d80a3c 	sbcsne	r0, r8, #60, 20	; 0x3c000
     6ac:	0e040000 	cdpeq	0, 0, cr0, cr4, cr0, {0}
     6b0:	00008301 	andeq	r8, r0, r1, lsl #6
     6b4:	990a4000 	stmdbls	sl, {lr}
     6b8:	04000007 	streq	r0, [r0], #-7
     6bc:	005c0112 	subseq	r0, ip, r2, lsl r1
     6c0:	0a440000 	beq	11006c8 <shift+0x11006c8>
     6c4:	00000e7f 	andeq	r0, r0, pc, ror lr
     6c8:	6a011304 	bvs	452e0 <shift+0x452e0>
     6cc:	46000000 	strmi	r0, [r0], -r0
     6d0:	0000490a 	andeq	r4, r0, sl, lsl #18
     6d4:	01140400 	tsteq	r4, r0, lsl #8
     6d8:	00000273 	andeq	r0, r0, r3, ror r2
     6dc:	129e0a47 	addsne	r0, lr, #290816	; 0x47000
     6e0:	18040000 	stmdane	r4, {}	; <UNPREDICTABLE>
     6e4:	00028301 	andeq	r8, r2, r1, lsl #6
     6e8:	dc0a4800 	stcle	8, cr4, [sl], {-0}
     6ec:	04000012 	streq	r0, [r0], #-18	; 0xffffffee
     6f0:	00950121 	addseq	r0, r5, r1, lsr #2
     6f4:	0a500000 	beq	14006fc <shift+0x14006fc>
     6f8:	000006c0 	andeq	r0, r0, r0, asr #13
     6fc:	53012904 	movwpl	r2, #6404	; 0x1904
     700:	58000000 	stmdapl	r0, {}	; <UNPREDICTABLE>
     704:	000dd80a 	andeq	sp, sp, sl, lsl #16
     708:	012a0400 			; <UNDEFINED> instruction: 0x012a0400
     70c:	00000053 	andeq	r0, r0, r3, asr r0
     710:	0ddf0a5c 	vldreq	s1, [pc, #368]	; 888 <shift+0x888>
     714:	2b040000 	blcs	10071c <shift+0x10071c>
     718:	00005301 	andeq	r5, r0, r1, lsl #6
     71c:	e60a6000 	str	r6, [sl], -r0
     720:	0400000d 	streq	r0, [r0], #-13
     724:	0053012c 	subseq	r0, r3, ip, lsr #2
     728:	0a640000 	beq	1900730 <shift+0x1900730>
     72c:	00000ded 	andeq	r0, r0, sp, ror #27
     730:	33012e04 	movwcc	r2, #7684	; 0x1e04
     734:	68000000 	stmdavs	r0, {}	; <UNPREDICTABLE>
     738:	000a080a 	andeq	r0, sl, sl, lsl #16
     73c:	012f0400 			; <UNDEFINED> instruction: 0x012f0400
     740:	0000002c 	andeq	r0, r0, ip, lsr #32
     744:	16660a6c 	strbtne	r0, [r6], -ip, ror #20
     748:	31040000 	mrscc	r0, (UNDEF: 4)
     74c:	00028901 	andeq	r8, r2, r1, lsl #18
     750:	0b007000 	bleq	1c758 <shift+0x1c758>
     754:	0000005a 	andeq	r0, r0, sl, asr r0
     758:	1a089604 	bne	225f70 <shift+0x225f70>
     75c:	0c000009 	stceq	0, cr0, [r0], {9}
     760:	02679c04 	rsbeq	r9, r7, #4, 24	; 0x400
     764:	f1090000 			; <UNDEFINED> instruction: 0xf1090000
     768:	04000008 	streq	r0, [r0], #-8
     76c:	0002679d 	muleq	r2, sp, r7
     770:	5b090000 	blpl	240778 <shift+0x240778>
     774:	04000013 	streq	r0, [r0], #-19	; 0xffffffed
     778:	00026d9e 	muleq	r2, lr, sp
     77c:	b1090400 	tstlt	r9, r0, lsl #8
     780:	04000004 	streq	r0, [r0], #-4
     784:	00002ca2 	andeq	r2, r0, r2, lsr #25
     788:	06000800 	streq	r0, [r0], -r0, lsl #16
     78c:	00023604 	andeq	r3, r2, r4, lsl #12
     790:	b2040600 	andlt	r0, r4, #0, 12
     794:	0c000000 	stceq	0, cr0, [r0], {-0}
     798:	000000a6 	andeq	r0, r0, r6, lsr #1
     79c:	00000283 	andeq	r0, r0, r3, lsl #5
     7a0:	00003e0d 	andeq	r3, r0, sp, lsl #28
     7a4:	06000000 	streq	r0, [r0], -r0
     7a8:	00022f04 	andeq	r2, r2, r4, lsl #30
     7ac:	00a60c00 	adceq	r0, r6, r0, lsl #24
     7b0:	02990000 	addseq	r0, r9, #0
     7b4:	3e0d0000 	cdpcc	0, 0, cr0, cr13, cr0, {0}
     7b8:	27000000 	strcs	r0, [r0, -r0]
     7bc:	118a0e00 	orrne	r0, sl, r0, lsl #28
     7c0:	780f0000 	stmdavc	pc, {}	; <UNPREDICTABLE>
     7c4:	04000004 	streq	r0, [r0], #-4
     7c8:	0299013b 	addseq	r0, r9, #-1073741810	; 0xc000000e
     7cc:	630f0000 	movwvs	r0, #61440	; 0xf000
     7d0:	0400000c 	streq	r0, [r0], #-12
     7d4:	0299013c 	addseq	r0, r9, #60, 2
     7d8:	e10f0000 	mrs	r0, CPSR
     7dc:	04000009 	streq	r0, [r0], #-9
     7e0:	0299013d 	addseq	r0, r9, #1073741839	; 0x4000000f
     7e4:	04060000 	streq	r0, [r6], #-0
     7e8:	000000ad 	andeq	r0, r0, sp, lsr #1
     7ec:	0002c207 	andeq	ip, r2, r7, lsl #4
     7f0:	08ba1000 	ldmeq	sl!, {ip}
     7f4:	ab050000 	blge	1407fc <shift+0x1407fc>
     7f8:	0000026d 	andeq	r0, r0, sp, ror #4
     7fc:	0004c310 	andeq	ip, r4, r0, lsl r3
     800:	6dac0500 	cfstr32vs	mvfx0, [ip]
     804:	10000002 	andne	r0, r0, r2
     808:	000000a8 	andeq	r0, r0, r8, lsr #1
     80c:	026dad05 	rsbeq	sl, sp, #320	; 0x140
     810:	2c100000 	ldccs	0, cr0, [r0], {-0}
     814:	06000003 	streq	r0, [r0], -r3
     818:	00002c1a 	andeq	r2, r0, sl, lsl ip
     81c:	02c80c00 	sbceq	r0, r8, #0, 24
     820:	03040000 	movweq	r0, #16384	; 0x4000
     824:	00110000 	andseq	r0, r1, r0
     828:	0002f907 	andeq	pc, r2, r7, lsl #18
     82c:	155d1000 	ldrbne	r1, [sp, #-0]
     830:	1b060000 	blne	180838 <shift+0x180838>
     834:	00000304 	andeq	r0, r0, r4, lsl #6
     838:	00032b10 	andeq	r2, r3, r0, lsl fp
     83c:	2c1e0600 	ldccs	6, cr0, [lr], {-0}
     840:	10000000 	andne	r0, r0, r0
     844:	0000155c 	andeq	r1, r0, ip, asr r5
     848:	03041f06 	movweq	r1, #20230	; 0x4f06
     84c:	8f100000 	svchi	0x00100000
     850:	07000006 	streq	r0, [r0, -r6]
     854:	0000a036 	andeq	sl, r0, r6, lsr r0
     858:	008a1000 	addeq	r1, sl, r0
     85c:	36070000 	strcc	r0, [r7], -r0
     860:	000000a0 	andeq	r0, r0, r0, lsr #1
     864:	03460406 	movteq	r0, #25606	; 0x6406
     868:	2c120000 	ldccs	0, cr0, [r2], {-0}
     86c:	5a000000 	bpl	874 <shift+0x874>
     870:	13000003 	movwne	r0, #3
     874:	0000035a 	andeq	r0, r0, sl, asr r3
     878:	00035a13 	andeq	r5, r3, r3, lsl sl
     87c:	04060000 	streq	r0, [r6], #-0
     880:	00000360 	andeq	r0, r0, r0, ror #6
     884:	11720f14 	cmnne	r2, r4, lsl pc
     888:	22080000 	andcs	r0, r8, #0
     88c:	00036d02 	andeq	r6, r3, r2, lsl #26
     890:	a0040600 	andge	r0, r4, r0, lsl #12
     894:	0f000000 	svceq	0x00000000
     898:	00001174 	andeq	r1, r0, r4, ror r1
     89c:	6d022408 	cfstrsvs	mvf2, [r2, #-32]	; 0xffffffe0
     8a0:	10000003 	andne	r0, r0, r3
     8a4:	00000ec0 	andeq	r0, r0, r0, asr #29
     8a8:	00a02309 	adceq	r2, r0, r9, lsl #6
     8ac:	25100000 	ldrcs	r0, [r0, #-0]
     8b0:	0900000d 	stmdbeq	r0, {r0, r2, r3}
     8b4:	00002c31 	andeq	r2, r0, r1, lsr ip
     8b8:	0e8e1000 	cdpeq	0, 8, cr1, cr14, cr0, {0}
     8bc:	36090000 	strcc	r0, [r9], -r0
     8c0:	0000002c 	andeq	r0, r0, ip, lsr #32
     8c4:	00013910 	andeq	r3, r1, r0, lsl r9
     8c8:	2c3a0900 			; <UNDEFINED> instruction: 0x2c3a0900
     8cc:	0c000000 	stceq	0, cr0, [r0], {-0}
     8d0:	000000a0 	andeq	r0, r0, r0, lsr #1
     8d4:	000003bb 			; <UNDEFINED> instruction: 0x000003bb
     8d8:	00003e0d 	andeq	r3, r0, sp, lsl #28
     8dc:	10000100 	andne	r0, r0, r0, lsl #2
     8e0:	00000465 	andeq	r0, r0, r5, ror #8
     8e4:	03aba50a 			; <UNDEFINED> instruction: 0x03aba50a
     8e8:	2f100000 	svccs	0x00100000
     8ec:	0a000016 	beq	94c <shift+0x94c>
     8f0:	00002ca6 	andeq	r2, r0, r6, lsr #25
     8f4:	04101000 	ldreq	r1, [r0], #-0
     8f8:	a70a0000 	strge	r0, [sl, -r0]
     8fc:	0000008e 	andeq	r0, r0, lr, lsl #1
     900:	00046710 	andeq	r6, r4, r0, lsl r7
     904:	abac0a00 	blge	feb0310c <__bss_end+0x772f8898>
     908:	10000003 	andne	r0, r0, r3
     90c:	00001631 	andeq	r1, r0, r1, lsr r6
     910:	002cb40a 	eoreq	fp, ip, sl, lsl #8
     914:	12100000 	andsne	r0, r0, #0
     918:	0a000004 	beq	930 <shift+0x930>
     91c:	00008eb5 			; <UNDEFINED> instruction: 0x00008eb5
     920:	02890f00 	addeq	r0, r9, #0, 30
     924:	1e0a0000 	cdpne	0, 0, cr0, cr10, cr0, {0}
     928:	00002c01 	andeq	r2, r0, r1, lsl #24
     92c:	046e0400 	strbteq	r0, [lr], #-1024	; 0xfffffc00
     930:	2a0b0000 	bcs	2c0938 <shift+0x2c0938>
     934:	0000003e 	andeq	r0, r0, lr, lsr r0
     938:	000a4404 	andeq	r4, sl, r4, lsl #8
     93c:	1f2f0b00 	svcne	0x002f0b00
     940:	06000004 	streq	r0, [r0], -r4
     944:	00042504 	andeq	r2, r4, r4, lsl #10
     948:	04091200 	streq	r1, [r9], #-512	; 0xfffffe00
     94c:	04340000 	ldrteq	r0, [r4], #-0
     950:	5a130000 	bpl	4c0958 <shift+0x4c0958>
     954:	00000003 	andeq	r0, r0, r3
     958:	000dc204 	andeq	ip, sp, r4, lsl #4
     95c:	40360b00 	eorsmi	r0, r6, r0, lsl #22
     960:	10000003 	andne	r0, r0, r3
     964:	00000cae 	andeq	r0, r0, lr, lsr #25
     968:	0414bb0b 	ldreq	fp, [r4], #-2827	; 0xfffff4f5
     96c:	3b100000 	blcc	400974 <shift+0x400974>
     970:	0b000014 	bleq	9c8 <shift+0x9c8>
     974:	000434be 			; <UNDEFINED> instruction: 0x000434be
     978:	09371500 	ldmdbeq	r7!, {r8, sl, ip}
     97c:	04070000 	streq	r0, [r7], #-0
     980:	0000003e 	andeq	r0, r0, lr, lsr r0
     984:	057b1d0c 	ldrbeq	r1, [fp, #-3340]!	; 0xfffff2f4
     988:	a4160000 	ldrge	r0, [r6], #-0
     98c:	00000002 	andeq	r0, r0, r2
     990:	0012b116 	andseq	fp, r2, r6, lsl r1
     994:	86160100 	ldrhi	r0, [r6], -r0, lsl #2
     998:	02000010 	andeq	r0, r0, #16
     99c:	0011f616 	andseq	pc, r1, r6, lsl r6	; <UNPREDICTABLE>
     9a0:	ff160300 			; <UNDEFINED> instruction: 0xff160300
     9a4:	04000012 	streq	r0, [r0], #-18	; 0xffffffee
     9a8:	00130d16 	andseq	r0, r3, r6, lsl sp
     9ac:	7c160500 	cfldr32vc	mvfx0, [r6], {-0}
     9b0:	06000000 	streq	r0, [r0], -r0
     9b4:	00152916 	andseq	r2, r5, r6, lsl r9
     9b8:	95160700 	ldrls	r0, [r6, #-1792]	; 0xfffff900
     9bc:	08000010 	stmdaeq	r0, {r4}
     9c0:	00131b16 	andseq	r1, r3, r6, lsl fp
     9c4:	fd160900 	ldc2	9, cr0, [r6, #-0]	; <UNPREDICTABLE>
     9c8:	0a000002 	beq	9d8 <shift+0x9d8>
     9cc:	000d1616 	andeq	r1, sp, r6, lsl r6
     9d0:	e4160b00 	ldr	r0, [r6], #-2816	; 0xfffff500
     9d4:	0c000012 	stceq	0, cr0, [r0], {18}
     9d8:	00072016 	andeq	r2, r7, r6, lsl r0
     9dc:	5b160d00 	blpl	583de4 <shift+0x583de4>
     9e0:	0e00000a 	cdpeq	0, 0, cr0, cr0, cr10, {0}
     9e4:	00132916 	andseq	r2, r3, r6, lsl r9
     9e8:	d4160f00 	ldrle	r0, [r6], #-3840	; 0xfffff100
     9ec:	10000009 	andne	r0, r0, r9
     9f0:	00133716 	andseq	r3, r3, r6, lsl r7
     9f4:	7c161100 	ldfvcs	f1, [r6], {-0}
     9f8:	12000011 	andne	r0, r0, #17
     9fc:	000bad16 	andeq	sl, fp, r6, lsl sp
     a00:	e8161300 	ldmda	r6, {r8, r9, ip}
     a04:	1400000c 	strne	r0, [r0], #-12
     a08:	00095416 	andeq	r5, r9, r6, lsl r4
     a0c:	64161500 	ldrvs	r1, [r6], #-1280	; 0xfffffb00
     a10:	16000009 	strne	r0, [r0], -r9
     a14:	00039f16 	andeq	r9, r3, r6, lsl pc
     a18:	9f161700 	svcls	0x00161700
     a1c:	18000011 	stmdane	r0, {r0, r4}
     a20:	0011ad16 	andseq	sl, r1, r6, lsl sp
     a24:	bb161900 	bllt	586e2c <shift+0x586e2c>
     a28:	1a000011 	bne	a74 <shift+0xa74>
     a2c:	000c4916 	andeq	r4, ip, r6, lsl r9
     a30:	a4161b00 	ldrge	r1, [r6], #-2816	; 0xfffff500
     a34:	1c000012 	stcne	0, cr0, [r0], {18}
     a38:	0015fa16 	andseq	pc, r5, r6, lsl sl	; <UNPREDICTABLE>
     a3c:	2e161d00 	cdpcs	13, 1, cr1, cr6, cr0, {0}
     a40:	1e00000c 	cdpne	0, 0, cr0, cr0, cr12, {0}
     a44:	0003ff16 	andeq	pc, r3, r6, lsl pc	; <UNPREDICTABLE>
     a48:	00161f00 	andseq	r1, r6, r0, lsl #30
     a4c:	20000000 	andcs	r0, r0, r0
     a50:	00099b16 	andeq	r9, r9, r6, lsl fp
     a54:	e2162100 	ands	r2, r6, #0, 2
     a58:	22000008 	andcs	r0, r0, #8
     a5c:	0004ca16 	andeq	ip, r4, r6, lsl sl
     a60:	39162300 	ldmdbcc	r6, {r8, r9, sp}
     a64:	2400000d 	strcs	r0, [r0], #-13
     a68:	00059316 	andeq	r9, r5, r6, lsl r3
     a6c:	4f162500 	svcmi	0x00162500
     a70:	2600000f 	strcs	r0, [r0], -pc
     a74:	00037e16 	andeq	r7, r3, r6, lsl lr
     a78:	43162700 	tstmi	r6, #0, 14
     a7c:	28000009 	stmdacs	r0, {r0, r3}
     a80:	00163a16 	andseq	r3, r6, r6, lsl sl
     a84:	86162900 	ldrhi	r2, [r6], -r0, lsl #18
     a88:	2a00000c 	bcs	ac0 <shift+0xac0>
     a8c:	0005b516 	andeq	fp, r5, r6, lsl r5
     a90:	f1162b00 			; <UNDEFINED> instruction: 0xf1162b00
     a94:	2c000012 	stccs	0, cr0, [r0], {18}
     a98:	0006c716 	andeq	ip, r6, r6, lsl r7
     a9c:	15002d00 	strne	r2, [r0, #-3328]	; 0xfffff300
     aa0:	000009f1 	strdeq	r0, [r0], -r1
     aa4:	003e0407 	eorseq	r0, lr, r7, lsl #8
     aa8:	170d0000 	strne	r0, [sp, -r0]
     aac:	0000081b 	andeq	r0, r0, fp, lsl r8
     ab0:	0004eb16 	andeq	lr, r4, r6, lsl fp
     ab4:	69160000 	ldmdbvs	r6, {}	; <UNPREDICTABLE>
     ab8:	01000015 	tsteq	r0, r5, lsl r0
     abc:	0004fb16 	andeq	pc, r4, r6, lsl fp	; <UNPREDICTABLE>
     ac0:	1e160200 	cdpne	2, 1, cr0, cr6, cr0, {0}
     ac4:	03000005 	movweq	r0, #5
     ac8:	00144b16 	andseq	r4, r4, r6, lsl fp
     acc:	04160400 	ldreq	r0, [r6], #-1024	; 0xfffffc00
     ad0:	05000010 	streq	r0, [r0, #-16]
     ad4:	0005d316 	andeq	sp, r5, r6, lsl r3
     ad8:	60160600 	andsvs	r0, r6, r0, lsl #12
     adc:	07000007 	streq	r0, [r0, -r7]
     ae0:	00052e16 	andeq	r2, r5, r6, lsl lr
     ae4:	1e160800 	cdpne	8, 1, cr0, cr6, cr0, {0}
     ae8:	09000016 	stmdbeq	r0, {r1, r2, r4}
     aec:	00014016 	andeq	r4, r1, r6, lsl r0
     af0:	4b160a00 	blmi	5832f8 <shift+0x5832f8>
     af4:	0b000015 	bleq	b50 <shift+0xb50>
     af8:	000e1f16 	andeq	r1, lr, r6, lsl pc
     afc:	b9160c00 	ldmdblt	r6, {sl, fp}
     b00:	0d000014 	stceq	0, cr0, [r0, #-80]	; 0xffffffb0
     b04:	000f7616 	andeq	r7, pc, r6, lsl r6	; <UNPREDICTABLE>
     b08:	3c160e00 	ldccc	14, cr0, [r6], {-0}
     b0c:	0f000012 	svceq	0x00000012
     b10:	00060c16 	andeq	r0, r6, r6, lsl ip
     b14:	0b161000 	bleq	584b1c <shift+0x584b1c>
     b18:	11000005 	tstne	r0, r5
     b1c:	000f3c16 	andeq	r3, pc, r6, lsl ip	; <UNPREDICTABLE>
     b20:	f7161200 			; <UNDEFINED> instruction: 0xf7161200
     b24:	13000005 	movwne	r0, #5
     b28:	00164b16 	andseq	r4, r6, r6, lsl fp
     b2c:	6a161400 	bvs	585b34 <shift+0x585b34>
     b30:	15000001 	strne	r0, [r0, #-1]
     b34:	000b0616 	andeq	r0, fp, r6, lsl r6
     b38:	3e161600 	cfmsub32cc	mvax0, mvfx1, mvfx6, mvfx0
     b3c:	17000005 	strne	r0, [r0, -r5]
     b40:	00010016 	andeq	r0, r1, r6, lsl r0
     b44:	ac161800 	ldcge	8, cr1, [r6], {-0}
     b48:	19000015 	stmdbne	r0, {r0, r2, r4}
     b4c:	0012c016 	andseq	ip, r2, r6, lsl r0
     b50:	a4161a00 	ldrge	r1, [r6], #-2560	; 0xfffff600
     b54:	1b000010 	blne	b9c <shift+0xb9c>
     b58:	00122316 	andseq	r2, r2, r6, lsl r3
     b5c:	07161c00 	ldreq	r1, [r6, -r0, lsl #24]
     b60:	1d000014 	stcne	0, cr0, [r0, #-80]	; 0xffffffb0
     b64:	00057516 	andeq	r7, r5, r6, lsl r5
     b68:	c9161e00 	ldmdbgt	r6, {r9, sl, fp, ip}
     b6c:	1f00000a 	svcne	0x0000000a
     b70:	000e5616 	andeq	r5, lr, r6, lsl r6
     b74:	7c162000 	ldcvc	0, cr2, [r6], {-0}
     b78:	21000006 	tstcs	r0, r6
     b7c:	00101616 	andseq	r1, r0, r6, lsl r6
     b80:	8d162200 	lfmhi	f2, 4, [r6, #-0]
     b84:	2300000b 	movwcs	r0, #11
     b88:	00054e16 	andeq	r4, r5, r6, lsl lr
     b8c:	db162400 	blle	589b94 <shift+0x589b94>
     b90:	25000011 	strcs	r0, [r0, #-17]	; 0xffffffef
     b94:	00043016 	andeq	r3, r4, r6, lsl r0
     b98:	8a162600 	bhi	58a3a0 <shift+0x58a3a0>
     b9c:	27000013 	smladcs	r0, r3, r0, r0
     ba0:	00160b16 	andseq	r0, r6, r6, lsl fp
     ba4:	19162800 	ldmdbne	r6, {fp, sp}
     ba8:	2900000f 	stmdbcs	r0, {r0, r1, r2, r3}
     bac:	00092516 	andeq	r2, r9, r6, lsl r5
     bb0:	ea162a00 	b	58b3b8 <shift+0x58b3b8>
     bb4:	2b000010 	blcs	bfc <shift+0xbfc>
     bb8:	000bd916 	andeq	sp, fp, r6, lsl r9
     bbc:	dd162c00 	ldcle	12, cr2, [r6, #-0]
     bc0:	2d000002 	stccs	0, cr0, [r0, #-8]
     bc4:	00025216 	andeq	r5, r2, r6, lsl r2
     bc8:	8e162e00 	cdphi	14, 1, cr2, cr6, cr0, {0}
     bcc:	2f000014 	svccs	0x00000014
     bd0:	000b7916 	andeq	r7, fp, r6, lsl r9
     bd4:	e5163000 	ldr	r3, [r6, #-0]
     bd8:	31000005 	tstcc	r0, r5
     bdc:	000b5816 	andeq	r5, fp, r6, lsl r8
     be0:	6b163200 	blvs	58d3e8 <shift+0x58d3e8>
     be4:	3300000e 	movwcc	r0, #14
     be8:	00024016 	andeq	r4, r2, r6, lsl r0
     bec:	e1163400 	tst	r6, r0, lsl #8
     bf0:	35000015 	strcc	r0, [r0, #-21]	; 0xffffffeb
     bf4:	000c1b16 	andeq	r1, ip, r6, lsl fp
     bf8:	a7163600 	ldrge	r3, [r6, -r0, lsl #12]
     bfc:	37000008 	strcc	r0, [r0, -r8]
     c00:	000c7316 	andeq	r7, ip, r6, lsl r3
     c04:	ec163800 	ldc	8, cr3, [r6], {-0}
     c08:	39000014 	stmdbcc	r0, {r2, r4}
     c0c:	0003c916 	andeq	ip, r3, r6, lsl r9
     c10:	c0163a00 	andsgt	r3, r6, r0, lsl #20
     c14:	3b000008 	blcc	c3c <shift+0xc3c>
     c18:	00087d16 	andeq	r7, r8, r6, lsl sp
     c1c:	0f163c00 	svceq	0x00163c00
     c20:	3d000000 	stccc	0, cr0, [r0, #-0]
     c24:	000bbc16 	andeq	fp, fp, r6, lsl ip
     c28:	b1163e00 	tstlt	r6, r0, lsl #28
     c2c:	3f000009 	svccc	0x00000009
     c30:	0002ae16 	andeq	sl, r2, r6, lsl lr
     c34:	a2164000 	andsge	r4, r6, #0
     c38:	41000014 	tstmi	r0, r4, lsl r0
     c3c:	000b1916 	andeq	r1, fp, r6, lsl r9
     c40:	45164200 	ldrmi	r4, [r6, #-512]	; 0xfffffe00
     c44:	43000013 	movwmi	r0, #19
     c48:	00006516 	andeq	r6, r0, r6, lsl r5
     c4c:	7f164400 	svcvc	0x00164400
     c50:	4500000a 	strmi	r0, [r0, #-10]
     c54:	000a6b16 	andeq	r6, sl, r6, lsl fp
     c58:	bd164600 	ldclt	6, cr4, [r6, #-0]
     c5c:	47000010 	smladmi	r0, r0, r0, r0
     c60:	00111e16 	andseq	r1, r1, r6, lsl lr
     c64:	6d164800 	ldcvs	8, cr4, [r6, #-0]
     c68:	49000014 	stmdbmi	r0, {r2, r4}
     c6c:	0006d416 	andeq	sp, r6, r6, lsl r4
     c70:	09164a00 	ldmdbeq	r6, {r9, fp, lr}
     c74:	4b00000e 	blmi	cb4 <shift+0xcb4>
     c78:	000f8816 	andeq	r8, pc, r6, lsl r8	; <UNPREDICTABLE>
     c7c:	6b164c00 	blvs	593c84 <shift+0x593c84>
     c80:	4d000010 	stcmi	0, cr0, [r0, #-64]	; 0xffffffc0
     c84:	000faa16 	andeq	sl, pc, r6, lsl sl	; <UNPREDICTABLE>
     c88:	be164e00 	cdplt	14, 1, cr4, cr6, cr0, {0}
     c8c:	4f00000f 	svcmi	0x0000000f
     c90:	00045016 	andeq	r5, r4, r6, lsl r0
     c94:	ac165000 	ldcge	0, cr5, [r6], {-0}
     c98:	51000003 	tstpl	r0, r3
     c9c:	0003dc16 	andeq	sp, r3, r6, lsl ip
     ca0:	4e165200 	cdpmi	2, 1, cr5, cr6, cr0, {0}
     ca4:	53000012 	movwpl	r0, #18
     ca8:	00041b16 	andeq	r1, r4, r6, lsl fp
     cac:	62165400 	andsvs	r5, r6, #0, 8
     cb0:	55000012 	strpl	r0, [r0, #-18]	; 0xffffffee
     cb4:	00127616 	andseq	r7, r2, r6, lsl r6
     cb8:	8a165600 	bhi	5964c0 <shift+0x5964c0>
     cbc:	57000012 	smladpl	r0, r2, r0, r0
     cc0:	000add16 	andeq	sp, sl, r6, lsl sp
     cc4:	a7165800 	ldrge	r5, [r6, -r0, lsl #16]
     cc8:	5900000a 	stmdbpl	r0, {r1, r3}
     ccc:	000a9316 	andeq	r9, sl, r6, lsl r3
     cd0:	97165a00 	ldrls	r5, [r6, -r0, lsl #20]
     cd4:	5b00000c 	blpl	d0c <shift+0xd0c>
     cd8:	000a1916 	andeq	r1, sl, r6, lsl r9
     cdc:	5f165c00 	svcpl	0x00165c00
     ce0:	5d000006 	stcpl	0, cr0, [r0, #-24]	; 0xffffffe8
     ce4:	00074416 	andeq	r4, r7, r6, lsl r4
     ce8:	c0165e00 	andsgt	r5, r6, r0, lsl #28
     cec:	5f00000c 	svcpl	0x0000000c
     cf0:	000af116 	andeq	pc, sl, r6, lsl r1	; <UNPREDICTABLE>
     cf4:	29166000 	ldmdbcs	r6, {sp, lr}
     cf8:	61000010 	tstvs	r0, r0, lsl r0
     cfc:	00158716 	andseq	r8, r5, r6, lsl r7
     d00:	f4166200 			; <UNDEFINED> instruction: 0xf4166200
     d04:	6300000d 	movwvs	r0, #13
     d08:	0006f916 	andeq	pc, r6, r6, lsl r9	; <UNPREDICTABLE>
     d0c:	12166400 	andsne	r6, r6, #0, 8
     d10:	65000001 	strvs	r0, [r0, #-1]
     d14:	0000b716 	andeq	fp, r0, r6, lsl r7
     d18:	f8166600 			; <UNDEFINED> instruction: 0xf8166600
     d1c:	6700000c 	strvs	r0, [r0, -ip]
     d20:	000ea216 	andeq	sl, lr, r6, lsl r2
     d24:	4d166800 	ldcmi	8, cr6, [r6, #-0]
     d28:	69000010 	stmdbvs	r0, {r4}
     d2c:	00003416 	andeq	r3, r0, r6, lsl r4
     d30:	74166a00 	ldrvc	r6, [r6], #-2560	; 0xfffff600
     d34:	6b000002 	blvs	d44 <shift+0xd44>
     d38:	000b2b16 	andeq	r2, fp, r6, lsl fp
     d3c:	0f006c00 	svceq	0x00006c00
     d40:	0000031c 	andeq	r0, r0, ip, lsl r3
     d44:	0401410e 	streq	r4, [r1], #-270	; 0xfffffef2
     d48:	0f000003 	svceq	0x00000003
     d4c:	0000077b 	andeq	r0, r0, fp, ror r7
     d50:	0401760e 	streq	r7, [r1], #-1550	; 0xfffff9f2
     d54:	0c000003 	stceq	0, cr0, [r0], {3}
     d58:	000000a6 	andeq	r0, r0, r6, lsr #1
     d5c:	0000083e 	andeq	r0, r0, lr, lsr r8
     d60:	bb100011 	bllt	400dac <shift+0x400dac>
     d64:	0f00000a 	svceq	0x0000000a
     d68:	0008332d 	andeq	r3, r8, sp, lsr #6
     d6c:	13611000 	cmnne	r1, #0
     d70:	350f0000 	strcc	r0, [pc, #-0]	; d78 <shift+0xd78>
     d74:	0000057b 	andeq	r0, r0, fp, ror r5
     d78:	00061f15 	andeq	r1, r6, r5, lsl pc
     d7c:	3e040700 	cdpcc	7, 0, cr0, cr4, cr0, {0}
     d80:	0f000000 	svceq	0x00000000
     d84:	0008c637 	andeq	ip, r8, r7, lsr r6
     d88:	00531600 	subseq	r1, r3, r0, lsl #12
     d8c:	16000000 	strne	r0, [r0], -r0
     d90:	000009aa 	andeq	r0, r0, sl, lsr #19
     d94:	14fe1601 	ldrbtne	r1, [lr], #1537	; 0x601
     d98:	16020000 	strne	r0, [r2], -r0
     d9c:	000014cc 	andeq	r1, r0, ip, asr #9
     da0:	0d681603 	stcleq	6, cr1, [r8, #-12]!
     da4:	16040000 	strne	r0, [r4], -r0
     da8:	00001198 	muleq	r0, r8, r1
     dac:	035d1605 	cmpeq	sp, #5242880	; 0x500000
     db0:	16060000 	strne	r0, [r6], -r0
     db4:	0000033f 	andeq	r0, r0, pc, lsr r3
     db8:	04e41607 	strbteq	r1, [r4], #1543	; 0x607
     dbc:	16080000 	strne	r0, [r8], -r0
     dc0:	00000bd2 	ldrdeq	r0, [r0], -r2
     dc4:	03641609 	cmneq	r4, #9437184	; 0x900000
     dc8:	160a0000 	strne	r0, [sl], -r0
     dcc:	000003f8 	strdeq	r0, [r0], -r8
     dd0:	03f1160b 	mvnseq	r1, #11534336	; 0xb00000
     dd4:	160c0000 	strne	r0, [ip], -r0
     dd8:	00000356 	andeq	r0, r0, r6, asr r3
     ddc:	11ef160d 	mvnne	r1, sp, lsl #12
     de0:	160e0000 	strne	r0, [lr], -r0
     de4:	00000ec7 	andeq	r0, r0, r7, asr #29
     de8:	7f04000f 	svcvc	0x0004000f
     dec:	0f000010 	svceq	0x00000010
     df0:	0008543c 	andeq	r5, r8, ip, lsr r4
     df4:	113f1000 	teqne	pc, r0
     df8:	3e0f0000 	cdpcc	0, 0, cr0, cr15, cr0, {0}
     dfc:	000008c6 	andeq	r0, r0, r6, asr #17
     e00:	00121210 	andseq	r1, r2, r0, lsl r2
     e04:	2c470f00 	mcrrcs	15, 0, r0, r7, cr0
     e08:	10000000 	andne	r0, r0, r0
     e0c:	0000030c 	andeq	r0, r0, ip, lsl #6
     e10:	002c480f 	eoreq	r4, ip, pc, lsl #16
     e14:	5e0e0000 	cdppl	0, 0, cr0, cr14, cr0, {0}
     e18:	10000011 	andne	r0, r0, r1, lsl r0
     e1c:	0000114e 	andeq	r1, r0, lr, asr #2
     e20:	0902490f 	stmdbeq	r2, {r0, r1, r2, r3, r8, fp, lr}
     e24:	04060000 	streq	r0, [r6], #-0
     e28:	000008f2 	strdeq	r0, [r0], -r2
     e2c:	09741017 	ldmdbeq	r4!, {r0, r1, r2, r4, ip}^
     e30:	4b0f0000 	blmi	3c0e38 <shift+0x3c0e38>
     e34:	00000914 	andeq	r0, r0, r4, lsl r9
     e38:	09080406 	stmdbeq	r8, {r1, r2, sl}
     e3c:	d5180000 	ldrle	r0, [r8, #-0]
     e40:	10000010 	andne	r0, r0, r0, lsl r0
     e44:	00000d55 	andeq	r0, r0, r5, asr sp
     e48:	092a4f0f 	stmdbeq	sl!, {r0, r1, r2, r3, r8, r9, sl, fp, lr}
     e4c:	04060000 	streq	r0, [r6], #-0
     e50:	0000091a 	andeq	r0, r0, sl, lsl r9
     e54:	0004b619 	andeq	fp, r4, r9, lsl r6
     e58:	4f0fb800 	svcmi	0x000fb800
     e5c:	00095801 	andeq	r5, r9, r1, lsl #16
     e60:	0ac40a00 	beq	ff103668 <__bss_end+0x778f8df4>
     e64:	510f0000 	mrspl	r0, CPSR
     e68:	0002c201 	andeq	ip, r2, r1, lsl #4
     e6c:	950a0000 	strls	r0, [sl, #-0]
     e70:	0f000004 	svceq	0x00000004
     e74:	095d0152 	ldmdbeq	sp, {r1, r4, r6, r8}^
     e78:	00040000 	andeq	r0, r4, r0
     e7c:	00093007 	andeq	r3, r9, r7
     e80:	04550c00 	ldrbeq	r0, [r5], #-3072	; 0xfffff400
     e84:	096d0000 	stmdbeq	sp!, {}^	; <UNPREDICTABLE>
     e88:	3e0d0000 	cdpcc	0, 0, cr0, cr13, cr0, {0}
     e8c:	2c000000 	stccs	0, cr0, [r0], {-0}
     e90:	09580c00 	ldmdbeq	r8, {sl, fp}^
     e94:	09780000 	ldmdbeq	r8!, {}^	; <UNPREDICTABLE>
     e98:	00110000 	andseq	r0, r1, r0
     e9c:	00096d07 	andeq	r6, r9, r7, lsl #26
     ea0:	08930f00 	ldmeq	r3, {r8, r9, sl, fp}
     ea4:	530f0000 	movwpl	r0, #61440	; 0xf000
     ea8:	00097801 	andeq	r7, r9, r1, lsl #16
     eac:	0c560f00 	mrrceq	15, 0, r0, r6, cr0
     eb0:	560f0000 	strpl	r0, [pc], -r0
     eb4:	00002c01 	andeq	r2, r0, r1, lsl #24
     eb8:	10ff1a00 	rscsne	r1, pc, r0, lsl #20
     ebc:	04070000 	streq	r0, [r7], #-0
     ec0:	0000003e 	andeq	r0, r0, lr, lsr r0
     ec4:	4401690f 	strmi	r6, [r1], #-2319	; 0xfffff6f1
     ec8:	1600000a 	strne	r0, [r0], -sl
     ecc:	00000d49 	andeq	r0, r0, r9, asr #26
     ed0:	01521600 	cmpeq	r2, r0, lsl #12
     ed4:	16020000 	strne	r0, [r2], -r0
     ed8:	0000015e 	andeq	r0, r0, lr, asr r1
     edc:	05861603 	streq	r1, [r6, #1539]	; 0x603
     ee0:	16030000 	strne	r0, [r3], -r0
     ee4:	00000d85 	andeq	r0, r0, r5, lsl #27
     ee8:	08d51604 	ldmeq	r5, {r2, r9, sl, ip}^
     eec:	16040000 	strne	r0, [r4], -r0
     ef0:	0000017c 	andeq	r0, r0, ip, ror r1
     ef4:	09c71605 	stmibeq	r7, {r0, r2, r9, sl, ip}^
     ef8:	16050000 	strne	r0, [r5], -r0
     efc:	00000e95 	muleq	r0, r5, lr
     f00:	090c1605 	stmdbeq	ip, {r0, r2, r9, sl, ip}
     f04:	16050000 	strne	r0, [r5], -r0
     f08:	000002ee 	andeq	r0, r0, lr, ror #5
     f0c:	0d9e1605 	ldceq	6, cr1, [lr, #20]
     f10:	16060000 	strne	r0, [r6], -r0
     f14:	00000b6c 	andeq	r0, r0, ip, ror #22
     f18:	04871606 	streq	r1, [r7], #1542	; 0x606
     f1c:	16060000 	strne	r0, [r6], -r0
     f20:	00000f0c 	andeq	r0, r0, ip, lsl #30
     f24:	0dca1606 	stcleq	6, cr1, [sl, #24]
     f28:	16060000 	strne	r0, [r6], -r0
     f2c:	00000ba0 	andeq	r0, r0, r0, lsr #23
     f30:	0bfc1606 	bleq	fff06750 <__bss_end+0x786fbedc>
     f34:	16060000 	strne	r0, [r6], -r0
     f38:	00000234 	andeq	r0, r0, r4, lsr r2
     f3c:	0d2c1607 	stceq	6, cr1, [ip, #-28]!	; 0xffffffe4
     f40:	16070000 	strne	r0, [r7], -r0
     f44:	00000d91 	muleq	r0, r1, sp
     f48:	12051607 	andne	r1, r5, #7340032	; 0x700000
     f4c:	16070000 	strne	r0, [r7], -r0
     f50:	00000442 	andeq	r0, r0, r2, asr #8
     f54:	0e491607 	cdpeq	6, 4, cr1, cr9, cr7, {0}
     f58:	16080000 	strne	r0, [r8], -r0
     f5c:	000000ee 	andeq	r0, r0, lr, ror #1
     f60:	11c91608 	bicne	r1, r9, r8, lsl #12
     f64:	00080000 	andeq	r0, r8, r0
     f68:	00151b0f 	andseq	r1, r5, pc, lsl #22
     f6c:	01880f00 	orreq	r0, r8, r0, lsl #30
     f70:	00000995 	muleq	r0, r5, r9
     f74:	00089c0f 	andeq	r9, r8, pc, lsl #24
     f78:	018b0f00 	orreq	r0, fp, r0, lsl #30
     f7c:	0000002c 	andeq	r0, r0, ip, lsr #32
     f80:	000ece0f 	andeq	ip, lr, pc, lsl #28
     f84:	018e0f00 	orreq	r0, lr, r0, lsl #30
     f88:	0000002c 	andeq	r0, r0, ip, lsr #32
     f8c:	000a0e0f 	andeq	r0, sl, pc, lsl #28
     f90:	01910f00 	orrseq	r0, r1, r0, lsl #30
     f94:	0000002c 	andeq	r0, r0, ip, lsr #32
     f98:	000ed80f 	andeq	sp, lr, pc, lsl #16
     f9c:	01940f00 	orrseq	r0, r4, r0, lsl #30
     fa0:	0000002c 	andeq	r0, r0, ip, lsr #32
     fa4:	000b4d0f 	andeq	r4, fp, pc, lsl #26
     fa8:	01970f00 	orrseq	r0, r7, r0, lsl #30
     fac:	0000002c 	andeq	r0, r0, ip, lsr #32
     fb0:	000ee20f 	andeq	lr, lr, pc, lsl #4
     fb4:	019a0f00 	orrseq	r0, sl, r0, lsl #30
     fb8:	0000002c 	andeq	r0, r0, ip, lsr #32
     fbc:	000d6f0f 	andeq	r6, sp, pc, lsl #30
     fc0:	019d0f00 	orrseq	r0, sp, r0, lsl #30
     fc4:	0000002c 	andeq	r0, r0, ip, lsr #32
     fc8:	000d7a0f 	andeq	r7, sp, pc, lsl #20
     fcc:	01a00f00 	lsleq	r0, r0, #30
     fd0:	0000002c 	andeq	r0, r0, ip, lsr #32
     fd4:	000eec0f 	andeq	lr, lr, pc, lsl #24
     fd8:	01a30f00 			; <UNDEFINED> instruction: 0x01a30f00
     fdc:	0000002c 	andeq	r0, r0, ip, lsr #32
     fe0:	000b3f0f 	andeq	r3, fp, pc, lsl #30
     fe4:	01a60f00 			; <UNDEFINED> instruction: 0x01a60f00
     fe8:	0000002c 	andeq	r0, r0, ip, lsr #32
     fec:	00157b0f 	andseq	r7, r5, pc, lsl #22
     ff0:	01a90f00 			; <UNDEFINED> instruction: 0x01a90f00
     ff4:	0000002c 	andeq	r0, r0, ip, lsr #32
     ff8:	000ef60f 	andeq	pc, lr, pc, lsl #12
     ffc:	01ac0f00 			; <UNDEFINED> instruction: 0x01ac0f00
    1000:	0000002c 	andeq	r0, r0, ip, lsr #32
    1004:	00167c0f 	andseq	r7, r6, pc, lsl #24
    1008:	01af0f00 			; <UNDEFINED> instruction: 0x01af0f00
    100c:	0000002c 	andeq	r0, r0, ip, lsr #32
    1010:	0014d30f 	andseq	sp, r4, pc, lsl #6
    1014:	01b20f00 			; <UNDEFINED> instruction: 0x01b20f00
    1018:	0000002c 	andeq	r0, r0, ip, lsr #32
    101c:	0015050f 	andseq	r0, r5, pc, lsl #10
    1020:	01b60f00 			; <UNDEFINED> instruction: 0x01b60f00
    1024:	0000002c 	andeq	r0, r0, ip, lsr #32
    1028:	0014df0f 	andseq	sp, r4, pc, lsl #30
    102c:	01b90f00 			; <UNDEFINED> instruction: 0x01b90f00
    1030:	0000002c 	andeq	r0, r0, ip, lsr #32
    1034:	00036b0f 	andeq	r6, r3, pc, lsl #22
    1038:	01bc0f00 			; <UNDEFINED> instruction: 0x01bc0f00
    103c:	0000002c 	andeq	r0, r0, ip, lsr #32
    1040:	0000240f 	andeq	r2, r0, pc, lsl #8
    1044:	01bf0f00 			; <UNDEFINED> instruction: 0x01bf0f00
    1048:	0000002c 	andeq	r0, r0, ip, lsr #32
    104c:	0006a70f 	andeq	sl, r6, pc, lsl #14
    1050:	01c20f00 	biceq	r0, r2, r0, lsl #30
    1054:	0000002c 	andeq	r0, r0, ip, lsr #32
    1058:	0003460f 	andeq	r4, r3, pc, lsl #12
    105c:	01c50f00 	biceq	r0, r5, r0, lsl #30
    1060:	0000002c 	andeq	r0, r0, ip, lsr #32
    1064:	000f2c0f 	andeq	r2, pc, pc, lsl #24
    1068:	01c80f00 	biceq	r0, r8, r0, lsl #30
    106c:	0000002c 	andeq	r0, r0, ip, lsr #32
    1070:	000a360f 	andeq	r3, sl, pc, lsl #12
    1074:	01cb0f00 	biceq	r0, fp, r0, lsl #30
    1078:	0000002c 	andeq	r0, r0, ip, lsr #32
    107c:	000cd50f 	andeq	sp, ip, pc, lsl #10
    1080:	01ce0f00 	biceq	r0, lr, r0, lsl #30
    1084:	0000002c 	andeq	r0, r0, ip, lsr #32
    1088:	00136a0f 	andseq	r6, r3, pc, lsl #20
    108c:	01d50f00 	bicseq	r0, r5, r0, lsl #30
    1090:	0000002c 	andeq	r0, r0, ip, lsr #32
    1094:	0015c10f 	andseq	ip, r5, pc, lsl #2
    1098:	01d80f00 	bicseq	r0, r8, r0, lsl #30
    109c:	0000002c 	andeq	r0, r0, ip, lsr #32
    10a0:	0015d10f 	andseq	sp, r5, pc, lsl #2
    10a4:	01db0f00 	bicseq	r0, fp, r0, lsl #30
    10a8:	0000002c 	andeq	r0, r0, ip, lsr #32
    10ac:	00049e0f 	andeq	r9, r4, pc, lsl #28
    10b0:	01de0f00 	bicseq	r0, lr, r0, lsl #30
    10b4:	0000002c 	andeq	r0, r0, ip, lsr #32
    10b8:	0014180f 	andseq	r1, r4, pc, lsl #16
    10bc:	01e10f00 	mvneq	r0, r0, lsl #30
    10c0:	0000002c 	andeq	r0, r0, ip, lsr #32
    10c4:	000e310f 	andeq	r3, lr, pc, lsl #2
    10c8:	01e40f00 	mvneq	r0, r0, lsl #30
    10cc:	0000002c 	andeq	r0, r0, ip, lsr #32
    10d0:	00072d0f 	andeq	r2, r7, pc, lsl #26
    10d4:	01e80f00 	mvneq	r0, r0, lsl #30
    10d8:	0000002c 	andeq	r0, r0, ip, lsr #32
    10dc:	0011110f 	andseq	r1, r1, pc, lsl #2
    10e0:	01f00f00 	mvnseq	r0, r0, lsl #30
    10e4:	0000002c 	andeq	r0, r0, ip, lsr #32
    10e8:	0005c50f 	andeq	ip, r5, pc, lsl #10
    10ec:	01f30f00 	mvnseq	r0, r0, lsl #30
    10f0:	0000002c 	andeq	r0, r0, ip, lsr #32
    10f4:	00002c0c 	andeq	r2, r0, ip, lsl #24
    10f8:	000bdb00 	andeq	sp, fp, r0, lsl #22
    10fc:	0f001100 	svceq	0x00001100
    1100:	000008f7 	strdeq	r0, [r0], -r7
    1104:	d003fe0f 	andle	pc, r3, pc, lsl #28
    1108:	0c00000b 	stceq	0, cr0, [r0], {11}
    110c:	00000902 	andeq	r0, r0, r2, lsl #18
    1110:	00000bf7 	strdeq	r0, [r0], -r7
    1114:	00003e0d 	andeq	r3, r0, sp, lsl #28
    1118:	0f000d00 	svceq	0x00000d00
    111c:	00000f61 	andeq	r0, r0, r1, ror #30
    1120:	e7059e0f 	str	r9, [r5, -pc, lsl #28]
    1124:	1a00000b 	bne	1158 <shift+0x1158>
    1128:	00000a00 	andeq	r0, r0, r0, lsl #20
    112c:	003e0407 	eorseq	r0, lr, r7, lsl #8
    1130:	a50f0000 	strge	r0, [pc, #-0]	; 1138 <shift+0x1138>
    1134:	000c4005 	andeq	r4, ip, r5
    1138:	062d1600 	strteq	r1, [sp], -r0, lsl #12
    113c:	16000000 	strne	r0, [r0], -r0
    1140:	00000c09 	andeq	r0, r0, r9, lsl #24
    1144:	01241601 			; <UNDEFINED> instruction: 0x01241601
    1148:	16020000 	strne	r0, [r2], -r0
    114c:	0000064b 	andeq	r0, r0, fp, asr #12
    1150:	0fec1603 	svceq	0x00ec1603
    1154:	16040000 	strne	r0, [r4], -r0
    1158:	00000fdf 	ldrdeq	r0, [r0], -pc	; <UNPREDICTABLE>
    115c:	02c51605 	sbceq	r1, r5, #5242880	; 0x500000
    1160:	00060000 	andeq	r0, r6, r0
    1164:	00159c0f 	andseq	r9, r5, pc, lsl #24
    1168:	05b20f00 	ldreq	r0, [r2, #3840]!	; 0xf00
    116c:	00000c03 	andeq	r0, r0, r3, lsl #24
    1170:	00145c0f 	andseq	r5, r4, pc, lsl #24
    1174:	07ba0f00 	ldreq	r0, [sl, r0, lsl #30]!
    1178:	0000003e 	andeq	r0, r0, lr, lsr r0
    117c:	00070d0f 	andeq	r0, r7, pc, lsl #26
    1180:	07cf0f00 	strbeq	r0, [pc, r0, lsl #30]
    1184:	0000002c 	andeq	r0, r0, ip, lsr #32
    1188:	0003c104 	andeq	ip, r3, r4, lsl #2
    118c:	557b1000 	ldrbpl	r1, [fp, #-0]!
    1190:	07000000 	streq	r0, [r0, -r0]
    1194:	00000c64 	andeq	r0, r0, r4, ror #24
    1198:	00029504 	andeq	r9, r2, r4, lsl #10
    119c:	3e811000 	cdpcc	0, 8, cr1, cr1, cr0, {0}
    11a0:	04000000 	streq	r0, [r0], #-0
    11a4:	000000af 	andeq	r0, r0, pc, lsr #1
    11a8:	00258510 	eoreq	r8, r5, r0, lsl r5
    11ac:	04020000 	streq	r0, [r2], #-0
    11b0:	00039904 	andeq	r9, r3, r4, lsl #18
    11b4:	03080200 	movweq	r0, #33280	; 0x8200
    11b8:	00000391 	muleq	r0, r1, r3
    11bc:	05040802 	streq	r0, [r4, #-2050]	; 0xfffff7fe
    11c0:	0200000f 	andeq	r0, r0, #15
    11c4:	103e0310 	eorsne	r0, lr, r0, lsl r3
    11c8:	6f0c0000 	svcvs	0x000c0000
    11cc:	b600000c 	strlt	r0, [r0], -ip
    11d0:	0d00000c 	stceq	0, cr0, [r0, #-48]	; 0xffffffd0
    11d4:	0000003e 	andeq	r0, r0, lr, lsr r0
    11d8:	a60700ff 			; <UNDEFINED> instruction: 0xa60700ff
    11dc:	0f00000c 	svceq	0x0000000c
    11e0:	00000daa 	andeq	r0, r0, sl, lsr #27
    11e4:	b601fc10 			; <UNDEFINED> instruction: 0xb601fc10
    11e8:	0f00000c 	svceq	0x0000000c
    11ec:	00000335 	andeq	r0, r0, r5, lsr r3
    11f0:	b6020210 			; <UNDEFINED> instruction: 0xb6020210
    11f4:	1b00000c 	blne	122c <shift+0x122c>
    11f8:	000000e1 	andeq	r0, r0, r1, ror #1
    11fc:	7f03b301 	svcvc	0x0003b301
    1200:	9400000c 	strls	r0, [r0], #-12
    1204:	1687804d 	strne	r8, [r7], sp, asr #32
    1208:	01000001 	tsteq	r0, r1
    120c:	000d7f9c 	muleq	sp, ip, pc	; <UNPREDICTABLE>
    1210:	006e1c00 	rsbeq	r1, lr, r0, lsl #24
    1214:	7f03b301 	svcvc	0x0003b301
    1218:	0000000c 	andeq	r0, r0, ip
    121c:	1c000000 	stcne	0, cr0, [r0], {-0}
    1220:	b3010064 	movwlt	r0, #4196	; 0x1064
    1224:	000c7f03 	andeq	r7, ip, r3, lsl #30
    1228:	00002800 	andeq	r2, r0, r0, lsl #16
    122c:	70721c00 	rsbsvc	r1, r2, r0, lsl #24
    1230:	03b30100 			; <UNDEFINED> instruction: 0x03b30100
    1234:	00000d7f 	andeq	r0, r0, pc, ror sp
    1238:	00000060 	andeq	r0, r0, r0, rrx
    123c:	0100711d 	tsteq	r0, sp, lsl r1
    1240:	0c7f03b5 	ldcleq	3, cr0, [pc], #-724	; f74 <shift+0xf74>
    1244:	00800000 	addeq	r0, r0, r0
    1248:	721d0000 	andsvc	r0, sp, #0
    124c:	03b50100 			; <UNDEFINED> instruction: 0x03b50100
    1250:	00000c7f 	andeq	r0, r0, pc, ror ip
    1254:	000000e0 	andeq	r0, r0, r0, ror #1
    1258:	0100791d 	tsteq	r0, sp, lsl r9
    125c:	0c7f03b5 	ldcleq	3, cr0, [pc], #-724	; f90 <shift+0xf90>
    1260:	01380000 	teqeq	r8, r0
    1264:	6c1d0000 	ldcvs	0, cr0, [sp], {-0}
    1268:	0100317a 	tsteq	r0, sl, ror r1
    126c:	0c7403b6 	ldcleq	3, cr0, [r4], #-728	; 0xfffffd28
    1270:	01500000 	cmpeq	r0, r0
    1274:	6c1d0000 	ldcvs	0, cr0, [sp], {-0}
    1278:	0100327a 	tsteq	r0, sl, ror r2
    127c:	0c7403b6 	ldcleq	3, cr0, [r4], #-728	; 0xfffffd28
    1280:	01630000 	cmneq	r3, r0
    1284:	691d0000 	ldmdbvs	sp, {}	; <UNPREDICTABLE>
    1288:	03b60100 			; <UNDEFINED> instruction: 0x03b60100
    128c:	00000c74 	andeq	r0, r0, r4, ror ip
    1290:	00000176 	andeq	r0, r0, r6, ror r1
    1294:	01006b1d 	tsteq	r0, sp, lsl fp
    1298:	0c7403b6 	ldcleq	3, cr0, [r4], #-728	; 0xfffffd28
    129c:	01c40000 	biceq	r0, r4, r0
    12a0:	06000000 	streq	r0, [r0], -r0
    12a4:	000c7f04 	andeq	r7, ip, r4, lsl #30
	...

Disassembly of section .debug_abbrev:

00000000 <.debug_abbrev>:
   0:	10001101 	andne	r1, r0, r1, lsl #2
   4:	12011106 	andne	r1, r1, #-2147483647	; 0x80000001
   8:	1b080301 	blne	200c14 <shift+0x200c14>
   c:	13082508 	movwne	r2, #34056	; 0x8508
  10:	00000005 	andeq	r0, r0, r5
  14:	10001101 	andne	r1, r0, r1, lsl #2
  18:	12011106 	andne	r1, r1, #-2147483647	; 0x80000001
  1c:	1b080301 	blne	200c28 <shift+0x200c28>
  20:	13082508 	movwne	r2, #34056	; 0x8508
  24:	00000005 	andeq	r0, r0, r5
  28:	10001101 	andne	r1, r0, r1, lsl #2
  2c:	12011106 	andne	r1, r1, #-2147483647	; 0x80000001
  30:	1b080301 	blne	200c3c <shift+0x200c3c>
  34:	13082508 	movwne	r2, #34056	; 0x8508
  38:	00000005 	andeq	r0, r0, r5
  3c:	10001101 	andne	r1, r0, r1, lsl #2
  40:	12011106 	andne	r1, r1, #-2147483647	; 0x80000001
  44:	1b080301 	blne	200c50 <shift+0x200c50>
  48:	13082508 	movwne	r2, #34056	; 0x8508
  4c:	00000005 	andeq	r0, r0, r5
  50:	25011101 	strcs	r1, [r1, #-257]	; 0xfffffeff
  54:	030b130e 	movweq	r1, #45838	; 0xb30e
  58:	110e1b0e 	tstne	lr, lr, lsl #22
  5c:	10061201 	andne	r1, r6, r1, lsl #4
  60:	02000017 	andeq	r0, r0, #23
  64:	0b0b0024 	bleq	2c00fc <shift+0x2c00fc>
  68:	0e030b3e 	vmoveq.16	d3[0], r0
  6c:	24030000 	strcs	r0, [r3], #-0
  70:	3e0b0b00 	vmlacc.f64	d0, d11, d0
  74:	0008030b 	andeq	r0, r8, fp, lsl #6
  78:	00160400 	andseq	r0, r6, r0, lsl #8
  7c:	0b3a0e03 	bleq	e83890 <shift+0xe83890>
  80:	13490b3b 	movtne	r0, #39739	; 0x9b3b
  84:	0f050000 	svceq	0x00050000
  88:	000b0b00 	andeq	r0, fp, r0, lsl #22
  8c:	000f0600 	andeq	r0, pc, r0, lsl #12
  90:	13490b0b 	movtne	r0, #39691	; 0x9b0b
  94:	26070000 	strcs	r0, [r7], -r0
  98:	00134900 	andseq	r4, r3, r0, lsl #18
  9c:	01130800 	tsteq	r3, r0, lsl #16
  a0:	0b0b0e03 	bleq	2c38b4 <shift+0x2c38b4>
  a4:	0b3b0b3a 	bleq	ec2d94 <shift+0xec2d94>
  a8:	00001301 	andeq	r1, r0, r1, lsl #6
  ac:	03000d09 	movweq	r0, #3337	; 0xd09
  b0:	3b0b3a0e 	blcc	2ce8f0 <shift+0x2ce8f0>
  b4:	3813490b 	ldmdacc	r3, {r0, r1, r3, r8, fp, lr}
  b8:	0a00000b 	beq	ec <shift+0xec>
  bc:	0e03000d 	cdpeq	0, 0, cr0, cr3, cr13, {0}
  c0:	053b0b3a 	ldreq	r0, [fp, #-2874]!	; 0xfffff4c6
  c4:	0b381349 	bleq	e04df0 <shift+0xe04df0>
  c8:	160b0000 	strne	r0, [fp], -r0
  cc:	3a0e0300 	bcc	380cd4 <shift+0x380cd4>
  d0:	000b3b0b 	andeq	r3, fp, fp, lsl #22
  d4:	01010c00 	tsteq	r1, r0, lsl #24
  d8:	13011349 	movwne	r1, #4937	; 0x1349
  dc:	210d0000 	mrscs	r0, (UNDEF: 13)
  e0:	2f134900 	svccs	0x00134900
  e4:	0e00000b 	cdpeq	0, 0, cr0, cr0, cr11, {0}
  e8:	0e030013 	mcreq	0, 0, r0, cr3, cr3, {0}
  ec:	0000193c 	andeq	r1, r0, ip, lsr r9
  f0:	0300340f 	movweq	r3, #1039	; 0x40f
  f4:	3b0b3a0e 	blcc	2ce934 <shift+0x2ce934>
  f8:	3f134905 	svccc	0x00134905
  fc:	00193c19 	andseq	r3, r9, r9, lsl ip
 100:	00341000 	eorseq	r1, r4, r0
 104:	0b3a0e03 	bleq	e83918 <shift+0xe83918>
 108:	13490b3b 	movtne	r0, #39739	; 0x9b3b
 10c:	193c193f 	ldmdbne	ip!, {r0, r1, r2, r3, r4, r5, r8, fp, ip}
 110:	21110000 	tstcs	r1, r0
 114:	12000000 	andne	r0, r0, #0
 118:	19270115 	stmdbne	r7!, {r0, r2, r4, r8}
 11c:	13011349 	movwne	r1, #4937	; 0x1349
 120:	05130000 	ldreq	r0, [r3, #-0]
 124:	00134900 	andseq	r4, r3, r0, lsl #18
 128:	00261400 	eoreq	r1, r6, r0, lsl #8
 12c:	04150000 	ldreq	r0, [r5], #-0
 130:	3e0e0301 	cdpcc	3, 0, cr0, cr14, cr1, {0}
 134:	490b0b0b 	stmdbmi	fp, {r0, r1, r3, r8, r9, fp}
 138:	3b0b3a13 	blcc	2ce98c <shift+0x2ce98c>
 13c:	0013010b 	andseq	r0, r3, fp, lsl #2
 140:	00281600 	eoreq	r1, r8, r0, lsl #12
 144:	0b1c0e03 	bleq	703958 <shift+0x703958>
 148:	15170000 	ldrne	r0, [r7, #-0]
 14c:	00192700 	andseq	r2, r9, r0, lsl #14
 150:	00171800 	andseq	r1, r7, r0, lsl #16
 154:	193c0e03 	ldmdbne	ip!, {r0, r1, r9, sl, fp}
 158:	13190000 	tstne	r9, #0
 15c:	0b0e0301 	bleq	380d68 <shift+0x380d68>
 160:	3b0b3a0b 	blcc	2ce994 <shift+0x2ce994>
 164:	00130105 	andseq	r0, r3, r5, lsl #2
 168:	01041a00 	tsteq	r4, r0, lsl #20
 16c:	0b3e0e03 	bleq	f83980 <shift+0xf83980>
 170:	13490b0b 	movtne	r0, #39691	; 0x9b0b
 174:	053b0b3a 	ldreq	r0, [fp, #-2874]!	; 0xfffff4c6
 178:	00001301 	andeq	r1, r0, r1, lsl #6
 17c:	3f012e1b 	svccc	0x00012e1b
 180:	3a0e0319 	bcc	380dec <shift+0x380dec>
 184:	27053b0b 	strcs	r3, [r5, -fp, lsl #22]
 188:	11134919 	tstne	r3, r9, lsl r9
 18c:	40061201 	andmi	r1, r6, r1, lsl #4
 190:	19429718 	stmdbne	r2, {r3, r4, r8, r9, sl, ip, pc}^
 194:	00001301 	andeq	r1, r0, r1, lsl #6
 198:	0300051c 	movweq	r0, #1308	; 0x51c
 19c:	3b0b3a08 	blcc	2ce9c4 <shift+0x2ce9c4>
 1a0:	02134905 	andseq	r4, r3, #81920	; 0x14000
 1a4:	1d000017 	stcne	0, cr0, [r0, #-92]	; 0xffffffa4
 1a8:	08030034 	stmdaeq	r3, {r2, r4, r5}
 1ac:	053b0b3a 	ldreq	r0, [fp, #-2874]!	; 0xfffff4c6
 1b0:	17021349 	strne	r1, [r2, -r9, asr #6]
 1b4:	地址 0x00000000000001b4 越界。


Disassembly of section .debug_aranges:

00000000 <.debug_aranges>:
   0:	0000001c 	andeq	r0, r0, ip, lsl r0
   4:	00000002 	andeq	r0, r0, r2
   8:	00040000 	andeq	r0, r4, r0
   c:	00000000 	andeq	r0, r0, r0
  10:	87804a40 	strhi	r4, [r0, r0, asr #20]
  14:	00000276 	andeq	r0, r0, r6, ror r2
	...
  20:	0000001c 	andeq	r0, r0, ip, lsl r0
  24:	014b0002 	cmpeq	fp, r2
  28:	00040000 	andeq	r0, r4, r0
  2c:	00000000 	andeq	r0, r0, r0
  30:	87804cb8 			; <UNDEFINED> instruction: 0x87804cb8
  34:	000000a0 	andeq	r0, r0, r0, lsr #1
	...
  40:	0000001c 	andeq	r0, r0, ip, lsl r0
  44:	02920002 	addseq	r0, r2, #2
  48:	00040000 	andeq	r0, r4, r0
  4c:	00000000 	andeq	r0, r0, r0
  50:	87804d58 			; <UNDEFINED> instruction: 0x87804d58
  54:	00000030 	andeq	r0, r0, r0, lsr r0
	...
  60:	0000001c 	andeq	r0, r0, ip, lsl r0
  64:	03d90002 	bicseq	r0, r9, #2
  68:	00040000 	andeq	r0, r4, r0
  6c:	00000000 	andeq	r0, r0, r0
  70:	87804d88 	strhi	r4, [r0, r8, lsl #27]
  74:	0000000c 	andeq	r0, r0, ip
	...
  80:	0000001c 	andeq	r0, r0, ip, lsl r0
  84:	05240002 	streq	r0, [r4, #-2]!
  88:	00040000 	andeq	r0, r4, r0
  8c:	00000000 	andeq	r0, r0, r0
  90:	87804d94 			; <UNDEFINED> instruction: 0x87804d94
  94:	00000116 	andeq	r0, r0, r6, lsl r1
	...

Disassembly of section .debug_loc:

00000000 <.debug_loc>:
   0:	00000000 	andeq	r0, r0, r0
   4:	00000010 	andeq	r0, r0, r0, lsl r0
   8:	93500006 	cmpls	r0, #6
   c:	04935104 	ldreq	r5, [r3], #260	; 0x104
  10:	00000010 	andeq	r0, r0, r0, lsl r0
  14:	00000116 	andeq	r0, r0, r6, lsl r1
  18:	03f30006 	mvnseq	r0, #6
  1c:	9f2500f5 	svcls	0x002500f5
	...
  2c:	00000082 	andeq	r0, r0, r2, lsl #1
  30:	93520006 	cmpls	r2, #6
  34:	04935304 	ldreq	r5, [r3], #772	; 0x304
  38:	00000082 	andeq	r0, r0, r2, lsl #1
  3c:	000000fc 	strdeq	r0, [r0], -ip
  40:	03f30006 	mvnseq	r0, #6
  44:	9f2502f5 	svcls	0x002502f5
  48:	000000fc 	strdeq	r0, [r0], -ip
  4c:	00000116 	andeq	r0, r0, r6, lsl r1
  50:	93520006 	cmpls	r2, #6
  54:	04935304 	ldreq	r5, [r3], #772	; 0x304
	...
  64:	000000fc 	strdeq	r0, [r0], -ip
  68:	00910002 	addseq	r0, r1, r2
  6c:	000000fc 	strdeq	r0, [r0], -ip
  70:	00000116 	andeq	r0, r0, r6, lsl r1
  74:	00910002 	addseq	r0, r1, r2
	...
  84:	00000074 	andeq	r0, r0, r4, ror r0
  88:	089e000a 	ldmeq	lr, {r1, r3}
	...
  94:	00000074 	andeq	r0, r0, r4, ror r0
  98:	000000bc 	strheq	r0, [r0], -ip
  9c:	93500006 	cmpls	r0, #6
  a0:	04935104 	ldreq	r5, [r3], #260	; 0x104
  a4:	000000c8 	andeq	r0, r0, r8, asr #1
  a8:	000000e6 	andeq	r0, r0, r6, ror #1
  ac:	93500006 	cmpls	r0, #6
  b0:	04935104 	ldreq	r5, [r3], #260	; 0x104
  b4:	000000ee 	andeq	r0, r0, lr, ror #1
  b8:	000000fc 	strdeq	r0, [r0], -ip
  bc:	93500006 	cmpls	r0, #6
  c0:	04935104 	ldreq	r5, [r3], #260	; 0x104
  c4:	000000fc 	strdeq	r0, [r0], -ip
  c8:	00000116 	andeq	r0, r0, r6, lsl r1
  cc:	089e000a 	ldmeq	lr, {r1, r3}
	...
  e0:	00000012 	andeq	r0, r0, r2, lsl r0
  e4:	00000062 	andeq	r0, r0, r2, rrx
  e8:	93540006 	cmpls	r4, #6
  ec:	04935504 	ldreq	r5, [r3], #1284	; 0x504
  f0:	00000072 	andeq	r0, r0, r2, ror r0
  f4:	00000092 	muleq	r0, r2, r0
  f8:	93540006 	cmpls	r4, #6
  fc:	04935504 	ldreq	r5, [r3], #1284	; 0x504
 100:	00000096 	muleq	r0, r6, r0
 104:	000000a4 	andeq	r0, r0, r4, lsr #1
 108:	93540006 	cmpls	r4, #6
 10c:	04935504 	ldreq	r5, [r3], #1284	; 0x504
 110:	000000a6 	andeq	r0, r0, r6, lsr #1
 114:	000000c4 	andeq	r0, r0, r4, asr #1
 118:	93540006 	cmpls	r4, #6
 11c:	04935504 	ldreq	r5, [r3], #1284	; 0x504
 120:	000000ca 	andeq	r0, r0, sl, asr #1
 124:	00000116 	andeq	r0, r0, r6, lsl r1
 128:	93540006 	cmpls	r4, #6
 12c:	04935504 	ldreq	r5, [r3], #1284	; 0x504
	...
 138:	00000050 	andeq	r0, r0, r0, asr r0
 13c:	000000d6 	ldrdeq	r0, [r0], -r6
 140:	93560006 	cmpls	r6, #6
 144:	04935704 	ldreq	r5, [r3], #1796	; 0x704
	...
 150:	00000110 	andeq	r0, r0, r0, lsl r1
 154:	00000116 	andeq	r0, r0, r6, lsl r1
 158:	005c0001 	subseq	r0, ip, r1
 15c:	00000000 	andeq	r0, r0, r0
 160:	30000000 	andcc	r0, r0, r0
 164:	40000000 	andmi	r0, r0, r0
 168:	01000000 	mrseq	r0, (UNDEF: 0)
 16c:	00005100 	andeq	r5, r0, r0, lsl #2
 170:	00000000 	andeq	r0, r0, r0
 174:	00800000 	addeq	r0, r0, r0
 178:	00840000 	addeq	r0, r4, r0
 17c:	00010000 	andeq	r0, r1, r0
 180:	0000845c 	andeq	r8, r0, ip, asr r4
 184:	00009600 	andeq	r9, r0, r0, lsl #12
 188:	52000100 	andpl	r0, r0, #0, 2
 18c:	00000096 	muleq	r0, r6, r0
 190:	00000098 	muleq	r0, r8, r0
 194:	7f720003 	svcvc	0x00720003
 198:	0000989f 	muleq	r0, pc, r8	; <UNPREDICTABLE>
 19c:	0000a600 	andeq	sl, r0, r0, lsl #12
 1a0:	52000100 	andpl	r0, r0, #0, 2
 1a4:	000000a6 	andeq	r0, r0, r6, lsr #1
 1a8:	000000a8 	andeq	r0, r0, r8, lsr #1
 1ac:	7f720003 	svcvc	0x00720003
 1b0:	0000a89f 	muleq	r0, pc, r8	; <UNPREDICTABLE>
 1b4:	0000b600 	andeq	fp, r0, r0, lsl #12
 1b8:	52000100 	andpl	r0, r0, #0, 2
	...
 1c4:	00000034 	andeq	r0, r0, r4, lsr r0
 1c8:	000000de 	ldrdeq	r0, [r0], -lr
 1cc:	005c0001 	subseq	r0, ip, r1
 1d0:	00000000 	andeq	r0, r0, r0
 1d4:	地址 0x00000000000001d4 越界。


Disassembly of section .debug_str:

00000000 <.debug_str>:
       0:	5f617369 	svcpl	0x00617369
       4:	5f746962 	svcpl	0x00746962
       8:	645f7066 	ldrbvs	r7, [pc], #-102	; 10 <shift+0x10>
       c:	54006c62 	strpl	r6, [r0], #-3170	; 0xfffff39e
      10:	45475241 	strbmi	r5, [r7, #-577]	; 0xfffffdbf
      14:	50435f54 	subpl	r5, r3, r4, asr pc
      18:	72615f55 	rsbvc	r5, r1, #340	; 0x154
      1c:	3331316d 	teqcc	r1, #1073741851	; 0x4000001b
      20:	00736a36 	rsbseq	r6, r3, r6, lsr sl
      24:	5f6d7261 	svcpl	0x006d7261
      28:	68637261 	stmdavs	r3!, {r0, r5, r6, r9, ip, sp, lr}^
      2c:	6d77695f 			; <UNDEFINED> instruction: 0x6d77695f
      30:	0074786d 	rsbseq	r7, r4, sp, ror #16
      34:	47524154 			; <UNDEFINED> instruction: 0x47524154
      38:	435f5445 	cmpmi	pc, #1157627904	; 0x45000000
      3c:	635f5550 	cmpvs	pc, #80, 10	; 0x14000000
      40:	6574726f 	ldrbvs	r7, [r4, #-623]!	; 0xfffffd91
      44:	33326d78 	teqcc	r2, #120, 26	; 0x1e00
      48:	68735f00 	ldmdavs	r3!, {r8, r9, sl, fp, ip, lr}^
      4c:	6274726f 	rsbsvs	r7, r4, #-268435450	; 0xf0000006
      50:	41006675 	tstmi	r0, r5, ror r6
      54:	455f4d52 	ldrbmi	r4, [pc, #-3410]	; fffff30a <__bss_end+0x787f4a96>
      58:	495f0051 	ldmdbmi	pc, {r0, r4, r6}^	; <UNPREDICTABLE>
      5c:	6f6c5f4f 	svcvs	0x006c5f4f
      60:	745f6b63 	ldrbvc	r6, [pc], #-2915	; 68 <shift+0x68>
      64:	52415400 	subpl	r5, r1, #0, 8
      68:	5f544547 	svcpl	0x00544547
      6c:	5f555043 	svcpl	0x00555043
      70:	316d7261 	cmncc	sp, r1, ror #4
      74:	74363531 	ldrtvc	r3, [r6], #-1329	; 0xfffffacf
      78:	00736632 	rsbseq	r6, r3, r2, lsr r6
      7c:	5f617369 	svcpl	0x00617369
      80:	5f746962 	svcpl	0x00746962
      84:	6d756874 	ldclvs	8, cr6, [r5, #-464]!	; 0xfffffe30
      88:	72700062 	rsbsvc	r0, r0, #98	; 0x62
      8c:	6172676f 	cmnvs	r2, pc, ror #14
      90:	6e695f6d 	cdpvs	15, 6, cr5, cr9, cr13, {3}
      94:	61636f76 	smcvs	14070	; 0x36f6
      98:	6e6f6974 			; <UNDEFINED> instruction: 0x6e6f6974
      9c:	6f68735f 	svcvs	0x0068735f
      a0:	6e5f7472 	mrcvs	4, 2, r7, cr15, cr2, {3}
      a4:	00656d61 	rsbeq	r6, r5, r1, ror #26
      a8:	65647473 	strbvs	r7, [r4, #-1139]!	; 0xfffffb8d
      ac:	55007272 	strpl	r7, [r0, #-626]	; 0xfffffd8e
      b0:	79744944 	ldmdbvc	r4!, {r2, r6, r8, fp, lr}^
      b4:	54006570 	strpl	r6, [r0], #-1392	; 0xfffffa90
      b8:	45475241 	strbmi	r5, [r7, #-577]	; 0xfffffdbf
      bc:	50435f54 	subpl	r5, r3, r4, asr pc
      c0:	6f635f55 	svcvs	0x00635f55
      c4:	78657472 	stmdavc	r5!, {r1, r4, r5, r6, sl, ip, sp, lr}^
      c8:	63373561 	teqvs	r7, #406847488	; 0x18400000
      cc:	6574726f 	ldrbvs	r7, [r4, #-623]!	; 0xfffffd91
      d0:	33356178 	teqcc	r5, #120, 2
      d4:	4f495f00 	svcmi	0x00495f00
      d8:	6675625f 			; <UNDEFINED> instruction: 0x6675625f
      dc:	646e655f 	strbtvs	r6, [lr], #-1375	; 0xfffffaa1
      e0:	755f5f00 	ldrbvc	r5, [pc, #-3840]	; fffff1e8 <__bss_end+0x787f4974>
      e4:	6d766964 			; <UNDEFINED> instruction: 0x6d766964
      e8:	6964646f 	stmdbvs	r4!, {r0, r1, r2, r3, r5, r6, sl, sp, lr}^
      ec:	41420034 	cmpmi	r2, r4, lsr r0
      f0:	415f4553 	cmpmi	pc, r3, asr r5	; <UNPREDICTABLE>
      f4:	5f484352 	svcpl	0x00484352
      f8:	425f4d38 	subsmi	r4, pc, #56, 26	; 0xe00
      fc:	00455341 	subeq	r5, r5, r1, asr #6
     100:	47524154 			; <UNDEFINED> instruction: 0x47524154
     104:	435f5445 	cmpmi	pc, #1157627904	; 0x45000000
     108:	615f5550 	cmpvs	pc, r0, asr r5	; <UNPREDICTABLE>
     10c:	31386d72 	teqcc	r8, r2, ror sp
     110:	41540030 	cmpmi	r4, r0, lsr r0
     114:	54454752 	strbpl	r4, [r5], #-1874	; 0xfffff8ae
     118:	5550435f 	ldrbpl	r4, [r0, #-863]	; 0xfffffca1
     11c:	6567785f 	strbvs	r7, [r7, #-2143]!	; 0xfffff7a1
     120:	0031656e 	eorseq	r6, r1, lr, ror #10
     124:	5f4d5241 	svcpl	0x004d5241
     128:	5f534350 	svcpl	0x00534350
     12c:	43504141 	cmpmi	r0, #1073741840	; 0x40000010
     130:	57495f53 	smlsldpl	r5, r9, r3, pc	; <UNPREDICTABLE>
     134:	54584d4d 	ldrbpl	r4, [r8], #-3405	; 0xfffff2b3
     138:	74706f00 	ldrbtvc	r6, [r0], #-3840	; 0xfffff100
     13c:	0074706f 	rsbseq	r7, r4, pc, rrx
     140:	47524154 			; <UNDEFINED> instruction: 0x47524154
     144:	435f5445 	cmpmi	pc, #1157627904	; 0x45000000
     148:	615f5550 	cmpvs	pc, r0, asr r5	; <UNPREDICTABLE>
     14c:	64376d72 	ldrtvs	r6, [r7], #-3442	; 0xfffff28e
     150:	41420069 	cmpmi	r2, r9, rrx
     154:	415f4553 	cmpmi	pc, r3, asr r5	; <UNPREDICTABLE>
     158:	5f484352 	svcpl	0x00484352
     15c:	41420032 	cmpmi	r2, r2, lsr r0
     160:	415f4553 	cmpmi	pc, r3, asr r5	; <UNPREDICTABLE>
     164:	5f484352 	svcpl	0x00484352
     168:	41540033 	cmpmi	r4, r3, lsr r0
     16c:	54454752 	strbpl	r4, [r5], #-1874	; 0xfffff8ae
     170:	5550435f 	ldrbpl	r4, [r0, #-863]	; 0xfffffca1
     174:	6d72615f 	ldfvse	f6, [r2, #-380]!	; 0xfffffe84
     178:	006d6437 	rsbeq	r6, sp, r7, lsr r4
     17c:	45534142 	ldrbmi	r4, [r3, #-322]	; 0xfffffebe
     180:	4352415f 	cmpmi	r2, #-1073741801	; 0xc0000017
     184:	00355f48 	eorseq	r5, r5, r8, asr #30
     188:	6d6f682f 	stclvs	8, cr6, [pc, #-188]!	; d4 <shift+0xd4>
     18c:	63742f65 	cmnvs	r4, #404	; 0x194
     190:	622d6777 	eorvs	r6, sp, #31195136	; 0x1dc0000
     194:	646c6975 	strbtvs	r6, [ip], #-2421	; 0xfffff68b
     198:	76616c73 			; <UNDEFINED> instruction: 0x76616c73
     19c:	6f772f65 	svcvs	0x00772f65
     1a0:	70736b72 	rsbsvc	r6, r3, r2, ror fp
     1a4:	2f656361 	svccs	0x00656361
     1a8:	67776374 			; <UNDEFINED> instruction: 0x67776374
     1ac:	6b616d2d 	blvs	185b668 <shift+0x185b668>
     1b0:	65722d65 	ldrbvs	r2, [r2, #-3429]!	; 0xfffff29b
     1b4:	7361656c 	cmnvc	r1, #108, 10	; 0x1b000000
     1b8:	2f315f65 	svccs	0x00315f65
     1bc:	6975625f 	ldmdbvs	r5!, {r0, r1, r2, r3, r4, r6, r9, sp, lr}^
     1c0:	622f646c 	eorvs	r6, pc, #108, 8	; 0x6c000000
     1c4:	646c6975 	strbtvs	r6, [ip], #-2421	; 0xfffff68b
     1c8:	38782f73 	ldmdacc	r8!, {r0, r1, r4, r5, r6, r8, r9, sl, fp, sp}^
     1cc:	34365f36 	ldrtcc	r5, [r6], #-3894	; 0xfffff0ca
     1d0:	6b6e752d 	blvs	1b9d68c <shift+0x1b9d68c>
     1d4:	6e776f6e 	cdpvs	15, 7, cr6, cr7, cr14, {3}
     1d8:	6e696c2d 	cdpvs	12, 6, cr6, cr9, cr13, {1}
     1dc:	672d7875 			; <UNDEFINED> instruction: 0x672d7875
     1e0:	612f756e 			; <UNDEFINED> instruction: 0x612f756e
     1e4:	6c2d6d72 	stcvs	13, cr6, [sp], #-456	; 0xfffffe38
     1e8:	78756e69 	ldmdavc	r5!, {r0, r3, r5, r6, r9, sl, fp, sp, lr}^
     1ec:	756e672d 	strbvc	r6, [lr, #-1837]!	; 0xfffff8d3
     1f0:	69626165 	stmdbvs	r2!, {r0, r2, r5, r6, r8, sp, lr}^
     1f4:	672f6668 	strvs	r6, [pc, -r8, ror #12]!
     1f8:	672e6363 	strvs	r6, [lr, -r3, ror #6]!
     1fc:	6c7e7469 	cfldrdvs	mvd7, [lr], #-420	; 0xfffffe5c
     200:	72616e69 	rsbvc	r6, r1, #1680	; 0x690
     204:	2e372d6f 	cdpcs	13, 3, cr2, cr7, cr15, {3}
     208:	30322d35 	eorscc	r2, r2, r5, lsr sp
     20c:	312e3931 			; <UNDEFINED> instruction: 0x312e3931
     210:	74732d32 	ldrbtvc	r2, [r3], #-3378	; 0xfffff2ce
     214:	32656761 	rsbcc	r6, r5, #25427968	; 0x1840000
     218:	6d72612f 	ldfvse	f6, [r2, #-188]!	; 0xffffff44
     21c:	6e696c2d 	cdpvs	12, 6, cr6, cr9, cr13, {1}
     220:	672d7875 			; <UNDEFINED> instruction: 0x672d7875
     224:	6165756e 	cmnvs	r5, lr, ror #10
     228:	66686962 	strbtvs	r6, [r8], -r2, ror #18
     22c:	62696c2f 	rsbvs	r6, r9, #12032	; 0x2f00
     230:	00636367 	rsbeq	r6, r3, r7, ror #6
     234:	45534142 	ldrbmi	r4, [r3, #-322]	; 0xfffffebe
     238:	4352415f 	cmpmi	r2, #-1073741801	; 0xc0000017
     23c:	00375f48 	eorseq	r5, r7, r8, asr #30
     240:	47524154 			; <UNDEFINED> instruction: 0x47524154
     244:	435f5445 	cmpmi	pc, #1157627904	; 0x45000000
     248:	785f5550 	ldmdavc	pc, {r4, r6, r8, sl, ip, lr}^	; <UNPREDICTABLE>
     24c:	6c616373 	stclvs	3, cr6, [r1], #-460	; 0xfffffe34
     250:	41540065 	cmpmi	r4, r5, rrx
     254:	54454752 	strbpl	r4, [r5], #-1874	; 0xfffff8ae
     258:	5550435f 	ldrbpl	r4, [r0, #-863]	; 0xfffffca1
     25c:	6d72615f 	ldfvse	f6, [r2, #-380]!	; 0xfffffe84
     260:	65363439 	ldrvs	r3, [r6, #-1081]!	; 0xfffffbc7
     264:	495f0073 	ldmdbmi	pc, {r0, r1, r4, r5, r6}^	; <UNPREDICTABLE>
     268:	72775f4f 	rsbsvc	r5, r7, #316	; 0x13c
     26c:	5f657469 	svcpl	0x00657469
     270:	00646e65 	rsbeq	r6, r4, r5, ror #28
     274:	47524154 			; <UNDEFINED> instruction: 0x47524154
     278:	435f5445 	cmpmi	pc, #1157627904	; 0x45000000
     27c:	635f5550 	cmpvs	pc, #80, 10	; 0x14000000
     280:	6574726f 	ldrbvs	r7, [r4, #-623]!	; 0xfffffd91
     284:	33336d78 	teqcc	r3, #120, 26	; 0x1e00
     288:	74656700 	strbtvc	r6, [r5], #-1792	; 0xfffff900
     28c:	65746164 	ldrbvs	r6, [r4, #-356]!	; 0xfffffe9c
     290:	7272655f 	rsbsvc	r6, r2, #398458880	; 0x17c00000
     294:	49535500 	ldmdbmi	r3, {r8, sl, ip, lr}^
     298:	65707974 	ldrbvs	r7, [r0, #-2420]!	; 0xfffff68c
     29c:	6c665f00 	stclvs	15, cr5, [r6], #-0
     2a0:	00736761 	rsbseq	r6, r3, r1, ror #14
     2a4:	5f617369 	svcpl	0x00617369
     2a8:	69626f6e 	stmdbvs	r2!, {r1, r2, r3, r5, r6, r8, r9, sl, fp, sp, lr}^
     2ac:	41540074 	cmpmi	r4, r4, ror r0
     2b0:	54454752 	strbpl	r4, [r5], #-1874	; 0xfffff8ae
     2b4:	5550435f 	ldrbpl	r4, [r0, #-863]	; 0xfffffca1
     2b8:	6d72615f 	ldfvse	f6, [r2, #-380]!	; 0xfffffe84
     2bc:	36373131 			; <UNDEFINED> instruction: 0x36373131
     2c0:	73667a6a 	cmnvc	r6, #434176	; 0x6a000
     2c4:	4d524100 	ldfmie	f4, [r2, #-0]
     2c8:	5343505f 	movtpl	r5, #12383	; 0x305f
     2cc:	4b4e555f 	blmi	1395850 <shift+0x1395850>
     2d0:	4e574f4e 	cdpmi	15, 5, cr4, cr7, cr14, {2}
     2d4:	6c665f00 	stclvs	15, cr5, [r6], #-0
     2d8:	32736761 	rsbscc	r6, r3, #25427968	; 0x1840000
     2dc:	52415400 	subpl	r5, r1, #0, 8
     2e0:	5f544547 	svcpl	0x00544547
     2e4:	5f555043 	svcpl	0x00555043
     2e8:	396d7261 	stmdbcc	sp!, {r0, r5, r6, r9, ip, sp, lr}^
     2ec:	41420065 	cmpmi	r2, r5, rrx
     2f0:	415f4553 	cmpmi	pc, r3, asr r5	; <UNPREDICTABLE>
     2f4:	5f484352 	svcpl	0x00484352
     2f8:	4a455435 	bmi	11553d4 <shift+0x11553d4>
     2fc:	61736900 	cmnvs	r3, r0, lsl #18
     300:	7469625f 	strbtvc	r6, [r9], #-607	; 0xfffffda1
     304:	4d52415f 	ldfmie	f4, [r2, #-380]	; 0xfffffe84
     308:	006b3676 	rsbeq	r3, fp, r6, ror r6
     30c:	5f6d7261 	svcpl	0x006d7261
     310:	73666363 	cmnvc	r6, #-1946157055	; 0x8c000001
     314:	74735f6d 	ldrbtvc	r5, [r3], #-3949	; 0xfffff093
     318:	00657461 	rsbeq	r7, r5, r1, ror #8
     31c:	70736e75 	rsbsvc	r6, r3, r5, ror lr
     320:	735f6365 	cmpvc	pc, #-1811939327	; 0x94000001
     324:	6e697274 	mcrvs	2, 3, r7, cr9, cr4, {3}
     328:	5f007367 	svcpl	0x00007367
     32c:	5f737973 	svcpl	0x00737973
     330:	7272656e 	rsbsvc	r6, r2, #461373440	; 0x1b800000
     334:	635f5f00 	cmpvs	pc, #0, 30
     338:	745f7a6c 	ldrbvc	r7, [pc], #-2668	; 340 <shift+0x340>
     33c:	41006261 	tstmi	r0, r1, ror #4
     340:	565f4d52 			; <UNDEFINED> instruction: 0x565f4d52
     344:	72610043 	rsbvc	r0, r1, #67	; 0x43
     348:	72615f6d 	rsbvc	r5, r1, #436	; 0x1b4
     34c:	785f6863 	ldmdavc	pc, {r0, r1, r5, r6, fp, sp, lr}^	; <UNPREDICTABLE>
     350:	6c616373 	stclvs	3, cr6, [r1], #-460	; 0xfffffe34
     354:	52410065 	subpl	r0, r1, #101	; 0x65
     358:	454c5f4d 	strbmi	r5, [ip, #-3917]	; 0xfffff0b3
     35c:	4d524100 	ldfmie	f4, [r2, #-0]
     360:	0053565f 	subseq	r5, r3, pc, asr r6
     364:	5f4d5241 	svcpl	0x004d5241
     368:	61004547 	tstvs	r0, r7, asr #10
     36c:	745f6d72 	ldrbvc	r6, [pc], #-3442	; 374 <shift+0x374>
     370:	5f656e75 	svcpl	0x00656e75
     374:	6f727473 	svcvs	0x00727473
     378:	7261676e 	rsbvc	r6, r1, #28835840	; 0x1b80000
     37c:	7369006d 	cmnvc	r9, #109	; 0x6d
     380:	75715f61 	ldrbvc	r5, [r1, #-3937]!	; 0xfffff09f
     384:	5f6b7269 	svcpl	0x006b7269
     388:	5f336d63 	svcpl	0x00336d63
     38c:	6472646c 	ldrbtvs	r6, [r2], #-1132	; 0xfffffb94
     390:	6d6f6300 	stclvs	3, cr6, [pc, #-0]	; 398 <shift+0x398>
     394:	78656c70 	stmdavc	r5!, {r4, r5, r6, sl, fp, sp, lr}^
     398:	6f6c6620 	svcvs	0x006c6620
     39c:	69007461 	stmdbvs	r0, {r0, r5, r6, sl, ip, sp, lr}
     3a0:	625f6173 	subsvs	r6, pc, #-1073741796	; 0xc000001c
     3a4:	635f7469 	cmpvs	pc, #1761607680	; 0x69000000
     3a8:	0065736d 	rsbeq	r7, r5, sp, ror #6
     3ac:	47524154 			; <UNDEFINED> instruction: 0x47524154
     3b0:	435f5445 	cmpmi	pc, #1157627904	; 0x45000000
     3b4:	635f5550 	cmpvs	pc, #80, 10	; 0x14000000
     3b8:	6574726f 	ldrbvs	r7, [r4, #-623]!	; 0xfffffd91
     3bc:	35316178 	ldrcc	r6, [r1, #-376]!	; 0xfffffe88
     3c0:	49515500 	ldmdbmi	r1, {r8, sl, ip, lr}^
     3c4:	65707974 	ldrbvs	r7, [r0, #-2420]!	; 0xfffff68c
     3c8:	52415400 	subpl	r5, r1, #0, 8
     3cc:	5f544547 	svcpl	0x00544547
     3d0:	5f555043 	svcpl	0x00555043
     3d4:	32376166 	eorscc	r6, r7, #-2147483623	; 0x80000019
     3d8:	00657436 	rsbeq	r7, r5, r6, lsr r4
     3dc:	47524154 			; <UNDEFINED> instruction: 0x47524154
     3e0:	435f5445 	cmpmi	pc, #1157627904	; 0x45000000
     3e4:	635f5550 	cmpvs	pc, #80, 10	; 0x14000000
     3e8:	6574726f 	ldrbvs	r7, [r4, #-623]!	; 0xfffffd91
     3ec:	37316178 			; <UNDEFINED> instruction: 0x37316178
     3f0:	4d524100 	ldfmie	f4, [r2, #-0]
     3f4:	0054475f 	subseq	r4, r4, pc, asr r7
     3f8:	5f4d5241 	svcpl	0x004d5241
     3fc:	6900544c 	stmdbvs	r0, {r2, r3, r6, sl, ip, lr}
     400:	625f6173 	subsvs	r6, pc, #-1073741796	; 0xc000001c
     404:	665f7469 	ldrbvs	r7, [pc], -r9, ror #8
     408:	63363170 	teqvs	r6, #112, 2
     40c:	00766e6f 	rsbseq	r6, r6, pc, ror #28
     410:	69745f5f 	ldmdbvs	r4!, {r0, r1, r2, r3, r4, r6, r8, r9, sl, fp, ip, lr}^
     414:	6f7a656d 	svcvs	0x007a656d
     418:	5400656e 	strpl	r6, [r0], #-1390	; 0xfffffa92
     41c:	45475241 	strbmi	r5, [r7, #-577]	; 0xfffffdbf
     420:	50435f54 	subpl	r5, r3, r4, asr pc
     424:	6f635f55 	svcvs	0x00635f55
     428:	78657472 	stmdavc	r5!, {r1, r4, r5, r6, sl, ip, sp, lr}^
     42c:	00663472 	rsbeq	r3, r6, r2, ror r4
     430:	47524154 			; <UNDEFINED> instruction: 0x47524154
     434:	435f5445 	cmpmi	pc, #1157627904	; 0x45000000
     438:	615f5550 	cmpvs	pc, r0, asr r5	; <UNPREDICTABLE>
     43c:	32396d72 	eorscc	r6, r9, #7296	; 0x1c80
     440:	41420030 	cmpmi	r2, r0, lsr r0
     444:	415f4553 	cmpmi	pc, r3, asr r5	; <UNPREDICTABLE>
     448:	5f484352 	svcpl	0x00484352
     44c:	004d4537 	subeq	r4, sp, r7, lsr r5
     450:	47524154 			; <UNDEFINED> instruction: 0x47524154
     454:	435f5445 	cmpmi	pc, #1157627904	; 0x45000000
     458:	635f5550 	cmpvs	pc, #80, 10	; 0x14000000
     45c:	6574726f 	ldrbvs	r7, [r4, #-623]!	; 0xfffffd91
     460:	32316178 	eorscc	r6, r1, #120, 2
     464:	745f5f00 	ldrbvc	r5, [pc], #-3840	; 46c <shift+0x46c>
     468:	6d616e7a 	stclvs	14, cr6, [r1, #-488]!	; 0xfffffe18
     46c:	61680065 	cmnvs	r8, r5, rrx
     470:	61766873 	cmnvs	r6, r3, ror r8
     474:	00745f6c 	rsbseq	r5, r4, ip, ror #30
     478:	5f4f495f 	svcpl	0x004f495f
     47c:	5f315f32 	svcpl	0x00315f32
     480:	69647473 	stmdbvs	r4!, {r0, r1, r4, r5, r6, sl, ip, sp, lr}^
     484:	42005f6e 	andmi	r5, r0, #440	; 0x1b8
     488:	5f455341 	svcpl	0x00455341
     48c:	48435241 	stmdami	r3, {r0, r6, r9, ip, lr}^
     490:	5a4b365f 	bpl	12cde14 <shift+0x12cde14>
     494:	61736900 	cmnvs	r3, r0, lsl #18
     498:	7469625f 	strbtvc	r6, [r9], #-607	; 0xfffffda1
     49c:	72610073 	rsbvc	r0, r1, #115	; 0x73
     4a0:	72615f6d 	rsbvc	r5, r1, #436	; 0x1b4
     4a4:	615f6863 	cmpvs	pc, r3, ror #16
     4a8:	685f6d72 	ldmdavs	pc, {r1, r4, r5, r6, r8, sl, fp, sp, lr}^	; <UNPREDICTABLE>
     4ac:	76696477 			; <UNDEFINED> instruction: 0x76696477
     4b0:	6f705f00 	svcvs	0x00705f00
     4b4:	72610073 	rsbvc	r0, r1, #115	; 0x73
     4b8:	70665f6d 	rsbvc	r5, r6, sp, ror #30
     4bc:	65645f75 	strbvs	r5, [r4, #-3957]!	; 0xfffff08b
     4c0:	73006373 	movwvc	r6, #883	; 0x373
     4c4:	756f6474 	strbvc	r6, [pc, #-1140]!	; 58 <shift+0x58>
     4c8:	73690074 	cmnvc	r9, #116	; 0x74
     4cc:	69625f61 	stmdbvs	r2!, {r0, r5, r6, r8, r9, sl, fp, ip, lr}^
     4d0:	70665f74 	rsbvc	r5, r6, r4, ror pc
     4d4:	5f003631 	svcpl	0x00003631
     4d8:	735f4f49 	cmpvc	pc, #292	; 0x124
     4dc:	5f657661 	svcpl	0x00657661
     4e0:	00646e65 	rsbeq	r6, r4, r5, ror #28
     4e4:	5f4d5241 	svcpl	0x004d5241
     4e8:	54004948 	strpl	r4, [r0], #-2376	; 0xfffff6b8
     4ec:	45475241 	strbmi	r5, [r7, #-577]	; 0xfffffdbf
     4f0:	50435f54 	subpl	r5, r3, r4, asr pc
     4f4:	72615f55 	rsbvc	r5, r1, #340	; 0x154
     4f8:	5400326d 	strpl	r3, [r0], #-621	; 0xfffffd93
     4fc:	45475241 	strbmi	r5, [r7, #-577]	; 0xfffffdbf
     500:	50435f54 	subpl	r5, r3, r4, asr pc
     504:	72615f55 	rsbvc	r5, r1, #340	; 0x154
     508:	5400336d 	strpl	r3, [r0], #-877	; 0xfffffc93
     50c:	45475241 	strbmi	r5, [r7, #-577]	; 0xfffffdbf
     510:	50435f54 	subpl	r5, r3, r4, asr pc
     514:	72615f55 	rsbvc	r5, r1, #340	; 0x154
     518:	3031376d 	eorscc	r3, r1, sp, ror #14
     51c:	41540030 	cmpmi	r4, r0, lsr r0
     520:	54454752 	strbpl	r4, [r5], #-1874	; 0xfffff8ae
     524:	5550435f 	ldrbpl	r4, [r0, #-863]	; 0xfffffca1
     528:	6d72615f 	ldfvse	f6, [r2, #-380]!	; 0xfffffe84
     52c:	41540036 	cmpmi	r4, r6, lsr r0
     530:	54454752 	strbpl	r4, [r5], #-1874	; 0xfffff8ae
     534:	5550435f 	ldrbpl	r4, [r0, #-863]	; 0xfffffca1
     538:	6d72615f 	ldfvse	f6, [r2, #-380]!	; 0xfffffe84
     53c:	41540037 	cmpmi	r4, r7, lsr r0
     540:	54454752 	strbpl	r4, [r5], #-1874	; 0xfffff8ae
     544:	5550435f 	ldrbpl	r4, [r0, #-863]	; 0xfffffca1
     548:	6d72615f 	ldfvse	f6, [r2, #-380]!	; 0xfffffe84
     54c:	41540038 	cmpmi	r4, r8, lsr r0
     550:	54454752 	strbpl	r4, [r5], #-1874	; 0xfffff8ae
     554:	5550435f 	ldrbpl	r4, [r0, #-863]	; 0xfffffca1
     558:	6d72615f 	ldfvse	f6, [r2, #-380]!	; 0xfffffe84
     55c:	6f6c0039 	svcvs	0x006c0039
     560:	6c20676e 	stcvs	7, cr6, [r0], #-440	; 0xfffffe48
     564:	20676e6f 	rsbcs	r6, r7, pc, ror #28
     568:	69736e75 	ldmdbvs	r3!, {r0, r2, r4, r5, r6, r9, sl, fp, sp, lr}^
     56c:	64656e67 	strbtvs	r6, [r5], #-3687	; 0xfffff199
     570:	746e6920 	strbtvc	r6, [lr], #-2336	; 0xfffff6e0
     574:	52415400 	subpl	r5, r1, #0, 8
     578:	5f544547 	svcpl	0x00544547
     57c:	5f555043 	svcpl	0x00555043
     580:	32366166 	eorscc	r6, r6, #-2147483623	; 0x80000019
     584:	41420036 	cmpmi	r2, r6, lsr r0
     588:	415f4553 	cmpmi	pc, r3, asr r5	; <UNPREDICTABLE>
     58c:	5f484352 	svcpl	0x00484352
     590:	69004d33 	stmdbvs	r0, {r0, r1, r4, r5, r8, sl, fp, lr}
     594:	715f6173 	cmpvc	pc, r3, ror r1	; <UNPREDICTABLE>
     598:	6b726975 	blvs	1c9ab74 <shift+0x1c9ab74>
     59c:	5f6f6e5f 	svcpl	0x006f6e5f
     5a0:	616c6f76 	smcvs	50934	; 0xc6f6
     5a4:	656c6974 	strbvs	r6, [ip, #-2420]!	; 0xfffff68c
     5a8:	0065635f 	rsbeq	r6, r5, pc, asr r3
     5ac:	5f4f495f 	svcpl	0x004f495f
     5b0:	454c4946 	strbmi	r4, [ip, #-2374]	; 0xfffff6ba
     5b4:	61736900 	cmnvs	r3, r0, lsl #18
     5b8:	6e75745f 	mrcvs	4, 3, r7, cr5, cr15, {2}
     5bc:	74735f65 	ldrbtvc	r5, [r3], #-3941	; 0xfffff09b
     5c0:	676e6f72 			; <UNDEFINED> instruction: 0x676e6f72
     5c4:	6d726100 	ldfvse	f6, [r2, #-0]
     5c8:	6372615f 	cmnvs	r2, #-1073741801	; 0xc0000017
     5cc:	6d635f68 	stclvs	15, cr5, [r3, #-416]!	; 0xfffffe60
     5d0:	54006573 	strpl	r6, [r0], #-1395	; 0xfffffa8d
     5d4:	45475241 	strbmi	r5, [r7, #-577]	; 0xfffffdbf
     5d8:	50435f54 	subpl	r5, r3, r4, asr pc
     5dc:	72615f55 	rsbvc	r5, r1, #340	; 0x154
     5e0:	3031366d 	eorscc	r3, r1, sp, ror #12
     5e4:	52415400 	subpl	r5, r1, #0, 8
     5e8:	5f544547 	svcpl	0x00544547
     5ec:	5f555043 	svcpl	0x00555043
     5f0:	316d7261 	cmncc	sp, r1, ror #4
     5f4:	54006530 	strpl	r6, [r0], #-1328	; 0xfffffad0
     5f8:	45475241 	strbmi	r5, [r7, #-577]	; 0xfffffdbf
     5fc:	50435f54 	subpl	r5, r3, r4, asr pc
     600:	72615f55 	rsbvc	r5, r1, #340	; 0x154
     604:	3035376d 	eorscc	r3, r5, sp, ror #14
     608:	00656630 	rsbeq	r6, r5, r0, lsr r6
     60c:	47524154 			; <UNDEFINED> instruction: 0x47524154
     610:	435f5445 	cmpmi	pc, #1157627904	; 0x45000000
     614:	615f5550 	cmpvs	pc, r0, asr r5	; <UNPREDICTABLE>
     618:	31376d72 	teqcc	r7, r2, ror sp
     61c:	61006330 	tstvs	r0, r0, lsr r3
     620:	635f6d72 	cmpvs	pc, #7296	; 0x1c80
     624:	5f646e6f 	svcpl	0x00646e6f
     628:	65646f63 	strbvs	r6, [r4, #-3939]!	; 0xfffff09d
     62c:	4d524100 	ldfmie	f4, [r2, #-0]
     630:	5343505f 	movtpl	r5, #12383	; 0x305f
     634:	5041415f 	subpl	r4, r1, pc, asr r1
     638:	5f005343 	svcpl	0x00005343
     63c:	625f4f49 	subsvs	r4, pc, #292	; 0x124
     640:	756b6361 	strbvc	r6, [fp, #-865]!	; 0xfffffc9f
     644:	61625f70 	smcvs	9712	; 0x25f0
     648:	41006573 	tstmi	r0, r3, ror r5
     64c:	505f4d52 	subspl	r4, pc, r2, asr sp	; <UNPREDICTABLE>
     650:	415f5343 	cmpmi	pc, r3, asr #6
     654:	53435041 	movtpl	r5, #12353	; 0x3041
     658:	434f4c5f 	movtmi	r4, #64607	; 0xfc5f
     65c:	54004c41 	strpl	r4, [r0], #-3137	; 0xfffff3bf
     660:	45475241 	strbmi	r5, [r7, #-577]	; 0xfffffdbf
     664:	50435f54 	subpl	r5, r3, r4, asr pc
     668:	6f635f55 	svcvs	0x00635f55
     66c:	78657472 	stmdavc	r5!, {r1, r4, r5, r6, sl, ip, sp, lr}^
     670:	63373161 	teqvs	r7, #1073741848	; 0x40000018
     674:	6574726f 	ldrbvs	r7, [r4, #-623]!	; 0xfffffd91
     678:	00376178 	eorseq	r6, r7, r8, ror r1
     67c:	47524154 			; <UNDEFINED> instruction: 0x47524154
     680:	435f5445 	cmpmi	pc, #1157627904	; 0x45000000
     684:	615f5550 	cmpvs	pc, r0, asr r5	; <UNPREDICTABLE>
     688:	31376d72 	teqcc	r7, r2, ror sp
     68c:	70007430 	andvc	r7, r0, r0, lsr r4
     690:	72676f72 	rsbvc	r6, r7, #456	; 0x1c8
     694:	695f6d61 	ldmdbvs	pc, {r0, r5, r6, r8, sl, fp, sp, lr}^	; <UNPREDICTABLE>
     698:	636f766e 	cmnvs	pc, #115343360	; 0x6e00000
     69c:	6f697461 	svcvs	0x00697461
     6a0:	616e5f6e 	cmnvs	lr, lr, ror #30
     6a4:	6100656d 	tstvs	r0, sp, ror #10
     6a8:	615f6d72 	cmpvs	pc, r2, ror sp	; <UNPREDICTABLE>
     6ac:	5f686372 	svcpl	0x00686372
     6b0:	6d6d7769 	stclvs	7, cr7, [sp, #-420]!	; 0xfffffe5c
     6b4:	00327478 	eorseq	r7, r2, r8, ror r4
     6b8:	6c69665f 	stclvs	6, cr6, [r9], #-380	; 0xfffffe84
     6bc:	006f6e65 	rsbeq	r6, pc, r5, ror #28
     6c0:	61705f5f 	cmnvs	r0, pc, asr pc
     6c4:	69003164 	stmdbvs	r0, {r2, r5, r6, r8, ip, sp}
     6c8:	6e5f6173 	mrcvs	1, 2, r6, cr15, cr3, {3}
     6cc:	625f6d75 	subsvs	r6, pc, #7488	; 0x1d40
     6d0:	00737469 	rsbseq	r7, r3, r9, ror #8
     6d4:	47524154 			; <UNDEFINED> instruction: 0x47524154
     6d8:	435f5445 	cmpmi	pc, #1157627904	; 0x45000000
     6dc:	635f5550 	cmpvs	pc, #80, 10	; 0x14000000
     6e0:	6574726f 	ldrbvs	r7, [r4, #-623]!	; 0xfffffd91
     6e4:	70306d78 	eorsvc	r6, r0, r8, ror sp
     6e8:	7373756c 	cmnvc	r3, #108, 10	; 0x1b000000
     6ec:	6c6c616d 	stfvse	f6, [ip], #-436	; 0xfffffe4c
     6f0:	746c756d 	strbtvc	r7, [ip], #-1389	; 0xfffffa93
     6f4:	796c7069 	stmdbvc	ip!, {r0, r3, r5, r6, ip, sp, lr}^
     6f8:	52415400 	subpl	r5, r1, #0, 8
     6fc:	5f544547 	svcpl	0x00544547
     700:	5f555043 	svcpl	0x00555043
     704:	6e797865 	cdpvs	8, 7, cr7, cr9, cr5, {3}
     708:	316d736f 	cmncc	sp, pc, ror #6
     70c:	6b616d00 	blvs	185bb14 <shift+0x185bb14>
     710:	5f676e69 	svcpl	0x00676e69
     714:	736e6f63 	cmnvc	lr, #396	; 0x18c
     718:	61745f74 	cmnvs	r4, r4, ror pc
     71c:	00656c62 	rsbeq	r6, r5, r2, ror #24
     720:	5f617369 	svcpl	0x00617369
     724:	5f746962 	svcpl	0x00746962
     728:	76696474 			; <UNDEFINED> instruction: 0x76696474
     72c:	65727000 	ldrbvs	r7, [r2, #-0]!
     730:	5f726566 	svcpl	0x00726566
     734:	6e6f656e 	cdpvs	5, 6, cr6, cr15, cr14, {3}
     738:	726f665f 	rsbvc	r6, pc, #99614720	; 0x5f00000
     73c:	6234365f 	eorsvs	r3, r4, #99614720	; 0x5f00000
     740:	00737469 	rsbseq	r7, r3, r9, ror #8
     744:	47524154 			; <UNDEFINED> instruction: 0x47524154
     748:	435f5445 	cmpmi	pc, #1157627904	; 0x45000000
     74c:	635f5550 	cmpvs	pc, #80, 10	; 0x14000000
     750:	6574726f 	ldrbvs	r7, [r4, #-623]!	; 0xfffffd91
     754:	32336178 	eorscc	r6, r3, #120, 2
     758:	7a697300 	bvc	1a5d360 <shift+0x1a5d360>
     75c:	00745f65 	rsbseq	r5, r4, r5, ror #30
     760:	47524154 			; <UNDEFINED> instruction: 0x47524154
     764:	435f5445 	cmpmi	pc, #1157627904	; 0x45000000
     768:	615f5550 	cmpvs	pc, r0, asr r5	; <UNPREDICTABLE>
     76c:	32366d72 	eorscc	r6, r6, #7296	; 0x1c80
     770:	6d5f0030 	ldclvs	0, cr0, [pc, #-192]	; 6b8 <shift+0x6b8>
     774:	656b7261 	strbvs	r7, [fp, #-609]!	; 0xfffffd9f
     778:	75007372 	strvc	r7, [r0, #-882]	; 0xfffffc8e
     77c:	6570736e 	ldrbvs	r7, [r0, #-878]!	; 0xfffffc92
     780:	735f7663 	cmpvc	pc, #103809024	; 0x6300000
     784:	6e697274 	mcrvs	2, 3, r7, cr9, cr4, {3}
     788:	5f007367 	svcpl	0x00007367
     78c:	725f4f49 	subsvc	r4, pc, #292	; 0x124
     790:	5f646165 	svcpl	0x00646165
     794:	65736162 	ldrbvs	r6, [r3, #-354]!	; 0xfffffe9e
     798:	75635f00 	strbvc	r5, [r3, #-3840]!	; 0xfffff100
     79c:	6f635f72 	svcvs	0x00635f72
     7a0:	6e6d756c 	cdpvs	5, 6, cr7, cr13, cr12, {3}
     7a4:	554e4700 	strbpl	r4, [lr, #-1792]	; 0xfffff900
     7a8:	31314320 	teqcc	r1, r0, lsr #6
     7ac:	352e3720 	strcc	r3, [lr, #-1824]!	; 0xfffff8e0
     7b0:	2d20302e 	stccs	0, cr3, [r0, #-184]!	; 0xffffff48
     7b4:	6372616d 	cmnvs	r2, #1073741851	; 0x4000001b
     7b8:	72613d68 	rsbvc	r3, r1, #104, 26	; 0x1a00
     7bc:	2d37766d 	ldccs	6, cr7, [r7, #-436]!	; 0xfffffe4c
     7c0:	6d2d2061 	stcvs	0, cr2, [sp, #-388]!	; 0xfffffe7c
     7c4:	656e7574 	strbvs	r7, [lr, #-1396]!	; 0xfffffa8c
     7c8:	726f633d 	rsbvc	r6, pc, #-201326592	; 0xf4000000
     7cc:	2d786574 	cfldr64cs	mvdx6, [r8, #-464]!	; 0xfffffe30
     7d0:	2d203961 			; <UNDEFINED> instruction: 0x2d203961
     7d4:	6f6c666d 	svcvs	0x006c666d
     7d8:	612d7461 			; <UNDEFINED> instruction: 0x612d7461
     7dc:	683d6962 	ldmdavs	sp!, {r1, r5, r6, r8, fp, sp, lr}
     7e0:	20647261 	rsbcs	r7, r4, r1, ror #4
     7e4:	70666d2d 	rsbvc	r6, r6, sp, lsr #26
     7e8:	66763d75 			; <UNDEFINED> instruction: 0x66763d75
     7ec:	2d337670 	ldccs	6, cr7, [r3, #-448]!	; 0xfffffe40
     7f0:	20363164 	eorscs	r3, r6, r4, ror #2
     7f4:	68746d2d 	ldmdavs	r4!, {r0, r2, r3, r5, r8, sl, fp, sp, lr}^
     7f8:	20626d75 	rsbcs	r6, r2, r5, ror sp
     7fc:	6c746d2d 	ldclvs	13, cr6, [r4], #-180	; 0xffffff4c
     800:	69642d73 	stmdbvs	r4!, {r0, r1, r4, r5, r6, r8, sl, fp, sp}^
     804:	63656c61 	cmnvs	r5, #24832	; 0x6100
     808:	6e673d74 	mcrvs	13, 3, r3, cr7, cr4, {3}
     80c:	672d2075 			; <UNDEFINED> instruction: 0x672d2075
     810:	20672d20 	rsbcs	r2, r7, r0, lsr #26
     814:	2d20672d 	stccs	7, cr6, [r0, #-180]!	; 0xffffff4c
     818:	2d20324f 	sfmcs	f3, 4, [r0, #-316]!	; 0xfffffec4
     81c:	2d20324f 	sfmcs	f3, 4, [r0, #-316]!	; 0xfffffec4
     820:	2d20324f 	sfmcs	f3, 4, [r0, #-316]!	; 0xfffffec4
     824:	69756266 	ldmdbvs	r5!, {r1, r2, r5, r6, r9, sp, lr}^
     828:	6e69646c 	cdpvs	4, 6, cr6, cr9, cr12, {3}
     82c:	696c2d67 	stmdbvs	ip!, {r0, r1, r2, r5, r6, r8, sl, fp, sp}^
     830:	63636762 	cmnvs	r3, #25690112	; 0x1880000
     834:	6e662d20 	cdpvs	13, 6, cr2, cr6, cr0, {1}
     838:	74732d6f 	ldrbtvc	r2, [r3], #-3439	; 0xfffff291
     83c:	2d6b6361 	stclcs	3, cr6, [fp, #-388]!	; 0xfffffe7c
     840:	746f7270 	strbtvc	r7, [pc], #-624	; 848 <shift+0x848>
     844:	6f746365 	svcvs	0x00746365
     848:	662d2072 			; <UNDEFINED> instruction: 0x662d2072
     84c:	20434950 	subcs	r4, r3, r0, asr r9
     850:	6f6e662d 	svcvs	0x006e662d
     854:	6c6e692d 			; <UNDEFINED> instruction: 0x6c6e692d
     858:	20656e69 	rsbcs	r6, r5, r9, ror #28
     85c:	7865662d 	stmdavc	r5!, {r0, r2, r3, r5, r9, sl, sp, lr}^
     860:	74706563 	ldrbtvc	r6, [r0], #-1379	; 0xfffffa9d
     864:	736e6f69 	cmnvc	lr, #420	; 0x1a4
     868:	76662d20 	strbtvc	r2, [r6], -r0, lsr #26
     86c:	62697369 	rsbvs	r7, r9, #-1543503871	; 0xa4000001
     870:	74696c69 	strbtvc	r6, [r9], #-3177	; 0xfffff397
     874:	69683d79 	stmdbvs	r8!, {r0, r3, r4, r5, r6, r8, sl, fp, ip, sp}^
     878:	6e656464 	cdpvs	4, 6, cr6, cr5, cr4, {3}
     87c:	52415400 	subpl	r5, r1, #0, 8
     880:	5f544547 	svcpl	0x00544547
     884:	5f555043 	svcpl	0x00555043
     888:	316d7261 	cmncc	sp, r1, ror #4
     88c:	65363230 	ldrvs	r3, [r6, #-560]!	; 0xfffffdd0
     890:	6100736a 	tstvs	r0, sl, ror #6
     894:	665f6c6c 	ldrbvs	r6, [pc], -ip, ror #24
     898:	00737570 	rsbseq	r7, r3, r0, ror r5
     89c:	5f6d7261 	svcpl	0x006d7261
     8a0:	68637261 	stmdavs	r3!, {r0, r5, r6, r9, ip, sp, lr}^
     8a4:	54006d33 	strpl	r6, [r0], #-3379	; 0xfffff2cd
     8a8:	45475241 	strbmi	r5, [r7, #-577]	; 0xfffffdbf
     8ac:	50435f54 	subpl	r5, r3, r4, asr pc
     8b0:	61665f55 	cmnvs	r6, r5, asr pc
     8b4:	74363036 	ldrtvc	r3, [r6], #-54	; 0xffffffca
     8b8:	74730065 	ldrbtvc	r0, [r3], #-101	; 0xffffff9b
     8bc:	006e6964 	rsbeq	r6, lr, r4, ror #18
     8c0:	47524154 			; <UNDEFINED> instruction: 0x47524154
     8c4:	435f5445 	cmpmi	pc, #1157627904	; 0x45000000
     8c8:	615f5550 	cmpvs	pc, r0, asr r5	; <UNPREDICTABLE>
     8cc:	32396d72 	eorscc	r6, r9, #7296	; 0x1c80
     8d0:	736a6536 	cmnvc	sl, #226492416	; 0xd800000
     8d4:	53414200 	movtpl	r4, #4608	; 0x1200
     8d8:	52415f45 	subpl	r5, r1, #276	; 0x114
     8dc:	345f4843 	ldrbcc	r4, [pc], #-2115	; 8e4 <shift+0x8e4>
     8e0:	73690054 	cmnvc	r9, #84	; 0x54
     8e4:	69625f61 	stmdbvs	r2!, {r0, r5, r6, r8, r9, sl, fp, ip, lr}^
     8e8:	72635f74 	rsbvc	r5, r3, #116, 30	; 0x1d0
     8ec:	6f747079 	svcvs	0x00747079
     8f0:	656e5f00 	strbvs	r5, [lr, #-3840]!	; 0xfffff100
     8f4:	61007478 	tstvs	r0, r8, ror r4
     8f8:	725f6d72 	subsvc	r6, pc, #7296	; 0x1c80
     8fc:	5f736765 	svcpl	0x00736765
     900:	735f6e69 	cmpvc	pc, #1680	; 0x690
     904:	65757165 	ldrbvs	r7, [r5, #-357]!	; 0xfffffe9b
     908:	0065636e 	rsbeq	r6, r5, lr, ror #6
     90c:	45534142 	ldrbmi	r4, [r3, #-322]	; 0xfffffebe
     910:	4352415f 	cmpmi	r2, #-1073741801	; 0xc0000017
     914:	54355f48 	ldrtpl	r5, [r5], #-3912	; 0xfffff0b8
     918:	495f0045 	ldmdbmi	pc, {r0, r2, r6}^	; <UNPREDICTABLE>
     91c:	616d5f4f 	cmnvs	sp, pc, asr #30
     920:	72656b72 	rsbvc	r6, r5, #116736	; 0x1c800
     924:	52415400 	subpl	r5, r1, #0, 8
     928:	5f544547 	svcpl	0x00544547
     92c:	5f555043 	svcpl	0x00555043
     930:	33397065 	teqcc	r9, #101	; 0x65
     934:	69003231 	stmdbvs	r0, {r0, r4, r5, r9, ip, sp}
     938:	665f6173 			; <UNDEFINED> instruction: 0x665f6173
     93c:	75746165 	ldrbvc	r6, [r4, #-357]!	; 0xfffffe9b
     940:	69006572 	stmdbvs	r0, {r1, r4, r5, r6, r8, sl, sp, lr}
     944:	625f6173 	subsvs	r6, pc, #-1073741796	; 0xc000001c
     948:	735f7469 	cmpvc	pc, #1761607680	; 0x69000000
     94c:	6c6c616d 	stfvse	f6, [ip], #-436	; 0xfffffe4c
     950:	006c756d 	rsbeq	r7, ip, sp, ror #10
     954:	5f617369 	svcpl	0x00617369
     958:	5f746962 	svcpl	0x00746962
     95c:	764d5241 	strbvc	r5, [sp], -r1, asr #4
     960:	00315f38 	eorseq	r5, r1, r8, lsr pc
     964:	5f617369 	svcpl	0x00617369
     968:	5f746962 	svcpl	0x00746962
     96c:	764d5241 	strbvc	r5, [sp], -r1, asr #4
     970:	00325f38 	eorseq	r5, r2, r8, lsr pc
     974:	5f6d7261 	svcpl	0x006d7261
     978:	676e616c 	strbvs	r6, [lr, -ip, ror #2]!
     97c:	74756f5f 	ldrbtvc	r6, [r5], #-3935	; 0xfffff0a1
     980:	5f747570 	svcpl	0x00747570
     984:	656a626f 	strbvs	r6, [sl, #-623]!	; 0xfffffd91
     988:	615f7463 	cmpvs	pc, r3, ror #8
     98c:	69727474 	ldmdbvs	r2!, {r2, r4, r5, r6, sl, ip, sp, lr}^
     990:	65747562 	ldrbvs	r7, [r4, #-1378]!	; 0xfffffa9e
     994:	6f685f73 	svcvs	0x00685f73
     998:	69006b6f 	stmdbvs	r0, {r0, r1, r2, r3, r5, r6, r8, r9, fp, sp, lr}
     99c:	625f6173 	subsvs	r6, pc, #-1073741796	; 0xc000001c
     9a0:	665f7469 	ldrbvs	r7, [pc], -r9, ror #8
     9a4:	33645f70 	cmncc	r4, #112, 30	; 0x1c0
     9a8:	52410032 	subpl	r0, r1, #50	; 0x32
     9ac:	454e5f4d 	strbmi	r5, [lr, #-3917]	; 0xfffff0b3
     9b0:	52415400 	subpl	r5, r1, #0, 8
     9b4:	5f544547 	svcpl	0x00544547
     9b8:	5f555043 	svcpl	0x00555043
     9bc:	316d7261 	cmncc	sp, r1, ror #4
     9c0:	6a363731 	bvs	d8e68c <shift+0xd8e68c>
     9c4:	4200737a 	andmi	r7, r0, #-402653183	; 0xe8000001
     9c8:	5f455341 	svcpl	0x00455341
     9cc:	48435241 	stmdami	r3, {r0, r6, r9, ip, lr}^
     9d0:	0045355f 	subeq	r3, r5, pc, asr r5
     9d4:	5f617369 	svcpl	0x00617369
     9d8:	5f746962 	svcpl	0x00746962
     9dc:	76696461 	strbtvc	r6, [r9], -r1, ror #8
     9e0:	4f495f00 	svcmi	0x00495f00
     9e4:	315f325f 	cmpcc	pc, pc, asr r2	; <UNPREDICTABLE>
     9e8:	6474735f 	ldrbtvs	r7, [r4], #-863	; 0xfffffca1
     9ec:	5f727265 	svcpl	0x00727265
     9f0:	6f727000 	svcvs	0x00727000
     9f4:	73736563 	cmnvc	r3, #415236096	; 0x18c00000
     9f8:	745f726f 	ldrbvc	r7, [pc], #-623	; a00 <shift+0xa00>
     9fc:	00657079 	rsbeq	r7, r5, r9, ror r0
     a00:	5f6d7261 	svcpl	0x006d7261
     a04:	00736370 	rsbseq	r6, r3, r0, ror r3
     a08:	646f6d5f 	strbtvs	r6, [pc], #-3423	; a10 <shift+0xa10>
     a0c:	72610065 	rsbvc	r0, r1, #101	; 0x65
     a10:	72615f6d 	rsbvc	r5, r1, #436	; 0x1b4
     a14:	74346863 	ldrtvc	r6, [r4], #-2147	; 0xfffff79d
     a18:	52415400 	subpl	r5, r1, #0, 8
     a1c:	5f544547 	svcpl	0x00544547
     a20:	5f555043 	svcpl	0x00555043
     a24:	74726f63 	ldrbtvc	r6, [r2], #-3939	; 0xfffff09d
     a28:	31617865 	cmncc	r1, r5, ror #16
     a2c:	726f6335 	rsbvc	r6, pc, #-738197504	; 0xd4000000
     a30:	61786574 	cmnvs	r8, r4, ror r5
     a34:	72610037 	rsbvc	r0, r1, #55	; 0x37
     a38:	75745f6d 	ldrbvc	r5, [r4, #-3949]!	; 0xfffff093
     a3c:	775f656e 	ldrbvc	r6, [pc, -lr, ror #10]
     a40:	00667562 	rsbeq	r7, r6, r2, ror #10
     a44:	62617468 	rsbvs	r7, r1, #104, 8	; 0x68000000
     a48:	7361685f 	cmnvc	r1, #6225920	; 0x5f0000
     a4c:	495f0068 	ldmdbmi	pc, {r3, r5, r6}^	; <UNPREDICTABLE>
     a50:	65725f4f 	ldrbvs	r5, [r2, #-3919]!	; 0xfffff0b1
     a54:	705f6461 	subsvc	r6, pc, r1, ror #8
     a58:	69007274 	stmdbvs	r0, {r2, r4, r5, r6, r9, ip, sp, lr}
     a5c:	625f6173 	subsvs	r6, pc, #-1073741796	; 0xc000001c
     a60:	415f7469 	cmpmi	pc, r9, ror #8
     a64:	37764d52 			; <UNDEFINED> instruction: 0x37764d52
     a68:	54006d65 	strpl	r6, [r0], #-3429	; 0xfffff29b
     a6c:	45475241 	strbmi	r5, [r7, #-577]	; 0xfffffdbf
     a70:	50435f54 	subpl	r5, r3, r4, asr pc
     a74:	6f635f55 	svcvs	0x00635f55
     a78:	78657472 	stmdavc	r5!, {r1, r4, r5, r6, sl, ip, sp, lr}^
     a7c:	5400306d 	strpl	r3, [r0], #-109	; 0xffffff93
     a80:	45475241 	strbmi	r5, [r7, #-577]	; 0xfffffdbf
     a84:	50435f54 	subpl	r5, r3, r4, asr pc
     a88:	6f635f55 	svcvs	0x00635f55
     a8c:	78657472 	stmdavc	r5!, {r1, r4, r5, r6, sl, ip, sp, lr}^
     a90:	5400316d 	strpl	r3, [r0], #-365	; 0xfffffe93
     a94:	45475241 	strbmi	r5, [r7, #-577]	; 0xfffffdbf
     a98:	50435f54 	subpl	r5, r3, r4, asr pc
     a9c:	6f635f55 	svcvs	0x00635f55
     aa0:	78657472 	stmdavc	r5!, {r1, r4, r5, r6, sl, ip, sp, lr}^
     aa4:	5400336d 	strpl	r3, [r0], #-877	; 0xfffffc93
     aa8:	45475241 	strbmi	r5, [r7, #-577]	; 0xfffffdbf
     aac:	50435f54 	subpl	r5, r3, r4, asr pc
     ab0:	6f635f55 	svcvs	0x00635f55
     ab4:	78657472 	stmdavc	r5!, {r1, r4, r5, r6, sl, ip, sp, lr}^
     ab8:	6100346d 	tstvs	r0, sp, ror #8
     abc:	615f6d72 	cmpvs	pc, r2, ror sp	; <UNPREDICTABLE>
     ac0:	5f686372 	svcpl	0x00686372
     ac4:	656d616e 	strbvs	r6, [sp, #-366]!	; 0xfffffe92
     ac8:	52415400 	subpl	r5, r1, #0, 8
     acc:	5f544547 	svcpl	0x00544547
     ad0:	5f555043 	svcpl	0x00555043
     ad4:	376d7261 	strbcc	r7, [sp, -r1, ror #4]!
     ad8:	696d6474 	stmdbvs	sp!, {r2, r4, r5, r6, sl, sp, lr}^
     adc:	52415400 	subpl	r5, r1, #0, 8
     ae0:	5f544547 	svcpl	0x00544547
     ae4:	5f555043 	svcpl	0x00555043
     ae8:	74726f63 	ldrbtvc	r6, [r2], #-3939	; 0xfffff09d
     aec:	376d7865 	strbcc	r7, [sp, -r5, ror #16]!
     af0:	52415400 	subpl	r5, r1, #0, 8
     af4:	5f544547 	svcpl	0x00544547
     af8:	5f555043 	svcpl	0x00555043
     afc:	74726f63 	ldrbtvc	r6, [r2], #-3939	; 0xfffff09d
     b00:	35617865 	strbcc	r7, [r1, #-2149]!	; 0xfffff79b
     b04:	41540033 	cmpmi	r4, r3, lsr r0
     b08:	54454752 	strbpl	r4, [r5], #-1874	; 0xfffff8ae
     b0c:	5550435f 	ldrbpl	r4, [r0, #-863]	; 0xfffffca1
     b10:	6d72615f 	ldfvse	f6, [r2, #-380]!	; 0xfffffe84
     b14:	696d6437 	stmdbvs	sp!, {r0, r1, r2, r4, r5, sl, sp, lr}^
     b18:	52415400 	subpl	r5, r1, #0, 8
     b1c:	5f544547 	svcpl	0x00544547
     b20:	5f555043 	svcpl	0x00555043
     b24:	6f63706d 	svcvs	0x0063706d
     b28:	54006572 	strpl	r6, [r0], #-1394	; 0xfffffa8e
     b2c:	45475241 	strbmi	r5, [r7, #-577]	; 0xfffffdbf
     b30:	50435f54 	subpl	r5, r3, r4, asr pc
     b34:	72615f55 	rsbvc	r5, r1, #340	; 0x154
     b38:	6f6e5f6d 	svcvs	0x006e5f6d
     b3c:	6100656e 	tstvs	r0, lr, ror #10
     b40:	615f6d72 	cmpvs	pc, r2, ror sp	; <UNPREDICTABLE>
     b44:	5f686372 	svcpl	0x00686372
     b48:	6d746f6e 	ldclvs	15, cr6, [r4, #-440]!	; 0xfffffe48
     b4c:	6d726100 	ldfvse	f6, [r2, #-0]
     b50:	6372615f 	cmnvs	r2, #-1073741801	; 0xc0000017
     b54:	00653568 	rsbeq	r3, r5, r8, ror #10
     b58:	47524154 			; <UNDEFINED> instruction: 0x47524154
     b5c:	435f5445 	cmpmi	pc, #1157627904	; 0x45000000
     b60:	615f5550 	cmpvs	pc, r0, asr r5	; <UNPREDICTABLE>
     b64:	30316d72 	eorscc	r6, r1, r2, ror sp
     b68:	00653032 	rsbeq	r3, r5, r2, lsr r0
     b6c:	45534142 	ldrbmi	r4, [r3, #-322]	; 0xfffffebe
     b70:	4352415f 	cmpmi	r2, #-1073741801	; 0xc0000017
     b74:	4a365f48 	bmi	d9889c <shift+0xd9889c>
     b78:	52415400 	subpl	r5, r1, #0, 8
     b7c:	5f544547 	svcpl	0x00544547
     b80:	5f555043 	svcpl	0x00555043
     b84:	396d7261 	stmdbcc	sp!, {r0, r5, r6, r9, ip, sp, lr}^
     b88:	73653836 	cmnvc	r5, #3538944	; 0x360000
     b8c:	52415400 	subpl	r5, r1, #0, 8
     b90:	5f544547 	svcpl	0x00544547
     b94:	5f555043 	svcpl	0x00555043
     b98:	376d7261 	strbcc	r7, [sp, -r1, ror #4]!
     b9c:	00743034 	rsbseq	r3, r4, r4, lsr r0
     ba0:	45534142 	ldrbmi	r4, [r3, #-322]	; 0xfffffebe
     ba4:	4352415f 	cmpmi	r2, #-1073741801	; 0xc0000017
     ba8:	4d365f48 	ldcmi	15, cr5, [r6, #-288]!	; 0xfffffee0
     bac:	61736900 	cmnvs	r3, r0, lsl #18
     bb0:	7469625f 	strbtvc	r6, [r9], #-607	; 0xfffffda1
     bb4:	6d77695f 			; <UNDEFINED> instruction: 0x6d77695f
     bb8:	0074786d 	rsbseq	r7, r4, sp, ror #16
     bbc:	47524154 			; <UNDEFINED> instruction: 0x47524154
     bc0:	435f5445 	cmpmi	pc, #1157627904	; 0x45000000
     bc4:	615f5550 	cmpvs	pc, r0, asr r5	; <UNPREDICTABLE>
     bc8:	31316d72 	teqcc	r1, r2, ror sp
     bcc:	666a3633 			; <UNDEFINED> instruction: 0x666a3633
     bd0:	52410073 	subpl	r0, r1, #115	; 0x73
     bd4:	534c5f4d 	movtpl	r5, #53069	; 0xcf4d
     bd8:	52415400 	subpl	r5, r1, #0, 8
     bdc:	5f544547 	svcpl	0x00544547
     be0:	5f555043 	svcpl	0x00555043
     be4:	316d7261 	cmncc	sp, r1, ror #4
     be8:	74303230 	ldrtvc	r3, [r0], #-560	; 0xfffffdd0
     bec:	4f495f00 	svcmi	0x00495f00
     bf0:	6972775f 	ldmdbvs	r2!, {r0, r1, r2, r3, r4, r6, r8, r9, sl, ip, sp, lr}^
     bf4:	625f6574 	subsvs	r6, pc, #116, 10	; 0x1d000000
     bf8:	00657361 	rsbeq	r7, r5, r1, ror #6
     bfc:	45534142 	ldrbmi	r4, [r3, #-322]	; 0xfffffebe
     c00:	4352415f 	cmpmi	r2, #-1073741801	; 0xc0000017
     c04:	5a365f48 	bpl	d9892c <shift+0xd9892c>
     c08:	4d524100 	ldfmie	f4, [r2, #-0]
     c0c:	5343505f 	movtpl	r5, #12383	; 0x305f
     c10:	5041415f 	subpl	r4, r1, pc, asr r1
     c14:	565f5343 	ldrbpl	r5, [pc], -r3, asr #6
     c18:	54005046 	strpl	r5, [r0], #-70	; 0xffffffba
     c1c:	45475241 	strbmi	r5, [r7, #-577]	; 0xfffffdbf
     c20:	50435f54 	subpl	r5, r3, r4, asr pc
     c24:	77695f55 			; <UNDEFINED> instruction: 0x77695f55
     c28:	74786d6d 	ldrbtvc	r6, [r8], #-3437	; 0xfffff293
     c2c:	73690032 	cmnvc	r9, #50	; 0x32
     c30:	69625f61 	stmdbvs	r2!, {r0, r5, r6, r8, r9, sl, fp, ip, lr}^
     c34:	656e5f74 	strbvs	r5, [lr, #-3956]!	; 0xfffff08c
     c38:	6c006e6f 	stcvs	14, cr6, [r0], {111}	; 0x6f
     c3c:	20676e6f 	rsbcs	r6, r7, pc, ror #28
     c40:	676e6f6c 	strbvs	r6, [lr, -ip, ror #30]!
     c44:	746e6920 	strbtvc	r6, [lr], #-2336	; 0xfffff6e0
     c48:	61736900 	cmnvs	r3, r0, lsl #18
     c4c:	7469625f 	strbtvc	r6, [r9], #-607	; 0xfffffda1
     c50:	7650465f 			; <UNDEFINED> instruction: 0x7650465f
     c54:	72610035 	rsbvc	r0, r1, #53	; 0x35
     c58:	70665f6d 	rsbvc	r5, r6, sp, ror #30
     c5c:	74615f75 	strbtvc	r5, [r1], #-3957	; 0xfffff08b
     c60:	5f007274 	svcpl	0x00007274
     c64:	325f4f49 	subscc	r4, pc, #292	; 0x124
     c68:	735f315f 	cmpvc	pc, #-1073741801	; 0xc0000017
     c6c:	756f6474 	strbvc	r6, [pc, #-1140]!	; 800 <shift+0x800>
     c70:	54005f74 	strpl	r5, [r0], #-3956	; 0xfffff08c
     c74:	45475241 	strbmi	r5, [r7, #-577]	; 0xfffffdbf
     c78:	50435f54 	subpl	r5, r3, r4, asr pc
     c7c:	61665f55 	cmnvs	r6, r5, asr pc
     c80:	74363236 	ldrtvc	r3, [r6], #-566	; 0xfffffdca
     c84:	73690065 	cmnvc	r9, #101	; 0x65
     c88:	75745f61 	ldrbvc	r5, [r4, #-3937]!	; 0xfffff09f
     c8c:	6c5f656e 	cfldr64vs	mvdx6, [pc], {110}	; 0x6e
     c90:	68637364 	stmdavs	r3!, {r2, r5, r6, r8, r9, ip, sp, lr}^
     c94:	54006465 	strpl	r6, [r0], #-1125	; 0xfffffb9b
     c98:	45475241 	strbmi	r5, [r7, #-577]	; 0xfffffdbf
     c9c:	50435f54 	subpl	r5, r3, r4, asr pc
     ca0:	616d5f55 	cmnvs	sp, r5, asr pc
     ca4:	6c657672 	stclvs	6, cr7, [r5], #-456	; 0xfffffe38
     ca8:	6a705f6c 	bvs	1c18a60 <shift+0x1c18a60>
     cac:	74680034 	strbtvc	r0, [r8], #-52	; 0xffffffcc
     cb0:	685f6261 	ldmdavs	pc, {r0, r5, r6, r9, sp, lr}^	; <UNPREDICTABLE>
     cb4:	5f687361 	svcpl	0x00687361
     cb8:	6e696f70 	mcrvs	15, 3, r6, cr9, cr0, {3}
     cbc:	00726574 	rsbseq	r6, r2, r4, ror r5
     cc0:	47524154 			; <UNDEFINED> instruction: 0x47524154
     cc4:	435f5445 	cmpmi	pc, #1157627904	; 0x45000000
     cc8:	635f5550 	cmpvs	pc, #80, 10	; 0x14000000
     ccc:	6574726f 	ldrbvs	r7, [r4, #-623]!	; 0xfffffd91
     cd0:	35336178 	ldrcc	r6, [r3, #-376]!	; 0xfffffe88
     cd4:	6d726100 	ldfvse	f6, [r2, #-0]
     cd8:	6e75745f 	mrcvs	4, 3, r7, cr5, cr15, {2}
     cdc:	6f635f65 	svcvs	0x00635f65
     ce0:	78657472 	stmdavc	r5!, {r1, r4, r5, r6, sl, ip, sp, lr}^
     ce4:	0039615f 	eorseq	r6, r9, pc, asr r1
     ce8:	5f617369 	svcpl	0x00617369
     cec:	5f746962 	svcpl	0x00746962
     cf0:	6d6d7769 	stclvs	7, cr7, [sp, #-420]!	; 0xfffffe5c
     cf4:	00327478 	eorseq	r7, r2, r8, ror r4
     cf8:	47524154 			; <UNDEFINED> instruction: 0x47524154
     cfc:	435f5445 	cmpmi	pc, #1157627904	; 0x45000000
     d00:	635f5550 	cmpvs	pc, #80, 10	; 0x14000000
     d04:	6574726f 	ldrbvs	r7, [r4, #-623]!	; 0xfffffd91
     d08:	32376178 	eorscc	r6, r7, #120, 2
     d0c:	74726f63 	ldrbtvc	r6, [r2], #-3939	; 0xfffff09d
     d10:	35617865 	strbcc	r7, [r1, #-2149]!	; 0xfffff79b
     d14:	73690033 	cmnvc	r9, #51	; 0x33
     d18:	69625f61 	stmdbvs	r2!, {r0, r5, r6, r8, r9, sl, fp, ip, lr}^
     d1c:	68745f74 	ldmdavs	r4!, {r2, r4, r5, r6, r8, r9, sl, fp, ip, lr}^
     d20:	32626d75 	rsbcc	r6, r2, #7488	; 0x1d40
     d24:	74706f00 	ldrbtvc	r6, [r0], #-3840	; 0xfffff100
     d28:	00646e69 	rsbeq	r6, r4, r9, ror #28
     d2c:	45534142 	ldrbmi	r4, [r3, #-322]	; 0xfffffebe
     d30:	4352415f 	cmpmi	r2, #-1073741801	; 0xc0000017
     d34:	41375f48 	teqmi	r7, r8, asr #30
     d38:	61736900 	cmnvs	r3, r0, lsl #18
     d3c:	7469625f 	strbtvc	r6, [r9], #-607	; 0xfffffda1
     d40:	746f645f 	strbtvc	r6, [pc], #-1119	; d48 <shift+0xd48>
     d44:	646f7270 	strbtvs	r7, [pc], #-624	; d4c <shift+0xd4c>
     d48:	53414200 	movtpl	r4, #4608	; 0x1200
     d4c:	52415f45 	subpl	r5, r1, #276	; 0x114
     d50:	305f4843 	subscc	r4, pc, r3, asr #16
     d54:	6d726100 	ldfvse	f6, [r2, #-0]
     d58:	3170665f 	cmncc	r0, pc, asr r6
     d5c:	79745f36 	ldmdbvc	r4!, {r1, r2, r4, r5, r8, r9, sl, fp, ip, lr}^
     d60:	6e5f6570 	mrcvs	5, 2, r6, cr15, cr0, {3}
     d64:	0065646f 	rsbeq	r6, r5, pc, ror #8
     d68:	5f4d5241 	svcpl	0x004d5241
     d6c:	6100494d 	tstvs	r0, sp, asr #18
     d70:	615f6d72 	cmpvs	pc, r2, ror sp	; <UNPREDICTABLE>
     d74:	36686372 			; <UNDEFINED> instruction: 0x36686372
     d78:	7261006b 	rsbvc	r0, r1, #107	; 0x6b
     d7c:	72615f6d 	rsbvc	r5, r1, #436	; 0x1b4
     d80:	6d366863 	ldcvs	8, cr6, [r6, #-396]!	; 0xfffffe74
     d84:	53414200 	movtpl	r4, #4608	; 0x1200
     d88:	52415f45 	subpl	r5, r1, #276	; 0x114
     d8c:	345f4843 	ldrbcc	r4, [pc], #-2115	; d94 <shift+0xd94>
     d90:	53414200 	movtpl	r4, #4608	; 0x1200
     d94:	52415f45 	subpl	r5, r1, #276	; 0x114
     d98:	375f4843 	ldrbcc	r4, [pc, -r3, asr #16]
     d9c:	41420052 	qdaddmi	r0, r2, r2
     da0:	415f4553 	cmpmi	pc, r3, asr r5	; <UNPREDICTABLE>
     da4:	5f484352 	svcpl	0x00484352
     da8:	5f5f0036 	svcpl	0x005f0036
     dac:	63706f70 	cmnvs	r0, #112, 30	; 0x1c0
     db0:	746e756f 	strbtvc	r7, [lr], #-1391	; 0xfffffa91
     db4:	6261745f 	rsbvs	r7, r1, #1593835520	; 0x5f000000
     db8:	715f5f00 	cmpvc	pc, r0, lsl #30
     dbc:	5f646175 	svcpl	0x00646175
     dc0:	74680074 	strbtvc	r0, [r8], #-116	; 0xffffff8c
     dc4:	655f6261 	ldrbvs	r6, [pc, #-609]	; b6b <shift+0xb6b>
     dc8:	41420071 	hvcmi	8193	; 0x2001
     dcc:	415f4553 	cmpmi	pc, r3, asr r5	; <UNPREDICTABLE>
     dd0:	5f484352 	svcpl	0x00484352
     dd4:	00325436 	eorseq	r5, r2, r6, lsr r4
     dd8:	61705f5f 	cmnvs	r0, pc, asr pc
     ddc:	5f003264 	svcpl	0x00003264
     de0:	6461705f 	strbtvs	r7, [r1], #-95	; 0xffffffa1
     de4:	5f5f0033 	svcpl	0x005f0033
     de8:	34646170 	strbtcc	r6, [r4], #-368	; 0xfffffe90
     dec:	705f5f00 	subsvc	r5, pc, r0, lsl #30
     df0:	00356461 	eorseq	r6, r5, r1, ror #8
     df4:	47524154 			; <UNDEFINED> instruction: 0x47524154
     df8:	435f5445 	cmpmi	pc, #1157627904	; 0x45000000
     dfc:	635f5550 	cmpvs	pc, #80, 10	; 0x14000000
     e00:	6574726f 	ldrbvs	r7, [r4, #-623]!	; 0xfffffd91
     e04:	33376178 	teqcc	r7, #120, 2
     e08:	52415400 	subpl	r5, r1, #0, 8
     e0c:	5f544547 	svcpl	0x00544547
     e10:	5f555043 	svcpl	0x00555043
     e14:	656e6567 	strbvs	r6, [lr, #-1383]!	; 0xfffffa99
     e18:	76636972 			; <UNDEFINED> instruction: 0x76636972
     e1c:	54006137 	strpl	r6, [r0], #-311	; 0xfffffec9
     e20:	45475241 	strbmi	r5, [r7, #-577]	; 0xfffffdbf
     e24:	50435f54 	subpl	r5, r3, r4, asr pc
     e28:	72615f55 	rsbvc	r5, r1, #340	; 0x154
     e2c:	3030376d 	eorscc	r3, r0, sp, ror #14
     e30:	6d726100 	ldfvse	f6, [r2, #-0]
     e34:	6372615f 	cmnvs	r2, #-1073741801	; 0xc0000017
     e38:	6f6e5f68 	svcvs	0x006e5f68
     e3c:	6c6f765f 	stclvs	6, cr7, [pc], #-380	; cc8 <shift+0xcc8>
     e40:	6c697461 	cfstrdvs	mvd7, [r9], #-388	; 0xfffffe7c
     e44:	65635f65 	strbvs	r5, [r3, #-3941]!	; 0xfffff09b
     e48:	53414200 	movtpl	r4, #4608	; 0x1200
     e4c:	52415f45 	subpl	r5, r1, #276	; 0x114
     e50:	385f4843 	ldmdacc	pc, {r0, r1, r6, fp, lr}^	; <UNPREDICTABLE>
     e54:	41540041 	cmpmi	r4, r1, asr #32
     e58:	54454752 	strbpl	r4, [r5], #-1874	; 0xfffff8ae
     e5c:	5550435f 	ldrbpl	r4, [r0, #-863]	; 0xfffffca1
     e60:	6d72615f 	ldfvse	f6, [r2, #-380]!	; 0xfffffe84
     e64:	6d647437 	cfstrdvs	mvd7, [r4, #-220]!	; 0xffffff24
     e68:	54007369 	strpl	r7, [r0], #-873	; 0xfffffc97
     e6c:	45475241 	strbmi	r5, [r7, #-577]	; 0xfffffdbf
     e70:	50435f54 	subpl	r5, r3, r4, asr pc
     e74:	72615f55 	rsbvc	r5, r1, #340	; 0x154
     e78:	3230316d 	eorscc	r3, r0, #1073741851	; 0x4000001b
     e7c:	5f006532 	svcpl	0x00006532
     e80:	62617476 	rsbvs	r7, r1, #1979711488	; 0x76000000
     e84:	6f5f656c 	svcvs	0x005f656c
     e88:	65736666 	ldrbvs	r6, [r3, #-1638]!	; 0xfffff99a
     e8c:	706f0074 	rsbvc	r0, pc, r4, ror r0	; <UNPREDICTABLE>
     e90:	72726574 	rsbsvc	r6, r2, #116, 10	; 0x1d000000
     e94:	53414200 	movtpl	r4, #4608	; 0x1200
     e98:	52415f45 	subpl	r5, r1, #276	; 0x114
     e9c:	355f4843 	ldrbcc	r4, [pc, #-2115]	; 661 <shift+0x661>
     ea0:	41540054 	cmpmi	r4, r4, asr r0
     ea4:	54454752 	strbpl	r4, [r5], #-1874	; 0xfffff8ae
     ea8:	5550435f 	ldrbpl	r4, [r0, #-863]	; 0xfffffca1
     eac:	726f635f 	rsbvc	r6, pc, #2080374785	; 0x7c000001
     eb0:	61786574 	cmnvs	r8, r4, ror r5
     eb4:	6f633337 	svcvs	0x00633337
     eb8:	78657472 	stmdavc	r5!, {r1, r4, r5, r6, sl, ip, sp, lr}^
     ebc:	00353361 	eorseq	r3, r5, r1, ror #6
     ec0:	6174706f 	cmnvs	r4, pc, rrx
     ec4:	41006772 	tstmi	r0, r2, ror r7
     ec8:	4e5f4d52 	mrcmi	13, 2, r4, cr15, cr2, {2}
     ecc:	72610056 	rsbvc	r0, r1, #86	; 0x56
     ed0:	72615f6d 	rsbvc	r5, r1, #436	; 0x1b4
     ed4:	00346863 	eorseq	r6, r4, r3, ror #16
     ed8:	5f6d7261 	svcpl	0x006d7261
     edc:	68637261 	stmdavs	r3!, {r0, r5, r6, r9, ip, sp, lr}^
     ee0:	72610035 	rsbvc	r0, r1, #53	; 0x35
     ee4:	72615f6d 	rsbvc	r5, r1, #436	; 0x1b4
     ee8:	00366863 	eorseq	r6, r6, r3, ror #16
     eec:	5f6d7261 	svcpl	0x006d7261
     ef0:	68637261 	stmdavs	r3!, {r0, r5, r6, r9, ip, sp, lr}^
     ef4:	72610037 	rsbvc	r0, r1, #55	; 0x37
     ef8:	72615f6d 	rsbvc	r5, r1, #436	; 0x1b4
     efc:	00386863 	eorseq	r6, r8, r3, ror #16
     f00:	676e6f6c 	strbvs	r6, [lr, -ip, ror #30]!
     f04:	756f6420 	strbvc	r6, [pc, #-1056]!	; aec <shift+0xaec>
     f08:	00656c62 	rsbeq	r6, r5, r2, ror #24
     f0c:	45534142 	ldrbmi	r4, [r3, #-322]	; 0xfffffebe
     f10:	4352415f 	cmpmi	r2, #-1073741801	; 0xc0000017
     f14:	4b365f48 	blmi	d98c3c <shift+0xd98c3c>
     f18:	52415400 	subpl	r5, r1, #0, 8
     f1c:	5f544547 	svcpl	0x00544547
     f20:	5f555043 	svcpl	0x00555043
     f24:	396d7261 	stmdbcc	sp!, {r0, r5, r6, r9, ip, sp, lr}^
     f28:	00743034 	rsbseq	r3, r4, r4, lsr r0
     f2c:	5f6d7261 	svcpl	0x006d7261
     f30:	656e7574 	strbvs	r7, [lr, #-1396]!	; 0xfffffa8c
     f34:	6373785f 	cmnvs	r3, #6225920	; 0x5f0000
     f38:	00656c61 	rsbeq	r6, r5, r1, ror #24
     f3c:	47524154 			; <UNDEFINED> instruction: 0x47524154
     f40:	435f5445 	cmpmi	pc, #1157627904	; 0x45000000
     f44:	615f5550 	cmpvs	pc, r0, asr r5	; <UNPREDICTABLE>
     f48:	35376d72 	ldrcc	r6, [r7, #-3442]!	; 0xfffff28e
     f4c:	69003030 	stmdbvs	r0, {r4, r5, ip, sp}
     f50:	715f6173 	cmpvc	pc, r3, ror r1	; <UNPREDICTABLE>
     f54:	6b726975 	blvs	1c9b530 <shift+0x1c9b530>
     f58:	4d52415f 	ldfmie	f4, [r2, #-380]	; 0xfffffe84
     f5c:	7a6b3676 	bvc	1ace93c <shift+0x1ace93c>
     f60:	75687400 	strbvc	r7, [r8, #-1024]!	; 0xfffffc00
     f64:	635f626d 	cmpvs	pc, #-805306362	; 0xd0000006
     f68:	5f6c6c61 	svcpl	0x006c6c61
     f6c:	5f616976 	svcpl	0x00616976
     f70:	6562616c 	strbvs	r6, [r2, #-364]!	; 0xfffffe94
     f74:	4154006c 	cmpmi	r4, ip, rrx
     f78:	54454752 	strbpl	r4, [r5], #-1874	; 0xfffff8ae
     f7c:	5550435f 	ldrbpl	r4, [r0, #-863]	; 0xfffffca1
     f80:	6d72615f 	ldfvse	f6, [r2, #-380]!	; 0xfffffe84
     f84:	00303137 	eorseq	r3, r0, r7, lsr r1
     f88:	47524154 			; <UNDEFINED> instruction: 0x47524154
     f8c:	435f5445 	cmpmi	pc, #1157627904	; 0x45000000
     f90:	635f5550 	cmpvs	pc, #80, 10	; 0x14000000
     f94:	6574726f 	ldrbvs	r7, [r4, #-623]!	; 0xfffffd91
     f98:	00356178 	eorseq	r6, r5, r8, ror r1
     f9c:	5f4f495f 	svcpl	0x004f495f
     fa0:	65766173 	ldrbvs	r6, [r6, #-371]!	; 0xfffffe8d
     fa4:	7361625f 	cmnvc	r1, #-268435451	; 0xf0000005
     fa8:	41540065 	cmpmi	r4, r5, rrx
     fac:	54454752 	strbpl	r4, [r5], #-1874	; 0xfffff8ae
     fb0:	5550435f 	ldrbpl	r4, [r0, #-863]	; 0xfffffca1
     fb4:	726f635f 	rsbvc	r6, pc, #2080374785	; 0x7c000001
     fb8:	61786574 	cmnvs	r8, r4, ror r5
     fbc:	41540038 	cmpmi	r4, r8, lsr r0
     fc0:	54454752 	strbpl	r4, [r5], #-1874	; 0xfffff8ae
     fc4:	5550435f 	ldrbpl	r4, [r0, #-863]	; 0xfffffca1
     fc8:	726f635f 	rsbvc	r6, pc, #2080374785	; 0x7c000001
     fcc:	61786574 	cmnvs	r8, r4, ror r5
     fd0:	495f0039 	ldmdbmi	pc, {r0, r3, r4, r5}^	; <UNPREDICTABLE>
     fd4:	65725f4f 	ldrbvs	r5, [r2, #-3919]!	; 0xfffff0b1
     fd8:	655f6461 	ldrbvs	r6, [pc, #-1121]	; b7f <shift+0xb7f>
     fdc:	4100646e 	tstmi	r0, lr, ror #8
     fe0:	505f4d52 	subspl	r4, pc, r2, asr sp	; <UNPREDICTABLE>
     fe4:	415f5343 	cmpmi	pc, r3, asr #6
     fe8:	00534350 	subseq	r4, r3, r0, asr r3
     fec:	5f4d5241 	svcpl	0x004d5241
     ff0:	5f534350 	svcpl	0x00534350
     ff4:	43505441 	cmpmi	r0, #1090519040	; 0x41000000
     ff8:	68730053 	ldmdavs	r3!, {r0, r1, r4, r6}^
     ffc:	2074726f 	rsbscs	r7, r4, pc, ror #4
    1000:	00746e69 	rsbseq	r6, r4, r9, ror #28
    1004:	47524154 			; <UNDEFINED> instruction: 0x47524154
    1008:	435f5445 	cmpmi	pc, #1157627904	; 0x45000000
    100c:	615f5550 	cmpvs	pc, r0, asr r5	; <UNPREDICTABLE>
    1010:	30366d72 	eorscc	r6, r6, r2, ror sp
    1014:	41540030 	cmpmi	r4, r0, lsr r0
    1018:	54454752 	strbpl	r4, [r5], #-1874	; 0xfffff8ae
    101c:	5550435f 	ldrbpl	r4, [r0, #-863]	; 0xfffffca1
    1020:	6d72615f 	ldfvse	f6, [r2, #-380]!	; 0xfffffe84
    1024:	74303237 	ldrtvc	r3, [r0], #-567	; 0xfffffdc9
    1028:	52415400 	subpl	r5, r1, #0, 8
    102c:	5f544547 	svcpl	0x00544547
    1030:	5f555043 	svcpl	0x00555043
    1034:	74726f63 	ldrbtvc	r6, [r2], #-3939	; 0xfffff09d
    1038:	35617865 	strbcc	r7, [r1, #-2149]!	; 0xfffff79b
    103c:	6f630037 	svcvs	0x00630037
    1040:	656c706d 	strbvs	r7, [ip, #-109]!	; 0xffffff93
    1044:	6f642078 	svcvs	0x00642078
    1048:	656c6275 	strbvs	r6, [ip, #-629]!	; 0xfffffd8b
    104c:	52415400 	subpl	r5, r1, #0, 8
    1050:	5f544547 	svcpl	0x00544547
    1054:	5f555043 	svcpl	0x00555043
    1058:	74726f63 	ldrbtvc	r6, [r2], #-3939	; 0xfffff09d
    105c:	37617865 	strbcc	r7, [r1, -r5, ror #16]!
    1060:	726f6333 	rsbvc	r6, pc, #-872415232	; 0xcc000000
    1064:	61786574 	cmnvs	r8, r4, ror r5
    1068:	54003335 	strpl	r3, [r0], #-821	; 0xfffffccb
    106c:	45475241 	strbmi	r5, [r7, #-577]	; 0xfffffdbf
    1070:	50435f54 	subpl	r5, r3, r4, asr pc
    1074:	6f635f55 	svcvs	0x00635f55
    1078:	78657472 	stmdavc	r5!, {r1, r4, r5, r6, sl, ip, sp, lr}^
    107c:	61003761 	tstvs	r0, r1, ror #14
    1080:	635f6d72 	cmpvs	pc, #7296	; 0x1c80
    1084:	73690063 	cmnvc	r9, #99	; 0x63
    1088:	69625f61 	stmdbvs	r2!, {r0, r5, r6, r8, r9, sl, fp, ip, lr}^
    108c:	6f6d5f74 	svcvs	0x006d5f74
    1090:	36326564 	ldrtcc	r6, [r2], -r4, ror #10
    1094:	61736900 	cmnvs	r3, r0, lsl #18
    1098:	7469625f 	strbtvc	r6, [r9], #-607	; 0xfffffda1
    109c:	6373785f 	cmnvs	r3, #6225920	; 0x5f0000
    10a0:	00656c61 	rsbeq	r6, r5, r1, ror #24
    10a4:	47524154 			; <UNDEFINED> instruction: 0x47524154
    10a8:	435f5445 	cmpmi	pc, #1157627904	; 0x45000000
    10ac:	735f5550 	cmpvc	pc, #80, 10	; 0x14000000
    10b0:	6e6f7274 	mcrvs	2, 3, r7, cr15, cr4, {3}
    10b4:	6d726167 	ldfvse	f6, [r2, #-412]!	; 0xfffffe64
    10b8:	30303131 	eorscc	r3, r0, r1, lsr r1
    10bc:	52415400 	subpl	r5, r1, #0, 8
    10c0:	5f544547 	svcpl	0x00544547
    10c4:	5f555043 	svcpl	0x00555043
    10c8:	74726f63 	ldrbtvc	r6, [r2], #-3939	; 0xfffff09d
    10cc:	306d7865 	rsbcc	r7, sp, r5, ror #16
    10d0:	73756c70 	cmnvc	r5, #112, 24	; 0x7000
    10d4:	6f645f00 	svcvs	0x00645f00
    10d8:	755f746e 	ldrbvc	r7, [pc, #-1134]	; c72 <shift+0xc72>
    10dc:	745f6573 	ldrbvc	r6, [pc], #-1395	; 10e4 <shift+0x10e4>
    10e0:	5f656572 	svcpl	0x00656572
    10e4:	65726568 	ldrbvs	r6, [r2, #-1384]!	; 0xfffffa98
    10e8:	4154005f 	cmpmi	r4, pc, asr r0
    10ec:	54454752 	strbpl	r4, [r5], #-1874	; 0xfffff8ae
    10f0:	5550435f 	ldrbpl	r4, [r0, #-863]	; 0xfffffca1
    10f4:	6d72615f 	ldfvse	f6, [r2, #-380]!	; 0xfffffe84
    10f8:	64743031 	ldrbtvs	r3, [r4], #-49	; 0xffffffcf
    10fc:	6200696d 	andvs	r6, r0, #1785856	; 0x1b4000
    1100:	5f657361 	svcpl	0x00657361
    1104:	68637261 	stmdavs	r3!, {r0, r5, r6, r9, ip, sp, lr}^
    1108:	63657469 	cmnvs	r5, #1761607680	; 0x69000000
    110c:	65727574 	ldrbvs	r7, [r2, #-1396]!	; 0xfffffa8c
    1110:	6d726100 	ldfvse	f6, [r2, #-0]
    1114:	6372615f 	cmnvs	r2, #-1073741801	; 0xc0000017
    1118:	72635f68 	rsbvc	r5, r3, #104, 30	; 0x1a0
    111c:	41540063 	cmpmi	r4, r3, rrx
    1120:	54454752 	strbpl	r4, [r5], #-1874	; 0xfffff8ae
    1124:	5550435f 	ldrbpl	r4, [r0, #-863]	; 0xfffffca1
    1128:	726f635f 	rsbvc	r6, pc, #2080374785	; 0x7c000001
    112c:	6d786574 	cfldr64vs	mvdx6, [r8, #-464]!	; 0xfffffe30
    1130:	616d7331 	cmnvs	sp, r1, lsr r3
    1134:	756d6c6c 	strbvc	r6, [sp, #-3180]!	; 0xfffff394
    1138:	7069746c 	rsbvc	r7, r9, ip, ror #8
    113c:	6100796c 	tstvs	r0, ip, ror #18
    1140:	635f6d72 	cmpvs	pc, #7296	; 0x1c80
    1144:	65727275 	ldrbvs	r7, [r2, #-629]!	; 0xfffffd8b
    1148:	635f746e 	cmpvs	pc, #1845493760	; 0x6e000000
    114c:	72610063 	rsbvc	r0, r1, #99	; 0x63
    1150:	61745f6d 	cmnvs	r4, sp, ror #30
    1154:	74656772 	strbtvc	r6, [r5], #-1906	; 0xfffff88e
    1158:	736e695f 	cmnvc	lr, #1556480	; 0x17c000
    115c:	645f006e 	ldrbvs	r0, [pc], #-110	; 1164 <shift+0x1164>
    1160:	5f746e6f 	svcpl	0x00746e6f
    1164:	5f657375 	svcpl	0x00657375
    1168:	5f787472 	svcpl	0x00787472
    116c:	65726568 	ldrbvs	r6, [r2, #-1384]!	; 0xfffffa98
    1170:	5f5f005f 	svcpl	0x005f005f
    1174:	69766e65 	ldmdbvs	r6!, {r0, r2, r5, r6, r9, sl, fp, sp, lr}^
    1178:	006e6f72 	rsbeq	r6, lr, r2, ror pc
    117c:	5f617369 	svcpl	0x00617369
    1180:	5f746962 	svcpl	0x00746962
    1184:	33637263 	cmncc	r3, #805306374	; 0x30000006
    1188:	495f0032 	ldmdbmi	pc, {r1, r4, r5}^	; <UNPREDICTABLE>
    118c:	49465f4f 	stmdbmi	r6, {r0, r1, r2, r3, r6, r8, r9, sl, fp, ip, lr}^
    1190:	705f454c 	subsvc	r4, pc, ip, asr #10
    1194:	0073756c 	rsbseq	r7, r3, ip, ror #10
    1198:	5f4d5241 	svcpl	0x004d5241
    119c:	69004c50 	stmdbvs	r0, {r4, r6, sl, fp, lr}
    11a0:	625f6173 	subsvs	r6, pc, #-1073741796	; 0xc000001c
    11a4:	565f7469 	ldrbpl	r7, [pc], -r9, ror #8
    11a8:	32765046 	rsbscc	r5, r6, #70	; 0x46
    11ac:	61736900 	cmnvs	r3, r0, lsl #18
    11b0:	7469625f 	strbtvc	r6, [r9], #-607	; 0xfffffda1
    11b4:	5046565f 	subpl	r5, r6, pc, asr r6
    11b8:	69003376 	stmdbvs	r0, {r1, r2, r4, r5, r6, r8, r9, ip, sp}
    11bc:	625f6173 	subsvs	r6, pc, #-1073741796	; 0xc000001c
    11c0:	565f7469 	ldrbpl	r7, [pc], -r9, ror #8
    11c4:	34765046 	ldrbtcc	r5, [r6], #-70	; 0xffffffba
    11c8:	53414200 	movtpl	r4, #4608	; 0x1200
    11cc:	52415f45 	subpl	r5, r1, #276	; 0x114
    11d0:	385f4843 	ldmdacc	pc, {r0, r1, r6, fp, lr}^	; <UNPREDICTABLE>
    11d4:	414d5f4d 	cmpmi	sp, sp, asr #30
    11d8:	54004e49 	strpl	r4, [r0], #-3657	; 0xfffff1b7
    11dc:	45475241 	strbmi	r5, [r7, #-577]	; 0xfffffdbf
    11e0:	50435f54 	subpl	r5, r3, r4, asr pc
    11e4:	72615f55 	rsbvc	r5, r1, #340	; 0x154
    11e8:	6474396d 	ldrbtvs	r3, [r4], #-2413	; 0xfffff693
    11ec:	4100696d 	tstmi	r0, sp, ror #18
    11f0:	415f4d52 	cmpmi	pc, r2, asr sp	; <UNPREDICTABLE>
    11f4:	7369004c 	cmnvc	r9, #76	; 0x4c
    11f8:	69625f61 	stmdbvs	r2!, {r0, r5, r6, r8, r9, sl, fp, ip, lr}^
    11fc:	6f6d5f74 	svcvs	0x006d5f74
    1200:	32336564 	eorscc	r6, r3, #100, 10	; 0x19000000
    1204:	53414200 	movtpl	r4, #4608	; 0x1200
    1208:	52415f45 	subpl	r5, r1, #276	; 0x114
    120c:	375f4843 	ldrbcc	r4, [pc, -r3, asr #16]
    1210:	7261004d 	rsbvc	r0, r1, #77	; 0x4d
    1214:	61745f6d 	cmnvs	r4, sp, ror #30
    1218:	74656772 	strbtvc	r6, [r5], #-1906	; 0xfffff88e
    121c:	62616c5f 	rsbvs	r6, r1, #24320	; 0x5f00
    1220:	54006c65 	strpl	r6, [r0], #-3173	; 0xfffff39b
    1224:	45475241 	strbmi	r5, [r7, #-577]	; 0xfffffdbf
    1228:	50435f54 	subpl	r5, r3, r4, asr pc
    122c:	74735f55 	ldrbtvc	r5, [r3], #-3925	; 0xfffff0ab
    1230:	676e6f72 			; <UNDEFINED> instruction: 0x676e6f72
    1234:	316d7261 	cmncc	sp, r1, ror #4
    1238:	00303131 	eorseq	r3, r0, r1, lsr r1
    123c:	47524154 			; <UNDEFINED> instruction: 0x47524154
    1240:	435f5445 	cmpmi	pc, #1157627904	; 0x45000000
    1244:	615f5550 	cmpvs	pc, r0, asr r5	; <UNPREDICTABLE>
    1248:	32376d72 	eorscc	r6, r7, #7296	; 0x1c80
    124c:	41540030 	cmpmi	r4, r0, lsr r0
    1250:	54454752 	strbpl	r4, [r5], #-1874	; 0xfffff8ae
    1254:	5550435f 	ldrbpl	r4, [r0, #-863]	; 0xfffffca1
    1258:	726f635f 	rsbvc	r6, pc, #2080374785	; 0x7c000001
    125c:	72786574 	rsbsvc	r6, r8, #116, 10	; 0x1d000000
    1260:	41540034 	cmpmi	r4, r4, lsr r0
    1264:	54454752 	strbpl	r4, [r5], #-1874	; 0xfffff8ae
    1268:	5550435f 	ldrbpl	r4, [r0, #-863]	; 0xfffffca1
    126c:	726f635f 	rsbvc	r6, pc, #2080374785	; 0x7c000001
    1270:	72786574 	rsbsvc	r6, r8, #116, 10	; 0x1d000000
    1274:	41540035 	cmpmi	r4, r5, lsr r0
    1278:	54454752 	strbpl	r4, [r5], #-1874	; 0xfffff8ae
    127c:	5550435f 	ldrbpl	r4, [r0, #-863]	; 0xfffffca1
    1280:	726f635f 	rsbvc	r6, pc, #2080374785	; 0x7c000001
    1284:	72786574 	rsbsvc	r6, r8, #116, 10	; 0x1d000000
    1288:	41540037 	cmpmi	r4, r7, lsr r0
    128c:	54454752 	strbpl	r4, [r5], #-1874	; 0xfffff8ae
    1290:	5550435f 	ldrbpl	r4, [r0, #-863]	; 0xfffffca1
    1294:	726f635f 	rsbvc	r6, pc, #2080374785	; 0x7c000001
    1298:	72786574 	rsbsvc	r6, r8, #116, 10	; 0x1d000000
    129c:	6c5f0038 	mrrcvs	0, 3, r0, pc, cr8	; <UNPREDICTABLE>
    12a0:	006b636f 	rsbeq	r6, fp, pc, ror #6
    12a4:	5f617369 	svcpl	0x00617369
    12a8:	5f746962 	svcpl	0x00746962
    12ac:	6561706c 	strbvs	r7, [r1, #-108]!	; 0xffffff94
    12b0:	61736900 	cmnvs	r3, r0, lsl #18
    12b4:	7469625f 	strbtvc	r6, [r9], #-607	; 0xfffffda1
    12b8:	4d52415f 	ldfmie	f4, [r2, #-380]	; 0xfffffe84
    12bc:	006d3376 	rsbeq	r3, sp, r6, ror r3
    12c0:	47524154 			; <UNDEFINED> instruction: 0x47524154
    12c4:	435f5445 	cmpmi	pc, #1157627904	; 0x45000000
    12c8:	735f5550 	cmpvc	pc, #80, 10	; 0x14000000
    12cc:	6e6f7274 	mcrvs	2, 3, r7, cr15, cr4, {3}
    12d0:	6d726167 	ldfvse	f6, [r2, #-412]!	; 0xfffffe64
    12d4:	00303131 	eorseq	r3, r0, r1, lsr r1
    12d8:	646c6f5f 	strbtvs	r6, [ip], #-3935	; 0xfffff0a1
    12dc:	66666f5f 	uqsaxvs	r6, r6, pc	; <UNPREDICTABLE>
    12e0:	00746573 	rsbseq	r6, r4, r3, ror r5
    12e4:	5f617369 	svcpl	0x00617369
    12e8:	5f746962 	svcpl	0x00746962
    12ec:	6d746f6e 	ldclvs	15, cr6, [r4, #-440]!	; 0xfffffe48
    12f0:	61736900 	cmnvs	r3, r0, lsl #18
    12f4:	6e75745f 	mrcvs	4, 3, r7, cr5, cr15, {2}
    12f8:	62775f65 	rsbsvs	r5, r7, #404	; 0x194
    12fc:	69006675 	stmdbvs	r0, {r0, r2, r4, r5, r6, r9, sl, sp, lr}
    1300:	625f6173 	subsvs	r6, pc, #-1073741796	; 0xc000001c
    1304:	415f7469 	cmpmi	pc, r9, ror #8
    1308:	34764d52 	ldrbtcc	r4, [r6], #-3410	; 0xfffff2ae
    130c:	61736900 	cmnvs	r3, r0, lsl #18
    1310:	7469625f 	strbtvc	r6, [r9], #-607	; 0xfffffda1
    1314:	4d52415f 	ldfmie	f4, [r2, #-380]	; 0xfffffe84
    1318:	69003576 	stmdbvs	r0, {r1, r2, r4, r5, r6, r8, sl, ip, sp}
    131c:	625f6173 	subsvs	r6, pc, #-1073741796	; 0xc000001c
    1320:	415f7469 	cmpmi	pc, r9, ror #8
    1324:	36764d52 			; <UNDEFINED> instruction: 0x36764d52
    1328:	61736900 	cmnvs	r3, r0, lsl #18
    132c:	7469625f 	strbtvc	r6, [r9], #-607	; 0xfffffda1
    1330:	4d52415f 	ldfmie	f4, [r2, #-380]	; 0xfffffe84
    1334:	69003776 	stmdbvs	r0, {r1, r2, r4, r5, r6, r8, r9, sl, ip, sp}
    1338:	625f6173 	subsvs	r6, pc, #-1073741796	; 0xc000001c
    133c:	415f7469 	cmpmi	pc, r9, ror #8
    1340:	38764d52 	ldmdacc	r6!, {r1, r4, r6, r8, sl, fp, lr}^
    1344:	52415400 	subpl	r5, r1, #0, 8
    1348:	5f544547 	svcpl	0x00544547
    134c:	5f555043 	svcpl	0x00555043
    1350:	316d7261 	cmncc	sp, r1, ror #4
    1354:	74363531 	ldrtvc	r3, [r6], #-1329	; 0xfffffacf
    1358:	5f007332 	svcpl	0x00007332
    135c:	66756273 			; <UNDEFINED> instruction: 0x66756273
    1360:	6d726100 	ldfvse	f6, [r2, #-0]
    1364:	6e75745f 	mrcvs	4, 3, r7, cr5, cr15, {2}
    1368:	72610065 	rsbvc	r0, r1, #101	; 0x65
    136c:	70635f6d 	rsbvc	r5, r3, sp, ror #30
    1370:	6e695f70 	mcrvs	15, 3, r5, cr9, cr0, {3}
    1374:	77726574 			; <UNDEFINED> instruction: 0x77726574
    1378:	006b726f 	rsbeq	r7, fp, pc, ror #4
    137c:	69736e75 	ldmdbvs	r3!, {r0, r2, r4, r5, r6, r9, sl, fp, sp, lr}^
    1380:	64656e67 	strbtvs	r6, [r5], #-3687	; 0xfffff199
    1384:	61686320 	cmnvs	r8, r0, lsr #6
    1388:	41540072 	cmpmi	r4, r2, ror r0
    138c:	54454752 	strbpl	r4, [r5], #-1874	; 0xfffff8ae
    1390:	5550435f 	ldrbpl	r4, [r0, #-863]	; 0xfffffca1
    1394:	6d72615f 	ldfvse	f6, [r2, #-380]!	; 0xfffffe84
    1398:	74303239 	ldrtvc	r3, [r0], #-569	; 0xfffffdc7
    139c:	6f682f00 	svcvs	0x00682f00
    13a0:	742f656d 	strtvc	r6, [pc], #-1389	; 13a8 <shift+0x13a8>
    13a4:	2d677763 	stclcs	7, cr7, [r7, #-396]!	; 0xfffffe74
    13a8:	6c697562 	cfstr64vs	mvdx7, [r9], #-392	; 0xfffffe78
    13ac:	616c7364 	cmnvs	ip, r4, ror #6
    13b0:	772f6576 			; <UNDEFINED> instruction: 0x772f6576
    13b4:	736b726f 	cmnvc	fp, #-268435450	; 0xf0000006
    13b8:	65636170 	strbvs	r6, [r3, #-368]!	; 0xfffffe90
    13bc:	7763742f 	strbvc	r7, [r3, -pc, lsr #8]!
    13c0:	616d2d67 	cmnvs	sp, r7, ror #26
    13c4:	722d656b 	eorvc	r6, sp, #448790528	; 0x1ac00000
    13c8:	61656c65 	cmnvs	r5, r5, ror #24
    13cc:	315f6573 	cmpcc	pc, r3, ror r5	; <UNPREDICTABLE>
    13d0:	616e732f 	cmnvs	lr, pc, lsr #6
    13d4:	6f687370 	svcvs	0x00687370
    13d8:	672f7374 			; <UNDEFINED> instruction: 0x672f7374
    13dc:	672e6363 	strvs	r6, [lr, -r3, ror #6]!
    13e0:	6c7e7469 	cfldrdvs	mvd7, [lr], #-420	; 0xfffffe5c
    13e4:	72616e69 	rsbvc	r6, r1, #1680	; 0x690
    13e8:	2e372d6f 	cdpcs	13, 3, cr2, cr7, cr15, {3}
    13ec:	30322d35 	eorscc	r2, r2, r5, lsr sp
    13f0:	312e3931 			; <UNDEFINED> instruction: 0x312e3931
    13f4:	696c2f32 	stmdbvs	ip!, {r1, r4, r5, r8, r9, sl, fp, sp}^
    13f8:	63636762 	cmnvs	r3, #25690112	; 0x1880000
    13fc:	62696c2f 	rsbvs	r6, r9, #12032	; 0x2f00
    1400:	32636367 	rsbcc	r6, r3, #-1677721599	; 0x9c000001
    1404:	5400632e 	strpl	r6, [r0], #-814	; 0xfffffcd2
    1408:	45475241 	strbmi	r5, [r7, #-577]	; 0xfffffdbf
    140c:	50435f54 	subpl	r5, r3, r4, asr pc
    1410:	61665f55 	cmnvs	r6, r5, asr pc
    1414:	00363235 	eorseq	r3, r6, r5, lsr r2
    1418:	5f6d7261 	svcpl	0x006d7261
    141c:	68637261 	stmdavs	r3!, {r0, r5, r6, r9, ip, sp, lr}^
    1420:	7568745f 	strbvc	r7, [r8, #-1119]!	; 0xfffffba1
    1424:	685f626d 	ldmdavs	pc, {r0, r2, r3, r5, r6, r9, sp, lr}^	; <UNPREDICTABLE>
    1428:	76696477 			; <UNDEFINED> instruction: 0x76696477
    142c:	4f495f00 	svcmi	0x00495f00
    1430:	6972775f 	ldmdbvs	r2!, {r0, r1, r2, r3, r4, r6, r8, r9, sl, ip, sp, lr}^
    1434:	705f6574 	subsvc	r6, pc, r4, ror r5	; <UNPREDICTABLE>
    1438:	68007274 	stmdavs	r0, {r2, r4, r5, r6, r9, ip, sp, lr}
    143c:	5f626174 	svcpl	0x00626174
    1440:	705f7165 	subsvc	r7, pc, r5, ror #2
    1444:	746e696f 	strbtvc	r6, [lr], #-2415	; 0xfffff691
    1448:	54007265 	strpl	r7, [r0], #-613	; 0xfffffd9b
    144c:	45475241 	strbmi	r5, [r7, #-577]	; 0xfffffdbf
    1450:	50435f54 	subpl	r5, r3, r4, asr pc
    1454:	72615f55 	rsbvc	r5, r1, #340	; 0x154
    1458:	0030366d 	eorseq	r3, r0, sp, ror #12
    145c:	5f6d7261 	svcpl	0x006d7261
    1460:	5f636970 	svcpl	0x00636970
    1464:	69676572 	stmdbvs	r7!, {r1, r4, r5, r6, r8, sl, sp, lr}^
    1468:	72657473 	rsbvc	r7, r5, #1929379840	; 0x73000000
    146c:	52415400 	subpl	r5, r1, #0, 8
    1470:	5f544547 	svcpl	0x00544547
    1474:	5f555043 	svcpl	0x00555043
    1478:	74726f63 	ldrbtvc	r6, [r2], #-3939	; 0xfffff09d
    147c:	306d7865 	rsbcc	r7, sp, r5, ror #16
    1480:	6c616d73 	stclvs	13, cr6, [r1], #-460	; 0xfffffe34
    1484:	6c756d6c 	ldclvs	13, cr6, [r5], #-432	; 0xfffffe50
    1488:	6c706974 			; <UNDEFINED> instruction: 0x6c706974
    148c:	41540079 	cmpmi	r4, r9, ror r0
    1490:	54454752 	strbpl	r4, [r5], #-1874	; 0xfffff8ae
    1494:	5550435f 	ldrbpl	r4, [r0, #-863]	; 0xfffffca1
    1498:	6d72615f 	ldfvse	f6, [r2, #-380]!	; 0xfffffe84
    149c:	65363639 	ldrvs	r3, [r6, #-1593]!	; 0xfffff9c7
    14a0:	41540073 	cmpmi	r4, r3, ror r0
    14a4:	54454752 	strbpl	r4, [r5], #-1874	; 0xfffff8ae
    14a8:	5550435f 	ldrbpl	r4, [r0, #-863]	; 0xfffffca1
    14ac:	63706d5f 	cmnvs	r0, #6080	; 0x17c0
    14b0:	6e65726f 	cdpvs	2, 6, cr7, cr5, cr15, {3}
    14b4:	7066766f 	rsbvc	r7, r6, pc, ror #12
    14b8:	52415400 	subpl	r5, r1, #0, 8
    14bc:	5f544547 	svcpl	0x00544547
    14c0:	5f555043 	svcpl	0x00555043
    14c4:	376d7261 	strbcc	r7, [sp, -r1, ror #4]!
    14c8:	00693030 	rsbeq	r3, r9, r0, lsr r0
    14cc:	5f4d5241 	svcpl	0x004d5241
    14d0:	61004343 	tstvs	r0, r3, asr #6
    14d4:	615f6d72 	cmpvs	pc, r2, ror sp	; <UNPREDICTABLE>
    14d8:	38686372 	stmdacc	r8!, {r1, r4, r5, r6, r8, r9, sp, lr}^
    14dc:	6100325f 	tstvs	r0, pc, asr r2
    14e0:	6c5f6d72 	mrrcvs	13, 7, r6, pc, cr2	; <UNPREDICTABLE>
    14e4:	63735f64 	cmnvs	r3, #100, 30	; 0x190
    14e8:	00646568 	rsbeq	r6, r4, r8, ror #10
    14ec:	47524154 			; <UNDEFINED> instruction: 0x47524154
    14f0:	435f5445 	cmpmi	pc, #1157627904	; 0x45000000
    14f4:	665f5550 			; <UNDEFINED> instruction: 0x665f5550
    14f8:	3236706d 	eorscc	r7, r6, #109	; 0x6d
    14fc:	52410036 	subpl	r0, r1, #54	; 0x36
    1500:	53435f4d 	movtpl	r5, #16205	; 0x3f4d
    1504:	6d726100 	ldfvse	f6, [r2, #-0]
    1508:	3170665f 	cmncc	r0, pc, asr r6
    150c:	6e695f36 	mcrvs	15, 3, r5, cr9, cr6, {1}
    1510:	5f007473 	svcpl	0x00007473
    1514:	66666f5f 	uqsaxvs	r6, r6, pc	; <UNPREDICTABLE>
    1518:	6100745f 	tstvs	r0, pc, asr r4
    151c:	625f6d72 	subsvs	r6, pc, #7296	; 0x1c80
    1520:	5f657361 	svcpl	0x00657361
    1524:	68637261 	stmdavs	r3!, {r0, r5, r6, r9, ip, sp, lr}^
    1528:	61736900 	cmnvs	r3, r0, lsl #18
    152c:	7469625f 	strbtvc	r6, [r9], #-607	; 0xfffffda1
    1530:	4d52415f 	ldfmie	f4, [r2, #-380]	; 0xfffffe84
    1534:	00653576 	rsbeq	r3, r5, r6, ror r5
    1538:	726f6873 	rsbvc	r6, pc, #7536640	; 0x730000
    153c:	6e752074 	mrcvs	0, 3, r2, cr5, cr4, {3}
    1540:	6e676973 			; <UNDEFINED> instruction: 0x6e676973
    1544:	69206465 	stmdbvs	r0!, {r0, r2, r5, r6, sl, sp, lr}
    1548:	5400746e 	strpl	r7, [r0], #-1134	; 0xfffffb92
    154c:	45475241 	strbmi	r5, [r7, #-577]	; 0xfffffdbf
    1550:	50435f54 	subpl	r5, r3, r4, asr pc
    1554:	72615f55 	rsbvc	r5, r1, #340	; 0x154
    1558:	0030376d 	eorseq	r3, r0, sp, ror #14
    155c:	7379735f 	cmnvc	r9, #2080374785	; 0x7c000001
    1560:	7272655f 	rsbsvc	r6, r2, #398458880	; 0x17c00000
    1564:	7473696c 	ldrbtvc	r6, [r3], #-2412	; 0xfffff694
    1568:	52415400 	subpl	r5, r1, #0, 8
    156c:	5f544547 	svcpl	0x00544547
    1570:	5f555043 	svcpl	0x00555043
    1574:	326d7261 	rsbcc	r7, sp, #268435462	; 0x10000006
    1578:	61003035 	tstvs	r0, r5, lsr r0
    157c:	615f6d72 	cmpvs	pc, r2, ror sp	; <UNPREDICTABLE>
    1580:	37686372 			; <UNDEFINED> instruction: 0x37686372
    1584:	54006d65 	strpl	r6, [r0], #-3429	; 0xfffff29b
    1588:	45475241 	strbmi	r5, [r7, #-577]	; 0xfffffdbf
    158c:	50435f54 	subpl	r5, r3, r4, asr pc
    1590:	6f635f55 	svcvs	0x00635f55
    1594:	78657472 	stmdavc	r5!, {r1, r4, r5, r6, sl, ip, sp, lr}^
    1598:	00323761 	eorseq	r3, r2, r1, ror #14
    159c:	5f6d7261 	svcpl	0x006d7261
    15a0:	5f736370 	svcpl	0x00736370
    15a4:	61666564 	cmnvs	r6, r4, ror #10
    15a8:	00746c75 	rsbseq	r6, r4, r5, ror ip
    15ac:	47524154 			; <UNDEFINED> instruction: 0x47524154
    15b0:	435f5445 	cmpmi	pc, #1157627904	; 0x45000000
    15b4:	735f5550 	cmpvc	pc, #80, 10	; 0x14000000
    15b8:	6e6f7274 	mcrvs	2, 3, r7, cr15, cr4, {3}
    15bc:	6d726167 	ldfvse	f6, [r2, #-412]!	; 0xfffffe64
    15c0:	6d726100 	ldfvse	f6, [r2, #-0]
    15c4:	6372615f 	cmnvs	r2, #-1073741801	; 0xc0000017
    15c8:	68745f68 	ldmdavs	r4!, {r3, r5, r6, r8, r9, sl, fp, ip, lr}^
    15cc:	31626d75 	smccc	9941	; 0x26d5
    15d0:	6d726100 	ldfvse	f6, [r2, #-0]
    15d4:	6372615f 	cmnvs	r2, #-1073741801	; 0xc0000017
    15d8:	68745f68 	ldmdavs	r4!, {r3, r5, r6, r8, r9, sl, fp, ip, lr}^
    15dc:	32626d75 	rsbcc	r6, r2, #7488	; 0x1d40
    15e0:	52415400 	subpl	r5, r1, #0, 8
    15e4:	5f544547 	svcpl	0x00544547
    15e8:	5f555043 	svcpl	0x00555043
    15ec:	6d6d7769 	stclvs	7, cr7, [sp, #-420]!	; 0xfffffe5c
    15f0:	5f007478 	svcpl	0x00007478
    15f4:	69616863 	stmdbvs	r1!, {r0, r1, r5, r6, fp, sp, lr}^
    15f8:	7369006e 	cmnvc	r9, #110	; 0x6e
    15fc:	69625f61 	stmdbvs	r2!, {r0, r5, r6, r8, r9, sl, fp, ip, lr}^
    1600:	50465f74 	subpl	r5, r6, r4, ror pc
    1604:	4d52415f 	ldfmie	f4, [r2, #-380]	; 0xfffffe84
    1608:	54003876 	strpl	r3, [r0], #-2166	; 0xfffff78a
    160c:	45475241 	strbmi	r5, [r7, #-577]	; 0xfffffdbf
    1610:	50435f54 	subpl	r5, r3, r4, asr pc
    1614:	72615f55 	rsbvc	r5, r1, #340	; 0x154
    1618:	3232396d 	eorscc	r3, r2, #1785856	; 0x1b4000
    161c:	41540074 	cmpmi	r4, r4, ror r0
    1620:	54454752 	strbpl	r4, [r5], #-1874	; 0xfffff8ae
    1624:	5550435f 	ldrbpl	r4, [r0, #-863]	; 0xfffffca1
    1628:	6d72615f 	ldfvse	f6, [r2, #-380]!	; 0xfffffe84
    162c:	5f006437 	svcpl	0x00006437
    1630:	7961645f 	stmdbvc	r1!, {r0, r1, r2, r3, r4, r6, sl, sp, lr}^
    1634:	6867696c 	stmdavs	r7!, {r2, r3, r5, r6, r8, fp, sp, lr}^
    1638:	73690074 	cmnvc	r9, #116	; 0x74
    163c:	75745f61 	ldrbvc	r5, [r4, #-3937]!	; 0xfffff09f
    1640:	635f656e 	cmpvs	pc, #461373440	; 0x1b800000
    1644:	72705f6f 	rsbsvc	r5, r0, #444	; 0x1bc
    1648:	5400636f 	strpl	r6, [r0], #-879	; 0xfffffc91
    164c:	45475241 	strbmi	r5, [r7, #-577]	; 0xfffffdbf
    1650:	50435f54 	subpl	r5, r3, r4, asr pc
    1654:	72615f55 	rsbvc	r5, r1, #340	; 0x154
    1658:	006d376d 	rsbeq	r3, sp, sp, ror #14
    165c:	666f5f5f 	uqsaxvs	r5, pc, pc	; <UNPREDICTABLE>
    1660:	5f343666 	svcpl	0x00343666
    1664:	755f0074 	ldrbvc	r0, [pc, #-116]	; 15f8 <shift+0x15f8>
    1668:	6573756e 	ldrbvs	r7, [r3, #-1390]!	; 0xfffffa92
    166c:	5f003264 	svcpl	0x00003264
    1670:	625f4f49 	subsvs	r4, pc, #292	; 0x124
    1674:	625f6675 	subsvs	r6, pc, #122683392	; 0x7500000
    1678:	00657361 	rsbeq	r7, r5, r1, ror #6
    167c:	5f6d7261 	svcpl	0x006d7261
    1680:	68637261 	stmdavs	r3!, {r0, r5, r6, r9, ip, sp, lr}^
    1684:	00315f38 	eorseq	r5, r1, r8, lsr pc
