
spi.elf：     文件格式 elf32-littlearm


Disassembly of section .text:

87800000 <_start>:
87800000:	e59ff100 	ldr	pc, [pc, #256]	; 87800108 <FIQ_Handler+0x8>
87800004:	e59ff100 	ldr	pc, [pc, #256]	; 8780010c <FIQ_Handler+0xc>
87800008:	e59ff100 	ldr	pc, [pc, #256]	; 87800110 <FIQ_Handler+0x10>
8780000c:	e59ff100 	ldr	pc, [pc, #256]	; 87800114 <FIQ_Handler+0x14>
87800010:	e59ff100 	ldr	pc, [pc, #256]	; 87800118 <FIQ_Handler+0x18>
87800014:	e59ff100 	ldr	pc, [pc, #256]	; 8780011c <FIQ_Handler+0x1c>
87800018:	e59ff100 	ldr	pc, [pc, #256]	; 87800120 <FIQ_Handler+0x20>
8780001c:	e59ff100 	ldr	pc, [pc, #256]	; 87800124 <FIQ_Handler+0x24>

87800020 <Reset_Handler>:
87800020:	f10c0080 	cpsid	i
87800024:	ee110f10 	mrc	15, 0, r0, cr1, cr0, {0}
87800028:	e3c00a01 	bic	r0, r0, #4096	; 0x1000
8780002c:	e3c00004 	bic	r0, r0, #4
87800030:	e3c00002 	bic	r0, r0, #2
87800034:	e3c00b02 	bic	r0, r0, #2048	; 0x800
87800038:	e3c00001 	bic	r0, r0, #1
8780003c:	ee010f10 	mcr	15, 0, r0, cr1, cr0, {0}
87800040:	e10f0000 	mrs	r0, CPSR
87800044:	e3c0001f 	bic	r0, r0, #31
87800048:	e3800012 	orr	r0, r0, #18
8780004c:	e129f000 	msr	CPSR_fc, r0
87800050:	e59fd0d0 	ldr	sp, [pc, #208]	; 87800128 <FIQ_Handler+0x28>
87800054:	e10f0000 	mrs	r0, CPSR
87800058:	e3c0001f 	bic	r0, r0, #31
8780005c:	e380001f 	orr	r0, r0, #31
87800060:	e129f000 	msr	CPSR_fc, r0
87800064:	e59fd0c0 	ldr	sp, [pc, #192]	; 8780012c <FIQ_Handler+0x2c>
87800068:	e10f0000 	mrs	r0, CPSR
8780006c:	e3c0001f 	bic	r0, r0, #31
87800070:	e3800013 	orr	r0, r0, #19
87800074:	e129f000 	msr	CPSR_fc, r0
87800078:	e59fd0b0 	ldr	sp, [pc, #176]	; 87800130 <FIQ_Handler+0x30>
8780007c:	f1080080 	cpsie	i
87800080:	ea001164 	b	87804618 <__main_from_arm>

87800084 <Undefined_Handler>:
87800084:	e59f0080 	ldr	r0, [pc, #128]	; 8780010c <FIQ_Handler+0xc>
87800088:	e12fff10 	bx	r0

8780008c <SVC_Handler>:
8780008c:	e59f007c 	ldr	r0, [pc, #124]	; 87800110 <FIQ_Handler+0x10>
87800090:	e12fff10 	bx	r0

87800094 <PrefAbort_Handler>:
87800094:	e59f0078 	ldr	r0, [pc, #120]	; 87800114 <FIQ_Handler+0x14>
87800098:	e12fff10 	bx	r0

8780009c <DataAbort_Handler>:
8780009c:	e59f0074 	ldr	r0, [pc, #116]	; 87800118 <FIQ_Handler+0x18>
878000a0:	e12fff10 	bx	r0

878000a4 <NotUsed_Handler>:
878000a4:	e59f0070 	ldr	r0, [pc, #112]	; 8780011c <FIQ_Handler+0x1c>
878000a8:	e12fff10 	bx	r0

878000ac <IRQ_Handler>:
878000ac:	e52de004 	push	{lr}		; (str lr, [sp, #-4]!)
878000b0:	e92d100f 	push	{r0, r1, r2, r3, ip}
878000b4:	e14f0000 	mrs	r0, SPSR
878000b8:	e52d0004 	push	{r0}		; (str r0, [sp, #-4]!)
878000bc:	ee9f1f10 	mrc	15, 4, r1, cr15, cr0, {0}
878000c0:	e2811a02 	add	r1, r1, #8192	; 0x2000
878000c4:	e591000c 	ldr	r0, [r1, #12]
878000c8:	e92d0003 	push	{r0, r1}
878000cc:	f1020013 	cps	#19
878000d0:	e52de004 	push	{lr}		; (str lr, [sp, #-4]!)
878000d4:	e59f2058 	ldr	r2, [pc, #88]	; 87800134 <FIQ_Handler+0x34>
878000d8:	e12fff32 	blx	r2
878000dc:	e49de004 	pop	{lr}		; (ldr lr, [sp], #4)
878000e0:	f1020012 	cps	#18
878000e4:	e8bd0003 	pop	{r0, r1}
878000e8:	e5810010 	str	r0, [r1, #16]
878000ec:	e49d0004 	pop	{r0}		; (ldr r0, [sp], #4)
878000f0:	e16ff000 	msr	SPSR_fsxc, r0
878000f4:	e8bd100f 	pop	{r0, r1, r2, r3, ip}
878000f8:	e49de004 	pop	{lr}		; (ldr lr, [sp], #4)
878000fc:	e25ef004 	subs	pc, lr, #4

87800100 <FIQ_Handler>:
87800100:	e59f001c 	ldr	r0, [pc, #28]	; 87800124 <FIQ_Handler+0x24>
87800104:	e12fff10 	bx	r0
87800108:	87800020 	strhi	r0, [r0, r0, lsr #32]
8780010c:	87800084 	strhi	r0, [r0, r4, lsl #1]
87800110:	8780008c 	strhi	r0, [r0, ip, lsl #1]
87800114:	87800094 			; <UNDEFINED> instruction: 0x87800094
87800118:	8780009c 			; <UNDEFINED> instruction: 0x8780009c
8780011c:	878000a4 	strhi	r0, [r0, r4, lsr #1]
87800120:	878000ac 	strhi	r0, [r0, ip, lsr #1]
87800124:	87800100 	strhi	r0, [r0, r0, lsl #2]
87800128:	80600000 	rsbhi	r0, r0, r0
8780012c:	80400000 	subhi	r0, r0, r0
87800130:	80200000 	eorhi	r0, r0, r0
87800134:	87800995 			; <UNDEFINED> instruction: 0x87800995
87800138:	00001e41 	andeq	r1, r0, r1, asr #28
8780013c:	61656100 	cmnvs	r5, r0, lsl #2
87800140:	01006962 	tsteq	r0, r2, ror #18
87800144:	00000014 	andeq	r0, r0, r4, lsl r0
87800148:	412d3705 			; <UNDEFINED> instruction: 0x412d3705
8780014c:	070a0600 	streq	r0, [sl, -r0, lsl #12]
87800150:	09010841 	stmdbeq	r1, {r0, r6, fp}
87800154:	00040a02 	andeq	r0, r4, r2, lsl #20
	...

87800160 <__umodsi3>:
87800160:	e2512001 	subs	r2, r1, #1
87800164:	3a000062 	bcc	878002f4 <Ldiv0>
87800168:	11500001 	cmpne	r0, r1
8780016c:	03a00000 	moveq	r0, #0
87800170:	81110002 	tsthi	r1, r2
87800174:	00000002 	andeq	r0, r0, r2
87800178:	91a0f00e 	movls	pc, lr
8780017c:	e3a02000 	mov	r2, #0
87800180:	e3510201 	cmp	r1, #268435456	; 0x10000000
87800184:	31510000 	cmpcc	r1, r0
87800188:	31a01201 	lslcc	r1, r1, #4
8780018c:	32822004 	addcc	r2, r2, #4
87800190:	3afffffa 	bcc	87800180 <__umodsi3+0x20>
87800194:	e3510102 	cmp	r1, #-2147483648	; 0x80000000
87800198:	31510000 	cmpcc	r1, r0
8780019c:	31a01081 	lslcc	r1, r1, #1
878001a0:	32822001 	addcc	r2, r2, #1
878001a4:	3afffffa 	bcc	87800194 <__umodsi3+0x34>
878001a8:	e2522003 	subs	r2, r2, #3
878001ac:	ba00000e 	blt	878001ec <__umodsi3+0x8c>
878001b0:	e1500001 	cmp	r0, r1
878001b4:	20400001 	subcs	r0, r0, r1
878001b8:	e15000a1 	cmp	r0, r1, lsr #1
878001bc:	204000a1 	subcs	r0, r0, r1, lsr #1
878001c0:	e1500121 	cmp	r0, r1, lsr #2
878001c4:	20400121 	subcs	r0, r0, r1, lsr #2
878001c8:	e15001a1 	cmp	r0, r1, lsr #3
878001cc:	204001a1 	subcs	r0, r0, r1, lsr #3
878001d0:	e3500001 	cmp	r0, #1
878001d4:	e1a01221 	lsr	r1, r1, #4
878001d8:	a2522004 	subsge	r2, r2, #4
878001dc:	aafffff3 	bge	878001b0 <__umodsi3+0x50>
878001e0:	e3120003 	tst	r2, #3
878001e4:	13300000 	teqne	r0, #0
878001e8:	0a00000a 	beq	87800218 <__umodsi3+0xb8>
878001ec:	e3720002 	cmn	r2, #2
878001f0:	ba000006 	blt	87800210 <__umodsi3+0xb0>
878001f4:	0a000002 	beq	87800204 <__umodsi3+0xa4>
878001f8:	e1500001 	cmp	r0, r1
878001fc:	20400001 	subcs	r0, r0, r1
87800200:	e1a010a1 	lsr	r1, r1, #1
87800204:	e1500001 	cmp	r0, r1
87800208:	20400001 	subcs	r0, r0, r1
8780020c:	e1a010a1 	lsr	r1, r1, #1
87800210:	e1500001 	cmp	r0, r1
87800214:	20400001 	subcs	r0, r0, r1
87800218:	e1a0f00e 	mov	pc, lr
8780021c:	90909090 	umullsls	r9, r0, r0, r0

87800220 <__modsi3>:
87800220:	e3510000 	cmp	r1, #0
87800224:	0a000032 	beq	878002f4 <Ldiv0>
87800228:	42611000 	rsbmi	r1, r1, #0
8780022c:	e1b0c000 	movs	ip, r0
87800230:	42600000 	rsbmi	r0, r0, #0
87800234:	e2512001 	subs	r2, r1, #1
87800238:	11500001 	cmpne	r0, r1
8780023c:	03a00000 	moveq	r0, #0
87800240:	81110002 	tsthi	r1, r2
87800244:	00000002 	andeq	r0, r0, r2
87800248:	9a000026 	bls	878002e8 <__modsi3+0xc8>
8780024c:	e3a02000 	mov	r2, #0
87800250:	e3510201 	cmp	r1, #268435456	; 0x10000000
87800254:	31510000 	cmpcc	r1, r0
87800258:	31a01201 	lslcc	r1, r1, #4
8780025c:	32822004 	addcc	r2, r2, #4
87800260:	3afffffa 	bcc	87800250 <__modsi3+0x30>
87800264:	e3510102 	cmp	r1, #-2147483648	; 0x80000000
87800268:	31510000 	cmpcc	r1, r0
8780026c:	31a01081 	lslcc	r1, r1, #1
87800270:	32822001 	addcc	r2, r2, #1
87800274:	3afffffa 	bcc	87800264 <__modsi3+0x44>
87800278:	e2522003 	subs	r2, r2, #3
8780027c:	ba00000e 	blt	878002bc <__modsi3+0x9c>
87800280:	e1500001 	cmp	r0, r1
87800284:	20400001 	subcs	r0, r0, r1
87800288:	e15000a1 	cmp	r0, r1, lsr #1
8780028c:	204000a1 	subcs	r0, r0, r1, lsr #1
87800290:	e1500121 	cmp	r0, r1, lsr #2
87800294:	20400121 	subcs	r0, r0, r1, lsr #2
87800298:	e15001a1 	cmp	r0, r1, lsr #3
8780029c:	204001a1 	subcs	r0, r0, r1, lsr #3
878002a0:	e3500001 	cmp	r0, #1
878002a4:	e1a01221 	lsr	r1, r1, #4
878002a8:	a2522004 	subsge	r2, r2, #4
878002ac:	aafffff3 	bge	87800280 <__modsi3+0x60>
878002b0:	e3120003 	tst	r2, #3
878002b4:	13300000 	teqne	r0, #0
878002b8:	0a00000a 	beq	878002e8 <__modsi3+0xc8>
878002bc:	e3720002 	cmn	r2, #2
878002c0:	ba000006 	blt	878002e0 <__modsi3+0xc0>
878002c4:	0a000002 	beq	878002d4 <__modsi3+0xb4>
878002c8:	e1500001 	cmp	r0, r1
878002cc:	20400001 	subcs	r0, r0, r1
878002d0:	e1a010a1 	lsr	r1, r1, #1
878002d4:	e1500001 	cmp	r0, r1
878002d8:	20400001 	subcs	r0, r0, r1
878002dc:	e1a010a1 	lsr	r1, r1, #1
878002e0:	e1500001 	cmp	r0, r1
878002e4:	20400001 	subcs	r0, r0, r1
878002e8:	e35c0000 	cmp	ip, #0
878002ec:	42600000 	rsbmi	r0, r0, #0
878002f0:	e1a0f00e 	mov	pc, lr

878002f4 <Ldiv0>:
878002f4:	e52de004 	push	{lr}		; (str lr, [sp, #-4]!)
878002f8:	e3a00000 	mov	r0, #0
878002fc:	e49df004 	pop	{pc}		; (ldr pc, [sp], #4)

87800300 <integer_display>:
87800300:	e92d 43f0 	stmdb	sp!, {r4, r5, r6, r7, r8, r9, lr}
87800304:	f24a 0488 	movw	r4, #41096	; 0xa088
87800308:	f2c8 7480 	movt	r4, #34688	; 0x8780
8780030c:	fa1f f882 	uxth.w	r8, r2
87800310:	b0b5      	sub	sp, #212	; 0xd4
87800312:	69e4      	ldr	r4, [r4, #28]
87800314:	eb08 0c01 	add.w	ip, r8, r1
87800318:	4617      	mov	r7, r2
8780031a:	f100 0232 	add.w	r2, r0, #50	; 0x32
8780031e:	4699      	mov	r9, r3
87800320:	b292      	uxth	r2, r2
87800322:	fa1f f38c 	uxth.w	r3, ip
87800326:	9400      	str	r4, [sp, #0]
87800328:	ac02      	add	r4, sp, #8
8780032a:	460e      	mov	r6, r1
8780032c:	4605      	mov	r5, r0
8780032e:	f001 f9f5 	bl	8780171c <lcd_fill>
87800332:	2100      	movs	r1, #0
87800334:	22c8      	movs	r2, #200	; 0xc8
87800336:	4620      	mov	r0, r4
87800338:	f002 fd8a 	bl	87802e50 <memset>
8780033c:	f1b9 0f00 	cmp.w	r9, #0
87800340:	4620      	mov	r0, r4
87800342:	bfb7      	itett	lt
87800344:	f644 1144 	movwlt	r1, #18756	; 0x4944
87800348:	f644 114c 	movwge	r1, #18764	; 0x494c
8780034c:	f1c9 0200 	rsblt	r2, r9, #0
87800350:	f2c8 7180 	movtlt	r1, #34688	; 0x8780
87800354:	bfa4      	itt	ge
87800356:	464a      	movge	r2, r9
87800358:	f2c8 7180 	movtge	r1, #34688	; 0x8780
8780035c:	f003 fc96 	bl	87803c8c <sprintf>
87800360:	9401      	str	r4, [sp, #4]
87800362:	4643      	mov	r3, r8
87800364:	9700      	str	r7, [sp, #0]
87800366:	4631      	mov	r1, r6
87800368:	4628      	mov	r0, r5
8780036a:	2232      	movs	r2, #50	; 0x32
8780036c:	f001 fc44 	bl	87801bf8 <lcd_show_string>
87800370:	b035      	add	sp, #212	; 0xd4
87800372:	e8bd 83f0 	ldmia.w	sp!, {r4, r5, r6, r7, r8, r9, pc}
87800376:	bf00      	nop

87800378 <decimals_display>:
87800378:	e92d 47f0 	stmdb	sp!, {r4, r5, r6, r7, r8, r9, sl, lr}
8780037c:	1e1c      	subs	r4, r3, #0
8780037e:	b0b4      	sub	sp, #208	; 0xd0
87800380:	4606      	mov	r6, r0
87800382:	ad02      	add	r5, sp, #8
87800384:	460f      	mov	r7, r1
87800386:	4692      	mov	sl, r2
87800388:	4628      	mov	r0, r5
8780038a:	f04f 02c8 	mov.w	r2, #200	; 0xc8
8780038e:	f04f 0100 	mov.w	r1, #0
87800392:	db30      	blt.n	878003f6 <decimals_display+0x7e>
87800394:	f248 581f 	movw	r8, #34079	; 0x851f
87800398:	f2c5 18eb 	movt	r8, #20971	; 0x51eb
8780039c:	fb84 8908 	smull	r8, r9, r4, r8
878003a0:	f002 fd56 	bl	87802e50 <memset>
878003a4:	17e2      	asrs	r2, r4, #31
878003a6:	2364      	movs	r3, #100	; 0x64
878003a8:	f644 1150 	movw	r1, #18768	; 0x4950
878003ac:	ebc2 1269 	rsb	r2, r2, r9, asr #5
878003b0:	f2c8 7180 	movt	r1, #34688	; 0x8780
878003b4:	4628      	mov	r0, r5
878003b6:	fb03 4312 	mls	r3, r3, r2, r4
878003ba:	f003 fc67 	bl	87803c8c <sprintf>
878003be:	f24a 0388 	movw	r3, #41096	; 0xa088
878003c2:	fa1f f48a 	uxth.w	r4, sl
878003c6:	f2c8 7380 	movt	r3, #34688	; 0x8780
878003ca:	69d8      	ldr	r0, [r3, #28]
878003cc:	f106 023c 	add.w	r2, r6, #60	; 0x3c
878003d0:	19e3      	adds	r3, r4, r7
878003d2:	4639      	mov	r1, r7
878003d4:	b29b      	uxth	r3, r3
878003d6:	b292      	uxth	r2, r2
878003d8:	9000      	str	r0, [sp, #0]
878003da:	4630      	mov	r0, r6
878003dc:	f001 f99e 	bl	8780171c <lcd_fill>
878003e0:	4623      	mov	r3, r4
878003e2:	e9cd a500 	strd	sl, r5, [sp]
878003e6:	4639      	mov	r1, r7
878003e8:	4630      	mov	r0, r6
878003ea:	223c      	movs	r2, #60	; 0x3c
878003ec:	f001 fc04 	bl	87801bf8 <lcd_show_string>
878003f0:	b034      	add	sp, #208	; 0xd0
878003f2:	e8bd 87f0 	ldmia.w	sp!, {r4, r5, r6, r7, r8, r9, sl, pc}
878003f6:	f002 fd2b 	bl	87802e50 <memset>
878003fa:	f248 521f 	movw	r2, #34079	; 0x851f
878003fe:	4264      	negs	r4, r4
87800400:	f2c5 12eb 	movt	r2, #20971	; 0x51eb
87800404:	f04f 0c64 	mov.w	ip, #100	; 0x64
87800408:	fba4 2302 	umull	r2, r3, r4, r2
8780040c:	f644 1148 	movw	r1, #18760	; 0x4948
87800410:	f2c8 7180 	movt	r1, #34688	; 0x8780
87800414:	4628      	mov	r0, r5
87800416:	095a      	lsrs	r2, r3, #5
87800418:	fb0c 4312 	mls	r3, ip, r2, r4
8780041c:	f003 fc36 	bl	87803c8c <sprintf>
87800420:	e7cd      	b.n	878003be <decimals_display+0x46>
87800422:	bf00      	nop

87800424 <imx6ul_hardfpu_enable>:
87800424:	ee11 3f50 	mrc	15, 0, r3, cr1, cr0, {2}
87800428:	f023 4340 	bic.w	r3, r3, #3221225472	; 0xc0000000
8780042c:	f423 0370 	bic.w	r3, r3, #15728640	; 0xf00000
87800430:	f443 0370 	orr.w	r3, r3, #15728640	; 0xf00000
87800434:	ee01 3f50 	mcr	15, 0, r3, cr1, cr0, {2}
87800438:	eef8 3a10 	vmrs	r3, fpexc
8780043c:	f043 4380 	orr.w	r3, r3, #1073741824	; 0x40000000
87800440:	eee8 3a10 	vmsr	fpexc, r3
87800444:	4770      	bx	lr
87800446:	bf00      	nop

87800448 <clk_enable>:
87800448:	f44f 4380 	mov.w	r3, #16384	; 0x4000
8780044c:	f04f 32ff 	mov.w	r2, #4294967295	; 0xffffffff
87800450:	f2c0 230c 	movt	r3, #524	; 0x20c
87800454:	669a      	str	r2, [r3, #104]	; 0x68
87800456:	66da      	str	r2, [r3, #108]	; 0x6c
87800458:	671a      	str	r2, [r3, #112]	; 0x70
8780045a:	675a      	str	r2, [r3, #116]	; 0x74
8780045c:	679a      	str	r2, [r3, #120]	; 0x78
8780045e:	67da      	str	r2, [r3, #124]	; 0x7c
87800460:	f8c3 2080 	str.w	r2, [r3, #128]	; 0x80
87800464:	4770      	bx	lr
87800466:	bf00      	nop

87800468 <imx6u_clkinit>:
87800468:	f44f 4380 	mov.w	r3, #16384	; 0x4000
8780046c:	b430      	push	{r4, r5}
8780046e:	f2c0 230c 	movt	r3, #524	; 0x20c
87800472:	68da      	ldr	r2, [r3, #12]
87800474:	0751      	lsls	r1, r2, #29
87800476:	d407      	bmi.n	87800488 <imx6u_clkinit+0x20>
87800478:	68da      	ldr	r2, [r3, #12]
8780047a:	f422 7280 	bic.w	r2, r2, #256	; 0x100
8780047e:	60da      	str	r2, [r3, #12]
87800480:	68da      	ldr	r2, [r3, #12]
87800482:	f042 0204 	orr.w	r2, r2, #4
87800486:	60da      	str	r2, [r3, #12]
87800488:	f44f 4100 	mov.w	r1, #32768	; 0x8000
8780048c:	f44f 4280 	mov.w	r2, #16384	; 0x4000
87800490:	f2c0 220c 	movt	r2, #524	; 0x20c
87800494:	f2c0 210c 	movt	r1, #524	; 0x20c
87800498:	f242 0042 	movw	r0, #8258	; 0x2042
8780049c:	2300      	movs	r3, #0
8780049e:	6008      	str	r0, [r1, #0]
878004a0:	f241 041b 	movw	r4, #4123	; 0x101b
878004a4:	6113      	str	r3, [r2, #16]
878004a6:	f2c2 0418 	movt	r4, #8216	; 0x2018
878004aa:	68d5      	ldr	r5, [r2, #12]
878004ac:	f241 000c 	movw	r0, #4108	; 0x100c
878004b0:	f2c1 3011 	movt	r0, #4881	; 0x1311
878004b4:	4613      	mov	r3, r2
878004b6:	f025 0504 	bic.w	r5, r5, #4
878004ba:	60d5      	str	r5, [r2, #12]
878004bc:	f8d1 5100 	ldr.w	r5, [r1, #256]	; 0x100
878004c0:	f005 35c0 	and.w	r5, r5, #3233857728	; 0xc0c0c0c0
878004c4:	432c      	orrs	r4, r5
878004c6:	f8c1 4100 	str.w	r4, [r1, #256]	; 0x100
878004ca:	f8d1 4100 	ldr.w	r4, [r1, #256]	; 0x100
878004ce:	f004 34c0 	and.w	r4, r4, #3233857728	; 0xc0c0c0c0
878004d2:	4320      	orrs	r0, r4
878004d4:	f8c1 00f0 	str.w	r0, [r1, #240]	; 0xf0
878004d8:	6991      	ldr	r1, [r2, #24]
878004da:	f421 2140 	bic.w	r1, r1, #786432	; 0xc0000
878004de:	6191      	str	r1, [r2, #24]
878004e0:	6991      	ldr	r1, [r2, #24]
878004e2:	f441 2180 	orr.w	r1, r1, #262144	; 0x40000
878004e6:	6191      	str	r1, [r2, #24]
878004e8:	6951      	ldr	r1, [r2, #20]
878004ea:	f021 7100 	bic.w	r1, r1, #33554432	; 0x2000000
878004ee:	6151      	str	r1, [r2, #20]
878004f0:	6c9a      	ldr	r2, [r3, #72]	; 0x48
878004f2:	0692      	lsls	r2, r2, #26
878004f4:	d4fc      	bmi.n	878004f0 <imx6u_clkinit+0x88>
878004f6:	695a      	ldr	r2, [r3, #20]
878004f8:	bc30      	pop	{r4, r5}
878004fa:	f422 7240 	bic.w	r2, r2, #768	; 0x300
878004fe:	615a      	str	r2, [r3, #20]
87800500:	695a      	ldr	r2, [r3, #20]
87800502:	f442 7280 	orr.w	r2, r2, #256	; 0x100
87800506:	615a      	str	r2, [r3, #20]
87800508:	69da      	ldr	r2, [r3, #28]
8780050a:	f022 0240 	bic.w	r2, r2, #64	; 0x40
8780050e:	61da      	str	r2, [r3, #28]
87800510:	69da      	ldr	r2, [r3, #28]
87800512:	f022 023f 	bic.w	r2, r2, #63	; 0x3f
87800516:	61da      	str	r2, [r3, #28]
87800518:	6a5a      	ldr	r2, [r3, #36]	; 0x24
8780051a:	f022 0240 	bic.w	r2, r2, #64	; 0x40
8780051e:	625a      	str	r2, [r3, #36]	; 0x24
87800520:	6a5a      	ldr	r2, [r3, #36]	; 0x24
87800522:	f022 023f 	bic.w	r2, r2, #63	; 0x3f
87800526:	625a      	str	r2, [r3, #36]	; 0x24
87800528:	6b9a      	ldr	r2, [r3, #56]	; 0x38
8780052a:	f422 2280 	bic.w	r2, r2, #262144	; 0x40000
8780052e:	639a      	str	r2, [r3, #56]	; 0x38
87800530:	6b9a      	ldr	r2, [r3, #56]	; 0x38
87800532:	f022 72fc 	bic.w	r2, r2, #33030144	; 0x1f80000
87800536:	639a      	str	r2, [r3, #56]	; 0x38
87800538:	4770      	bx	lr
8780053a:	bf00      	nop

8780053c <led_init>:
8780053c:	2168      	movs	r1, #104	; 0x68
8780053e:	f44f 723d 	mov.w	r2, #756	; 0x2f4
87800542:	f44f 4340 	mov.w	r3, #49152	; 0xc000
87800546:	b430      	push	{r4, r5}
87800548:	f2c0 2309 	movt	r3, #521	; 0x209
8780054c:	2505      	movs	r5, #5
8780054e:	f2c0 220e 	movt	r2, #526	; 0x20e
87800552:	f241 04b0 	movw	r4, #4272	; 0x10b0
87800556:	2008      	movs	r0, #8
87800558:	f2c0 210e 	movt	r1, #526	; 0x20e
8780055c:	600d      	str	r5, [r1, #0]
8780055e:	6014      	str	r4, [r2, #0]
87800560:	6058      	str	r0, [r3, #4]
87800562:	681a      	ldr	r2, [r3, #0]
87800564:	bc30      	pop	{r4, r5}
87800566:	4302      	orrs	r2, r0
87800568:	601a      	str	r2, [r3, #0]
8780056a:	4770      	bx	lr

8780056c <led_on>:
8780056c:	f44f 4340 	mov.w	r3, #49152	; 0xc000
87800570:	f2c0 2309 	movt	r3, #521	; 0x209
87800574:	681a      	ldr	r2, [r3, #0]
87800576:	f022 0208 	bic.w	r2, r2, #8
8780057a:	601a      	str	r2, [r3, #0]
8780057c:	4770      	bx	lr
8780057e:	bf00      	nop

87800580 <led_off>:
87800580:	f44f 4340 	mov.w	r3, #49152	; 0xc000
87800584:	f2c0 2309 	movt	r3, #521	; 0x209
87800588:	681a      	ldr	r2, [r3, #0]
8780058a:	f042 0208 	orr.w	r2, r2, #8
8780058e:	601a      	str	r2, [r3, #0]
87800590:	4770      	bx	lr
87800592:	bf00      	nop

87800594 <led_switch>:
87800594:	b950      	cbnz	r0, 878005ac <led_switch+0x18>
87800596:	2901      	cmp	r1, #1
87800598:	d009      	beq.n	878005ae <led_switch+0x1a>
8780059a:	b939      	cbnz	r1, 878005ac <led_switch+0x18>
8780059c:	f44f 4340 	mov.w	r3, #49152	; 0xc000
878005a0:	f2c0 2309 	movt	r3, #521	; 0x209
878005a4:	681a      	ldr	r2, [r3, #0]
878005a6:	f042 0208 	orr.w	r2, r2, #8
878005aa:	601a      	str	r2, [r3, #0]
878005ac:	4770      	bx	lr
878005ae:	f44f 4340 	mov.w	r3, #49152	; 0xc000
878005b2:	f2c0 2309 	movt	r3, #521	; 0x209
878005b6:	681a      	ldr	r2, [r3, #0]
878005b8:	f022 0208 	bic.w	r2, r2, #8
878005bc:	601a      	str	r2, [r3, #0]
878005be:	4770      	bx	lr

878005c0 <delay_init>:
878005c0:	f44f 4200 	mov.w	r2, #32768	; 0x8000
878005c4:	2000      	movs	r0, #0
878005c6:	f2c0 2209 	movt	r2, #521	; 0x209
878005ca:	f44f 4100 	mov.w	r1, #32768	; 0x8000
878005ce:	4613      	mov	r3, r2
878005d0:	6010      	str	r0, [r2, #0]
878005d2:	6011      	str	r1, [r2, #0]
878005d4:	681a      	ldr	r2, [r3, #0]
878005d6:	0412      	lsls	r2, r2, #16
878005d8:	d4fc      	bmi.n	878005d4 <delay_init+0x14>
878005da:	681a      	ldr	r2, [r3, #0]
878005dc:	2041      	movs	r0, #65	; 0x41
878005de:	f04f 31ff 	mov.w	r1, #4294967295	; 0xffffffff
878005e2:	f042 0242 	orr.w	r2, r2, #66	; 0x42
878005e6:	601a      	str	r2, [r3, #0]
878005e8:	6058      	str	r0, [r3, #4]
878005ea:	6119      	str	r1, [r3, #16]
878005ec:	681a      	ldr	r2, [r3, #0]
878005ee:	f042 0201 	orr.w	r2, r2, #1
878005f2:	601a      	str	r2, [r3, #0]
878005f4:	4770      	bx	lr
878005f6:	bf00      	nop

878005f8 <delay_us>:
878005f8:	f44f 4100 	mov.w	r1, #32768	; 0x8000
878005fc:	b430      	push	{r4, r5}
878005fe:	f2c0 2109 	movt	r1, #521	; 0x209
87800602:	2400      	movs	r4, #0
87800604:	6a4a      	ldr	r2, [r1, #36]	; 0x24
87800606:	6a4b      	ldr	r3, [r1, #36]	; 0x24
87800608:	429a      	cmp	r2, r3
8780060a:	d0fc      	beq.n	87800606 <delay_us+0xe>
8780060c:	f104 35ff 	add.w	r5, r4, #4294967295	; 0xffffffff
87800610:	eba4 0402 	sub.w	r4, r4, r2
87800614:	eba5 0202 	sub.w	r2, r5, r2
87800618:	bf34      	ite	cc
8780061a:	18e4      	addcc	r4, r4, r3
8780061c:	18d4      	addcs	r4, r2, r3
8780061e:	461a      	mov	r2, r3
87800620:	4284      	cmp	r4, r0
87800622:	d3f0      	bcc.n	87800606 <delay_us+0xe>
87800624:	bc30      	pop	{r4, r5}
87800626:	4770      	bx	lr

87800628 <delay_ms>:
87800628:	b1e0      	cbz	r0, 87800664 <delay_ms+0x3c>
8780062a:	f44f 4100 	mov.w	r1, #32768	; 0x8000
8780062e:	b470      	push	{r4, r5, r6}
87800630:	f2c0 2109 	movt	r1, #521	; 0x209
87800634:	2600      	movs	r6, #0
87800636:	2400      	movs	r4, #0
87800638:	6a4a      	ldr	r2, [r1, #36]	; 0x24
8780063a:	6a4b      	ldr	r3, [r1, #36]	; 0x24
8780063c:	4293      	cmp	r3, r2
8780063e:	d0fc      	beq.n	8780063a <delay_ms+0x12>
87800640:	f104 35ff 	add.w	r5, r4, #4294967295	; 0xffffffff
87800644:	eba4 0402 	sub.w	r4, r4, r2
87800648:	eba5 0202 	sub.w	r2, r5, r2
8780064c:	bf8c      	ite	hi
8780064e:	18e4      	addhi	r4, r4, r3
87800650:	189c      	addls	r4, r3, r2
87800652:	461a      	mov	r2, r3
87800654:	f5b4 7f7a 	cmp.w	r4, #1000	; 0x3e8
87800658:	d3ef      	bcc.n	8780063a <delay_ms+0x12>
8780065a:	3601      	adds	r6, #1
8780065c:	4286      	cmp	r6, r0
8780065e:	d1ea      	bne.n	87800636 <delay_ms+0xe>
87800660:	bc70      	pop	{r4, r5, r6}
87800662:	4770      	bx	lr
87800664:	4770      	bx	lr
87800666:	bf00      	nop

87800668 <delay_short>:
87800668:	b082      	sub	sp, #8
8780066a:	9001      	str	r0, [sp, #4]
8780066c:	9b01      	ldr	r3, [sp, #4]
8780066e:	1e5a      	subs	r2, r3, #1
87800670:	9201      	str	r2, [sp, #4]
87800672:	2b00      	cmp	r3, #0
87800674:	d1fa      	bne.n	8780066c <delay_short+0x4>
87800676:	b002      	add	sp, #8
87800678:	4770      	bx	lr
8780067a:	bf00      	nop

8780067c <delay>:
8780067c:	b082      	sub	sp, #8
8780067e:	9001      	str	r0, [sp, #4]
87800680:	9b01      	ldr	r3, [sp, #4]
87800682:	1e5a      	subs	r2, r3, #1
87800684:	9201      	str	r2, [sp, #4]
87800686:	b153      	cbz	r3, 8780069e <delay+0x22>
87800688:	f240 73ff 	movw	r3, #2047	; 0x7ff
8780068c:	461a      	mov	r2, r3
8780068e:	3b01      	subs	r3, #1
87800690:	2a00      	cmp	r2, #0
87800692:	d1fb      	bne.n	8780068c <delay+0x10>
87800694:	9b01      	ldr	r3, [sp, #4]
87800696:	1e5a      	subs	r2, r3, #1
87800698:	9201      	str	r2, [sp, #4]
8780069a:	2b00      	cmp	r3, #0
8780069c:	d1f4      	bne.n	87800688 <delay+0xc>
8780069e:	b002      	add	sp, #8
878006a0:	4770      	bx	lr
878006a2:	bf00      	nop

878006a4 <beep_init>:
878006a4:	210c      	movs	r1, #12
878006a6:	2250      	movs	r2, #80	; 0x50
878006a8:	b530      	push	{r4, r5, lr}
878006aa:	2301      	movs	r3, #1
878006ac:	b085      	sub	sp, #20
878006ae:	f2c0 2129 	movt	r1, #553	; 0x229
878006b2:	2505      	movs	r5, #5
878006b4:	f2c0 2229 	movt	r2, #553	; 0x229
878006b8:	f241 04b0 	movw	r4, #4272	; 0x10b0
878006bc:	f44f 4040 	mov.w	r0, #49152	; 0xc000
878006c0:	600d      	str	r5, [r1, #0]
878006c2:	f2c0 200a 	movt	r0, #522	; 0x20a
878006c6:	6014      	str	r4, [r2, #0]
878006c8:	4619      	mov	r1, r3
878006ca:	aa01      	add	r2, sp, #4
878006cc:	9301      	str	r3, [sp, #4]
878006ce:	f88d 3008 	strb.w	r3, [sp, #8]
878006d2:	f000 f8c1 	bl	87800858 <gpio_init>
878006d6:	b005      	add	sp, #20
878006d8:	bd30      	pop	{r4, r5, pc}
878006da:	bf00      	nop

878006dc <beep_switch>:
878006dc:	2801      	cmp	r0, #1
878006de:	4601      	mov	r1, r0
878006e0:	d009      	beq.n	878006f6 <beep_switch+0x1a>
878006e2:	b100      	cbz	r0, 878006e6 <beep_switch+0xa>
878006e4:	4770      	bx	lr
878006e6:	2201      	movs	r2, #1
878006e8:	f44f 4040 	mov.w	r0, #49152	; 0xc000
878006ec:	4611      	mov	r1, r2
878006ee:	f2c0 200a 	movt	r0, #522	; 0x20a
878006f2:	f000 b85f 	b.w	878007b4 <gpio_pinwrite>
878006f6:	f44f 4040 	mov.w	r0, #49152	; 0xc000
878006fa:	2200      	movs	r2, #0
878006fc:	f2c0 200a 	movt	r0, #522	; 0x20a
87800700:	f000 b858 	b.w	878007b4 <gpio_pinwrite>

87800704 <key_init>:
87800704:	218c      	movs	r1, #140	; 0x8c
87800706:	b530      	push	{r4, r5, lr}
87800708:	f2c0 210e 	movt	r1, #526	; 0x20e
8780070c:	b085      	sub	sp, #20
8780070e:	2005      	movs	r0, #5
87800710:	f44f 7346 	mov.w	r3, #792	; 0x318
87800714:	6008      	str	r0, [r1, #0]
87800716:	f2c0 230e 	movt	r3, #526	; 0x20e
8780071a:	aa04      	add	r2, sp, #16
8780071c:	f24f 0580 	movw	r5, #61568	; 0xf080
87800720:	2400      	movs	r4, #0
87800722:	f44f 4040 	mov.w	r0, #49152	; 0xc000
87800726:	601d      	str	r5, [r3, #0]
87800728:	f2c0 2009 	movt	r0, #521	; 0x209
8780072c:	f842 4d0c 	str.w	r4, [r2, #-12]!
87800730:	2112      	movs	r1, #18
87800732:	f000 f891 	bl	87800858 <gpio_init>
87800736:	b005      	add	sp, #20
87800738:	bd30      	pop	{r4, r5, pc}
8780073a:	bf00      	nop

8780073c <read_key>:
8780073c:	f44f 4040 	mov.w	r0, #49152	; 0xc000
87800740:	2112      	movs	r1, #18
87800742:	f2c0 2009 	movt	r0, #521	; 0x209
87800746:	f000 b82f 	b.w	878007a8 <gpio_pinread>
8780074a:	bf00      	nop

8780074c <key_getvalue>:
8780074c:	b538      	push	{r3, r4, r5, lr}
8780074e:	f249 2444 	movw	r4, #37444	; 0x9244
87800752:	f2c8 7480 	movt	r4, #34688	; 0x8780
87800756:	7823      	ldrb	r3, [r4, #0]
87800758:	2b01      	cmp	r3, #1
8780075a:	d00b      	beq.n	87800774 <key_getvalue+0x28>
8780075c:	f44f 4040 	mov.w	r0, #49152	; 0xc000
87800760:	2112      	movs	r1, #18
87800762:	f2c0 2009 	movt	r0, #521	; 0x209
87800766:	f000 f81f 	bl	878007a8 <gpio_pinread>
8780076a:	2801      	cmp	r0, #1
8780076c:	bf08      	it	eq
8780076e:	7020      	strbeq	r0, [r4, #0]
87800770:	2000      	movs	r0, #0
87800772:	bd38      	pop	{r3, r4, r5, pc}
87800774:	f44f 4040 	mov.w	r0, #49152	; 0xc000
87800778:	2112      	movs	r1, #18
8780077a:	f2c0 2009 	movt	r0, #521	; 0x209
8780077e:	f000 f813 	bl	878007a8 <gpio_pinread>
87800782:	4605      	mov	r5, r0
87800784:	2800      	cmp	r0, #0
87800786:	d1e9      	bne.n	8780075c <key_getvalue+0x10>
87800788:	200a      	movs	r0, #10
8780078a:	f7ff ff77 	bl	8780067c <delay>
8780078e:	f44f 4040 	mov.w	r0, #49152	; 0xc000
87800792:	2112      	movs	r1, #18
87800794:	f2c0 2009 	movt	r0, #521	; 0x209
87800798:	7025      	strb	r5, [r4, #0]
8780079a:	f000 f805 	bl	878007a8 <gpio_pinread>
8780079e:	fab0 f080 	clz	r0, r0
878007a2:	0940      	lsrs	r0, r0, #5
878007a4:	bd38      	pop	{r3, r4, r5, pc}
878007a6:	bf00      	nop

878007a8 <gpio_pinread>:
878007a8:	6800      	ldr	r0, [r0, #0]
878007aa:	40c8      	lsrs	r0, r1
878007ac:	f000 0001 	and.w	r0, r0, #1
878007b0:	4770      	bx	lr
878007b2:	bf00      	nop

878007b4 <gpio_pinwrite>:
878007b4:	2301      	movs	r3, #1
878007b6:	fa03 f101 	lsl.w	r1, r3, r1
878007ba:	6803      	ldr	r3, [r0, #0]
878007bc:	b112      	cbz	r2, 878007c4 <gpio_pinwrite+0x10>
878007be:	4319      	orrs	r1, r3
878007c0:	6001      	str	r1, [r0, #0]
878007c2:	4770      	bx	lr
878007c4:	ea23 0101 	bic.w	r1, r3, r1
878007c8:	6001      	str	r1, [r0, #0]
878007ca:	4770      	bx	lr

878007cc <gpio_intconfig>:
878007cc:	b410      	push	{r4}
878007ce:	2301      	movs	r3, #1
878007d0:	69c4      	ldr	r4, [r0, #28]
878007d2:	408b      	lsls	r3, r1
878007d4:	290f      	cmp	r1, #15
878007d6:	f102 32ff 	add.w	r2, r2, #4294967295	; 0xffffffff
878007da:	bf88      	it	hi
878007dc:	3910      	subhi	r1, #16
878007de:	ea24 0403 	bic.w	r4, r4, r3
878007e2:	61c4      	str	r4, [r0, #28]
878007e4:	bf94      	ite	ls
878007e6:	f100 040c 	addls.w	r4, r0, #12
878007ea:	f100 0410 	addhi.w	r4, r0, #16
878007ee:	2a04      	cmp	r2, #4
878007f0:	d80e      	bhi.n	87800810 <gpio_intconfig+0x44>
878007f2:	e8df f002 	tbb	[pc, r2]
878007f6:	26210316 			; <UNDEFINED> instruction: 0x26210316
878007fa:	68230010 	stmdavs	r3!, {r4}
878007fe:	0049      	lsls	r1, r1, #1
87800800:	2003      	movs	r0, #3
87800802:	2201      	movs	r2, #1
87800804:	4088      	lsls	r0, r1
87800806:	408a      	lsls	r2, r1
87800808:	ea23 0100 	bic.w	r1, r3, r0
8780080c:	4311      	orrs	r1, r2
8780080e:	6021      	str	r1, [r4, #0]
87800810:	f85d 4b04 	ldr.w	r4, [sp], #4
87800814:	4770      	bx	lr
87800816:	69c2      	ldr	r2, [r0, #28]
87800818:	f85d 4b04 	ldr.w	r4, [sp], #4
8780081c:	4313      	orrs	r3, r2
8780081e:	61c3      	str	r3, [r0, #28]
87800820:	4770      	bx	lr
87800822:	0049      	lsls	r1, r1, #1
87800824:	6823      	ldr	r3, [r4, #0]
87800826:	2203      	movs	r2, #3
87800828:	fa02 f101 	lsl.w	r1, r2, r1
8780082c:	ea23 0101 	bic.w	r1, r3, r1
87800830:	6021      	str	r1, [r4, #0]
87800832:	f85d 4b04 	ldr.w	r4, [sp], #4
87800836:	4770      	bx	lr
87800838:	0049      	lsls	r1, r1, #1
8780083a:	2003      	movs	r0, #3
8780083c:	6823      	ldr	r3, [r4, #0]
8780083e:	2202      	movs	r2, #2
87800840:	e7e0      	b.n	87800804 <gpio_intconfig+0x38>
87800842:	0049      	lsls	r1, r1, #1
87800844:	6822      	ldr	r2, [r4, #0]
87800846:	2303      	movs	r3, #3
87800848:	fa03 f101 	lsl.w	r1, r3, r1
8780084c:	4311      	orrs	r1, r2
8780084e:	6021      	str	r1, [r4, #0]
87800850:	f85d 4b04 	ldr.w	r4, [sp], #4
87800854:	4770      	bx	lr
87800856:	bf00      	nop

87800858 <gpio_init>:
87800858:	2301      	movs	r3, #1
8780085a:	b470      	push	{r4, r5, r6}
8780085c:	408b      	lsls	r3, r1
8780085e:	6944      	ldr	r4, [r0, #20]
87800860:	6816      	ldr	r6, [r2, #0]
87800862:	43dd      	mvns	r5, r3
87800864:	402c      	ands	r4, r5
87800866:	6144      	str	r4, [r0, #20]
87800868:	b15e      	cbz	r6, 87800882 <gpio_init+0x2a>
8780086a:	6844      	ldr	r4, [r0, #4]
8780086c:	431c      	orrs	r4, r3
8780086e:	6044      	str	r4, [r0, #4]
87800870:	7914      	ldrb	r4, [r2, #4]
87800872:	b16c      	cbz	r4, 87800890 <gpio_init+0x38>
87800874:	6804      	ldr	r4, [r0, #0]
87800876:	6892      	ldr	r2, [r2, #8]
87800878:	4323      	orrs	r3, r4
8780087a:	bc70      	pop	{r4, r5, r6}
8780087c:	6003      	str	r3, [r0, #0]
8780087e:	f7ff bfa5 	b.w	878007cc <gpio_intconfig>
87800882:	6843      	ldr	r3, [r0, #4]
87800884:	6892      	ldr	r2, [r2, #8]
87800886:	401d      	ands	r5, r3
87800888:	6045      	str	r5, [r0, #4]
8780088a:	bc70      	pop	{r4, r5, r6}
8780088c:	f7ff bf9e 	b.w	878007cc <gpio_intconfig>
87800890:	6803      	ldr	r3, [r0, #0]
87800892:	6892      	ldr	r2, [r2, #8]
87800894:	401d      	ands	r5, r3
87800896:	6005      	str	r5, [r0, #0]
87800898:	bc70      	pop	{r4, r5, r6}
8780089a:	f7ff bf97 	b.w	878007cc <gpio_intconfig>
8780089e:	bf00      	nop

878008a0 <gpio_enableint>:
878008a0:	6942      	ldr	r2, [r0, #20]
878008a2:	2301      	movs	r3, #1
878008a4:	fa03 f101 	lsl.w	r1, r3, r1
878008a8:	4311      	orrs	r1, r2
878008aa:	6141      	str	r1, [r0, #20]
878008ac:	4770      	bx	lr
878008ae:	bf00      	nop

878008b0 <gpio_disableint>:
878008b0:	6943      	ldr	r3, [r0, #20]
878008b2:	2201      	movs	r2, #1
878008b4:	fa02 f101 	lsl.w	r1, r2, r1
878008b8:	ea23 0301 	bic.w	r3, r3, r1
878008bc:	6143      	str	r3, [r0, #20]
878008be:	4770      	bx	lr

878008c0 <gpio_clearintflags>:
878008c0:	6982      	ldr	r2, [r0, #24]
878008c2:	2301      	movs	r3, #1
878008c4:	fa03 f101 	lsl.w	r1, r3, r1
878008c8:	4311      	orrs	r1, r2
878008ca:	6181      	str	r1, [r0, #24]
878008cc:	4770      	bx	lr
878008ce:	bf00      	nop

878008d0 <default_irqhandler>:
878008d0:	e7fe      	b.n	878008d0 <default_irqhandler>
878008d2:	bf00      	nop

878008d4 <int_init>:
878008d4:	b470      	push	{r4, r5, r6}
878008d6:	ee9f 4f10 	mrc	15, 4, r4, cr15, cr0, {0}
878008da:	0c24      	lsrs	r4, r4, #16
878008dc:	f241 0204 	movw	r2, #4100	; 0x1004
878008e0:	2300      	movs	r3, #0
878008e2:	0424      	lsls	r4, r4, #16
878008e4:	f04f 30ff 	mov.w	r0, #4294967295	; 0xffffffff
878008e8:	58a1      	ldr	r1, [r4, r2]
878008ea:	f001 011f 	and.w	r1, r1, #31
878008ee:	3101      	adds	r1, #1
878008f0:	f503 628c 	add.w	r2, r3, #1120	; 0x460
878008f4:	3301      	adds	r3, #1
878008f6:	4299      	cmp	r1, r3
878008f8:	f844 0022 	str.w	r0, [r4, r2, lsl #2]
878008fc:	d1f8      	bne.n	878008f0 <int_init+0x1c>
878008fe:	f249 3348 	movw	r3, #37704	; 0x9348
87800902:	2500      	movs	r5, #0
87800904:	f2c8 7380 	movt	r3, #34688	; 0x8780
87800908:	f242 0104 	movw	r1, #8196	; 0x2004
8780090c:	26f8      	movs	r6, #248	; 0xf8
8780090e:	f640 02d1 	movw	r2, #2257	; 0x8d1
87800912:	5066      	str	r6, [r4, r1]
87800914:	f203 5004 	addw	r0, r3, #1284	; 0x504
87800918:	f242 0608 	movw	r6, #8200	; 0x2008
8780091c:	4629      	mov	r1, r5
8780091e:	f843 5b04 	str.w	r5, [r3], #4
87800922:	f2c8 7280 	movt	r2, #34688	; 0x8780
87800926:	2502      	movs	r5, #2
87800928:	51a5      	str	r5, [r4, r6]
8780092a:	f504 5680 	add.w	r6, r4, #4096	; 0x1000
8780092e:	2501      	movs	r5, #1
87800930:	f504 5400 	add.w	r4, r4, #8192	; 0x2000
87800934:	6035      	str	r5, [r6, #0]
87800936:	6025      	str	r5, [r4, #0]
87800938:	e9c3 2100 	strd	r2, r1, [r3]
8780093c:	3308      	adds	r3, #8
8780093e:	4298      	cmp	r0, r3
87800940:	d1fa      	bne.n	87800938 <int_init+0x64>
87800942:	2300      	movs	r3, #0
87800944:	f2c8 7380 	movt	r3, #34688	; 0x8780
87800948:	ee0c 3f10 	mcr	15, 0, r3, cr12, cr0, {0}
8780094c:	bc70      	pop	{r4, r5, r6}
8780094e:	4770      	bx	lr

87800950 <system_irqtable_init>:
87800950:	b410      	push	{r4}
87800952:	f640 02d1 	movw	r2, #2257	; 0x8d1
87800956:	2400      	movs	r4, #0
87800958:	f249 3348 	movw	r3, #37704	; 0x9348
8780095c:	4621      	mov	r1, r4
8780095e:	f2c8 7280 	movt	r2, #34688	; 0x8780
87800962:	f2c8 7380 	movt	r3, #34688	; 0x8780
87800966:	f203 5004 	addw	r0, r3, #1284	; 0x504
8780096a:	f843 4b04 	str.w	r4, [r3], #4
8780096e:	e9c3 2100 	strd	r2, r1, [r3]
87800972:	3308      	adds	r3, #8
87800974:	4283      	cmp	r3, r0
87800976:	d1fa      	bne.n	8780096e <system_irqtable_init+0x1e>
87800978:	f85d 4b04 	ldr.w	r4, [sp], #4
8780097c:	4770      	bx	lr
8780097e:	bf00      	nop

87800980 <system_register_irqhandler>:
87800980:	f249 3348 	movw	r3, #37704	; 0x9348
87800984:	f2c8 7380 	movt	r3, #34688	; 0x8780
87800988:	eb03 00c0 	add.w	r0, r3, r0, lsl #3
8780098c:	e9c0 1201 	strd	r1, r2, [r0, #4]
87800990:	4770      	bx	lr
87800992:	bf00      	nop

87800994 <system_irqhandler>:
87800994:	b538      	push	{r3, r4, r5, lr}
87800996:	f3c0 0309 	ubfx	r3, r0, #0, #10
8780099a:	2b9f      	cmp	r3, #159	; 0x9f
8780099c:	d80f      	bhi.n	878009be <system_irqhandler+0x2a>
8780099e:	f249 3448 	movw	r4, #37704	; 0x9348
878009a2:	4618      	mov	r0, r3
878009a4:	f2c8 7480 	movt	r4, #34688	; 0x8780
878009a8:	6822      	ldr	r2, [r4, #0]
878009aa:	eb04 03c3 	add.w	r3, r4, r3, lsl #3
878009ae:	685d      	ldr	r5, [r3, #4]
878009b0:	3201      	adds	r2, #1
878009b2:	6899      	ldr	r1, [r3, #8]
878009b4:	6022      	str	r2, [r4, #0]
878009b6:	47a8      	blx	r5
878009b8:	6823      	ldr	r3, [r4, #0]
878009ba:	3b01      	subs	r3, #1
878009bc:	6023      	str	r3, [r4, #0]
878009be:	bd38      	pop	{r3, r4, r5, pc}

878009c0 <gpio1_io18_irqhandler>:
878009c0:	b508      	push	{r3, lr}
878009c2:	200a      	movs	r0, #10
878009c4:	f7ff fe5a 	bl	8780067c <delay>
878009c8:	f44f 4040 	mov.w	r0, #49152	; 0xc000
878009cc:	2112      	movs	r1, #18
878009ce:	f2c0 2009 	movt	r0, #521	; 0x209
878009d2:	f7ff fee9 	bl	878007a8 <gpio_pinread>
878009d6:	b958      	cbnz	r0, 878009f0 <gpio1_io18_irqhandler+0x30>
878009d8:	f649 024c 	movw	r2, #38988	; 0x984c
878009dc:	f2c8 7280 	movt	r2, #34688	; 0x8780
878009e0:	7813      	ldrb	r3, [r2, #0]
878009e2:	fab3 f383 	clz	r3, r3
878009e6:	095b      	lsrs	r3, r3, #5
878009e8:	4618      	mov	r0, r3
878009ea:	7013      	strb	r3, [r2, #0]
878009ec:	f7ff fe76 	bl	878006dc <beep_switch>
878009f0:	f44f 4040 	mov.w	r0, #49152	; 0xc000
878009f4:	2112      	movs	r1, #18
878009f6:	f2c0 2009 	movt	r0, #521	; 0x209
878009fa:	e8bd 4008 	ldmia.w	sp!, {r3, lr}
878009fe:	f7ff bf5f 	b.w	878008c0 <gpio_clearintflags>
87800a02:	bf00      	nop

87800a04 <exit_init>:
87800a04:	228c      	movs	r2, #140	; 0x8c
87800a06:	f44f 7346 	mov.w	r3, #792	; 0x318
87800a0a:	b570      	push	{r4, r5, r6, lr}
87800a0c:	f2c0 220e 	movt	r2, #526	; 0x20e
87800a10:	2005      	movs	r0, #5
87800a12:	f2c0 230e 	movt	r3, #526	; 0x20e
87800a16:	f24f 0180 	movw	r1, #61568	; 0xf080
87800a1a:	f44f 4440 	mov.w	r4, #49152	; 0xc000
87800a1e:	b084      	sub	sp, #16
87800a20:	6010      	str	r0, [r2, #0]
87800a22:	f2c0 2409 	movt	r4, #521	; 0x209
87800a26:	6019      	str	r1, [r3, #0]
87800a28:	2104      	movs	r1, #4
87800a2a:	2301      	movs	r3, #1
87800a2c:	eb0d 0201 	add.w	r2, sp, r1
87800a30:	9103      	str	r1, [sp, #12]
87800a32:	4620      	mov	r0, r4
87800a34:	2500      	movs	r5, #0
87800a36:	2112      	movs	r1, #18
87800a38:	9501      	str	r5, [sp, #4]
87800a3a:	f88d 3008 	strb.w	r3, [sp, #8]
87800a3e:	f7ff ff0b 	bl	87800858 <gpio_init>
87800a42:	ee9f 3f10 	mrc	15, 4, r3, cr15, cr0, {0}
87800a46:	0c1b      	lsrs	r3, r3, #16
87800a48:	f241 100c 	movw	r0, #4364	; 0x110c
87800a4c:	2608      	movs	r6, #8
87800a4e:	041b      	lsls	r3, r3, #16
87800a50:	f640 11c1 	movw	r1, #2497	; 0x9c1
87800a54:	462a      	mov	r2, r5
87800a56:	501e      	str	r6, [r3, r0]
87800a58:	f2c8 7180 	movt	r1, #34688	; 0x8780
87800a5c:	2063      	movs	r0, #99	; 0x63
87800a5e:	f7ff ff8f 	bl	87800980 <system_register_irqhandler>
87800a62:	4620      	mov	r0, r4
87800a64:	2112      	movs	r1, #18
87800a66:	f7ff ff1b 	bl	878008a0 <gpio_enableint>
87800a6a:	b004      	add	sp, #16
87800a6c:	bd70      	pop	{r4, r5, r6, pc}
87800a6e:	bf00      	nop

87800a70 <epit1_irqhandler>:
87800a70:	b508      	push	{r3, lr}
87800a72:	f649 034d 	movw	r3, #38989	; 0x984d
87800a76:	f2c8 7380 	movt	r3, #34688	; 0x8780
87800a7a:	2200      	movs	r2, #0
87800a7c:	f2c0 220d 	movt	r2, #525	; 0x20d
87800a80:	7819      	ldrb	r1, [r3, #0]
87800a82:	fab1 f181 	clz	r1, r1
87800a86:	0949      	lsrs	r1, r1, #5
87800a88:	7019      	strb	r1, [r3, #0]
87800a8a:	6853      	ldr	r3, [r2, #4]
87800a8c:	07db      	lsls	r3, r3, #31
87800a8e:	d502      	bpl.n	87800a96 <epit1_irqhandler+0x26>
87800a90:	2000      	movs	r0, #0
87800a92:	f7ff fd7f 	bl	87800594 <led_switch>
87800a96:	2300      	movs	r3, #0
87800a98:	f2c0 230d 	movt	r3, #525	; 0x20d
87800a9c:	685a      	ldr	r2, [r3, #4]
87800a9e:	f042 0201 	orr.w	r2, r2, #1
87800aa2:	605a      	str	r2, [r3, #4]
87800aa4:	bd08      	pop	{r3, pc}
87800aa6:	bf00      	nop

87800aa8 <epit1_init>:
87800aa8:	f640 72ff 	movw	r2, #4095	; 0xfff
87800aac:	b538      	push	{r3, r4, r5, lr}
87800aae:	4290      	cmp	r0, r2
87800ab0:	f04f 030e 	mov.w	r3, #14
87800ab4:	bf28      	it	cs
87800ab6:	4610      	movcs	r0, r2
87800ab8:	f2c0 1300 	movt	r3, #256	; 0x100
87800abc:	ea43 1300 	orr.w	r3, r3, r0, lsl #4
87800ac0:	2400      	movs	r4, #0
87800ac2:	f2c0 240d 	movt	r4, #525	; 0x20d
87800ac6:	2200      	movs	r2, #0
87800ac8:	6022      	str	r2, [r4, #0]
87800aca:	6023      	str	r3, [r4, #0]
87800acc:	60a1      	str	r1, [r4, #8]
87800ace:	60e2      	str	r2, [r4, #12]
87800ad0:	ee9f 3f10 	mrc	15, 4, r3, cr15, cr0, {0}
87800ad4:	0c1b      	lsrs	r3, r3, #16
87800ad6:	f241 1008 	movw	r0, #4360	; 0x1108
87800ada:	f04f 7580 	mov.w	r5, #16777216	; 0x1000000
87800ade:	041b      	lsls	r3, r3, #16
87800ae0:	f640 2171 	movw	r1, #2673	; 0xa71
87800ae4:	f2c8 7180 	movt	r1, #34688	; 0x8780
87800ae8:	501d      	str	r5, [r3, r0]
87800aea:	2058      	movs	r0, #88	; 0x58
87800aec:	f7ff ff48 	bl	87800980 <system_register_irqhandler>
87800af0:	6823      	ldr	r3, [r4, #0]
87800af2:	f043 0301 	orr.w	r3, r3, #1
87800af6:	6023      	str	r3, [r4, #0]
87800af8:	bd38      	pop	{r3, r4, r5, pc}
87800afa:	bf00      	nop

87800afc <filtertimer_irqhandler>:
87800afc:	b508      	push	{r3, lr}
87800afe:	2300      	movs	r3, #0
87800b00:	f2c0 230d 	movt	r3, #525	; 0x20d
87800b04:	685a      	ldr	r2, [r3, #4]
87800b06:	07d2      	lsls	r2, r2, #31
87800b08:	d407      	bmi.n	87800b1a <filtertimer_irqhandler+0x1e>
87800b0a:	2300      	movs	r3, #0
87800b0c:	f2c0 230d 	movt	r3, #525	; 0x20d
87800b10:	685a      	ldr	r2, [r3, #4]
87800b12:	f042 0201 	orr.w	r2, r2, #1
87800b16:	605a      	str	r2, [r3, #4]
87800b18:	bd08      	pop	{r3, pc}
87800b1a:	681a      	ldr	r2, [r3, #0]
87800b1c:	f44f 4040 	mov.w	r0, #49152	; 0xc000
87800b20:	f2c0 2009 	movt	r0, #521	; 0x209
87800b24:	2112      	movs	r1, #18
87800b26:	f022 0201 	bic.w	r2, r2, #1
87800b2a:	601a      	str	r2, [r3, #0]
87800b2c:	f7ff fe3c 	bl	878007a8 <gpio_pinread>
87800b30:	2800      	cmp	r0, #0
87800b32:	d1ea      	bne.n	87800b0a <filtertimer_irqhandler+0xe>
87800b34:	f649 024e 	movw	r2, #38990	; 0x984e
87800b38:	f2c8 7280 	movt	r2, #34688	; 0x8780
87800b3c:	7813      	ldrb	r3, [r2, #0]
87800b3e:	fab3 f383 	clz	r3, r3
87800b42:	095b      	lsrs	r3, r3, #5
87800b44:	4618      	mov	r0, r3
87800b46:	7013      	strb	r3, [r2, #0]
87800b48:	f7ff fdc8 	bl	878006dc <beep_switch>
87800b4c:	e7dd      	b.n	87800b0a <filtertimer_irqhandler+0xe>
87800b4e:	bf00      	nop

87800b50 <gpio1_16_31_irqhandler>:
87800b50:	2300      	movs	r3, #0
87800b52:	b410      	push	{r4}
87800b54:	f2c0 230d 	movt	r3, #525	; 0x20d
87800b58:	f44f 5491 	mov.w	r4, #4640	; 0x1220
87800b5c:	f2c0 040a 	movt	r4, #10
87800b60:	f44f 4040 	mov.w	r0, #49152	; 0xc000
87800b64:	681a      	ldr	r2, [r3, #0]
87800b66:	f2c0 2009 	movt	r0, #521	; 0x209
87800b6a:	2112      	movs	r1, #18
87800b6c:	f022 0201 	bic.w	r2, r2, #1
87800b70:	601a      	str	r2, [r3, #0]
87800b72:	609c      	str	r4, [r3, #8]
87800b74:	681a      	ldr	r2, [r3, #0]
87800b76:	f85d 4b04 	ldr.w	r4, [sp], #4
87800b7a:	f042 0201 	orr.w	r2, r2, #1
87800b7e:	601a      	str	r2, [r3, #0]
87800b80:	f7ff be9e 	b.w	878008c0 <gpio_clearintflags>

87800b84 <filtertimer_init>:
87800b84:	2300      	movs	r3, #0
87800b86:	210e      	movs	r1, #14
87800b88:	f2c0 230d 	movt	r3, #525	; 0x20d
87800b8c:	2200      	movs	r2, #0
87800b8e:	f2c0 1100 	movt	r1, #256	; 0x100
87800b92:	b410      	push	{r4}
87800b94:	601a      	str	r2, [r3, #0]
87800b96:	6019      	str	r1, [r3, #0]
87800b98:	6098      	str	r0, [r3, #8]
87800b9a:	60da      	str	r2, [r3, #12]
87800b9c:	ee9f 3f10 	mrc	15, 4, r3, cr15, cr0, {0}
87800ba0:	0c1b      	lsrs	r3, r3, #16
87800ba2:	f241 1008 	movw	r0, #4360	; 0x1108
87800ba6:	f04f 7480 	mov.w	r4, #16777216	; 0x1000000
87800baa:	041b      	lsls	r3, r3, #16
87800bac:	f640 21fd 	movw	r1, #2813	; 0xafd
87800bb0:	f2c8 7180 	movt	r1, #34688	; 0x8780
87800bb4:	501c      	str	r4, [r3, r0]
87800bb6:	2058      	movs	r0, #88	; 0x58
87800bb8:	f85d 4b04 	ldr.w	r4, [sp], #4
87800bbc:	f7ff bee0 	b.w	87800980 <system_register_irqhandler>

87800bc0 <keyfilter_init>:
87800bc0:	228c      	movs	r2, #140	; 0x8c
87800bc2:	f44f 7346 	mov.w	r3, #792	; 0x318
87800bc6:	b570      	push	{r4, r5, r6, lr}
87800bc8:	f2c0 220e 	movt	r2, #526	; 0x20e
87800bcc:	2005      	movs	r0, #5
87800bce:	f2c0 230e 	movt	r3, #526	; 0x20e
87800bd2:	f24f 0180 	movw	r1, #61568	; 0xf080
87800bd6:	f44f 4440 	mov.w	r4, #49152	; 0xc000
87800bda:	b084      	sub	sp, #16
87800bdc:	6010      	str	r0, [r2, #0]
87800bde:	f2c0 2409 	movt	r4, #521	; 0x209
87800be2:	6019      	str	r1, [r3, #0]
87800be4:	2104      	movs	r1, #4
87800be6:	2301      	movs	r3, #1
87800be8:	eb0d 0201 	add.w	r2, sp, r1
87800bec:	9103      	str	r1, [sp, #12]
87800bee:	4620      	mov	r0, r4
87800bf0:	2500      	movs	r5, #0
87800bf2:	2112      	movs	r1, #18
87800bf4:	9501      	str	r5, [sp, #4]
87800bf6:	f88d 3008 	strb.w	r3, [sp, #8]
87800bfa:	f7ff fe2d 	bl	87800858 <gpio_init>
87800bfe:	ee9f 3f10 	mrc	15, 4, r3, cr15, cr0, {0}
87800c02:	0c1b      	lsrs	r3, r3, #16
87800c04:	f241 100c 	movw	r0, #4364	; 0x110c
87800c08:	2608      	movs	r6, #8
87800c0a:	041b      	lsls	r3, r3, #16
87800c0c:	f640 3151 	movw	r1, #2897	; 0xb51
87800c10:	462a      	mov	r2, r5
87800c12:	501e      	str	r6, [r3, r0]
87800c14:	f2c8 7180 	movt	r1, #34688	; 0x8780
87800c18:	2063      	movs	r0, #99	; 0x63
87800c1a:	f7ff feb1 	bl	87800980 <system_register_irqhandler>
87800c1e:	4620      	mov	r0, r4
87800c20:	2112      	movs	r1, #18
87800c22:	f7ff fe3d 	bl	878008a0 <gpio_enableint>
87800c26:	f44f 5091 	mov.w	r0, #4640	; 0x1220
87800c2a:	f2c0 000a 	movt	r0, #10
87800c2e:	f7ff ffa9 	bl	87800b84 <filtertimer_init>
87800c32:	b004      	add	sp, #16
87800c34:	bd70      	pop	{r4, r5, r6, pc}
87800c36:	bf00      	nop

87800c38 <filtertimer_stop>:
87800c38:	2300      	movs	r3, #0
87800c3a:	f2c0 230d 	movt	r3, #525	; 0x20d
87800c3e:	681a      	ldr	r2, [r3, #0]
87800c40:	f022 0201 	bic.w	r2, r2, #1
87800c44:	601a      	str	r2, [r3, #0]
87800c46:	4770      	bx	lr

87800c48 <filtertimer_restart>:
87800c48:	2300      	movs	r3, #0
87800c4a:	f2c0 230d 	movt	r3, #525	; 0x20d
87800c4e:	681a      	ldr	r2, [r3, #0]
87800c50:	f022 0201 	bic.w	r2, r2, #1
87800c54:	601a      	str	r2, [r3, #0]
87800c56:	6098      	str	r0, [r3, #8]
87800c58:	681a      	ldr	r2, [r3, #0]
87800c5a:	f042 0201 	orr.w	r2, r2, #1
87800c5e:	601a      	str	r2, [r3, #0]
87800c60:	4770      	bx	lr
87800c62:	bf00      	nop

87800c64 <uart_setbaudrate>:
87800c64:	e92d 4ff0 	stmdb	sp!, {r4, r5, r6, r7, r8, r9, sl, fp, lr}
87800c68:	010c      	lsls	r4, r1, #4
87800c6a:	b087      	sub	sp, #28
87800c6c:	460e      	mov	r6, r1
87800c6e:	4680      	mov	r8, r0
87800c70:	4617      	mov	r7, r2
87800c72:	bf08      	it	eq
87800c74:	4615      	moveq	r5, r2
87800c76:	d013      	beq.n	87800ca0 <uart_setbaudrate+0x3c>
87800c78:	46a1      	mov	r9, r4
87800c7a:	4610      	mov	r0, r2
87800c7c:	e000      	b.n	87800c80 <uart_setbaudrate+0x1c>
87800c7e:	4689      	mov	r9, r1
87800c80:	4649      	mov	r1, r9
87800c82:	f003 fbbf 	bl	87804404 <__aeabi_uidivmod>
87800c86:	4648      	mov	r0, r9
87800c88:	2900      	cmp	r1, #0
87800c8a:	d1f8      	bne.n	87800c7e <uart_setbaudrate+0x1a>
87800c8c:	4649      	mov	r1, r9
87800c8e:	4638      	mov	r0, r7
87800c90:	f003 fa8a 	bl	878041a8 <__udivsi3>
87800c94:	4649      	mov	r1, r9
87800c96:	4605      	mov	r5, r0
87800c98:	4620      	mov	r0, r4
87800c9a:	f003 fa85 	bl	878041a8 <__udivsi3>
87800c9e:	4604      	mov	r4, r0
87800ca0:	f64f 79f9 	movw	r9, #65529	; 0xfff9
87800ca4:	1e69      	subs	r1, r5, #1
87800ca6:	f2c0 0906 	movt	r9, #6
87800caa:	454d      	cmp	r5, r9
87800cac:	bf98      	it	ls
87800cae:	f5b4 3f80 	cmpls.w	r4, #65536	; 0x10000
87800cb2:	bf2c      	ite	cs
87800cb4:	f04f 0901 	movcs.w	r9, #1
87800cb8:	f04f 0900 	movcc.w	r9, #0
87800cbc:	f080 8086 	bcs.w	87800dcc <uart_setbaudrate+0x168>
87800cc0:	f248 0201 	movw	r2, #32769	; 0x8001
87800cc4:	ea4f 1a05 	mov.w	sl, r5, lsl #4
87800cc8:	f2c8 0200 	movt	r2, #32768	; 0x8000
87800ccc:	f8cd 9000 	str.w	r9, [sp]
87800cd0:	fba1 2302 	umull	r2, r3, r1, r2
87800cd4:	4650      	mov	r0, sl
87800cd6:	46a3      	mov	fp, r4
87800cd8:	0bdb      	lsrs	r3, r3, #15
87800cda:	1e59      	subs	r1, r3, #1
87800cdc:	3301      	adds	r3, #1
87800cde:	9304      	str	r3, [sp, #16]
87800ce0:	2905      	cmp	r1, #5
87800ce2:	46b9      	mov	r9, r7
87800ce4:	bf97      	itett	ls
87800ce6:	f644 233c 	movwls	r3, #19004	; 0x4a3c
87800cea:	2305      	movhi	r3, #5
87800cec:	f2c8 7380 	movtls	r3, #34688	; 0x8780
87800cf0:	f853 3021 	ldrls.w	r3, [r3, r1, lsl #2]
87800cf4:	9305      	str	r3, [sp, #20]
87800cf6:	2300      	movs	r3, #0
87800cf8:	f1ba 0f00 	cmp.w	sl, #0
87800cfc:	d01d      	beq.n	87800d3a <uart_setbaudrate+0xd6>
87800cfe:	46a1      	mov	r9, r4
87800d00:	4638      	mov	r0, r7
87800d02:	4654      	mov	r4, sl
87800d04:	f8cd a008 	str.w	sl, [sp, #8]
87800d08:	2300      	movs	r3, #0
87800d0a:	4622      	mov	r2, r4
87800d0c:	4619      	mov	r1, r3
87800d0e:	f003 fbd7 	bl	878044c0 <__aeabi_uldivmod>
87800d12:	4620      	mov	r0, r4
87800d14:	2300      	movs	r3, #0
87800d16:	4614      	mov	r4, r2
87800d18:	2a00      	cmp	r2, #0
87800d1a:	d1f5      	bne.n	87800d08 <uart_setbaudrate+0xa4>
87800d1c:	464c      	mov	r4, r9
87800d1e:	4681      	mov	r9, r0
87800d20:	4649      	mov	r1, r9
87800d22:	9802      	ldr	r0, [sp, #8]
87800d24:	9303      	str	r3, [sp, #12]
87800d26:	f003 fa3f 	bl	878041a8 <__udivsi3>
87800d2a:	4649      	mov	r1, r9
87800d2c:	9002      	str	r0, [sp, #8]
87800d2e:	4638      	mov	r0, r7
87800d30:	f003 fa3a 	bl	878041a8 <__udivsi3>
87800d34:	4681      	mov	r9, r0
87800d36:	e9dd 0302 	ldrd	r0, r3, [sp, #8]
87800d3a:	fb0b fc03 	mul.w	ip, fp, r3
87800d3e:	9f00      	ldr	r7, [sp, #0]
87800d40:	4602      	mov	r2, r0
87800d42:	2300      	movs	r3, #0
87800d44:	fbab 0109 	umull	r0, r1, fp, r9
87800d48:	fb09 c907 	mla	r9, r9, r7, ip
87800d4c:	4449      	add	r1, r9
87800d4e:	f003 fbb7 	bl	878044c0 <__aeabi_uldivmod>
87800d52:	2300      	movs	r3, #0
87800d54:	4681      	mov	r9, r0
87800d56:	4299      	cmp	r1, r3
87800d58:	468a      	mov	sl, r1
87800d5a:	bf08      	it	eq
87800d5c:	42b0      	cmpeq	r0, r6
87800d5e:	4632      	mov	r2, r6
87800d60:	d32d      	bcc.n	87800dbe <uart_setbaudrate+0x15a>
87800d62:	1a80      	subs	r0, r0, r2
87800d64:	eb61 0103 	sbc.w	r1, r1, r3
87800d68:	f248 531f 	movw	r3, #34079	; 0x851f
87800d6c:	f2c5 13eb 	movt	r3, #20971	; 0x51eb
87800d70:	fba6 6703 	umull	r6, r7, r6, r3
87800d74:	2300      	movs	r3, #0
87800d76:	4299      	cmp	r1, r3
87800d78:	ea4f 1257 	mov.w	r2, r7, lsr #5
87800d7c:	eb02 0242 	add.w	r2, r2, r2, lsl #1
87800d80:	bf08      	it	eq
87800d82:	4290      	cmpeq	r0, r2
87800d84:	d218      	bcs.n	87800db8 <uart_setbaudrate+0x154>
87800d86:	f8d8 3090 	ldr.w	r3, [r8, #144]	; 0x90
87800d8a:	3c01      	subs	r4, #1
87800d8c:	9a05      	ldr	r2, [sp, #20]
87800d8e:	b2a4      	uxth	r4, r4
87800d90:	9904      	ldr	r1, [sp, #16]
87800d92:	4628      	mov	r0, r5
87800d94:	f423 7360 	bic.w	r3, r3, #896	; 0x380
87800d98:	f8c8 3090 	str.w	r3, [r8, #144]	; 0x90
87800d9c:	f8d8 3090 	ldr.w	r3, [r8, #144]	; 0x90
87800da0:	ea43 13c2 	orr.w	r3, r3, r2, lsl #7
87800da4:	f8c8 3090 	str.w	r3, [r8, #144]	; 0x90
87800da8:	f8c8 40a4 	str.w	r4, [r8, #164]	; 0xa4
87800dac:	f003 f9fc 	bl	878041a8 <__udivsi3>
87800db0:	3801      	subs	r0, #1
87800db2:	b280      	uxth	r0, r0
87800db4:	f8c8 00a8 	str.w	r0, [r8, #168]	; 0xa8
87800db8:	b007      	add	sp, #28
87800dba:	e8bd 8ff0 	ldmia.w	sp!, {r4, r5, r6, r7, r8, r9, sl, fp, pc}
87800dbe:	ebb2 0209 	subs.w	r2, r2, r9
87800dc2:	eb63 030a 	sbc.w	r3, r3, sl
87800dc6:	4610      	mov	r0, r2
87800dc8:	4619      	mov	r1, r3
87800dca:	e7cd      	b.n	87800d68 <uart_setbaudrate+0x104>
87800dcc:	f646 52b9 	movw	r2, #28089	; 0x6db9
87800dd0:	f248 0901 	movw	r9, #32769	; 0x8001
87800dd4:	f2c2 4293 	movt	r2, #9363	; 0x2493
87800dd8:	f104 3aff 	add.w	sl, r4, #4294967295	; 0xffffffff
87800ddc:	fba1 2302 	umull	r2, r3, r1, r2
87800de0:	f2c8 0900 	movt	r9, #32768	; 0x8000
87800de4:	4628      	mov	r0, r5
87800de6:	fbaa ab09 	umull	sl, fp, sl, r9
87800dea:	e9cd 2300 	strd	r2, r3, [sp]
87800dee:	1aca      	subs	r2, r1, r3
87800df0:	9b01      	ldr	r3, [sp, #4]
87800df2:	ea4f 3adb 	mov.w	sl, fp, lsr #15
87800df6:	eb03 0352 	add.w	r3, r3, r2, lsr #1
87800dfa:	f10a 0a01 	add.w	sl, sl, #1
87800dfe:	0c9a      	lsrs	r2, r3, #18
87800e00:	1c53      	adds	r3, r2, #1
87800e02:	459a      	cmp	sl, r3
87800e04:	bf38      	it	cc
87800e06:	469a      	movcc	sl, r3
87800e08:	4651      	mov	r1, sl
87800e0a:	f003 f9cd 	bl	878041a8 <__udivsi3>
87800e0e:	4605      	mov	r5, r0
87800e10:	4651      	mov	r1, sl
87800e12:	4620      	mov	r0, r4
87800e14:	f003 f9c8 	bl	878041a8 <__udivsi3>
87800e18:	4604      	mov	r4, r0
87800e1a:	b96d      	cbnz	r5, 87800e38 <uart_setbaudrate+0x1d4>
87800e1c:	b1e0      	cbz	r0, 87800e58 <uart_setbaudrate+0x1f4>
87800e1e:	4683      	mov	fp, r0
87800e20:	9500      	str	r5, [sp, #0]
87800e22:	2310      	movs	r3, #16
87800e24:	2501      	movs	r5, #1
87800e26:	469a      	mov	sl, r3
87800e28:	9302      	str	r3, [sp, #8]
87800e2a:	2305      	movs	r3, #5
87800e2c:	46a1      	mov	r9, r4
87800e2e:	9504      	str	r5, [sp, #16]
87800e30:	4638      	mov	r0, r7
87800e32:	9305      	str	r3, [sp, #20]
87800e34:	4654      	mov	r4, sl
87800e36:	e767      	b.n	87800d08 <uart_setbaudrate+0xa4>
87800e38:	1e6a      	subs	r2, r5, #1
87800e3a:	ea4f 1a05 	mov.w	sl, r5, lsl #4
87800e3e:	fba2 2309 	umull	r2, r3, r2, r9
87800e42:	4650      	mov	r0, sl
87800e44:	0bdb      	lsrs	r3, r3, #15
87800e46:	1e59      	subs	r1, r3, #1
87800e48:	3301      	adds	r3, #1
87800e4a:	9304      	str	r3, [sp, #16]
87800e4c:	b94c      	cbnz	r4, 87800e62 <uart_setbaudrate+0x1fe>
87800e4e:	f04f 0b01 	mov.w	fp, #1
87800e52:	9400      	str	r4, [sp, #0]
87800e54:	465c      	mov	r4, fp
87800e56:	e743      	b.n	87800ce0 <uart_setbaudrate+0x7c>
87800e58:	f04f 0b01 	mov.w	fp, #1
87800e5c:	9000      	str	r0, [sp, #0]
87800e5e:	465c      	mov	r4, fp
87800e60:	e7df      	b.n	87800e22 <uart_setbaudrate+0x1be>
87800e62:	2300      	movs	r3, #0
87800e64:	46a3      	mov	fp, r4
87800e66:	9300      	str	r3, [sp, #0]
87800e68:	e73a      	b.n	87800ce0 <uart_setbaudrate+0x7c>
87800e6a:	bf00      	nop

87800e6c <uart_init>:
87800e6c:	b538      	push	{r3, r4, r5, lr}
87800e6e:	2384      	movs	r3, #132	; 0x84
87800e70:	2500      	movs	r5, #0
87800e72:	f2c0 230e 	movt	r3, #526	; 0x20e
87800e76:	2188      	movs	r1, #136	; 0x88
87800e78:	f240 6424 	movw	r4, #1572	; 0x624
87800e7c:	601d      	str	r5, [r3, #0]
87800e7e:	f2c0 210e 	movt	r1, #526	; 0x20e
87800e82:	462b      	mov	r3, r5
87800e84:	f44f 7044 	mov.w	r0, #784	; 0x310
87800e88:	f44f 7245 	mov.w	r2, #788	; 0x314
87800e8c:	600d      	str	r5, [r1, #0]
87800e8e:	f2c0 2302 	movt	r3, #514	; 0x202
87800e92:	f2c0 240e 	movt	r4, #526	; 0x20e
87800e96:	f2c0 220e 	movt	r2, #526	; 0x20e
87800e9a:	f241 01b0 	movw	r1, #4272	; 0x10b0
87800e9e:	f2c0 200e 	movt	r0, #526	; 0x20e
87800ea2:	2503      	movs	r5, #3
87800ea4:	6025      	str	r5, [r4, #0]
87800ea6:	461c      	mov	r4, r3
87800ea8:	6001      	str	r1, [r0, #0]
87800eaa:	6011      	str	r1, [r2, #0]
87800eac:	f8d3 2080 	ldr.w	r2, [r3, #128]	; 0x80
87800eb0:	f022 0201 	bic.w	r2, r2, #1
87800eb4:	f8c3 2080 	str.w	r2, [r3, #128]	; 0x80
87800eb8:	f8d3 2084 	ldr.w	r2, [r3, #132]	; 0x84
87800ebc:	f022 0201 	bic.w	r2, r2, #1
87800ec0:	f8c3 2084 	str.w	r2, [r3, #132]	; 0x84
87800ec4:	f8d4 3084 	ldr.w	r3, [r4, #132]	; 0x84
87800ec8:	07db      	lsls	r3, r3, #31
87800eca:	d5fb      	bpl.n	87800ec4 <uart_init+0x58>
87800ecc:	2500      	movs	r5, #0
87800ece:	f44f 4234 	mov.w	r2, #46080	; 0xb400
87800ed2:	f8c4 5080 	str.w	r5, [r4, #128]	; 0x80
87800ed6:	4628      	mov	r0, r5
87800ed8:	f8d4 3080 	ldr.w	r3, [r4, #128]	; 0x80
87800edc:	f2c0 42c4 	movt	r2, #1220	; 0x4c4
87800ee0:	f2c0 2002 	movt	r0, #514	; 0x202
87800ee4:	f44f 31e1 	mov.w	r1, #115200	; 0x1c200
87800ee8:	f423 4380 	bic.w	r3, r3, #16384	; 0x4000
87800eec:	f8c4 3080 	str.w	r3, [r4, #128]	; 0x80
87800ef0:	f8c4 5084 	str.w	r5, [r4, #132]	; 0x84
87800ef4:	f8d4 3084 	ldr.w	r3, [r4, #132]	; 0x84
87800ef8:	f443 4380 	orr.w	r3, r3, #16384	; 0x4000
87800efc:	f043 0326 	orr.w	r3, r3, #38	; 0x26
87800f00:	f8c4 3084 	str.w	r3, [r4, #132]	; 0x84
87800f04:	f8d4 3088 	ldr.w	r3, [r4, #136]	; 0x88
87800f08:	f043 0304 	orr.w	r3, r3, #4
87800f0c:	f8c4 3088 	str.w	r3, [r4, #136]	; 0x88
87800f10:	f7ff fea8 	bl	87800c64 <uart_setbaudrate>
87800f14:	f8d4 3080 	ldr.w	r3, [r4, #128]	; 0x80
87800f18:	f043 0301 	orr.w	r3, r3, #1
87800f1c:	f8c4 3080 	str.w	r3, [r4, #128]	; 0x80
87800f20:	bd38      	pop	{r3, r4, r5, pc}
87800f22:	bf00      	nop

87800f24 <uart_disable>:
87800f24:	f8d0 3080 	ldr.w	r3, [r0, #128]	; 0x80
87800f28:	f023 0301 	bic.w	r3, r3, #1
87800f2c:	f8c0 3080 	str.w	r3, [r0, #128]	; 0x80
87800f30:	4770      	bx	lr
87800f32:	bf00      	nop

87800f34 <uart_enable>:
87800f34:	f8d0 3080 	ldr.w	r3, [r0, #128]	; 0x80
87800f38:	f043 0301 	orr.w	r3, r3, #1
87800f3c:	f8c0 3080 	str.w	r3, [r0, #128]	; 0x80
87800f40:	4770      	bx	lr
87800f42:	bf00      	nop

87800f44 <uart_softreset>:
87800f44:	f8d0 3084 	ldr.w	r3, [r0, #132]	; 0x84
87800f48:	f023 0301 	bic.w	r3, r3, #1
87800f4c:	f8c0 3084 	str.w	r3, [r0, #132]	; 0x84
87800f50:	f8d0 3084 	ldr.w	r3, [r0, #132]	; 0x84
87800f54:	07db      	lsls	r3, r3, #31
87800f56:	d5fb      	bpl.n	87800f50 <uart_softreset+0xc>
87800f58:	4770      	bx	lr
87800f5a:	bf00      	nop

87800f5c <putc>:
87800f5c:	2200      	movs	r2, #0
87800f5e:	f2c0 2202 	movt	r2, #514	; 0x202
87800f62:	f8d2 3098 	ldr.w	r3, [r2, #152]	; 0x98
87800f66:	071b      	lsls	r3, r3, #28
87800f68:	d5fb      	bpl.n	87800f62 <putc+0x6>
87800f6a:	6410      	str	r0, [r2, #64]	; 0x40
87800f6c:	4770      	bx	lr
87800f6e:	bf00      	nop

87800f70 <puts>:
87800f70:	7801      	ldrb	r1, [r0, #0]
87800f72:	b159      	cbz	r1, 87800f8c <puts+0x1c>
87800f74:	2200      	movs	r2, #0
87800f76:	f2c0 2202 	movt	r2, #514	; 0x202
87800f7a:	f8d2 3098 	ldr.w	r3, [r2, #152]	; 0x98
87800f7e:	071b      	lsls	r3, r3, #28
87800f80:	d5fb      	bpl.n	87800f7a <puts+0xa>
87800f82:	6411      	str	r1, [r2, #64]	; 0x40
87800f84:	f810 1f01 	ldrb.w	r1, [r0, #1]!
87800f88:	2900      	cmp	r1, #0
87800f8a:	d1f6      	bne.n	87800f7a <puts+0xa>
87800f8c:	4770      	bx	lr
87800f8e:	bf00      	nop

87800f90 <getc>:
87800f90:	2200      	movs	r2, #0
87800f92:	f2c0 2202 	movt	r2, #514	; 0x202
87800f96:	f8d2 3098 	ldr.w	r3, [r2, #152]	; 0x98
87800f9a:	07db      	lsls	r3, r3, #31
87800f9c:	d5fb      	bpl.n	87800f96 <getc+0x6>
87800f9e:	6810      	ldr	r0, [r2, #0]
87800fa0:	b2c0      	uxtb	r0, r0
87800fa2:	4770      	bx	lr

87800fa4 <raise>:
87800fa4:	4770      	bx	lr
87800fa6:	bf00      	nop

87800fa8 <uart_io_init>:
87800fa8:	b430      	push	{r4, r5}
87800faa:	2288      	movs	r2, #136	; 0x88
87800fac:	2584      	movs	r5, #132	; 0x84
87800fae:	2400      	movs	r4, #0
87800fb0:	f2c0 250e 	movt	r5, #526	; 0x20e
87800fb4:	f2c0 220e 	movt	r2, #526	; 0x20e
87800fb8:	f240 6024 	movw	r0, #1572	; 0x624
87800fbc:	f44f 7144 	mov.w	r1, #784	; 0x310
87800fc0:	f44f 7345 	mov.w	r3, #788	; 0x314
87800fc4:	602c      	str	r4, [r5, #0]
87800fc6:	f2c0 200e 	movt	r0, #526	; 0x20e
87800fca:	6014      	str	r4, [r2, #0]
87800fcc:	2503      	movs	r5, #3
87800fce:	f241 02b0 	movw	r2, #4272	; 0x10b0
87800fd2:	f2c0 210e 	movt	r1, #526	; 0x20e
87800fd6:	f2c0 230e 	movt	r3, #526	; 0x20e
87800fda:	6005      	str	r5, [r0, #0]
87800fdc:	600a      	str	r2, [r1, #0]
87800fde:	bc30      	pop	{r4, r5}
87800fe0:	601a      	str	r2, [r3, #0]
87800fe2:	4770      	bx	lr

87800fe4 <lcdclk_init>:
87800fe4:	b4f0      	push	{r4, r5, r6, r7}
87800fe6:	f44f 4400 	mov.w	r4, #32768	; 0x8000
87800fea:	f2c0 240c 	movt	r4, #524	; 0x20c
87800fee:	2600      	movs	r6, #0
87800ff0:	f440 1081 	orr.w	r0, r0, #1056768	; 0x102000
87800ff4:	1e55      	subs	r5, r2, #1
87800ff6:	f8c4 60b0 	str.w	r6, [r4, #176]	; 0xb0
87800ffa:	f44f 4380 	mov.w	r3, #16384	; 0x4000
87800ffe:	f8c4 60c0 	str.w	r6, [r4, #192]	; 0xc0
87801002:	f2c0 230c 	movt	r3, #524	; 0x20c
87801006:	f8c4 00a0 	str.w	r0, [r4, #160]	; 0xa0
8780100a:	1e4f      	subs	r7, r1, #1
8780100c:	f8d4 2170 	ldr.w	r2, [r4, #368]	; 0x170
87801010:	f022 4240 	bic.w	r2, r2, #3221225472	; 0xc0000000
87801014:	f8c4 2170 	str.w	r2, [r4, #368]	; 0x170
87801018:	f8c4 6170 	str.w	r6, [r4, #368]	; 0x170
8780101c:	6b98      	ldr	r0, [r3, #56]	; 0x38
8780101e:	f420 3060 	bic.w	r0, r0, #229376	; 0x38000
87801022:	6398      	str	r0, [r3, #56]	; 0x38
87801024:	6b98      	ldr	r0, [r3, #56]	; 0x38
87801026:	f440 3080 	orr.w	r0, r0, #65536	; 0x10000
8780102a:	6398      	str	r0, [r3, #56]	; 0x38
8780102c:	6b98      	ldr	r0, [r3, #56]	; 0x38
8780102e:	f420 40e0 	bic.w	r0, r0, #28672	; 0x7000
87801032:	6398      	str	r0, [r3, #56]	; 0x38
87801034:	6b99      	ldr	r1, [r3, #56]	; 0x38
87801036:	ea41 3107 	orr.w	r1, r1, r7, lsl #12
8780103a:	6399      	str	r1, [r3, #56]	; 0x38
8780103c:	6999      	ldr	r1, [r3, #24]
8780103e:	f021 7160 	bic.w	r1, r1, #58720256	; 0x3800000
87801042:	6199      	str	r1, [r3, #24]
87801044:	699a      	ldr	r2, [r3, #24]
87801046:	ea42 52c5 	orr.w	r2, r2, r5, lsl #23
8780104a:	bcf0      	pop	{r4, r5, r6, r7}
8780104c:	619a      	str	r2, [r3, #24]
8780104e:	6b9a      	ldr	r2, [r3, #56]	; 0x38
87801050:	f422 6260 	bic.w	r2, r2, #3584	; 0xe00
87801054:	639a      	str	r2, [r3, #56]	; 0x38
87801056:	6b9a      	ldr	r2, [r3, #56]	; 0x38
87801058:	639a      	str	r2, [r3, #56]	; 0x38
8780105a:	4770      	bx	lr

8780105c <lcd_reset>:
8780105c:	f44f 4300 	mov.w	r3, #32768	; 0x8000
87801060:	f2c0 231c 	movt	r3, #540	; 0x21c
87801064:	681a      	ldr	r2, [r3, #0]
87801066:	f042 4200 	orr.w	r2, r2, #2147483648	; 0x80000000
8780106a:	601a      	str	r2, [r3, #0]
8780106c:	4770      	bx	lr
8780106e:	bf00      	nop

87801070 <lcd_noreset>:
87801070:	f44f 4300 	mov.w	r3, #32768	; 0x8000
87801074:	f2c0 231c 	movt	r3, #540	; 0x21c
87801078:	681a      	ldr	r2, [r3, #0]
8780107a:	f022 4200 	bic.w	r2, r2, #2147483648	; 0x80000000
8780107e:	601a      	str	r2, [r3, #0]
87801080:	4770      	bx	lr
87801082:	bf00      	nop

87801084 <lcd_enable>:
87801084:	f44f 4300 	mov.w	r3, #32768	; 0x8000
87801088:	f2c0 231c 	movt	r3, #540	; 0x21c
8780108c:	681a      	ldr	r2, [r3, #0]
8780108e:	f042 0201 	orr.w	r2, r2, #1
87801092:	601a      	str	r2, [r3, #0]
87801094:	4770      	bx	lr
87801096:	bf00      	nop

87801098 <lcd_read_panelid>:
87801098:	f44f 7288 	mov.w	r2, #272	; 0x110
8780109c:	f44f 7367 	mov.w	r3, #924	; 0x39c
878010a0:	b530      	push	{r4, r5, lr}
878010a2:	f2c0 220e 	movt	r2, #526	; 0x20e
878010a6:	b085      	sub	sp, #20
878010a8:	2405      	movs	r4, #5
878010aa:	f2c0 230e 	movt	r3, #526	; 0x20e
878010ae:	f241 01b0 	movw	r1, #4272	; 0x10b0
878010b2:	f44f 4080 	mov.w	r0, #16384	; 0x4000
878010b6:	6014      	str	r4, [r2, #0]
878010b8:	f2c0 200a 	movt	r0, #522	; 0x20a
878010bc:	6019      	str	r1, [r3, #0]
878010be:	aa01      	add	r2, sp, #4
878010c0:	2301      	movs	r3, #1
878010c2:	2103      	movs	r1, #3
878010c4:	9301      	str	r3, [sp, #4]
878010c6:	f88d 3008 	strb.w	r3, [sp, #8]
878010ca:	f44f 7570 	mov.w	r5, #960	; 0x3c0
878010ce:	f7ff fbc3 	bl	87800858 <gpio_init>
878010d2:	f44f 729a 	mov.w	r2, #308	; 0x134
878010d6:	f44f 71aa 	mov.w	r1, #340	; 0x154
878010da:	f2c0 220e 	movt	r2, #526	; 0x20e
878010de:	f2c0 210e 	movt	r1, #526	; 0x20e
878010e2:	f44f 73ba 	mov.w	r3, #372	; 0x174
878010e6:	6014      	str	r4, [r2, #0]
878010e8:	f2c0 230e 	movt	r3, #526	; 0x20e
878010ec:	600c      	str	r4, [r1, #0]
878010ee:	f44f 7278 	mov.w	r2, #992	; 0x3e0
878010f2:	f44f 6180 	mov.w	r1, #1024	; 0x400
878010f6:	601c      	str	r4, [r3, #0]
878010f8:	f2c0 250e 	movt	r5, #526	; 0x20e
878010fc:	f24f 0380 	movw	r3, #61568	; 0xf080
87801100:	f2c0 220e 	movt	r2, #526	; 0x20e
87801104:	f2c0 210e 	movt	r1, #526	; 0x20e
87801108:	f44f 4080 	mov.w	r0, #16384	; 0x4000
8780110c:	602b      	str	r3, [r5, #0]
8780110e:	f2c0 200a 	movt	r0, #522	; 0x20a
87801112:	6013      	str	r3, [r2, #0]
87801114:	aa01      	add	r2, sp, #4
87801116:	600b      	str	r3, [r1, #0]
87801118:	2300      	movs	r3, #0
8780111a:	210c      	movs	r1, #12
8780111c:	9301      	str	r3, [sp, #4]
8780111e:	f7ff fb9b 	bl	87800858 <gpio_init>
87801122:	f44f 4080 	mov.w	r0, #16384	; 0x4000
87801126:	aa01      	add	r2, sp, #4
87801128:	2114      	movs	r1, #20
8780112a:	f2c0 200a 	movt	r0, #522	; 0x20a
8780112e:	f7ff fb93 	bl	87800858 <gpio_init>
87801132:	f44f 4080 	mov.w	r0, #16384	; 0x4000
87801136:	aa01      	add	r2, sp, #4
87801138:	211c      	movs	r1, #28
8780113a:	f2c0 200a 	movt	r0, #522	; 0x20a
8780113e:	f7ff fb8b 	bl	87800858 <gpio_init>
87801142:	f44f 4080 	mov.w	r0, #16384	; 0x4000
87801146:	211c      	movs	r1, #28
87801148:	f2c0 200a 	movt	r0, #522	; 0x20a
8780114c:	f7ff fb2c 	bl	878007a8 <gpio_pinread>
87801150:	4605      	mov	r5, r0
87801152:	f44f 4080 	mov.w	r0, #16384	; 0x4000
87801156:	2114      	movs	r1, #20
87801158:	f2c0 200a 	movt	r0, #522	; 0x20a
8780115c:	f7ff fb24 	bl	878007a8 <gpio_pinread>
87801160:	4604      	mov	r4, r0
87801162:	f44f 4080 	mov.w	r0, #16384	; 0x4000
87801166:	f2c0 200a 	movt	r0, #522	; 0x20a
8780116a:	210c      	movs	r1, #12
8780116c:	f7ff fb1c 	bl	878007a8 <gpio_pinread>
87801170:	0064      	lsls	r4, r4, #1
87801172:	0083      	lsls	r3, r0, #2
87801174:	f404 74ff 	and.w	r4, r4, #510	; 0x1fe
87801178:	f403 737f 	and.w	r3, r3, #1020	; 0x3fc
8780117c:	4323      	orrs	r3, r4
8780117e:	432b      	orrs	r3, r5
87801180:	f013 03ff 	ands.w	r3, r3, #255	; 0xff
87801184:	bf08      	it	eq
87801186:	f244 3042 	movweq	r0, #17218	; 0x4342
8780118a:	d018      	beq.n	878011be <lcd_read_panelid+0x126>
8780118c:	2b01      	cmp	r3, #1
8780118e:	bf08      	it	eq
87801190:	f247 0084 	movweq	r0, #28804	; 0x7084
87801194:	d013      	beq.n	878011be <lcd_read_panelid+0x126>
87801196:	2b02      	cmp	r3, #2
87801198:	bf08      	it	eq
8780119a:	f247 0016 	movweq	r0, #28694	; 0x7016
8780119e:	d00e      	beq.n	878011be <lcd_read_panelid+0x126>
878011a0:	2b04      	cmp	r3, #4
878011a2:	bf08      	it	eq
878011a4:	f244 3084 	movweq	r0, #17284	; 0x4384
878011a8:	d009      	beq.n	878011be <lcd_read_panelid+0x126>
878011aa:	2b05      	cmp	r3, #5
878011ac:	bf08      	it	eq
878011ae:	f241 0018 	movweq	r0, #4120	; 0x1018
878011b2:	d004      	beq.n	878011be <lcd_read_panelid+0x126>
878011b4:	2b07      	cmp	r3, #7
878011b6:	bf0c      	ite	eq
878011b8:	f44f 407f 	moveq.w	r0, #65280	; 0xff00
878011bc:	2000      	movne	r0, #0
878011be:	b005      	add	sp, #20
878011c0:	bd30      	pop	{r4, r5, pc}
878011c2:	bf00      	nop

878011c4 <lcdgpio_init>:
878011c4:	b530      	push	{r4, r5, lr}
878011c6:	f44f 708e 	mov.w	r0, #284	; 0x11c
878011ca:	f44f 748c 	mov.w	r4, #280	; 0x118
878011ce:	2300      	movs	r3, #0
878011d0:	f2c0 240e 	movt	r4, #526	; 0x20e
878011d4:	f2c0 200e 	movt	r0, #526	; 0x20e
878011d8:	f44f 7190 	mov.w	r1, #288	; 0x120
878011dc:	f44f 7292 	mov.w	r2, #292	; 0x124
878011e0:	6023      	str	r3, [r4, #0]
878011e2:	f2c0 210e 	movt	r1, #526	; 0x20e
878011e6:	6003      	str	r3, [r0, #0]
878011e8:	f2c0 220e 	movt	r2, #526	; 0x20e
878011ec:	f44f 7594 	mov.w	r5, #296	; 0x128
878011f0:	f44f 7496 	mov.w	r4, #300	; 0x12c
878011f4:	f44f 7098 	mov.w	r0, #304	; 0x130
878011f8:	600b      	str	r3, [r1, #0]
878011fa:	f2c0 250e 	movt	r5, #526	; 0x20e
878011fe:	6013      	str	r3, [r2, #0]
87801200:	f2c0 240e 	movt	r4, #526	; 0x20e
87801204:	f2c0 200e 	movt	r0, #526	; 0x20e
87801208:	f44f 719a 	mov.w	r1, #308	; 0x134
8780120c:	f44f 729c 	mov.w	r2, #312	; 0x138
87801210:	602b      	str	r3, [r5, #0]
87801212:	f2c0 210e 	movt	r1, #526	; 0x20e
87801216:	6023      	str	r3, [r4, #0]
87801218:	f2c0 220e 	movt	r2, #526	; 0x20e
8780121c:	6003      	str	r3, [r0, #0]
8780121e:	f44f 759e 	mov.w	r5, #316	; 0x13c
87801222:	f44f 74a0 	mov.w	r4, #320	; 0x140
87801226:	f44f 70a2 	mov.w	r0, #324	; 0x144
8780122a:	600b      	str	r3, [r1, #0]
8780122c:	f2c0 250e 	movt	r5, #526	; 0x20e
87801230:	6013      	str	r3, [r2, #0]
87801232:	f2c0 240e 	movt	r4, #526	; 0x20e
87801236:	f2c0 200e 	movt	r0, #526	; 0x20e
8780123a:	f44f 71a4 	mov.w	r1, #328	; 0x148
8780123e:	f44f 72a6 	mov.w	r2, #332	; 0x14c
87801242:	602b      	str	r3, [r5, #0]
87801244:	f2c0 210e 	movt	r1, #526	; 0x20e
87801248:	6023      	str	r3, [r4, #0]
8780124a:	f2c0 220e 	movt	r2, #526	; 0x20e
8780124e:	6003      	str	r3, [r0, #0]
87801250:	f44f 75a8 	mov.w	r5, #336	; 0x150
87801254:	f44f 74aa 	mov.w	r4, #340	; 0x154
87801258:	f44f 70ac 	mov.w	r0, #344	; 0x158
8780125c:	600b      	str	r3, [r1, #0]
8780125e:	f2c0 250e 	movt	r5, #526	; 0x20e
87801262:	6013      	str	r3, [r2, #0]
87801264:	f2c0 240e 	movt	r4, #526	; 0x20e
87801268:	f2c0 200e 	movt	r0, #526	; 0x20e
8780126c:	f44f 71ae 	mov.w	r1, #348	; 0x15c
87801270:	f44f 72b0 	mov.w	r2, #352	; 0x160
87801274:	602b      	str	r3, [r5, #0]
87801276:	f2c0 210e 	movt	r1, #526	; 0x20e
8780127a:	6023      	str	r3, [r4, #0]
8780127c:	f2c0 220e 	movt	r2, #526	; 0x20e
87801280:	6003      	str	r3, [r0, #0]
87801282:	f44f 75b2 	mov.w	r5, #356	; 0x164
87801286:	f44f 74b4 	mov.w	r4, #360	; 0x168
8780128a:	f44f 70b6 	mov.w	r0, #364	; 0x16c
8780128e:	600b      	str	r3, [r1, #0]
87801290:	f2c0 250e 	movt	r5, #526	; 0x20e
87801294:	6013      	str	r3, [r2, #0]
87801296:	f2c0 240e 	movt	r4, #526	; 0x20e
8780129a:	f2c0 200e 	movt	r0, #526	; 0x20e
8780129e:	f44f 71b8 	mov.w	r1, #368	; 0x170
878012a2:	f44f 72ba 	mov.w	r2, #372	; 0x174
878012a6:	602b      	str	r3, [r5, #0]
878012a8:	f2c0 210e 	movt	r1, #526	; 0x20e
878012ac:	6023      	str	r3, [r4, #0]
878012ae:	f2c0 220e 	movt	r2, #526	; 0x20e
878012b2:	6003      	str	r3, [r0, #0]
878012b4:	f44f 7582 	mov.w	r5, #260	; 0x104
878012b8:	f44f 7484 	mov.w	r4, #264	; 0x108
878012bc:	f44f 7086 	mov.w	r0, #268	; 0x10c
878012c0:	600b      	str	r3, [r1, #0]
878012c2:	f2c0 250e 	movt	r5, #526	; 0x20e
878012c6:	6013      	str	r3, [r2, #0]
878012c8:	f2c0 240e 	movt	r4, #526	; 0x20e
878012cc:	f2c0 200e 	movt	r0, #526	; 0x20e
878012d0:	f240 51dc 	movw	r1, #1500	; 0x5dc
878012d4:	f44f 7288 	mov.w	r2, #272	; 0x110
878012d8:	602b      	str	r3, [r5, #0]
878012da:	f2c0 210e 	movt	r1, #526	; 0x20e
878012de:	6023      	str	r3, [r4, #0]
878012e0:	f2c0 220e 	movt	r2, #526	; 0x20e
878012e4:	6003      	str	r3, [r0, #0]
878012e6:	f44f 7569 	mov.w	r5, #932	; 0x3a4
878012ea:	f44f 746a 	mov.w	r4, #936	; 0x3a8
878012ee:	f44f 706b 	mov.w	r0, #940	; 0x3ac
878012f2:	600b      	str	r3, [r1, #0]
878012f4:	f2c0 250e 	movt	r5, #526	; 0x20e
878012f8:	6013      	str	r3, [r2, #0]
878012fa:	f2c0 240e 	movt	r4, #526	; 0x20e
878012fe:	23b9      	movs	r3, #185	; 0xb9
87801300:	f2c0 200e 	movt	r0, #526	; 0x20e
87801304:	f44f 716c 	mov.w	r1, #944	; 0x3b0
87801308:	f44f 726d 	mov.w	r2, #948	; 0x3b4
8780130c:	602b      	str	r3, [r5, #0]
8780130e:	f2c0 210e 	movt	r1, #526	; 0x20e
87801312:	6023      	str	r3, [r4, #0]
87801314:	f2c0 220e 	movt	r2, #526	; 0x20e
87801318:	6003      	str	r3, [r0, #0]
8780131a:	f44f 756e 	mov.w	r5, #952	; 0x3b8
8780131e:	f44f 746f 	mov.w	r4, #956	; 0x3bc
87801322:	f44f 7070 	mov.w	r0, #960	; 0x3c0
87801326:	600b      	str	r3, [r1, #0]
87801328:	f2c0 250e 	movt	r5, #526	; 0x20e
8780132c:	6013      	str	r3, [r2, #0]
8780132e:	f2c0 240e 	movt	r4, #526	; 0x20e
87801332:	f2c0 200e 	movt	r0, #526	; 0x20e
87801336:	f44f 7171 	mov.w	r1, #964	; 0x3c4
8780133a:	f44f 7272 	mov.w	r2, #968	; 0x3c8
8780133e:	602b      	str	r3, [r5, #0]
87801340:	f2c0 210e 	movt	r1, #526	; 0x20e
87801344:	6023      	str	r3, [r4, #0]
87801346:	f2c0 220e 	movt	r2, #526	; 0x20e
8780134a:	6003      	str	r3, [r0, #0]
8780134c:	f44f 7573 	mov.w	r5, #972	; 0x3cc
87801350:	f44f 7474 	mov.w	r4, #976	; 0x3d0
87801354:	f44f 7075 	mov.w	r0, #980	; 0x3d4
87801358:	600b      	str	r3, [r1, #0]
8780135a:	f2c0 250e 	movt	r5, #526	; 0x20e
8780135e:	6013      	str	r3, [r2, #0]
87801360:	f2c0 240e 	movt	r4, #526	; 0x20e
87801364:	f2c0 200e 	movt	r0, #526	; 0x20e
87801368:	f44f 7176 	mov.w	r1, #984	; 0x3d8
8780136c:	f44f 7277 	mov.w	r2, #988	; 0x3dc
87801370:	602b      	str	r3, [r5, #0]
87801372:	f2c0 210e 	movt	r1, #526	; 0x20e
87801376:	6023      	str	r3, [r4, #0]
87801378:	f2c0 220e 	movt	r2, #526	; 0x20e
8780137c:	6003      	str	r3, [r0, #0]
8780137e:	f44f 7578 	mov.w	r5, #992	; 0x3e0
87801382:	f44f 7479 	mov.w	r4, #996	; 0x3e4
87801386:	f44f 707a 	mov.w	r0, #1000	; 0x3e8
8780138a:	600b      	str	r3, [r1, #0]
8780138c:	f2c0 250e 	movt	r5, #526	; 0x20e
87801390:	6013      	str	r3, [r2, #0]
87801392:	f2c0 240e 	movt	r4, #526	; 0x20e
87801396:	f2c0 200e 	movt	r0, #526	; 0x20e
8780139a:	f44f 717b 	mov.w	r1, #1004	; 0x3ec
8780139e:	f44f 727c 	mov.w	r2, #1008	; 0x3f0
878013a2:	602b      	str	r3, [r5, #0]
878013a4:	f2c0 210e 	movt	r1, #526	; 0x20e
878013a8:	6023      	str	r3, [r4, #0]
878013aa:	f2c0 220e 	movt	r2, #526	; 0x20e
878013ae:	6003      	str	r3, [r0, #0]
878013b0:	f44f 757d 	mov.w	r5, #1012	; 0x3f4
878013b4:	f44f 747e 	mov.w	r4, #1016	; 0x3f8
878013b8:	f44f 707f 	mov.w	r0, #1020	; 0x3fc
878013bc:	600b      	str	r3, [r1, #0]
878013be:	f2c0 250e 	movt	r5, #526	; 0x20e
878013c2:	6013      	str	r3, [r2, #0]
878013c4:	f2c0 240e 	movt	r4, #526	; 0x20e
878013c8:	f2c0 200e 	movt	r0, #526	; 0x20e
878013cc:	f44f 6180 	mov.w	r1, #1024	; 0x400
878013d0:	f44f 7264 	mov.w	r2, #912	; 0x390
878013d4:	602b      	str	r3, [r5, #0]
878013d6:	f2c0 210e 	movt	r1, #526	; 0x20e
878013da:	6023      	str	r3, [r4, #0]
878013dc:	f2c0 220e 	movt	r2, #526	; 0x20e
878013e0:	6003      	str	r3, [r0, #0]
878013e2:	f44f 7565 	mov.w	r5, #916	; 0x394
878013e6:	f44f 7466 	mov.w	r4, #920	; 0x398
878013ea:	f44f 7067 	mov.w	r0, #924	; 0x39c
878013ee:	600b      	str	r3, [r1, #0]
878013f0:	f2c0 250e 	movt	r5, #526	; 0x20e
878013f4:	6013      	str	r3, [r2, #0]
878013f6:	f2c0 240e 	movt	r4, #526	; 0x20e
878013fa:	f2c0 200e 	movt	r0, #526	; 0x20e
878013fe:	217c      	movs	r1, #124	; 0x7c
87801400:	f44f 7242 	mov.w	r2, #776	; 0x308
87801404:	602b      	str	r3, [r5, #0]
87801406:	b085      	sub	sp, #20
87801408:	6023      	str	r3, [r4, #0]
8780140a:	f2c0 210e 	movt	r1, #526	; 0x20e
8780140e:	6003      	str	r3, [r0, #0]
87801410:	f2c0 220e 	movt	r2, #526	; 0x20e
87801414:	2505      	movs	r5, #5
87801416:	f241 04b0 	movw	r4, #4272	; 0x10b0
8780141a:	f44f 4040 	mov.w	r0, #49152	; 0xc000
8780141e:	600d      	str	r5, [r1, #0]
87801420:	2301      	movs	r3, #1
87801422:	6014      	str	r4, [r2, #0]
87801424:	f2c0 2009 	movt	r0, #521	; 0x209
87801428:	aa01      	add	r2, sp, #4
8780142a:	2108      	movs	r1, #8
8780142c:	9301      	str	r3, [sp, #4]
8780142e:	f88d 3008 	strb.w	r3, [sp, #8]
87801432:	f7ff fa11 	bl	87800858 <gpio_init>
87801436:	b005      	add	sp, #20
87801438:	bd30      	pop	{r4, r5, pc}
8780143a:	bf00      	nop

8780143c <lcd_init>:
8780143c:	b5f8      	push	{r3, r4, r5, r6, r7, lr}
8780143e:	f44f 4400 	mov.w	r4, #32768	; 0x8000
87801442:	f7ff fe29 	bl	87801098 <lcd_read_panelid>
87801446:	4601      	mov	r1, r0
87801448:	4605      	mov	r5, r0
8780144a:	f644 2054 	movw	r0, #19028	; 0x4a54
8780144e:	f2c0 241c 	movt	r4, #540	; 0x21c
87801452:	f2c8 7080 	movt	r0, #34688	; 0x8780
87801456:	f001 facf 	bl	878029f8 <printf>
8780145a:	f7ff feb3 	bl	878011c4 <lcdgpio_init>
8780145e:	6823      	ldr	r3, [r4, #0]
87801460:	200a      	movs	r0, #10
87801462:	f043 4300 	orr.w	r3, r3, #2147483648	; 0x80000000
87801466:	6023      	str	r3, [r4, #0]
87801468:	f7ff f8de 	bl	87800628 <delay_ms>
8780146c:	6823      	ldr	r3, [r4, #0]
8780146e:	f244 3242 	movw	r2, #17218	; 0x4342
87801472:	4295      	cmp	r5, r2
87801474:	f023 4300 	bic.w	r3, r3, #2147483648	; 0x80000000
87801478:	6023      	str	r3, [r4, #0]
8780147a:	f000 8085 	beq.w	87801588 <lcd_init+0x14c>
8780147e:	f244 3384 	movw	r3, #17284	; 0x4384
87801482:	429d      	cmp	r5, r3
87801484:	f000 80b3 	beq.w	878015ee <lcd_init+0x1b2>
87801488:	f247 0384 	movw	r3, #28804	; 0x7084
8780148c:	429d      	cmp	r5, r3
8780148e:	f000 80c9 	beq.w	87801624 <lcd_init+0x1e8>
87801492:	f247 0316 	movw	r3, #28694	; 0x7016
87801496:	429d      	cmp	r5, r3
87801498:	f000 808f 	beq.w	878015ba <lcd_init+0x17e>
8780149c:	f241 0318 	movw	r3, #4120	; 0x1018
878014a0:	f24a 0488 	movw	r4, #41096	; 0xa088
878014a4:	429d      	cmp	r5, r3
878014a6:	f000 80d7 	beq.w	87801658 <lcd_init+0x21c>
878014aa:	f5b5 4f7f 	cmp.w	r5, #65280	; 0xff00
878014ae:	bf18      	it	ne
878014b0:	f2c8 7480 	movtne	r4, #34688	; 0x8780
878014b4:	f000 80e7 	beq.w	87801686 <lcd_init+0x24a>
878014b8:	f44f 4300 	mov.w	r3, #32768	; 0x8000
878014bc:	2000      	movs	r0, #0
878014be:	f2c0 231c 	movt	r3, #540	; 0x21c
878014c2:	2604      	movs	r6, #4
878014c4:	f04f 4109 	mov.w	r1, #2298478592	; 0x89000000
878014c8:	f06f 427f 	mvn.w	r2, #4278190080	; 0xff000000
878014cc:	e9c4 0206 	strd	r0, r2, [r4, #24]
878014d0:	f5b5 4f7f 	cmp.w	r5, #65280	; 0xff00
878014d4:	7126      	strb	r6, [r4, #4]
878014d6:	6161      	str	r1, [r4, #20]
878014d8:	6018      	str	r0, [r3, #0]
878014da:	681f      	ldr	r7, [r3, #0]
878014dc:	8866      	ldrh	r6, [r4, #2]
878014de:	8822      	ldrh	r2, [r4, #0]
878014e0:	f447 2720 	orr.w	r7, r7, #655360	; 0xa0000
878014e4:	88e1      	ldrh	r1, [r4, #6]
878014e6:	f447 6772 	orr.w	r7, r7, #3872	; 0xf20
878014ea:	89a5      	ldrh	r5, [r4, #12]
878014ec:	601f      	str	r7, [r3, #0]
878014ee:	6118      	str	r0, [r3, #16]
878014f0:	ea46 4c02 	orr.w	ip, r6, r2, lsl #16
878014f4:	691f      	ldr	r7, [r3, #16]
878014f6:	440a      	add	r2, r1
878014f8:	f8b4 e00a 	ldrh.w	lr, [r4, #10]
878014fc:	f447 27e0 	orr.w	r7, r7, #458752	; 0x70000
87801500:	611f      	str	r7, [r3, #16]
87801502:	4472      	add	r2, lr
87801504:	6318      	str	r0, [r3, #48]	; 0x30
87801506:	8a27      	ldrh	r7, [r4, #16]
87801508:	f8c3 c030 	str.w	ip, [r3, #48]	; 0x30
8780150c:	6718      	str	r0, [r3, #112]	; 0x70
8780150e:	bf0c      	ite	eq
87801510:	f041 5091 	orreq.w	r0, r1, #304087040	; 0x12200000
87801514:	f041 5089 	orrne.w	r0, r1, #287309824	; 0x11200000
87801518:	f8b4 c008 	ldrh.w	ip, [r4, #8]
8780151c:	f440 1080 	orr.w	r0, r0, #1048576	; 0x100000
87801520:	6718      	str	r0, [r3, #112]	; 0x70
87801522:	1970      	adds	r0, r6, r5
87801524:	4438      	add	r0, r7
87801526:	89e7      	ldrh	r7, [r4, #14]
87801528:	4461      	add	r1, ip
8780152a:	f44f 4300 	mov.w	r3, #32768	; 0x8000
8780152e:	f2c0 231c 	movt	r3, #540	; 0x21c
87801532:	4462      	add	r2, ip
87801534:	4438      	add	r0, r7
87801536:	442f      	add	r7, r5
87801538:	ea41 4107 	orr.w	r1, r1, r7, lsl #16
8780153c:	ea40 4085 	orr.w	r0, r0, r5, lsl #18
87801540:	f8c3 2080 	str.w	r2, [r3, #128]	; 0x80
87801544:	f446 2680 	orr.w	r6, r6, #262144	; 0x40000
87801548:	f04f 4209 	mov.w	r2, #2298478592	; 0x89000000
8780154c:	f8c3 0090 	str.w	r0, [r3, #144]	; 0x90
87801550:	200a      	movs	r0, #10
87801552:	f8c3 10a0 	str.w	r1, [r3, #160]	; 0xa0
87801556:	f8c3 60b0 	str.w	r6, [r3, #176]	; 0xb0
8780155a:	641a      	str	r2, [r3, #64]	; 0x40
8780155c:	651a      	str	r2, [r3, #80]	; 0x50
8780155e:	681a      	ldr	r2, [r3, #0]
87801560:	f042 0201 	orr.w	r2, r2, #1
87801564:	601a      	str	r2, [r3, #0]
87801566:	f7ff f85f 	bl	87800628 <delay_ms>
8780156a:	8861      	ldrh	r1, [r4, #2]
8780156c:	8822      	ldrh	r2, [r4, #0]
8780156e:	6963      	ldr	r3, [r4, #20]
87801570:	fb02 f201 	mul.w	r2, r2, r1
87801574:	b13a      	cbz	r2, 87801586 <lcd_init+0x14a>
87801576:	eb03 0282 	add.w	r2, r3, r2, lsl #2
8780157a:	f06f 417f 	mvn.w	r1, #4278190080	; 0xff000000
8780157e:	f843 1b04 	str.w	r1, [r3], #4
87801582:	429a      	cmp	r2, r3
87801584:	d1fb      	bne.n	8780157e <lcd_init+0x142>
87801586:	bdf8      	pop	{r3, r4, r5, r6, r7, pc}
87801588:	f24a 0488 	movw	r4, #41096	; 0xa088
8780158c:	f44f 7288 	mov.w	r2, #272	; 0x110
87801590:	f2c8 7480 	movt	r4, #34688	; 0x8780
87801594:	2308      	movs	r3, #8
87801596:	2001      	movs	r0, #1
87801598:	f2c0 12e0 	movt	r2, #480	; 0x1e0
8780159c:	2105      	movs	r1, #5
8780159e:	2628      	movs	r6, #40	; 0x28
878015a0:	6022      	str	r2, [r4, #0]
878015a2:	461a      	mov	r2, r3
878015a4:	8221      	strh	r1, [r4, #16]
878015a6:	4619      	mov	r1, r3
878015a8:	80e0      	strh	r0, [r4, #6]
878015aa:	81a0      	strh	r0, [r4, #12]
878015ac:	201b      	movs	r0, #27
878015ae:	81e6      	strh	r6, [r4, #14]
878015b0:	8123      	strh	r3, [r4, #8]
878015b2:	8163      	strh	r3, [r4, #10]
878015b4:	f7ff fd16 	bl	87800fe4 <lcdclk_init>
878015b8:	e77e      	b.n	878014b8 <lcd_init+0x7c>
878015ba:	f24a 0488 	movw	r4, #41096	; 0xa088
878015be:	f44f 7316 	mov.w	r3, #600	; 0x258
878015c2:	f2c8 7480 	movt	r4, #34688	; 0x8780
878015c6:	2003      	movs	r0, #3
878015c8:	f2c0 4300 	movt	r3, #1024	; 0x400
878015cc:	210c      	movs	r1, #12
878015ce:	22a0      	movs	r2, #160	; 0xa0
878015d0:	268c      	movs	r6, #140	; 0x8c
878015d2:	6023      	str	r3, [r4, #0]
878015d4:	2314      	movs	r3, #20
878015d6:	8161      	strh	r1, [r4, #10]
878015d8:	4601      	mov	r1, r0
878015da:	8222      	strh	r2, [r4, #16]
878015dc:	2205      	movs	r2, #5
878015de:	80e0      	strh	r0, [r4, #6]
878015e0:	2020      	movs	r0, #32
878015e2:	81e6      	strh	r6, [r4, #14]
878015e4:	8123      	strh	r3, [r4, #8]
878015e6:	81a3      	strh	r3, [r4, #12]
878015e8:	f7ff fcfc 	bl	87800fe4 <lcdclk_init>
878015ec:	e764      	b.n	878014b8 <lcd_init+0x7c>
878015ee:	f24a 0488 	movw	r4, #41096	; 0xa088
878015f2:	2003      	movs	r0, #3
878015f4:	f2c8 7480 	movt	r4, #34688	; 0x8780
878015f8:	f44f 73f0 	mov.w	r3, #480	; 0x1e0
878015fc:	f2c0 3320 	movt	r3, #800	; 0x320
87801600:	220d      	movs	r2, #13
87801602:	2130      	movs	r1, #48	; 0x30
87801604:	80e0      	strh	r0, [r4, #6]
87801606:	2058      	movs	r0, #88	; 0x58
87801608:	2620      	movs	r6, #32
8780160a:	6023      	str	r3, [r4, #0]
8780160c:	2328      	movs	r3, #40	; 0x28
8780160e:	8162      	strh	r2, [r4, #10]
87801610:	2208      	movs	r2, #8
87801612:	81a1      	strh	r1, [r4, #12]
87801614:	2104      	movs	r1, #4
87801616:	81e0      	strh	r0, [r4, #14]
87801618:	202a      	movs	r0, #42	; 0x2a
8780161a:	8126      	strh	r6, [r4, #8]
8780161c:	8223      	strh	r3, [r4, #16]
8780161e:	f7ff fce1 	bl	87800fe4 <lcdclk_init>
87801622:	e749      	b.n	878014b8 <lcd_init+0x7c>
87801624:	f24a 0488 	movw	r4, #41096	; 0xa088
87801628:	f44f 73f0 	mov.w	r3, #480	; 0x1e0
8780162c:	f2c8 7480 	movt	r4, #34688	; 0x8780
87801630:	f2c0 3320 	movt	r3, #800	; 0x320
87801634:	2216      	movs	r2, #22
87801636:	212e      	movs	r1, #46	; 0x2e
87801638:	20d2      	movs	r0, #210	; 0xd2
8780163a:	2617      	movs	r6, #23
8780163c:	6023      	str	r3, [r4, #0]
8780163e:	2301      	movs	r3, #1
87801640:	8162      	strh	r2, [r4, #10]
87801642:	2207      	movs	r2, #7
87801644:	81e1      	strh	r1, [r4, #14]
87801646:	2103      	movs	r1, #3
87801648:	8220      	strh	r0, [r4, #16]
8780164a:	201e      	movs	r0, #30
8780164c:	8126      	strh	r6, [r4, #8]
8780164e:	80e3      	strh	r3, [r4, #6]
87801650:	81a3      	strh	r3, [r4, #12]
87801652:	f7ff fcc7 	bl	87800fe4 <lcdclk_init>
87801656:	e72f      	b.n	878014b8 <lcd_init+0x7c>
87801658:	f44f 7348 	mov.w	r3, #800	; 0x320
8780165c:	f2c8 7480 	movt	r4, #34688	; 0x8780
87801660:	2003      	movs	r0, #3
87801662:	f2c0 5300 	movt	r3, #1280	; 0x500
87801666:	2246      	movs	r2, #70	; 0x46
87801668:	2650      	movs	r6, #80	; 0x50
8780166a:	6023      	str	r3, [r4, #0]
8780166c:	4601      	mov	r1, r0
8780166e:	230a      	movs	r3, #10
87801670:	8222      	strh	r2, [r4, #16]
87801672:	80e0      	strh	r0, [r4, #6]
87801674:	2205      	movs	r2, #5
87801676:	2023      	movs	r0, #35	; 0x23
87801678:	81e6      	strh	r6, [r4, #14]
8780167a:	8123      	strh	r3, [r4, #8]
8780167c:	8163      	strh	r3, [r4, #10]
8780167e:	81a3      	strh	r3, [r4, #12]
87801680:	f7ff fcb0 	bl	87800fe4 <lcdclk_init>
87801684:	e718      	b.n	878014b8 <lcd_init+0x7c>
87801686:	f2c8 7480 	movt	r4, #34688	; 0x8780
8780168a:	2018      	movs	r0, #24
8780168c:	f44f 7240 	mov.w	r2, #768	; 0x300
87801690:	2303      	movs	r3, #3
87801692:	f2c0 5256 	movt	r2, #1366	; 0x556
87801696:	21d5      	movs	r1, #213	; 0xd5
87801698:	8120      	strh	r0, [r4, #8]
8780169a:	2046      	movs	r0, #70	; 0x46
8780169c:	268f      	movs	r6, #143	; 0x8f
8780169e:	6022      	str	r2, [r4, #0]
878016a0:	81e1      	strh	r1, [r4, #14]
878016a2:	461a      	mov	r2, r3
878016a4:	8220      	strh	r0, [r4, #16]
878016a6:	4619      	mov	r1, r3
878016a8:	2020      	movs	r0, #32
878016aa:	81a6      	strh	r6, [r4, #12]
878016ac:	80e3      	strh	r3, [r4, #6]
878016ae:	8163      	strh	r3, [r4, #10]
878016b0:	f7ff fc98 	bl	87800fe4 <lcdclk_init>
878016b4:	e700      	b.n	878014b8 <lcd_init+0x7c>
878016b6:	bf00      	nop

878016b8 <lcd_drawpoint>:
878016b8:	f24a 0388 	movw	r3, #41096	; 0xa088
878016bc:	b430      	push	{r4, r5}
878016be:	f2c8 7380 	movt	r3, #34688	; 0x8780
878016c2:	885d      	ldrh	r5, [r3, #2]
878016c4:	791c      	ldrb	r4, [r3, #4]
878016c6:	695b      	ldr	r3, [r3, #20]
878016c8:	fb01 0005 	mla	r0, r1, r5, r0
878016cc:	fb04 f400 	mul.w	r4, r4, r0
878016d0:	50e2      	str	r2, [r4, r3]
878016d2:	bc30      	pop	{r4, r5}
878016d4:	4770      	bx	lr
878016d6:	bf00      	nop

878016d8 <lcd_readpoint>:
878016d8:	f24a 0388 	movw	r3, #41096	; 0xa088
878016dc:	b410      	push	{r4}
878016de:	f2c8 7380 	movt	r3, #34688	; 0x8780
878016e2:	885c      	ldrh	r4, [r3, #2]
878016e4:	791a      	ldrb	r2, [r3, #4]
878016e6:	695b      	ldr	r3, [r3, #20]
878016e8:	fb01 0004 	mla	r0, r1, r4, r0
878016ec:	f85d 4b04 	ldr.w	r4, [sp], #4
878016f0:	fb02 f200 	mul.w	r2, r2, r0
878016f4:	58d0      	ldr	r0, [r2, r3]
878016f6:	4770      	bx	lr

878016f8 <lcd_clear>:
878016f8:	f24a 0388 	movw	r3, #41096	; 0xa088
878016fc:	f2c8 7380 	movt	r3, #34688	; 0x8780
87801700:	8859      	ldrh	r1, [r3, #2]
87801702:	881a      	ldrh	r2, [r3, #0]
87801704:	695b      	ldr	r3, [r3, #20]
87801706:	fb02 f201 	mul.w	r2, r2, r1
8780170a:	b12a      	cbz	r2, 87801718 <lcd_clear+0x20>
8780170c:	eb03 0282 	add.w	r2, r3, r2, lsl #2
87801710:	f843 0b04 	str.w	r0, [r3], #4
87801714:	429a      	cmp	r2, r3
87801716:	d1fb      	bne.n	87801710 <lcd_clear+0x18>
87801718:	4770      	bx	lr
8780171a:	bf00      	nop

8780171c <lcd_fill>:
8780171c:	e92d 43f0 	stmdb	sp!, {r4, r5, r6, r7, r8, r9, lr}
87801720:	f24a 0688 	movw	r6, #41096	; 0xa088
87801724:	f2c8 7680 	movt	r6, #34688	; 0x8780
87801728:	4699      	mov	r9, r3
8780172a:	f8b6 8002 	ldrh.w	r8, [r6, #2]
8780172e:	8834      	ldrh	r4, [r6, #0]
87801730:	9b07      	ldr	r3, [sp, #28]
87801732:	4590      	cmp	r8, r2
87801734:	bf9c      	itt	ls
87801736:	f108 32ff 	addls.w	r2, r8, #4294967295	; 0xffffffff
8780173a:	b292      	uxthls	r2, r2
8780173c:	454c      	cmp	r4, r9
8780173e:	d802      	bhi.n	87801746 <lcd_fill+0x2a>
87801740:	3c01      	subs	r4, #1
87801742:	fa1f f984 	uxth.w	r9, r4
87801746:	4589      	cmp	r9, r1
87801748:	d314      	bcc.n	87801774 <lcd_fill+0x58>
8780174a:	4282      	cmp	r2, r0
8780174c:	d30e      	bcc.n	8780176c <lcd_fill+0x50>
8780174e:	fb01 fe08 	mul.w	lr, r1, r8
87801752:	4604      	mov	r4, r0
87801754:	f896 c004 	ldrb.w	ip, [r6, #4]
87801758:	eb04 050e 	add.w	r5, r4, lr
8780175c:	3401      	adds	r4, #1
8780175e:	6977      	ldr	r7, [r6, #20]
87801760:	b2a4      	uxth	r4, r4
87801762:	fb05 f50c 	mul.w	r5, r5, ip
87801766:	42a2      	cmp	r2, r4
87801768:	51eb      	str	r3, [r5, r7]
8780176a:	d2f3      	bcs.n	87801754 <lcd_fill+0x38>
8780176c:	3101      	adds	r1, #1
8780176e:	b289      	uxth	r1, r1
87801770:	4589      	cmp	r9, r1
87801772:	d2ea      	bcs.n	8780174a <lcd_fill+0x2e>
87801774:	e8bd 83f0 	ldmia.w	sp!, {r4, r5, r6, r7, r8, r9, pc}

87801778 <lcd_drawline>:
87801778:	e92d 4ff0 	stmdb	sp!, {r4, r5, r6, r7, r8, r9, sl, fp, lr}
8780177c:	eba2 0a00 	sub.w	sl, r2, r0
87801780:	f1ba 0f00 	cmp.w	sl, #0
87801784:	b085      	sub	sp, #20
87801786:	eba3 0901 	sub.w	r9, r3, r1
8780178a:	bfc8      	it	gt
8780178c:	2301      	movgt	r3, #1
8780178e:	4607      	mov	r7, r0
87801790:	4688      	mov	r8, r1
87801792:	bfc8      	it	gt
87801794:	9302      	strgt	r3, [sp, #8]
87801796:	dc07      	bgt.n	878017a8 <lcd_drawline+0x30>
87801798:	bf1d      	ittte	ne
8780179a:	f1ca 0a00 	rsbne	sl, sl, #0
8780179e:	f04f 33ff 	movne.w	r3, #4294967295	; 0xffffffff
878017a2:	9302      	strne	r3, [sp, #8]
878017a4:	f8cd a008 	streq.w	sl, [sp, #8]
878017a8:	f1b9 0f00 	cmp.w	r9, #0
878017ac:	bfc4      	itt	gt
878017ae:	2301      	movgt	r3, #1
878017b0:	9303      	strgt	r3, [sp, #12]
878017b2:	dd2d      	ble.n	87801810 <lcd_drawline+0x98>
878017b4:	2500      	movs	r5, #0
878017b6:	45ca      	cmp	sl, r9
878017b8:	46d3      	mov	fp, sl
878017ba:	f24a 0388 	movw	r3, #41096	; 0xa088
878017be:	bfb8      	it	lt
878017c0:	46cb      	movlt	fp, r9
878017c2:	462e      	mov	r6, r5
878017c4:	462c      	mov	r4, r5
878017c6:	f10b 0201 	add.w	r2, fp, #1
878017ca:	f2c8 7380 	movt	r3, #34688	; 0x8780
878017ce:	9200      	str	r2, [sp, #0]
878017d0:	9301      	str	r3, [sp, #4]
878017d2:	9b01      	ldr	r3, [sp, #4]
878017d4:	4456      	add	r6, sl
878017d6:	fa1f f188 	uxth.w	r1, r8
878017da:	b2b8      	uxth	r0, r7
878017dc:	699a      	ldr	r2, [r3, #24]
878017de:	444d      	add	r5, r9
878017e0:	f7ff ff6a 	bl	878016b8 <lcd_drawpoint>
878017e4:	455e      	cmp	r6, fp
878017e6:	f104 0401 	add.w	r4, r4, #1
878017ea:	bfc4      	itt	gt
878017ec:	9b02      	ldrgt	r3, [sp, #8]
878017ee:	eba6 060b 	subgt.w	r6, r6, fp
878017f2:	b2a4      	uxth	r4, r4
878017f4:	bfc8      	it	gt
878017f6:	18ff      	addgt	r7, r7, r3
878017f8:	455d      	cmp	r5, fp
878017fa:	bfc2      	ittt	gt
878017fc:	9b03      	ldrgt	r3, [sp, #12]
878017fe:	eba5 050b 	subgt.w	r5, r5, fp
87801802:	4498      	addgt	r8, r3
87801804:	9b00      	ldr	r3, [sp, #0]
87801806:	429c      	cmp	r4, r3
87801808:	dde3      	ble.n	878017d2 <lcd_drawline+0x5a>
8780180a:	b005      	add	sp, #20
8780180c:	e8bd 8ff0 	ldmia.w	sp!, {r4, r5, r6, r7, r8, r9, sl, fp, pc}
87801810:	bf08      	it	eq
87801812:	f8cd 900c 	streq.w	r9, [sp, #12]
87801816:	d0cd      	beq.n	878017b4 <lcd_drawline+0x3c>
87801818:	f04f 33ff 	mov.w	r3, #4294967295	; 0xffffffff
8780181c:	f1c9 0900 	rsb	r9, r9, #0
87801820:	9303      	str	r3, [sp, #12]
87801822:	e7c7      	b.n	878017b4 <lcd_drawline+0x3c>

87801824 <lcd_draw_rectangle>:
87801824:	e92d 41f0 	stmdb	sp!, {r4, r5, r6, r7, r8, lr}
87801828:	461c      	mov	r4, r3
8780182a:	4606      	mov	r6, r0
8780182c:	460d      	mov	r5, r1
8780182e:	460b      	mov	r3, r1
87801830:	4617      	mov	r7, r2
87801832:	f7ff ffa1 	bl	87801778 <lcd_drawline>
87801836:	4623      	mov	r3, r4
87801838:	4632      	mov	r2, r6
8780183a:	4629      	mov	r1, r5
8780183c:	4630      	mov	r0, r6
8780183e:	f7ff ff9b 	bl	87801778 <lcd_drawline>
87801842:	4623      	mov	r3, r4
87801844:	463a      	mov	r2, r7
87801846:	4621      	mov	r1, r4
87801848:	4630      	mov	r0, r6
8780184a:	f7ff ff95 	bl	87801778 <lcd_drawline>
8780184e:	4623      	mov	r3, r4
87801850:	463a      	mov	r2, r7
87801852:	4629      	mov	r1, r5
87801854:	4638      	mov	r0, r7
87801856:	e8bd 41f0 	ldmia.w	sp!, {r4, r5, r6, r7, r8, lr}
8780185a:	f7ff bf8d 	b.w	87801778 <lcd_drawline>
8780185e:	bf00      	nop

87801860 <lcd_draw_Circle>:
87801860:	4613      	mov	r3, r2
87801862:	e92d 4ff0 	stmdb	sp!, {r4, r5, r6, r7, r8, r9, sl, fp, lr}
87801866:	f1c2 0201 	rsb	r2, r2, #1
8780186a:	b085      	sub	sp, #20
8780186c:	9000      	str	r0, [sp, #0]
8780186e:	9201      	str	r2, [sp, #4]
87801870:	2b00      	cmp	r3, #0
87801872:	d066      	beq.n	87801942 <lcd_draw_Circle+0xe2>
87801874:	f24a 0688 	movw	r6, #41096	; 0xa088
87801878:	2700      	movs	r7, #0
8780187a:	f2c8 7680 	movt	r6, #34688	; 0x8780
8780187e:	468b      	mov	fp, r1
87801880:	b29d      	uxth	r5, r3
87801882:	9303      	str	r3, [sp, #12]
87801884:	9b00      	ldr	r3, [sp, #0]
87801886:	b2bc      	uxth	r4, r7
87801888:	eb05 0a0b 	add.w	sl, r5, fp
8780188c:	69b2      	ldr	r2, [r6, #24]
8780188e:	fa1f fa8a 	uxth.w	sl, sl
87801892:	eb0b 0904 	add.w	r9, fp, r4
87801896:	1919      	adds	r1, r3, r4
87801898:	fa1f f989 	uxth.w	r9, r9
8780189c:	b289      	uxth	r1, r1
8780189e:	4608      	mov	r0, r1
878018a0:	9102      	str	r1, [sp, #8]
878018a2:	4651      	mov	r1, sl
878018a4:	f7ff ff08 	bl	878016b8 <lcd_drawpoint>
878018a8:	9a00      	ldr	r2, [sp, #0]
878018aa:	4649      	mov	r1, r9
878018ac:	eb05 0802 	add.w	r8, r5, r2
878018b0:	69b2      	ldr	r2, [r6, #24]
878018b2:	fa1f f888 	uxth.w	r8, r8
878018b6:	4640      	mov	r0, r8
878018b8:	f7ff fefe 	bl	878016b8 <lcd_drawpoint>
878018bc:	9a00      	ldr	r2, [sp, #0]
878018be:	4651      	mov	r1, sl
878018c0:	1b12      	subs	r2, r2, r4
878018c2:	ebab 0404 	sub.w	r4, fp, r4
878018c6:	fa1f fa82 	uxth.w	sl, r2
878018ca:	69b2      	ldr	r2, [r6, #24]
878018cc:	b2a4      	uxth	r4, r4
878018ce:	4650      	mov	r0, sl
878018d0:	f7ff fef2 	bl	878016b8 <lcd_drawpoint>
878018d4:	9a00      	ldr	r2, [sp, #0]
878018d6:	4649      	mov	r1, r9
878018d8:	1b52      	subs	r2, r2, r5
878018da:	ebab 0505 	sub.w	r5, fp, r5
878018de:	fa1f f982 	uxth.w	r9, r2
878018e2:	b2ad      	uxth	r5, r5
878018e4:	69b2      	ldr	r2, [r6, #24]
878018e6:	4648      	mov	r0, r9
878018e8:	f7ff fee6 	bl	878016b8 <lcd_drawpoint>
878018ec:	4650      	mov	r0, sl
878018ee:	69b2      	ldr	r2, [r6, #24]
878018f0:	4629      	mov	r1, r5
878018f2:	f7ff fee1 	bl	878016b8 <lcd_drawpoint>
878018f6:	4648      	mov	r0, r9
878018f8:	69b2      	ldr	r2, [r6, #24]
878018fa:	4621      	mov	r1, r4
878018fc:	f7ff fedc 	bl	878016b8 <lcd_drawpoint>
87801900:	4629      	mov	r1, r5
87801902:	9802      	ldr	r0, [sp, #8]
87801904:	69b2      	ldr	r2, [r6, #24]
87801906:	f7ff fed7 	bl	878016b8 <lcd_drawpoint>
8780190a:	4621      	mov	r1, r4
8780190c:	69b2      	ldr	r2, [r6, #24]
8780190e:	4640      	mov	r0, r8
87801910:	f7ff fed2 	bl	878016b8 <lcd_drawpoint>
87801914:	9901      	ldr	r1, [sp, #4]
87801916:	9b03      	ldr	r3, [sp, #12]
87801918:	2900      	cmp	r1, #0
8780191a:	eba7 0203 	sub.w	r2, r7, r3
8780191e:	bfa8      	it	ge
87801920:	f103 33ff 	addge.w	r3, r3, #4294967295	; 0xffffffff
87801924:	eb01 0242 	add.w	r2, r1, r2, lsl #1
87801928:	bfba      	itte	lt
8780192a:	460a      	movlt	r2, r1
8780192c:	eb02 0247 	addlt.w	r2, r2, r7, lsl #1
87801930:	3205      	addge	r2, #5
87801932:	f107 0701 	add.w	r7, r7, #1
87801936:	bfae      	itee	ge
87801938:	9201      	strge	r2, [sp, #4]
8780193a:	3203      	addlt	r2, #3
8780193c:	9201      	strlt	r2, [sp, #4]
8780193e:	42bb      	cmp	r3, r7
87801940:	dc9e      	bgt.n	87801880 <lcd_draw_Circle+0x20>
87801942:	b005      	add	sp, #20
87801944:	e8bd 8ff0 	ldmia.w	sp!, {r4, r5, r6, r7, r8, r9, sl, fp, pc}

87801948 <lcd_showchar>:
87801948:	e92d 4ff0 	stmdb	sp!, {r4, r5, r6, r7, r8, r9, sl, fp, lr}
8780194c:	461e      	mov	r6, r3
8780194e:	f013 0307 	ands.w	r3, r3, #7
87801952:	ea4f 0556 	mov.w	r5, r6, lsr #1
87801956:	bf18      	it	ne
87801958:	2301      	movne	r3, #1
8780195a:	eb03 04d6 	add.w	r4, r3, r6, lsr #3
8780195e:	b087      	sub	sp, #28
87801960:	f89d 3040 	ldrb.w	r3, [sp, #64]	; 0x40
87801964:	4689      	mov	r9, r1
87801966:	fb14 f105 	smulbb	r1, r4, r5
8780196a:	9300      	str	r3, [sp, #0]
8780196c:	f011 03ff 	ands.w	r3, r1, #255	; 0xff
87801970:	9301      	str	r3, [sp, #4]
87801972:	d04c      	beq.n	87801a0e <lcd_showchar+0xc6>
87801974:	3a20      	subs	r2, #32
87801976:	f644 2164 	movw	r1, #19044	; 0x4a64
8780197a:	b2d2      	uxtb	r2, r2
8780197c:	f2c8 7180 	movt	r1, #34688	; 0x8780
87801980:	4c38      	ldr	r4, [pc, #224]	; (87801a64 <lcd_showchar+0x11c>)
87801982:	f601 575c 	addw	r7, r1, #3420	; 0xd5c
87801986:	b212      	sxth	r2, r2
87801988:	4683      	mov	fp, r0
8780198a:	f246 2024 	movw	r0, #25124	; 0x6224
8780198e:	eb02 0cc2 	add.w	ip, r2, r2, lsl #3
87801992:	eb02 0542 	add.w	r5, r2, r2, lsl #1
87801996:	eb01 038c 	add.w	r3, r1, ip, lsl #2
8780199a:	f2c8 7080 	movt	r0, #34688	; 0x8780
8780199e:	f04f 0a00 	mov.w	sl, #0
878019a2:	9305      	str	r3, [sp, #20]
878019a4:	eb07 1302 	add.w	r3, r7, r2, lsl #4
878019a8:	f24a 0788 	movw	r7, #41096	; 0xa088
878019ac:	9304      	str	r3, [sp, #16]
878019ae:	eb04 0385 	add.w	r3, r4, r5, lsl #2
878019b2:	f2c8 7780 	movt	r7, #34688	; 0x8780
878019b6:	9302      	str	r3, [sp, #8]
878019b8:	464c      	mov	r4, r9
878019ba:	eb00 13c2 	add.w	r3, r0, r2, lsl #7
878019be:	9303      	str	r3, [sp, #12]
878019c0:	2e0c      	cmp	r6, #12
878019c2:	d033      	beq.n	87801a2c <lcd_showchar+0xe4>
878019c4:	2e10      	cmp	r6, #16
878019c6:	d035      	beq.n	87801a34 <lcd_showchar+0xec>
878019c8:	2e18      	cmp	r6, #24
878019ca:	d047      	beq.n	87801a5c <lcd_showchar+0x114>
878019cc:	2e20      	cmp	r6, #32
878019ce:	d11e      	bne.n	87801a0e <lcd_showchar+0xc6>
878019d0:	9b03      	ldr	r3, [sp, #12]
878019d2:	f813 500a 	ldrb.w	r5, [r3, sl]
878019d6:	f104 0808 	add.w	r8, r4, #8
878019da:	fa1f f888 	uxth.w	r8, r8
878019de:	062b      	lsls	r3, r5, #24
878019e0:	d41e      	bmi.n	87801a20 <lcd_showchar+0xd8>
878019e2:	9b00      	ldr	r3, [sp, #0]
878019e4:	b1b3      	cbz	r3, 87801a14 <lcd_showchar+0xcc>
878019e6:	3401      	adds	r4, #1
878019e8:	883a      	ldrh	r2, [r7, #0]
878019ea:	b2a4      	uxth	r4, r4
878019ec:	006d      	lsls	r5, r5, #1
878019ee:	42a2      	cmp	r2, r4
878019f0:	eba4 0109 	sub.w	r1, r4, r9
878019f4:	b2ed      	uxtb	r5, r5
878019f6:	d90a      	bls.n	87801a0e <lcd_showchar+0xc6>
878019f8:	42b1      	cmp	r1, r6
878019fa:	d01f      	beq.n	87801a3c <lcd_showchar+0xf4>
878019fc:	45a0      	cmp	r8, r4
878019fe:	d1ee      	bne.n	878019de <lcd_showchar+0x96>
87801a00:	f10a 0a01 	add.w	sl, sl, #1
87801a04:	9b01      	ldr	r3, [sp, #4]
87801a06:	fa5f f28a 	uxtb.w	r2, sl
87801a0a:	429a      	cmp	r2, r3
87801a0c:	d3d8      	bcc.n	878019c0 <lcd_showchar+0x78>
87801a0e:	b007      	add	sp, #28
87801a10:	e8bd 8ff0 	ldmia.w	sp!, {r4, r5, r6, r7, r8, r9, sl, fp, pc}
87801a14:	69fa      	ldr	r2, [r7, #28]
87801a16:	4621      	mov	r1, r4
87801a18:	4658      	mov	r0, fp
87801a1a:	f7ff fe4d 	bl	878016b8 <lcd_drawpoint>
87801a1e:	e7e2      	b.n	878019e6 <lcd_showchar+0x9e>
87801a20:	69ba      	ldr	r2, [r7, #24]
87801a22:	4621      	mov	r1, r4
87801a24:	4658      	mov	r0, fp
87801a26:	f7ff fe47 	bl	878016b8 <lcd_drawpoint>
87801a2a:	e7dc      	b.n	878019e6 <lcd_showchar+0x9e>
87801a2c:	9b02      	ldr	r3, [sp, #8]
87801a2e:	f813 500a 	ldrb.w	r5, [r3, sl]
87801a32:	e7d0      	b.n	878019d6 <lcd_showchar+0x8e>
87801a34:	9b04      	ldr	r3, [sp, #16]
87801a36:	f813 500a 	ldrb.w	r5, [r3, sl]
87801a3a:	e7cc      	b.n	878019d6 <lcd_showchar+0x8e>
87801a3c:	f10b 0b01 	add.w	fp, fp, #1
87801a40:	887a      	ldrh	r2, [r7, #2]
87801a42:	fa1f fb8b 	uxth.w	fp, fp
87801a46:	455a      	cmp	r2, fp
87801a48:	d9e1      	bls.n	87801a0e <lcd_showchar+0xc6>
87801a4a:	f10a 0a01 	add.w	sl, sl, #1
87801a4e:	9b01      	ldr	r3, [sp, #4]
87801a50:	fa5f f28a 	uxtb.w	r2, sl
87801a54:	464c      	mov	r4, r9
87801a56:	429a      	cmp	r2, r3
87801a58:	d3b2      	bcc.n	878019c0 <lcd_showchar+0x78>
87801a5a:	e7d8      	b.n	87801a0e <lcd_showchar+0xc6>
87801a5c:	9b05      	ldr	r3, [sp, #20]
87801a5e:	f813 500a 	ldrb.w	r5, [r3, sl]
87801a62:	e7b8      	b.n	878019d6 <lcd_showchar+0x8e>
87801a64:	87805db0 			; <UNDEFINED> instruction: 0x87805db0

87801a68 <lcd_pow>:
87801a68:	1e4b      	subs	r3, r1, #1
87801a6a:	2201      	movs	r2, #1
87801a6c:	b2db      	uxtb	r3, r3
87801a6e:	b129      	cbz	r1, 87801a7c <lcd_pow+0x14>
87801a70:	3b01      	subs	r3, #1
87801a72:	fb00 f202 	mul.w	r2, r0, r2
87801a76:	b2db      	uxtb	r3, r3
87801a78:	2bff      	cmp	r3, #255	; 0xff
87801a7a:	d1f9      	bne.n	87801a70 <lcd_pow+0x8>
87801a7c:	4610      	mov	r0, r2
87801a7e:	4770      	bx	lr

87801a80 <lcd_shownum>:
87801a80:	e92d 4ff0 	stmdb	sp!, {r4, r5, r6, r7, r8, r9, sl, fp, lr}
87801a84:	b087      	sub	sp, #28
87801a86:	f89d 7040 	ldrb.w	r7, [sp, #64]	; 0x40
87801a8a:	2b00      	cmp	r3, #0
87801a8c:	d045      	beq.n	87801b1a <lcd_shownum+0x9a>
87801a8e:	4693      	mov	fp, r2
87801a90:	1e5a      	subs	r2, r3, #1
87801a92:	fa5f f982 	uxtb.w	r9, r2
87801a96:	2500      	movs	r5, #0
87801a98:	f64c 48cd 	movw	r8, #52429	; 0xcccd
87801a9c:	9205      	str	r2, [sp, #20]
87801a9e:	3b02      	subs	r3, #2
87801aa0:	087a      	lsrs	r2, r7, #1
87801aa2:	4604      	mov	r4, r0
87801aa4:	9304      	str	r3, [sp, #16]
87801aa6:	468a      	mov	sl, r1
87801aa8:	462e      	mov	r6, r5
87801aaa:	f6cc 48cc 	movt	r8, #52428	; 0xcccc
87801aae:	f109 0301 	add.w	r3, r9, #1
87801ab2:	9202      	str	r2, [sp, #8]
87801ab4:	9303      	str	r3, [sp, #12]
87801ab6:	b2ea      	uxtb	r2, r5
87801ab8:	9b04      	ldr	r3, [sp, #16]
87801aba:	454a      	cmp	r2, r9
87801abc:	eba3 0302 	sub.w	r3, r3, r2
87801ac0:	bf08      	it	eq
87801ac2:	4658      	moveq	r0, fp
87801ac4:	b2db      	uxtb	r3, r3
87801ac6:	d00a      	beq.n	87801ade <lcd_shownum+0x5e>
87801ac8:	2101      	movs	r1, #1
87801aca:	3b01      	subs	r3, #1
87801acc:	eb01 0181 	add.w	r1, r1, r1, lsl #2
87801ad0:	b2db      	uxtb	r3, r3
87801ad2:	0049      	lsls	r1, r1, #1
87801ad4:	2bff      	cmp	r3, #255	; 0xff
87801ad6:	d1f8      	bne.n	87801aca <lcd_shownum+0x4a>
87801ad8:	4658      	mov	r0, fp
87801ada:	f002 fb65 	bl	878041a8 <__udivsi3>
87801ade:	fba0 2308 	umull	r2, r3, r0, r8
87801ae2:	08db      	lsrs	r3, r3, #3
87801ae4:	eb03 0383 	add.w	r3, r3, r3, lsl #2
87801ae8:	eba0 0343 	sub.w	r3, r0, r3, lsl #1
87801aec:	b2da      	uxtb	r2, r3
87801aee:	b926      	cbnz	r6, 87801afa <lcd_shownum+0x7a>
87801af0:	9905      	ldr	r1, [sp, #20]
87801af2:	42a9      	cmp	r1, r5
87801af4:	dd01      	ble.n	87801afa <lcd_shownum+0x7a>
87801af6:	b19b      	cbz	r3, 87801b20 <lcd_shownum+0xa0>
87801af8:	2601      	movs	r6, #1
87801afa:	2300      	movs	r3, #0
87801afc:	3230      	adds	r2, #48	; 0x30
87801afe:	9300      	str	r3, [sp, #0]
87801b00:	b2d2      	uxtb	r2, r2
87801b02:	463b      	mov	r3, r7
87801b04:	4651      	mov	r1, sl
87801b06:	4620      	mov	r0, r4
87801b08:	f7ff ff1e 	bl	87801948 <lcd_showchar>
87801b0c:	9b02      	ldr	r3, [sp, #8]
87801b0e:	3501      	adds	r5, #1
87801b10:	441c      	add	r4, r3
87801b12:	9b03      	ldr	r3, [sp, #12]
87801b14:	b2a4      	uxth	r4, r4
87801b16:	42ab      	cmp	r3, r5
87801b18:	d1cd      	bne.n	87801ab6 <lcd_shownum+0x36>
87801b1a:	b007      	add	sp, #28
87801b1c:	e8bd 8ff0 	ldmia.w	sp!, {r4, r5, r6, r7, r8, r9, sl, fp, pc}
87801b20:	9600      	str	r6, [sp, #0]
87801b22:	463b      	mov	r3, r7
87801b24:	2220      	movs	r2, #32
87801b26:	4651      	mov	r1, sl
87801b28:	4620      	mov	r0, r4
87801b2a:	f7ff ff0d 	bl	87801948 <lcd_showchar>
87801b2e:	e7ed      	b.n	87801b0c <lcd_shownum+0x8c>

87801b30 <lcd_showxnum>:
87801b30:	e92d 4ff0 	stmdb	sp!, {r4, r5, r6, r7, r8, r9, sl, fp, lr}
87801b34:	b089      	sub	sp, #36	; 0x24
87801b36:	4693      	mov	fp, r2
87801b38:	f89d 7048 	ldrb.w	r7, [sp, #72]	; 0x48
87801b3c:	f89d 204c 	ldrb.w	r2, [sp, #76]	; 0x4c
87801b40:	2b00      	cmp	r3, #0
87801b42:	d049      	beq.n	87801bd8 <lcd_showxnum+0xa8>
87801b44:	468a      	mov	sl, r1
87801b46:	1e59      	subs	r1, r3, #1
87801b48:	fa5f f981 	uxtb.w	r9, r1
87801b4c:	9106      	str	r1, [sp, #24]
87801b4e:	0879      	lsrs	r1, r7, #1
87801b50:	3b02      	subs	r3, #2
87801b52:	2500      	movs	r5, #0
87801b54:	9304      	str	r3, [sp, #16]
87801b56:	f64c 48cd 	movw	r8, #52429	; 0xcccd
87801b5a:	f109 0301 	add.w	r3, r9, #1
87801b5e:	9102      	str	r1, [sp, #8]
87801b60:	4604      	mov	r4, r0
87801b62:	b251      	sxtb	r1, r2
87801b64:	462e      	mov	r6, r5
87801b66:	f6cc 48cc 	movt	r8, #52428	; 0xcccc
87801b6a:	9303      	str	r3, [sp, #12]
87801b6c:	f002 0301 	and.w	r3, r2, #1
87801b70:	9107      	str	r1, [sp, #28]
87801b72:	9305      	str	r3, [sp, #20]
87801b74:	b2ea      	uxtb	r2, r5
87801b76:	9b04      	ldr	r3, [sp, #16]
87801b78:	454a      	cmp	r2, r9
87801b7a:	eba3 0302 	sub.w	r3, r3, r2
87801b7e:	bf08      	it	eq
87801b80:	4658      	moveq	r0, fp
87801b82:	b2db      	uxtb	r3, r3
87801b84:	d00a      	beq.n	87801b9c <lcd_showxnum+0x6c>
87801b86:	2101      	movs	r1, #1
87801b88:	3b01      	subs	r3, #1
87801b8a:	eb01 0181 	add.w	r1, r1, r1, lsl #2
87801b8e:	b2db      	uxtb	r3, r3
87801b90:	0049      	lsls	r1, r1, #1
87801b92:	2bff      	cmp	r3, #255	; 0xff
87801b94:	d1f8      	bne.n	87801b88 <lcd_showxnum+0x58>
87801b96:	4658      	mov	r0, fp
87801b98:	f002 fb06 	bl	878041a8 <__udivsi3>
87801b9c:	fba0 2308 	umull	r2, r3, r0, r8
87801ba0:	08db      	lsrs	r3, r3, #3
87801ba2:	eb03 0383 	add.w	r3, r3, r3, lsl #2
87801ba6:	eba0 0343 	sub.w	r3, r0, r3, lsl #1
87801baa:	b2da      	uxtb	r2, r3
87801bac:	b926      	cbnz	r6, 87801bb8 <lcd_showxnum+0x88>
87801bae:	9906      	ldr	r1, [sp, #24]
87801bb0:	42a9      	cmp	r1, r5
87801bb2:	dd01      	ble.n	87801bb8 <lcd_showxnum+0x88>
87801bb4:	b19b      	cbz	r3, 87801bde <lcd_showxnum+0xae>
87801bb6:	2601      	movs	r6, #1
87801bb8:	9b05      	ldr	r3, [sp, #20]
87801bba:	3230      	adds	r2, #48	; 0x30
87801bbc:	b2d2      	uxtb	r2, r2
87801bbe:	4651      	mov	r1, sl
87801bc0:	4620      	mov	r0, r4
87801bc2:	9300      	str	r3, [sp, #0]
87801bc4:	463b      	mov	r3, r7
87801bc6:	f7ff febf 	bl	87801948 <lcd_showchar>
87801bca:	9b02      	ldr	r3, [sp, #8]
87801bcc:	3501      	adds	r5, #1
87801bce:	441c      	add	r4, r3
87801bd0:	9b03      	ldr	r3, [sp, #12]
87801bd2:	b2a4      	uxth	r4, r4
87801bd4:	42ab      	cmp	r3, r5
87801bd6:	d1cd      	bne.n	87801b74 <lcd_showxnum+0x44>
87801bd8:	b009      	add	sp, #36	; 0x24
87801bda:	e8bd 8ff0 	ldmia.w	sp!, {r4, r5, r6, r7, r8, r9, sl, fp, pc}
87801bde:	9b07      	ldr	r3, [sp, #28]
87801be0:	4651      	mov	r1, sl
87801be2:	4620      	mov	r0, r4
87801be4:	2b00      	cmp	r3, #0
87801be6:	9b05      	ldr	r3, [sp, #20]
87801be8:	bfb4      	ite	lt
87801bea:	2230      	movlt	r2, #48	; 0x30
87801bec:	2220      	movge	r2, #32
87801bee:	9300      	str	r3, [sp, #0]
87801bf0:	463b      	mov	r3, r7
87801bf2:	f7ff fea9 	bl	87801948 <lcd_showchar>
87801bf6:	e7e8      	b.n	87801bca <lcd_showxnum+0x9a>

87801bf8 <lcd_show_string>:
87801bf8:	e92d 4ff0 	stmdb	sp!, {r4, r5, r6, r7, r8, r9, sl, fp, lr}
87801bfc:	b085      	sub	sp, #20
87801bfe:	9f0f      	ldr	r7, [sp, #60]	; 0x3c
87801c00:	4402      	add	r2, r0
87801c02:	fa1f f882 	uxth.w	r8, r2
87801c06:	440b      	add	r3, r1
87801c08:	fa1f f983 	uxth.w	r9, r3
87801c0c:	f89d 6038 	ldrb.w	r6, [sp, #56]	; 0x38
87801c10:	783a      	ldrb	r2, [r7, #0]
87801c12:	f1a2 0320 	sub.w	r3, r2, #32
87801c16:	2b5e      	cmp	r3, #94	; 0x5e
87801c18:	d81f      	bhi.n	87801c5a <lcd_show_string+0x62>
87801c1a:	b2c3      	uxtb	r3, r0
87801c1c:	460d      	mov	r5, r1
87801c1e:	4604      	mov	r4, r0
87801c20:	ea4f 0b56 	mov.w	fp, r6, lsr #1
87801c24:	9303      	str	r3, [sp, #12]
87801c26:	f04f 0a00 	mov.w	sl, #0
87801c2a:	e00b      	b.n	87801c44 <lcd_show_string+0x4c>
87801c2c:	f8cd a000 	str.w	sl, [sp]
87801c30:	445c      	add	r4, fp
87801c32:	f7ff fe89 	bl	87801948 <lcd_showchar>
87801c36:	f817 2f01 	ldrb.w	r2, [r7, #1]!
87801c3a:	b2a4      	uxth	r4, r4
87801c3c:	f1a2 0320 	sub.w	r3, r2, #32
87801c40:	2b5e      	cmp	r3, #94	; 0x5e
87801c42:	d80a      	bhi.n	87801c5a <lcd_show_string+0x62>
87801c44:	45a0      	cmp	r8, r4
87801c46:	eb05 0106 	add.w	r1, r5, r6
87801c4a:	bf9c      	itt	ls
87801c4c:	b28d      	uxthls	r5, r1
87801c4e:	9c03      	ldrls	r4, [sp, #12]
87801c50:	4633      	mov	r3, r6
87801c52:	454d      	cmp	r5, r9
87801c54:	4629      	mov	r1, r5
87801c56:	4620      	mov	r0, r4
87801c58:	d3e8      	bcc.n	87801c2c <lcd_show_string+0x34>
87801c5a:	b005      	add	sp, #20
87801c5c:	e8bd 8ff0 	ldmia.w	sp!, {r4, r5, r6, r7, r8, r9, sl, fp, pc}

87801c60 <rtc_isleapyear.part.0>:
87801c60:	0783      	lsls	r3, r0, #30
87801c62:	d10e      	bne.n	87801c82 <rtc_isleapyear.part.0+0x22>
87801c64:	f248 521f 	movw	r2, #34079	; 0x851f
87801c68:	2164      	movs	r1, #100	; 0x64
87801c6a:	f2c5 12eb 	movt	r2, #20971	; 0x51eb
87801c6e:	fba0 2302 	umull	r2, r3, r0, r2
87801c72:	095b      	lsrs	r3, r3, #5
87801c74:	fb01 0013 	mls	r0, r1, r3, r0
87801c78:	b280      	uxth	r0, r0
87801c7a:	3000      	adds	r0, #0
87801c7c:	bf18      	it	ne
87801c7e:	2001      	movne	r0, #1
87801c80:	4770      	bx	lr
87801c82:	2000      	movs	r0, #0
87801c84:	4770      	bx	lr
87801c86:	bf00      	nop

87801c88 <rtc_init>:
87801c88:	f44f 4340 	mov.w	r3, #49152	; 0xc000
87801c8c:	f2c0 230c 	movt	r3, #524	; 0x20c
87801c90:	6859      	ldr	r1, [r3, #4]
87801c92:	461a      	mov	r2, r3
87801c94:	f041 4100 	orr.w	r1, r1, #2147483648	; 0x80000000
87801c98:	f441 7180 	orr.w	r1, r1, #256	; 0x100
87801c9c:	6059      	str	r1, [r3, #4]
87801c9e:	6b99      	ldr	r1, [r3, #56]	; 0x38
87801ca0:	f041 0101 	orr.w	r1, r1, #1
87801ca4:	6399      	str	r1, [r3, #56]	; 0x38
87801ca6:	6b93      	ldr	r3, [r2, #56]	; 0x38
87801ca8:	07db      	lsls	r3, r3, #31
87801caa:	d5fc      	bpl.n	87801ca6 <rtc_init+0x1e>
87801cac:	4770      	bx	lr
87801cae:	bf00      	nop

87801cb0 <rtc_enable>:
87801cb0:	f44f 4340 	mov.w	r3, #49152	; 0xc000
87801cb4:	f2c0 230c 	movt	r3, #524	; 0x20c
87801cb8:	6b99      	ldr	r1, [r3, #56]	; 0x38
87801cba:	461a      	mov	r2, r3
87801cbc:	f041 0101 	orr.w	r1, r1, #1
87801cc0:	6399      	str	r1, [r3, #56]	; 0x38
87801cc2:	6b93      	ldr	r3, [r2, #56]	; 0x38
87801cc4:	07db      	lsls	r3, r3, #31
87801cc6:	d5fc      	bpl.n	87801cc2 <rtc_enable+0x12>
87801cc8:	4770      	bx	lr
87801cca:	bf00      	nop

87801ccc <rtc_disable>:
87801ccc:	f44f 4340 	mov.w	r3, #49152	; 0xc000
87801cd0:	f2c0 230c 	movt	r3, #524	; 0x20c
87801cd4:	6b99      	ldr	r1, [r3, #56]	; 0x38
87801cd6:	461a      	mov	r2, r3
87801cd8:	f021 0101 	bic.w	r1, r1, #1
87801cdc:	6399      	str	r1, [r3, #56]	; 0x38
87801cde:	6b93      	ldr	r3, [r2, #56]	; 0x38
87801ce0:	07db      	lsls	r3, r3, #31
87801ce2:	d4fc      	bmi.n	87801cde <rtc_disable+0x12>
87801ce4:	4770      	bx	lr
87801ce6:	bf00      	nop

87801ce8 <rtc_coverdate_to_seconds>:
87801ce8:	f249 1ca4 	movw	ip, #37284	; 0x91a4
87801cec:	e92d 47f0 	stmdb	sp!, {r4, r5, r6, r7, r8, r9, sl, lr}
87801cf0:	f2c8 7c80 	movt	ip, #34688	; 0x8780
87801cf4:	4607      	mov	r7, r0
87801cf6:	b088      	sub	sp, #32
87801cf8:	f240 74b2 	movw	r4, #1970	; 0x7b2
87801cfc:	e8bc 000f 	ldmia.w	ip!, {r0, r1, r2, r3}
87801d00:	ad01      	add	r5, sp, #4
87801d02:	883e      	ldrh	r6, [r7, #0]
87801d04:	f897 8002 	ldrb.w	r8, [r7, #2]
87801d08:	c50f      	stmia	r5!, {r0, r1, r2, r3}
87801d0a:	42a6      	cmp	r6, r4
87801d0c:	e89c 0007 	ldmia.w	ip, {r0, r1, r2}
87801d10:	c503      	stmia	r5!, {r0, r1}
87801d12:	802a      	strh	r2, [r5, #0]
87801d14:	d94e      	bls.n	87801db4 <rtc_coverdate_to_seconds+0xcc>
87801d16:	f248 591f 	movw	r9, #34079	; 0x851f
87801d1a:	2500      	movs	r5, #0
87801d1c:	f2c5 19eb 	movt	r9, #20971	; 0x51eb
87801d20:	f44f 7ac8 	mov.w	sl, #400	; 0x190
87801d24:	e008      	b.n	87801d38 <rtc_coverdate_to_seconds+0x50>
87801d26:	f7ff ff9b 	bl	87801c60 <rtc_isleapyear.part.0>
87801d2a:	b970      	cbnz	r0, 87801d4a <rtc_coverdate_to_seconds+0x62>
87801d2c:	3401      	adds	r4, #1
87801d2e:	f205 156d 	addw	r5, r5, #365	; 0x16d
87801d32:	b2a4      	uxth	r4, r4
87801d34:	42b4      	cmp	r4, r6
87801d36:	d00e      	beq.n	87801d56 <rtc_coverdate_to_seconds+0x6e>
87801d38:	fba4 2309 	umull	r2, r3, r4, r9
87801d3c:	4620      	mov	r0, r4
87801d3e:	09db      	lsrs	r3, r3, #7
87801d40:	fb0a 4313 	mls	r3, sl, r3, r4
87801d44:	b29b      	uxth	r3, r3
87801d46:	2b00      	cmp	r3, #0
87801d48:	d1ed      	bne.n	87801d26 <rtc_coverdate_to_seconds+0x3e>
87801d4a:	3401      	adds	r4, #1
87801d4c:	f505 75b7 	add.w	r5, r5, #366	; 0x16e
87801d50:	b2a4      	uxth	r4, r4
87801d52:	42b4      	cmp	r4, r6
87801d54:	d1f0      	bne.n	87801d38 <rtc_coverdate_to_seconds+0x50>
87801d56:	f248 521f 	movw	r2, #34079	; 0x851f
87801d5a:	f44f 71c8 	mov.w	r1, #400	; 0x190
87801d5e:	f2c5 12eb 	movt	r2, #20971	; 0x51eb
87801d62:	a808      	add	r0, sp, #32
87801d64:	fba4 2302 	umull	r2, r3, r4, r2
87801d68:	eb00 0048 	add.w	r0, r0, r8, lsl #1
87801d6c:	f830 0c1c 	ldrh.w	r0, [r0, #-28]
87801d70:	09db      	lsrs	r3, r3, #7
87801d72:	4405      	add	r5, r0
87801d74:	fb01 4313 	mls	r3, r1, r3, r4
87801d78:	b29b      	uxth	r3, r3
87801d7a:	bb03      	cbnz	r3, 87801dbe <rtc_coverdate_to_seconds+0xd6>
87801d7c:	f1b8 0f02 	cmp.w	r8, #2
87801d80:	bf88      	it	hi
87801d82:	3501      	addhi	r5, #1
87801d84:	797b      	ldrb	r3, [r7, #5]
87801d86:	f44f 6661 	mov.w	r6, #3600	; 0xe10
87801d8a:	793a      	ldrb	r2, [r7, #4]
87801d8c:	f44f 41a3 	mov.w	r1, #20864	; 0x5180
87801d90:	78f8      	ldrb	r0, [r7, #3]
87801d92:	f2c0 0101 	movt	r1, #1
87801d96:	79bc      	ldrb	r4, [r7, #6]
87801d98:	ebc3 1303 	rsb	r3, r3, r3, lsl #4
87801d9c:	3801      	subs	r0, #1
87801d9e:	009b      	lsls	r3, r3, #2
87801da0:	4405      	add	r5, r0
87801da2:	fb06 3002 	mla	r0, r6, r2, r3
87801da6:	4420      	add	r0, r4
87801da8:	fb01 0005 	mla	r0, r1, r5, r0
87801dac:	2100      	movs	r1, #0
87801dae:	b008      	add	sp, #32
87801db0:	e8bd 87f0 	ldmia.w	sp!, {r4, r5, r6, r7, r8, r9, sl, pc}
87801db4:	ab08      	add	r3, sp, #32
87801db6:	eb03 0348 	add.w	r3, r3, r8, lsl #1
87801dba:	f833 5c1c 	ldrh.w	r5, [r3, #-28]
87801dbe:	4620      	mov	r0, r4
87801dc0:	f7ff ff4e 	bl	87801c60 <rtc_isleapyear.part.0>
87801dc4:	2800      	cmp	r0, #0
87801dc6:	d1d9      	bne.n	87801d7c <rtc_coverdate_to_seconds+0x94>
87801dc8:	e7dc      	b.n	87801d84 <rtc_coverdate_to_seconds+0x9c>
87801dca:	bf00      	nop

87801dcc <rtc_setdatetime>:
87801dcc:	b538      	push	{r3, r4, r5, lr}
87801dce:	f44f 4340 	mov.w	r3, #49152	; 0xc000
87801dd2:	f2c0 230c 	movt	r3, #524	; 0x20c
87801dd6:	461c      	mov	r4, r3
87801dd8:	6b9d      	ldr	r5, [r3, #56]	; 0x38
87801dda:	6b9a      	ldr	r2, [r3, #56]	; 0x38
87801ddc:	f022 0201 	bic.w	r2, r2, #1
87801de0:	639a      	str	r2, [r3, #56]	; 0x38
87801de2:	6ba3      	ldr	r3, [r4, #56]	; 0x38
87801de4:	07d9      	lsls	r1, r3, #31
87801de6:	d4fc      	bmi.n	87801de2 <rtc_setdatetime+0x16>
87801de8:	f7ff ff7e 	bl	87801ce8 <rtc_coverdate_to_seconds>
87801dec:	03c3      	lsls	r3, r0, #15
87801dee:	0c40      	lsrs	r0, r0, #17
87801df0:	07ea      	lsls	r2, r5, #31
87801df2:	ea40 30c1 	orr.w	r0, r0, r1, lsl #15
87801df6:	6520      	str	r0, [r4, #80]	; 0x50
87801df8:	6563      	str	r3, [r4, #84]	; 0x54
87801dfa:	d50a      	bpl.n	87801e12 <rtc_setdatetime+0x46>
87801dfc:	6ba3      	ldr	r3, [r4, #56]	; 0x38
87801dfe:	f44f 4240 	mov.w	r2, #49152	; 0xc000
87801e02:	f2c0 220c 	movt	r2, #524	; 0x20c
87801e06:	f043 0301 	orr.w	r3, r3, #1
87801e0a:	63a3      	str	r3, [r4, #56]	; 0x38
87801e0c:	6b93      	ldr	r3, [r2, #56]	; 0x38
87801e0e:	07db      	lsls	r3, r3, #31
87801e10:	d5fc      	bpl.n	87801e0c <rtc_setdatetime+0x40>
87801e12:	bd38      	pop	{r3, r4, r5, pc}

87801e14 <rtc_getseconds>:
87801e14:	f44f 4340 	mov.w	r3, #49152	; 0xc000
87801e18:	f2c0 230c 	movt	r3, #524	; 0x20c
87801e1c:	6d18      	ldr	r0, [r3, #80]	; 0x50
87801e1e:	6d5b      	ldr	r3, [r3, #84]	; 0x54
87801e20:	0bdb      	lsrs	r3, r3, #15
87801e22:	ea43 4040 	orr.w	r0, r3, r0, lsl #17
87801e26:	4770      	bx	lr

87801e28 <rtc_convertseconds_to_datetime>:
87801e28:	4b4f      	ldr	r3, [pc, #316]	; (87801f68 <rtc_convertseconds_to_datetime+0x140>)
87801e2a:	e92d 4ff0 	stmdb	sp!, {r4, r5, r6, r7, r8, r9, sl, fp, lr}
87801e2e:	4615      	mov	r5, r2
87801e30:	4682      	mov	sl, r0
87801e32:	468b      	mov	fp, r1
87801e34:	b085      	sub	sp, #20
87801e36:	f248 581f 	movw	r8, #34079	; 0x851f
87801e3a:	cb0f      	ldmia	r3, {r0, r1, r2, r3}
87801e3c:	466c      	mov	r4, sp
87801e3e:	f2c5 18eb 	movt	r8, #20971	; 0x51eb
87801e42:	f44f 79c8 	mov.w	r9, #400	; 0x190
87801e46:	c407      	stmia	r4!, {r0, r1, r2}
87801e48:	f44f 42a3 	mov.w	r2, #20864	; 0x5180
87801e4c:	7023      	strb	r3, [r4, #0]
87801e4e:	4650      	mov	r0, sl
87801e50:	4659      	mov	r1, fp
87801e52:	f2c0 0201 	movt	r2, #1
87801e56:	2300      	movs	r3, #0
87801e58:	f002 fb32 	bl	878044c0 <__aeabi_uldivmod>
87801e5c:	f44f 42a3 	mov.w	r2, #20864	; 0x5180
87801e60:	1c46      	adds	r6, r0, #1
87801e62:	f141 0700 	adc.w	r7, r1, #0
87801e66:	4650      	mov	r0, sl
87801e68:	4659      	mov	r1, fp
87801e6a:	f2c0 0201 	movt	r2, #1
87801e6e:	2300      	movs	r3, #0
87801e70:	f002 fb26 	bl	878044c0 <__aeabi_uldivmod>
87801e74:	4692      	mov	sl, r2
87801e76:	469b      	mov	fp, r3
87801e78:	f44f 6261 	mov.w	r2, #3600	; 0xe10
87801e7c:	2300      	movs	r3, #0
87801e7e:	4650      	mov	r0, sl
87801e80:	4659      	mov	r1, fp
87801e82:	f002 fb1d 	bl	878044c0 <__aeabi_uldivmod>
87801e86:	4659      	mov	r1, fp
87801e88:	7128      	strb	r0, [r5, #4]
87801e8a:	f44f 6261 	mov.w	r2, #3600	; 0xe10
87801e8e:	4650      	mov	r0, sl
87801e90:	2300      	movs	r3, #0
87801e92:	f002 fb15 	bl	878044c0 <__aeabi_uldivmod>
87801e96:	4692      	mov	sl, r2
87801e98:	469b      	mov	fp, r3
87801e9a:	223c      	movs	r2, #60	; 0x3c
87801e9c:	2300      	movs	r3, #0
87801e9e:	4650      	mov	r0, sl
87801ea0:	4659      	mov	r1, fp
87801ea2:	f002 fb0d 	bl	878044c0 <__aeabi_uldivmod>
87801ea6:	223c      	movs	r2, #60	; 0x3c
87801ea8:	7168      	strb	r0, [r5, #5]
87801eaa:	2300      	movs	r3, #0
87801eac:	4650      	mov	r0, sl
87801eae:	4659      	mov	r1, fp
87801eb0:	f002 fb06 	bl	878044c0 <__aeabi_uldivmod>
87801eb4:	f240 73b2 	movw	r3, #1970	; 0x7b2
87801eb8:	f240 116d 	movw	r1, #365	; 0x16d
87801ebc:	461c      	mov	r4, r3
87801ebe:	468a      	mov	sl, r1
87801ec0:	71aa      	strb	r2, [r5, #6]
87801ec2:	802b      	strh	r3, [r5, #0]
87801ec4:	b28a      	uxth	r2, r1
87801ec6:	2300      	movs	r3, #0
87801ec8:	42bb      	cmp	r3, r7
87801eca:	bf08      	it	eq
87801ecc:	42b2      	cmpeq	r2, r6
87801ece:	f104 0001 	add.w	r0, r4, #1
87801ed2:	f44f 71b7 	mov.w	r1, #366	; 0x16e
87801ed6:	d215      	bcs.n	87801f04 <rtc_convertseconds_to_datetime+0xdc>
87801ed8:	b284      	uxth	r4, r0
87801eda:	1ab6      	subs	r6, r6, r2
87801edc:	eb67 0703 	sbc.w	r7, r7, r3
87801ee0:	fba4 2308 	umull	r2, r3, r4, r8
87801ee4:	4620      	mov	r0, r4
87801ee6:	802c      	strh	r4, [r5, #0]
87801ee8:	09db      	lsrs	r3, r3, #7
87801eea:	fb09 4313 	mls	r3, r9, r3, r4
87801eee:	b29b      	uxth	r3, r3
87801ef0:	2b00      	cmp	r3, #0
87801ef2:	d0e7      	beq.n	87801ec4 <rtc_convertseconds_to_datetime+0x9c>
87801ef4:	f7ff feb4 	bl	87801c60 <rtc_isleapyear.part.0>
87801ef8:	2800      	cmp	r0, #0
87801efa:	bf14      	ite	ne
87801efc:	f44f 71b7 	movne.w	r1, #366	; 0x16e
87801f00:	4651      	moveq	r1, sl
87801f02:	e7df      	b.n	87801ec4 <rtc_convertseconds_to_datetime+0x9c>
87801f04:	f248 521f 	movw	r2, #34079	; 0x851f
87801f08:	f44f 71c8 	mov.w	r1, #400	; 0x190
87801f0c:	f2c5 12eb 	movt	r2, #20971	; 0x51eb
87801f10:	fba4 2302 	umull	r2, r3, r4, r2
87801f14:	09db      	lsrs	r3, r3, #7
87801f16:	fb01 4313 	mls	r3, r1, r3, r4
87801f1a:	b29b      	uxth	r3, r3
87801f1c:	b1db      	cbz	r3, 87801f56 <rtc_convertseconds_to_datetime+0x12e>
87801f1e:	4620      	mov	r0, r4
87801f20:	f7ff fe9e 	bl	87801c60 <rtc_isleapyear.part.0>
87801f24:	b9b8      	cbnz	r0, 87801f56 <rtc_convertseconds_to_datetime+0x12e>
87801f26:	466c      	mov	r4, sp
87801f28:	2201      	movs	r2, #1
87801f2a:	2300      	movs	r3, #0
87801f2c:	f814 0f01 	ldrb.w	r0, [r4, #1]!
87801f30:	2100      	movs	r1, #0
87801f32:	42b9      	cmp	r1, r7
87801f34:	bf08      	it	eq
87801f36:	42b0      	cmpeq	r0, r6
87801f38:	d211      	bcs.n	87801f5e <rtc_convertseconds_to_datetime+0x136>
87801f3a:	3201      	adds	r2, #1
87801f3c:	f143 0300 	adc.w	r3, r3, #0
87801f40:	1a36      	subs	r6, r6, r0
87801f42:	eb67 0701 	sbc.w	r7, r7, r1
87801f46:	2b00      	cmp	r3, #0
87801f48:	bf08      	it	eq
87801f4a:	2a0d      	cmpeq	r2, #13
87801f4c:	d1ee      	bne.n	87801f2c <rtc_convertseconds_to_datetime+0x104>
87801f4e:	70ee      	strb	r6, [r5, #3]
87801f50:	b005      	add	sp, #20
87801f52:	e8bd 8ff0 	ldmia.w	sp!, {r4, r5, r6, r7, r8, r9, sl, fp, pc}
87801f56:	231d      	movs	r3, #29
87801f58:	f88d 3002 	strb.w	r3, [sp, #2]
87801f5c:	e7e3      	b.n	87801f26 <rtc_convertseconds_to_datetime+0xfe>
87801f5e:	70aa      	strb	r2, [r5, #2]
87801f60:	70ee      	strb	r6, [r5, #3]
87801f62:	b005      	add	sp, #20
87801f64:	e8bd 8ff0 	ldmia.w	sp!, {r4, r5, r6, r7, r8, r9, sl, fp, pc}
87801f68:	878091c0 	strhi	r9, [r0, r0, asr #3]

87801f6c <rtc_getdatetime>:
87801f6c:	f44f 4340 	mov.w	r3, #49152	; 0xc000
87801f70:	4602      	mov	r2, r0
87801f72:	f2c0 230c 	movt	r3, #524	; 0x20c
87801f76:	2100      	movs	r1, #0
87801f78:	6d18      	ldr	r0, [r3, #80]	; 0x50
87801f7a:	6d5b      	ldr	r3, [r3, #84]	; 0x54
87801f7c:	0bdb      	lsrs	r3, r3, #15
87801f7e:	ea43 4040 	orr.w	r0, r3, r0, lsl #17
87801f82:	f7ff bf51 	b.w	87801e28 <rtc_convertseconds_to_datetime>
87801f86:	bf00      	nop

87801f88 <rtc_isleapyear>:
87801f88:	f248 521f 	movw	r2, #34079	; 0x851f
87801f8c:	b410      	push	{r4}
87801f8e:	f2c5 12eb 	movt	r2, #20971	; 0x51eb
87801f92:	f44f 74c8 	mov.w	r4, #400	; 0x190
87801f96:	fba0 2302 	umull	r2, r3, r0, r2
87801f9a:	09db      	lsrs	r3, r3, #7
87801f9c:	fb04 0313 	mls	r3, r4, r3, r0
87801fa0:	b29b      	uxth	r3, r3
87801fa2:	b113      	cbz	r3, 87801faa <rtc_isleapyear+0x22>
87801fa4:	f85d 4b04 	ldr.w	r4, [sp], #4
87801fa8:	e65a      	b.n	87801c60 <rtc_isleapyear.part.0>
87801faa:	2001      	movs	r0, #1
87801fac:	f85d 4b04 	ldr.w	r4, [sp], #4
87801fb0:	4770      	bx	lr
87801fb2:	bf00      	nop

87801fb4 <i2c_check_and_clear_error.part.1>:
87801fb4:	4602      	mov	r2, r0
87801fb6:	2004      	movs	r0, #4
87801fb8:	8993      	ldrh	r3, [r2, #12]
87801fba:	f023 0310 	bic.w	r3, r3, #16
87801fbe:	041b      	lsls	r3, r3, #16
87801fc0:	0c1b      	lsrs	r3, r3, #16
87801fc2:	8193      	strh	r3, [r2, #12]
87801fc4:	8913      	ldrh	r3, [r2, #8]
87801fc6:	f023 0380 	bic.w	r3, r3, #128	; 0x80
87801fca:	041b      	lsls	r3, r3, #16
87801fcc:	0c1b      	lsrs	r3, r3, #16
87801fce:	8113      	strh	r3, [r2, #8]
87801fd0:	8913      	ldrh	r3, [r2, #8]
87801fd2:	b29b      	uxth	r3, r3
87801fd4:	f043 0380 	orr.w	r3, r3, #128	; 0x80
87801fd8:	8113      	strh	r3, [r2, #8]
87801fda:	4770      	bx	lr

87801fdc <i2c_init>:
87801fdc:	8903      	ldrh	r3, [r0, #8]
87801fde:	2215      	movs	r2, #21
87801fe0:	f023 0380 	bic.w	r3, r3, #128	; 0x80
87801fe4:	041b      	lsls	r3, r3, #16
87801fe6:	0c1b      	lsrs	r3, r3, #16
87801fe8:	8103      	strh	r3, [r0, #8]
87801fea:	8082      	strh	r2, [r0, #4]
87801fec:	8903      	ldrh	r3, [r0, #8]
87801fee:	b29b      	uxth	r3, r3
87801ff0:	f043 0380 	orr.w	r3, r3, #128	; 0x80
87801ff4:	8103      	strh	r3, [r0, #8]
87801ff6:	4770      	bx	lr

87801ff8 <i2c_master_repeated_start>:
87801ff8:	4603      	mov	r3, r0
87801ffa:	8980      	ldrh	r0, [r0, #12]
87801ffc:	0680      	lsls	r0, r0, #26
87801ffe:	d502      	bpl.n	87802006 <i2c_master_repeated_start+0xe>
87802000:	8918      	ldrh	r0, [r3, #8]
87802002:	0680      	lsls	r0, r0, #26
87802004:	d511      	bpl.n	8780202a <i2c_master_repeated_start+0x32>
87802006:	b410      	push	{r4}
87802008:	f1a2 0201 	sub.w	r2, r2, #1
8780200c:	891c      	ldrh	r4, [r3, #8]
8780200e:	fab2 f282 	clz	r2, r2
87802012:	0952      	lsrs	r2, r2, #5
87802014:	2000      	movs	r0, #0
87802016:	ea42 0141 	orr.w	r1, r2, r1, lsl #1
8780201a:	b2a2      	uxth	r2, r4
8780201c:	f85d 4b04 	ldr.w	r4, [sp], #4
87802020:	f042 0214 	orr.w	r2, r2, #20
87802024:	811a      	strh	r2, [r3, #8]
87802026:	8219      	strh	r1, [r3, #16]
87802028:	4770      	bx	lr
8780202a:	2001      	movs	r0, #1
8780202c:	4770      	bx	lr
8780202e:	bf00      	nop

87802030 <i2c_master_start>:
87802030:	8983      	ldrh	r3, [r0, #12]
87802032:	f013 0320 	ands.w	r3, r3, #32
87802036:	d110      	bne.n	8780205a <i2c_master_start+0x2a>
87802038:	b410      	push	{r4}
8780203a:	0049      	lsls	r1, r1, #1
8780203c:	8904      	ldrh	r4, [r0, #8]
8780203e:	2a01      	cmp	r2, #1
87802040:	bf14      	ite	ne
87802042:	460a      	movne	r2, r1
87802044:	f041 0201 	orreq.w	r2, r1, #1
87802048:	b2a1      	uxth	r1, r4
8780204a:	f85d 4b04 	ldr.w	r4, [sp], #4
8780204e:	f041 0130 	orr.w	r1, r1, #48	; 0x30
87802052:	8101      	strh	r1, [r0, #8]
87802054:	8202      	strh	r2, [r0, #16]
87802056:	4618      	mov	r0, r3
87802058:	4770      	bx	lr
8780205a:	2301      	movs	r3, #1
8780205c:	4618      	mov	r0, r3
8780205e:	4770      	bx	lr

87802060 <i2c_check_and_clear_error>:
87802060:	06cb      	lsls	r3, r1, #27
87802062:	d405      	bmi.n	87802070 <i2c_check_and_clear_error+0x10>
87802064:	f011 0f01 	tst.w	r1, #1
87802068:	bf14      	ite	ne
8780206a:	2003      	movne	r0, #3
8780206c:	2000      	moveq	r0, #0
8780206e:	4770      	bx	lr
87802070:	e7a0      	b.n	87801fb4 <i2c_check_and_clear_error.part.1>
87802072:	bf00      	nop

87802074 <i2c_master_stop>:
87802074:	8902      	ldrh	r2, [r0, #8]
87802076:	f64f 73ff 	movw	r3, #65535	; 0xffff
8780207a:	f022 0238 	bic.w	r2, r2, #56	; 0x38
8780207e:	0412      	lsls	r2, r2, #16
87802080:	0c12      	lsrs	r2, r2, #16
87802082:	8102      	strh	r2, [r0, #8]
87802084:	e000      	b.n	87802088 <i2c_master_stop+0x14>
87802086:	b13b      	cbz	r3, 87802098 <i2c_master_stop+0x24>
87802088:	8982      	ldrh	r2, [r0, #12]
8780208a:	3b01      	subs	r3, #1
8780208c:	b29b      	uxth	r3, r3
8780208e:	f012 0220 	ands.w	r2, r2, #32
87802092:	d1f8      	bne.n	87802086 <i2c_master_stop+0x12>
87802094:	4610      	mov	r0, r2
87802096:	4770      	bx	lr
87802098:	2005      	movs	r0, #5
8780209a:	4770      	bx	lr

8780209c <i2c_master_write>:
8780209c:	b538      	push	{r3, r4, r5, lr}
8780209e:	4604      	mov	r4, r0
878020a0:	89a3      	ldrh	r3, [r4, #12]
878020a2:	061d      	lsls	r5, r3, #24
878020a4:	d5fc      	bpl.n	878020a0 <i2c_master_write+0x4>
878020a6:	89a3      	ldrh	r3, [r4, #12]
878020a8:	188d      	adds	r5, r1, r2
878020aa:	f023 0302 	bic.w	r3, r3, #2
878020ae:	041b      	lsls	r3, r3, #16
878020b0:	0c1b      	lsrs	r3, r3, #16
878020b2:	81a3      	strh	r3, [r4, #12]
878020b4:	8923      	ldrh	r3, [r4, #8]
878020b6:	b29b      	uxth	r3, r3
878020b8:	f043 0310 	orr.w	r3, r3, #16
878020bc:	8123      	strh	r3, [r4, #8]
878020be:	42a9      	cmp	r1, r5
878020c0:	d011      	beq.n	878020e6 <i2c_master_write+0x4a>
878020c2:	f811 3b01 	ldrb.w	r3, [r1], #1
878020c6:	8223      	strh	r3, [r4, #16]
878020c8:	89a3      	ldrh	r3, [r4, #12]
878020ca:	0798      	lsls	r0, r3, #30
878020cc:	d5fc      	bpl.n	878020c8 <i2c_master_write+0x2c>
878020ce:	89a3      	ldrh	r3, [r4, #12]
878020d0:	f023 0302 	bic.w	r3, r3, #2
878020d4:	041b      	lsls	r3, r3, #16
878020d6:	0c1b      	lsrs	r3, r3, #16
878020d8:	81a3      	strh	r3, [r4, #12]
878020da:	89a3      	ldrh	r3, [r4, #12]
878020dc:	b29b      	uxth	r3, r3
878020de:	06da      	lsls	r2, r3, #27
878020e0:	d417      	bmi.n	87802112 <i2c_master_write+0x76>
878020e2:	07d8      	lsls	r0, r3, #31
878020e4:	d5eb      	bpl.n	878020be <i2c_master_write+0x22>
878020e6:	89a2      	ldrh	r2, [r4, #12]
878020e8:	f64f 73ff 	movw	r3, #65535	; 0xffff
878020ec:	f022 0202 	bic.w	r2, r2, #2
878020f0:	0412      	lsls	r2, r2, #16
878020f2:	0c12      	lsrs	r2, r2, #16
878020f4:	81a2      	strh	r2, [r4, #12]
878020f6:	8922      	ldrh	r2, [r4, #8]
878020f8:	f022 0238 	bic.w	r2, r2, #56	; 0x38
878020fc:	0412      	lsls	r2, r2, #16
878020fe:	0c12      	lsrs	r2, r2, #16
87802100:	8122      	strh	r2, [r4, #8]
87802102:	e000      	b.n	87802106 <i2c_master_write+0x6a>
87802104:	b123      	cbz	r3, 87802110 <i2c_master_write+0x74>
87802106:	89a2      	ldrh	r2, [r4, #12]
87802108:	3b01      	subs	r3, #1
8780210a:	b29b      	uxth	r3, r3
8780210c:	0692      	lsls	r2, r2, #26
8780210e:	d4f9      	bmi.n	87802104 <i2c_master_write+0x68>
87802110:	bd38      	pop	{r3, r4, r5, pc}
87802112:	4620      	mov	r0, r4
87802114:	f7ff ff4e 	bl	87801fb4 <i2c_check_and_clear_error.part.1>
87802118:	2800      	cmp	r0, #0
8780211a:	d0d0      	beq.n	878020be <i2c_master_write+0x22>
8780211c:	e7e3      	b.n	878020e6 <i2c_master_write+0x4a>
8780211e:	bf00      	nop

87802120 <i2c_master_read>:
87802120:	b430      	push	{r4, r5}
87802122:	2300      	movs	r3, #0
87802124:	b082      	sub	sp, #8
87802126:	f88d 3007 	strb.w	r3, [sp, #7]
8780212a:	f89d 3007 	ldrb.w	r3, [sp, #7]
8780212e:	3301      	adds	r3, #1
87802130:	b2db      	uxtb	r3, r3
87802132:	f88d 3007 	strb.w	r3, [sp, #7]
87802136:	8983      	ldrh	r3, [r0, #12]
87802138:	061c      	lsls	r4, r3, #24
8780213a:	d5fc      	bpl.n	87802136 <i2c_master_read+0x16>
8780213c:	8983      	ldrh	r3, [r0, #12]
8780213e:	2a01      	cmp	r2, #1
87802140:	f102 35ff 	add.w	r5, r2, #4294967295	; 0xffffffff
87802144:	f023 0302 	bic.w	r3, r3, #2
87802148:	ea4f 4303 	mov.w	r3, r3, lsl #16
8780214c:	ea4f 4313 	mov.w	r3, r3, lsr #16
87802150:	8183      	strh	r3, [r0, #12]
87802152:	8903      	ldrh	r3, [r0, #8]
87802154:	f023 0318 	bic.w	r3, r3, #24
87802158:	ea4f 4303 	mov.w	r3, r3, lsl #16
8780215c:	ea4f 4313 	mov.w	r3, r3, lsr #16
87802160:	8103      	strh	r3, [r0, #8]
87802162:	d02b      	beq.n	878021bc <i2c_master_read+0x9c>
87802164:	8a03      	ldrh	r3, [r0, #16]
87802166:	b2db      	uxtb	r3, r3
87802168:	f88d 3007 	strb.w	r3, [sp, #7]
8780216c:	b31a      	cbz	r2, 878021b6 <i2c_master_read+0x96>
8780216e:	462a      	mov	r2, r5
87802170:	460c      	mov	r4, r1
87802172:	8983      	ldrh	r3, [r0, #12]
87802174:	079b      	lsls	r3, r3, #30
87802176:	d5fc      	bpl.n	87802172 <i2c_master_read+0x52>
87802178:	8983      	ldrh	r3, [r0, #12]
8780217a:	f023 0302 	bic.w	r3, r3, #2
8780217e:	041b      	lsls	r3, r3, #16
87802180:	0c1b      	lsrs	r3, r3, #16
87802182:	8183      	strh	r3, [r0, #12]
87802184:	b132      	cbz	r2, 87802194 <i2c_master_read+0x74>
87802186:	2a01      	cmp	r2, #1
87802188:	d022      	beq.n	878021d0 <i2c_master_read+0xb0>
8780218a:	8a03      	ldrh	r3, [r0, #16]
8780218c:	3a01      	subs	r2, #1
8780218e:	f804 3b01 	strb.w	r3, [r4], #1
87802192:	e7ee      	b.n	87802172 <i2c_master_read+0x52>
87802194:	8902      	ldrh	r2, [r0, #8]
87802196:	f64f 73ff 	movw	r3, #65535	; 0xffff
8780219a:	f022 0238 	bic.w	r2, r2, #56	; 0x38
8780219e:	0412      	lsls	r2, r2, #16
878021a0:	0c12      	lsrs	r2, r2, #16
878021a2:	8102      	strh	r2, [r0, #8]
878021a4:	e000      	b.n	878021a8 <i2c_master_read+0x88>
878021a6:	b123      	cbz	r3, 878021b2 <i2c_master_read+0x92>
878021a8:	8982      	ldrh	r2, [r0, #12]
878021aa:	3b01      	subs	r3, #1
878021ac:	b29b      	uxth	r3, r3
878021ae:	0692      	lsls	r2, r2, #26
878021b0:	d4f9      	bmi.n	878021a6 <i2c_master_read+0x86>
878021b2:	8a03      	ldrh	r3, [r0, #16]
878021b4:	554b      	strb	r3, [r1, r5]
878021b6:	b002      	add	sp, #8
878021b8:	bc30      	pop	{r4, r5}
878021ba:	4770      	bx	lr
878021bc:	8903      	ldrh	r3, [r0, #8]
878021be:	b29b      	uxth	r3, r3
878021c0:	f043 0308 	orr.w	r3, r3, #8
878021c4:	8103      	strh	r3, [r0, #8]
878021c6:	8a03      	ldrh	r3, [r0, #16]
878021c8:	b2db      	uxtb	r3, r3
878021ca:	f88d 3007 	strb.w	r3, [sp, #7]
878021ce:	e7ce      	b.n	8780216e <i2c_master_read+0x4e>
878021d0:	8903      	ldrh	r3, [r0, #8]
878021d2:	b29b      	uxth	r3, r3
878021d4:	f043 0308 	orr.w	r3, r3, #8
878021d8:	8103      	strh	r3, [r0, #8]
878021da:	e7d6      	b.n	8780218a <i2c_master_read+0x6a>

878021dc <i2c_master_transfer>:
878021dc:	b538      	push	{r3, r4, r5, lr}
878021de:	8983      	ldrh	r3, [r0, #12]
878021e0:	684c      	ldr	r4, [r1, #4]
878021e2:	f023 0312 	bic.w	r3, r3, #18
878021e6:	041b      	lsls	r3, r3, #16
878021e8:	0c1b      	lsrs	r3, r3, #16
878021ea:	8183      	strh	r3, [r0, #12]
878021ec:	8983      	ldrh	r3, [r0, #12]
878021ee:	061b      	lsls	r3, r3, #24
878021f0:	d5fc      	bpl.n	878021ec <i2c_master_transfer+0x10>
878021f2:	7b0a      	ldrb	r2, [r1, #12]
878021f4:	780b      	ldrb	r3, [r1, #0]
878021f6:	b922      	cbnz	r2, 87802202 <i2c_master_transfer+0x26>
878021f8:	8985      	ldrh	r5, [r0, #12]
878021fa:	06ad      	lsls	r5, r5, #26
878021fc:	d528      	bpl.n	87802250 <i2c_master_transfer+0x74>
878021fe:	2001      	movs	r0, #1
87802200:	bd38      	pop	{r3, r4, r5, pc}
87802202:	8984      	ldrh	r4, [r0, #12]
87802204:	06a4      	lsls	r4, r4, #26
87802206:	d4fa      	bmi.n	878021fe <i2c_master_transfer+0x22>
87802208:	8904      	ldrh	r4, [r0, #8]
8780220a:	005b      	lsls	r3, r3, #1
8780220c:	b2a4      	uxth	r4, r4
8780220e:	f044 0430 	orr.w	r4, r4, #48	; 0x30
87802212:	8104      	strh	r4, [r0, #8]
87802214:	8203      	strh	r3, [r0, #16]
87802216:	8983      	ldrh	r3, [r0, #12]
87802218:	079c      	lsls	r4, r3, #30
8780221a:	d5fc      	bpl.n	87802216 <i2c_master_transfer+0x3a>
8780221c:	8983      	ldrh	r3, [r0, #12]
8780221e:	4604      	mov	r4, r0
87802220:	460d      	mov	r5, r1
87802222:	b29b      	uxth	r3, r3
87802224:	06d8      	lsls	r0, r3, #27
87802226:	d41e      	bmi.n	87802266 <i2c_master_transfer+0x8a>
87802228:	07d9      	lsls	r1, r3, #31
8780222a:	d522      	bpl.n	87802272 <i2c_master_transfer+0x96>
8780222c:	2003      	movs	r0, #3
8780222e:	8922      	ldrh	r2, [r4, #8]
87802230:	f64f 73ff 	movw	r3, #65535	; 0xffff
87802234:	f022 0238 	bic.w	r2, r2, #56	; 0x38
87802238:	0412      	lsls	r2, r2, #16
8780223a:	0c12      	lsrs	r2, r2, #16
8780223c:	8122      	strh	r2, [r4, #8]
8780223e:	e001      	b.n	87802244 <i2c_master_transfer+0x68>
87802240:	2b00      	cmp	r3, #0
87802242:	d0dd      	beq.n	87802200 <i2c_master_transfer+0x24>
87802244:	89a2      	ldrh	r2, [r4, #12]
87802246:	3b01      	subs	r3, #1
87802248:	b29b      	uxth	r3, r3
8780224a:	0692      	lsls	r2, r2, #26
8780224c:	d4f8      	bmi.n	87802240 <i2c_master_transfer+0x64>
8780224e:	bd38      	pop	{r3, r4, r5, pc}
87802250:	8905      	ldrh	r5, [r0, #8]
87802252:	005b      	lsls	r3, r3, #1
87802254:	2c01      	cmp	r4, #1
87802256:	bf08      	it	eq
87802258:	f043 0301 	orreq.w	r3, r3, #1
8780225c:	b2ac      	uxth	r4, r5
8780225e:	f044 0430 	orr.w	r4, r4, #48	; 0x30
87802262:	8104      	strh	r4, [r0, #8]
87802264:	e7d6      	b.n	87802214 <i2c_master_transfer+0x38>
87802266:	4620      	mov	r0, r4
87802268:	f7ff fea4 	bl	87801fb4 <i2c_check_and_clear_error.part.1>
8780226c:	2800      	cmp	r0, #0
8780226e:	d1de      	bne.n	8780222e <i2c_master_transfer+0x52>
87802270:	7b0a      	ldrb	r2, [r1, #12]
87802272:	b33a      	cbz	r2, 878022c4 <i2c_master_transfer+0xe8>
87802274:	68a8      	ldr	r0, [r5, #8]
87802276:	3a01      	subs	r2, #1
87802278:	89a3      	ldrh	r3, [r4, #12]
8780227a:	b2d2      	uxtb	r2, r2
8780227c:	00d1      	lsls	r1, r2, #3
8780227e:	f023 0302 	bic.w	r3, r3, #2
87802282:	041b      	lsls	r3, r3, #16
87802284:	fa20 f101 	lsr.w	r1, r0, r1
87802288:	0c1b      	lsrs	r3, r3, #16
8780228a:	b289      	uxth	r1, r1
8780228c:	81a3      	strh	r3, [r4, #12]
8780228e:	732a      	strb	r2, [r5, #12]
87802290:	8221      	strh	r1, [r4, #16]
87802292:	89a3      	ldrh	r3, [r4, #12]
87802294:	079b      	lsls	r3, r3, #30
87802296:	d5fc      	bpl.n	87802292 <i2c_master_transfer+0xb6>
87802298:	89a3      	ldrh	r3, [r4, #12]
8780229a:	b29b      	uxth	r3, r3
8780229c:	06d9      	lsls	r1, r3, #27
8780229e:	d41f      	bmi.n	878022e0 <i2c_master_transfer+0x104>
878022a0:	07d9      	lsls	r1, r3, #31
878022a2:	d425      	bmi.n	878022f0 <i2c_master_transfer+0x114>
878022a4:	2a00      	cmp	r2, #0
878022a6:	d1e6      	bne.n	87802276 <i2c_master_transfer+0x9a>
878022a8:	686b      	ldr	r3, [r5, #4]
878022aa:	2b01      	cmp	r3, #1
878022ac:	d03a      	beq.n	87802324 <i2c_master_transfer+0x148>
878022ae:	b913      	cbnz	r3, 878022b6 <i2c_master_transfer+0xda>
878022b0:	696b      	ldr	r3, [r5, #20]
878022b2:	2b00      	cmp	r3, #0
878022b4:	d12f      	bne.n	87802316 <i2c_master_transfer+0x13a>
878022b6:	2000      	movs	r0, #0
878022b8:	bd38      	pop	{r3, r4, r5, pc}
878022ba:	4620      	mov	r0, r4
878022bc:	f7ff fe7a 	bl	87801fb4 <i2c_check_and_clear_error.part.1>
878022c0:	2800      	cmp	r0, #0
878022c2:	d14e      	bne.n	87802362 <i2c_master_transfer+0x186>
878022c4:	686b      	ldr	r3, [r5, #4]
878022c6:	2b00      	cmp	r3, #0
878022c8:	d0f2      	beq.n	878022b0 <i2c_master_transfer+0xd4>
878022ca:	2b01      	cmp	r3, #1
878022cc:	d1f3      	bne.n	878022b6 <i2c_master_transfer+0xda>
878022ce:	696b      	ldr	r3, [r5, #20]
878022d0:	2b00      	cmp	r3, #0
878022d2:	d0f0      	beq.n	878022b6 <i2c_master_transfer+0xda>
878022d4:	6929      	ldr	r1, [r5, #16]
878022d6:	4620      	mov	r0, r4
878022d8:	696a      	ldr	r2, [r5, #20]
878022da:	f7ff ff21 	bl	87802120 <i2c_master_read>
878022de:	e7ea      	b.n	878022b6 <i2c_master_transfer+0xda>
878022e0:	4620      	mov	r0, r4
878022e2:	f7ff fe67 	bl	87801fb4 <i2c_check_and_clear_error.part.1>
878022e6:	b920      	cbnz	r0, 878022f2 <i2c_master_transfer+0x116>
878022e8:	7b2a      	ldrb	r2, [r5, #12]
878022ea:	2a00      	cmp	r2, #0
878022ec:	d1c2      	bne.n	87802274 <i2c_master_transfer+0x98>
878022ee:	e7db      	b.n	878022a8 <i2c_master_transfer+0xcc>
878022f0:	2003      	movs	r0, #3
878022f2:	8922      	ldrh	r2, [r4, #8]
878022f4:	f64f 73ff 	movw	r3, #65535	; 0xffff
878022f8:	f022 0238 	bic.w	r2, r2, #56	; 0x38
878022fc:	0412      	lsls	r2, r2, #16
878022fe:	0c12      	lsrs	r2, r2, #16
87802300:	8122      	strh	r2, [r4, #8]
87802302:	e002      	b.n	8780230a <i2c_master_transfer+0x12e>
87802304:	2b00      	cmp	r3, #0
87802306:	f43f af7b 	beq.w	87802200 <i2c_master_transfer+0x24>
8780230a:	89a2      	ldrh	r2, [r4, #12]
8780230c:	3b01      	subs	r3, #1
8780230e:	b29b      	uxth	r3, r3
87802310:	0692      	lsls	r2, r2, #26
87802312:	d4f7      	bmi.n	87802304 <i2c_master_transfer+0x128>
87802314:	bd38      	pop	{r3, r4, r5, pc}
87802316:	6929      	ldr	r1, [r5, #16]
87802318:	4620      	mov	r0, r4
8780231a:	696a      	ldr	r2, [r5, #20]
8780231c:	f7ff febe 	bl	8780209c <i2c_master_write>
87802320:	686b      	ldr	r3, [r5, #4]
87802322:	e7d2      	b.n	878022ca <i2c_master_transfer+0xee>
87802324:	89a3      	ldrh	r3, [r4, #12]
87802326:	f023 0302 	bic.w	r3, r3, #2
8780232a:	041b      	lsls	r3, r3, #16
8780232c:	0c1b      	lsrs	r3, r3, #16
8780232e:	81a3      	strh	r3, [r4, #12]
87802330:	89a3      	ldrh	r3, [r4, #12]
87802332:	069b      	lsls	r3, r3, #26
87802334:	d502      	bpl.n	8780233c <i2c_master_transfer+0x160>
87802336:	8923      	ldrh	r3, [r4, #8]
87802338:	0698      	lsls	r0, r3, #26
8780233a:	d509      	bpl.n	87802350 <i2c_master_transfer+0x174>
8780233c:	8922      	ldrh	r2, [r4, #8]
8780233e:	782b      	ldrb	r3, [r5, #0]
87802340:	b292      	uxth	r2, r2
87802342:	005b      	lsls	r3, r3, #1
87802344:	f042 0214 	orr.w	r2, r2, #20
87802348:	f043 0301 	orr.w	r3, r3, #1
8780234c:	8122      	strh	r2, [r4, #8]
8780234e:	8223      	strh	r3, [r4, #16]
87802350:	89a3      	ldrh	r3, [r4, #12]
87802352:	0799      	lsls	r1, r3, #30
87802354:	d5fc      	bpl.n	87802350 <i2c_master_transfer+0x174>
87802356:	89a3      	ldrh	r3, [r4, #12]
87802358:	b29b      	uxth	r3, r3
8780235a:	06da      	lsls	r2, r3, #27
8780235c:	d4ad      	bmi.n	878022ba <i2c_master_transfer+0xde>
8780235e:	07db      	lsls	r3, r3, #31
87802360:	d5b5      	bpl.n	878022ce <i2c_master_transfer+0xf2>
87802362:	8922      	ldrh	r2, [r4, #8]
87802364:	f64f 73ff 	movw	r3, #65535	; 0xffff
87802368:	f022 0238 	bic.w	r2, r2, #56	; 0x38
8780236c:	0412      	lsls	r2, r2, #16
8780236e:	0c12      	lsrs	r2, r2, #16
87802370:	8122      	strh	r2, [r4, #8]
87802372:	e000      	b.n	87802376 <i2c_master_transfer+0x19a>
87802374:	b123      	cbz	r3, 87802380 <i2c_master_transfer+0x1a4>
87802376:	89a2      	ldrh	r2, [r4, #12]
87802378:	3b01      	subs	r3, #1
8780237a:	b29b      	uxth	r3, r3
8780237c:	0695      	lsls	r5, r2, #26
8780237e:	d4f9      	bmi.n	87802374 <i2c_master_transfer+0x198>
87802380:	2006      	movs	r0, #6
87802382:	bd38      	pop	{r3, r4, r5, pc}

87802384 <ap3216c_readonebyte>:
87802384:	b510      	push	{r4, lr}
87802386:	b088      	sub	sp, #32
87802388:	f88d 0008 	strb.w	r0, [sp, #8]
8780238c:	2000      	movs	r0, #0
8780238e:	2301      	movs	r3, #1
87802390:	2200      	movs	r2, #0
87802392:	9104      	str	r1, [sp, #16]
87802394:	f10d 0407 	add.w	r4, sp, #7
87802398:	a902      	add	r1, sp, #8
8780239a:	f2c0 201a 	movt	r0, #538	; 0x21a
8780239e:	9406      	str	r4, [sp, #24]
878023a0:	f88d 2007 	strb.w	r2, [sp, #7]
878023a4:	9303      	str	r3, [sp, #12]
878023a6:	f88d 3014 	strb.w	r3, [sp, #20]
878023aa:	9307      	str	r3, [sp, #28]
878023ac:	f7ff ff16 	bl	878021dc <i2c_master_transfer>
878023b0:	f89d 0007 	ldrb.w	r0, [sp, #7]
878023b4:	b008      	add	sp, #32
878023b6:	bd10      	pop	{r4, pc}

878023b8 <ap3216c_writeonebyte>:
878023b8:	b530      	push	{r4, r5, lr}
878023ba:	b089      	sub	sp, #36	; 0x24
878023bc:	f88d 0008 	strb.w	r0, [sp, #8]
878023c0:	2000      	movs	r0, #0
878023c2:	2301      	movs	r3, #1
878023c4:	2400      	movs	r4, #0
878023c6:	9104      	str	r1, [sp, #16]
878023c8:	f10d 0507 	add.w	r5, sp, #7
878023cc:	a902      	add	r1, sp, #8
878023ce:	f2c0 201a 	movt	r0, #538	; 0x21a
878023d2:	9506      	str	r5, [sp, #24]
878023d4:	f88d 2007 	strb.w	r2, [sp, #7]
878023d8:	9403      	str	r4, [sp, #12]
878023da:	f88d 3014 	strb.w	r3, [sp, #20]
878023de:	9307      	str	r3, [sp, #28]
878023e0:	f7ff fefc 	bl	878021dc <i2c_master_transfer>
878023e4:	1b00      	subs	r0, r0, r4
878023e6:	bf18      	it	ne
878023e8:	2001      	movne	r0, #1
878023ea:	b009      	add	sp, #36	; 0x24
878023ec:	bd30      	pop	{r4, r5, pc}
878023ee:	bf00      	nop

878023f0 <ap3216c_init>:
878023f0:	b570      	push	{r4, r5, r6, lr}
878023f2:	23b4      	movs	r3, #180	; 0xb4
878023f4:	f240 56a4 	movw	r6, #1444	; 0x5a4
878023f8:	20b8      	movs	r0, #184	; 0xb8
878023fa:	2401      	movs	r4, #1
878023fc:	2512      	movs	r5, #18
878023fe:	f2c0 230e 	movt	r3, #526	; 0x20e
87802402:	f2c0 260e 	movt	r6, #526	; 0x20e
87802406:	f2c0 200e 	movt	r0, #526	; 0x20e
8780240a:	f44f 62b5 	mov.w	r2, #1448	; 0x5a8
8780240e:	601d      	str	r5, [r3, #0]
87802410:	f2c0 220e 	movt	r2, #526	; 0x20e
87802414:	6034      	str	r4, [r6, #0]
87802416:	f44f 7150 	mov.w	r1, #832	; 0x340
8780241a:	6005      	str	r5, [r0, #0]
8780241c:	f44f 7351 	mov.w	r3, #836	; 0x344
87802420:	2002      	movs	r0, #2
87802422:	2500      	movs	r5, #0
87802424:	f2c0 230e 	movt	r3, #526	; 0x20e
87802428:	6010      	str	r0, [r2, #0]
8780242a:	f2c0 210e 	movt	r1, #526	; 0x20e
8780242e:	f247 02b0 	movw	r2, #28848	; 0x70b0
87802432:	f2c0 251a 	movt	r5, #538	; 0x21a
87802436:	b088      	sub	sp, #32
87802438:	600a      	str	r2, [r1, #0]
8780243a:	4628      	mov	r0, r5
8780243c:	601a      	str	r2, [r3, #0]
8780243e:	f7ff fdcd 	bl	87801fdc <i2c_init>
87802442:	2204      	movs	r2, #4
87802444:	2100      	movs	r1, #0
87802446:	201e      	movs	r0, #30
87802448:	f7ff ffb6 	bl	878023b8 <ap3216c_writeonebyte>
8780244c:	2032      	movs	r0, #50	; 0x32
8780244e:	f7fe f8eb 	bl	87800628 <delay_ms>
87802452:	2203      	movs	r2, #3
87802454:	2100      	movs	r1, #0
87802456:	201e      	movs	r0, #30
87802458:	f7ff ffae 	bl	878023b8 <ap3216c_writeonebyte>
8780245c:	2300      	movs	r3, #0
8780245e:	221e      	movs	r2, #30
87802460:	a902      	add	r1, sp, #8
87802462:	4628      	mov	r0, r5
87802464:	f10d 0507 	add.w	r5, sp, #7
87802468:	9403      	str	r4, [sp, #12]
8780246a:	f88d 4014 	strb.w	r4, [sp, #20]
8780246e:	9506      	str	r5, [sp, #24]
87802470:	f88d 3007 	strb.w	r3, [sp, #7]
87802474:	9407      	str	r4, [sp, #28]
87802476:	9304      	str	r3, [sp, #16]
87802478:	f88d 2008 	strb.w	r2, [sp, #8]
8780247c:	f7ff feae 	bl	878021dc <i2c_master_transfer>
87802480:	f89d 4007 	ldrb.w	r4, [sp, #7]
87802484:	f249 10d0 	movw	r0, #37328	; 0x91d0
87802488:	f2c8 7080 	movt	r0, #34688	; 0x8780
8780248c:	4621      	mov	r1, r4
8780248e:	f000 fab3 	bl	878029f8 <printf>
87802492:	1ee0      	subs	r0, r4, #3
87802494:	bf18      	it	ne
87802496:	2001      	movne	r0, #1
87802498:	b008      	add	sp, #32
8780249a:	bd70      	pop	{r4, r5, r6, pc}

8780249c <ap3216c_readdata>:
8780249c:	e92d 4ff0 	stmdb	sp!, {r4, r5, r6, r7, r8, r9, sl, fp, lr}
878024a0:	2500      	movs	r5, #0
878024a2:	b08d      	sub	sp, #52	; 0x34
878024a4:	4683      	mov	fp, r0
878024a6:	4689      	mov	r9, r1
878024a8:	f2c0 251a 	movt	r5, #538	; 0x21a
878024ac:	f10d 0a10 	add.w	sl, sp, #16
878024b0:	240a      	movs	r4, #10
878024b2:	f10d 080f 	add.w	r8, sp, #15
878024b6:	2600      	movs	r6, #0
878024b8:	271e      	movs	r7, #30
878024ba:	9201      	str	r2, [sp, #4]
878024bc:	2301      	movs	r3, #1
878024be:	a906      	add	r1, sp, #24
878024c0:	4628      	mov	r0, r5
878024c2:	f8cd 8028 	str.w	r8, [sp, #40]	; 0x28
878024c6:	9408      	str	r4, [sp, #32]
878024c8:	441c      	add	r4, r3
878024ca:	9307      	str	r3, [sp, #28]
878024cc:	f88d 3024 	strb.w	r3, [sp, #36]	; 0x24
878024d0:	930b      	str	r3, [sp, #44]	; 0x2c
878024d2:	f88d 600f 	strb.w	r6, [sp, #15]
878024d6:	f88d 7018 	strb.w	r7, [sp, #24]
878024da:	f7ff fe7f 	bl	878021dc <i2c_master_transfer>
878024de:	f89d 300f 	ldrb.w	r3, [sp, #15]
878024e2:	2c10      	cmp	r4, #16
878024e4:	f80a 3b01 	strb.w	r3, [sl], #1
878024e8:	d1e8      	bne.n	878024bc <ap3216c_readdata+0x20>
878024ea:	f89d 2010 	ldrb.w	r2, [sp, #16]
878024ee:	f89d 3014 	ldrb.w	r3, [sp, #20]
878024f2:	0611      	lsls	r1, r2, #24
878024f4:	bf44      	itt	mi
878024f6:	f8ab 6000 	strhmi.w	r6, [fp]
878024fa:	f8a9 6000 	strhmi.w	r6, [r9]
878024fe:	d411      	bmi.n	87802524 <ap3216c_readdata+0x88>
87802500:	f89d 0015 	ldrb.w	r0, [sp, #21]
87802504:	f002 0203 	and.w	r2, r2, #3
87802508:	f89d 4011 	ldrb.w	r4, [sp, #17]
8780250c:	f003 010f 	and.w	r1, r3, #15
87802510:	0100      	lsls	r0, r0, #4
87802512:	ea42 0284 	orr.w	r2, r2, r4, lsl #2
87802516:	f400 707c 	and.w	r0, r0, #1008	; 0x3f0
8780251a:	4301      	orrs	r1, r0
8780251c:	f8ab 2000 	strh.w	r2, [fp]
87802520:	f8a9 1000 	strh.w	r1, [r9]
87802524:	f89d 1013 	ldrb.w	r1, [sp, #19]
87802528:	f89d 2012 	ldrb.w	r2, [sp, #18]
8780252c:	ea42 2201 	orr.w	r2, r2, r1, lsl #8
87802530:	9901      	ldr	r1, [sp, #4]
87802532:	800a      	strh	r2, [r1, #0]
87802534:	065a      	lsls	r2, r3, #25
87802536:	bf5b      	ittet	pl
87802538:	f89d 2015 	ldrbpl.w	r2, [sp, #21]
8780253c:	f003 030f 	andpl.w	r3, r3, #15
87802540:	2300      	movmi	r3, #0
87802542:	0112      	lslpl	r2, r2, #4
87802544:	bf5c      	itt	pl
87802546:	f402 727c 	andpl.w	r2, r2, #1008	; 0x3f0
8780254a:	4313      	orrpl	r3, r2
8780254c:	f8a9 3000 	strh.w	r3, [r9]
87802550:	b00d      	add	sp, #52	; 0x34
87802552:	e8bd 8ff0 	ldmia.w	sp!, {r4, r5, r6, r7, r8, r9, sl, fp, pc}
87802556:	bf00      	nop

87802558 <spi_init>:
87802558:	2200      	movs	r2, #0
8780255a:	f44f 5100 	mov.w	r1, #8192	; 0x2000
8780255e:	6082      	str	r2, [r0, #8]
87802560:	6883      	ldr	r3, [r0, #8]
87802562:	f443 03e0 	orr.w	r3, r3, #7340032	; 0x700000
87802566:	f043 0319 	orr.w	r3, r3, #25
8780256a:	6083      	str	r3, [r0, #8]
8780256c:	60c2      	str	r2, [r0, #12]
8780256e:	61c1      	str	r1, [r0, #28]
87802570:	6883      	ldr	r3, [r0, #8]
87802572:	f423 437f 	bic.w	r3, r3, #65280	; 0xff00
87802576:	6083      	str	r3, [r0, #8]
87802578:	6883      	ldr	r3, [r0, #8]
8780257a:	f443 4310 	orr.w	r3, r3, #36864	; 0x9000
8780257e:	6083      	str	r3, [r0, #8]
87802580:	4770      	bx	lr
87802582:	bf00      	nop

87802584 <spich0_readwrite_byte>:
87802584:	6883      	ldr	r3, [r0, #8]
87802586:	f423 2340 	bic.w	r3, r3, #786432	; 0xc0000
8780258a:	6083      	str	r3, [r0, #8]
8780258c:	6883      	ldr	r3, [r0, #8]
8780258e:	6083      	str	r3, [r0, #8]
87802590:	6983      	ldr	r3, [r0, #24]
87802592:	07da      	lsls	r2, r3, #31
87802594:	d5fc      	bpl.n	87802590 <spich0_readwrite_byte+0xc>
87802596:	6041      	str	r1, [r0, #4]
87802598:	6983      	ldr	r3, [r0, #24]
8780259a:	071b      	lsls	r3, r3, #28
8780259c:	d5fc      	bpl.n	87802598 <spich0_readwrite_byte+0x14>
8780259e:	6800      	ldr	r0, [r0, #0]
878025a0:	b2c0      	uxtb	r0, r0
878025a2:	4770      	bx	lr
878025a4:	0000      	movs	r0, r0
	...

878025a8 <icm20608_write_reg>:
878025a8:	b5f8      	push	{r3, r4, r5, r6, r7, lr}
878025aa:	f44f 4440 	mov.w	r4, #49152	; 0xc000
878025ae:	f2c0 2409 	movt	r4, #521	; 0x209
878025b2:	2500      	movs	r5, #0
878025b4:	462a      	mov	r2, r5
878025b6:	4607      	mov	r7, r0
878025b8:	460e      	mov	r6, r1
878025ba:	4620      	mov	r0, r4
878025bc:	f2c0 2501 	movt	r5, #513	; 0x201
878025c0:	2114      	movs	r1, #20
878025c2:	f7fe f8f7 	bl	878007b4 <gpio_pinwrite>
878025c6:	f007 017f 	and.w	r1, r7, #127	; 0x7f
878025ca:	4628      	mov	r0, r5
878025cc:	f7ff ffda 	bl	87802584 <spich0_readwrite_byte>
878025d0:	4631      	mov	r1, r6
878025d2:	4628      	mov	r0, r5
878025d4:	f7ff ffd6 	bl	87802584 <spich0_readwrite_byte>
878025d8:	4620      	mov	r0, r4
878025da:	2201      	movs	r2, #1
878025dc:	2114      	movs	r1, #20
878025de:	e8bd 40f8 	ldmia.w	sp!, {r3, r4, r5, r6, r7, lr}
878025e2:	f7fe b8e7 	b.w	878007b4 <gpio_pinwrite>
878025e6:	bf00      	nop

878025e8 <icm20608_read_reg>:
878025e8:	b570      	push	{r4, r5, r6, lr}
878025ea:	f44f 4440 	mov.w	r4, #49152	; 0xc000
878025ee:	f2c0 2409 	movt	r4, #521	; 0x209
878025f2:	2500      	movs	r5, #0
878025f4:	462a      	mov	r2, r5
878025f6:	4606      	mov	r6, r0
878025f8:	f2c0 2501 	movt	r5, #513	; 0x201
878025fc:	4620      	mov	r0, r4
878025fe:	2114      	movs	r1, #20
87802600:	f7fe f8d8 	bl	878007b4 <gpio_pinwrite>
87802604:	f046 0180 	orr.w	r1, r6, #128	; 0x80
87802608:	4628      	mov	r0, r5
8780260a:	f7ff ffbb 	bl	87802584 <spich0_readwrite_byte>
8780260e:	4628      	mov	r0, r5
87802610:	21ff      	movs	r1, #255	; 0xff
87802612:	f7ff ffb7 	bl	87802584 <spich0_readwrite_byte>
87802616:	2201      	movs	r2, #1
87802618:	4605      	mov	r5, r0
8780261a:	2114      	movs	r1, #20
8780261c:	4620      	mov	r0, r4
8780261e:	f7fe f8c9 	bl	878007b4 <gpio_pinwrite>
87802622:	4628      	mov	r0, r5
87802624:	bd70      	pop	{r4, r5, r6, pc}
87802626:	bf00      	nop

87802628 <icm20608_init>:
87802628:	2298      	movs	r2, #152	; 0x98
8780262a:	b570      	push	{r4, r5, r6, lr}
8780262c:	2308      	movs	r3, #8
8780262e:	f2c0 220e 	movt	r2, #526	; 0x20e
87802632:	f240 5654 	movw	r6, #1364	; 0x554
87802636:	249c      	movs	r4, #156	; 0x9c
87802638:	f240 505c 	movw	r0, #1372	; 0x55c
8780263c:	6013      	str	r3, [r2, #0]
8780263e:	2500      	movs	r5, #0
87802640:	f2c0 260e 	movt	r6, #526	; 0x20e
87802644:	f2c0 240e 	movt	r4, #526	; 0x20e
87802648:	f2c0 200e 	movt	r0, #526	; 0x20e
8780264c:	21a0      	movs	r1, #160	; 0xa0
8780264e:	f44f 62ab 	mov.w	r2, #1368	; 0x558
87802652:	6035      	str	r5, [r6, #0]
87802654:	f2c0 210e 	movt	r1, #526	; 0x20e
87802658:	6023      	str	r3, [r4, #0]
8780265a:	f2c0 220e 	movt	r2, #526	; 0x20e
8780265e:	6005      	str	r5, [r0, #0]
87802660:	f44f 7649 	mov.w	r6, #804	; 0x324
87802664:	f44f 744a 	mov.w	r4, #808	; 0x328
87802668:	f44f 704b 	mov.w	r0, #812	; 0x32c
8780266c:	600b      	str	r3, [r1, #0]
8780266e:	f2c0 260e 	movt	r6, #526	; 0x20e
87802672:	6015      	str	r5, [r2, #0]
87802674:	f241 03b1 	movw	r3, #4273	; 0x10b1
87802678:	f2c0 240e 	movt	r4, #526	; 0x20e
8780267c:	f2c0 200e 	movt	r0, #526	; 0x20e
87802680:	2194      	movs	r1, #148	; 0x94
87802682:	f44f 7248 	mov.w	r2, #800	; 0x320
87802686:	b084      	sub	sp, #16
87802688:	6033      	str	r3, [r6, #0]
8780268a:	f2c0 210e 	movt	r1, #526	; 0x20e
8780268e:	6023      	str	r3, [r4, #0]
87802690:	f2c0 220e 	movt	r2, #526	; 0x20e
87802694:	6003      	str	r3, [r0, #0]
87802696:	2405      	movs	r4, #5
87802698:	f241 03b0 	movw	r3, #4272	; 0x10b0
8780269c:	f44f 4040 	mov.w	r0, #49152	; 0xc000
878026a0:	600c      	str	r4, [r1, #0]
878026a2:	2601      	movs	r6, #1
878026a4:	6013      	str	r3, [r2, #0]
878026a6:	2114      	movs	r1, #20
878026a8:	aa01      	add	r2, sp, #4
878026aa:	f2c0 2009 	movt	r0, #521	; 0x209
878026ae:	f88d 5008 	strb.w	r5, [sp, #8]
878026b2:	9601      	str	r6, [sp, #4]
878026b4:	f7fe f8d0 	bl	87800858 <gpio_init>
878026b8:	4628      	mov	r0, r5
878026ba:	f2c0 2001 	movt	r0, #513	; 0x201
878026be:	f7ff ff4b 	bl	87802558 <spi_init>
878026c2:	2180      	movs	r1, #128	; 0x80
878026c4:	206b      	movs	r0, #107	; 0x6b
878026c6:	f7ff ff6f 	bl	878025a8 <icm20608_write_reg>
878026ca:	2032      	movs	r0, #50	; 0x32
878026cc:	f7fd ffac 	bl	87800628 <delay_ms>
878026d0:	4631      	mov	r1, r6
878026d2:	206b      	movs	r0, #107	; 0x6b
878026d4:	f7ff ff68 	bl	878025a8 <icm20608_write_reg>
878026d8:	2032      	movs	r0, #50	; 0x32
878026da:	f7fd ffa5 	bl	87800628 <delay_ms>
878026de:	2075      	movs	r0, #117	; 0x75
878026e0:	f7ff ff82 	bl	878025e8 <icm20608_read_reg>
878026e4:	4604      	mov	r4, r0
878026e6:	4601      	mov	r1, r0
878026e8:	3452      	adds	r4, #82	; 0x52
878026ea:	f249 10f4 	movw	r0, #37364	; 0x91f4
878026ee:	b2e4      	uxtb	r4, r4
878026f0:	f2c8 7080 	movt	r0, #34688	; 0x8780
878026f4:	f000 f980 	bl	878029f8 <printf>
878026f8:	42b4      	cmp	r4, r6
878026fa:	bf88      	it	hi
878026fc:	4630      	movhi	r0, r6
878026fe:	d901      	bls.n	87802704 <icm20608_init+0xdc>
87802700:	b004      	add	sp, #16
87802702:	bd70      	pop	{r4, r5, r6, pc}
87802704:	4629      	mov	r1, r5
87802706:	2019      	movs	r0, #25
87802708:	f7ff ff4e 	bl	878025a8 <icm20608_write_reg>
8780270c:	2118      	movs	r1, #24
8780270e:	201b      	movs	r0, #27
87802710:	f7ff ff4a 	bl	878025a8 <icm20608_write_reg>
87802714:	2118      	movs	r1, #24
87802716:	201c      	movs	r0, #28
87802718:	f7ff ff46 	bl	878025a8 <icm20608_write_reg>
8780271c:	2104      	movs	r1, #4
8780271e:	201a      	movs	r0, #26
87802720:	f7ff ff42 	bl	878025a8 <icm20608_write_reg>
87802724:	2104      	movs	r1, #4
87802726:	201d      	movs	r0, #29
87802728:	f7ff ff3e 	bl	878025a8 <icm20608_write_reg>
8780272c:	4629      	mov	r1, r5
8780272e:	206c      	movs	r0, #108	; 0x6c
87802730:	f7ff ff3a 	bl	878025a8 <icm20608_write_reg>
87802734:	4629      	mov	r1, r5
87802736:	201e      	movs	r0, #30
87802738:	f7ff ff36 	bl	878025a8 <icm20608_write_reg>
8780273c:	4629      	mov	r1, r5
8780273e:	2023      	movs	r0, #35	; 0x23
87802740:	f7ff ff32 	bl	878025a8 <icm20608_write_reg>
87802744:	201b      	movs	r0, #27
87802746:	f7ff ff4f 	bl	878025e8 <icm20608_read_reg>
8780274a:	4601      	mov	r1, r0
8780274c:	f249 2008 	movw	r0, #37384	; 0x9208
87802750:	f2c8 7080 	movt	r0, #34688	; 0x8780
87802754:	f000 f950 	bl	878029f8 <printf>
87802758:	4628      	mov	r0, r5
8780275a:	b004      	add	sp, #16
8780275c:	bd70      	pop	{r4, r5, r6, pc}
8780275e:	bf00      	nop

87802760 <icm20608_read_len>:
87802760:	b570      	push	{r4, r5, r6, lr}
87802762:	4606      	mov	r6, r0
87802764:	f44f 4040 	mov.w	r0, #49152	; 0xc000
87802768:	4614      	mov	r4, r2
8780276a:	f2c0 2009 	movt	r0, #521	; 0x209
8780276e:	460d      	mov	r5, r1
87802770:	2200      	movs	r2, #0
87802772:	2114      	movs	r1, #20
87802774:	f7fe f81e 	bl	878007b4 <gpio_pinwrite>
87802778:	2000      	movs	r0, #0
8780277a:	f046 0180 	orr.w	r1, r6, #128	; 0x80
8780277e:	f2c0 2001 	movt	r0, #513	; 0x201
87802782:	f7ff feff 	bl	87802584 <spich0_readwrite_byte>
87802786:	b174      	cbz	r4, 878027a6 <icm20608_read_len+0x46>
87802788:	3c01      	subs	r4, #1
8780278a:	2600      	movs	r6, #0
8780278c:	b2e3      	uxtb	r3, r4
8780278e:	f2c0 2601 	movt	r6, #513	; 0x201
87802792:	1e6c      	subs	r4, r5, #1
87802794:	441d      	add	r5, r3
87802796:	21ff      	movs	r1, #255	; 0xff
87802798:	4630      	mov	r0, r6
8780279a:	f7ff fef3 	bl	87802584 <spich0_readwrite_byte>
8780279e:	f804 0f01 	strb.w	r0, [r4, #1]!
878027a2:	42ac      	cmp	r4, r5
878027a4:	d1f7      	bne.n	87802796 <icm20608_read_len+0x36>
878027a6:	f44f 4040 	mov.w	r0, #49152	; 0xc000
878027aa:	2201      	movs	r2, #1
878027ac:	f2c0 2009 	movt	r0, #521	; 0x209
878027b0:	2114      	movs	r1, #20
878027b2:	e8bd 4070 	ldmia.w	sp!, {r4, r5, r6, lr}
878027b6:	f7fd bffd 	b.w	878007b4 <gpio_pinwrite>
878027ba:	bf00      	nop

878027bc <icm20608_gyro_scaleget>:
878027bc:	b508      	push	{r3, lr}
878027be:	201b      	movs	r0, #27
878027c0:	f7ff ff12 	bl	878025e8 <icm20608_read_reg>
878027c4:	f3c0 00c1 	ubfx	r0, r0, #3, #2
878027c8:	2802      	cmp	r0, #2
878027ca:	d00a      	beq.n	878027e2 <icm20608_gyro_scaleget+0x26>
878027cc:	2803      	cmp	r0, #3
878027ce:	d00b      	beq.n	878027e8 <icm20608_gyro_scaleget+0x2c>
878027d0:	eddf 7a07 	vldr	s15, [pc, #28]	; 878027f0 <icm20608_gyro_scaleget+0x34>
878027d4:	2801      	cmp	r0, #1
878027d6:	ed9f 0a07 	vldr	s0, [pc, #28]	; 878027f4 <icm20608_gyro_scaleget+0x38>
878027da:	bf18      	it	ne
878027dc:	eeb0 0a67 	vmovne.f32	s0, s15
878027e0:	bd08      	pop	{r3, pc}
878027e2:	ed9f 0a05 	vldr	s0, [pc, #20]	; 878027f8 <icm20608_gyro_scaleget+0x3c>
878027e6:	bd08      	pop	{r3, pc}
878027e8:	ed9f 0a04 	vldr	s0, [pc, #16]	; 878027fc <icm20608_gyro_scaleget+0x40>
878027ec:	bd08      	pop	{r3, pc}
878027ee:	bf00      	nop
878027f0:	43030000 	movwmi	r0, #12288	; 0x3000
878027f4:	42830000 	addmi	r0, r3, #0
878027f8:	42033333 	andmi	r3, r3, #-872415232	; 0xcc000000
878027fc:	41833333 	orrmi	r3, r3, r3, lsr r3

87802800 <icm20608_accel_scaleget>:
87802800:	b508      	push	{r3, lr}
87802802:	201c      	movs	r0, #28
87802804:	f7ff fef0 	bl	878025e8 <icm20608_read_reg>
87802808:	f3c0 00c1 	ubfx	r0, r0, #3, #2
8780280c:	2802      	cmp	r0, #2
8780280e:	bf08      	it	eq
87802810:	f44f 5080 	moveq.w	r0, #4096	; 0x1000
87802814:	d00a      	beq.n	8780282c <icm20608_accel_scaleget+0x2c>
87802816:	2803      	cmp	r0, #3
87802818:	bf08      	it	eq
8780281a:	f44f 6000 	moveq.w	r0, #2048	; 0x800
8780281e:	d005      	beq.n	8780282c <icm20608_accel_scaleget+0x2c>
87802820:	2801      	cmp	r0, #1
87802822:	bf0c      	ite	eq
87802824:	f44f 5000 	moveq.w	r0, #8192	; 0x2000
87802828:	f44f 4080 	movne.w	r0, #16384	; 0x4000
8780282c:	bd08      	pop	{r3, pc}
8780282e:	bf00      	nop

87802830 <icm20608_getdata>:
87802830:	b5f0      	push	{r4, r5, r6, r7, lr}
87802832:	220e      	movs	r2, #14
87802834:	ed2d 8b02 	vpush	{d8}
87802838:	b085      	sub	sp, #20
8780283a:	4669      	mov	r1, sp
8780283c:	203b      	movs	r0, #59	; 0x3b
8780283e:	f7ff ff8f 	bl	87802760 <icm20608_read_len>
87802842:	f7ff ffbb 	bl	878027bc <icm20608_gyro_scaleget>
87802846:	eeb0 8a40 	vmov.f32	s16, s0
8780284a:	f7ff ffd9 	bl	87802800 <icm20608_accel_scaleget>
8780284e:	f89d 1006 	ldrb.w	r1, [sp, #6]
87802852:	f24a 0350 	movw	r3, #41040	; 0xa050
87802856:	f89d 2007 	ldrb.w	r2, [sp, #7]
8780285a:	f2c8 7380 	movt	r3, #34688	; 0x8780
8780285e:	ee07 0a90 	vmov	s15, r0
87802862:	eeb8 4ae7 	vcvt.f32.s32	s8, s15
87802866:	f89d 4008 	ldrb.w	r4, [sp, #8]
8780286a:	ea42 2201 	orr.w	r2, r2, r1, lsl #8
8780286e:	f89d 6009 	ldrb.w	r6, [sp, #9]
87802872:	eef3 6a09 	vmov.f32	s13, #57	; 0x41c80000  25.0
87802876:	b212      	sxth	r2, r2
87802878:	f89d 100a 	ldrb.w	r1, [sp, #10]
8780287c:	f89d 500b 	ldrb.w	r5, [sp, #11]
87802880:	f89d 000c 	ldrb.w	r0, [sp, #12]
87802884:	ea46 2604 	orr.w	r6, r6, r4, lsl #8
87802888:	ee07 2a90 	vmov	s15, r2
8780288c:	eeb8 7ae7 	vcvt.f32.s32	s14, s15
87802890:	b236      	sxth	r6, r6
87802892:	f89d 400d 	ldrb.w	r4, [sp, #13]
87802896:	ea45 2501 	orr.w	r5, r5, r1, lsl #8
8780289a:	eddf 4b41 	vldr	d20, [pc, #260]	; 878029a0 <icm20608_getdata+0x170>
8780289e:	f89d 1000 	ldrb.w	r1, [sp]
878028a2:	b22d      	sxth	r5, r5
878028a4:	ee37 7a66 	vsub.f32	s14, s14, s13
878028a8:	ea44 2400 	orr.w	r4, r4, r0, lsl #8
878028ac:	f89d 0001 	ldrb.w	r0, [sp, #1]
878028b0:	ee06 6a90 	vmov	s13, r6
878028b4:	b224      	sxth	r4, r4
878028b6:	619a      	str	r2, [r3, #24]
878028b8:	eef7 1ac7 	vcvt.f64.f32	d17, s14
878028bc:	f89d c002 	ldrb.w	ip, [sp, #2]
878028c0:	ea40 2001 	orr.w	r0, r0, r1, lsl #8
878028c4:	f89d 2003 	ldrb.w	r2, [sp, #3]
878028c8:	ee07 5a10 	vmov	s14, r5
878028cc:	b200      	sxth	r0, r0
878028ce:	eec1 0ba4 	vdiv.f64	d16, d17, d20
878028d2:	f89d 7004 	ldrb.w	r7, [sp, #4]
878028d6:	f89d 1005 	ldrb.w	r1, [sp, #5]
878028da:	ea42 220c 	orr.w	r2, r2, ip, lsl #8
878028de:	eeb8 6ae6 	vcvt.f32.s32	s12, s13
878028e2:	eef8 6ac7 	vcvt.f32.s32	s13, s14
878028e6:	b212      	sxth	r2, r2
878028e8:	ee07 4a10 	vmov	s14, r4
878028ec:	ea41 2107 	orr.w	r1, r1, r7, lsl #8
878028f0:	eef3 3b09 	vmov.f64	d19, #57	; 0x41c80000  25.0
878028f4:	eeb8 7ac7 	vcvt.f32.s32	s14, s14
878028f8:	b209      	sxth	r1, r1
878028fa:	ee86 5a88 	vdiv.f32	s10, s13, s16
878028fe:	ee06 0a90 	vmov	s13, r0
87802902:	eec6 4a08 	vdiv.f32	s9, s12, s16
87802906:	eec7 5a08 	vdiv.f32	s11, s14, s16
8780290a:	ee07 2a10 	vmov	s14, r2
8780290e:	ee06 1a10 	vmov	s12, r1
87802912:	eef8 6ae6 	vcvt.f32.s32	s13, s13
87802916:	eeb8 7ac7 	vcvt.f32.s32	s14, s14
8780291a:	eef8 3ac6 	vcvt.f32.s32	s7, s12
8780291e:	eddf 2b22 	vldr	d18, [pc, #136]	; 878029a8 <icm20608_getdata+0x178>
87802922:	ee86 6a84 	vdiv.f32	s12, s13, s8
87802926:	eec7 6a04 	vdiv.f32	s13, s14, s8
8780292a:	ee83 7a84 	vdiv.f32	s14, s7, s8
8780292e:	eddf 7a20 	vldr	s15, [pc, #128]	; 878029b0 <icm20608_getdata+0x180>
87802932:	601e      	str	r6, [r3, #0]
87802934:	e9c3 5401 	strd	r5, r4, [r3, #4]
87802938:	60d8      	str	r0, [r3, #12]
8780293a:	ee70 0ba3 	vadd.f64	d16, d16, d19
8780293e:	ee64 4aa7 	vmul.f32	s9, s9, s15
87802942:	ee25 5a27 	vmul.f32	s10, s10, s15
87802946:	ee65 5aa7 	vmul.f32	s11, s11, s15
8780294a:	ee60 0ba2 	vmul.f64	d16, d16, d18
8780294e:	eefd 4ae4 	vcvt.s32.f32	s9, s9
87802952:	eebd 5ac5 	vcvt.s32.f32	s10, s10
87802956:	eefd 5ae5 	vcvt.s32.f32	s11, s11
8780295a:	ee26 6a27 	vmul.f32	s12, s12, s15
8780295e:	ee66 6aa7 	vmul.f32	s13, s13, s15
87802962:	ee67 7a27 	vmul.f32	s15, s14, s15
87802966:	eebd 7be0 	vcvt.s32.f64	s14, d16
8780296a:	eebd 6ac6 	vcvt.s32.f32	s12, s12
8780296e:	eefd 6ae6 	vcvt.s32.f32	s13, s13
87802972:	eefd 7ae7 	vcvt.s32.f32	s15, s15
87802976:	611a      	str	r2, [r3, #16]
87802978:	edc3 4a07 	vstr	s9, [r3, #28]
8780297c:	ed83 5a08 	vstr	s10, [r3, #32]
87802980:	edc3 5a09 	vstr	s11, [r3, #36]	; 0x24
87802984:	ed83 6a0a 	vstr	s12, [r3, #40]	; 0x28
87802988:	edc3 6a0b 	vstr	s13, [r3, #44]	; 0x2c
8780298c:	6159      	str	r1, [r3, #20]
8780298e:	edc3 7a0c 	vstr	s15, [r3, #48]	; 0x30
87802992:	ed83 7a0d 	vstr	s14, [r3, #52]	; 0x34
87802996:	b005      	add	sp, #20
87802998:	ecbd 8b02 	vpop	{d8}
8780299c:	bdf0      	pop	{r4, r5, r6, r7, pc}
8780299e:	bf00      	nop
878029a0:	cccccccd 	stclgt	12, cr12, [ip], {205}	; 0xcd
878029a4:	40746ccc 	rsbsmi	r6, r4, ip, asr #25
878029a8:	00000000 	andeq	r0, r0, r0
878029ac:	40590000 	subsmi	r0, r9, r0
878029b0:	42c80000 	sbcmi	r0, r8, #0

878029b4 <__muldi3>:
878029b4:	b4f0      	push	{r4, r5, r6, r7}
878029b6:	4604      	mov	r4, r0
878029b8:	ea4f 4610 	mov.w	r6, r0, lsr #16
878029bc:	ea4f 4512 	mov.w	r5, r2, lsr #16
878029c0:	ea20 4706 	bic.w	r7, r0, r6, lsl #16
878029c4:	ea22 4c05 	bic.w	ip, r2, r5, lsl #16
878029c8:	fb07 f00c 	mul.w	r0, r7, ip
878029cc:	fb06 fc0c 	mul.w	ip, r6, ip
878029d0:	fb05 f707 	mul.w	r7, r5, r7
878029d4:	fb06 f505 	mul.w	r5, r6, r5
878029d8:	eb1c 0707 	adds.w	r7, ip, r7
878029dc:	bf28      	it	cs
878029de:	f505 3580 	addcs.w	r5, r5, #65536	; 0x10000
878029e2:	eb10 4007 	adds.w	r0, r0, r7, lsl #16
878029e6:	eb45 4517 	adc.w	r5, r5, r7, lsr #16
878029ea:	fb03 5304 	mla	r3, r3, r4, r5
878029ee:	bcf0      	pop	{r4, r5, r6, r7}
878029f0:	fb02 3101 	mla	r1, r2, r1, r3
878029f4:	4770      	bx	lr
878029f6:	bf00      	nop

878029f8 <printf>:
878029f8:	b40f      	push	{r0, r1, r2, r3}
878029fa:	f649 0050 	movw	r0, #38992	; 0x9850
878029fe:	b5f8      	push	{r3, r4, r5, r6, r7, lr}
87802a00:	f2c8 7080 	movt	r0, #34688	; 0x8780
87802a04:	4605      	mov	r5, r0
87802a06:	aa07      	add	r2, sp, #28
87802a08:	462e      	mov	r6, r5
87802a0a:	2400      	movs	r4, #0
87802a0c:	9906      	ldr	r1, [sp, #24]
87802a0e:	f001 f937 	bl	87803c80 <vsprintf>
87802a12:	4607      	mov	r7, r0
87802a14:	e003      	b.n	87802a1e <printf+0x26>
87802a16:	f815 0b01 	ldrb.w	r0, [r5], #1
87802a1a:	f7fe fa9f 	bl	87800f5c <putc>
87802a1e:	4630      	mov	r0, r6
87802a20:	f000 f94c 	bl	87802cbc <strlen>
87802a24:	42a0      	cmp	r0, r4
87802a26:	f104 0401 	add.w	r4, r4, #1
87802a2a:	d8f4      	bhi.n	87802a16 <printf+0x1e>
87802a2c:	4638      	mov	r0, r7
87802a2e:	e8bd 40f8 	ldmia.w	sp!, {r3, r4, r5, r6, r7, lr}
87802a32:	b004      	add	sp, #16
87802a34:	4770      	bx	lr
87802a36:	bf00      	nop

87802a38 <scanf>:
87802a38:	b40f      	push	{r0, r1, r2, r3}
87802a3a:	b570      	push	{r4, r5, r6, lr}
87802a3c:	2500      	movs	r5, #0
87802a3e:	4e10      	ldr	r6, [pc, #64]	; (87802a80 <scanf+0x48>)
87802a40:	e002      	b.n	87802a48 <scanf+0x10>
87802a42:	3501      	adds	r5, #1
87802a44:	f806 4b01 	strb.w	r4, [r6], #1
87802a48:	f7fe faa2 	bl	87800f90 <getc>
87802a4c:	4604      	mov	r4, r0
87802a4e:	f7fe fa85 	bl	87800f5c <putc>
87802a52:	2c0a      	cmp	r4, #10
87802a54:	bf18      	it	ne
87802a56:	2c0d      	cmpne	r4, #13
87802a58:	d1f3      	bne.n	87802a42 <scanf+0xa>
87802a5a:	f649 0050 	movw	r0, #38992	; 0x9850
87802a5e:	2300      	movs	r3, #0
87802a60:	f2c8 7080 	movt	r0, #34688	; 0x8780
87802a64:	aa05      	add	r2, sp, #20
87802a66:	4405      	add	r5, r0
87802a68:	9904      	ldr	r1, [sp, #16]
87802a6a:	f500 6080 	add.w	r0, r0, #1024	; 0x400
87802a6e:	f885 3400 	strb.w	r3, [r5, #1024]	; 0x400
87802a72:	f001 f917 	bl	87803ca4 <vsscanf>
87802a76:	e8bd 4070 	ldmia.w	sp!, {r4, r5, r6, lr}
87802a7a:	b004      	add	sp, #16
87802a7c:	4770      	bx	lr
87802a7e:	bf00      	nop
87802a80:	87809c50 			; <UNDEFINED> instruction: 0x87809c50

87802a84 <__div64_32>:
87802a84:	e92d 4ff8 	stmdb	sp!, {r3, r4, r5, r6, r7, r8, r9, sl, fp, lr}
87802a88:	4682      	mov	sl, r0
87802a8a:	e9d0 6700 	ldrd	r6, r7, [r0]
87802a8e:	468b      	mov	fp, r1
87802a90:	460c      	mov	r4, r1
87802a92:	2500      	movs	r5, #0
87802a94:	42b9      	cmp	r1, r7
87802a96:	bf84      	itt	hi
87802a98:	f04f 0800 	movhi.w	r8, #0
87802a9c:	f04f 0900 	movhi.w	r9, #0
87802aa0:	d80a      	bhi.n	87802ab8 <__div64_32+0x34>
87802aa2:	4638      	mov	r0, r7
87802aa4:	f001 fb80 	bl	878041a8 <__udivsi3>
87802aa8:	fb00 f30b 	mul.w	r3, r0, fp
87802aac:	2200      	movs	r2, #0
87802aae:	4690      	mov	r8, r2
87802ab0:	4681      	mov	r9, r0
87802ab2:	1ab6      	subs	r6, r6, r2
87802ab4:	eb67 0703 	sbc.w	r7, r7, r3
87802ab8:	42bd      	cmp	r5, r7
87802aba:	f04f 0201 	mov.w	r2, #1
87802abe:	bf08      	it	eq
87802ac0:	42b4      	cmpeq	r4, r6
87802ac2:	bf34      	ite	cc
87802ac4:	2301      	movcc	r3, #1
87802ac6:	2300      	movcs	r3, #0
87802ac8:	f1bb 0f00 	cmp.w	fp, #0
87802acc:	bf08      	it	eq
87802ace:	2300      	moveq	r3, #0
87802ad0:	b363      	cbz	r3, 87802b2c <__div64_32+0xa8>
87802ad2:	2300      	movs	r3, #0
87802ad4:	1924      	adds	r4, r4, r4
87802ad6:	416d      	adcs	r5, r5
87802ad8:	1892      	adds	r2, r2, r2
87802ada:	415b      	adcs	r3, r3
87802adc:	2c01      	cmp	r4, #1
87802ade:	f175 0100 	sbcs.w	r1, r5, #0
87802ae2:	bfac      	ite	ge
87802ae4:	2101      	movge	r1, #1
87802ae6:	2100      	movlt	r1, #0
87802ae8:	42bd      	cmp	r5, r7
87802aea:	f001 0101 	and.w	r1, r1, #1
87802aee:	bf08      	it	eq
87802af0:	42b4      	cmpeq	r4, r6
87802af2:	bf28      	it	cs
87802af4:	2100      	movcs	r1, #0
87802af6:	2900      	cmp	r1, #0
87802af8:	d1ec      	bne.n	87802ad4 <__div64_32+0x50>
87802afa:	42af      	cmp	r7, r5
87802afc:	bf08      	it	eq
87802afe:	42a6      	cmpeq	r6, r4
87802b00:	d306      	bcc.n	87802b10 <__div64_32+0x8c>
87802b02:	1b36      	subs	r6, r6, r4
87802b04:	eb67 0705 	sbc.w	r7, r7, r5
87802b08:	eb18 0802 	adds.w	r8, r8, r2
87802b0c:	eb49 0903 	adc.w	r9, r9, r3
87802b10:	085b      	lsrs	r3, r3, #1
87802b12:	ea4f 0232 	mov.w	r2, r2, rrx
87802b16:	086d      	lsrs	r5, r5, #1
87802b18:	ea4f 0434 	mov.w	r4, r4, rrx
87802b1c:	ea52 0103 	orrs.w	r1, r2, r3
87802b20:	d1eb      	bne.n	87802afa <__div64_32+0x76>
87802b22:	e9ca 8900 	strd	r8, r9, [sl]
87802b26:	4630      	mov	r0, r6
87802b28:	e8bd 8ff8 	ldmia.w	sp!, {r3, r4, r5, r6, r7, r8, r9, sl, fp, pc}
87802b2c:	2300      	movs	r3, #0
87802b2e:	e7e4      	b.n	87802afa <__div64_32+0x76>

87802b30 <strnicmp>:
87802b30:	b332      	cbz	r2, 87802b80 <strnicmp+0x50>
87802b32:	b5f0      	push	{r4, r5, r6, r7, lr}
87802b34:	f249 2548 	movw	r5, #37448	; 0x9248
87802b38:	1e44      	subs	r4, r0, #1
87802b3a:	eb01 0e02 	add.w	lr, r1, r2
87802b3e:	f2c8 7580 	movt	r5, #34688	; 0x8780
87802b42:	e006      	b.n	87802b52 <strnicmp+0x22>
87802b44:	fa5f f08c 	uxtb.w	r0, ip
87802b48:	b9b3      	cbnz	r3, 87802b78 <strnicmp+0x48>
87802b4a:	4282      	cmp	r2, r0
87802b4c:	d11c      	bne.n	87802b88 <strnicmp+0x58>
87802b4e:	4571      	cmp	r1, lr
87802b50:	d014      	beq.n	87802b7c <strnicmp+0x4c>
87802b52:	f814 0f01 	ldrb.w	r0, [r4, #1]!
87802b56:	f811 2b01 	ldrb.w	r2, [r1], #1
87802b5a:	b198      	cbz	r0, 87802b84 <strnicmp+0x54>
87802b5c:	b17a      	cbz	r2, 87802b7e <strnicmp+0x4e>
87802b5e:	4290      	cmp	r0, r2
87802b60:	d0f5      	beq.n	87802b4e <strnicmp+0x1e>
87802b62:	5c2e      	ldrb	r6, [r5, r0]
87802b64:	f102 0720 	add.w	r7, r2, #32
87802b68:	5cab      	ldrb	r3, [r5, r2]
87802b6a:	f100 0c20 	add.w	ip, r0, #32
87802b6e:	07f6      	lsls	r6, r6, #31
87802b70:	f003 0301 	and.w	r3, r3, #1
87802b74:	d4e6      	bmi.n	87802b44 <strnicmp+0x14>
87802b76:	b13b      	cbz	r3, 87802b88 <strnicmp+0x58>
87802b78:	b2fa      	uxtb	r2, r7
87802b7a:	e7e6      	b.n	87802b4a <strnicmp+0x1a>
87802b7c:	2000      	movs	r0, #0
87802b7e:	bdf0      	pop	{r4, r5, r6, r7, pc}
87802b80:	4610      	mov	r0, r2
87802b82:	4770      	bx	lr
87802b84:	4250      	negs	r0, r2
87802b86:	bdf0      	pop	{r4, r5, r6, r7, pc}
87802b88:	1a80      	subs	r0, r0, r2
87802b8a:	bdf0      	pop	{r4, r5, r6, r7, pc}

87802b8c <strcpy>:
87802b8c:	1e42      	subs	r2, r0, #1
87802b8e:	f811 3b01 	ldrb.w	r3, [r1], #1
87802b92:	f802 3f01 	strb.w	r3, [r2, #1]!
87802b96:	2b00      	cmp	r3, #0
87802b98:	d1f9      	bne.n	87802b8e <strcpy+0x2>
87802b9a:	4770      	bx	lr

87802b9c <strncpy>:
87802b9c:	b410      	push	{r4}
87802b9e:	440a      	add	r2, r1
87802ba0:	1e44      	subs	r4, r0, #1
87802ba2:	e004      	b.n	87802bae <strncpy+0x12>
87802ba4:	f811 3b01 	ldrb.w	r3, [r1], #1
87802ba8:	f804 3f01 	strb.w	r3, [r4, #1]!
87802bac:	b10b      	cbz	r3, 87802bb2 <strncpy+0x16>
87802bae:	4291      	cmp	r1, r2
87802bb0:	d1f8      	bne.n	87802ba4 <strncpy+0x8>
87802bb2:	f85d 4b04 	ldr.w	r4, [sp], #4
87802bb6:	4770      	bx	lr

87802bb8 <strcat>:
87802bb8:	7803      	ldrb	r3, [r0, #0]
87802bba:	b163      	cbz	r3, 87802bd6 <strcat+0x1e>
87802bbc:	4603      	mov	r3, r0
87802bbe:	f813 2f01 	ldrb.w	r2, [r3, #1]!
87802bc2:	2a00      	cmp	r2, #0
87802bc4:	d1fb      	bne.n	87802bbe <strcat+0x6>
87802bc6:	3b01      	subs	r3, #1
87802bc8:	f811 2b01 	ldrb.w	r2, [r1], #1
87802bcc:	f803 2f01 	strb.w	r2, [r3, #1]!
87802bd0:	2a00      	cmp	r2, #0
87802bd2:	d1f9      	bne.n	87802bc8 <strcat+0x10>
87802bd4:	4770      	bx	lr
87802bd6:	4603      	mov	r3, r0
87802bd8:	e7f5      	b.n	87802bc6 <strcat+0xe>
87802bda:	bf00      	nop

87802bdc <strncat>:
87802bdc:	b1a2      	cbz	r2, 87802c08 <strncat+0x2c>
87802bde:	7803      	ldrb	r3, [r0, #0]
87802be0:	b430      	push	{r4, r5}
87802be2:	b1b3      	cbz	r3, 87802c12 <strncat+0x36>
87802be4:	4603      	mov	r3, r0
87802be6:	f813 4f01 	ldrb.w	r4, [r3, #1]!
87802bea:	2c00      	cmp	r4, #0
87802bec:	d1fb      	bne.n	87802be6 <strncat+0xa>
87802bee:	441a      	add	r2, r3
87802bf0:	e001      	b.n	87802bf6 <strncat+0x1a>
87802bf2:	4293      	cmp	r3, r2
87802bf4:	d009      	beq.n	87802c0a <strncat+0x2e>
87802bf6:	f811 4b01 	ldrb.w	r4, [r1], #1
87802bfa:	461d      	mov	r5, r3
87802bfc:	f803 4b01 	strb.w	r4, [r3], #1
87802c00:	2c00      	cmp	r4, #0
87802c02:	d1f6      	bne.n	87802bf2 <strncat+0x16>
87802c04:	bc30      	pop	{r4, r5}
87802c06:	4770      	bx	lr
87802c08:	4770      	bx	lr
87802c0a:	2300      	movs	r3, #0
87802c0c:	706b      	strb	r3, [r5, #1]
87802c0e:	bc30      	pop	{r4, r5}
87802c10:	4770      	bx	lr
87802c12:	4603      	mov	r3, r0
87802c14:	e7eb      	b.n	87802bee <strncat+0x12>
87802c16:	bf00      	nop

87802c18 <strcmp>:
87802c18:	1e42      	subs	r2, r0, #1
87802c1a:	e000      	b.n	87802c1e <strcmp+0x6>
87802c1c:	b148      	cbz	r0, 87802c32 <strcmp+0x1a>
87802c1e:	f812 0f01 	ldrb.w	r0, [r2, #1]!
87802c22:	f811 3b01 	ldrb.w	r3, [r1], #1
87802c26:	1ac3      	subs	r3, r0, r3
87802c28:	b25b      	sxtb	r3, r3
87802c2a:	2b00      	cmp	r3, #0
87802c2c:	d0f6      	beq.n	87802c1c <strcmp+0x4>
87802c2e:	4618      	mov	r0, r3
87802c30:	4770      	bx	lr
87802c32:	4770      	bx	lr

87802c34 <strncmp>:
87802c34:	b1e2      	cbz	r2, 87802c70 <strncmp+0x3c>
87802c36:	b430      	push	{r4, r5}
87802c38:	1c4c      	adds	r4, r1, #1
87802c3a:	7805      	ldrb	r5, [r0, #0]
87802c3c:	780b      	ldrb	r3, [r1, #0]
87802c3e:	1aeb      	subs	r3, r5, r3
87802c40:	b25b      	sxtb	r3, r3
87802c42:	b97b      	cbnz	r3, 87802c64 <strncmp+0x30>
87802c44:	b15d      	cbz	r5, 87802c5e <strncmp+0x2a>
87802c46:	4411      	add	r1, r2
87802c48:	e007      	b.n	87802c5a <strncmp+0x26>
87802c4a:	f810 2f01 	ldrb.w	r2, [r0, #1]!
87802c4e:	f814 3b01 	ldrb.w	r3, [r4], #1
87802c52:	1ad3      	subs	r3, r2, r3
87802c54:	b25b      	sxtb	r3, r3
87802c56:	b92b      	cbnz	r3, 87802c64 <strncmp+0x30>
87802c58:	b13a      	cbz	r2, 87802c6a <strncmp+0x36>
87802c5a:	42a1      	cmp	r1, r4
87802c5c:	d1f5      	bne.n	87802c4a <strncmp+0x16>
87802c5e:	2000      	movs	r0, #0
87802c60:	bc30      	pop	{r4, r5}
87802c62:	4770      	bx	lr
87802c64:	4618      	mov	r0, r3
87802c66:	bc30      	pop	{r4, r5}
87802c68:	4770      	bx	lr
87802c6a:	4610      	mov	r0, r2
87802c6c:	bc30      	pop	{r4, r5}
87802c6e:	4770      	bx	lr
87802c70:	4610      	mov	r0, r2
87802c72:	4770      	bx	lr

87802c74 <strchr>:
87802c74:	7803      	ldrb	r3, [r0, #0]
87802c76:	b2c9      	uxtb	r1, r1
87802c78:	428b      	cmp	r3, r1
87802c7a:	d006      	beq.n	87802c8a <strchr+0x16>
87802c7c:	b123      	cbz	r3, 87802c88 <strchr+0x14>
87802c7e:	f810 3f01 	ldrb.w	r3, [r0, #1]!
87802c82:	428b      	cmp	r3, r1
87802c84:	d1fa      	bne.n	87802c7c <strchr+0x8>
87802c86:	4770      	bx	lr
87802c88:	4618      	mov	r0, r3
87802c8a:	4770      	bx	lr

87802c8c <strrchr>:
87802c8c:	7803      	ldrb	r3, [r0, #0]
87802c8e:	b193      	cbz	r3, 87802cb6 <strrchr+0x2a>
87802c90:	4603      	mov	r3, r0
87802c92:	f813 2f01 	ldrb.w	r2, [r3, #1]!
87802c96:	2a00      	cmp	r2, #0
87802c98:	d1fb      	bne.n	87802c92 <strrchr+0x6>
87802c9a:	b2c9      	uxtb	r1, r1
87802c9c:	2200      	movs	r2, #0
87802c9e:	e003      	b.n	87802ca8 <strrchr+0x1c>
87802ca0:	3b01      	subs	r3, #1
87802ca2:	4298      	cmp	r0, r3
87802ca4:	d804      	bhi.n	87802cb0 <strrchr+0x24>
87802ca6:	781a      	ldrb	r2, [r3, #0]
87802ca8:	428a      	cmp	r2, r1
87802caa:	d1f9      	bne.n	87802ca0 <strrchr+0x14>
87802cac:	4618      	mov	r0, r3
87802cae:	4770      	bx	lr
87802cb0:	2300      	movs	r3, #0
87802cb2:	4618      	mov	r0, r3
87802cb4:	4770      	bx	lr
87802cb6:	4603      	mov	r3, r0
87802cb8:	e7ef      	b.n	87802c9a <strrchr+0xe>
87802cba:	bf00      	nop

87802cbc <strlen>:
87802cbc:	7803      	ldrb	r3, [r0, #0]
87802cbe:	4602      	mov	r2, r0
87802cc0:	b12b      	cbz	r3, 87802cce <strlen+0x12>
87802cc2:	f810 3f01 	ldrb.w	r3, [r0, #1]!
87802cc6:	2b00      	cmp	r3, #0
87802cc8:	d1fb      	bne.n	87802cc2 <strlen+0x6>
87802cca:	1a80      	subs	r0, r0, r2
87802ccc:	4770      	bx	lr
87802cce:	4618      	mov	r0, r3
87802cd0:	4770      	bx	lr
87802cd2:	bf00      	nop

87802cd4 <strnlen>:
87802cd4:	b1d1      	cbz	r1, 87802d0c <strnlen+0x38>
87802cd6:	7803      	ldrb	r3, [r0, #0]
87802cd8:	b1d3      	cbz	r3, 87802d10 <strnlen+0x3c>
87802cda:	1c43      	adds	r3, r0, #1
87802cdc:	4401      	add	r1, r0
87802cde:	4299      	cmp	r1, r3
87802ce0:	f103 0201 	add.w	r2, r3, #1
87802ce4:	d016      	beq.n	87802d14 <strnlen+0x40>
87802ce6:	b410      	push	{r4}
87802ce8:	781c      	ldrb	r4, [r3, #0]
87802cea:	b13c      	cbz	r4, 87802cfc <strnlen+0x28>
87802cec:	4291      	cmp	r1, r2
87802cee:	4613      	mov	r3, r2
87802cf0:	f102 0201 	add.w	r2, r2, #1
87802cf4:	d006      	beq.n	87802d04 <strnlen+0x30>
87802cf6:	781c      	ldrb	r4, [r3, #0]
87802cf8:	2c00      	cmp	r4, #0
87802cfa:	d1f7      	bne.n	87802cec <strnlen+0x18>
87802cfc:	1a18      	subs	r0, r3, r0
87802cfe:	f85d 4b04 	ldr.w	r4, [sp], #4
87802d02:	4770      	bx	lr
87802d04:	1a08      	subs	r0, r1, r0
87802d06:	f85d 4b04 	ldr.w	r4, [sp], #4
87802d0a:	4770      	bx	lr
87802d0c:	4608      	mov	r0, r1
87802d0e:	4770      	bx	lr
87802d10:	4618      	mov	r0, r3
87802d12:	4770      	bx	lr
87802d14:	1a08      	subs	r0, r1, r0
87802d16:	4770      	bx	lr

87802d18 <strspn>:
87802d18:	b470      	push	{r4, r5, r6}
87802d1a:	7804      	ldrb	r4, [r0, #0]
87802d1c:	4625      	mov	r5, r4
87802d1e:	b164      	cbz	r4, 87802d3a <strspn+0x22>
87802d20:	780e      	ldrb	r6, [r1, #0]
87802d22:	2500      	movs	r5, #0
87802d24:	b14e      	cbz	r6, 87802d3a <strspn+0x22>
87802d26:	42a6      	cmp	r6, r4
87802d28:	d00a      	beq.n	87802d40 <strspn+0x28>
87802d2a:	460a      	mov	r2, r1
87802d2c:	e001      	b.n	87802d32 <strspn+0x1a>
87802d2e:	42a3      	cmp	r3, r4
87802d30:	d006      	beq.n	87802d40 <strspn+0x28>
87802d32:	f812 3f01 	ldrb.w	r3, [r2, #1]!
87802d36:	2b00      	cmp	r3, #0
87802d38:	d1f9      	bne.n	87802d2e <strspn+0x16>
87802d3a:	4628      	mov	r0, r5
87802d3c:	bc70      	pop	{r4, r5, r6}
87802d3e:	4770      	bx	lr
87802d40:	f810 4f01 	ldrb.w	r4, [r0, #1]!
87802d44:	3501      	adds	r5, #1
87802d46:	2c00      	cmp	r4, #0
87802d48:	d1ec      	bne.n	87802d24 <strspn+0xc>
87802d4a:	4628      	mov	r0, r5
87802d4c:	bc70      	pop	{r4, r5, r6}
87802d4e:	4770      	bx	lr

87802d50 <strpbrk>:
87802d50:	b430      	push	{r4, r5}
87802d52:	7804      	ldrb	r4, [r0, #0]
87802d54:	b17c      	cbz	r4, 87802d76 <strpbrk+0x26>
87802d56:	780d      	ldrb	r5, [r1, #0]
87802d58:	b14d      	cbz	r5, 87802d6e <strpbrk+0x1e>
87802d5a:	42a5      	cmp	r5, r4
87802d5c:	d00c      	beq.n	87802d78 <strpbrk+0x28>
87802d5e:	460a      	mov	r2, r1
87802d60:	e001      	b.n	87802d66 <strpbrk+0x16>
87802d62:	42a3      	cmp	r3, r4
87802d64:	d008      	beq.n	87802d78 <strpbrk+0x28>
87802d66:	f812 3f01 	ldrb.w	r3, [r2, #1]!
87802d6a:	2b00      	cmp	r3, #0
87802d6c:	d1f9      	bne.n	87802d62 <strpbrk+0x12>
87802d6e:	f810 4f01 	ldrb.w	r4, [r0, #1]!
87802d72:	2c00      	cmp	r4, #0
87802d74:	d1f0      	bne.n	87802d58 <strpbrk+0x8>
87802d76:	4620      	mov	r0, r4
87802d78:	bc30      	pop	{r4, r5}
87802d7a:	4770      	bx	lr

87802d7c <strtok>:
87802d7c:	f24a 0cac 	movw	ip, #41132	; 0xa0ac
87802d80:	f2c8 7c80 	movt	ip, #34688	; 0x8780
87802d84:	2800      	cmp	r0, #0
87802d86:	d03c      	beq.n	87802e02 <strtok+0x86>
87802d88:	b4f0      	push	{r4, r5, r6, r7}
87802d8a:	7804      	ldrb	r4, [r0, #0]
87802d8c:	2c00      	cmp	r4, #0
87802d8e:	d03d      	beq.n	87802e0c <strtok+0x90>
87802d90:	780d      	ldrb	r5, [r1, #0]
87802d92:	4607      	mov	r7, r0
87802d94:	2600      	movs	r6, #0
87802d96:	b14d      	cbz	r5, 87802dac <strtok+0x30>
87802d98:	42ac      	cmp	r4, r5
87802d9a:	d01f      	beq.n	87802ddc <strtok+0x60>
87802d9c:	460a      	mov	r2, r1
87802d9e:	e001      	b.n	87802da4 <strtok+0x28>
87802da0:	42a3      	cmp	r3, r4
87802da2:	d01b      	beq.n	87802ddc <strtok+0x60>
87802da4:	f812 3f01 	ldrb.w	r3, [r2, #1]!
87802da8:	2b00      	cmp	r3, #0
87802daa:	d1f9      	bne.n	87802da0 <strtok+0x24>
87802dac:	5d84      	ldrb	r4, [r0, r6]
87802dae:	4430      	add	r0, r6
87802db0:	4606      	mov	r6, r0
87802db2:	b35c      	cbz	r4, 87802e0c <strtok+0x90>
87802db4:	b14d      	cbz	r5, 87802dca <strtok+0x4e>
87802db6:	42ac      	cmp	r4, r5
87802db8:	d01b      	beq.n	87802df2 <strtok+0x76>
87802dba:	460a      	mov	r2, r1
87802dbc:	e001      	b.n	87802dc2 <strtok+0x46>
87802dbe:	42a3      	cmp	r3, r4
87802dc0:	d017      	beq.n	87802df2 <strtok+0x76>
87802dc2:	f812 3f01 	ldrb.w	r3, [r2, #1]!
87802dc6:	2b00      	cmp	r3, #0
87802dc8:	d1f9      	bne.n	87802dbe <strtok+0x42>
87802dca:	f816 4f01 	ldrb.w	r4, [r6, #1]!
87802dce:	2c00      	cmp	r4, #0
87802dd0:	d1f0      	bne.n	87802db4 <strtok+0x38>
87802dd2:	4626      	mov	r6, r4
87802dd4:	f8cc 6000 	str.w	r6, [ip]
87802dd8:	bcf0      	pop	{r4, r5, r6, r7}
87802dda:	4770      	bx	lr
87802ddc:	f817 4f01 	ldrb.w	r4, [r7, #1]!
87802de0:	3601      	adds	r6, #1
87802de2:	2c00      	cmp	r4, #0
87802de4:	d1d7      	bne.n	87802d96 <strtok+0x1a>
87802de6:	5d84      	ldrb	r4, [r0, r6]
87802de8:	4430      	add	r0, r6
87802dea:	4606      	mov	r6, r0
87802dec:	2c00      	cmp	r4, #0
87802dee:	d1e1      	bne.n	87802db4 <strtok+0x38>
87802df0:	e00c      	b.n	87802e0c <strtok+0x90>
87802df2:	7833      	ldrb	r3, [r6, #0]
87802df4:	2b00      	cmp	r3, #0
87802df6:	d0ed      	beq.n	87802dd4 <strtok+0x58>
87802df8:	2300      	movs	r3, #0
87802dfa:	3601      	adds	r6, #1
87802dfc:	f806 3c01 	strb.w	r3, [r6, #-1]
87802e00:	e7e8      	b.n	87802dd4 <strtok+0x58>
87802e02:	f8dc 0000 	ldr.w	r0, [ip]
87802e06:	2800      	cmp	r0, #0
87802e08:	d1be      	bne.n	87802d88 <strtok+0xc>
87802e0a:	4770      	bx	lr
87802e0c:	2000      	movs	r0, #0
87802e0e:	f8cc 0000 	str.w	r0, [ip]
87802e12:	e7e1      	b.n	87802dd8 <strtok+0x5c>

87802e14 <strsep>:
87802e14:	b4f0      	push	{r4, r5, r6, r7}
87802e16:	4607      	mov	r7, r0
87802e18:	6800      	ldr	r0, [r0, #0]
87802e1a:	b198      	cbz	r0, 87802e44 <strsep+0x30>
87802e1c:	7804      	ldrb	r4, [r0, #0]
87802e1e:	b184      	cbz	r4, 87802e42 <strsep+0x2e>
87802e20:	780e      	ldrb	r6, [r1, #0]
87802e22:	4605      	mov	r5, r0
87802e24:	b14e      	cbz	r6, 87802e3a <strsep+0x26>
87802e26:	42a6      	cmp	r6, r4
87802e28:	d00e      	beq.n	87802e48 <strsep+0x34>
87802e2a:	460a      	mov	r2, r1
87802e2c:	e001      	b.n	87802e32 <strsep+0x1e>
87802e2e:	42a3      	cmp	r3, r4
87802e30:	d00a      	beq.n	87802e48 <strsep+0x34>
87802e32:	f812 3f01 	ldrb.w	r3, [r2, #1]!
87802e36:	2b00      	cmp	r3, #0
87802e38:	d1f9      	bne.n	87802e2e <strsep+0x1a>
87802e3a:	f815 4f01 	ldrb.w	r4, [r5, #1]!
87802e3e:	2c00      	cmp	r4, #0
87802e40:	d1f0      	bne.n	87802e24 <strsep+0x10>
87802e42:	603c      	str	r4, [r7, #0]
87802e44:	bcf0      	pop	{r4, r5, r6, r7}
87802e46:	4770      	bx	lr
87802e48:	2300      	movs	r3, #0
87802e4a:	1c6c      	adds	r4, r5, #1
87802e4c:	702b      	strb	r3, [r5, #0]
87802e4e:	e7f8      	b.n	87802e42 <strsep+0x2e>

87802e50 <memset>:
87802e50:	b132      	cbz	r2, 87802e60 <memset+0x10>
87802e52:	b2c9      	uxtb	r1, r1
87802e54:	4402      	add	r2, r0
87802e56:	4603      	mov	r3, r0
87802e58:	f803 1b01 	strb.w	r1, [r3], #1
87802e5c:	4293      	cmp	r3, r2
87802e5e:	d1fb      	bne.n	87802e58 <memset+0x8>
87802e60:	4770      	bx	lr
87802e62:	bf00      	nop

87802e64 <bcopy>:
87802e64:	b13a      	cbz	r2, 87802e76 <bcopy+0x12>
87802e66:	3901      	subs	r1, #1
87802e68:	4402      	add	r2, r0
87802e6a:	f810 3b01 	ldrb.w	r3, [r0], #1
87802e6e:	4290      	cmp	r0, r2
87802e70:	f801 3f01 	strb.w	r3, [r1, #1]!
87802e74:	d1f9      	bne.n	87802e6a <bcopy+0x6>
87802e76:	4770      	bx	lr

87802e78 <memcpy>:
87802e78:	b15a      	cbz	r2, 87802e92 <memcpy+0x1a>
87802e7a:	440a      	add	r2, r1
87802e7c:	1e43      	subs	r3, r0, #1
87802e7e:	b410      	push	{r4}
87802e80:	f811 4b01 	ldrb.w	r4, [r1], #1
87802e84:	4291      	cmp	r1, r2
87802e86:	f803 4f01 	strb.w	r4, [r3, #1]!
87802e8a:	d1f9      	bne.n	87802e80 <memcpy+0x8>
87802e8c:	f85d 4b04 	ldr.w	r4, [sp], #4
87802e90:	4770      	bx	lr
87802e92:	4770      	bx	lr

87802e94 <memmove>:
87802e94:	4288      	cmp	r0, r1
87802e96:	b410      	push	{r4}
87802e98:	d80b      	bhi.n	87802eb2 <memmove+0x1e>
87802e9a:	b13a      	cbz	r2, 87802eac <memmove+0x18>
87802e9c:	440a      	add	r2, r1
87802e9e:	1e43      	subs	r3, r0, #1
87802ea0:	f811 4b01 	ldrb.w	r4, [r1], #1
87802ea4:	428a      	cmp	r2, r1
87802ea6:	f803 4f01 	strb.w	r4, [r3, #1]!
87802eaa:	d1f9      	bne.n	87802ea0 <memmove+0xc>
87802eac:	f85d 4b04 	ldr.w	r4, [sp], #4
87802eb0:	4770      	bx	lr
87802eb2:	1884      	adds	r4, r0, r2
87802eb4:	188b      	adds	r3, r1, r2
87802eb6:	2a00      	cmp	r2, #0
87802eb8:	d0f8      	beq.n	87802eac <memmove+0x18>
87802eba:	4622      	mov	r2, r4
87802ebc:	f813 4d01 	ldrb.w	r4, [r3, #-1]!
87802ec0:	4299      	cmp	r1, r3
87802ec2:	f802 4d01 	strb.w	r4, [r2, #-1]!
87802ec6:	d1f9      	bne.n	87802ebc <memmove+0x28>
87802ec8:	f85d 4b04 	ldr.w	r4, [sp], #4
87802ecc:	4770      	bx	lr
87802ece:	bf00      	nop

87802ed0 <memcmp>:
87802ed0:	b1aa      	cbz	r2, 87802efe <memcmp+0x2e>
87802ed2:	b430      	push	{r4, r5}
87802ed4:	4604      	mov	r4, r0
87802ed6:	780b      	ldrb	r3, [r1, #0]
87802ed8:	7800      	ldrb	r0, [r0, #0]
87802eda:	1ac0      	subs	r0, r0, r3
87802edc:	d10a      	bne.n	87802ef4 <memcmp+0x24>
87802ede:	3a01      	subs	r2, #1
87802ee0:	188d      	adds	r5, r1, r2
87802ee2:	e005      	b.n	87802ef0 <memcmp+0x20>
87802ee4:	f814 3f01 	ldrb.w	r3, [r4, #1]!
87802ee8:	f811 2f01 	ldrb.w	r2, [r1, #1]!
87802eec:	1a9b      	subs	r3, r3, r2
87802eee:	d103      	bne.n	87802ef8 <memcmp+0x28>
87802ef0:	42a9      	cmp	r1, r5
87802ef2:	d1f7      	bne.n	87802ee4 <memcmp+0x14>
87802ef4:	bc30      	pop	{r4, r5}
87802ef6:	4770      	bx	lr
87802ef8:	4618      	mov	r0, r3
87802efa:	bc30      	pop	{r4, r5}
87802efc:	4770      	bx	lr
87802efe:	4610      	mov	r0, r2
87802f00:	4770      	bx	lr
87802f02:	bf00      	nop

87802f04 <memscan>:
87802f04:	b1c2      	cbz	r2, 87802f38 <memscan+0x34>
87802f06:	7803      	ldrb	r3, [r0, #0]
87802f08:	4299      	cmp	r1, r3
87802f0a:	d015      	beq.n	87802f38 <memscan+0x34>
87802f0c:	1c43      	adds	r3, r0, #1
87802f0e:	4402      	add	r2, r0
87802f10:	4293      	cmp	r3, r2
87802f12:	4618      	mov	r0, r3
87802f14:	f103 0301 	add.w	r3, r3, #1
87802f18:	d00f      	beq.n	87802f3a <memscan+0x36>
87802f1a:	b410      	push	{r4}
87802f1c:	7804      	ldrb	r4, [r0, #0]
87802f1e:	428c      	cmp	r4, r1
87802f20:	d007      	beq.n	87802f32 <memscan+0x2e>
87802f22:	4293      	cmp	r3, r2
87802f24:	4618      	mov	r0, r3
87802f26:	f103 0301 	add.w	r3, r3, #1
87802f2a:	d002      	beq.n	87802f32 <memscan+0x2e>
87802f2c:	7804      	ldrb	r4, [r0, #0]
87802f2e:	428c      	cmp	r4, r1
87802f30:	d1f7      	bne.n	87802f22 <memscan+0x1e>
87802f32:	f85d 4b04 	ldr.w	r4, [sp], #4
87802f36:	4770      	bx	lr
87802f38:	4770      	bx	lr
87802f3a:	4770      	bx	lr

87802f3c <strstr>:
87802f3c:	e92d 43f0 	stmdb	sp!, {r4, r5, r6, r7, r8, r9, lr}
87802f40:	f891 8000 	ldrb.w	r8, [r1]
87802f44:	f1b8 0f00 	cmp.w	r8, #0
87802f48:	d027      	beq.n	87802f9a <strstr+0x5e>
87802f4a:	460b      	mov	r3, r1
87802f4c:	f813 2f01 	ldrb.w	r2, [r3, #1]!
87802f50:	2a00      	cmp	r2, #0
87802f52:	d1fb      	bne.n	87802f4c <strstr+0x10>
87802f54:	ebb3 0e01 	subs.w	lr, r3, r1
87802f58:	d01f      	beq.n	87802f9a <strstr+0x5e>
87802f5a:	7802      	ldrb	r2, [r0, #0]
87802f5c:	4694      	mov	ip, r2
87802f5e:	b132      	cbz	r2, 87802f6e <strstr+0x32>
87802f60:	4684      	mov	ip, r0
87802f62:	f81c 3f01 	ldrb.w	r3, [ip, #1]!
87802f66:	2b00      	cmp	r3, #0
87802f68:	d1fb      	bne.n	87802f62 <strstr+0x26>
87802f6a:	ebac 0c00 	sub.w	ip, ip, r0
87802f6e:	45e6      	cmp	lr, ip
87802f70:	dc1a      	bgt.n	87802fa8 <strstr+0x6c>
87802f72:	4607      	mov	r7, r0
87802f74:	f10e 39ff 	add.w	r9, lr, #4294967295	; 0xffffffff
87802f78:	f10c 3cff 	add.w	ip, ip, #4294967295	; 0xffffffff
87802f7c:	4638      	mov	r0, r7
87802f7e:	460d      	mov	r5, r1
87802f80:	eb09 0607 	add.w	r6, r9, r7
87802f84:	463b      	mov	r3, r7
87802f86:	4644      	mov	r4, r8
87802f88:	e003      	b.n	87802f92 <strstr+0x56>
87802f8a:	f813 2f01 	ldrb.w	r2, [r3, #1]!
87802f8e:	f815 4f01 	ldrb.w	r4, [r5, #1]!
87802f92:	42a2      	cmp	r2, r4
87802f94:	d103      	bne.n	87802f9e <strstr+0x62>
87802f96:	429e      	cmp	r6, r3
87802f98:	d1f7      	bne.n	87802f8a <strstr+0x4e>
87802f9a:	e8bd 83f0 	ldmia.w	sp!, {r4, r5, r6, r7, r8, r9, pc}
87802f9e:	45f4      	cmp	ip, lr
87802fa0:	db02      	blt.n	87802fa8 <strstr+0x6c>
87802fa2:	f817 2f01 	ldrb.w	r2, [r7, #1]!
87802fa6:	e7e7      	b.n	87802f78 <strstr+0x3c>
87802fa8:	2000      	movs	r0, #0
87802faa:	e8bd 83f0 	ldmia.w	sp!, {r4, r5, r6, r7, r8, r9, pc}
87802fae:	bf00      	nop

87802fb0 <memchr>:
87802fb0:	4402      	add	r2, r0
87802fb2:	b2c9      	uxtb	r1, r1
87802fb4:	4290      	cmp	r0, r2
87802fb6:	4603      	mov	r3, r0
87802fb8:	d012      	beq.n	87802fe0 <memchr+0x30>
87802fba:	b410      	push	{r4}
87802fbc:	f813 4b01 	ldrb.w	r4, [r3], #1
87802fc0:	428c      	cmp	r4, r1
87802fc2:	d006      	beq.n	87802fd2 <memchr+0x22>
87802fc4:	4293      	cmp	r3, r2
87802fc6:	4618      	mov	r0, r3
87802fc8:	d006      	beq.n	87802fd8 <memchr+0x28>
87802fca:	f813 4b01 	ldrb.w	r4, [r3], #1
87802fce:	428c      	cmp	r4, r1
87802fd0:	d1f8      	bne.n	87802fc4 <memchr+0x14>
87802fd2:	f85d 4b04 	ldr.w	r4, [sp], #4
87802fd6:	4770      	bx	lr
87802fd8:	2000      	movs	r0, #0
87802fda:	f85d 4b04 	ldr.w	r4, [sp], #4
87802fde:	4770      	bx	lr
87802fe0:	2000      	movs	r0, #0
87802fe2:	4770      	bx	lr

87802fe4 <number>:
87802fe4:	e92d 4ff0 	stmdb	sp!, {r4, r5, r6, r7, r8, r9, sl, fp, lr}
87802fe8:	b0a7      	sub	sp, #156	; 0x9c
87802fea:	460d      	mov	r5, r1
87802fec:	9930      	ldr	r1, [sp, #192]	; 0xc0
87802fee:	4604      	mov	r4, r0
87802ff0:	9e33      	ldr	r6, [sp, #204]	; 0xcc
87802ff2:	f1b1 070a 	subs.w	r7, r1, #10
87802ff6:	bf18      	it	ne
87802ff8:	2701      	movne	r7, #1
87802ffa:	f016 0110 	ands.w	r1, r6, #16
87802ffe:	f006 0820 	and.w	r8, r6, #32
87803002:	ea07 1756 	and.w	r7, r7, r6, lsr #5
87803006:	bf18      	it	ne
87803008:	f026 0601 	bicne.w	r6, r6, #1
8780300c:	9100      	str	r1, [sp, #0]
8780300e:	f016 0102 	ands.w	r1, r6, #2
87803012:	d051      	beq.n	878030b8 <number+0xd4>
87803014:	2a00      	cmp	r2, #0
87803016:	f173 0100 	sbcs.w	r1, r3, #0
8780301a:	f2c0 8169 	blt.w	878032f0 <number+0x30c>
8780301e:	0771      	lsls	r1, r6, #29
87803020:	f100 8184 	bmi.w	8780332c <number+0x348>
87803024:	f016 0108 	ands.w	r1, r6, #8
87803028:	d046      	beq.n	878030b8 <number+0xd4>
8780302a:	9931      	ldr	r1, [sp, #196]	; 0xc4
8780302c:	3901      	subs	r1, #1
8780302e:	9131      	str	r1, [sp, #196]	; 0xc4
87803030:	2120      	movs	r1, #32
87803032:	9101      	str	r1, [sp, #4]
87803034:	2f00      	cmp	r7, #0
87803036:	d042      	beq.n	878030be <number+0xda>
87803038:	9930      	ldr	r1, [sp, #192]	; 0xc0
8780303a:	2910      	cmp	r1, #16
8780303c:	9931      	ldr	r1, [sp, #196]	; 0xc4
8780303e:	f000 8160 	beq.w	87803302 <number+0x31e>
87803042:	3901      	subs	r1, #1
87803044:	9131      	str	r1, [sp, #196]	; 0xc4
87803046:	ea52 0103 	orrs.w	r1, r2, r3
8780304a:	d03c      	beq.n	878030c6 <number+0xe2>
8780304c:	9930      	ldr	r1, [sp, #192]	; 0xc0
8780304e:	2910      	cmp	r1, #16
87803050:	f101 3aff 	add.w	sl, r1, #4294967295	; 0xffffffff
87803054:	bf0a      	itet	eq
87803056:	f04f 0b04 	moveq.w	fp, #4
8780305a:	f04f 0b03 	movne.w	fp, #3
8780305e:	f04f 0a0f 	moveq.w	sl, #15
87803062:	f249 2924 	movw	r9, #37412	; 0x9224
87803066:	f10d 0e34 	add.w	lr, sp, #52	; 0x34
8780306a:	f2c8 7980 	movt	r9, #34688	; 0x8780
8780306e:	2000      	movs	r0, #0
87803070:	9402      	str	r4, [sp, #8]
87803072:	e000      	b.n	87803076 <number+0x92>
87803074:	4660      	mov	r0, ip
87803076:	b2d1      	uxtb	r1, r2
87803078:	f1cb 0c20 	rsb	ip, fp, #32
8780307c:	f1bb 0420 	subs.w	r4, fp, #32
87803080:	fa03 fc0c 	lsl.w	ip, r3, ip
87803084:	ea01 010a 	and.w	r1, r1, sl
87803088:	fa22 f20b 	lsr.w	r2, r2, fp
8780308c:	f819 1001 	ldrb.w	r1, [r9, r1]
87803090:	bf58      	it	pl
87803092:	fa43 f404 	asrpl.w	r4, r3, r4
87803096:	ea42 020c 	orr.w	r2, r2, ip
8780309a:	fa43 f30b 	asr.w	r3, r3, fp
8780309e:	bf58      	it	pl
878030a0:	4322      	orrpl	r2, r4
878030a2:	ea48 0101 	orr.w	r1, r8, r1
878030a6:	f100 0c01 	add.w	ip, r0, #1
878030aa:	f80e 1b01 	strb.w	r1, [lr], #1
878030ae:	ea52 0103 	orrs.w	r1, r2, r3
878030b2:	d1df      	bne.n	87803074 <number+0x90>
878030b4:	9c02      	ldr	r4, [sp, #8]
878030b6:	e00c      	b.n	878030d2 <number+0xee>
878030b8:	9101      	str	r1, [sp, #4]
878030ba:	2f00      	cmp	r7, #0
878030bc:	d1bc      	bne.n	87803038 <number+0x54>
878030be:	ea52 0103 	orrs.w	r1, r2, r3
878030c2:	f040 8082 	bne.w	878031ca <number+0x1e6>
878030c6:	2000      	movs	r0, #0
878030c8:	f04f 0c01 	mov.w	ip, #1
878030cc:	2330      	movs	r3, #48	; 0x30
878030ce:	f88d 3034 	strb.w	r3, [sp, #52]	; 0x34
878030d2:	9b32      	ldr	r3, [sp, #200]	; 0xc8
878030d4:	4563      	cmp	r3, ip
878030d6:	bfb8      	it	lt
878030d8:	4663      	movlt	r3, ip
878030da:	f016 0f11 	tst.w	r6, #17
878030de:	461a      	mov	r2, r3
878030e0:	9b31      	ldr	r3, [sp, #196]	; 0xc4
878030e2:	eba3 0302 	sub.w	r3, r3, r2
878030e6:	f103 31ff 	add.w	r1, r3, #4294967295	; 0xffffffff
878030ea:	d10f      	bne.n	8780310c <number+0x128>
878030ec:	2900      	cmp	r1, #0
878030ee:	bfb8      	it	lt
878030f0:	1e99      	sublt	r1, r3, #2
878030f2:	db0b      	blt.n	8780310c <number+0x128>
878030f4:	4423      	add	r3, r4
878030f6:	2120      	movs	r1, #32
878030f8:	42a5      	cmp	r5, r4
878030fa:	f104 0401 	add.w	r4, r4, #1
878030fe:	bf88      	it	hi
87803100:	f804 1c01 	strbhi.w	r1, [r4, #-1]
87803104:	429c      	cmp	r4, r3
87803106:	d1f7      	bne.n	878030f8 <number+0x114>
87803108:	f06f 0101 	mvn.w	r1, #1
8780310c:	9b01      	ldr	r3, [sp, #4]
8780310e:	b12b      	cbz	r3, 8780311c <number+0x138>
87803110:	42ac      	cmp	r4, r5
87803112:	f104 0401 	add.w	r4, r4, #1
87803116:	bf38      	it	cc
87803118:	f804 3c01 	strbcc.w	r3, [r4, #-1]
8780311c:	b157      	cbz	r7, 87803134 <number+0x150>
8780311e:	9f30      	ldr	r7, [sp, #192]	; 0xc0
87803120:	42ac      	cmp	r4, r5
87803122:	bf3c      	itt	cc
87803124:	2330      	movcc	r3, #48	; 0x30
87803126:	7023      	strbcc	r3, [r4, #0]
87803128:	1c63      	adds	r3, r4, #1
8780312a:	2f10      	cmp	r7, #16
8780312c:	bf18      	it	ne
8780312e:	461c      	movne	r4, r3
87803130:	f000 80f3 	beq.w	8780331a <number+0x336>
87803134:	9b00      	ldr	r3, [sp, #0]
87803136:	b9ab      	cbnz	r3, 87803164 <number+0x180>
87803138:	f016 0f01 	tst.w	r6, #1
8780313c:	bf0c      	ite	eq
8780313e:	2320      	moveq	r3, #32
87803140:	2330      	movne	r3, #48	; 0x30
87803142:	2900      	cmp	r1, #0
87803144:	bfb8      	it	lt
87803146:	f101 31ff 	addlt.w	r1, r1, #4294967295	; 0xffffffff
8780314a:	db0b      	blt.n	87803164 <number+0x180>
8780314c:	3101      	adds	r1, #1
8780314e:	4421      	add	r1, r4
87803150:	42a5      	cmp	r5, r4
87803152:	f104 0401 	add.w	r4, r4, #1
87803156:	bf88      	it	hi
87803158:	f804 3c01 	strbhi.w	r3, [r4, #-1]
8780315c:	428c      	cmp	r4, r1
8780315e:	d1f7      	bne.n	87803150 <number+0x16c>
87803160:	f06f 0101 	mvn.w	r1, #1
87803164:	4594      	cmp	ip, r2
87803166:	bfbe      	ittt	lt
87803168:	eba2 0c0c 	sublt.w	ip, r2, ip
8780316c:	2330      	movlt	r3, #48	; 0x30
8780316e:	44a4      	addlt	ip, r4
87803170:	da07      	bge.n	87803182 <number+0x19e>
87803172:	42a5      	cmp	r5, r4
87803174:	f104 0401 	add.w	r4, r4, #1
87803178:	bf88      	it	hi
8780317a:	f804 3c01 	strbhi.w	r3, [r4, #-1]
8780317e:	4564      	cmp	r4, ip
87803180:	d1f7      	bne.n	87803172 <number+0x18e>
87803182:	2800      	cmp	r0, #0
87803184:	f2c0 80d8 	blt.w	87803338 <number+0x354>
87803188:	4602      	mov	r2, r0
8780318a:	4623      	mov	r3, r4
8780318c:	af0d      	add	r7, sp, #52	; 0x34
8780318e:	429d      	cmp	r5, r3
87803190:	f103 0301 	add.w	r3, r3, #1
87803194:	bf88      	it	hi
87803196:	5dd6      	ldrbhi	r6, [r2, r7]
87803198:	f102 32ff 	add.w	r2, r2, #4294967295	; 0xffffffff
8780319c:	bf88      	it	hi
8780319e:	f803 6c01 	strbhi.w	r6, [r3, #-1]
878031a2:	1c56      	adds	r6, r2, #1
878031a4:	d1f3      	bne.n	8780318e <number+0x1aa>
878031a6:	3001      	adds	r0, #1
878031a8:	4420      	add	r0, r4
878031aa:	2900      	cmp	r1, #0
878031ac:	db0a      	blt.n	878031c4 <number+0x1e0>
878031ae:	1c4b      	adds	r3, r1, #1
878031b0:	2220      	movs	r2, #32
878031b2:	4403      	add	r3, r0
878031b4:	4285      	cmp	r5, r0
878031b6:	f100 0001 	add.w	r0, r0, #1
878031ba:	bf88      	it	hi
878031bc:	f800 2c01 	strbhi.w	r2, [r0, #-1]
878031c0:	4298      	cmp	r0, r3
878031c2:	d1f7      	bne.n	878031b4 <number+0x1d0>
878031c4:	b027      	add	sp, #156	; 0x9c
878031c6:	e8bd 8ff0 	ldmia.w	sp!, {r4, r5, r6, r7, r8, r9, sl, fp, pc}
878031ca:	9930      	ldr	r1, [sp, #192]	; 0xc0
878031cc:	290a      	cmp	r1, #10
878031ce:	f47f af3d 	bne.w	8780304c <number+0x68>
878031d2:	4610      	mov	r0, r2
878031d4:	4619      	mov	r1, r3
878031d6:	f248 629f 	movw	r2, #34463	; 0x869f
878031da:	2300      	movs	r3, #0
878031dc:	f2c0 0201 	movt	r2, #1
878031e0:	428b      	cmp	r3, r1
878031e2:	bf08      	it	eq
878031e4:	4282      	cmpeq	r2, r0
878031e6:	e9cd 0104 	strd	r0, r1, [sp, #16]
878031ea:	e9cd 010a 	strd	r0, r1, [sp, #40]	; 0x28
878031ee:	f080 8115 	bcs.w	8780341c <number+0x438>
878031f2:	f248 61a0 	movw	r1, #34464	; 0x86a0
878031f6:	f645 20c5 	movw	r0, #23237	; 0x5ac5
878031fa:	f2c0 0101 	movt	r1, #1
878031fe:	f6c0 207c 	movt	r0, #2684	; 0xa7c
87803202:	e9cd 8706 	strd	r8, r7, [sp, #24]
87803206:	f10d 0939 	add.w	r9, sp, #57	; 0x39
8780320a:	e9cd 4508 	strd	r4, r5, [sp, #32]
8780320e:	4688      	mov	r8, r1
87803210:	e9cd 2302 	strd	r2, r3, [sp, #8]
87803214:	4607      	mov	r7, r0
87803216:	e9dd 4504 	ldrd	r4, r5, [sp, #16]
8780321a:	e05a      	b.n	878032d2 <number+0x2ee>
8780321c:	09d8      	lsrs	r0, r3, #7
8780321e:	2500      	movs	r5, #0
87803220:	4603      	mov	r3, r0
87803222:	fb08 4010 	mls	r0, r8, r0, r4
87803226:	461c      	mov	r4, r3
87803228:	e9cd 450a 	strd	r4, r5, [sp, #40]	; 0x28
8780322c:	f3c0 2303 	ubfx	r3, r0, #8, #4
87803230:	0b02      	lsrs	r2, r0, #12
87803232:	f3c0 1e03 	ubfx	lr, r0, #4, #4
87803236:	eb03 0c83 	add.w	ip, r3, r3, lsl #2
8780323a:	eb0e 0103 	add.w	r1, lr, r3
8780323e:	eb02 0ac2 	add.w	sl, r2, r2, lsl #3
87803242:	4411      	add	r1, r2
87803244:	eb01 0141 	add.w	r1, r1, r1, lsl #1
87803248:	f000 000f 	and.w	r0, r0, #15
8780324c:	44d6      	add	lr, sl
8780324e:	eb00 0041 	add.w	r0, r0, r1, lsl #1
87803252:	21cd      	movs	r1, #205	; 0xcd
87803254:	44e6      	add	lr, ip
87803256:	fb01 fa00 	mul.w	sl, r1, r0
8780325a:	46cb      	mov	fp, r9
8780325c:	f109 0905 	add.w	r9, r9, #5
87803260:	ea4f 2ada 	mov.w	sl, sl, lsr #11
87803264:	44d6      	add	lr, sl
87803266:	eb0a 0a8a 	add.w	sl, sl, sl, lsl #2
8780326a:	fb01 fc0e 	mul.w	ip, r1, lr
8780326e:	eba0 004a 	sub.w	r0, r0, sl, lsl #1
87803272:	3030      	adds	r0, #48	; 0x30
87803274:	ea4f 2cdc 	mov.w	ip, ip, lsr #11
87803278:	f809 0c0a 	strb.w	r0, [r9, #-10]
8780327c:	eb0c 0343 	add.w	r3, ip, r3, lsl #1
87803280:	eb0c 0c8c 	add.w	ip, ip, ip, lsl #2
87803284:	eb03 0043 	add.w	r0, r3, r3, lsl #1
87803288:	ebae 0c4c 	sub.w	ip, lr, ip, lsl #1
8780328c:	eb03 0080 	add.w	r0, r3, r0, lsl #2
87803290:	f10c 0c30 	add.w	ip, ip, #48	; 0x30
87803294:	f809 cc09 	strb.w	ip, [r9, #-9]
87803298:	09c0      	lsrs	r0, r0, #7
8780329a:	eb00 0282 	add.w	r2, r0, r2, lsl #2
8780329e:	eb00 0080 	add.w	r0, r0, r0, lsl #2
878032a2:	fb01 f102 	mul.w	r1, r1, r2
878032a6:	eba3 0040 	sub.w	r0, r3, r0, lsl #1
878032aa:	3030      	adds	r0, #48	; 0x30
878032ac:	f809 0c08 	strb.w	r0, [r9, #-8]
878032b0:	0ac9      	lsrs	r1, r1, #11
878032b2:	eb01 0381 	add.w	r3, r1, r1, lsl #2
878032b6:	3130      	adds	r1, #48	; 0x30
878032b8:	f809 1c06 	strb.w	r1, [r9, #-6]
878032bc:	eba2 0243 	sub.w	r2, r2, r3, lsl #1
878032c0:	3230      	adds	r2, #48	; 0x30
878032c2:	f809 2c07 	strb.w	r2, [r9, #-7]
878032c6:	e9dd 2302 	ldrd	r2, r3, [sp, #8]
878032ca:	42ab      	cmp	r3, r5
878032cc:	bf08      	it	eq
878032ce:	42a2      	cmpeq	r2, r4
878032d0:	d234      	bcs.n	8780333c <number+0x358>
878032d2:	0028      	movs	r0, r5
878032d4:	2100      	movs	r1, #0
878032d6:	0962      	lsrs	r2, r4, #5
878032d8:	ea50 0301 	orrs.w	r3, r0, r1
878032dc:	fba2 2307 	umull	r2, r3, r2, r7
878032e0:	d09c      	beq.n	8780321c <number+0x238>
878032e2:	4641      	mov	r1, r8
878032e4:	a80a      	add	r0, sp, #40	; 0x28
878032e6:	f7ff fbcd 	bl	87802a84 <__div64_32>
878032ea:	e9dd 450a 	ldrd	r4, r5, [sp, #40]	; 0x28
878032ee:	e79d      	b.n	8780322c <number+0x248>
878032f0:	9931      	ldr	r1, [sp, #196]	; 0xc4
878032f2:	4252      	negs	r2, r2
878032f4:	eb63 0343 	sbc.w	r3, r3, r3, lsl #1
878032f8:	3901      	subs	r1, #1
878032fa:	9131      	str	r1, [sp, #196]	; 0xc4
878032fc:	212d      	movs	r1, #45	; 0x2d
878032fe:	9101      	str	r1, [sp, #4]
87803300:	e698      	b.n	87803034 <number+0x50>
87803302:	3902      	subs	r1, #2
87803304:	9131      	str	r1, [sp, #196]	; 0xc4
87803306:	ea52 0103 	orrs.w	r1, r2, r3
8780330a:	bf1c      	itt	ne
8780330c:	f04f 0a0f 	movne.w	sl, #15
87803310:	f04f 0b04 	movne.w	fp, #4
87803314:	f47f aea5 	bne.w	87803062 <number+0x7e>
87803318:	e6d5      	b.n	878030c6 <number+0xe2>
8780331a:	429d      	cmp	r5, r3
8780331c:	f104 0402 	add.w	r4, r4, #2
87803320:	bf84      	itt	hi
87803322:	f048 0858 	orrhi.w	r8, r8, #88	; 0x58
87803326:	f804 8c01 	strbhi.w	r8, [r4, #-1]
8780332a:	e703      	b.n	87803134 <number+0x150>
8780332c:	9931      	ldr	r1, [sp, #196]	; 0xc4
8780332e:	3901      	subs	r1, #1
87803330:	9131      	str	r1, [sp, #196]	; 0xc4
87803332:	212b      	movs	r1, #43	; 0x2b
87803334:	9101      	str	r1, [sp, #4]
87803336:	e67d      	b.n	87803034 <number+0x50>
87803338:	4620      	mov	r0, r4
8780333a:	e736      	b.n	878031aa <number+0x1c6>
8780333c:	e9cd 4504 	strd	r4, r5, [sp, #16]
87803340:	f10d 0e34 	add.w	lr, sp, #52	; 0x34
87803344:	e9dd 8706 	ldrd	r8, r7, [sp, #24]
87803348:	e9dd 4508 	ldrd	r4, r5, [sp, #32]
8780334c:	e9dd 9a04 	ldrd	r9, sl, [sp, #16]
87803350:	f04f 0acd 	mov.w	sl, #205	; 0xcd
87803354:	9a04      	ldr	r2, [sp, #16]
87803356:	f3c9 1003 	ubfx	r0, r9, #4, #4
8780335a:	f3c9 2103 	ubfx	r1, r9, #8, #4
8780335e:	ea4f 3919 	mov.w	r9, r9, lsr #12
87803362:	f002 020f 	and.w	r2, r2, #15
87803366:	9202      	str	r2, [sp, #8]
87803368:	1843      	adds	r3, r0, r1
8780336a:	eb09 02c9 	add.w	r2, r9, r9, lsl #3
8780336e:	444b      	add	r3, r9
87803370:	eb03 0343 	add.w	r3, r3, r3, lsl #1
87803374:	eb01 0c81 	add.w	ip, r1, r1, lsl #2
87803378:	4402      	add	r2, r0
8780337a:	9802      	ldr	r0, [sp, #8]
8780337c:	eb00 0343 	add.w	r3, r0, r3, lsl #1
87803380:	eb02 000c 	add.w	r0, r2, ip
87803384:	fb0a f203 	mul.w	r2, sl, r3
87803388:	0ad2      	lsrs	r2, r2, #11
8780338a:	eb02 0c82 	add.w	ip, r2, r2, lsl #2
8780338e:	1812      	adds	r2, r2, r0
87803390:	eba3 034c 	sub.w	r3, r3, ip, lsl #1
87803394:	bf08      	it	eq
87803396:	f10b 0c01 	addeq.w	ip, fp, #1
8780339a:	f103 0330 	add.w	r3, r3, #48	; 0x30
8780339e:	f88b 3000 	strb.w	r3, [fp]
878033a2:	d036      	beq.n	87803412 <number+0x42e>
878033a4:	fb0a f302 	mul.w	r3, sl, r2
878033a8:	0adb      	lsrs	r3, r3, #11
878033aa:	eb03 0083 	add.w	r0, r3, r3, lsl #2
878033ae:	eb03 0341 	add.w	r3, r3, r1, lsl #1
878033b2:	eba2 0240 	sub.w	r2, r2, r0, lsl #1
878033b6:	3230      	adds	r2, #48	; 0x30
878033b8:	f88b 2001 	strb.w	r2, [fp, #1]
878033bc:	ea59 0203 	orrs.w	r2, r9, r3
878033c0:	bf08      	it	eq
878033c2:	f10b 0c02 	addeq.w	ip, fp, #2
878033c6:	d024      	beq.n	87803412 <number+0x42e>
878033c8:	eb03 0243 	add.w	r2, r3, r3, lsl #1
878033cc:	eb03 0282 	add.w	r2, r3, r2, lsl #2
878033d0:	09d2      	lsrs	r2, r2, #7
878033d2:	eb02 0182 	add.w	r1, r2, r2, lsl #2
878033d6:	eb12 0289 	adds.w	r2, r2, r9, lsl #2
878033da:	eba3 0341 	sub.w	r3, r3, r1, lsl #1
878033de:	bf08      	it	eq
878033e0:	f10b 0c03 	addeq.w	ip, fp, #3
878033e4:	f103 0330 	add.w	r3, r3, #48	; 0x30
878033e8:	f88b 3002 	strb.w	r3, [fp, #2]
878033ec:	d011      	beq.n	87803412 <number+0x42e>
878033ee:	fb0a f302 	mul.w	r3, sl, r2
878033f2:	f10b 0c04 	add.w	ip, fp, #4
878033f6:	0adb      	lsrs	r3, r3, #11
878033f8:	eb03 0183 	add.w	r1, r3, r3, lsl #2
878033fc:	eba2 0241 	sub.w	r2, r2, r1, lsl #1
87803400:	3230      	adds	r2, #48	; 0x30
87803402:	f88b 2003 	strb.w	r2, [fp, #3]
87803406:	b123      	cbz	r3, 87803412 <number+0x42e>
87803408:	f10b 0c05 	add.w	ip, fp, #5
8780340c:	3330      	adds	r3, #48	; 0x30
8780340e:	f88b 3004 	strb.w	r3, [fp, #4]
87803412:	ebac 0c0e 	sub.w	ip, ip, lr
87803416:	f10c 30ff 	add.w	r0, ip, #4294967295	; 0xffffffff
8780341a:	e65a      	b.n	878030d2 <number+0xee>
8780341c:	f10d 0e34 	add.w	lr, sp, #52	; 0x34
87803420:	46f3      	mov	fp, lr
87803422:	e793      	b.n	8780334c <number+0x368>

87803424 <simple_strtoul>:
87803424:	b4f0      	push	{r4, r5, r6, r7}
87803426:	4607      	mov	r7, r0
87803428:	7804      	ldrb	r4, [r0, #0]
8780342a:	bb52      	cbnz	r2, 87803482 <simple_strtoul+0x5e>
8780342c:	2c30      	cmp	r4, #48	; 0x30
8780342e:	d04f      	beq.n	878034d0 <simple_strtoul+0xac>
87803430:	f249 2c48 	movw	ip, #37448	; 0x9248
87803434:	4623      	mov	r3, r4
87803436:	f2c8 7c80 	movt	ip, #34688	; 0x8780
8780343a:	220a      	movs	r2, #10
8780343c:	f81c 5004 	ldrb.w	r5, [ip, r4]
87803440:	f005 0044 	and.w	r0, r5, #68	; 0x44
87803444:	b1c8      	cbz	r0, 8780347a <simple_strtoul+0x56>
87803446:	2000      	movs	r0, #0
87803448:	e009      	b.n	8780345e <simple_strtoul+0x3a>
8780344a:	f817 4f01 	ldrb.w	r4, [r7, #1]!
8780344e:	fb02 3000 	mla	r0, r2, r0, r3
87803452:	f81c 5004 	ldrb.w	r5, [ip, r4]
87803456:	4623      	mov	r3, r4
87803458:	f015 0f44 	tst.w	r5, #68	; 0x44
8780345c:	d00d      	beq.n	8780347a <simple_strtoul+0x56>
8780345e:	f015 0f04 	tst.w	r5, #4
87803462:	f1a3 0330 	sub.w	r3, r3, #48	; 0x30
87803466:	d106      	bne.n	87803476 <simple_strtoul+0x52>
87803468:	f1a4 0320 	sub.w	r3, r4, #32
8780346c:	07ad      	lsls	r5, r5, #30
8780346e:	bf48      	it	mi
87803470:	b2dc      	uxtbmi	r4, r3
87803472:	f1a4 0337 	sub.w	r3, r4, #55	; 0x37
87803476:	4293      	cmp	r3, r2
87803478:	d3e7      	bcc.n	8780344a <simple_strtoul+0x26>
8780347a:	b101      	cbz	r1, 8780347e <simple_strtoul+0x5a>
8780347c:	600f      	str	r7, [r1, #0]
8780347e:	bcf0      	pop	{r4, r5, r6, r7}
87803480:	4770      	bx	lr
87803482:	2a10      	cmp	r2, #16
87803484:	d009      	beq.n	8780349a <simple_strtoul+0x76>
87803486:	f249 2c48 	movw	ip, #37448	; 0x9248
8780348a:	4623      	mov	r3, r4
8780348c:	f2c8 7c80 	movt	ip, #34688	; 0x8780
87803490:	f81c 5004 	ldrb.w	r5, [ip, r4]
87803494:	f005 0044 	and.w	r0, r5, #68	; 0x44
87803498:	e7d4      	b.n	87803444 <simple_strtoul+0x20>
8780349a:	2c30      	cmp	r4, #48	; 0x30
8780349c:	d1f3      	bne.n	87803486 <simple_strtoul+0x62>
8780349e:	7843      	ldrb	r3, [r0, #1]
878034a0:	f249 2c48 	movw	ip, #37448	; 0x9248
878034a4:	f2c8 7c80 	movt	ip, #34688	; 0x8780
878034a8:	f81c 0003 	ldrb.w	r0, [ip, r3]
878034ac:	0786      	lsls	r6, r0, #30
878034ae:	bf44      	itt	mi
878034b0:	3b20      	submi	r3, #32
878034b2:	b2db      	uxtbmi	r3, r3
878034b4:	2b58      	cmp	r3, #88	; 0x58
878034b6:	bf0d      	iteet	eq
878034b8:	78bc      	ldrbeq	r4, [r7, #2]
878034ba:	2330      	movne	r3, #48	; 0x30
878034bc:	f89c 5030 	ldrbne.w	r5, [ip, #48]	; 0x30
878034c0:	3702      	addeq	r7, #2
878034c2:	bf04      	itt	eq
878034c4:	f81c 5004 	ldrbeq.w	r5, [ip, r4]
878034c8:	4623      	moveq	r3, r4
878034ca:	f005 0044 	and.w	r0, r5, #68	; 0x44
878034ce:	e7b9      	b.n	87803444 <simple_strtoul+0x20>
878034d0:	7844      	ldrb	r4, [r0, #1]
878034d2:	f249 2c48 	movw	ip, #37448	; 0x9248
878034d6:	f2c8 7c80 	movt	ip, #34688	; 0x8780
878034da:	3001      	adds	r0, #1
878034dc:	f81c 5004 	ldrb.w	r5, [ip, r4]
878034e0:	4623      	mov	r3, r4
878034e2:	07aa      	lsls	r2, r5, #30
878034e4:	bf4a      	itet	mi
878034e6:	f1a4 0220 	submi.w	r2, r4, #32
878034ea:	4622      	movpl	r2, r4
878034ec:	b2d2      	uxtbmi	r2, r2
878034ee:	2a58      	cmp	r2, #88	; 0x58
878034f0:	d004      	beq.n	878034fc <simple_strtoul+0xd8>
878034f2:	4607      	mov	r7, r0
878034f4:	2208      	movs	r2, #8
878034f6:	f005 0044 	and.w	r0, r5, #68	; 0x44
878034fa:	e7a3      	b.n	87803444 <simple_strtoul+0x20>
878034fc:	78be      	ldrb	r6, [r7, #2]
878034fe:	f81c 2006 	ldrb.w	r2, [ip, r6]
87803502:	f012 0f44 	tst.w	r2, #68	; 0x44
87803506:	d0f4      	beq.n	878034f2 <simple_strtoul+0xce>
87803508:	4615      	mov	r5, r2
8780350a:	4633      	mov	r3, r6
8780350c:	3702      	adds	r7, #2
8780350e:	4634      	mov	r4, r6
87803510:	2210      	movs	r2, #16
87803512:	e798      	b.n	87803446 <simple_strtoul+0x22>

87803514 <simple_strtol>:
87803514:	b510      	push	{r4, lr}
87803516:	7804      	ldrb	r4, [r0, #0]
87803518:	2c2d      	cmp	r4, #45	; 0x2d
8780351a:	d003      	beq.n	87803524 <simple_strtol+0x10>
8780351c:	e8bd 4010 	ldmia.w	sp!, {r4, lr}
87803520:	f7ff bf80 	b.w	87803424 <simple_strtoul>
87803524:	3001      	adds	r0, #1
87803526:	f7ff ff7d 	bl	87803424 <simple_strtoul>
8780352a:	4240      	negs	r0, r0
8780352c:	bd10      	pop	{r4, pc}
8780352e:	bf00      	nop

87803530 <simple_strtoull>:
87803530:	e92d 4ff0 	stmdb	sp!, {r4, r5, r6, r7, r8, r9, sl, fp, lr}
87803534:	4686      	mov	lr, r0
87803536:	468a      	mov	sl, r1
87803538:	7803      	ldrb	r3, [r0, #0]
8780353a:	2a00      	cmp	r2, #0
8780353c:	d13e      	bne.n	878035bc <simple_strtoull+0x8c>
8780353e:	2b30      	cmp	r3, #48	; 0x30
87803540:	d065      	beq.n	8780360e <simple_strtoull+0xde>
87803542:	f249 2b48 	movw	fp, #37448	; 0x9248
87803546:	461a      	mov	r2, r3
87803548:	f2c8 7b80 	movt	fp, #34688	; 0x8780
8780354c:	260a      	movs	r6, #10
8780354e:	f81b c003 	ldrb.w	ip, [fp, r3]
87803552:	f00c 0144 	and.w	r1, ip, #68	; 0x44
87803556:	2900      	cmp	r1, #0
87803558:	d070      	beq.n	8780363c <simple_strtoull+0x10c>
8780355a:	2000      	movs	r0, #0
8780355c:	2100      	movs	r1, #0
8780355e:	2700      	movs	r7, #0
87803560:	e00e      	b.n	87803580 <simple_strtoull+0x50>
87803562:	fb06 3101 	mla	r1, r6, r1, r3
87803566:	f81e 3f01 	ldrb.w	r3, [lr, #1]!
8780356a:	eb18 0004 	adds.w	r0, r8, r4
8780356e:	f81b c003 	ldrb.w	ip, [fp, r3]
87803572:	461a      	mov	r2, r3
87803574:	4489      	add	r9, r1
87803576:	eb49 0105 	adc.w	r1, r9, r5
8780357a:	f01c 0f44 	tst.w	ip, #68	; 0x44
8780357e:	d016      	beq.n	878035ae <simple_strtoull+0x7e>
87803580:	f01c 0f04 	tst.w	ip, #4
87803584:	f1a2 0430 	sub.w	r4, r2, #48	; 0x30
87803588:	d108      	bne.n	8780359c <simple_strtoull+0x6c>
8780358a:	3b20      	subs	r3, #32
8780358c:	f01c 0f02 	tst.w	ip, #2
87803590:	b2db      	uxtb	r3, r3
87803592:	f1a2 0437 	sub.w	r4, r2, #55	; 0x37
87803596:	bf18      	it	ne
87803598:	f1a3 0437 	subne.w	r4, r3, #55	; 0x37
8780359c:	17e5      	asrs	r5, r4, #31
8780359e:	fb00 f307 	mul.w	r3, r0, r7
878035a2:	42bd      	cmp	r5, r7
878035a4:	fba0 8906 	umull	r8, r9, r0, r6
878035a8:	bf08      	it	eq
878035aa:	42b4      	cmpeq	r4, r6
878035ac:	d3d9      	bcc.n	87803562 <simple_strtoull+0x32>
878035ae:	f1ba 0f00 	cmp.w	sl, #0
878035b2:	d001      	beq.n	878035b8 <simple_strtoull+0x88>
878035b4:	f8ca e000 	str.w	lr, [sl]
878035b8:	e8bd 8ff0 	ldmia.w	sp!, {r4, r5, r6, r7, r8, r9, sl, fp, pc}
878035bc:	2a10      	cmp	r2, #16
878035be:	4616      	mov	r6, r2
878035c0:	d009      	beq.n	878035d6 <simple_strtoull+0xa6>
878035c2:	f249 2b48 	movw	fp, #37448	; 0x9248
878035c6:	461a      	mov	r2, r3
878035c8:	f2c8 7b80 	movt	fp, #34688	; 0x8780
878035cc:	f81b c003 	ldrb.w	ip, [fp, r3]
878035d0:	f00c 0144 	and.w	r1, ip, #68	; 0x44
878035d4:	e7bf      	b.n	87803556 <simple_strtoull+0x26>
878035d6:	2b30      	cmp	r3, #48	; 0x30
878035d8:	d1f3      	bne.n	878035c2 <simple_strtoull+0x92>
878035da:	7842      	ldrb	r2, [r0, #1]
878035dc:	f249 2b48 	movw	fp, #37448	; 0x9248
878035e0:	f2c8 7b80 	movt	fp, #34688	; 0x8780
878035e4:	f81b 1002 	ldrb.w	r1, [fp, r2]
878035e8:	0789      	lsls	r1, r1, #30
878035ea:	bf44      	itt	mi
878035ec:	3a20      	submi	r2, #32
878035ee:	b2d2      	uxtbmi	r2, r2
878035f0:	2a58      	cmp	r2, #88	; 0x58
878035f2:	bf0d      	iteet	eq
878035f4:	7883      	ldrbeq	r3, [r0, #2]
878035f6:	2230      	movne	r2, #48	; 0x30
878035f8:	f89b c030 	ldrbne.w	ip, [fp, #48]	; 0x30
878035fc:	f100 0e02 	addeq.w	lr, r0, #2
87803600:	bf04      	itt	eq
87803602:	f81b c003 	ldrbeq.w	ip, [fp, r3]
87803606:	461a      	moveq	r2, r3
87803608:	f00c 0144 	and.w	r1, ip, #68	; 0x44
8780360c:	e7a3      	b.n	87803556 <simple_strtoull+0x26>
8780360e:	7843      	ldrb	r3, [r0, #1]
87803610:	f249 2b48 	movw	fp, #37448	; 0x9248
87803614:	f2c8 7b80 	movt	fp, #34688	; 0x8780
87803618:	3001      	adds	r0, #1
8780361a:	f81b c003 	ldrb.w	ip, [fp, r3]
8780361e:	461a      	mov	r2, r3
87803620:	f01c 0f02 	tst.w	ip, #2
87803624:	bf16      	itet	ne
87803626:	f1a3 0120 	subne.w	r1, r3, #32
8780362a:	4619      	moveq	r1, r3
8780362c:	b2c9      	uxtbne	r1, r1
8780362e:	2958      	cmp	r1, #88	; 0x58
87803630:	d007      	beq.n	87803642 <simple_strtoull+0x112>
87803632:	4686      	mov	lr, r0
87803634:	f00c 0144 	and.w	r1, ip, #68	; 0x44
87803638:	2608      	movs	r6, #8
8780363a:	e78c      	b.n	87803556 <simple_strtoull+0x26>
8780363c:	2000      	movs	r0, #0
8780363e:	2100      	movs	r1, #0
87803640:	e7b5      	b.n	878035ae <simple_strtoull+0x7e>
87803642:	f89e 4002 	ldrb.w	r4, [lr, #2]
87803646:	f81b 1004 	ldrb.w	r1, [fp, r4]
8780364a:	f011 0f44 	tst.w	r1, #68	; 0x44
8780364e:	d0f0      	beq.n	87803632 <simple_strtoull+0x102>
87803650:	4622      	mov	r2, r4
87803652:	f10e 0e02 	add.w	lr, lr, #2
87803656:	468c      	mov	ip, r1
87803658:	4623      	mov	r3, r4
8780365a:	2610      	movs	r6, #16
8780365c:	e77d      	b.n	8780355a <simple_strtoull+0x2a>
8780365e:	bf00      	nop

87803660 <simple_strtoll>:
87803660:	b510      	push	{r4, lr}
87803662:	7804      	ldrb	r4, [r0, #0]
87803664:	2c2d      	cmp	r4, #45	; 0x2d
87803666:	d003      	beq.n	87803670 <simple_strtoll+0x10>
87803668:	e8bd 4010 	ldmia.w	sp!, {r4, lr}
8780366c:	f7ff bf60 	b.w	87803530 <simple_strtoull>
87803670:	3001      	adds	r0, #1
87803672:	f7ff ff5d 	bl	87803530 <simple_strtoull>
87803676:	4240      	negs	r0, r0
87803678:	eb61 0141 	sbc.w	r1, r1, r1, lsl #1
8780367c:	bd10      	pop	{r4, pc}
8780367e:	bf00      	nop

87803680 <vsnprintf>:
87803680:	e92d 4ff0 	stmdb	sp!, {r4, r5, r6, r7, r8, r9, sl, fp, lr}
87803684:	f1b1 0a00 	subs.w	sl, r1, #0
87803688:	b089      	sub	sp, #36	; 0x24
8780368a:	f2c0 8284 	blt.w	87803b96 <vsnprintf+0x516>
8780368e:	f10a 37ff 	add.w	r7, sl, #4294967295	; 0xffffffff
87803692:	4699      	mov	r9, r3
87803694:	4407      	add	r7, r0
87803696:	1e43      	subs	r3, r0, #1
87803698:	429f      	cmp	r7, r3
8780369a:	4605      	mov	r5, r0
8780369c:	9005      	str	r0, [sp, #20]
8780369e:	4614      	mov	r4, r2
878036a0:	7810      	ldrb	r0, [r2, #0]
878036a2:	f0c0 80cc 	bcc.w	8780383e <vsnprintf+0x1be>
878036a6:	2800      	cmp	r0, #0
878036a8:	f000 80d4 	beq.w	87803854 <vsnprintf+0x1d4>
878036ac:	f249 2848 	movw	r8, #37448	; 0x9248
878036b0:	f249 2b34 	movw	fp, #37428	; 0x9234
878036b4:	f2c8 7880 	movt	r8, #34688	; 0x8780
878036b8:	f2c8 7b80 	movt	fp, #34688	; 0x8780
878036bc:	e008      	b.n	878036d0 <vsnprintf+0x50>
878036be:	42af      	cmp	r7, r5
878036c0:	bf28      	it	cs
878036c2:	7028      	strbcs	r0, [r5, #0]
878036c4:	7860      	ldrb	r0, [r4, #1]
878036c6:	3501      	adds	r5, #1
878036c8:	3401      	adds	r4, #1
878036ca:	2800      	cmp	r0, #0
878036cc:	f000 80c0 	beq.w	87803850 <vsnprintf+0x1d0>
878036d0:	2825      	cmp	r0, #37	; 0x25
878036d2:	d1f4      	bne.n	878036be <vsnprintf+0x3e>
878036d4:	2200      	movs	r2, #0
878036d6:	7863      	ldrb	r3, [r4, #1]
878036d8:	f104 0c01 	add.w	ip, r4, #1
878036dc:	f1a3 0120 	sub.w	r1, r3, #32
878036e0:	2910      	cmp	r1, #16
878036e2:	d81e      	bhi.n	87803722 <vsnprintf+0xa2>
878036e4:	e8df f001 	tbb	[pc, r1]
878036e8:	151d1d19 	ldrne	r1, [sp, #-3353]	; 0xfffff2e7
878036ec:	1d1d1d1d 	ldcne	13, cr1, [sp, #-116]	; 0xffffff8c
878036f0:	111d1d1d 	tstne	sp, sp, lsl sp
878036f4:	1d1d0d1d 	ldcne	13, cr0, [sp, #-116]	; 0xffffff8c
878036f8:	f0420009 			; <UNDEFINED> instruction: 0xf0420009
878036fc:	0201      	lsls	r1, r0, #8
878036fe:	4664      	mov	r4, ip
87803700:	e7e9      	b.n	878036d6 <vsnprintf+0x56>
87803702:	f042 0210 	orr.w	r2, r2, #16
87803706:	4664      	mov	r4, ip
87803708:	e7e5      	b.n	878036d6 <vsnprintf+0x56>
8780370a:	f042 0204 	orr.w	r2, r2, #4
8780370e:	4664      	mov	r4, ip
87803710:	e7e1      	b.n	878036d6 <vsnprintf+0x56>
87803712:	f042 0220 	orr.w	r2, r2, #32
87803716:	4664      	mov	r4, ip
87803718:	e7dd      	b.n	878036d6 <vsnprintf+0x56>
8780371a:	f042 0208 	orr.w	r2, r2, #8
8780371e:	4664      	mov	r4, ip
87803720:	e7d9      	b.n	878036d6 <vsnprintf+0x56>
87803722:	f818 0003 	ldrb.w	r0, [r8, r3]
87803726:	4619      	mov	r1, r3
87803728:	0746      	lsls	r6, r0, #29
8780372a:	f100 809e 	bmi.w	8780386a <vsnprintf+0x1ea>
8780372e:	2b2a      	cmp	r3, #42	; 0x2a
87803730:	bf18      	it	ne
87803732:	f04f 36ff 	movne.w	r6, #4294967295	; 0xffffffff
87803736:	d10b      	bne.n	87803750 <vsnprintf+0xd0>
87803738:	f8d9 6000 	ldr.w	r6, [r9]
8780373c:	f104 0c02 	add.w	ip, r4, #2
87803740:	78a3      	ldrb	r3, [r4, #2]
87803742:	f109 0904 	add.w	r9, r9, #4
87803746:	2e00      	cmp	r6, #0
87803748:	bfbc      	itt	lt
8780374a:	4276      	neglt	r6, r6
8780374c:	f042 0210 	orrlt.w	r2, r2, #16
87803750:	2b2e      	cmp	r3, #46	; 0x2e
87803752:	bf18      	it	ne
87803754:	f04f 31ff 	movne.w	r1, #4294967295	; 0xffffffff
87803758:	f000 809a 	beq.w	87803890 <vsnprintf+0x210>
8780375c:	f003 00df 	and.w	r0, r3, #223	; 0xdf
87803760:	285a      	cmp	r0, #90	; 0x5a
87803762:	bf18      	it	ne
87803764:	284c      	cmpne	r0, #76	; 0x4c
87803766:	bf0c      	ite	eq
87803768:	2001      	moveq	r0, #1
8780376a:	2000      	movne	r0, #0
8780376c:	2b68      	cmp	r3, #104	; 0x68
8780376e:	bf08      	it	eq
87803770:	f040 0001 	orreq.w	r0, r0, #1
87803774:	2800      	cmp	r0, #0
87803776:	f000 8106 	beq.w	87803986 <vsnprintf+0x306>
8780377a:	4618      	mov	r0, r3
8780377c:	f10c 0401 	add.w	r4, ip, #1
87803780:	286c      	cmp	r0, #108	; 0x6c
87803782:	f89c 3001 	ldrb.w	r3, [ip, #1]
87803786:	f000 809c 	beq.w	878038c2 <vsnprintf+0x242>
8780378a:	3b25      	subs	r3, #37	; 0x25
8780378c:	2b53      	cmp	r3, #83	; 0x53
8780378e:	f200 81c6 	bhi.w	87803b1e <vsnprintf+0x49e>
87803792:	e8df f013 	tbh	[pc, r3, lsl #1]
87803796:	01c4017e 	biceq	r0, r4, lr, ror r1
8780379a:	01c401c4 	biceq	r0, r4, r4, asr #3
8780379e:	01c401c4 	biceq	r0, r4, r4, asr #3
878037a2:	01c401c4 	biceq	r0, r4, r4, asr #3
878037a6:	01c401c4 	biceq	r0, r4, r4, asr #3
878037aa:	01c401c4 	biceq	r0, r4, r4, asr #3
878037ae:	01c401c4 	biceq	r0, r4, r4, asr #3
878037b2:	01c401c4 	biceq	r0, r4, r4, asr #3
878037b6:	01c401c4 	biceq	r0, r4, r4, asr #3
878037ba:	01c401c4 	biceq	r0, r4, r4, asr #3
878037be:	01c401c4 	biceq	r0, r4, r4, asr #3
878037c2:	01c401c4 	biceq	r0, r4, r4, asr #3
878037c6:	01c401c4 	biceq	r0, r4, r4, asr #3
878037ca:	01c401c4 	biceq	r0, r4, r4, asr #3
878037ce:	01c401c4 	biceq	r0, r4, r4, asr #3
878037d2:	01c401c4 	biceq	r0, r4, r4, asr #3
878037d6:	01c401c4 	biceq	r0, r4, r4, asr #3
878037da:	01c401c4 	biceq	r0, r4, r4, asr #3
878037de:	01c401c4 	biceq	r0, r4, r4, asr #3
878037e2:	01c401c4 	biceq	r0, r4, r4, asr #3
878037e6:	01c401c4 	biceq	r0, r4, r4, asr #3
878037ea:	01c401c4 	biceq	r0, r4, r4, asr #3
878037ee:	01c401c4 	biceq	r0, r4, r4, asr #3
878037f2:	01c401c4 	biceq	r0, r4, r4, asr #3
878037f6:	01c401c4 	biceq	r0, r4, r4, asr #3
878037fa:	01a401c4 			; <UNDEFINED> instruction: 0x01a401c4
878037fe:	01c401c4 	biceq	r0, r4, r4, asr #3
87803802:	01c401c4 	biceq	r0, r4, r4, asr #3
87803806:	01c401c4 	biceq	r0, r4, r4, asr #3
8780380a:	01c401c4 	biceq	r0, r4, r4, asr #3
8780380e:	01c401c4 	biceq	r0, r4, r4, asr #3
87803812:	01af015c 			; <UNDEFINED> instruction: 0x01af015c
87803816:	01c401c4 	biceq	r0, r4, r4, asr #3
8780381a:	01c401c4 	biceq	r0, r4, r4, asr #3
8780381e:	01c401af 	biceq	r0, r4, pc, lsr #3
87803822:	01c401c4 	biceq	r0, r4, r4, asr #3
87803826:	01ba01c4 			; <UNDEFINED> instruction: 0x01ba01c4
8780382a:	014501b4 	strheq	r0, [r5, #-20]	; 0xffffffec
8780382e:	01c401c4 	biceq	r0, r4, r4, asr #3
87803832:	01c4010e 	biceq	r0, r4, lr, lsl #2
87803836:	01c40183 	biceq	r0, r4, r3, lsl #3
8780383a:	01b701c4 			; <UNDEFINED> instruction: 0x01b701c4
8780383e:	f1c5 0a00 	rsb	sl, r5, #0
87803842:	2800      	cmp	r0, #0
87803844:	f000 809a 	beq.w	8780397c <vsnprintf+0x2fc>
87803848:	f04f 37ff 	mov.w	r7, #4294967295	; 0xffffffff
8780384c:	e72e      	b.n	878036ac <vsnprintf+0x2c>
8780384e:	4615      	mov	r5, r2
87803850:	9b05      	ldr	r3, [sp, #20]
87803852:	1ae8      	subs	r0, r5, r3
87803854:	42af      	cmp	r7, r5
87803856:	f080 8091 	bcs.w	8780397c <vsnprintf+0x2fc>
8780385a:	f1ba 0f00 	cmp.w	sl, #0
8780385e:	d001      	beq.n	87803864 <vsnprintf+0x1e4>
87803860:	2300      	movs	r3, #0
87803862:	703b      	strb	r3, [r7, #0]
87803864:	b009      	add	sp, #36	; 0x24
87803866:	e8bd 8ff0 	ldmia.w	sp!, {r4, r5, r6, r7, r8, r9, sl, fp, pc}
8780386a:	2600      	movs	r6, #0
8780386c:	eb06 0686 	add.w	r6, r6, r6, lsl #2
87803870:	eb01 0646 	add.w	r6, r1, r6, lsl #1
87803874:	f81c 1f01 	ldrb.w	r1, [ip, #1]!
87803878:	3e30      	subs	r6, #48	; 0x30
8780387a:	f818 0001 	ldrb.w	r0, [r8, r1]
8780387e:	460b      	mov	r3, r1
87803880:	0740      	lsls	r0, r0, #29
87803882:	d4f3      	bmi.n	8780386c <vsnprintf+0x1ec>
87803884:	2b2e      	cmp	r3, #46	; 0x2e
87803886:	bf18      	it	ne
87803888:	f04f 31ff 	movne.w	r1, #4294967295	; 0xffffffff
8780388c:	f47f af66 	bne.w	8780375c <vsnprintf+0xdc>
87803890:	f89c 4001 	ldrb.w	r4, [ip, #1]
87803894:	f10c 0001 	add.w	r0, ip, #1
87803898:	f818 1004 	ldrb.w	r1, [r8, r4]
8780389c:	4623      	mov	r3, r4
8780389e:	f011 0104 	ands.w	r1, r1, #4
878038a2:	d174      	bne.n	8780398e <vsnprintf+0x30e>
878038a4:	2c2a      	cmp	r4, #42	; 0x2a
878038a6:	bf09      	itett	eq
878038a8:	f8d9 1000 	ldreq.w	r1, [r9]
878038ac:	4684      	movne	ip, r0
878038ae:	f89c 3002 	ldrbeq.w	r3, [ip, #2]
878038b2:	f109 0904 	addeq.w	r9, r9, #4
878038b6:	bf04      	itt	eq
878038b8:	f10c 0c02 	addeq.w	ip, ip, #2
878038bc:	ea21 71e1 	biceq.w	r1, r1, r1, asr #31
878038c0:	e74c      	b.n	8780375c <vsnprintf+0xdc>
878038c2:	2b6c      	cmp	r3, #108	; 0x6c
878038c4:	f000 8155 	beq.w	87803b72 <vsnprintf+0x4f2>
878038c8:	3b25      	subs	r3, #37	; 0x25
878038ca:	2b53      	cmp	r3, #83	; 0x53
878038cc:	f200 8127 	bhi.w	87803b1e <vsnprintf+0x49e>
878038d0:	e8df f013 	tbh	[pc, r3, lsl #1]
878038d4:	012500df 	ldrdeq	r0, [r5, -pc]!
878038d8:	01250125 			; <UNDEFINED> instruction: 0x01250125
878038dc:	01250125 			; <UNDEFINED> instruction: 0x01250125
878038e0:	01250125 			; <UNDEFINED> instruction: 0x01250125
878038e4:	01250125 			; <UNDEFINED> instruction: 0x01250125
878038e8:	01250125 			; <UNDEFINED> instruction: 0x01250125
878038ec:	01250125 			; <UNDEFINED> instruction: 0x01250125
878038f0:	01250125 			; <UNDEFINED> instruction: 0x01250125
878038f4:	01250125 			; <UNDEFINED> instruction: 0x01250125
878038f8:	01250125 			; <UNDEFINED> instruction: 0x01250125
878038fc:	01250125 			; <UNDEFINED> instruction: 0x01250125
87803900:	01250125 			; <UNDEFINED> instruction: 0x01250125
87803904:	01250125 			; <UNDEFINED> instruction: 0x01250125
87803908:	01250125 			; <UNDEFINED> instruction: 0x01250125
8780390c:	01250125 			; <UNDEFINED> instruction: 0x01250125
87803910:	01250125 			; <UNDEFINED> instruction: 0x01250125
87803914:	01250125 			; <UNDEFINED> instruction: 0x01250125
87803918:	01250125 			; <UNDEFINED> instruction: 0x01250125
8780391c:	01250125 			; <UNDEFINED> instruction: 0x01250125
87803920:	01250125 			; <UNDEFINED> instruction: 0x01250125
87803924:	01250125 			; <UNDEFINED> instruction: 0x01250125
87803928:	01250125 			; <UNDEFINED> instruction: 0x01250125
8780392c:	01250125 			; <UNDEFINED> instruction: 0x01250125
87803930:	01250125 			; <UNDEFINED> instruction: 0x01250125
87803934:	01250125 			; <UNDEFINED> instruction: 0x01250125
87803938:	019c0125 	orrseq	r0, ip, r5, lsr #2
8780393c:	01250125 			; <UNDEFINED> instruction: 0x01250125
87803940:	01250125 			; <UNDEFINED> instruction: 0x01250125
87803944:	01250125 			; <UNDEFINED> instruction: 0x01250125
87803948:	01250125 			; <UNDEFINED> instruction: 0x01250125
8780394c:	01250125 			; <UNDEFINED> instruction: 0x01250125
87803950:	019500bd 	ldrheq	r0, [r5, sp]
87803954:	01250125 			; <UNDEFINED> instruction: 0x01250125
87803958:	01250125 			; <UNDEFINED> instruction: 0x01250125
8780395c:	01250195 			; <UNDEFINED> instruction: 0x01250195
87803960:	01250125 			; <UNDEFINED> instruction: 0x01250125
87803964:	01370125 	teqeq	r7, r5, lsr #2
87803968:	00a601a3 	adceq	r0, r6, r3, lsr #3
8780396c:	01250125 			; <UNDEFINED> instruction: 0x01250125
87803970:	0125006f 			; <UNDEFINED> instruction: 0x0125006f
87803974:	012501a8 	smulwbeq	r5, r8, r1
87803978:	01410125 	cmpeq	r1, r5, lsr #2
8780397c:	2300      	movs	r3, #0
8780397e:	702b      	strb	r3, [r5, #0]
87803980:	b009      	add	sp, #36	; 0x24
87803982:	e8bd 8ff0 	ldmia.w	sp!, {r4, r5, r6, r7, r8, r9, sl, fp, pc}
87803986:	4664      	mov	r4, ip
87803988:	f04f 30ff 	mov.w	r0, #4294967295	; 0xffffffff
8780398c:	e6fd      	b.n	8780378a <vsnprintf+0x10a>
8780398e:	2100      	movs	r1, #0
87803990:	f810 3f01 	ldrb.w	r3, [r0, #1]!
87803994:	eb01 0181 	add.w	r1, r1, r1, lsl #2
87803998:	eb04 0141 	add.w	r1, r4, r1, lsl #1
8780399c:	f818 c003 	ldrb.w	ip, [r8, r3]
878039a0:	461c      	mov	r4, r3
878039a2:	3930      	subs	r1, #48	; 0x30
878039a4:	f01c 0f04 	tst.w	ip, #4
878039a8:	d1f2      	bne.n	87803990 <vsnprintf+0x310>
878039aa:	ea21 71e1 	bic.w	r1, r1, r1, asr #31
878039ae:	4684      	mov	ip, r0
878039b0:	e6d4      	b.n	8780375c <vsnprintf+0xdc>
878039b2:	f8d9 3000 	ldr.w	r3, [r9]
878039b6:	f109 0904 	add.w	r9, r9, #4
878039ba:	9207      	str	r2, [sp, #28]
878039bc:	f5b3 6f80 	cmp.w	r3, #1024	; 0x400
878039c0:	bf38      	it	cc
878039c2:	465b      	movcc	r3, fp
878039c4:	4618      	mov	r0, r3
878039c6:	9306      	str	r3, [sp, #24]
878039c8:	f7ff f984 	bl	87802cd4 <strnlen>
878039cc:	9a07      	ldr	r2, [sp, #28]
878039ce:	1e71      	subs	r1, r6, #1
878039d0:	9b06      	ldr	r3, [sp, #24]
878039d2:	f012 0f10 	tst.w	r2, #16
878039d6:	f000 80e8 	beq.w	87803baa <vsnprintf+0x52a>
878039da:	2800      	cmp	r0, #0
878039dc:	bfd8      	it	le
878039de:	462a      	movle	r2, r5
878039e0:	dd0d      	ble.n	878039fe <vsnprintf+0x37e>
878039e2:	182a      	adds	r2, r5, r0
878039e4:	42bd      	cmp	r5, r7
878039e6:	f105 0501 	add.w	r5, r5, #1
878039ea:	bf98      	it	ls
878039ec:	f893 c000 	ldrbls.w	ip, [r3]
878039f0:	f103 0301 	add.w	r3, r3, #1
878039f4:	bf98      	it	ls
878039f6:	f805 cc01 	strbls.w	ip, [r5, #-1]
878039fa:	4295      	cmp	r5, r2
878039fc:	d1f2      	bne.n	878039e4 <vsnprintf+0x364>
878039fe:	4286      	cmp	r6, r0
87803a00:	4615      	mov	r5, r2
87803a02:	bfc2      	ittt	gt
87803a04:	1c4a      	addgt	r2, r1, #1
87803a06:	2120      	movgt	r1, #32
87803a08:	1952      	addgt	r2, r2, r5
87803a0a:	dd66      	ble.n	87803ada <vsnprintf+0x45a>
87803a0c:	42bd      	cmp	r5, r7
87803a0e:	f105 0501 	add.w	r5, r5, #1
87803a12:	bf98      	it	ls
87803a14:	f805 1c01 	strbls.w	r1, [r5, #-1]
87803a18:	1b53      	subs	r3, r2, r5
87803a1a:	4298      	cmp	r0, r3
87803a1c:	dbf6      	blt.n	87803a0c <vsnprintf+0x38c>
87803a1e:	e05c      	b.n	87803ada <vsnprintf+0x45a>
87803a20:	f8d9 c000 	ldr.w	ip, [r9]
87803a24:	1c70      	adds	r0, r6, #1
87803a26:	bf04      	itt	eq
87803a28:	f042 0201 	orreq.w	r2, r2, #1
87803a2c:	2608      	moveq	r6, #8
87803a2e:	9102      	str	r1, [sp, #8]
87803a30:	2110      	movs	r1, #16
87803a32:	4628      	mov	r0, r5
87803a34:	9203      	str	r2, [sp, #12]
87803a36:	9100      	str	r1, [sp, #0]
87803a38:	2300      	movs	r3, #0
87803a3a:	4662      	mov	r2, ip
87803a3c:	9601      	str	r6, [sp, #4]
87803a3e:	4639      	mov	r1, r7
87803a40:	f109 0904 	add.w	r9, r9, #4
87803a44:	f7ff face 	bl	87802fe4 <number>
87803a48:	4605      	mov	r5, r0
87803a4a:	7860      	ldrb	r0, [r4, #1]
87803a4c:	e63c      	b.n	878036c8 <vsnprintf+0x48>
87803a4e:	06d3      	lsls	r3, r2, #27
87803a50:	f106 31ff 	add.w	r1, r6, #4294967295	; 0xffffffff
87803a54:	f140 80be 	bpl.w	87803bd4 <vsnprintf+0x554>
87803a58:	42bd      	cmp	r5, r7
87803a5a:	f109 0004 	add.w	r0, r9, #4
87803a5e:	bf98      	it	ls
87803a60:	f8d9 3000 	ldrls.w	r3, [r9]
87803a64:	f105 0601 	add.w	r6, r5, #1
87803a68:	bf98      	it	ls
87803a6a:	702b      	strbls	r3, [r5, #0]
87803a6c:	2900      	cmp	r1, #0
87803a6e:	f340 80de 	ble.w	87803c2e <vsnprintf+0x5ae>
87803a72:	1c4a      	adds	r2, r1, #1
87803a74:	4633      	mov	r3, r6
87803a76:	4415      	add	r5, r2
87803a78:	2220      	movs	r2, #32
87803a7a:	42bb      	cmp	r3, r7
87803a7c:	f103 0301 	add.w	r3, r3, #1
87803a80:	bf98      	it	ls
87803a82:	f803 2c01 	strbls.w	r2, [r3, #-1]
87803a86:	42ab      	cmp	r3, r5
87803a88:	d1f7      	bne.n	87803a7a <vsnprintf+0x3fa>
87803a8a:	4681      	mov	r9, r0
87803a8c:	1875      	adds	r5, r6, r1
87803a8e:	7860      	ldrb	r0, [r4, #1]
87803a90:	e61a      	b.n	878036c8 <vsnprintf+0x48>
87803a92:	42af      	cmp	r7, r5
87803a94:	bf24      	itt	cs
87803a96:	2325      	movcs	r3, #37	; 0x25
87803a98:	702b      	strbcs	r3, [r5, #0]
87803a9a:	e613      	b.n	878036c4 <vsnprintf+0x44>
87803a9c:	f04f 0c0a 	mov.w	ip, #10
87803aa0:	284c      	cmp	r0, #76	; 0x4c
87803aa2:	d022      	beq.n	87803aea <vsnprintf+0x46a>
87803aa4:	286c      	cmp	r0, #108	; 0x6c
87803aa6:	f109 0e04 	add.w	lr, r9, #4
87803aaa:	d058      	beq.n	87803b5e <vsnprintf+0x4de>
87803aac:	f020 0320 	bic.w	r3, r0, #32
87803ab0:	2b5a      	cmp	r3, #90	; 0x5a
87803ab2:	d164      	bne.n	87803b7e <vsnprintf+0x4fe>
87803ab4:	f8d9 3000 	ldr.w	r3, [r9]
87803ab8:	46f1      	mov	r9, lr
87803aba:	ee80 3b90 	vdup.32	d16, r3
87803abe:	ffe0 00b0 	vshr.u64	d16, d16, #32
87803ac2:	9203      	str	r2, [sp, #12]
87803ac4:	4628      	mov	r0, r5
87803ac6:	9102      	str	r1, [sp, #8]
87803ac8:	4639      	mov	r1, r7
87803aca:	ec53 2b30 	vmov	r2, r3, d16
87803ace:	9601      	str	r6, [sp, #4]
87803ad0:	f8cd c000 	str.w	ip, [sp]
87803ad4:	f7ff fa86 	bl	87802fe4 <number>
87803ad8:	4605      	mov	r5, r0
87803ada:	7860      	ldrb	r0, [r4, #1]
87803adc:	e5f4      	b.n	878036c8 <vsnprintf+0x48>
87803ade:	284c      	cmp	r0, #76	; 0x4c
87803ae0:	f042 0240 	orr.w	r2, r2, #64	; 0x40
87803ae4:	f04f 0c10 	mov.w	ip, #16
87803ae8:	d1dc      	bne.n	87803aa4 <vsnprintf+0x424>
87803aea:	edd9 0b00 	vldr	d16, [r9]
87803aee:	f109 0908 	add.w	r9, r9, #8
87803af2:	e7e6      	b.n	87803ac2 <vsnprintf+0x442>
87803af4:	f042 0202 	orr.w	r2, r2, #2
87803af8:	f04f 0c0a 	mov.w	ip, #10
87803afc:	e7d0      	b.n	87803aa0 <vsnprintf+0x420>
87803afe:	f04f 0c08 	mov.w	ip, #8
87803b02:	e7cd      	b.n	87803aa0 <vsnprintf+0x420>
87803b04:	f04f 0c10 	mov.w	ip, #16
87803b08:	e7ca      	b.n	87803aa0 <vsnprintf+0x420>
87803b0a:	9b05      	ldr	r3, [sp, #20]
87803b0c:	f8d9 2000 	ldr.w	r2, [r9]
87803b10:	1ae9      	subs	r1, r5, r3
87803b12:	f109 0304 	add.w	r3, r9, #4
87803b16:	6011      	str	r1, [r2, #0]
87803b18:	4699      	mov	r9, r3
87803b1a:	7860      	ldrb	r0, [r4, #1]
87803b1c:	e5d4      	b.n	878036c8 <vsnprintf+0x48>
87803b1e:	42af      	cmp	r7, r5
87803b20:	f105 0201 	add.w	r2, r5, #1
87803b24:	bf24      	itt	cs
87803b26:	2325      	movcs	r3, #37	; 0x25
87803b28:	702b      	strbcs	r3, [r5, #0]
87803b2a:	7823      	ldrb	r3, [r4, #0]
87803b2c:	2b00      	cmp	r3, #0
87803b2e:	f43f ae8e 	beq.w	8780384e <vsnprintf+0x1ce>
87803b32:	42ba      	cmp	r2, r7
87803b34:	f105 0502 	add.w	r5, r5, #2
87803b38:	bf98      	it	ls
87803b3a:	f805 3c01 	strbls.w	r3, [r5, #-1]
87803b3e:	7860      	ldrb	r0, [r4, #1]
87803b40:	e5c2      	b.n	878036c8 <vsnprintf+0x48>
87803b42:	9a05      	ldr	r2, [sp, #20]
87803b44:	f109 0904 	add.w	r9, r9, #4
87803b48:	f859 3c04 	ldr.w	r3, [r9, #-4]
87803b4c:	1aaa      	subs	r2, r5, r2
87803b4e:	601a      	str	r2, [r3, #0]
87803b50:	f89c 0002 	ldrb.w	r0, [ip, #2]
87803b54:	e5b8      	b.n	878036c8 <vsnprintf+0x48>
87803b56:	f109 0e04 	add.w	lr, r9, #4
87803b5a:	f04f 0c10 	mov.w	ip, #16
87803b5e:	f8d9 3000 	ldr.w	r3, [r9]
87803b62:	46f1      	mov	r9, lr
87803b64:	ee80 3b90 	vdup.32	d16, r3
87803b68:	0793      	lsls	r3, r2, #30
87803b6a:	d5a8      	bpl.n	87803abe <vsnprintf+0x43e>
87803b6c:	efe0 00b0 	vshr.s64	d16, d16, #32
87803b70:	e7a7      	b.n	87803ac2 <vsnprintf+0x442>
87803b72:	f10c 0402 	add.w	r4, ip, #2
87803b76:	f89c 3002 	ldrb.w	r3, [ip, #2]
87803b7a:	204c      	movs	r0, #76	; 0x4c
87803b7c:	e605      	b.n	8780378a <vsnprintf+0x10a>
87803b7e:	2868      	cmp	r0, #104	; 0x68
87803b80:	f002 0302 	and.w	r3, r2, #2
87803b84:	f8d9 0000 	ldr.w	r0, [r9]
87803b88:	46f1      	mov	r9, lr
87803b8a:	d008      	beq.n	87803b9e <vsnprintf+0x51e>
87803b8c:	ee80 0b90 	vdup.32	d16, r0
87803b90:	2b00      	cmp	r3, #0
87803b92:	d1eb      	bne.n	87803b6c <vsnprintf+0x4ec>
87803b94:	e793      	b.n	87803abe <vsnprintf+0x43e>
87803b96:	2000      	movs	r0, #0
87803b98:	b009      	add	sp, #36	; 0x24
87803b9a:	e8bd 8ff0 	ldmia.w	sp!, {r4, r5, r6, r7, r8, r9, sl, fp, pc}
87803b9e:	ee80 0bb0 	vdup.16	d16, r0
87803ba2:	b34b      	cbz	r3, 87803bf8 <vsnprintf+0x578>
87803ba4:	efd0 00b0 	vshr.s64	d16, d16, #48
87803ba8:	e78b      	b.n	87803ac2 <vsnprintf+0x442>
87803baa:	4286      	cmp	r6, r0
87803bac:	bfde      	ittt	le
87803bae:	1eb2      	suble	r2, r6, #2
87803bb0:	460e      	movle	r6, r1
87803bb2:	4611      	movle	r1, r2
87803bb4:	f77f af11 	ble.w	878039da <vsnprintf+0x35a>
87803bb8:	1a32      	subs	r2, r6, r0
87803bba:	2120      	movs	r1, #32
87803bbc:	442a      	add	r2, r5
87803bbe:	42bd      	cmp	r5, r7
87803bc0:	f105 0501 	add.w	r5, r5, #1
87803bc4:	bf98      	it	ls
87803bc6:	f805 1c01 	strbls.w	r1, [r5, #-1]
87803bca:	4295      	cmp	r5, r2
87803bcc:	d1f7      	bne.n	87803bbe <vsnprintf+0x53e>
87803bce:	1e46      	subs	r6, r0, #1
87803bd0:	1e71      	subs	r1, r6, #1
87803bd2:	e702      	b.n	878039da <vsnprintf+0x35a>
87803bd4:	2900      	cmp	r1, #0
87803bd6:	bfd8      	it	le
87803bd8:	1eb1      	suble	r1, r6, #2
87803bda:	f77f af3d 	ble.w	87803a58 <vsnprintf+0x3d8>
87803bde:	4429      	add	r1, r5
87803be0:	2320      	movs	r3, #32
87803be2:	42bd      	cmp	r5, r7
87803be4:	f105 0501 	add.w	r5, r5, #1
87803be8:	bf98      	it	ls
87803bea:	f805 3c01 	strbls.w	r3, [r5, #-1]
87803bee:	428d      	cmp	r5, r1
87803bf0:	d1f7      	bne.n	87803be2 <vsnprintf+0x562>
87803bf2:	f04f 31ff 	mov.w	r1, #4294967295	; 0xffffffff
87803bf6:	e72f      	b.n	87803a58 <vsnprintf+0x3d8>
87803bf8:	ffd0 00b0 	vshr.u64	d16, d16, #48
87803bfc:	e761      	b.n	87803ac2 <vsnprintf+0x442>
87803bfe:	f042 0202 	orr.w	r2, r2, #2
87803c02:	f109 0e04 	add.w	lr, r9, #4
87803c06:	f04f 0c0a 	mov.w	ip, #10
87803c0a:	e7a8      	b.n	87803b5e <vsnprintf+0x4de>
87803c0c:	f042 0240 	orr.w	r2, r2, #64	; 0x40
87803c10:	f109 0e04 	add.w	lr, r9, #4
87803c14:	f04f 0c10 	mov.w	ip, #16
87803c18:	e7a1      	b.n	87803b5e <vsnprintf+0x4de>
87803c1a:	f109 0e04 	add.w	lr, r9, #4
87803c1e:	f04f 0c08 	mov.w	ip, #8
87803c22:	e79c      	b.n	87803b5e <vsnprintf+0x4de>
87803c24:	f109 0e04 	add.w	lr, r9, #4
87803c28:	f04f 0c0a 	mov.w	ip, #10
87803c2c:	e797      	b.n	87803b5e <vsnprintf+0x4de>
87803c2e:	4681      	mov	r9, r0
87803c30:	4635      	mov	r5, r6
87803c32:	7860      	ldrb	r0, [r4, #1]
87803c34:	e548      	b.n	878036c8 <vsnprintf+0x48>
87803c36:	bf00      	nop

87803c38 <vscnprintf>:
87803c38:	b510      	push	{r4, lr}
87803c3a:	460c      	mov	r4, r1
87803c3c:	f7ff fd20 	bl	87803680 <vsnprintf>
87803c40:	42a0      	cmp	r0, r4
87803c42:	bf28      	it	cs
87803c44:	f104 30ff 	addcs.w	r0, r4, #4294967295	; 0xffffffff
87803c48:	bd10      	pop	{r4, pc}
87803c4a:	bf00      	nop

87803c4c <snprintf>:
87803c4c:	b40c      	push	{r2, r3}
87803c4e:	b508      	push	{r3, lr}
87803c50:	ab03      	add	r3, sp, #12
87803c52:	9a02      	ldr	r2, [sp, #8]
87803c54:	f7ff fd14 	bl	87803680 <vsnprintf>
87803c58:	e8bd 4008 	ldmia.w	sp!, {r3, lr}
87803c5c:	b002      	add	sp, #8
87803c5e:	4770      	bx	lr

87803c60 <scnprintf>:
87803c60:	b40c      	push	{r2, r3}
87803c62:	b510      	push	{r4, lr}
87803c64:	460c      	mov	r4, r1
87803c66:	ab03      	add	r3, sp, #12
87803c68:	9a02      	ldr	r2, [sp, #8]
87803c6a:	f7ff fd09 	bl	87803680 <vsnprintf>
87803c6e:	42a0      	cmp	r0, r4
87803c70:	bf28      	it	cs
87803c72:	f104 30ff 	addcs.w	r0, r4, #4294967295	; 0xffffffff
87803c76:	e8bd 4010 	ldmia.w	sp!, {r4, lr}
87803c7a:	b002      	add	sp, #8
87803c7c:	4770      	bx	lr
87803c7e:	bf00      	nop

87803c80 <vsprintf>:
87803c80:	4613      	mov	r3, r2
87803c82:	460a      	mov	r2, r1
87803c84:	f06f 4100 	mvn.w	r1, #2147483648	; 0x80000000
87803c88:	f7ff bcfa 	b.w	87803680 <vsnprintf>

87803c8c <sprintf>:
87803c8c:	b40e      	push	{r1, r2, r3}
87803c8e:	f06f 4100 	mvn.w	r1, #2147483648	; 0x80000000
87803c92:	b500      	push	{lr}
87803c94:	ab02      	add	r3, sp, #8
87803c96:	9a01      	ldr	r2, [sp, #4]
87803c98:	f7ff fcf2 	bl	87803680 <vsnprintf>
87803c9c:	f85d eb04 	ldr.w	lr, [sp], #4
87803ca0:	b003      	add	sp, #12
87803ca2:	4770      	bx	lr

87803ca4 <vsscanf>:
87803ca4:	e92d 47f0 	stmdb	sp!, {r4, r5, r6, r7, r8, r9, sl, lr}
87803ca8:	f249 2448 	movw	r4, #37448	; 0x9248
87803cac:	780b      	ldrb	r3, [r1, #0]
87803cae:	b082      	sub	sp, #8
87803cb0:	4680      	mov	r8, r0
87803cb2:	460d      	mov	r5, r1
87803cb4:	f2c8 7480 	movt	r4, #34688	; 0x8780
87803cb8:	2700      	movs	r7, #0
87803cba:	b143      	cbz	r3, 87803cce <vsscanf+0x2a>
87803cbc:	7806      	ldrb	r6, [r0, #0]
87803cbe:	b136      	cbz	r6, 87803cce <vsscanf+0x2a>
87803cc0:	5ce1      	ldrb	r1, [r4, r3]
87803cc2:	0689      	lsls	r1, r1, #26
87803cc4:	d407      	bmi.n	87803cd6 <vsscanf+0x32>
87803cc6:	2b25      	cmp	r3, #37	; 0x25
87803cc8:	d01f      	beq.n	87803d0a <vsscanf+0x66>
87803cca:	42b3      	cmp	r3, r6
87803ccc:	d017      	beq.n	87803cfe <vsscanf+0x5a>
87803cce:	4638      	mov	r0, r7
87803cd0:	b002      	add	sp, #8
87803cd2:	e8bd 87f0 	ldmia.w	sp!, {r4, r5, r6, r7, r8, r9, sl, pc}
87803cd6:	f815 3f01 	ldrb.w	r3, [r5, #1]!
87803cda:	5ce1      	ldrb	r1, [r4, r3]
87803cdc:	0689      	lsls	r1, r1, #26
87803cde:	d4fa      	bmi.n	87803cd6 <vsscanf+0x32>
87803ce0:	5da1      	ldrb	r1, [r4, r6]
87803ce2:	068e      	lsls	r6, r1, #26
87803ce4:	d504      	bpl.n	87803cf0 <vsscanf+0x4c>
87803ce6:	f810 1f01 	ldrb.w	r1, [r0, #1]!
87803cea:	5c61      	ldrb	r1, [r4, r1]
87803cec:	0689      	lsls	r1, r1, #26
87803cee:	d4fa      	bmi.n	87803ce6 <vsscanf+0x42>
87803cf0:	2b25      	cmp	r3, #37	; 0x25
87803cf2:	bf18      	it	ne
87803cf4:	2b00      	cmpne	r3, #0
87803cf6:	d006      	beq.n	87803d06 <vsscanf+0x62>
87803cf8:	7806      	ldrb	r6, [r0, #0]
87803cfa:	42b3      	cmp	r3, r6
87803cfc:	d1e7      	bne.n	87803cce <vsscanf+0x2a>
87803cfe:	786b      	ldrb	r3, [r5, #1]
87803d00:	3001      	adds	r0, #1
87803d02:	3501      	adds	r5, #1
87803d04:	e7d9      	b.n	87803cba <vsscanf+0x16>
87803d06:	2b00      	cmp	r3, #0
87803d08:	d0e1      	beq.n	87803cce <vsscanf+0x2a>
87803d0a:	786b      	ldrb	r3, [r5, #1]
87803d0c:	3501      	adds	r5, #1
87803d0e:	2b2a      	cmp	r3, #42	; 0x2a
87803d10:	461e      	mov	r6, r3
87803d12:	5ce1      	ldrb	r1, [r4, r3]
87803d14:	f000 81f5 	beq.w	87804102 <vsscanf+0x45e>
87803d18:	0749      	lsls	r1, r1, #29
87803d1a:	bf58      	it	pl
87803d1c:	f04f 31ff 	movpl.w	r1, #4294967295	; 0xffffffff
87803d20:	f100 80d0 	bmi.w	87803ec4 <vsscanf+0x220>
87803d24:	f003 06df 	and.w	r6, r3, #223	; 0xdf
87803d28:	2e5a      	cmp	r6, #90	; 0x5a
87803d2a:	bf18      	it	ne
87803d2c:	2e4c      	cmpne	r6, #76	; 0x4c
87803d2e:	bf0c      	ite	eq
87803d30:	2601      	moveq	r6, #1
87803d32:	2600      	movne	r6, #0
87803d34:	2b68      	cmp	r3, #104	; 0x68
87803d36:	bf08      	it	eq
87803d38:	f046 0601 	orreq.w	r6, r6, #1
87803d3c:	2e00      	cmp	r6, #0
87803d3e:	f000 81db 	beq.w	878040f8 <vsscanf+0x454>
87803d42:	f895 c001 	ldrb.w	ip, [r5, #1]
87803d46:	f105 0901 	add.w	r9, r5, #1
87803d4a:	459c      	cmp	ip, r3
87803d4c:	f000 8193 	beq.w	87804076 <vsscanf+0x3d2>
87803d50:	f1bc 0f00 	cmp.w	ip, #0
87803d54:	d0bb      	beq.n	87803cce <vsscanf+0x2a>
87803d56:	7806      	ldrb	r6, [r0, #0]
87803d58:	2e00      	cmp	r6, #0
87803d5a:	d0b8      	beq.n	87803cce <vsscanf+0x2a>
87803d5c:	f1ac 0c25 	sub.w	ip, ip, #37	; 0x25
87803d60:	f109 0501 	add.w	r5, r9, #1
87803d64:	f1bc 0f53 	cmp.w	ip, #83	; 0x53
87803d68:	d8b1      	bhi.n	87803cce <vsscanf+0x2a>
87803d6a:	f20f 0e08 	addw	lr, pc, #8
87803d6e:	f85e f02c 	ldr.w	pc, [lr, ip, lsl #2]
87803d72:	bf00      	nop
87803d74:	87803faf 	strhi	r3, [r0, pc, lsr #31]
87803d78:	87803ccf 	strhi	r3, [r0, pc, asr #25]
87803d7c:	87803ccf 	strhi	r3, [r0, pc, asr #25]
87803d80:	87803ccf 	strhi	r3, [r0, pc, asr #25]
87803d84:	87803ccf 	strhi	r3, [r0, pc, asr #25]
87803d88:	87803ccf 	strhi	r3, [r0, pc, asr #25]
87803d8c:	87803ccf 	strhi	r3, [r0, pc, asr #25]
87803d90:	87803ccf 	strhi	r3, [r0, pc, asr #25]
87803d94:	87803ccf 	strhi	r3, [r0, pc, asr #25]
87803d98:	87803ccf 	strhi	r3, [r0, pc, asr #25]
87803d9c:	87803ccf 	strhi	r3, [r0, pc, asr #25]
87803da0:	87803ccf 	strhi	r3, [r0, pc, asr #25]
87803da4:	87803ccf 	strhi	r3, [r0, pc, asr #25]
87803da8:	87803ccf 	strhi	r3, [r0, pc, asr #25]
87803dac:	87803ccf 	strhi	r3, [r0, pc, asr #25]
87803db0:	87803ccf 	strhi	r3, [r0, pc, asr #25]
87803db4:	87803ccf 	strhi	r3, [r0, pc, asr #25]
87803db8:	87803ccf 	strhi	r3, [r0, pc, asr #25]
87803dbc:	87803ccf 	strhi	r3, [r0, pc, asr #25]
87803dc0:	87803ccf 	strhi	r3, [r0, pc, asr #25]
87803dc4:	87803ccf 	strhi	r3, [r0, pc, asr #25]
87803dc8:	87803ccf 	strhi	r3, [r0, pc, asr #25]
87803dcc:	87803ccf 	strhi	r3, [r0, pc, asr #25]
87803dd0:	87803ccf 	strhi	r3, [r0, pc, asr #25]
87803dd4:	87803ccf 	strhi	r3, [r0, pc, asr #25]
87803dd8:	87803ccf 	strhi	r3, [r0, pc, asr #25]
87803ddc:	87803ccf 	strhi	r3, [r0, pc, asr #25]
87803de0:	87803ccf 	strhi	r3, [r0, pc, asr #25]
87803de4:	87803ccf 	strhi	r3, [r0, pc, asr #25]
87803de8:	87803ccf 	strhi	r3, [r0, pc, asr #25]
87803dec:	87803ccf 	strhi	r3, [r0, pc, asr #25]
87803df0:	87803ccf 	strhi	r3, [r0, pc, asr #25]
87803df4:	87803ccf 	strhi	r3, [r0, pc, asr #25]
87803df8:	87803ccf 	strhi	r3, [r0, pc, asr #25]
87803dfc:	87803ccf 	strhi	r3, [r0, pc, asr #25]
87803e00:	87803ccf 	strhi	r3, [r0, pc, asr #25]
87803e04:	87803ccf 	strhi	r3, [r0, pc, asr #25]
87803e08:	87803ccf 	strhi	r3, [r0, pc, asr #25]
87803e0c:	87803ccf 	strhi	r3, [r0, pc, asr #25]
87803e10:	87803ccf 	strhi	r3, [r0, pc, asr #25]
87803e14:	87803ccf 	strhi	r3, [r0, pc, asr #25]
87803e18:	87803ccf 	strhi	r3, [r0, pc, asr #25]
87803e1c:	87803ccf 	strhi	r3, [r0, pc, asr #25]
87803e20:	87803ccf 	strhi	r3, [r0, pc, asr #25]
87803e24:	87803ccf 	strhi	r3, [r0, pc, asr #25]
87803e28:	87803ccf 	strhi	r3, [r0, pc, asr #25]
87803e2c:	87803ccf 	strhi	r3, [r0, pc, asr #25]
87803e30:	87803ccf 	strhi	r3, [r0, pc, asr #25]
87803e34:	87803ccf 	strhi	r3, [r0, pc, asr #25]
87803e38:	87803ccf 	strhi	r3, [r0, pc, asr #25]
87803e3c:	87803ccf 	strhi	r3, [r0, pc, asr #25]
87803e40:	8780405f 			; <UNDEFINED> instruction: 0x8780405f
87803e44:	87803ccf 	strhi	r3, [r0, pc, asr #25]
87803e48:	87803ccf 	strhi	r3, [r0, pc, asr #25]
87803e4c:	87803ccf 	strhi	r3, [r0, pc, asr #25]
87803e50:	87803ccf 	strhi	r3, [r0, pc, asr #25]
87803e54:	87803ccf 	strhi	r3, [r0, pc, asr #25]
87803e58:	87803ccf 	strhi	r3, [r0, pc, asr #25]
87803e5c:	87803ccf 	strhi	r3, [r0, pc, asr #25]
87803e60:	87803ccf 	strhi	r3, [r0, pc, asr #25]
87803e64:	87803ccf 	strhi	r3, [r0, pc, asr #25]
87803e68:	87803ccf 	strhi	r3, [r0, pc, asr #25]
87803e6c:	87804033 			; <UNDEFINED> instruction: 0x87804033
87803e70:	87803ee3 	strhi	r3, [r0, r3, ror #29]
87803e74:	87803ccf 	strhi	r3, [r0, pc, asr #25]
87803e78:	87803ccf 	strhi	r3, [r0, pc, asr #25]
87803e7c:	87803ccf 	strhi	r3, [r0, pc, asr #25]
87803e80:	87803ccf 	strhi	r3, [r0, pc, asr #25]
87803e84:	8780406b 	strhi	r4, [r0, fp, rrx]
87803e88:	87803ccf 	strhi	r3, [r0, pc, asr #25]
87803e8c:	87803ccf 	strhi	r3, [r0, pc, asr #25]
87803e90:	87803ccf 	strhi	r3, [r0, pc, asr #25]
87803e94:	87803ccf 	strhi	r3, [r0, pc, asr #25]
87803e98:	87803fbd 			; <UNDEFINED> instruction: 0x87803fbd
87803e9c:	87803fcd 	strhi	r3, [r0, sp, asr #31]
87803ea0:	87803ccf 	strhi	r3, [r0, pc, asr #25]
87803ea4:	87803ccf 	strhi	r3, [r0, pc, asr #25]
87803ea8:	87803ccf 	strhi	r3, [r0, pc, asr #25]
87803eac:	87803fd9 			; <UNDEFINED> instruction: 0x87803fd9
87803eb0:	87803ccf 	strhi	r3, [r0, pc, asr #25]
87803eb4:	87804027 	strhi	r4, [r0, r7, lsr #32]
87803eb8:	87803ccf 	strhi	r3, [r0, pc, asr #25]
87803ebc:	87803ccf 	strhi	r3, [r0, pc, asr #25]
87803ec0:	8780405f 			; <UNDEFINED> instruction: 0x8780405f
87803ec4:	2100      	movs	r1, #0
87803ec6:	eb01 0181 	add.w	r1, r1, r1, lsl #2
87803eca:	eb06 0141 	add.w	r1, r6, r1, lsl #1
87803ece:	f815 6f01 	ldrb.w	r6, [r5, #1]!
87803ed2:	3930      	subs	r1, #48	; 0x30
87803ed4:	f814 c006 	ldrb.w	ip, [r4, r6]
87803ed8:	4633      	mov	r3, r6
87803eda:	f01c 0f04 	tst.w	ip, #4
87803ede:	d1f2      	bne.n	87803ec6 <vsscanf+0x222>
87803ee0:	e720      	b.n	87803d24 <vsscanf+0x80>
87803ee2:	f04f 0a01 	mov.w	sl, #1
87803ee6:	f04f 0c0a 	mov.w	ip, #10
87803eea:	46d6      	mov	lr, sl
87803eec:	5da1      	ldrb	r1, [r4, r6]
87803eee:	0689      	lsls	r1, r1, #26
87803ef0:	f140 8127 	bpl.w	87804142 <vsscanf+0x49e>
87803ef4:	f810 6f01 	ldrb.w	r6, [r0, #1]!
87803ef8:	5da1      	ldrb	r1, [r4, r6]
87803efa:	0689      	lsls	r1, r1, #26
87803efc:	d4fa      	bmi.n	87803ef4 <vsscanf+0x250>
87803efe:	2e2d      	cmp	r6, #45	; 0x2d
87803f00:	bf14      	ite	ne
87803f02:	2100      	movne	r1, #0
87803f04:	f00a 0101 	andeq.w	r1, sl, #1
87803f08:	b101      	cbz	r1, 87803f0c <vsscanf+0x268>
87803f0a:	7846      	ldrb	r6, [r0, #1]
87803f0c:	2e00      	cmp	r6, #0
87803f0e:	f43f aede 	beq.w	87803cce <vsscanf+0x2a>
87803f12:	f1bc 0f10 	cmp.w	ip, #16
87803f16:	f000 80e9 	beq.w	878040ec <vsscanf+0x448>
87803f1a:	f1bc 0f0a 	cmp.w	ip, #10
87803f1e:	f000 80e0 	beq.w	878040e2 <vsscanf+0x43e>
87803f22:	f1bc 0f08 	cmp.w	ip, #8
87803f26:	f040 80d8 	bne.w	878040da <vsscanf+0x436>
87803f2a:	5da1      	ldrb	r1, [r4, r6]
87803f2c:	f081 0104 	eor.w	r1, r1, #4
87803f30:	f3c1 0180 	ubfx	r1, r1, #2, #1
87803f34:	2e37      	cmp	r6, #55	; 0x37
87803f36:	bf94      	ite	ls
87803f38:	460e      	movls	r6, r1
87803f3a:	f041 0601 	orrhi.w	r6, r1, #1
87803f3e:	2e00      	cmp	r6, #0
87803f40:	f47f aec5 	bne.w	87803cce <vsscanf+0x2a>
87803f44:	3b48      	subs	r3, #72	; 0x48
87803f46:	1d16      	adds	r6, r2, #4
87803f48:	f8d2 a000 	ldr.w	sl, [r2]
87803f4c:	2b32      	cmp	r3, #50	; 0x32
87803f4e:	d81b      	bhi.n	87803f88 <vsscanf+0x2e4>
87803f50:	e8df f003 	tbb	[pc, r3]
87803f54:	1a1a1ab9 	bne	87e8aa40 <__bss_end+0x680990>
87803f58:	1a1a1aaf 	bne	87e8aa1c <__bss_end+0x68096c>
87803f5c:	1a1a1a1a 	bne	87e8a7cc <__bss_end+0x68071c>
87803f60:	1a1a1a1a 	bne	87e8a7d0 <__bss_end+0x680720>
87803f64:	1aa81a1a 	bne	8620a7d4 <shift+0x8620a7d4>
87803f68:	1a1a1a1a 	bne	87e8a7d8 <__bss_end+0x680728>
87803f6c:	1a1a1a1a 	bne	87e8a7dc <__bss_end+0x68072c>
87803f70:	1a1a1a1a 	bne	87e8a7e0 <__bss_end+0x680730>
87803f74:	1a1a1a9e 	bne	87e8a9f4 <__bss_end+0x680944>
87803f78:	1a1a1a1a 	bne	87e8a7e8 <__bss_end+0x680738>
87803f7c:	1a1a1a1a 	bne	87e8a7ec <__bss_end+0x68073c>
87803f80:	1a1a1a1a 	bne	87e8a7f0 <__bss_end+0x680740>
87803f84:	00a81a1a 	adceq	r1, r8, sl, lsl sl
87803f88:	4662      	mov	r2, ip
87803f8a:	a901      	add	r1, sp, #4
87803f8c:	f1be 0f00 	cmp.w	lr, #0
87803f90:	f000 80d2 	beq.w	87804138 <vsscanf+0x494>
87803f94:	f7ff fabe 	bl	87803514 <simple_strtol>
87803f98:	f8ca 0000 	str.w	r0, [sl]
87803f9c:	9801      	ldr	r0, [sp, #4]
87803f9e:	3701      	adds	r7, #1
87803fa0:	2800      	cmp	r0, #0
87803fa2:	f43f ae94 	beq.w	87803cce <vsscanf+0x2a>
87803fa6:	f899 3001 	ldrb.w	r3, [r9, #1]
87803faa:	4632      	mov	r2, r6
87803fac:	e685      	b.n	87803cba <vsscanf+0x16>
87803fae:	2e25      	cmp	r6, #37	; 0x25
87803fb0:	f47f ae8d 	bne.w	87803cce <vsscanf+0x2a>
87803fb4:	3001      	adds	r0, #1
87803fb6:	f899 3001 	ldrb.w	r3, [r9, #1]
87803fba:	e67e      	b.n	87803cba <vsscanf+0x16>
87803fbc:	6813      	ldr	r3, [r2, #0]
87803fbe:	eba0 0108 	sub.w	r1, r0, r8
87803fc2:	3204      	adds	r2, #4
87803fc4:	6019      	str	r1, [r3, #0]
87803fc6:	f899 3001 	ldrb.w	r3, [r9, #1]
87803fca:	e676      	b.n	87803cba <vsscanf+0x16>
87803fcc:	f04f 0a00 	mov.w	sl, #0
87803fd0:	f04f 0c08 	mov.w	ip, #8
87803fd4:	46d6      	mov	lr, sl
87803fd6:	e789      	b.n	87803eec <vsscanf+0x248>
87803fd8:	f102 0e04 	add.w	lr, r2, #4
87803fdc:	f8d2 c000 	ldr.w	ip, [r2]
87803fe0:	1c4a      	adds	r2, r1, #1
87803fe2:	5da3      	ldrb	r3, [r4, r6]
87803fe4:	f000 80cb 	beq.w	8780417e <vsscanf+0x4da>
87803fe8:	069b      	lsls	r3, r3, #26
87803fea:	d505      	bpl.n	87803ff8 <vsscanf+0x354>
87803fec:	f810 6f01 	ldrb.w	r6, [r0, #1]!
87803ff0:	5da3      	ldrb	r3, [r4, r6]
87803ff2:	069a      	lsls	r2, r3, #26
87803ff4:	d4fa      	bmi.n	87803fec <vsscanf+0x348>
87803ff6:	b176      	cbz	r6, 87804016 <vsscanf+0x372>
87803ff8:	b169      	cbz	r1, 87804016 <vsscanf+0x372>
87803ffa:	1c43      	adds	r3, r0, #1
87803ffc:	e004      	b.n	87804008 <vsscanf+0x364>
87803ffe:	5da2      	ldrb	r2, [r4, r6]
87804000:	0692      	lsls	r2, r2, #26
87804002:	d408      	bmi.n	87804016 <vsscanf+0x372>
87804004:	3901      	subs	r1, #1
87804006:	d006      	beq.n	87804016 <vsscanf+0x372>
87804008:	f80c 6b01 	strb.w	r6, [ip], #1
8780400c:	4618      	mov	r0, r3
8780400e:	f813 6b01 	ldrb.w	r6, [r3], #1
87804012:	2e00      	cmp	r6, #0
87804014:	d1f3      	bne.n	87803ffe <vsscanf+0x35a>
87804016:	2300      	movs	r3, #0
87804018:	3701      	adds	r7, #1
8780401a:	f88c 3000 	strb.w	r3, [ip]
8780401e:	4672      	mov	r2, lr
87804020:	f899 3001 	ldrb.w	r3, [r9, #1]
87804024:	e649      	b.n	87803cba <vsscanf+0x16>
87804026:	f04f 0a00 	mov.w	sl, #0
8780402a:	f04f 0c0a 	mov.w	ip, #10
8780402e:	46d6      	mov	lr, sl
87804030:	e75c      	b.n	87803eec <vsscanf+0x248>
87804032:	1c4b      	adds	r3, r1, #1
87804034:	f102 0c04 	add.w	ip, r2, #4
87804038:	6812      	ldr	r2, [r2, #0]
8780403a:	f000 80a6 	beq.w	8780418a <vsscanf+0x4e6>
8780403e:	1c43      	adds	r3, r0, #1
87804040:	3901      	subs	r1, #1
87804042:	f802 6b01 	strb.w	r6, [r2], #1
87804046:	2900      	cmp	r1, #0
87804048:	4618      	mov	r0, r3
8780404a:	dd03      	ble.n	87804054 <vsscanf+0x3b0>
8780404c:	f813 6b01 	ldrb.w	r6, [r3], #1
87804050:	2e00      	cmp	r6, #0
87804052:	d1f5      	bne.n	87804040 <vsscanf+0x39c>
87804054:	3701      	adds	r7, #1
87804056:	f899 3001 	ldrb.w	r3, [r9, #1]
8780405a:	4662      	mov	r2, ip
8780405c:	e62d      	b.n	87803cba <vsscanf+0x16>
8780405e:	f04f 0a00 	mov.w	sl, #0
87804062:	f04f 0c10 	mov.w	ip, #16
87804066:	46d6      	mov	lr, sl
87804068:	e740      	b.n	87803eec <vsscanf+0x248>
8780406a:	f04f 0a01 	mov.w	sl, #1
8780406e:	f04f 0c00 	mov.w	ip, #0
87804072:	46d6      	mov	lr, sl
87804074:	e73a      	b.n	87803eec <vsscanf+0x248>
87804076:	2b68      	cmp	r3, #104	; 0x68
87804078:	d07b      	beq.n	87804172 <vsscanf+0x4ce>
8780407a:	2b6c      	cmp	r3, #108	; 0x6c
8780407c:	bf18      	it	ne
8780407e:	469c      	movne	ip, r3
87804080:	f47f ae66 	bne.w	87803d50 <vsscanf+0xac>
87804084:	f105 0902 	add.w	r9, r5, #2
87804088:	f895 c002 	ldrb.w	ip, [r5, #2]
8780408c:	234c      	movs	r3, #76	; 0x4c
8780408e:	e65f      	b.n	87803d50 <vsscanf+0xac>
87804090:	4662      	mov	r2, ip
87804092:	a901      	add	r1, sp, #4
87804094:	f1be 0f00 	cmp.w	lr, #0
87804098:	d066      	beq.n	87804168 <vsscanf+0x4c4>
8780409a:	f7ff fa3b 	bl	87803514 <simple_strtol>
8780409e:	f8aa 0000 	strh.w	r0, [sl]
878040a2:	e77b      	b.n	87803f9c <vsscanf+0x2f8>
878040a4:	4662      	mov	r2, ip
878040a6:	a901      	add	r1, sp, #4
878040a8:	f7ff f9bc 	bl	87803424 <simple_strtoul>
878040ac:	f8ca 0000 	str.w	r0, [sl]
878040b0:	e774      	b.n	87803f9c <vsscanf+0x2f8>
878040b2:	4662      	mov	r2, ip
878040b4:	a901      	add	r1, sp, #4
878040b6:	f1be 0f00 	cmp.w	lr, #0
878040ba:	d050      	beq.n	8780415e <vsscanf+0x4ba>
878040bc:	f7ff fad0 	bl	87803660 <simple_strtoll>
878040c0:	e9ca 0100 	strd	r0, r1, [sl]
878040c4:	e76a      	b.n	87803f9c <vsscanf+0x2f8>
878040c6:	4662      	mov	r2, ip
878040c8:	a901      	add	r1, sp, #4
878040ca:	f1be 0f00 	cmp.w	lr, #0
878040ce:	d041      	beq.n	87804154 <vsscanf+0x4b0>
878040d0:	f7ff fa20 	bl	87803514 <simple_strtol>
878040d4:	f88a 0000 	strb.w	r0, [sl]
878040d8:	e760      	b.n	87803f9c <vsscanf+0x2f8>
878040da:	f1bc 0f00 	cmp.w	ip, #0
878040de:	f47f af31 	bne.w	87803f44 <vsscanf+0x2a0>
878040e2:	5da1      	ldrb	r1, [r4, r6]
878040e4:	0749      	lsls	r1, r1, #29
878040e6:	f57f adf2 	bpl.w	87803cce <vsscanf+0x2a>
878040ea:	e72b      	b.n	87803f44 <vsscanf+0x2a0>
878040ec:	5da1      	ldrb	r1, [r4, r6]
878040ee:	f011 0f44 	tst.w	r1, #68	; 0x44
878040f2:	f47f af27 	bne.w	87803f44 <vsscanf+0x2a0>
878040f6:	e5ea      	b.n	87803cce <vsscanf+0x2a>
878040f8:	469c      	mov	ip, r3
878040fa:	46a9      	mov	r9, r5
878040fc:	f04f 33ff 	mov.w	r3, #4294967295	; 0xffffffff
87804100:	e626      	b.n	87803d50 <vsscanf+0xac>
87804102:	068e      	lsls	r6, r1, #26
87804104:	d40a      	bmi.n	8780411c <vsscanf+0x478>
87804106:	f815 3f01 	ldrb.w	r3, [r5, #1]!
8780410a:	5ce1      	ldrb	r1, [r4, r3]
8780410c:	1c1e      	adds	r6, r3, #0
8780410e:	bf18      	it	ne
87804110:	2601      	movne	r6, #1
87804112:	f081 0120 	eor.w	r1, r1, #32
87804116:	ea16 1151 	ands.w	r1, r6, r1, lsr #5
8780411a:	d1f4      	bne.n	87804106 <vsscanf+0x462>
8780411c:	7801      	ldrb	r1, [r0, #0]
8780411e:	e001      	b.n	87804124 <vsscanf+0x480>
87804120:	f810 1f01 	ldrb.w	r1, [r0, #1]!
87804124:	5c66      	ldrb	r6, [r4, r1]
87804126:	3100      	adds	r1, #0
87804128:	bf18      	it	ne
8780412a:	2101      	movne	r1, #1
8780412c:	f086 0620 	eor.w	r6, r6, #32
87804130:	ea11 1156 	ands.w	r1, r1, r6, lsr #5
87804134:	d1f4      	bne.n	87804120 <vsscanf+0x47c>
87804136:	e5c0      	b.n	87803cba <vsscanf+0x16>
87804138:	f7ff f974 	bl	87803424 <simple_strtoul>
8780413c:	f8ca 0000 	str.w	r0, [sl]
87804140:	e72c      	b.n	87803f9c <vsscanf+0x2f8>
87804142:	2e2d      	cmp	r6, #45	; 0x2d
87804144:	bf14      	ite	ne
87804146:	2100      	movne	r1, #0
87804148:	f00a 0101 	andeq.w	r1, sl, #1
8780414c:	2900      	cmp	r1, #0
8780414e:	f47f aedc 	bne.w	87803f0a <vsscanf+0x266>
87804152:	e6de      	b.n	87803f12 <vsscanf+0x26e>
87804154:	f7ff f966 	bl	87803424 <simple_strtoul>
87804158:	f88a 0000 	strb.w	r0, [sl]
8780415c:	e71e      	b.n	87803f9c <vsscanf+0x2f8>
8780415e:	f7ff f9e7 	bl	87803530 <simple_strtoull>
87804162:	e9ca 0100 	strd	r0, r1, [sl]
87804166:	e719      	b.n	87803f9c <vsscanf+0x2f8>
87804168:	f7ff f95c 	bl	87803424 <simple_strtoul>
8780416c:	f8aa 0000 	strh.w	r0, [sl]
87804170:	e714      	b.n	87803f9c <vsscanf+0x2f8>
87804172:	f105 0902 	add.w	r9, r5, #2
87804176:	f895 c002 	ldrb.w	ip, [r5, #2]
8780417a:	2348      	movs	r3, #72	; 0x48
8780417c:	e5e8      	b.n	87803d50 <vsscanf+0xac>
8780417e:	069b      	lsls	r3, r3, #26
87804180:	f06f 4100 	mvn.w	r1, #2147483648	; 0x80000000
87804184:	f57f af39 	bpl.w	87803ffa <vsscanf+0x356>
87804188:	e730      	b.n	87803fec <vsscanf+0x348>
8780418a:	3001      	adds	r0, #1
8780418c:	7016      	strb	r6, [r2, #0]
8780418e:	e761      	b.n	87804054 <vsscanf+0x3b0>

87804190 <sscanf>:
87804190:	b40e      	push	{r1, r2, r3}
87804192:	b500      	push	{lr}
87804194:	aa02      	add	r2, sp, #8
87804196:	9901      	ldr	r1, [sp, #4]
87804198:	f7ff fd84 	bl	87803ca4 <vsscanf>
8780419c:	f85d eb04 	ldr.w	lr, [sp], #4
878041a0:	b003      	add	sp, #12
878041a2:	4770      	bx	lr
878041a4:	0000      	movs	r0, r0
	...

878041a8 <__udivsi3>:
878041a8:	1e4a      	subs	r2, r1, #1
878041aa:	bf08      	it	eq
878041ac:	4770      	bxeq	lr
878041ae:	f0c0 8124 	bcc.w	878043fa <__udivsi3+0x252>
878041b2:	4288      	cmp	r0, r1
878041b4:	f240 8116 	bls.w	878043e4 <__udivsi3+0x23c>
878041b8:	4211      	tst	r1, r2
878041ba:	f000 8117 	beq.w	878043ec <__udivsi3+0x244>
878041be:	fab0 f380 	clz	r3, r0
878041c2:	fab1 f281 	clz	r2, r1
878041c6:	eba2 0303 	sub.w	r3, r2, r3
878041ca:	f1c3 031f 	rsb	r3, r3, #31
878041ce:	a204      	add	r2, pc, #16	; (adr r2, 878041e0 <__udivsi3+0x38>)
878041d0:	eb02 1303 	add.w	r3, r2, r3, lsl #4
878041d4:	f04f 0200 	mov.w	r2, #0
878041d8:	469f      	mov	pc, r3
878041da:	bf00      	nop
878041dc:	f3af 8000 	nop.w
878041e0:	ebb0 7fc1 	cmp.w	r0, r1, lsl #31
878041e4:	bf00      	nop
878041e6:	eb42 0202 	adc.w	r2, r2, r2
878041ea:	bf28      	it	cs
878041ec:	eba0 70c1 	subcs.w	r0, r0, r1, lsl #31
878041f0:	ebb0 7f81 	cmp.w	r0, r1, lsl #30
878041f4:	bf00      	nop
878041f6:	eb42 0202 	adc.w	r2, r2, r2
878041fa:	bf28      	it	cs
878041fc:	eba0 7081 	subcs.w	r0, r0, r1, lsl #30
87804200:	ebb0 7f41 	cmp.w	r0, r1, lsl #29
87804204:	bf00      	nop
87804206:	eb42 0202 	adc.w	r2, r2, r2
8780420a:	bf28      	it	cs
8780420c:	eba0 7041 	subcs.w	r0, r0, r1, lsl #29
87804210:	ebb0 7f01 	cmp.w	r0, r1, lsl #28
87804214:	bf00      	nop
87804216:	eb42 0202 	adc.w	r2, r2, r2
8780421a:	bf28      	it	cs
8780421c:	eba0 7001 	subcs.w	r0, r0, r1, lsl #28
87804220:	ebb0 6fc1 	cmp.w	r0, r1, lsl #27
87804224:	bf00      	nop
87804226:	eb42 0202 	adc.w	r2, r2, r2
8780422a:	bf28      	it	cs
8780422c:	eba0 60c1 	subcs.w	r0, r0, r1, lsl #27
87804230:	ebb0 6f81 	cmp.w	r0, r1, lsl #26
87804234:	bf00      	nop
87804236:	eb42 0202 	adc.w	r2, r2, r2
8780423a:	bf28      	it	cs
8780423c:	eba0 6081 	subcs.w	r0, r0, r1, lsl #26
87804240:	ebb0 6f41 	cmp.w	r0, r1, lsl #25
87804244:	bf00      	nop
87804246:	eb42 0202 	adc.w	r2, r2, r2
8780424a:	bf28      	it	cs
8780424c:	eba0 6041 	subcs.w	r0, r0, r1, lsl #25
87804250:	ebb0 6f01 	cmp.w	r0, r1, lsl #24
87804254:	bf00      	nop
87804256:	eb42 0202 	adc.w	r2, r2, r2
8780425a:	bf28      	it	cs
8780425c:	eba0 6001 	subcs.w	r0, r0, r1, lsl #24
87804260:	ebb0 5fc1 	cmp.w	r0, r1, lsl #23
87804264:	bf00      	nop
87804266:	eb42 0202 	adc.w	r2, r2, r2
8780426a:	bf28      	it	cs
8780426c:	eba0 50c1 	subcs.w	r0, r0, r1, lsl #23
87804270:	ebb0 5f81 	cmp.w	r0, r1, lsl #22
87804274:	bf00      	nop
87804276:	eb42 0202 	adc.w	r2, r2, r2
8780427a:	bf28      	it	cs
8780427c:	eba0 5081 	subcs.w	r0, r0, r1, lsl #22
87804280:	ebb0 5f41 	cmp.w	r0, r1, lsl #21
87804284:	bf00      	nop
87804286:	eb42 0202 	adc.w	r2, r2, r2
8780428a:	bf28      	it	cs
8780428c:	eba0 5041 	subcs.w	r0, r0, r1, lsl #21
87804290:	ebb0 5f01 	cmp.w	r0, r1, lsl #20
87804294:	bf00      	nop
87804296:	eb42 0202 	adc.w	r2, r2, r2
8780429a:	bf28      	it	cs
8780429c:	eba0 5001 	subcs.w	r0, r0, r1, lsl #20
878042a0:	ebb0 4fc1 	cmp.w	r0, r1, lsl #19
878042a4:	bf00      	nop
878042a6:	eb42 0202 	adc.w	r2, r2, r2
878042aa:	bf28      	it	cs
878042ac:	eba0 40c1 	subcs.w	r0, r0, r1, lsl #19
878042b0:	ebb0 4f81 	cmp.w	r0, r1, lsl #18
878042b4:	bf00      	nop
878042b6:	eb42 0202 	adc.w	r2, r2, r2
878042ba:	bf28      	it	cs
878042bc:	eba0 4081 	subcs.w	r0, r0, r1, lsl #18
878042c0:	ebb0 4f41 	cmp.w	r0, r1, lsl #17
878042c4:	bf00      	nop
878042c6:	eb42 0202 	adc.w	r2, r2, r2
878042ca:	bf28      	it	cs
878042cc:	eba0 4041 	subcs.w	r0, r0, r1, lsl #17
878042d0:	ebb0 4f01 	cmp.w	r0, r1, lsl #16
878042d4:	bf00      	nop
878042d6:	eb42 0202 	adc.w	r2, r2, r2
878042da:	bf28      	it	cs
878042dc:	eba0 4001 	subcs.w	r0, r0, r1, lsl #16
878042e0:	ebb0 3fc1 	cmp.w	r0, r1, lsl #15
878042e4:	bf00      	nop
878042e6:	eb42 0202 	adc.w	r2, r2, r2
878042ea:	bf28      	it	cs
878042ec:	eba0 30c1 	subcs.w	r0, r0, r1, lsl #15
878042f0:	ebb0 3f81 	cmp.w	r0, r1, lsl #14
878042f4:	bf00      	nop
878042f6:	eb42 0202 	adc.w	r2, r2, r2
878042fa:	bf28      	it	cs
878042fc:	eba0 3081 	subcs.w	r0, r0, r1, lsl #14
87804300:	ebb0 3f41 	cmp.w	r0, r1, lsl #13
87804304:	bf00      	nop
87804306:	eb42 0202 	adc.w	r2, r2, r2
8780430a:	bf28      	it	cs
8780430c:	eba0 3041 	subcs.w	r0, r0, r1, lsl #13
87804310:	ebb0 3f01 	cmp.w	r0, r1, lsl #12
87804314:	bf00      	nop
87804316:	eb42 0202 	adc.w	r2, r2, r2
8780431a:	bf28      	it	cs
8780431c:	eba0 3001 	subcs.w	r0, r0, r1, lsl #12
87804320:	ebb0 2fc1 	cmp.w	r0, r1, lsl #11
87804324:	bf00      	nop
87804326:	eb42 0202 	adc.w	r2, r2, r2
8780432a:	bf28      	it	cs
8780432c:	eba0 20c1 	subcs.w	r0, r0, r1, lsl #11
87804330:	ebb0 2f81 	cmp.w	r0, r1, lsl #10
87804334:	bf00      	nop
87804336:	eb42 0202 	adc.w	r2, r2, r2
8780433a:	bf28      	it	cs
8780433c:	eba0 2081 	subcs.w	r0, r0, r1, lsl #10
87804340:	ebb0 2f41 	cmp.w	r0, r1, lsl #9
87804344:	bf00      	nop
87804346:	eb42 0202 	adc.w	r2, r2, r2
8780434a:	bf28      	it	cs
8780434c:	eba0 2041 	subcs.w	r0, r0, r1, lsl #9
87804350:	ebb0 2f01 	cmp.w	r0, r1, lsl #8
87804354:	bf00      	nop
87804356:	eb42 0202 	adc.w	r2, r2, r2
8780435a:	bf28      	it	cs
8780435c:	eba0 2001 	subcs.w	r0, r0, r1, lsl #8
87804360:	ebb0 1fc1 	cmp.w	r0, r1, lsl #7
87804364:	bf00      	nop
87804366:	eb42 0202 	adc.w	r2, r2, r2
8780436a:	bf28      	it	cs
8780436c:	eba0 10c1 	subcs.w	r0, r0, r1, lsl #7
87804370:	ebb0 1f81 	cmp.w	r0, r1, lsl #6
87804374:	bf00      	nop
87804376:	eb42 0202 	adc.w	r2, r2, r2
8780437a:	bf28      	it	cs
8780437c:	eba0 1081 	subcs.w	r0, r0, r1, lsl #6
87804380:	ebb0 1f41 	cmp.w	r0, r1, lsl #5
87804384:	bf00      	nop
87804386:	eb42 0202 	adc.w	r2, r2, r2
8780438a:	bf28      	it	cs
8780438c:	eba0 1041 	subcs.w	r0, r0, r1, lsl #5
87804390:	ebb0 1f01 	cmp.w	r0, r1, lsl #4
87804394:	bf00      	nop
87804396:	eb42 0202 	adc.w	r2, r2, r2
8780439a:	bf28      	it	cs
8780439c:	eba0 1001 	subcs.w	r0, r0, r1, lsl #4
878043a0:	ebb0 0fc1 	cmp.w	r0, r1, lsl #3
878043a4:	bf00      	nop
878043a6:	eb42 0202 	adc.w	r2, r2, r2
878043aa:	bf28      	it	cs
878043ac:	eba0 00c1 	subcs.w	r0, r0, r1, lsl #3
878043b0:	ebb0 0f81 	cmp.w	r0, r1, lsl #2
878043b4:	bf00      	nop
878043b6:	eb42 0202 	adc.w	r2, r2, r2
878043ba:	bf28      	it	cs
878043bc:	eba0 0081 	subcs.w	r0, r0, r1, lsl #2
878043c0:	ebb0 0f41 	cmp.w	r0, r1, lsl #1
878043c4:	bf00      	nop
878043c6:	eb42 0202 	adc.w	r2, r2, r2
878043ca:	bf28      	it	cs
878043cc:	eba0 0041 	subcs.w	r0, r0, r1, lsl #1
878043d0:	ebb0 0f01 	cmp.w	r0, r1
878043d4:	bf00      	nop
878043d6:	eb42 0202 	adc.w	r2, r2, r2
878043da:	bf28      	it	cs
878043dc:	eba0 0001 	subcs.w	r0, r0, r1
878043e0:	4610      	mov	r0, r2
878043e2:	4770      	bx	lr
878043e4:	bf0c      	ite	eq
878043e6:	2001      	moveq	r0, #1
878043e8:	2000      	movne	r0, #0
878043ea:	4770      	bx	lr
878043ec:	fab1 f281 	clz	r2, r1
878043f0:	f1c2 021f 	rsb	r2, r2, #31
878043f4:	fa20 f002 	lsr.w	r0, r0, r2
878043f8:	4770      	bx	lr
878043fa:	b108      	cbz	r0, 87804400 <__udivsi3+0x258>
878043fc:	f04f 30ff 	mov.w	r0, #4294967295	; 0xffffffff
87804400:	f000 b876 	b.w	878044f0 <__aeabi_idiv0>

87804404 <__aeabi_uidivmod>:
87804404:	2900      	cmp	r1, #0
87804406:	d0f8      	beq.n	878043fa <__udivsi3+0x252>
87804408:	e92d 4003 	stmdb	sp!, {r0, r1, lr}
8780440c:	f7ff fecc 	bl	878041a8 <__udivsi3>
87804410:	e8bd 4006 	ldmia.w	sp!, {r1, r2, lr}
87804414:	fb02 f300 	mul.w	r3, r2, r0
87804418:	eba1 0103 	sub.w	r1, r1, r3
8780441c:	4770      	bx	lr
8780441e:	bf00      	nop

87804420 <__aeabi_ldivmod>:
87804420:	b97b      	cbnz	r3, 87804442 <__aeabi_ldivmod+0x22>
87804422:	b972      	cbnz	r2, 87804442 <__aeabi_ldivmod+0x22>
87804424:	2900      	cmp	r1, #0
87804426:	bfbe      	ittt	lt
87804428:	2000      	movlt	r0, #0
8780442a:	f04f 4100 	movlt.w	r1, #2147483648	; 0x80000000
8780442e:	e006      	blt.n	8780443e <__aeabi_ldivmod+0x1e>
87804430:	bf08      	it	eq
87804432:	2800      	cmpeq	r0, #0
87804434:	bf1c      	itt	ne
87804436:	f06f 4100 	mvnne.w	r1, #2147483648	; 0x80000000
8780443a:	f04f 30ff 	movne.w	r0, #4294967295	; 0xffffffff
8780443e:	f000 b857 	b.w	878044f0 <__aeabi_idiv0>
87804442:	f1ad 0c08 	sub.w	ip, sp, #8
87804446:	e96d ce04 	strd	ip, lr, [sp, #-16]!
8780444a:	2900      	cmp	r1, #0
8780444c:	db09      	blt.n	87804462 <__aeabi_ldivmod+0x42>
8780444e:	2b00      	cmp	r3, #0
87804450:	db1a      	blt.n	87804488 <__aeabi_ldivmod+0x68>
87804452:	f000 f853 	bl	878044fc <__udivmoddi4>
87804456:	f8dd e004 	ldr.w	lr, [sp, #4]
8780445a:	e9dd 2302 	ldrd	r2, r3, [sp, #8]
8780445e:	b004      	add	sp, #16
87804460:	4770      	bx	lr
87804462:	4240      	negs	r0, r0
87804464:	eb61 0141 	sbc.w	r1, r1, r1, lsl #1
87804468:	2b00      	cmp	r3, #0
8780446a:	db1b      	blt.n	878044a4 <__aeabi_ldivmod+0x84>
8780446c:	f000 f846 	bl	878044fc <__udivmoddi4>
87804470:	f8dd e004 	ldr.w	lr, [sp, #4]
87804474:	e9dd 2302 	ldrd	r2, r3, [sp, #8]
87804478:	b004      	add	sp, #16
8780447a:	4240      	negs	r0, r0
8780447c:	eb61 0141 	sbc.w	r1, r1, r1, lsl #1
87804480:	4252      	negs	r2, r2
87804482:	eb63 0343 	sbc.w	r3, r3, r3, lsl #1
87804486:	4770      	bx	lr
87804488:	4252      	negs	r2, r2
8780448a:	eb63 0343 	sbc.w	r3, r3, r3, lsl #1
8780448e:	f000 f835 	bl	878044fc <__udivmoddi4>
87804492:	f8dd e004 	ldr.w	lr, [sp, #4]
87804496:	e9dd 2302 	ldrd	r2, r3, [sp, #8]
8780449a:	b004      	add	sp, #16
8780449c:	4240      	negs	r0, r0
8780449e:	eb61 0141 	sbc.w	r1, r1, r1, lsl #1
878044a2:	4770      	bx	lr
878044a4:	4252      	negs	r2, r2
878044a6:	eb63 0343 	sbc.w	r3, r3, r3, lsl #1
878044aa:	f000 f827 	bl	878044fc <__udivmoddi4>
878044ae:	f8dd e004 	ldr.w	lr, [sp, #4]
878044b2:	e9dd 2302 	ldrd	r2, r3, [sp, #8]
878044b6:	b004      	add	sp, #16
878044b8:	4252      	negs	r2, r2
878044ba:	eb63 0343 	sbc.w	r3, r3, r3, lsl #1
878044be:	4770      	bx	lr

878044c0 <__aeabi_uldivmod>:
878044c0:	b953      	cbnz	r3, 878044d8 <__aeabi_uldivmod+0x18>
878044c2:	b94a      	cbnz	r2, 878044d8 <__aeabi_uldivmod+0x18>
878044c4:	2900      	cmp	r1, #0
878044c6:	bf08      	it	eq
878044c8:	2800      	cmpeq	r0, #0
878044ca:	bf1c      	itt	ne
878044cc:	f04f 31ff 	movne.w	r1, #4294967295	; 0xffffffff
878044d0:	f04f 30ff 	movne.w	r0, #4294967295	; 0xffffffff
878044d4:	f000 b80c 	b.w	878044f0 <__aeabi_idiv0>
878044d8:	f1ad 0c08 	sub.w	ip, sp, #8
878044dc:	e96d ce04 	strd	ip, lr, [sp, #-16]!
878044e0:	f000 f80c 	bl	878044fc <__udivmoddi4>
878044e4:	f8dd e004 	ldr.w	lr, [sp, #4]
878044e8:	e9dd 2302 	ldrd	r2, r3, [sp, #8]
878044ec:	b004      	add	sp, #16
878044ee:	4770      	bx	lr

878044f0 <__aeabi_idiv0>:
878044f0:	b502      	push	{r1, lr}
878044f2:	f04f 0008 	mov.w	r0, #8
878044f6:	f7fc fd55 	bl	87800fa4 <raise>
878044fa:	bd02      	pop	{r1, pc}

878044fc <__udivmoddi4>:
878044fc:	4299      	cmp	r1, r3
878044fe:	e92d 4ff0 	stmdb	sp!, {r4, r5, r6, r7, r8, r9, sl, fp, lr}
87804502:	bf08      	it	eq
87804504:	4290      	cmpeq	r0, r2
87804506:	4604      	mov	r4, r0
87804508:	bf38      	it	cc
8780450a:	2000      	movcc	r0, #0
8780450c:	460d      	mov	r5, r1
8780450e:	f8dd e024 	ldr.w	lr, [sp, #36]	; 0x24
87804512:	bf38      	it	cc
87804514:	4601      	movcc	r1, r0
87804516:	d368      	bcc.n	878045ea <__udivmoddi4+0xee>
87804518:	4692      	mov	sl, r2
8780451a:	469b      	mov	fp, r3
8780451c:	fab3 fc83 	clz	ip, r3
87804520:	2b00      	cmp	r3, #0
87804522:	d06d      	beq.n	87804600 <__udivmoddi4+0x104>
87804524:	fab5 f185 	clz	r1, r5
87804528:	2d00      	cmp	r5, #0
8780452a:	d065      	beq.n	878045f8 <__udivmoddi4+0xfc>
8780452c:	ebac 0c01 	sub.w	ip, ip, r1
87804530:	f1ac 0820 	sub.w	r8, ip, #32
87804534:	fa0b f70c 	lsl.w	r7, fp, ip
87804538:	fa0a f108 	lsl.w	r1, sl, r8
8780453c:	f1cc 0920 	rsb	r9, ip, #32
87804540:	fa2a f309 	lsr.w	r3, sl, r9
87804544:	fa0a f60c 	lsl.w	r6, sl, ip
87804548:	430f      	orrs	r7, r1
8780454a:	431f      	orrs	r7, r3
8780454c:	42bd      	cmp	r5, r7
8780454e:	bf08      	it	eq
87804550:	42b4      	cmpeq	r4, r6
87804552:	bf3c      	itt	cc
87804554:	2000      	movcc	r0, #0
87804556:	4601      	movcc	r1, r0
87804558:	d30a      	bcc.n	87804570 <__udivmoddi4+0x74>
8780455a:	2001      	movs	r0, #1
8780455c:	1ba4      	subs	r4, r4, r6
8780455e:	fa00 f108 	lsl.w	r1, r0, r8
87804562:	fa20 f309 	lsr.w	r3, r0, r9
87804566:	fa00 f00c 	lsl.w	r0, r0, ip
8780456a:	eb65 0507 	sbc.w	r5, r5, r7
8780456e:	4319      	orrs	r1, r3
87804570:	f1bc 0f00 	cmp.w	ip, #0
87804574:	d039      	beq.n	878045ea <__udivmoddi4+0xee>
87804576:	087f      	lsrs	r7, r7, #1
87804578:	ea4f 0636 	mov.w	r6, r6, rrx
8780457c:	4662      	mov	r2, ip
8780457e:	e00a      	b.n	87804596 <__udivmoddi4+0x9a>
87804580:	1ba3      	subs	r3, r4, r6
87804582:	eb65 0a07 	sbc.w	sl, r5, r7
87804586:	18db      	adds	r3, r3, r3
87804588:	eb4a 0a0a 	adc.w	sl, sl, sl
8780458c:	1c5c      	adds	r4, r3, #1
8780458e:	f14a 0500 	adc.w	r5, sl, #0
87804592:	3a01      	subs	r2, #1
87804594:	d007      	beq.n	878045a6 <__udivmoddi4+0xaa>
87804596:	42bd      	cmp	r5, r7
87804598:	bf08      	it	eq
8780459a:	42b4      	cmpeq	r4, r6
8780459c:	d2f0      	bcs.n	87804580 <__udivmoddi4+0x84>
8780459e:	1924      	adds	r4, r4, r4
878045a0:	416d      	adcs	r5, r5
878045a2:	3a01      	subs	r2, #1
878045a4:	d1f7      	bne.n	87804596 <__udivmoddi4+0x9a>
878045a6:	fa24 f30c 	lsr.w	r3, r4, ip
878045aa:	fa05 f909 	lsl.w	r9, r5, r9
878045ae:	fa25 f20c 	lsr.w	r2, r5, ip
878045b2:	fa25 f808 	lsr.w	r8, r5, r8
878045b6:	1900      	adds	r0, r0, r4
878045b8:	ea43 0309 	orr.w	r3, r3, r9
878045bc:	ea43 0408 	orr.w	r4, r3, r8
878045c0:	eb45 0101 	adc.w	r1, r5, r1
878045c4:	4615      	mov	r5, r2
878045c6:	f1ac 0220 	sub.w	r2, ip, #32
878045ca:	fa05 f30c 	lsl.w	r3, r5, ip
878045ce:	fa04 f60c 	lsl.w	r6, r4, ip
878045d2:	fa04 f202 	lsl.w	r2, r4, r2
878045d6:	f1cc 0c20 	rsb	ip, ip, #32
878045da:	fa24 fc0c 	lsr.w	ip, r4, ip
878045de:	4313      	orrs	r3, r2
878045e0:	1b80      	subs	r0, r0, r6
878045e2:	ea43 030c 	orr.w	r3, r3, ip
878045e6:	eb61 0103 	sbc.w	r1, r1, r3
878045ea:	f1be 0f00 	cmp.w	lr, #0
878045ee:	d001      	beq.n	878045f4 <__udivmoddi4+0xf8>
878045f0:	e9ce 4500 	strd	r4, r5, [lr]
878045f4:	e8bd 8ff0 	ldmia.w	sp!, {r4, r5, r6, r7, r8, r9, sl, fp, pc}
878045f8:	fab4 f184 	clz	r1, r4
878045fc:	3120      	adds	r1, #32
878045fe:	e795      	b.n	8780452c <__udivmoddi4+0x30>
87804600:	fab2 fc82 	clz	ip, r2
87804604:	fab5 f185 	clz	r1, r5
87804608:	f10c 0c20 	add.w	ip, ip, #32
8780460c:	2d00      	cmp	r5, #0
8780460e:	d18d      	bne.n	8780452c <__udivmoddi4+0x30>
87804610:	e7f2      	b.n	878045f8 <__udivmoddi4+0xfc>
87804612:	bf00      	nop
87804614:	0000      	movs	r0, r0
	...

87804618 <__main_from_arm>:
87804618:	e51ff004 	ldr	pc, [pc, #-4]	; 8780461c <__main_from_arm+0x4>
8780461c:	87804621 	strhi	r4, [r0, r1, lsr #12]

Disassembly of section .text.startup:

87804620 <main>:
87804620:	e92d 41f0 	stmdb	sp!, {r4, r5, r6, r7, r8, lr}
87804624:	b082      	sub	sp, #8
87804626:	ee11 3f50 	mrc	15, 0, r3, cr1, cr0, {2}
8780462a:	f023 4340 	bic.w	r3, r3, #3221225472	; 0xc0000000
8780462e:	f423 0370 	bic.w	r3, r3, #15728640	; 0xf00000
87804632:	f443 0370 	orr.w	r3, r3, #15728640	; 0xf00000
87804636:	ee01 3f50 	mcr	15, 0, r3, cr1, cr0, {2}
8780463a:	eef8 3a10 	vmrs	r3, fpexc
8780463e:	f043 4380 	orr.w	r3, r3, #1073741824	; 0x40000000
87804642:	eee8 3a10 	vmsr	fpexc, r3
87804646:	f7fc f945 	bl	878008d4 <int_init>
8780464a:	f7fb ff0d 	bl	87800468 <imx6u_clkinit>
8780464e:	f7fb ffb7 	bl	878005c0 <delay_init>
87804652:	f7fb fef9 	bl	87800448 <clk_enable>
87804656:	f7fb ff71 	bl	8780053c <led_init>
8780465a:	f7fc f823 	bl	878006a4 <beep_init>
8780465e:	f7fc fc05 	bl	87800e6c <uart_init>
87804662:	f7fc feeb 	bl	8780143c <lcd_init>
87804666:	f644 1358 	movw	r3, #18776	; 0x4958
8780466a:	2218      	movs	r2, #24
8780466c:	f2c8 7380 	movt	r3, #34688	; 0x8780
87804670:	f24a 0888 	movw	r8, #41096	; 0xa088
87804674:	9301      	str	r3, [sp, #4]
87804676:	f44f 047f 	mov.w	r4, #16711680	; 0xff0000
8780467a:	4613      	mov	r3, r2
8780467c:	9200      	str	r2, [sp, #0]
8780467e:	210a      	movs	r1, #10
87804680:	f44f 72c8 	mov.w	r2, #400	; 0x190
87804684:	2032      	movs	r0, #50	; 0x32
87804686:	f2c8 7880 	movt	r8, #34688	; 0x8780
8780468a:	f8c8 4018 	str.w	r4, [r8, #24]
8780468e:	2410      	movs	r4, #16
87804690:	f7fd fab2 	bl	87801bf8 <lcd_show_string>
87804694:	f644 1270 	movw	r2, #18800	; 0x4970
87804698:	4623      	mov	r3, r4
8780469a:	f2c8 7280 	movt	r2, #34688	; 0x8780
8780469e:	9400      	str	r4, [sp, #0]
878046a0:	9201      	str	r2, [sp, #4]
878046a2:	2128      	movs	r1, #40	; 0x28
878046a4:	22c8      	movs	r2, #200	; 0xc8
878046a6:	2032      	movs	r0, #50	; 0x32
878046a8:	f7fd faa6 	bl	87801bf8 <lcd_show_string>
878046ac:	f644 1280 	movw	r2, #18816	; 0x4980
878046b0:	4623      	mov	r3, r4
878046b2:	f2c8 7280 	movt	r2, #34688	; 0x8780
878046b6:	9400      	str	r4, [sp, #0]
878046b8:	9201      	str	r2, [sp, #4]
878046ba:	213c      	movs	r1, #60	; 0x3c
878046bc:	22c8      	movs	r2, #200	; 0xc8
878046be:	2032      	movs	r0, #50	; 0x32
878046c0:	f7fd fa9a 	bl	87801bf8 <lcd_show_string>
878046c4:	f644 1290 	movw	r2, #18832	; 0x4990
878046c8:	9400      	str	r4, [sp, #0]
878046ca:	f2c8 7280 	movt	r2, #34688	; 0x8780
878046ce:	4623      	mov	r3, r4
878046d0:	9201      	str	r2, [sp, #4]
878046d2:	2150      	movs	r1, #80	; 0x50
878046d4:	22c8      	movs	r2, #200	; 0xc8
878046d6:	2032      	movs	r0, #50	; 0x32
878046d8:	f644 169c 	movw	r6, #18844	; 0x499c
878046dc:	4627      	mov	r7, r4
878046de:	f644 14b4 	movw	r4, #18868	; 0x49b4
878046e2:	f2c8 7680 	movt	r6, #34688	; 0x8780
878046e6:	f7fd fa87 	bl	87801bf8 <lcd_show_string>
878046ea:	f2c8 7480 	movt	r4, #34688	; 0x8780
878046ee:	e017      	b.n	87804720 <main+0x100>
878046f0:	2310      	movs	r3, #16
878046f2:	22c8      	movs	r2, #200	; 0xc8
878046f4:	2164      	movs	r1, #100	; 0x64
878046f6:	2032      	movs	r0, #50	; 0x32
878046f8:	9601      	str	r6, [sp, #4]
878046fa:	9700      	str	r7, [sp, #0]
878046fc:	f7fd fa7c 	bl	87801bf8 <lcd_show_string>
87804700:	f44f 70fa 	mov.w	r0, #500	; 0x1f4
87804704:	f7fb ff90 	bl	87800628 <delay_ms>
87804708:	2032      	movs	r0, #50	; 0x32
8780470a:	9401      	str	r4, [sp, #4]
8780470c:	2310      	movs	r3, #16
8780470e:	9700      	str	r7, [sp, #0]
87804710:	22c8      	movs	r2, #200	; 0xc8
87804712:	2164      	movs	r1, #100	; 0x64
87804714:	f7fd fa70 	bl	87801bf8 <lcd_show_string>
87804718:	f44f 70fa 	mov.w	r0, #500	; 0x1f4
8780471c:	f7fb ff84 	bl	87800628 <delay_ms>
87804720:	f7fd ff82 	bl	87802628 <icm20608_init>
87804724:	4605      	mov	r5, r0
87804726:	2800      	cmp	r0, #0
87804728:	d1e2      	bne.n	878046f0 <main+0xd0>
8780472a:	f644 13cc 	movw	r3, #18892	; 0x49cc
8780472e:	2610      	movs	r6, #16
87804730:	f2c8 7380 	movt	r3, #34688	; 0x8780
87804734:	22c8      	movs	r2, #200	; 0xc8
87804736:	e9cd 6300 	strd	r6, r3, [sp]
8780473a:	2164      	movs	r1, #100	; 0x64
8780473c:	4633      	mov	r3, r6
8780473e:	2032      	movs	r0, #50	; 0x32
87804740:	f7fd fa5a 	bl	87801bf8 <lcd_show_string>
87804744:	f644 12dc 	movw	r2, #18908	; 0x49dc
87804748:	4633      	mov	r3, r6
8780474a:	f2c8 7280 	movt	r2, #34688	; 0x8780
8780474e:	2182      	movs	r1, #130	; 0x82
87804750:	9201      	str	r2, [sp, #4]
87804752:	2032      	movs	r0, #50	; 0x32
87804754:	22c8      	movs	r2, #200	; 0xc8
87804756:	9600      	str	r6, [sp, #0]
87804758:	f7fd fa4e 	bl	87801bf8 <lcd_show_string>
8780475c:	f644 12e8 	movw	r2, #18920	; 0x49e8
87804760:	4633      	mov	r3, r6
87804762:	f2c8 7280 	movt	r2, #34688	; 0x8780
87804766:	2196      	movs	r1, #150	; 0x96
87804768:	9201      	str	r2, [sp, #4]
8780476a:	2032      	movs	r0, #50	; 0x32
8780476c:	22c8      	movs	r2, #200	; 0xc8
8780476e:	9600      	str	r6, [sp, #0]
87804770:	f7fd fa42 	bl	87801bf8 <lcd_show_string>
87804774:	f644 12f4 	movw	r2, #18932	; 0x49f4
87804778:	4633      	mov	r3, r6
8780477a:	f2c8 7280 	movt	r2, #34688	; 0x8780
8780477e:	21aa      	movs	r1, #170	; 0xaa
87804780:	9201      	str	r2, [sp, #4]
87804782:	2032      	movs	r0, #50	; 0x32
87804784:	22c8      	movs	r2, #200	; 0xc8
87804786:	9600      	str	r6, [sp, #0]
87804788:	f7fd fa36 	bl	87801bf8 <lcd_show_string>
8780478c:	f644 2200 	movw	r2, #18944	; 0x4a00
87804790:	4633      	mov	r3, r6
87804792:	f2c8 7280 	movt	r2, #34688	; 0x8780
87804796:	21be      	movs	r1, #190	; 0xbe
87804798:	9201      	str	r2, [sp, #4]
8780479a:	2032      	movs	r0, #50	; 0x32
8780479c:	22c8      	movs	r2, #200	; 0xc8
8780479e:	9600      	str	r6, [sp, #0]
878047a0:	f7fd fa2a 	bl	87801bf8 <lcd_show_string>
878047a4:	f644 220c 	movw	r2, #18956	; 0x4a0c
878047a8:	4633      	mov	r3, r6
878047aa:	f2c8 7280 	movt	r2, #34688	; 0x8780
878047ae:	21d2      	movs	r1, #210	; 0xd2
878047b0:	9201      	str	r2, [sp, #4]
878047b2:	2032      	movs	r0, #50	; 0x32
878047b4:	22c8      	movs	r2, #200	; 0xc8
878047b6:	9600      	str	r6, [sp, #0]
878047b8:	f7fd fa1e 	bl	87801bf8 <lcd_show_string>
878047bc:	f644 2218 	movw	r2, #18968	; 0x4a18
878047c0:	4633      	mov	r3, r6
878047c2:	f2c8 7280 	movt	r2, #34688	; 0x8780
878047c6:	21e6      	movs	r1, #230	; 0xe6
878047c8:	9201      	str	r2, [sp, #4]
878047ca:	2032      	movs	r0, #50	; 0x32
878047cc:	22c8      	movs	r2, #200	; 0xc8
878047ce:	9600      	str	r6, [sp, #0]
878047d0:	f7fd fa12 	bl	87801bf8 <lcd_show_string>
878047d4:	f644 2224 	movw	r2, #18980	; 0x4a24
878047d8:	f644 2430 	movw	r4, #18992	; 0x4a30
878047dc:	f2c8 7280 	movt	r2, #34688	; 0x8780
878047e0:	f2c8 7480 	movt	r4, #34688	; 0x8780
878047e4:	4633      	mov	r3, r6
878047e6:	9201      	str	r2, [sp, #4]
878047e8:	21fa      	movs	r1, #250	; 0xfa
878047ea:	22c8      	movs	r2, #200	; 0xc8
878047ec:	2032      	movs	r0, #50	; 0x32
878047ee:	9600      	str	r6, [sp, #0]
878047f0:	f7fd fa02 	bl	87801bf8 <lcd_show_string>
878047f4:	4633      	mov	r3, r6
878047f6:	9401      	str	r4, [sp, #4]
878047f8:	22c8      	movs	r2, #200	; 0xc8
878047fa:	2182      	movs	r1, #130	; 0x82
878047fc:	20e7      	movs	r0, #231	; 0xe7
878047fe:	9600      	str	r6, [sp, #0]
87804800:	f7fd f9fa 	bl	87801bf8 <lcd_show_string>
87804804:	f644 2734 	movw	r7, #18996	; 0x4a34
87804808:	9401      	str	r4, [sp, #4]
8780480a:	4633      	mov	r3, r6
8780480c:	22c8      	movs	r2, #200	; 0xc8
8780480e:	2196      	movs	r1, #150	; 0x96
87804810:	20e7      	movs	r0, #231	; 0xe7
87804812:	9600      	str	r6, [sp, #0]
87804814:	f2c8 7780 	movt	r7, #34688	; 0x8780
87804818:	f7fd f9ee 	bl	87801bf8 <lcd_show_string>
8780481c:	e9cd 6400 	strd	r6, r4, [sp]
87804820:	4633      	mov	r3, r6
87804822:	22c8      	movs	r2, #200	; 0xc8
87804824:	21aa      	movs	r1, #170	; 0xaa
87804826:	20e7      	movs	r0, #231	; 0xe7
87804828:	f24a 0450 	movw	r4, #41040	; 0xa050
8780482c:	f7fd f9e4 	bl	87801bf8 <lcd_show_string>
87804830:	4633      	mov	r3, r6
87804832:	22c8      	movs	r2, #200	; 0xc8
87804834:	21be      	movs	r1, #190	; 0xbe
87804836:	20e7      	movs	r0, #231	; 0xe7
87804838:	9600      	str	r6, [sp, #0]
8780483a:	f2c8 7480 	movt	r4, #34688	; 0x8780
8780483e:	9701      	str	r7, [sp, #4]
87804840:	f7fd f9da 	bl	87801bf8 <lcd_show_string>
87804844:	4633      	mov	r3, r6
87804846:	22c8      	movs	r2, #200	; 0xc8
87804848:	21d2      	movs	r1, #210	; 0xd2
8780484a:	20e7      	movs	r0, #231	; 0xe7
8780484c:	9701      	str	r7, [sp, #4]
8780484e:	9600      	str	r6, [sp, #0]
87804850:	f7fd f9d2 	bl	87801bf8 <lcd_show_string>
87804854:	4633      	mov	r3, r6
87804856:	22c8      	movs	r2, #200	; 0xc8
87804858:	21e6      	movs	r1, #230	; 0xe6
8780485a:	20e7      	movs	r0, #231	; 0xe7
8780485c:	9701      	str	r7, [sp, #4]
8780485e:	9600      	str	r6, [sp, #0]
87804860:	f7fd f9ca 	bl	87801bf8 <lcd_show_string>
87804864:	f644 2238 	movw	r2, #19000	; 0x4a38
87804868:	4633      	mov	r3, r6
8780486a:	f2c8 7280 	movt	r2, #34688	; 0x8780
8780486e:	9600      	str	r6, [sp, #0]
87804870:	9201      	str	r2, [sp, #4]
87804872:	21fa      	movs	r1, #250	; 0xfa
87804874:	22c8      	movs	r2, #200	; 0xc8
87804876:	20e7      	movs	r0, #231	; 0xe7
87804878:	f7fd f9be 	bl	87801bf8 <lcd_show_string>
8780487c:	23ff      	movs	r3, #255	; 0xff
8780487e:	f8c8 3018 	str.w	r3, [r8, #24]
87804882:	f7fd ffd5 	bl	87802830 <icm20608_getdata>
87804886:	68e3      	ldr	r3, [r4, #12]
87804888:	2210      	movs	r2, #16
8780488a:	2182      	movs	r1, #130	; 0x82
8780488c:	2078      	movs	r0, #120	; 0x78
8780488e:	f7fb fd37 	bl	87800300 <integer_display>
87804892:	6923      	ldr	r3, [r4, #16]
87804894:	2210      	movs	r2, #16
87804896:	2196      	movs	r1, #150	; 0x96
87804898:	2078      	movs	r0, #120	; 0x78
8780489a:	f7fb fd31 	bl	87800300 <integer_display>
8780489e:	6963      	ldr	r3, [r4, #20]
878048a0:	2210      	movs	r2, #16
878048a2:	21aa      	movs	r1, #170	; 0xaa
878048a4:	2078      	movs	r0, #120	; 0x78
878048a6:	f7fb fd2b 	bl	87800300 <integer_display>
878048aa:	6823      	ldr	r3, [r4, #0]
878048ac:	2210      	movs	r2, #16
878048ae:	21be      	movs	r1, #190	; 0xbe
878048b0:	2078      	movs	r0, #120	; 0x78
878048b2:	f7fb fd25 	bl	87800300 <integer_display>
878048b6:	6863      	ldr	r3, [r4, #4]
878048b8:	2210      	movs	r2, #16
878048ba:	21d2      	movs	r1, #210	; 0xd2
878048bc:	2078      	movs	r0, #120	; 0x78
878048be:	f7fb fd1f 	bl	87800300 <integer_display>
878048c2:	68a3      	ldr	r3, [r4, #8]
878048c4:	2210      	movs	r2, #16
878048c6:	21e6      	movs	r1, #230	; 0xe6
878048c8:	2078      	movs	r0, #120	; 0x78
878048ca:	f7fb fd19 	bl	87800300 <integer_display>
878048ce:	69a3      	ldr	r3, [r4, #24]
878048d0:	2210      	movs	r2, #16
878048d2:	21fa      	movs	r1, #250	; 0xfa
878048d4:	2078      	movs	r0, #120	; 0x78
878048d6:	f7fb fd13 	bl	87800300 <integer_display>
878048da:	6aa3      	ldr	r3, [r4, #40]	; 0x28
878048dc:	2210      	movs	r2, #16
878048de:	2182      	movs	r1, #130	; 0x82
878048e0:	20aa      	movs	r0, #170	; 0xaa
878048e2:	f7fb fd49 	bl	87800378 <decimals_display>
878048e6:	6ae3      	ldr	r3, [r4, #44]	; 0x2c
878048e8:	2210      	movs	r2, #16
878048ea:	2196      	movs	r1, #150	; 0x96
878048ec:	20aa      	movs	r0, #170	; 0xaa
878048ee:	f7fb fd43 	bl	87800378 <decimals_display>
878048f2:	21aa      	movs	r1, #170	; 0xaa
878048f4:	6b23      	ldr	r3, [r4, #48]	; 0x30
878048f6:	4608      	mov	r0, r1
878048f8:	2210      	movs	r2, #16
878048fa:	f7fb fd3d 	bl	87800378 <decimals_display>
878048fe:	69e3      	ldr	r3, [r4, #28]
87804900:	2210      	movs	r2, #16
87804902:	21be      	movs	r1, #190	; 0xbe
87804904:	20aa      	movs	r0, #170	; 0xaa
87804906:	f7fb fd37 	bl	87800378 <decimals_display>
8780490a:	6a23      	ldr	r3, [r4, #32]
8780490c:	2210      	movs	r2, #16
8780490e:	21d2      	movs	r1, #210	; 0xd2
87804910:	20aa      	movs	r0, #170	; 0xaa
87804912:	f7fb fd31 	bl	87800378 <decimals_display>
87804916:	f085 0501 	eor.w	r5, r5, #1
8780491a:	6a63      	ldr	r3, [r4, #36]	; 0x24
8780491c:	2210      	movs	r2, #16
8780491e:	21e6      	movs	r1, #230	; 0xe6
87804920:	20aa      	movs	r0, #170	; 0xaa
87804922:	b2ed      	uxtb	r5, r5
87804924:	f7fb fd28 	bl	87800378 <decimals_display>
87804928:	6b63      	ldr	r3, [r4, #52]	; 0x34
8780492a:	2210      	movs	r2, #16
8780492c:	21fa      	movs	r1, #250	; 0xfa
8780492e:	20aa      	movs	r0, #170	; 0xaa
87804930:	f7fb fd22 	bl	87800378 <decimals_display>
87804934:	2078      	movs	r0, #120	; 0x78
87804936:	f7fb fe77 	bl	87800628 <delay_ms>
8780493a:	2000      	movs	r0, #0
8780493c:	4629      	mov	r1, r5
8780493e:	f7fb fe29 	bl	87800594 <led_switch>
87804942:	e79e      	b.n	87804882 <main+0x262>

Disassembly of section .rodata:

87804944 <CSWTCH.8-0xf8>:
87804944:	0064252d 	rsbeq	r2, r4, sp, lsr #10
87804948:	2e64252d 	cdpcs	5, 6, cr2, cr4, cr13, {1}
8780494c:	00006425 	andeq	r6, r0, r5, lsr #8
87804950:	252e6425 	strcs	r6, [lr, #-1061]!	; 0xfffffbdb
87804954:	00000064 	andeq	r0, r0, r4, rrx
87804958:	48504c41 	ldmdami	r0, {r0, r6, sl, fp, lr}^
8780495c:	4d492d41 	stclmi	13, cr2, [r9, #-260]	; 0xfffffefc
87804960:	20553658 	subscs	r3, r5, r8, asr r6
87804964:	20495053 	subcs	r5, r9, r3, asr r0
87804968:	54534554 	ldrbpl	r4, [r3], #-1364	; 0xfffffaac
8780496c:	00000000 	andeq	r0, r0, r0
87804970:	324d4349 	subcc	r4, sp, #603979777	; 0x24000001
87804974:	38303630 	ldmdacc	r0!, {r4, r5, r9, sl, ip, sp}
87804978:	53455420 	movtpl	r5, #21536	; 0x5420
8780497c:	00000054 	andeq	r0, r0, r4, asr r0
87804980:	4d4f5441 	cfstrdmi	mvd5, [pc, #-260]	; 87804884 <main+0x264>
87804984:	494c4140 	stmdbmi	ip, {r6, r8, lr}^
87804988:	45544e45 	ldrbmi	r4, [r4, #-3653]	; 0xfffff1bb
8780498c:	0000004b 	andeq	r0, r0, fp, asr #32
87804990:	39313032 	ldmdbcc	r1!, {r1, r4, r5, ip, sp}
87804994:	322f332f 	eorcc	r3, pc, #-1140850688	; 0xbc000000
87804998:	00000037 	andeq	r0, r0, r7, lsr r0
8780499c:	324d4349 	subcc	r4, sp, #603979777	; 0x24000001
878049a0:	38303630 	ldmdacc	r0!, {r4, r5, r9, sl, ip, sp}
878049a4:	65684320 	strbvs	r4, [r8, #-800]!	; 0xfffffce0
878049a8:	46206b63 	strtmi	r6, [r0], -r3, ror #22
878049ac:	656c6961 	strbvs	r6, [ip, #-2401]!	; 0xfffff69f
878049b0:	00002164 	andeq	r2, r0, r4, ror #2
878049b4:	61656c50 	cmnvs	r5, r0, asr ip
878049b8:	43206573 			; <UNDEFINED> instruction: 0x43206573
878049bc:	6b636568 	blvs	890ddf64 <__bss_end+0x18d3eb4>
878049c0:	20202021 	eorcs	r2, r0, r1, lsr #32
878049c4:	20202020 	eorcs	r2, r0, r0, lsr #32
878049c8:	00000020 	andeq	r0, r0, r0, lsr #32
878049cc:	324d4349 	subcc	r4, sp, #603979777	; 0x24000001
878049d0:	38303630 	ldmdacc	r0!, {r4, r5, r9, sl, ip, sp}
878049d4:	61655220 	cmnvs	r5, r0, lsr #4
878049d8:	00007964 	andeq	r7, r0, r4, ror #18
878049dc:	65636361 	strbvs	r6, [r3, #-865]!	; 0xfffffc9f
878049e0:	3a78206c 	bcc	8960cb98 <__bss_end+0x1e02ae8>
878049e4:	00000000 	andeq	r0, r0, r0
878049e8:	65636361 	strbvs	r6, [r3, #-865]!	; 0xfffffc9f
878049ec:	3a79206c 	bcc	8964cba4 <__bss_end+0x1e42af4>
878049f0:	00000000 	andeq	r0, r0, r0
878049f4:	65636361 	strbvs	r6, [r3, #-865]!	; 0xfffffc9f
878049f8:	3a7a206c 	bcc	8968cbb0 <__bss_end+0x1e82b00>
878049fc:	00000000 	andeq	r0, r0, r0
87804a00:	6f727967 	svcvs	0x00727967
87804a04:	3a782020 	bcc	8960ca8c <__bss_end+0x1e029dc>
87804a08:	00000000 	andeq	r0, r0, r0
87804a0c:	6f727967 	svcvs	0x00727967
87804a10:	3a792020 	bcc	8964ca98 <__bss_end+0x1e429e8>
87804a14:	00000000 	andeq	r0, r0, r0
87804a18:	6f727967 	svcvs	0x00727967
87804a1c:	3a7a2020 	bcc	8968caa4 <__bss_end+0x1e829f4>
87804a20:	00000000 	andeq	r0, r0, r0
87804a24:	706d6574 	rsbvc	r6, sp, r4, ror r5
87804a28:	3a202020 	bcc	8800cab0 <__bss_end+0x802a00>
87804a2c:	00000000 	andeq	r0, r0, r0
87804a30:	00000067 	andeq	r0, r0, r7, rrx
87804a34:	00732f6f 	rsbseq	r2, r3, pc, ror #30
87804a38:	00000043 	andeq	r0, r0, r3, asr #32

87804a3c <CSWTCH.8>:
87804a3c:	00000004 	andeq	r0, r0, r4
87804a40:	00000003 	andeq	r0, r0, r3
87804a44:	00000002 	andeq	r0, r0, r2
87804a48:	00000001 	andeq	r0, r0, r1
87804a4c:	00000000 	andeq	r0, r0, r0
87804a50:	00000006 	andeq	r0, r0, r6
87804a54:	2044434c 	subcs	r4, r4, ip, asr #6
87804a58:	253d4449 	ldrcs	r4, [sp, #-1097]!	; 0xfffffbb7
87804a5c:	0a0d5823 	beq	87b5aaf0 <__bss_end+0x350a40>
87804a60:	00000000 	andeq	r0, r0, r0

87804a64 <asc2_2412>:
	...
87804a94:	0f000000 	svceq	0x00000000
87804a98:	fe0f3880 	vcmla.f16	d3, d31, d0[0], #0
87804a9c:	38800f38 	stmcc	r0, {r3, r4, r5, r8, r9, sl, fp}
	...
87804ab0:	00010000 	andeq	r0, r1, r0
87804ab4:	00000600 	andeq	r0, r0, r0, lsl #12
87804ab8:	3800000c 	stmdacc	r0, {r2, r3}
87804abc:	00310000 	eorseq	r0, r1, r0
87804ac0:	00000600 	andeq	r0, r0, r0, lsl #12
87804ac4:	3800000c 	stmdacc	r0, {r2, r3}
87804ac8:	00300000 	eorseq	r0, r0, r0
	...
87804ad4:	67008061 	strvs	r8, [r0, -r1, rrx]
87804ad8:	80f907f8 	ldrshthi	r0, [r9], #120	; 0x78
87804adc:	00806100 	addeq	r6, r0, r0, lsl #2
87804ae0:	61008061 	tstvs	r0, r1, rrx
87804ae4:	80610080 	rsbhi	r0, r1, r0, lsl #1
87804ae8:	07f86700 	ldrbeq	r6, [r8, r0, lsl #14]!
87804aec:	610080f9 	strdvs	r8, [r0, -r9]
87804af0:	00000080 	andeq	r0, r0, r0, lsl #1
87804af4:	00000000 	andeq	r0, r0, r0
87804af8:	c0010000 	andgt	r0, r1, r0
87804afc:	f0e003e0 			; <UNDEFINED> instruction: 0xf0e003e0
87804b00:	04083006 	streq	r3, [r8], #-6
87804b04:	ff1f0818 			; <UNDEFINED> instruction: 0xff1f0818
87804b08:	080e04fe 	stmdaeq	lr, {r1, r2, r3, r4, r5, r6, r7, sl}
87804b0c:	03f08707 	mvnseq	r8, #1835008	; 0x1c0000
87804b10:	0000e081 	andeq	lr, r0, r1, lsl #1
87804b14:	00000000 	andeq	r0, r0, r0
87804b18:	0600f001 	streq	pc, [r0], -r1
87804b1c:	0404000c 	streq	r0, [r4], #-12
87804b20:	700c0608 	andvc	r0, ip, r8, lsl #12
87804b24:	00c0f901 	sbceq	pc, r0, r1, lsl #18
87804b28:	3b00000e 	blcc	87804b68 <asc2_2412+0x104>
87804b2c:	18ec00e0 	stmiane	ip!, {r5, r6, r7}^
87804b30:	04080807 	streq	r0, [r8], #-2055	; 0xfffff7f9
87804b34:	0300180c 	movweq	r1, #2060	; 0x80c
87804b38:	000000e0 	andeq	r0, r0, r0, ror #1
87804b3c:	00e00100 	rsceq	r0, r0, r0, lsl #2
87804b40:	f803f007 			; <UNDEFINED> instruction: 0xf803f007
87804b44:	081c0418 	ldmdaeq	ip, {r3, r4, sl}
87804b48:	07081704 	streq	r1, [r8, -r4, lsl #14]
87804b4c:	c003d0e1 	andgt	sp, r3, r1, ror #1
87804b50:	b02300e0 	eorlt	r0, r3, r0, ror #1
87804b54:	00083c00 	andeq	r3, r8, r0, lsl #24
87804b58:	00000820 	andeq	r0, r0, r0, lsr #16
87804b5c:	00000010 	andeq	r0, r0, r0, lsl r0
87804b60:	01000000 	mrseq	r0, (UNDEF: 0)
87804b64:	00310000 	eorseq	r0, r1, r0
87804b68:	00003200 	andeq	r3, r0, r0, lsl #4
87804b6c:	0000001c 	andeq	r0, r0, ip, lsl r0
	...
87804b94:	ff01007f 			; <UNDEFINED> instruction: 0xff01007f
87804b98:	f08007c0 			; <UNDEFINED> instruction: 0xf08007c0
87804b9c:	1018000c 	andsne	r0, r8, ip
87804ba0:	00200400 	eoreq	r0, r0, r0, lsl #8
87804ba4:	00000002 	andeq	r0, r0, r2
87804ba8:	20000000 	andcs	r0, r0, r0
87804bac:	00100200 	andseq	r0, r0, r0, lsl #4
87804bb0:	18000c04 	stmdane	r0, {r2, sl, fp}
87804bb4:	01f08007 	mvnseq	r8, r7
87804bb8:	7f00c0ff 	svcvc	0x0000c0ff
	...
87804bd0:	66000042 	strvs	r0, [r0], -r2, asr #32
87804bd4:	00660000 	rsbeq	r0, r6, r0
87804bd8:	00003c00 	andeq	r3, r0, r0, lsl #24
87804bdc:	ff030018 			; <UNDEFINED> instruction: 0xff030018
87804be0:	001800c0 	andseq	r0, r8, r0, asr #1
87804be4:	00003c00 	andeq	r3, r0, r0, lsl #24
87804be8:	66000066 	strvs	r0, [r0], -r6, rrx
87804bec:	00420000 	subeq	r0, r2, r0
87804bf0:	00000000 	andeq	r0, r0, r0
87804bf4:	08000008 	stmdaeq	r0, {r3}
87804bf8:	00080000 	andeq	r0, r8, r0
87804bfc:	00000800 	andeq	r0, r0, r0, lsl #16
87804c00:	ff010008 			; <UNDEFINED> instruction: 0xff010008
87804c04:	000800c0 	andeq	r0, r8, r0, asr #1
87804c08:	00000800 	andeq	r0, r0, r0, lsl #16
87804c0c:	08000008 	stmdaeq	r0, {r3}
87804c10:	00080000 	andeq	r0, r8, r0
87804c14:	00000000 	andeq	r0, r0, r0
87804c18:	00000100 	andeq	r0, r0, r0, lsl #2
87804c1c:	32000031 	andcc	r0, r0, #49	; 0x31
87804c20:	001c0000 	andseq	r0, ip, r0
	...
87804c3c:	08000008 	stmdaeq	r0, {r3}
87804c40:	00080000 	andeq	r0, r8, r0
87804c44:	00000800 	andeq	r0, r0, r0, lsl #16
87804c48:	08000008 	stmdaeq	r0, {r3}
87804c4c:	00080000 	andeq	r0, r8, r0
87804c50:	00000800 	andeq	r0, r0, r0, lsl #16
87804c54:	08000008 	stmdaeq	r0, {r3}
	...
87804c64:	38000038 	stmdacc	r0, {r3, r4, r5}
87804c68:	00380000 	eorseq	r0, r8, r0
	...
87804c84:	00000600 	andeq	r0, r0, r0, lsl #12
87804c88:	7000001c 	andvc	r0, r0, ip, lsl r0
87804c8c:	00800100 	addeq	r0, r0, r0, lsl #2
87804c90:	3800000e 	stmdacc	r0, {r1, r2, r3}
87804c94:	00c00000 	sbceq	r0, r0, r0
87804c98:	1c000007 	stcne	0, cr0, [r0], {7}
87804c9c:	00300000 	eorseq	r0, r0, r0
	...
87804ca8:	ff01807f 			; <UNDEFINED> instruction: 0xff01807f
87804cac:	708003e0 	addvc	r0, r0, r0, ror #7
87804cb0:	04180006 	ldreq	r0, [r8], #-6
87804cb4:	00040800 	andeq	r0, r4, r0, lsl #16
87804cb8:	18000608 	stmdane	r0, {r3, r9, sl}
87804cbc:	01708003 	cmneq	r0, r3
87804cc0:	7f00e0ff 	svcvc	0x0000e0ff
87804cc4:	00000080 	andeq	r0, r0, r0, lsl #1
87804cc8:	00000000 	andeq	r0, r0, r0
87804ccc:	00010000 	andeq	r0, r1, r0
87804cd0:	08000108 	stmdaeq	r0, {r3, r8}
87804cd4:	03080001 	movweq	r0, #32769	; 0x8001
87804cd8:	ff07f8ff 			; <UNDEFINED> instruction: 0xff07f8ff
87804cdc:	080000f8 	stmdaeq	r0, {r3, r4, r5, r6, r7}
87804ce0:	00080000 	andeq	r0, r8, r0
87804ce4:	00000800 	andeq	r0, r0, r0, lsl #16
87804ce8:	00000000 	andeq	r0, r0, r0
87804cec:	01000000 	mrseq	r0, (UNDEF: 0)
87804cf0:	c00238c0 	andgt	r3, r2, r0, asr #17
87804cf4:	98000458 	stmdals	r0, {r3, r4, r6, sl}
87804cf8:	04180104 	ldreq	r0, [r8], #-260	; 0xfffffefc
87804cfc:	04041802 	streq	r1, [r4], #-2050	; 0xfffff7fe
87804d00:	181c0618 	ldmdane	ip, {r3, r4, r9, sl}
87804d04:	0118f803 	tsteq	r8, r3, lsl #16	; <UNPREDICTABLE>
87804d08:	0000f8e0 	andeq	pc, r0, r0, ror #17
87804d0c:	00000000 	andeq	r0, r0, r0
87804d10:	01000000 	mrseq	r0, (UNDEF: 0)
87804d14:	c003e0c0 	andgt	lr, r3, r0, asr #1
87804d18:	080004f0 	stmdaeq	r0, {r4, r5, r6, r7, sl}
87804d1c:	04080804 	streq	r0, [r8], #-2052	; 0xfffff7fc
87804d20:	18060808 	stmdane	r6, {r3, fp}
87804d24:	18f40308 	ldmne	r4!, {r3, r8, r9}^
87804d28:	00f0e701 	rscseq	lr, r0, r1, lsl #14
87804d2c:	0000e001 	andeq	lr, r0, r1
	...
87804d38:	0d000003 	stceq	0, cr0, [r0, #-12]
87804d3c:	00110000 	andseq	r0, r1, r0
87804d40:	00006100 	andeq	r6, r0, r0, lsl #2
87804d44:	01030881 	smlabbeq	r3, r1, r8, r0
87804d48:	f8ff0708 			; <UNDEFINED> instruction: 0xf8ff0708
87804d4c:	00f8ff0f 	rscseq	pc, r8, pc, lsl #30
87804d50:	01000801 	tsteq	r0, r1, lsl #16
87804d54:	00000008 	andeq	r0, r0, r8
87804d58:	00000000 	andeq	r0, r0, r0
87804d5c:	fc07e000 	stc2	0, cr14, [r7], {-0}
87804d60:	080806d0 	stmdaeq	r8, {r4, r6, r7, r9, sl}
87804d64:	06081006 	streq	r1, [r8], -r6
87804d68:	10060810 	andne	r0, r6, r0, lsl r8
87804d6c:	38180608 	ldmdacc	r8, {r3, r9, sl}
87804d70:	06f00f06 	ldrbteq	r0, [r0], r6, lsl #30
87804d74:	0000c007 	andeq	ip, r0, r7
	...
87804d80:	ff01803f 			; <UNDEFINED> instruction: 0xff01803f
87804d84:	308403e0 	addcc	r0, r4, r0, ror #7
87804d88:	04180802 	ldreq	r0, [r8], #-2050	; 0xfffff7fe
87804d8c:	10040810 	andne	r0, r4, r0, lsl r8
87804d90:	08100408 	ldmdaeq	r0, {r3, sl}
87804d94:	03101807 	tsteq	r0, #458752	; 0x70000
87804d98:	0700f00f 	streq	pc, [r0, -pc]
87804d9c:	000000c0 	andeq	r0, r0, r0, asr #1
87804da0:	00000000 	andeq	r0, r0, r0
87804da4:	c0030000 	andgt	r0, r3, r0
87804da8:	00000700 	andeq	r0, r0, r0, lsl #14
87804dac:	06000006 	streq	r0, [r0], -r6
87804db0:	0706f800 	streq	pc, [r6, -r0, lsl #16]
87804db4:	001806f8 			; <UNDEFINED> instruction: 0x001806f8
87804db8:	0700e006 	streq	lr, [r0, -r6]
87804dbc:	00060000 	andeq	r0, r6, r0
87804dc0:	00000000 	andeq	r0, r0, r0
87804dc4:	01000000 	mrseq	r0, (UNDEF: 0)
87804dc8:	f703e0e1 			; <UNDEFINED> instruction: 0xf703e0e1
87804dcc:	103406f0 	ldrshtne	r0, [r4], -r0
87804dd0:	04081804 	streq	r1, [r8], #-2052	; 0xfffff7fc
87804dd4:	0c040818 	stceq	8, cr0, [r4], {24}
87804dd8:	080c0408 	stmdaeq	ip, {r3, sl}
87804ddc:	03181606 	tsteq	r8, #6291456	; 0x600000
87804de0:	c101f0f3 	strdgt	pc, [r1, -r3]
87804de4:	000000e0 	andeq	r0, r0, r0, ror #1
87804de8:	00000000 	andeq	r0, r0, r0
87804dec:	fc0300f8 	stc2	0, cr0, [r3], {248}	; 0xf8
87804df0:	38060330 	stmdacc	r6, {r4, r5, r8, r9}
87804df4:	04080204 	streq	r0, [r8], #-516	; 0xfffffdfc
87804df8:	02040802 	andeq	r0, r4, #131072	; 0x20000
87804dfc:	10040408 	andne	r0, r4, r8, lsl #8
87804e00:	01f00803 	mvnseq	r0, r3, lsl #16
87804e04:	7f00c0ff 	svcvc	0x0000c0ff
	...
87804e1c:	70003870 	andvc	r3, r0, r0, ror r8
87804e20:	38700038 	ldmdacc	r0!, {r3, r4, r5}^
	...
87804e40:	30001a30 	andcc	r1, r0, r0, lsr sl
87804e44:	0000001c 	andeq	r0, r0, ip, lsl r0
	...
87804e58:	08000000 	stmdaeq	r0, {}	; <UNPREDICTABLE>
87804e5c:	00140000 	andseq	r0, r4, r0
87804e60:	00002200 	andeq	r2, r0, r0, lsl #4
87804e64:	80000041 	andhi	r0, r0, r1, asr #32
87804e68:	40000180 	andmi	r0, r0, r0, lsl #3
87804e6c:	04200002 	strteq	r0, [r0], #-2
87804e70:	00081000 	andeq	r1, r8, r0
87804e74:	00000008 	andeq	r0, r0, r8
87804e78:	00000000 	andeq	r0, r0, r0
87804e7c:	21000021 	tstcs	r0, r1, lsr #32
87804e80:	00210000 	eoreq	r0, r1, r0
87804e84:	00002100 	andeq	r2, r0, r0, lsl #2
87804e88:	21000021 	tstcs	r0, r1, lsr #32
87804e8c:	00210000 	eoreq	r0, r1, r0
87804e90:	00002100 	andeq	r2, r0, r0, lsl #2
87804e94:	21000021 	tstcs	r0, r1, lsr #32
	...
87804ea0:	00080000 	andeq	r0, r8, r0
87804ea4:	10000408 	andne	r0, r0, r8, lsl #8
87804ea8:	01200002 			; <UNDEFINED> instruction: 0x01200002
87804eac:	80004000 	andhi	r4, r0, r0
87804eb0:	00410080 	subeq	r0, r1, r0, lsl #1
87804eb4:	00002200 	andeq	r2, r0, r0, lsl #4
87804eb8:	08000014 	stmdaeq	r0, {r2, r4}
87804ebc:	00000000 	andeq	r0, r0, r0
87804ec0:	03000000 	movweq	r0, #0
87804ec4:	c00400c0 	andgt	r0, r4, r0, asr #1
87804ec8:	00000400 	andeq	r0, r0, r0, lsl #8
87804ecc:	08380008 	ldmdaeq	r8!, {r3}
87804ed0:	0808380f 	stmdaeq	r8, {r0, r1, r2, r3, fp, ip, sp}
87804ed4:	00100838 	andseq	r0, r0, r8, lsr r8
87804ed8:	0700300c 	streq	r3, [r0, -ip]
87804edc:	c00300e0 	andgt	r0, r3, r0, ror #1
	...
87804ee8:	ff00803f 			; <UNDEFINED> instruction: 0xff00803f
87804eec:	708003e0 	addvc	r0, r0, r0, ror #7
87804ef0:	06100f02 	ldreq	r0, [r0], -r2, lsl #30
87804ef4:	c0048870 	andgt	r8, r4, r0, ror r8
87804ef8:	08830488 	stmeq	r3, {r3, r7, sl}
87804efc:	02887f04 	addeq	r7, r8, #4, 30
87804f00:	010390c0 	smlabteq	r3, r0, r0, r9
87804f04:	40fe0020 	rscsmi	r0, lr, r0, lsr #32
87804f08:	00080000 	andeq	r0, r8, r0
87804f0c:	01001800 	tsteq	r0, r0, lsl #16
87804f10:	083e00f8 	ldmdaeq	lr!, {r3, r4, r5, r6, r7}
87804f14:	0700c201 	streq	ip, [r0, -r1, lsl #4]
87804f18:	e2070002 	and	r0, r7, #2
87804f1c:	00fe0000 	rscseq	r0, lr, r0
87804f20:	00c81f00 	sbceq	r1, r8, r0, lsl #30
87804f24:	0000f801 	andeq	pc, r0, r1, lsl #16
87804f28:	08000038 	stmdaeq	r0, {r3, r4, r5}
87804f2c:	07080004 	streq	r0, [r8, -r4]
87804f30:	ff07f8ff 			; <UNDEFINED> instruction: 0xff07f8ff
87804f34:	080804f8 	stmdaeq	r8, {r3, r4, r5, r6, r7, sl}
87804f38:	04080804 	streq	r0, [r8], #-2052	; 0xfffff7fc
87804f3c:	08040808 	stmdaeq	r4, {r3, fp}
87804f40:	08180608 	ldmdaeq	r8, {r3, r9, sl}
87804f44:	0118f403 	tsteq	r8, r3, lsl #8	; <UNPREDICTABLE>
87804f48:	0100f0e7 	smlatteq	r0, r7, r0, pc	; <UNPREDICTABLE>
87804f4c:	000000e0 	andeq	r0, r0, r0, ror #1
87804f50:	00000000 	andeq	r0, r0, r0
87804f54:	ff01803f 			; <UNDEFINED> instruction: 0xff01803f
87804f58:	708003e0 	addvc	r0, r0, r0, ror #7
87804f5c:	04180002 	ldreq	r0, [r8], #-2
87804f60:	00040800 	andeq	r0, r4, r0, lsl #16
87804f64:	08000408 	stmdaeq	r0, {r3, sl}
87804f68:	06100004 	ldreq	r0, [r0], -r4
87804f6c:	80072000 	andhi	r2, r7, r0
87804f70:	000000c0 	andeq	r0, r0, r0, asr #1
87804f74:	07080004 	streq	r0, [r8, -r4]
87804f78:	ff07f8ff 			; <UNDEFINED> instruction: 0xff07f8ff
87804f7c:	080004f8 	stmdaeq	r0, {r3, r4, r5, r6, r7, sl}
87804f80:	04080004 	streq	r0, [r8], #-4
87804f84:	00040800 	andeq	r0, r4, r0, lsl #16
87804f88:	10000218 	andne	r0, r0, r8, lsl r2
87804f8c:	01708003 	cmneq	r0, r3
87804f90:	7f00e0ff 	svcvc	0x0000e0ff
87804f94:	00000080 	andeq	r0, r0, r0, lsl #1
87804f98:	07080004 	streq	r0, [r8, -r4]
87804f9c:	ff07f8ff 			; <UNDEFINED> instruction: 0xff07f8ff
87804fa0:	080804f8 	stmdaeq	r8, {r3, r4, r5, r6, r7, sl}
87804fa4:	04080804 	streq	r0, [r8], #-2052	; 0xfffff7fc
87804fa8:	08040808 	stmdaeq	r4, {r3, fp}
87804fac:	083e0408 	ldmdaeq	lr!, {r3, sl}
87804fb0:	06080004 	streq	r0, [r8], -r4
87804fb4:	00011800 	andeq	r1, r1, r0, lsl #16
87804fb8:	00000060 	andeq	r0, r0, r0, rrx
87804fbc:	07080004 	streq	r0, [r8, -r4]
87804fc0:	ff07f8ff 			; <UNDEFINED> instruction: 0xff07f8ff
87804fc4:	080804f8 	stmdaeq	r8, {r3, r4, r5, r6, r7, sl}
87804fc8:	04000804 	streq	r0, [r0], #-2052	; 0xfffff7fc
87804fcc:	08040008 	stmdaeq	r4, {r3}
87804fd0:	003e0400 	eorseq	r0, lr, r0, lsl #8
87804fd4:	06000006 	streq	r0, [r0], -r6
87804fd8:	80010000 	andhi	r0, r1, r0
	...
87804fe4:	ff01803f 			; <UNDEFINED> instruction: 0xff01803f
87804fe8:	708003e0 	addvc	r0, r0, r0, ror #7
87804fec:	04180006 	ldreq	r0, [r8], #-6
87804ff0:	02040800 	andeq	r0, r4, #0, 16
87804ff4:	08020408 	stmdaeq	r2, {r3, sl}
87804ff8:	07f00302 	ldrbeq	r0, [r0, r2, lsl #6]!
87804ffc:	0200f083 	andeq	pc, r0, #131	; 0x83
87805000:	00020000 	andeq	r0, r2, r0
87805004:	07080004 	streq	r0, [r8, -r4]
87805008:	ff07f8ff 			; <UNDEFINED> instruction: 0xff07f8ff
8780500c:	080804f8 	stmdaeq	r8, {r3, r4, r5, r6, r7, sl}
87805010:	00000800 	andeq	r0, r0, r0, lsl #16
87805014:	08000008 	stmdaeq	r0, {r3}
87805018:	00080000 	andeq	r0, r8, r0
8780501c:	07080804 	streq	r0, [r8, -r4, lsl #16]
87805020:	ff07f8ff 			; <UNDEFINED> instruction: 0xff07f8ff
87805024:	080004f8 	stmdaeq	r0, {r3, r4, r5, r6, r7, sl}
87805028:	00000000 	andeq	r0, r0, r0
8780502c:	00040000 	andeq	r0, r4, r0
87805030:	08000408 	stmdaeq	r0, {r3, sl}
87805034:	07080004 	streq	r0, [r8, -r4]
87805038:	ff07f8ff 			; <UNDEFINED> instruction: 0xff07f8ff
8780503c:	080004f8 	stmdaeq	r0, {r3, r4, r5, r6, r7, sl}
87805040:	04080004 	streq	r0, [r8], #-4
87805044:	00000800 	andeq	r0, r0, r0, lsl #16
	...
87805050:	00000600 	andeq	r0, r0, r0, lsl #12
87805054:	01000007 	tsteq	r0, r7
87805058:	04010004 	streq	r0, [r1], #-4
8780505c:	00040100 	andeq	r0, r4, r0, lsl #2
87805060:	feff0703 	cdp2	7, 15, cr0, cr15, cr3, {0}
87805064:	04fcff07 	ldrbteq	pc, [ip], #3847	; 0xf07	; <UNPREDICTABLE>
87805068:	00040000 	andeq	r0, r4, r0
8780506c:	00000400 	andeq	r0, r0, r0, lsl #8
87805070:	07080004 	streq	r0, [r8, -r4]
87805074:	ff07f8ff 			; <UNDEFINED> instruction: 0xff07f8ff
87805078:	080c04f8 	stmdaeq	ip, {r3, r4, r5, r6, r7, sl}
8780507c:	00001800 	andeq	r1, r0, r0, lsl #16
87805080:	c704003e 	smladxgt	r4, lr, r0, r0
87805084:	c8030580 	stmdagt	r3, {r7, r8, sl}
87805088:	04f80006 	ldrbteq	r0, [r8], #6
8780508c:	00043800 	andeq	r3, r4, r0, lsl #16
87805090:	08000018 	stmdaeq	r0, {r3, r4}
87805094:	07080004 	streq	r0, [r8, -r4]
87805098:	ff07f8ff 			; <UNDEFINED> instruction: 0xff07f8ff
8780509c:	080004f8 	stmdaeq	r0, {r3, r4, r5, r6, r7, sl}
878050a0:	00080000 	andeq	r0, r8, r0
878050a4:	00000800 	andeq	r0, r0, r0, lsl #16
878050a8:	08000008 	stmdaeq	r0, {r3}
878050ac:	00080000 	andeq	r0, r8, r0
878050b0:	00001800 	andeq	r1, r0, r0, lsl #16
878050b4:	00000060 	andeq	r0, r0, r0, rrx
878050b8:	07080004 	streq	r0, [r8, -r4]
878050bc:	8007f8ff 	strdhi	pc, [r7], -pc	; <UNPREDICTABLE>
878050c0:	00fc0708 	rscseq	r0, ip, r8, lsl #14
878050c4:	00c07f00 	sbceq	r7, r0, r0, lsl #30
878050c8:	0700f803 	streq	pc, [r0, -r3, lsl #16]
878050cc:	007800c0 	rsbseq	r0, r8, r0, asr #1
878050d0:	07088007 	streq	r8, [r8, -r7]
878050d4:	ff07f8ff 			; <UNDEFINED> instruction: 0xff07f8ff
878050d8:	080004f8 	stmdaeq	r0, {r3, r4, r5, r6, r7, sl}
878050dc:	07080004 	streq	r0, [r8, -r4]
878050e0:	0007f8ff 	strdeq	pc, [r7], -pc	; <UNPREDICTABLE>
878050e4:	00c00308 	sbceq	r0, r0, r8, lsl #6
878050e8:	0000e000 	andeq	lr, r0, r0
878050ec:	1e000038 	mcrne	0, 0, r0, cr0, cr8, {1}
878050f0:	00070000 	andeq	r0, r7, r0
878050f4:	04c00100 	strbeq	r0, [r0], #256	; 0x100
878050f8:	ff07f000 			; <UNDEFINED> instruction: 0xff07f000
878050fc:	000004f8 	strdeq	r0, [r0], -r8
87805100:	00000000 	andeq	r0, r0, r0
87805104:	ff01807f 			; <UNDEFINED> instruction: 0xff01807f
87805108:	708003e0 	addvc	r0, r0, r0, ror #7
8780510c:	04180006 	ldreq	r0, [r8], #-6
87805110:	00040800 	andeq	r0, r4, r0, lsl #16
87805114:	18000608 	stmdane	r0, {r3, r9, sl}
87805118:	01300003 	teqeq	r0, r3
8780511c:	7f00e0ff 	svcvc	0x0000e0ff
87805120:	00000080 	andeq	r0, r0, r0, lsl #1
87805124:	07080004 	streq	r0, [r8, -r4]
87805128:	ff07f8ff 			; <UNDEFINED> instruction: 0xff07f8ff
8780512c:	080404f8 	stmdaeq	r4, {r3, r4, r5, r6, r7, sl}
87805130:	04000404 	streq	r0, [r0], #-1028	; 0xfffffbfc
87805134:	04040004 	streq	r0, [r4], #-4
87805138:	00040400 	andeq	r0, r4, r0, lsl #8
8780513c:	03000c06 	movweq	r0, #3078	; 0xc06
87805140:	f00100f8 			; <UNDEFINED> instruction: 0xf00100f8
	...
8780514c:	ff01807f 			; <UNDEFINED> instruction: 0xff01807f
87805150:	708003e0 	addvc	r0, r0, r0, ror #7
87805154:	04880006 	streq	r0, [r8], #6
87805158:	00048800 	andeq	r8, r4, r0, lsl #16
8780515c:	3c0006c8 	stccc	6, cr0, [r0], {200}	; 0xc8
87805160:	013e0003 	teqeq	lr, r3
87805164:	7f00e6ff 	svcvc	0x0000e6ff
87805168:	00000084 	andeq	r0, r0, r4, lsl #1
8780516c:	07080004 	streq	r0, [r8, -r4]
87805170:	ff07f8ff 			; <UNDEFINED> instruction: 0xff07f8ff
87805174:	080804f8 	stmdaeq	r8, {r3, r4, r5, r6, r7, sl}
87805178:	04000804 	streq	r0, [r0], #-2052	; 0xfffff7fc
8780517c:	0f04000c 	svceq	0x0004000c
87805180:	c00b0400 	andgt	r0, fp, r0, lsl #8
87805184:	03f01006 	mvnseq	r1, #6
87805188:	e00138f0 	strd	r3, [r1], -r0
8780518c:	08000008 	stmdaeq	r0, {r3}
87805190:	01000000 	mrseq	r0, (UNDEF: 0)
87805194:	f003f8e0 			; <UNDEFINED> instruction: 0xf003f8e0
87805198:	10300630 	eorsne	r0, r0, r0, lsr r6
8780519c:	04081804 	streq	r1, [r8], #-2052	; 0xfffff7fc
878051a0:	0c040818 	stceq	8, cr0, [r4], {24}
878051a4:	080c0408 	stmdaeq	ip, {r3, sl}
878051a8:	02180602 	andseq	r0, r8, #2097152	; 0x200000
878051ac:	8107f007 	tsthi	r7, r7	; <UNPREDICTABLE>
878051b0:	000000e0 	andeq	r0, r0, r0, ror #1
878051b4:	06008001 	streq	r8, [r0], -r1
878051b8:	00040000 	andeq	r0, r4, r0
878051bc:	00000400 	andeq	r0, r0, r0, lsl #8
878051c0:	07080004 	streq	r0, [r8, -r4]
878051c4:	ff07f8ff 			; <UNDEFINED> instruction: 0xff07f8ff
878051c8:	080004f8 	stmdaeq	r0, {r3, r4, r5, r6, r7, sl}
878051cc:	04000004 	streq	r0, [r0], #-4
878051d0:	00060000 	andeq	r0, r6, r0
878051d4:	00800100 	addeq	r0, r0, r0, lsl #2
878051d8:	07000004 	streq	r0, [r0, -r4]
878051dc:	ff07e0ff 			; <UNDEFINED> instruction: 0xff07e0ff
878051e0:	180004f0 	stmdane	r0, {r4, r5, r6, r7, sl}
878051e4:	00080000 	andeq	r0, r8, r0
878051e8:	00000800 	andeq	r0, r0, r0, lsl #16
878051ec:	08000008 	stmdaeq	r0, {r3}
878051f0:	04080000 	streq	r0, [r8], #-0
878051f4:	ff071000 			; <UNDEFINED> instruction: 0xff071000
878051f8:	000004e0 	andeq	r0, r0, r0, ror #9
878051fc:	06000004 	streq	r0, [r0], -r4
87805200:	e0070000 	and	r0, r7, r0
87805204:	00fe0700 	rscseq	r0, lr, r0, lsl #14
87805208:	00e01f04 	rsceq	r1, r0, r4, lsl #30
8780520c:	0000f801 	andeq	pc, r0, r1, lsl #16
87805210:	e0010038 	and	r0, r1, r8, lsr r0
87805214:	07003e04 	streq	r3, [r0, -r4, lsl #28]
87805218:	000600c0 	andeq	r0, r6, r0, asr #1
8780521c:	00000400 	andeq	r0, r0, r0, lsl #8
87805220:	07000004 	streq	r0, [r0, -r4]
87805224:	ff0700e0 			; <UNDEFINED> instruction: 0xff0700e0
87805228:	f81f04c0 			; <UNDEFINED> instruction: 0xf81f04c0
8780522c:	07c00700 	strbeq	r0, [r0, r0, lsl #14]
87805230:	ff0700f8 			; <UNDEFINED> instruction: 0xff0700f8
87805234:	f83f0480 			; <UNDEFINED> instruction: 0xf83f0480
87805238:	04c00700 	strbeq	r0, [r0], #1792	; 0x700
8780523c:	000700f8 	strdeq	r0, [r7], -r8
87805240:	00000400 	andeq	r0, r0, r0, lsl #8
87805244:	04000000 	streq	r0, [r0], #-0
87805248:	00060800 	andeq	r0, r6, r0, lsl #16
8780524c:	78c00718 	stmiavc	r0, {r3, r4, r8, r9, sl}^
87805250:	00c8f105 	sbceq	pc, r8, r5, lsl #2
87805254:	1f00003e 	svcne	0x0000003e
87805258:	e8630480 	stmda	r3!, {r7, sl}^
8780525c:	06f88007 	ldrbteq	r8, [r8], r7
87805260:	00041800 	andeq	r1, r4, r0, lsl #16
87805264:	00000008 	andeq	r0, r0, r8
87805268:	06000004 	streq	r0, [r0], -r4
8780526c:	80070000 	andhi	r0, r7, r0
87805270:	08e00700 	stmiaeq	r0!, {r8, r9, sl}^
87805274:	00087c04 	andeq	r7, r8, r4, lsl #24
87805278:	0700f81f 	smuadeq	r0, pc, r8	; <UNPREDICTABLE>
8780527c:	081800f8 	ldmdaeq	r8, {r3, r4, r5, r6, r7}
87805280:	0708e004 	streq	lr, [r8, -r4]
87805284:	00060000 	andeq	r0, r6, r0
87805288:	00000400 	andeq	r0, r0, r0, lsl #8
8780528c:	01000000 	mrseq	r0, (UNDEF: 0)
87805290:	00060800 	andeq	r0, r6, r0, lsl #16
87805294:	f8000438 			; <UNDEFINED> instruction: 0xf8000438
87805298:	04e80304 	strbteq	r0, [r8], #772	; 0x304
8780529c:	7c04080f 	stcvc	8, cr0, [r4], {15}
878052a0:	08f00508 	ldmeq	r0!, {r3, r8, sl}^
878052a4:	0708c007 	streq	ip, [r8, -r7]
878052a8:	00041800 	andeq	r1, r4, r0, lsl #16
878052ac:	00000060 	andeq	r0, r0, r0, rrx
	...
878052bc:	3f000000 	svccc	0x00000000
878052c0:	0020feff 	strdeq	pc, [r0], -pc	; <UNPREDICTABLE>
878052c4:	02002002 	andeq	r2, r0, #2
878052c8:	20020020 	andcs	r0, r2, r0, lsr #32
878052cc:	00200200 	eoreq	r0, r0, r0, lsl #4
878052d0:	00000002 	andeq	r0, r0, r2
878052d4:	00000000 	andeq	r0, r0, r0
878052d8:	00080000 	andeq	r0, r8, r0
878052dc:	00000700 	andeq	r0, r0, r0, lsl #14
878052e0:	0000c000 	andeq	ip, r0, r0
878052e4:	06000038 			; <UNDEFINED> instruction: 0x06000038
878052e8:	c0010000 	andgt	r0, r1, r0
878052ec:	00300000 	eorseq	r0, r0, r0
878052f0:	00000e00 	andeq	r0, r0, r0, lsl #28
878052f4:	00000001 	andeq	r0, r0, r1
878052f8:	00000000 	andeq	r0, r0, r0
878052fc:	00200000 	eoreq	r0, r0, r0
87805300:	02002002 	andeq	r2, r0, #2
87805304:	20020020 	andcs	r0, r2, r0, lsr #32
87805308:	00200200 	eoreq	r0, r0, r0, lsl #4
8780530c:	feff3f02 	cdp2	15, 15, cr3, cr15, cr2, {0}
	...
87805324:	00000800 	andeq	r0, r0, r0, lsl #16
87805328:	30000010 	andcc	r0, r0, r0, lsl r0
8780532c:	00200000 	eoreq	r0, r0, r0
87805330:	00003000 	andeq	r3, r0, r0
87805334:	08000010 	stmdaeq	r0, {r4}
	...
87805340:	00010000 	andeq	r0, r1, r0
87805344:	00000100 	andeq	r0, r0, r0, lsl #2
87805348:	01000001 	tsteq	r0, r1
8780534c:	00010000 	andeq	r0, r1, r0
87805350:	00000100 	andeq	r0, r0, r0, lsl #2
87805354:	01000001 	tsteq	r0, r1
87805358:	00010000 	andeq	r0, r1, r0
8780535c:	00000100 	andeq	r0, r0, r0, lsl #2
87805360:	01000001 	tsteq	r0, r1
	...
8780536c:	00002000 	andeq	r2, r0, r0
87805370:	10000020 	andne	r0, r0, r0, lsr #32
87805374:	00100000 	andseq	r0, r0, r0
	...
8780538c:	1900f000 	stmdbne	r0, {ip, sp, lr, pc}
87805390:	181b00f8 	ldmdane	fp, {r3, r4, r5, r6, r7}
87805394:	00082200 	andeq	r2, r8, r0, lsl #4
87805398:	24000826 	strcs	r0, [r0], #-2086	; 0xfffff7da
8780539c:	10240008 	eorne	r0, r4, r8
878053a0:	00f83f00 	rscseq	r3, r8, r0, lsl #30
878053a4:	0000f81f 	andeq	pc, r0, pc, lsl r8	; <UNPREDICTABLE>
878053a8:	18000008 	stmdane	r0, {r3}
878053ac:	04000000 	streq	r0, [r0], #-0
878053b0:	ff070000 			; <UNDEFINED> instruction: 0xff070000
878053b4:	f0ff0ff8 			; <UNDEFINED> instruction: 0xf0ff0ff8
878053b8:	00181800 	andseq	r1, r8, r0, lsl #16
878053bc:	20000810 	andcs	r0, r0, r0, lsl r8
878053c0:	08200008 	stmdaeq	r0!, {r3}
878053c4:	00183000 	andseq	r3, r8, r0
878053c8:	0f00f01f 	svceq	0x0000f01f
878053cc:	000000c0 	andeq	r0, r0, r0, asr #1
878053d0:	00000000 	andeq	r0, r0, r0
878053d4:	1f00c007 	svcne	0x0000c007
878053d8:	301800f0 	ldrshcc	r0, [r8], -r0	; <UNPREDICTABLE>
878053dc:	00082000 	andeq	r2, r8, r0
878053e0:	20000820 	andcs	r0, r0, r0, lsr #16
878053e4:	083c0008 	ldmdaeq	ip!, {r3}
878053e8:	00101c00 	andseq	r1, r0, r0, lsl #24
878053ec:	00006000 	andeq	r6, r0, r0
	...
878053f8:	1f00c007 	svcne	0x0000c007
878053fc:	183800f0 	ldmdane	r8!, {r4, r5, r6, r7}
87805400:	00082000 	andeq	r2, r8, r0
87805404:	20000820 	andcs	r0, r0, r0, lsr #16
87805408:	10100408 	andsne	r0, r0, r8, lsl #8
8780540c:	0ff8ff07 	svceq	0x00f8ff07
87805410:	0000f0ff 	strdeq	pc, [r0], -pc	; <UNPREDICTABLE>
87805414:	00000010 	andeq	r0, r0, r0, lsl r0
87805418:	00000000 	andeq	r0, r0, r0
8780541c:	07000000 	streq	r0, [r0, -r0]
87805420:	f01f00c0 			; <UNDEFINED> instruction: 0xf01f00c0
87805424:	00301200 	eorseq	r1, r0, r0, lsl #4
87805428:	22001822 	andcs	r1, r0, #2228224	; 0x220000
8780542c:	08220008 	stmdaeq	r2!, {r3}
87805430:	00083200 	andeq	r3, r8, r0, lsl #4
87805434:	0e00101e 	mcreq	0, 0, r1, cr0, cr14, {0}
87805438:	00000020 	andeq	r0, r0, r0, lsr #32
8780543c:	00000000 	andeq	r0, r0, r0
87805440:	20000020 	andcs	r0, r0, r0, lsr #32
87805444:	08200008 	stmdaeq	r0!, {r3}
87805448:	03f8ff01 	mvnseq	pc, #1, 30
8780544c:	2006f8ff 	strdcs	pc, [r6], -pc	; <UNPREDICTABLE>
87805450:	08200408 	stmdaeq	r0!, {r3, sl}
87805454:	07082004 	streq	r2, [r8, -r4]
87805458:	00030020 	andeq	r0, r3, r0, lsr #32
	...
87805464:	0e000e00 	cdpeq	14, 0, cr0, cr0, cr0, {0}
87805468:	f31f006e 	vhadd.u16	q0, <illegal reg q7.5>, q15
8780546c:	00b13100 	adcseq	r3, r1, r0, lsl #2
87805470:	2000b120 	andcs	fp, r0, r0, lsr #2
87805474:	913100b1 	ldrhls	r0, [r1, -r1]!
87805478:	00131f00 	andseq	r1, r3, r0, lsl #30
8780547c:	20001e2e 	andcs	r1, r0, lr, lsr #28
87805480:	0030000e 	eorseq	r0, r0, lr
87805484:	04000000 	streq	r0, [r0], #-0
87805488:	ff070800 	vcmla.f16	d0, d7, d0[0], #0
8780548c:	f8ff0ff8 			; <UNDEFINED> instruction: 0xf8ff0ff8
87805490:	00081000 	andeq	r1, r8, r0
87805494:	20000020 	andcs	r0, r0, r0, lsr #32
87805498:	08200000 	stmdaeq	r0!, {}	; <UNPREDICTABLE>
8780549c:	00f83f00 	rscseq	r3, r8, r0, lsl #30
878054a0:	0000f81f 	andeq	pc, r0, pc, lsl r8	; <UNPREDICTABLE>
878054a4:	00000008 	andeq	r0, r0, r8
878054a8:	00000000 	andeq	r0, r0, r0
878054ac:	20000000 	andcs	r0, r0, r0
878054b0:	08200008 	stmdaeq	r0!, {r3}
878054b4:	06082000 	streq	r2, [r8], -r0
878054b8:	3f06f83f 	svccc	0x0006f83f
878054bc:	080000f8 	stmdaeq	r0, {r3, r4, r5, r6, r7}
878054c0:	00080000 	andeq	r0, r8, r0
878054c4:	00000800 	andeq	r0, r0, r0, lsl #16
	...
878054d4:	03000003 	movweq	r0, #3
878054d8:	00012000 	andeq	r2, r1, r0
878054dc:	20000120 	andcs	r0, r0, r0, lsr #2
878054e0:	fe3f0603 	cdp2	6, 3, cr0, cr15, cr3, {0}
878054e4:	00fc3f06 	rscseq	r3, ip, r6, lsl #30
	...
878054f0:	04000000 	streq	r0, [r0], #-0
878054f4:	ff070800 	vcmla.f16	d0, d7, d0[0], #0
878054f8:	f8ff0ff8 			; <UNDEFINED> instruction: 0xf8ff0ff8
878054fc:	00880100 	addeq	r0, r8, r0, lsl #2
87805500:	2f000003 	svccs	0x00000003
87805504:	f83800c0 			; <UNDEFINED> instruction: 0xf83800c0
87805508:	00382000 	eorseq	r2, r8, r0
8780550c:	00000820 	andeq	r0, r0, r0, lsr #16
87805510:	00000008 	andeq	r0, r0, r8
87805514:	00000000 	andeq	r0, r0, r0
87805518:	00040000 	andeq	r0, r4, r0
8780551c:	08000408 	stmdaeq	r0, {r3, sl}
87805520:	07080004 	streq	r0, [r8, -r4]
87805524:	ff0ff8ff 			; <UNDEFINED> instruction: 0xff0ff8ff
87805528:	080000f8 	stmdaeq	r0, {r3, r4, r5, r6, r7}
8780552c:	00080000 	andeq	r0, r8, r0
87805530:	00000800 	andeq	r0, r0, r0, lsl #16
87805534:	00000000 	andeq	r0, r0, r0
87805538:	00082000 	andeq	r2, r8, r0
8780553c:	3f00f83f 	svccc	0x0000f83f
87805540:	081000f8 	ldmdaeq	r0, {r3, r4, r5, r6, r7}
87805544:	00002000 	andeq	r2, r0, r0
87805548:	3f00f83f 	svccc	0x0000f83f
8780554c:	081000f8 	ldmdaeq	r0, {r3, r4, r5, r6, r7}
87805550:	00002000 	andeq	r2, r0, r0
87805554:	3f00f83f 	svccc	0x0000f83f
87805558:	080000f8 	stmdaeq	r0, {r3, r4, r5, r6, r7}
8780555c:	00000000 	andeq	r0, r0, r0
87805560:	3f000820 	svccc	0x00000820
87805564:	f83f00f8 			; <UNDEFINED> instruction: 0xf83f00f8
87805568:	00081000 	andeq	r1, r8, r0
8780556c:	20000010 	andcs	r0, r0, r0, lsl r0
87805570:	08200000 	stmdaeq	r0!, {}	; <UNPREDICTABLE>
87805574:	00f83f00 	rscseq	r3, r8, r0, lsl #30
87805578:	0000f81f 	andeq	pc, r0, pc, lsl r8	; <UNPREDICTABLE>
8780557c:	00000008 	andeq	r0, r0, r8
87805580:	00000000 	andeq	r0, r0, r0
87805584:	0f00c007 	svceq	0x0000c007
87805588:	301800f0 	ldrshcc	r0, [r8], -r0	; <UNPREDICTABLE>
8780558c:	00083000 	andeq	r3, r8, r0
87805590:	20000820 	andcs	r0, r0, r0, lsr #16
87805594:	08300008 	ldmdaeq	r0!, {r3}
87805598:	00301800 	eorseq	r1, r0, r0, lsl #16
8780559c:	0700f00f 	streq	pc, [r0, -pc]
878055a0:	000000c0 	andeq	r0, r0, r0, asr #1
878055a4:	00000000 	andeq	r0, r0, r0
878055a8:	3f000120 	svccc	0x00000120
878055ac:	ff3f00ff 			; <UNDEFINED> instruction: 0xff3f00ff
878055b0:	00111000 	andseq	r1, r1, r0
878055b4:	20000920 	andcs	r0, r0, r0, lsr #18
878055b8:	08200008 	stmdaeq	r0!, {r3}
878055bc:	00383000 	eorseq	r3, r8, r0
878055c0:	0f00f01f 	svceq	0x0000f01f
878055c4:	000000c0 	andeq	r0, r0, r0, asr #1
878055c8:	00000000 	andeq	r0, r0, r0
878055cc:	1f00c007 	svcne	0x0000c007
878055d0:	183800f0 	ldmdane	r8!, {r4, r5, r6, r7}
878055d4:	00082000 	andeq	r2, r8, r0
878055d8:	20000820 	andcs	r0, r0, r0, lsr #16
878055dc:	11100009 	tstne	r0, r9
878055e0:	00ff1f00 	rscseq	r1, pc, r0, lsl #30
878055e4:	0000ff3f 	andeq	pc, r0, pc, lsr pc	; <UNPREDICTABLE>
878055e8:	00000001 	andeq	r0, r0, r1
878055ec:	00082000 	andeq	r2, r8, r0
878055f0:	20000820 	andcs	r0, r0, r0, lsr #16
878055f4:	f83f0008 			; <UNDEFINED> instruction: 0xf83f0008
878055f8:	00f83f00 	rscseq	r3, r8, r0, lsl #30
878055fc:	10000808 	andne	r0, r0, r8, lsl #16
87805600:	08200008 	stmdaeq	r0!, {r3}
87805604:	00002000 	andeq	r2, r0, r0
87805608:	30000030 	andcc	r0, r0, r0, lsr r0
	...
87805614:	0c000000 	stceq	0, cr0, [r0], {-0}
87805618:	181e0078 	ldmdane	lr, {r3, r4, r5, r6}
8780561c:	00083300 	andeq	r3, r8, r0, lsl #6
87805620:	21000823 	tstcs	r0, r3, lsr #16
87805624:	88210008 	stmdahi	r1!, {r3}
87805628:	00982100 	addseq	r2, r8, r0, lsl #2
8780562c:	3800f030 	stmdacc	r0, {r4, r5, ip, sp, lr, pc}
87805630:	00000060 	andeq	r0, r0, r0, rrx
87805634:	00000000 	andeq	r0, r0, r0
87805638:	20000020 	andcs	r0, r0, r0, lsr #32
8780563c:	00200000 	eoreq	r0, r0, r0
87805640:	03f0ff00 	mvnseq	pc, #0, 30
87805644:	2000f8ff 	strdcs	pc, [r0], -pc	; <UNPREDICTABLE>
87805648:	08200008 	stmdaeq	r0!, {r3}
8780564c:	00082000 	andeq	r2, r8, r0
87805650:	00003000 	andeq	r3, r0, r0
	...
8780565c:	3f000020 	svccc	0x00000020
87805660:	f87f00f0 			; <UNDEFINED> instruction: 0xf87f00f0
87805664:	00180000 	andseq	r0, r8, r0
87805668:	00000800 	andeq	r0, r0, r0, lsl #16
8780566c:	10200008 	eorne	r0, r0, r8
87805670:	00f83f00 	rscseq	r3, r8, r0, lsl #30
87805674:	0000f07f 	andeq	pc, r0, pc, ror r0	; <UNPREDICTABLE>
87805678:	00000010 	andeq	r0, r0, r0, lsl r0
8780567c:	00000000 	andeq	r0, r0, r0
87805680:	30000020 	andcc	r0, r0, r0, lsr #32
87805684:	003c0000 	eorseq	r0, ip, r0
87805688:	00803f00 	addeq	r3, r0, r0, lsl #30
8780568c:	0000f023 	andeq	pc, r0, r3, lsr #32
87805690:	70000078 	andvc	r0, r0, r8, ror r0
87805694:	00802300 	addeq	r2, r0, r0, lsl #6
87805698:	3000003c 	andcc	r0, r0, ip, lsr r0
8780569c:	00200000 	eoreq	r0, r0, r0
878056a0:	00002000 	andeq	r2, r0, r0
878056a4:	3f00003c 	svccc	0x0000003c
878056a8:	f82300e0 			; <UNDEFINED> instruction: 0xf82300e0
878056ac:	00e00000 	rsceq	r0, r0, r0
878056b0:	3e000027 	cdpcc	0, 0, cr0, cr0, cr7, {1}
878056b4:	e03f0000 	eors	r0, pc, r0
878056b8:	00f82100 	rscseq	r2, r8, r0, lsl #2
878056bc:	3e00e001 	cdpcc	0, 0, cr14, cr0, cr1, {0}
878056c0:	00200000 	eoreq	r0, r0, r0
878056c4:	00000000 	andeq	r0, r0, r0
878056c8:	20000820 	andcs	r0, r0, r0, lsr #16
878056cc:	38380008 	ldmdacc	r8!, {r3}
878056d0:	00683e00 	rsbeq	r3, r8, r0, lsl #28
878056d4:	03008027 	movweq	r8, #39	; 0x27
878056d8:	f82c00c8 			; <UNDEFINED> instruction: 0xf82c00c8
878056dc:	00383800 	eorseq	r3, r8, r0, lsl #16
878056e0:	20001820 	andcs	r1, r0, r0, lsr #16
878056e4:	00000008 	andeq	r0, r0, r8
878056e8:	00000000 	andeq	r0, r0, r0
878056ec:	30000020 	andcc	r0, r0, r0, lsr #32
878056f0:	013c0003 	teqeq	ip, r3
878056f4:	00833f00 	addeq	r3, r3, r0, lsl #30
878056f8:	0000ec23 	andeq	lr, r0, r3, lsr #24
878056fc:	80230070 	eorhi	r0, r3, r0, ror r0
87805700:	00003c00 	andeq	r3, r0, r0, lsl #24
87805704:	20000020 	andcs	r0, r0, r0, lsr #32
	...
87805710:	38000000 	stmdacc	r0, {}	; <UNPREDICTABLE>
87805714:	38200008 	stmdacc	r0!, {r3}
87805718:	00f82000 	rscseq	r2, r8, r0
8780571c:	2f00e823 	svccs	0x0000e823
87805720:	083e0088 	ldmdaeq	lr!, {r3, r7}
87805724:	00083800 	andeq	r3, r8, r0, lsl #16
87805728:	00001820 	andeq	r1, r0, r0, lsr #16
8780572c:	00000070 	andeq	r0, r0, r0, ror r0
	...
87805740:	14000008 	strne	r0, [r0], #-8
87805744:	fcf71f00 	ldc2l	15, cr1, [r7]
87805748:	20060030 	andcs	r0, r6, r0, lsr r0
8780574c:	00000200 	andeq	r0, r0, r0, lsl #4
	...
87805764:	ffff0000 			; <UNDEFINED> instruction: 0xffff0000
87805768:	000000ff 	strdeq	r0, [r0], -pc	; <UNPREDICTABLE>
	...
8780577c:	00200000 	eoreq	r0, r0, r0
87805780:	06003002 	streq	r3, [r0], -r2
87805784:	00fcf71f 	rscseq	pc, ip, pc, lsl r7	; <UNPREDICTABLE>
87805788:	08000014 	stmdaeq	r0, {r2, r4}
	...
8780579c:	18000000 	stmdane	r0, {}	; <UNPREDICTABLE>
878057a0:	00600000 	rsbeq	r0, r0, r0
878057a4:	00004000 	andeq	r4, r0, r0
878057a8:	20000040 	andcs	r0, r0, r0, asr #32
878057ac:	00100000 	andseq	r0, r0, r0
878057b0:	00000800 	andeq	r0, r0, r0, lsl #16
878057b4:	04000004 	streq	r0, [r0], #-4
878057b8:	000c0000 	andeq	r0, ip, r0
878057bc:	00001000 	andeq	r1, r0, r0

878057c0 <asc2_1608>:
	...
878057d4:	cc1f0000 	ldcgt	0, cr0, [pc], {-0}
878057d8:	00000c00 	andeq	r0, r0, r0, lsl #24
878057dc:	00000000 	andeq	r0, r0, r0
878057e0:	00080000 	andeq	r0, r8, r0
878057e4:	00600030 	rsbeq	r0, r0, r0, lsr r0
878057e8:	00300008 	eorseq	r0, r0, r8
878057ec:	00000060 	andeq	r0, r0, r0, rrx
878057f0:	fc032002 	stc2	0, cr2, [r3], {2}
878057f4:	2002201e 	andcs	r2, r2, lr, lsl r0
878057f8:	201efc03 	andscs	pc, lr, r3, lsl #24
878057fc:	00002002 	andeq	r2, r0, r2
87805800:	180e0000 	stmdane	lr, {}	; <UNPREDICTABLE>
87805804:	ff3f0411 			; <UNDEFINED> instruction: 0xff3f0411
87805808:	780c8410 	stmdavc	ip, {r4, sl, pc}
8780580c:	00000000 	andeq	r0, r0, r0
87805810:	8410000f 	ldrhi	r0, [r0], #-15
87805814:	c000380f 	andgt	r3, r0, pc, lsl #16
87805818:	84187807 	ldrhi	r7, [r8], #-2055	; 0xfffff7f9
8780581c:	00007800 	andeq	r7, r0, r0, lsl #16
87805820:	840f7800 	strhi	r7, [pc], #-2048	; 87805828 <asc2_1608+0x68>
87805824:	2411c410 	ldrcs	ip, [r1], #-1040	; 0xfffffbf0
87805828:	e400980e 	str	r9, [r0], #-2062	; 0xfffff7f2
8780582c:	08008400 	stmdaeq	r0, {sl, pc}
87805830:	00680008 	rsbeq	r0, r8, r8
87805834:	00000070 	andeq	r0, r0, r0, ror r0
	...
87805844:	e0070000 	and	r0, r7, r0
87805848:	04201818 	strteq	r1, [r0], #-2072	; 0xfffff7e8
8780584c:	00000240 	andeq	r0, r0, r0, asr #4
87805850:	02400000 	subeq	r0, r0, #0
87805854:	18180420 	ldmdane	r8, {r5, sl}
87805858:	0000e007 	andeq	lr, r0, r7
8780585c:	00000000 	andeq	r0, r0, r0
87805860:	40024002 	andmi	r4, r2, r2
87805864:	f00f8001 			; <UNDEFINED> instruction: 0xf00f8001
87805868:	40028001 	andmi	r8, r2, r1
8780586c:	00004002 	andeq	r4, r0, r2
87805870:	80008000 	andhi	r8, r0, r0
87805874:	f80f8000 			; <UNDEFINED> instruction: 0xf80f8000
87805878:	80008000 	andhi	r8, r0, r0
8780587c:	00008000 	andeq	r8, r0, r0
87805880:	0d000100 	stfeqs	f0, [r0, #-0]
87805884:	00000e00 	andeq	r0, r0, r0, lsl #28
	...
87805890:	80000000 	andhi	r0, r0, r0
87805894:	80008000 	andhi	r8, r0, r0
87805898:	80008000 	andhi	r8, r0, r0
8780589c:	80008000 	andhi	r8, r0, r0
878058a0:	0c000000 	stceq	0, cr0, [r0], {-0}
878058a4:	00000c00 	andeq	r0, r0, r0, lsl #24
	...
878058b0:	06000000 	streq	r0, [r0], -r0
878058b4:	60001800 	andvs	r1, r0, r0, lsl #16
878058b8:	00068001 	andeq	r8, r6, r1
878058bc:	00200018 	eoreq	r0, r0, r8, lsl r0
878058c0:	f0070000 			; <UNDEFINED> instruction: 0xf0070000
878058c4:	04100808 	ldreq	r0, [r0], #-2056	; 0xfffff7f8
878058c8:	08080410 	stmdaeq	r8, {r4, sl}
878058cc:	0000f007 	andeq	pc, r0, r7
878058d0:	04080000 	streq	r0, [r8], #-0
878058d4:	fc1f0408 	ldc2	4, cr0, [pc], {8}
878058d8:	04000400 	streq	r0, [r0], #-1024	; 0xfffffc00
878058dc:	00000000 	andeq	r0, r0, r0
878058e0:	0c0e0000 	stceq	0, cr0, [lr], {-0}
878058e4:	24101410 	ldrcs	r1, [r0], #-1040	; 0xfffffbf0
878058e8:	84114410 	ldrhi	r4, [r1], #-1040	; 0xfffffbf0
878058ec:	00000c0e 	andeq	r0, r0, lr, lsl #24
878058f0:	180c0000 	stmdane	ip, {}	; <UNPREDICTABLE>
878058f4:	04110410 	ldreq	r0, [r1], #-1040	; 0xfffffbf0
878058f8:	88120411 	ldmdahi	r2, {r0, r4, sl}
878058fc:	0000700c 	andeq	r7, r0, ip
87805900:	e0000000 	and	r0, r0, r0
87805904:	24042003 	strcs	r2, [r4], #-3
87805908:	fc1f2408 	ldc2	4, cr2, [pc], {8}
8780590c:	00002400 	andeq	r2, r0, r0, lsl #8
87805910:	981f0000 	ldmdals	pc, {}	; <UNPREDICTABLE>
87805914:	04118410 	ldreq	r8, [r1], #-1040	; 0xfffffbf0
87805918:	88100411 	ldmdahi	r0, {r0, r4, sl}
8780591c:	00007010 	andeq	r7, r0, r0, lsl r0
87805920:	f0070000 			; <UNDEFINED> instruction: 0xf0070000
87805924:	04118808 	ldreq	r8, [r1], #-2056	; 0xfffff7f8
87805928:	88180411 	ldmdahi	r8, {r0, r4, sl}
8780592c:	00007000 	andeq	r7, r0, r0
87805930:	001c0000 	andseq	r0, ip, r0
87805934:	fc100010 	ldc2	0, cr0, [r0], {16}
87805938:	001c0013 	andseq	r0, ip, r3, lsl r0
8780593c:	00000010 	andeq	r0, r0, r0, lsl r0
87805940:	380e0000 	stmdacc	lr, {}	; <UNPREDICTABLE>
87805944:	84104411 	ldrhi	r4, [r0], #-1041	; 0xfffffbef
87805948:	44118410 	ldrmi	r8, [r1], #-1040	; 0xfffffbf0
8780594c:	0000380e 	andeq	r3, r0, lr, lsl #16
87805950:	00070000 	andeq	r0, r7, r0
87805954:	44108c08 	ldrmi	r8, [r0], #-3080	; 0xfffff3f8
87805958:	88084410 	stmdahi	r8, {r4, sl, lr}
8780595c:	0000f007 	andeq	pc, r0, r7
87805960:	00000000 	andeq	r0, r0, r0
87805964:	0c030000 	stceq	0, cr0, [r3], {-0}
87805968:	00000c03 	andeq	r0, r0, r3, lsl #24
	...
87805974:	06010100 	streq	r0, [r1], -r0, lsl #2
	...
87805980:	80000000 	andhi	r0, r0, r0
87805984:	20024001 	andcs	r4, r2, r1
87805988:	08081004 	stmdaeq	r8, {r2, ip}
8780598c:	00000410 	andeq	r0, r0, r0, lsl r4
87805990:	20022002 	andcs	r2, r2, r2
87805994:	20022002 	andcs	r2, r2, r2
87805998:	20022002 	andcs	r2, r2, r2
8780599c:	00002002 	andeq	r2, r0, r2
878059a0:	04100000 	ldreq	r0, [r0], #-0
878059a4:	10040808 	andne	r0, r4, r8, lsl #16
878059a8:	40012002 	andmi	r2, r1, r2
878059ac:	00008000 	andeq	r8, r0, r0
878059b0:	000e0000 	andeq	r0, lr, r0
878059b4:	0c100012 	ldceq	0, cr0, [r0], {18}
878059b8:	80106c10 	andshi	r6, r0, r0, lsl ip
878059bc:	0000000f 	andeq	r0, r0, pc
878059c0:	180ce003 	stmdane	ip, {r0, r1, sp, lr, pc}
878059c4:	2414e413 	ldrcs	lr, [r4], #-1043	; 0xfffffbed
878059c8:	2808c417 	stmdacs	r8, {r0, r1, r2, r4, sl, lr, pc}
878059cc:	0000d007 	andeq	sp, r0, r7
878059d0:	3c000400 	cfstrscc	mvf0, [r0], {-0}
878059d4:	401cc403 	andsmi	ip, ip, r3, lsl #8
878059d8:	e4004007 	str	r4, [r0], #-7
878059dc:	04001c00 	streq	r1, [r0], #-3072	; 0xfffff400
878059e0:	fc1f0410 	ldc2	4, cr0, [pc], {16}
878059e4:	04110411 	ldreq	r0, [r1], #-1041	; 0xfffffbef
878059e8:	880e0411 	stmdahi	lr, {r0, r4, sl}
878059ec:	00007000 	andeq	r7, r0, r0
878059f0:	180ce003 	stmdane	ip, {r0, r1, sp, lr, pc}
878059f4:	04100410 	ldreq	r0, [r0], #-1040	; 0xfffffbf0
878059f8:	08100410 	ldmdaeq	r0, {r4, sl}
878059fc:	0000101c 	andeq	r1, r0, ip, lsl r0
87805a00:	fc1f0410 	ldc2	4, cr0, [pc], {16}
87805a04:	04100410 	ldreq	r0, [r0], #-1040	; 0xfffffbf0
87805a08:	08080410 	stmdaeq	r8, {r4, sl}
87805a0c:	0000f007 	andeq	pc, r0, r7
87805a10:	fc1f0410 	ldc2	4, cr0, [pc], {16}
87805a14:	04110411 	ldreq	r0, [r1], #-1041	; 0xfffffbef
87805a18:	0410c417 	ldreq	ip, [r0], #-1047	; 0xfffffbe9
87805a1c:	00001808 	andeq	r1, r0, r8, lsl #16
87805a20:	fc1f0410 	ldc2	4, cr0, [pc], {16}
87805a24:	00110411 	andseq	r0, r1, r1, lsl r4
87805a28:	0010c017 	andseq	ip, r0, r7, lsl r0
87805a2c:	00000008 	andeq	r0, r0, r8
87805a30:	180ce003 	stmdane	ip, {r0, r1, sp, lr, pc}
87805a34:	04100410 	ldreq	r0, [r0], #-1040	; 0xfffffbf0
87805a38:	781c4410 	ldmdavc	ip, {r4, sl, lr}
87805a3c:	00004000 	andeq	r4, r0, r0
87805a40:	fc1f0410 	ldc2	4, cr0, [pc], {16}
87805a44:	80008410 	andhi	r8, r0, r0, lsl r4
87805a48:	84108000 	ldrhi	r8, [r0], #-0
87805a4c:	0410fc1f 	ldreq	pc, [r0], #-3103	; 0xfffff3e1
87805a50:	04100000 	ldreq	r0, [r0], #-0
87805a54:	fc1f0410 	ldc2	4, cr0, [pc], {16}
87805a58:	04100410 	ldreq	r0, [r0], #-1040	; 0xfffffbf0
87805a5c:	00000000 	andeq	r0, r0, r0
87805a60:	01000300 	mrseq	r0, LR_irq
87805a64:	01100110 	tsteq	r0, r0, lsl r1
87805a68:	0010fe1f 	andseq	pc, r0, pc, lsl lr	; <UNPREDICTABLE>
87805a6c:	00000010 	andeq	r0, r0, r0, lsl r0
87805a70:	fc1f0410 	ldc2	4, cr0, [pc], {16}
87805a74:	80030411 	andhi	r0, r3, r1, lsl r4
87805a78:	1c186414 	cfldrsne	mvf6, [r8], {20}
87805a7c:	00000410 	andeq	r0, r0, r0, lsl r4
87805a80:	fc1f0410 	ldc2	4, cr0, [pc], {16}
87805a84:	04000410 	streq	r0, [r0], #-1040	; 0xfffffbf0
87805a88:	04000400 	streq	r0, [r0], #-1024	; 0xfffffc00
87805a8c:	00000c00 	andeq	r0, r0, r0, lsl #24
87805a90:	fc1f0410 	ldc2	4, cr0, [pc], {16}
87805a94:	fc00001f 	stc2	0, cr0, [r0], {31}
87805a98:	fc1f001f 	ldc2	0, cr0, [pc], {31}
87805a9c:	00000410 	andeq	r0, r0, r0, lsl r4
87805aa0:	fc1f0410 	ldc2	4, cr0, [pc], {16}
87805aa4:	0003040c 	andeq	r0, r3, ip, lsl #8
87805aa8:	1810e000 	ldmdane	r0, {sp, lr, pc}
87805aac:	0010fc1f 	andseq	pc, r0, pc, lsl ip	; <UNPREDICTABLE>
87805ab0:	0808f007 	stmdaeq	r8, {r0, r1, r2, ip, sp, lr, pc}
87805ab4:	04100410 	ldreq	r0, [r0], #-1040	; 0xfffffbf0
87805ab8:	08080410 	stmdaeq	r8, {r4, sl}
87805abc:	0000f007 	andeq	pc, r0, r7
87805ac0:	fc1f0410 	ldc2	4, cr0, [pc], {16}
87805ac4:	80108410 	andshi	r8, r0, r0, lsl r4
87805ac8:	80108010 	andshi	r8, r0, r0, lsl r0
87805acc:	0000000f 	andeq	r0, r0, pc
87805ad0:	1808f007 	stmdane	r8, {r0, r1, r2, ip, sp, lr, pc}
87805ad4:	24102410 	ldrcs	r2, [r0], #-1040	; 0xfffffbf0
87805ad8:	0a081c10 	beq	87a0cb20 <__bss_end+0x202a70>
87805adc:	0000f207 	andeq	pc, r0, r7, lsl #4
87805ae0:	fc1f0410 	ldc2	4, cr0, [pc], {16}
87805ae4:	00110411 	andseq	r0, r1, r1, lsl r4
87805ae8:	3011c011 	andscc	ip, r1, r1, lsl r0
87805aec:	04000c0e 	streq	r0, [r0], #-3086	; 0xfffff3f2
87805af0:	1c0e0000 	stcne	0, cr0, [lr], {-0}
87805af4:	84100411 	ldrhi	r0, [r0], #-1041	; 0xfffffbef
87805af8:	44108410 	ldrmi	r8, [r0], #-1040	; 0xfffffbf0
87805afc:	0000381c 	andeq	r3, r0, ip, lsl r8
87805b00:	00100018 	andseq	r0, r0, r8, lsl r0
87805b04:	fc1f0410 	ldc2	4, cr0, [pc], {16}
87805b08:	00100410 	andseq	r0, r0, r0, lsl r4
87805b0c:	00000018 	andeq	r0, r0, r8, lsl r0
87805b10:	f81f0010 			; <UNDEFINED> instruction: 0xf81f0010
87805b14:	04000410 	streq	r0, [r0], #-1040	; 0xfffffbf0
87805b18:	04100400 	ldreq	r0, [r0], #-1024	; 0xfffffc00
87805b1c:	0010f81f 	andseq	pc, r0, pc, lsl r8	; <UNPREDICTABLE>
87805b20:	001e0010 	andseq	r0, lr, r0, lsl r0
87805b24:	1c00e011 	stcne	0, cr14, [r0], {17}
87805b28:	80137000 	andshi	r7, r3, r0
87805b2c:	0010001c 	andseq	r0, r0, ip, lsl r0
87805b30:	3c10c01f 	ldccc	0, cr12, [r0], {31}
87805b34:	001fe000 	andseq	lr, pc, r0
87805b38:	3c10e000 	ldccc	0, cr14, [r0], {-0}
87805b3c:	0000c01f 	andeq	ip, r0, pc, lsl r0
87805b40:	0c180410 	cfldrseq	mvf0, [r8], {16}
87805b44:	c0013416 	andgt	r3, r1, r6, lsl r4
87805b48:	3416c001 	ldrcc	ip, [r6], #-1
87805b4c:	04100c18 	ldreq	r0, [r0], #-3096	; 0xfffff3e8
87805b50:	001c0010 	andseq	r0, ip, r0, lsl r0
87805b54:	fc000413 	stc2	4, cr0, [r0], {19}
87805b58:	001c0413 	andseq	r0, ip, r3, lsl r4
87805b5c:	00000010 	andeq	r0, r0, r0, lsl r0
87805b60:	1c100408 	cfldrsne	mvf0, [r0], {8}
87805b64:	84106410 	ldrhi	r6, [r0], #-1040	; 0xfffffbf0
87805b68:	041c0413 	ldreq	r0, [ip], #-1043	; 0xfffffbed
87805b6c:	00001810 	andeq	r1, r0, r0, lsl r8
87805b70:	00000000 	andeq	r0, r0, r0
87805b74:	fe7f0000 	cdp2	0, 7, cr0, cr15, cr0, {0}
87805b78:	02400240 	subeq	r0, r0, #64, 4
87805b7c:	00000240 	andeq	r0, r0, r0, asr #4
87805b80:	00300000 	eorseq	r0, r0, r0
87805b84:	8003000c 	andhi	r0, r3, ip
87805b88:	1c006000 	stcne	0, cr6, [r0], {-0}
87805b8c:	00000300 	andeq	r0, r0, r0, lsl #6
87805b90:	02400000 	subeq	r0, r0, #0
87805b94:	02400240 	subeq	r0, r0, #64, 4
87805b98:	0000fe7f 	andeq	pc, r0, pc, ror lr	; <UNPREDICTABLE>
	...
87805ba4:	00400020 	subeq	r0, r0, r0, lsr #32
87805ba8:	00400040 	subeq	r0, r0, r0, asr #32
87805bac:	00000020 	andeq	r0, r0, r0, lsr #32
87805bb0:	01000100 	mrseq	r0, (UNDEF: 16)
87805bb4:	01000100 	mrseq	r0, (UNDEF: 16)
87805bb8:	01000100 	mrseq	r0, (UNDEF: 16)
87805bbc:	01000100 	mrseq	r0, (UNDEF: 16)
87805bc0:	00400000 	subeq	r0, r0, r0
87805bc4:	00200040 	eoreq	r0, r0, r0, asr #32
	...
87805bd0:	98000000 	stmdals	r0, {}	; <UNPREDICTABLE>
87805bd4:	44012401 	strmi	r2, [r1], #-1025	; 0xfffffbff
87805bd8:	44014401 	strmi	r4, [r1], #-1025	; 0xfffffbff
87805bdc:	0400fc00 	streq	pc, [r0], #-3072	; 0xfffff400
87805be0:	fc1f0010 	ldc2	0, cr0, [pc], {16}
87805be4:	04018800 	streq	r8, [r1], #-2048	; 0xfffff800
87805be8:	88000401 	stmdahi	r0, {r0, sl}
87805bec:	00007000 	andeq	r7, r0, r0
87805bf0:	70000000 	andvc	r0, r0, r0
87805bf4:	04018800 	streq	r8, [r1], #-2048	; 0xfffff800
87805bf8:	04010401 	streq	r0, [r1], #-1025	; 0xfffffbff
87805bfc:	00008800 	andeq	r8, r0, r0, lsl #16
87805c00:	70000000 	andvc	r0, r0, r0
87805c04:	04018800 	streq	r8, [r1], #-2048	; 0xfffff800
87805c08:	08110401 	ldmdaeq	r1, {r0, sl}
87805c0c:	0400fc1f 	streq	pc, [r0], #-3103	; 0xfffff3e1
87805c10:	f8000000 			; <UNDEFINED> instruction: 0xf8000000
87805c14:	44014401 	strmi	r4, [r1], #-1025	; 0xfffffbff
87805c18:	44014401 	strmi	r4, [r1], #-1025	; 0xfffffbff
87805c1c:	0000c800 	andeq	ip, r0, r0, lsl #16
87805c20:	04010000 	streq	r0, [r1], #-0
87805c24:	fc0f0401 	stc2	4, cr0, [pc], {1}
87805c28:	04110411 	ldreq	r0, [r1], #-1041	; 0xfffffbef
87805c2c:	00180011 	andseq	r0, r8, r1, lsl r0
87805c30:	d6000000 	strle	r0, [r0], -r0
87805c34:	29012901 	stmdbcs	r1, {r0, r8, fp, sp}
87805c38:	c9012901 	stmdbgt	r1, {r0, r8, fp, sp}
87805c3c:	00000601 	andeq	r0, r0, r1, lsl #12
87805c40:	fc1f0410 	ldc2	4, cr0, [pc], {16}
87805c44:	00018400 	andeq	r8, r1, r0, lsl #8
87805c48:	04010001 	streq	r0, [r1], #-1
87805c4c:	0400fc00 	streq	pc, [r0], #-3072	; 0xfffff400
87805c50:	04010000 	streq	r0, [r1], #-0
87805c54:	fc190419 	ldc2	4, cr0, [r9], {25}
87805c58:	04000400 	streq	r0, [r0], #-1024	; 0xfffffc00
87805c5c:	00000000 	andeq	r0, r0, r0
87805c60:	03000000 	movweq	r0, #0
87805c64:	01010100 	mrseq	r0, (UNDEF: 17)
87805c68:	fe190119 	mrc2	1, 0, r0, cr9, cr9, {0}
87805c6c:	00000000 	andeq	r0, r0, r0
87805c70:	fc1f0410 	ldc2	4, cr0, [pc], {16}
87805c74:	40002400 	andmi	r2, r0, r0, lsl #8
87805c78:	0c01b401 	cfstrseq	mvf11, [r1], {1}
87805c7c:	00000401 	andeq	r0, r0, r1, lsl #8
87805c80:	04100000 	ldreq	r0, [r0], #-0
87805c84:	fc1f0410 	ldc2	4, cr0, [pc], {16}
87805c88:	04000400 	streq	r0, [r0], #-1024	; 0xfffffc00
87805c8c:	00000000 	andeq	r0, r0, r0
87805c90:	fc010401 	stc2	4, cr0, [r1], {1}
87805c94:	00010401 	andeq	r0, r1, r1, lsl #8
87805c98:	0401fc01 	streq	pc, [r1], #-3073	; 0xfffff3ff
87805c9c:	fc000001 	stc2	0, cr0, [r0], {1}
87805ca0:	fc010401 	stc2	4, cr0, [r1], {1}
87805ca4:	00018400 	andeq	r8, r1, r0, lsl #8
87805ca8:	04010001 	streq	r0, [r1], #-1
87805cac:	0400fc00 	streq	pc, [r0], #-3072	; 0xfffff400
87805cb0:	f8000000 			; <UNDEFINED> instruction: 0xf8000000
87805cb4:	04010401 	streq	r0, [r1], #-1025	; 0xfffffbff
87805cb8:	04010401 	streq	r0, [r1], #-1025	; 0xfffffbff
87805cbc:	0000f800 	andeq	pc, r0, r0, lsl #16
87805cc0:	ff010101 			; <UNDEFINED> instruction: 0xff010101
87805cc4:	04018500 	streq	r8, [r1], #-1280	; 0xfffffb00
87805cc8:	88000401 	stmdahi	r0, {r0, sl}
87805ccc:	00007000 	andeq	r7, r0, r0
87805cd0:	70000000 	andvc	r0, r0, r0
87805cd4:	04018800 	streq	r8, [r1], #-2048	; 0xfffff800
87805cd8:	05010401 	streq	r0, [r1, #-1025]	; 0xfffffbff
87805cdc:	0100ff01 	tsteq	r0, r1, lsl #30	; <UNPREDICTABLE>
87805ce0:	04010401 	streq	r0, [r1], #-1025	; 0xfffffbff
87805ce4:	8400fc01 	strhi	pc, [r0], #-3073	; 0xfffff3ff
87805ce8:	00010401 	andeq	r0, r1, r1, lsl #8
87805cec:	00008001 	andeq	r8, r0, r1
87805cf0:	cc000000 	stcgt	0, cr0, [r0], {-0}
87805cf4:	24012401 	strcs	r2, [r1], #-1025	; 0xfffffbff
87805cf8:	24012401 	strcs	r2, [r1], #-1025	; 0xfffffbff
87805cfc:	00009801 	andeq	r9, r0, r1, lsl #16
87805d00:	00010000 	andeq	r0, r1, r0
87805d04:	f8070001 			; <UNDEFINED> instruction: 0xf8070001
87805d08:	04010401 	streq	r0, [r1], #-1025	; 0xfffffbff
87805d0c:	00000000 	andeq	r0, r0, r0
87805d10:	f8010001 			; <UNDEFINED> instruction: 0xf8010001
87805d14:	04000400 	streq	r0, [r0], #-1024	; 0xfffffc00
87805d18:	08010400 	stmdaeq	r1, {sl}
87805d1c:	0400fc01 	streq	pc, [r0], #-3073	; 0xfffff3ff
87805d20:	80010001 	andhi	r0, r1, r1
87805d24:	0c007001 	stceq	0, cr7, [r0], {1}
87805d28:	60011000 	andvs	r1, r1, r0
87805d2c:	00018001 	andeq	r8, r1, r1
87805d30:	0c01f001 	stceq	0, cr15, [r1], {1}
87805d34:	c0013000 	andgt	r3, r1, r0
87805d38:	0c013000 	stceq	0, cr3, [r1], {-0}
87805d3c:	0001f001 	andeq	pc, r1, r1
87805d40:	04010000 	streq	r0, [r1], #-0
87805d44:	74008c01 	strvc	r8, [r0], #-3073	; 0xfffff3ff
87805d48:	8c017001 	stchi	0, cr7, [r1], {1}
87805d4c:	00000401 	andeq	r0, r0, r1, lsl #8
87805d50:	81010101 	tsthi	r1, r1, lsl #2
87805d54:	0e007101 	adfeqs	f7, f0, f1
87805d58:	60011800 	andvs	r1, r1, r0, lsl #16
87805d5c:	00018001 	andeq	r8, r1, r1
87805d60:	84010000 	strhi	r0, [r1], #-0
87805d64:	34010c01 	strcc	r0, [r1], #-3073	; 0xfffff3ff
87805d68:	84014401 	strhi	r4, [r1], #-1025	; 0xfffffbff
87805d6c:	00000c01 	andeq	r0, r0, r1, lsl #24
	...
87805d78:	fc3e0001 	ldc2	0, cr0, [lr], #-4
87805d7c:	02400240 	subeq	r0, r0, #64, 4
	...
87805d88:	0000ffff 	strdeq	pc, [r0], -pc	; <UNPREDICTABLE>
87805d8c:	00000000 	andeq	r0, r0, r0
87805d90:	02400000 	subeq	r0, r0, #0
87805d94:	fc3e0240 	ldc2	2, cr0, [lr], #-256	; 0xffffff00
87805d98:	00000001 	andeq	r0, r0, r1
87805d9c:	00000000 	andeq	r0, r0, r0
87805da0:	00600000 	rsbeq	r0, r0, r0
87805da4:	00800080 	addeq	r0, r0, r0, lsl #1
87805da8:	00400040 	subeq	r0, r0, r0, asr #32
87805dac:	00200020 	eoreq	r0, r0, r0, lsr #32

87805db0 <asc2_1206>:
	...
87805dc0:	0000403f 	andeq	r4, r0, pc, lsr r0
87805dc4:	00000000 	andeq	r0, r0, r0
87805dc8:	00300000 	eorseq	r0, r0, r0
87805dcc:	00300040 	eorseq	r0, r0, r0, asr #32
87805dd0:	00000040 	andeq	r0, r0, r0, asr #32
87805dd4:	c00b0009 	andgt	r0, fp, r9
87805dd8:	c00b003d 	andgt	r0, fp, sp, lsr r0
87805ddc:	0009003d 	andeq	r0, r9, sp, lsr r0
87805de0:	4024c018 	eormi	ip, r4, r8, lsl r0
87805de4:	4022e07f 	eormi	lr, r2, pc, ror r0
87805de8:	00008031 	andeq	r8, r0, r1, lsr r0
87805dec:	c0240018 	eorgt	r0, r4, r8, lsl r0
87805df0:	800d001b 	andhi	r0, sp, fp, lsl r0
87805df4:	80014032 	andhi	r4, r1, r2, lsr r0
87805df8:	401c8003 	andsmi	r8, ip, r3
87805dfc:	801c4027 	andshi	r4, ip, r7, lsr #32
87805e00:	40004007 	andmi	r4, r0, r7
87805e04:	00600010 	rsbeq	r0, r0, r0, lsl r0
	...
87805e14:	801f0000 	andshi	r0, pc, r0
87805e18:	20404020 	subcs	r4, r0, r0, lsr #32
87805e1c:	20400000 	subcs	r0, r0, r0
87805e20:	801f4020 	andshi	r4, pc, r0, lsr #32
87805e24:	00000000 	andeq	r0, r0, r0
87805e28:	00060009 	andeq	r0, r6, r9
87805e2c:	0006801f 	andeq	r8, r6, pc, lsl r0
87805e30:	00000009 	andeq	r0, r0, r9
87805e34:	00040004 	andeq	r0, r4, r4
87805e38:	0004803f 	andeq	r8, r4, pc, lsr r0
87805e3c:	00000004 	andeq	r0, r0, r4
87805e40:	60001000 	andvs	r1, r0, r0
	...
87805e4c:	00040004 	andeq	r0, r4, r4
87805e50:	00040004 	andeq	r0, r4, r4
87805e54:	00000004 	andeq	r0, r0, r4
87805e58:	40000000 	andmi	r0, r0, r0
	...
87805e64:	c0012000 	andgt	r2, r1, r0
87805e68:	00380006 	eorseq	r0, r8, r6
87805e6c:	00000040 	andeq	r0, r0, r0, asr #32
87805e70:	4020801f 	eormi	r8, r0, pc, lsl r0
87805e74:	40204020 	eormi	r4, r0, r0, lsr #32
87805e78:	0000801f 	andeq	r8, r0, pc, lsl r0
87805e7c:	40100000 	andsmi	r0, r0, r0
87805e80:	4000c03f 	andmi	ip, r0, pc, lsr r0
87805e84:	00000000 	andeq	r0, r0, r0
87805e88:	4021c018 	eormi	ip, r1, r8, lsl r0
87805e8c:	40244022 	eormi	r4, r4, r2, lsr #32
87805e90:	00004018 	andeq	r4, r0, r8, lsl r0
87805e94:	40208010 	eormi	r8, r0, r0, lsl r0
87805e98:	40244024 	eormi	r4, r4, r4, lsr #32
87805e9c:	0000801b 	andeq	r8, r0, fp, lsl r0
87805ea0:	000d0002 	andeq	r0, sp, r2
87805ea4:	c03f0011 	eorsgt	r0, pc, r1, lsl r0	; <UNPREDICTABLE>
87805ea8:	00004001 	andeq	r4, r0, r1
87805eac:	4024803c 	eormi	r8, r4, ip, lsr r0
87805eb0:	40244024 	eormi	r4, r4, r4, lsr #32
87805eb4:	00008023 	andeq	r8, r0, r3, lsr #32
87805eb8:	4024801f 	eormi	r8, r4, pc, lsl r0
87805ebc:	40344024 	eorsmi	r4, r4, r4, lsr #32
87805ec0:	00008003 	andeq	r8, r0, r3
87805ec4:	00200030 	eoreq	r0, r0, r0, lsr r0
87805ec8:	0038c027 	eorseq	ip, r8, r7, lsr #32
87805ecc:	00000020 	andeq	r0, r0, r0, lsr #32
87805ed0:	4024801b 	eormi	r8, r4, fp, lsl r0
87805ed4:	40244024 	eormi	r4, r4, r4, lsr #32
87805ed8:	0000801b 	andeq	r8, r0, fp, lsl r0
87805edc:	c022001c 	eorgt	r0, r2, ip, lsl r0
87805ee0:	40224022 	eormi	r4, r2, r2, lsr #32
87805ee4:	0000801f 	andeq	r8, r0, pc, lsl r0
87805ee8:	00000000 	andeq	r0, r0, r0
87805eec:	00004008 	andeq	r4, r0, r8
	...
87805ef8:	00006004 	andeq	r6, r0, r4
87805efc:	00000000 	andeq	r0, r0, r0
87805f00:	00040000 	andeq	r0, r4, r0
87805f04:	0011000a 	andseq	r0, r1, sl
87805f08:	40408020 	submi	r8, r0, r0, lsr #32
87805f0c:	00090009 	andeq	r0, r9, r9
87805f10:	00090009 	andeq	r0, r9, r9
87805f14:	00000009 	andeq	r0, r0, r9
87805f18:	40400000 	submi	r0, r0, r0
87805f1c:	00118020 	andseq	r8, r1, r0, lsr #32
87805f20:	0004000a 	andeq	r0, r4, sl
87805f24:	00200018 	eoreq	r0, r0, r8, lsl r0
87805f28:	00244023 	eoreq	r4, r4, r3, lsr #32
87805f2c:	00000018 	andeq	r0, r0, r8, lsl r0
87805f30:	4020801f 	eormi	r8, r0, pc, lsl r0
87805f34:	40294027 	eormi	r4, r9, r7, lsr #32
87805f38:	0000401f 	andeq	r4, r0, pc, lsl r0
87805f3c:	c0074000 	andgt	r4, r7, r0
87805f40:	000f0039 	andeq	r0, pc, r9, lsr r0	; <UNPREDICTABLE>
87805f44:	4000c001 	andmi	ip, r0, r1
87805f48:	c03f4020 	eorsgt	r4, pc, r0, lsr #32
87805f4c:	40244024 	eormi	r4, r4, r4, lsr #32
87805f50:	0000801b 	andeq	r8, r0, fp, lsl r0
87805f54:	4020801f 	eormi	r8, r0, pc, lsl r0
87805f58:	40204020 	eormi	r4, r0, r0, lsr #32
87805f5c:	00008030 	andeq	r8, r0, r0, lsr r0
87805f60:	c03f4020 	eorsgt	r4, pc, r0, lsr #32
87805f64:	40204020 	eormi	r4, r0, r0, lsr #32
87805f68:	0000801f 	andeq	r8, r0, pc, lsl r0
87805f6c:	c03f4020 	eorsgt	r4, pc, r0, lsr #32
87805f70:	402e4024 	eormi	r4, lr, r4, lsr #32
87805f74:	0000c030 	andeq	ip, r0, r0, lsr r0
87805f78:	c03f4020 	eorsgt	r4, pc, r0, lsr #32
87805f7c:	002e4024 	eoreq	r4, lr, r4, lsr #32
87805f80:	00000030 	andeq	r0, r0, r0, lsr r0
87805f84:	8010000f 	andshi	r0, r0, pc
87805f88:	40224020 	eormi	r4, r2, r0, lsr #32
87805f8c:	00028033 	andeq	r8, r2, r3, lsr r0
87805f90:	c03f4020 	eorsgt	r4, pc, r0, lsr #32
87805f94:	00040004 	andeq	r0, r4, r4
87805f98:	4020c03f 	eormi	ip, r0, pc, lsr r0
87805f9c:	40204020 	eormi	r4, r0, r0, lsr #32
87805fa0:	4020c03f 	eormi	ip, r0, pc, lsr r0
87805fa4:	00004020 	andeq	r4, r0, r0, lsr #32
87805fa8:	20206000 	eorcs	r6, r0, r0
87805fac:	c03f2020 	eorsgt	r2, pc, r0, lsr #32
87805fb0:	00200020 	eoreq	r0, r0, r0, lsr #32
87805fb4:	c03f4020 	eorsgt	r4, pc, r0, lsr #32
87805fb8:	000b4024 	andeq	r4, fp, r4, lsr #32
87805fbc:	4020c030 	eormi	ip, r0, r0, lsr r0
87805fc0:	c03f4020 	eorsgt	r4, pc, r0, lsr #32
87805fc4:	40004020 	andmi	r4, r0, r0, lsr #32
87805fc8:	c0004000 	andgt	r4, r0, r0
87805fcc:	003cc03f 	eorseq	ip, ip, pc, lsr r0
87805fd0:	003cc003 	eorseq	ip, ip, r3
87805fd4:	0000c03f 	andeq	ip, r0, pc, lsr r0
87805fd8:	c03f4020 	eorsgt	r4, pc, r0, lsr #32
87805fdc:	0023400c 	eoreq	r4, r3, ip
87805fe0:	0020c03f 	eoreq	ip, r0, pc, lsr r0
87805fe4:	4020801f 	eormi	r8, r0, pc, lsl r0
87805fe8:	40204020 	eormi	r4, r0, r0, lsr #32
87805fec:	0000801f 	andeq	r8, r0, pc, lsl r0
87805ff0:	c03f4020 	eorsgt	r4, pc, r0, lsr #32
87805ff4:	00244024 	eoreq	r4, r4, r4, lsr #32
87805ff8:	00000018 	andeq	r0, r0, r8, lsl r0
87805ffc:	4021801f 	eormi	r8, r1, pc, lsl r0
87806000:	e0204021 	eor	r4, r0, r1, lsr #32
87806004:	0000a01f 	andeq	sl, r0, pc, lsl r0
87806008:	c03f4020 	eorsgt	r4, pc, r0, lsr #32
8780600c:	00264024 	eoreq	r4, r6, r4, lsr #32
87806010:	4000c019 	andmi	ip, r0, r9, lsl r0
87806014:	4024c018 	eormi	ip, r4, r8, lsl r0
87806018:	40224024 	eormi	r4, r2, r4, lsr #32
8780601c:	00008031 	andeq	r8, r0, r1, lsr r0
87806020:	40200030 	eormi	r0, r0, r0, lsr r0
87806024:	4020c03f 	eormi	ip, r0, pc, lsr r0
87806028:	00000030 	andeq	r0, r0, r0, lsr r0
8780602c:	803f0020 	eorshi	r0, pc, r0, lsr #32
87806030:	40004000 	andmi	r4, r0, r0
87806034:	0020803f 	eoreq	r8, r0, pc, lsr r0
87806038:	003e0020 	eorseq	r0, lr, r0, lsr #32
8780603c:	0007c001 	andeq	ip, r7, r1
87806040:	00200038 	eoreq	r0, r0, r8, lsr r0
87806044:	c0070038 	andgt	r0, r7, r8, lsr r0
87806048:	c007003c 	andgt	r0, r7, ip, lsr r0
8780604c:	00000038 	andeq	r0, r0, r8, lsr r0
87806050:	c0394020 	eorsgt	r4, r9, r0, lsr #32
87806054:	c0390006 	eorsgt	r0, r9, r6
87806058:	00004020 	andeq	r4, r0, r0, lsr #32
8780605c:	40380020 	eorsmi	r0, r8, r0, lsr #32
87806060:	4038c007 	eorsmi	ip, r8, r7
87806064:	00000020 	andeq	r0, r0, r0, lsr #32
87806068:	c0214030 	eorgt	r4, r1, r0, lsr r0
8780606c:	40384026 	eorsmi	r4, r8, r6, lsr #32
87806070:	0000c020 	andeq	ip, r0, r0, lsr #32
87806074:	00000000 	andeq	r0, r0, r0
87806078:	2040e07f 	subcs	lr, r0, pc, ror r0
8780607c:	00002040 	andeq	r2, r0, r0, asr #32
87806080:	00700000 	rsbseq	r0, r0, r0
87806084:	8003000c 	andhi	r0, r3, ip
87806088:	00004000 	andeq	r4, r0, r0
8780608c:	20400000 	subcs	r0, r0, r0
87806090:	e07f2040 	rsbs	r2, pc, r0, asr #32
87806094:	00000000 	andeq	r0, r0, r0
87806098:	00200000 	eoreq	r0, r0, r0
8780609c:	00200040 	eoreq	r0, r0, r0, asr #32
878060a0:	00000000 	andeq	r0, r0, r0
878060a4:	10001000 	andne	r1, r0, r0
878060a8:	10001000 	andne	r1, r0, r0
878060ac:	10001000 	andne	r1, r0, r0
878060b0:	00000000 	andeq	r0, r0, r0
878060b4:	00000040 	andeq	r0, r0, r0, asr #32
878060b8:	00000000 	andeq	r0, r0, r0
878060bc:	80020000 	andhi	r0, r2, r0
878060c0:	40054005 	andmi	r4, r5, r5
878060c4:	4000c003 	andmi	ip, r0, r3
878060c8:	c03f0020 	eorsgt	r0, pc, r0, lsr #32
878060cc:	40044004 	andmi	r4, r4, r4
878060d0:	00008003 	andeq	r8, r0, r3
878060d4:	80030000 	andhi	r0, r3, r0
878060d8:	40044004 	andmi	r4, r4, r4
878060dc:	00004006 	andeq	r4, r0, r6
878060e0:	80030000 	andhi	r0, r3, r0
878060e4:	40244004 	eormi	r4, r4, r4
878060e8:	4000c03f 	andmi	ip, r0, pc, lsr r0
878060ec:	80030000 	andhi	r0, r3, r0
878060f0:	40054005 	andmi	r4, r5, r5
878060f4:	00004003 	andeq	r4, r0, r3
878060f8:	40040000 	andmi	r0, r4, r0
878060fc:	4024c01f 	eormi	ip, r4, pc, lsl r0
87806100:	00204024 	eoreq	r4, r0, r4, lsr #32
87806104:	e0020000 	and	r0, r2, r0
87806108:	50055005 	andpl	r5, r5, r5
8780610c:	20045006 	andcs	r5, r4, r6
87806110:	c03f4020 	eorsgt	r4, pc, r0, lsr #32
87806114:	00044004 	andeq	r4, r4, r4
87806118:	4000c003 	andmi	ip, r0, r3
8780611c:	40040000 	andmi	r0, r4, r0
87806120:	4000c027 	andmi	ip, r0, r7, lsr #32
87806124:	00000000 	andeq	r0, r0, r0
87806128:	10001000 	andne	r1, r0, r0
8780612c:	e0271004 	eor	r1, r7, r4
87806130:	00000000 	andeq	r0, r0, r0
87806134:	c03f4020 	eorsgt	r4, pc, r0, lsr #32
87806138:	00074001 	andeq	r4, r7, r1
8780613c:	4004c004 	andmi	ip, r4, r4
87806140:	40204020 	eormi	r4, r0, r0, lsr #32
87806144:	4000c03f 	andmi	ip, r0, pc, lsr r0
87806148:	00004000 	andeq	r4, r0, r0
8780614c:	0004c007 	andeq	ip, r4, r7
87806150:	0004c007 	andeq	ip, r4, r7
87806154:	0000c003 	andeq	ip, r0, r3
87806158:	c0074004 	andgt	r4, r7, r4
8780615c:	00044004 	andeq	r4, r4, r4
87806160:	4000c003 	andmi	ip, r0, r3
87806164:	80030000 	andhi	r0, r3, r0
87806168:	40044004 	andmi	r4, r4, r4
8780616c:	00008003 	andeq	r8, r0, r3
87806170:	f0071004 			; <UNDEFINED> instruction: 0xf0071004
87806174:	40045004 	andmi	r5, r4, r4
87806178:	00008003 	andeq	r8, r0, r3
8780617c:	80030000 	andhi	r0, r3, r0
87806180:	50044004 	andpl	r4, r4, r4
87806184:	1000f007 	andne	pc, r0, r7
87806188:	c0074004 	andgt	r4, r7, r4
8780618c:	00044002 	andeq	r4, r4, r2
87806190:	00000004 	andeq	r0, r0, r4
87806194:	40060000 	andmi	r0, r6, r0
87806198:	40054005 	andmi	r4, r5, r5
8780619c:	0000c004 	andeq	ip, r0, r4
878061a0:	00040000 	andeq	r0, r4, r0
878061a4:	4004801f 	andmi	r8, r4, pc, lsl r0
878061a8:	00004000 	andeq	r4, r0, r0
878061ac:	80070004 	andhi	r0, r7, r4
878061b0:	40044000 	andmi	r4, r4, r0
878061b4:	4000c007 	andmi	ip, r0, r7
878061b8:	00070004 	andeq	r0, r7, r4
878061bc:	8001c004 	andhi	ip, r1, r4
878061c0:	00040006 	andeq	r0, r4, r6
878061c4:	c0010006 	andgt	r0, r1, r6
878061c8:	c0010007 	andgt	r0, r1, r7
878061cc:	00000006 	andeq	r0, r0, r6
878061d0:	c0064004 	andgt	r4, r6, r4
878061d4:	c0060001 	andgt	r0, r6, r1
878061d8:	00004004 	andeq	r4, r0, r4
878061dc:	10071004 	andne	r1, r7, r4
878061e0:	8001e004 	andhi	lr, r1, r4
878061e4:	00040006 	andeq	r0, r4, r6
878061e8:	40040000 	andmi	r0, r4, r0
878061ec:	4006c005 	andmi	ip, r6, r5
878061f0:	00004004 	andeq	r4, r0, r4
878061f4:	00000000 	andeq	r0, r0, r0
878061f8:	e07b0004 	rsbs	r0, fp, r4
878061fc:	00002040 	andeq	r2, r0, r0, asr #32
87806200:	00000000 	andeq	r0, r0, r0
87806204:	f0ff0000 			; <UNDEFINED> instruction: 0xf0ff0000
87806208:	00000000 	andeq	r0, r0, r0
8780620c:	20400000 	subcs	r0, r0, r0
87806210:	0004e07b 	andeq	lr, r4, fp, ror r0
87806214:	00000000 	andeq	r0, r0, r0
87806218:	00800040 	addeq	r0, r0, r0, asr #32
8780621c:	00200040 	eoreq	r0, r0, r0, asr #32
87806220:	00400020 	subeq	r0, r0, r0, lsr #32

87806224 <asc2_3216>:
	...
878062bc:	c000f007 	andgt	pc, r0, r7
878062c0:	e0e1ff07 	rsc	pc, r1, r7, lsl #30
878062c4:	e001f007 	and	pc, r1, r7
878062c8:	c0000000 	andgt	r0, r0, r0
	...
8780632c:	00002000 	andeq	r2, r0, r0
87806330:	0000c001 	andeq	ip, r0, r1
87806334:	00008007 	andeq	r8, r0, r7
87806338:	0000001f 	andeq	r0, r0, pc, lsl r0
8780633c:	0000001e 	andeq	r0, r0, lr, lsl r0
87806340:	0000201c 	andeq	r2, r0, ip, lsl r0
87806344:	0000c001 	andeq	ip, r0, r1
87806348:	00008007 	andeq	r8, r0, r7
8780634c:	0000001f 	andeq	r0, r0, pc, lsl r0
87806350:	0000001e 	andeq	r0, r0, lr, lsl r0
87806354:	0000001c 	andeq	r0, r0, ip, lsl r0
	...
878063a8:	000c1800 	andeq	r1, ip, r0, lsl #16
878063ac:	000c1800 	andeq	r1, ip, r0, lsl #16
878063b0:	e00f1800 	and	r1, pc, r0, lsl #16
878063b4:	00fc1f00 	rscseq	r1, ip, r0, lsl #30
878063b8:	000cf803 	andeq	pc, ip, r3, lsl #16
878063bc:	000c1800 	andeq	r1, ip, r0, lsl #16
878063c0:	000c1800 	andeq	r1, ip, r0, lsl #16
878063c4:	000c1800 	andeq	r1, ip, r0, lsl #16
878063c8:	000c1800 	andeq	r1, ip, r0, lsl #16
878063cc:	e00f1800 	and	r1, pc, r0, lsl #16
878063d0:	00fc1f00 	rscseq	r1, ip, r0, lsl #30
878063d4:	000cf803 	andeq	pc, ip, r3, lsl #16
878063d8:	000c1800 	andeq	r1, ip, r0, lsl #16
878063dc:	000c1800 	andeq	r1, ip, r0, lsl #16
	...
8780642c:	80070000 	andhi	r0, r7, r0
87806430:	c0077800 	andgt	r7, r7, r0, lsl #16
87806434:	4006fc00 	andmi	pc, r6, r0, lsl #24
87806438:	20000e01 	andcs	r0, r0, r1, lsl #28
8780643c:	20000703 	andcs	r0, r0, r3, lsl #14
87806440:	20800302 	addcs	r0, r0, r2, lsl #6
87806444:	fcffff0f 	ldc2l	15, cr15, [pc], #60	; 87806488 <asc2_3216+0x264>
87806448:	20c00102 	sbccs	r0, r0, r2, lsl #2
8780644c:	60e00002 	rscvs	r0, r0, r2
87806450:	40703001 	rsbsmi	r3, r0, r1
87806454:	803ff001 	eorshi	pc, pc, r1
87806458:	001ff000 	andseq	pc, pc, r0
	...
878064a4:	0000fe00 	andeq	pc, r0, r0, lsl #28
878064a8:	0000ff01 	andeq	pc, r0, r1, lsl #30
878064ac:	00800103 	addeq	r0, r0, r3, lsl #2
878064b0:	60800002 	addvs	r0, r0, r2
878064b4:	c0810103 	addgt	r0, r1, r3, lsl #2
878064b8:	0007ff01 	andeq	pc, r7, r1, lsl #30
878064bc:	0018fe00 	andseq	pc, r8, r0, lsl #28
878064c0:	00e00000 	rsceq	r0, r0, r0
878064c4:	00bf0300 	adcseq	r0, pc, r0, lsl #6
878064c8:	c0ff0c00 	rscsgt	r0, pc, r0, lsl #24
878064cc:	60807100 	addvs	r7, r0, r0, lsl #2
878064d0:	2000c101 	andcs	ip, r0, r1, lsl #2
878064d4:	60800103 	addvs	r0, r0, r3, lsl #2
878064d8:	c0ff0000 	rscsgt	r0, pc, r0
878064dc:	003f0000 	eorseq	r0, pc, r0
	...
87806524:	001f0000 	andseq	r0, pc, r0
87806528:	c07f0000 	rsbsgt	r0, pc, r0
8780652c:	c0c0fc00 	sbcgt	pc, r0, r0, lsl #24
87806530:	6080ff01 	addvs	pc, r0, r1, lsl #30
87806534:	20e00303 	rsccs	r0, r0, r3, lsl #6
87806538:	20780202 	rsbscs	r0, r8, r2, lsl #4
8780653c:	201e0602 	andscs	r0, lr, r2, lsl #12
87806540:	4007fc03 	andmi	pc, r7, r3, lsl #24
87806544:	8003f001 	andhi	pc, r3, r1
87806548:	c0030100 	andgt	r0, r3, r0, lsl #2
8780654c:	601c0100 	andsvs	r0, ip, r0, lsl #2
87806550:	20e00100 	rsccs	r0, r0, r0, lsl #2
87806554:	20000100 	andcs	r0, r0, r0, lsl #2
87806558:	40000100 	andmi	r0, r0, r0, lsl #2
8780655c:	80010000 	andhi	r0, r1, r0
	...
878065a8:	00002000 	andeq	r2, r0, r0
878065ac:	0000601c 	andeq	r6, r0, ip, lsl r0
878065b0:	0000401c 	andeq	r4, r0, ip, lsl r0
878065b4:	0000801f 	andeq	r8, r0, pc, lsl r0
878065b8:	0000000f 	andeq	r0, r0, pc
	...
87806640:	00f80700 	rscseq	r0, r8, r0, lsl #14
87806644:	00ff3f00 	rscseq	r3, pc, r0, lsl #30
87806648:	c0077800 	andgt	r7, r7, r0, lsl #16
8780664c:	e000c001 	and	ip, r0, r1
87806650:	30000003 	andcc	r0, r0, r3
87806654:	08000004 	stmdaeq	r0, {r2}
87806658:	04000008 	streq	r0, [r0], #-8
8780665c:	02000010 	andeq	r0, r0, #16
	...
878066a8:	02000010 	andeq	r0, r0, #16
878066ac:	04000008 	streq	r0, [r0], #-8
878066b0:	08000004 	stmdaeq	r0, {r2}
878066b4:	30000003 	andcc	r0, r0, r3
878066b8:	e000c001 	and	ip, r0, r1
878066bc:	c0077800 	andgt	r7, r7, r0, lsl #16
878066c0:	00ff3f00 	rscseq	r3, pc, r0, lsl #30
878066c4:	00f80700 	rscseq	r0, r8, r0, lsl #14
	...
8780672c:	00180c00 	andseq	r0, r8, r0, lsl #24
87806730:	00380e00 	eorseq	r0, r8, r0, lsl #28
87806734:	00380e00 	eorseq	r0, r8, r0, lsl #28
87806738:	00300600 	eorseq	r0, r0, r0, lsl #12
8780673c:	00600300 	rsbeq	r0, r0, r0, lsl #6
87806740:	80436100 	subhi	r6, r3, r0, lsl #2
87806744:	80ffff00 	rscshi	pc, pc, r0, lsl #30
87806748:	00436100 	subeq	r6, r3, r0, lsl #2
8780674c:	00600300 	rsbeq	r0, r0, r0, lsl #6
87806750:	00300600 	eorseq	r0, r0, r0, lsl #12
87806754:	00380e00 	eorseq	r0, r8, r0, lsl #28
87806758:	00380e00 	eorseq	r0, r8, r0, lsl #28
8780675c:	00180c00 	andseq	r0, r8, r0, lsl #24
	...
878067ac:	00800000 	addeq	r0, r0, r0
878067b0:	00800000 	addeq	r0, r0, r0
878067b4:	00800000 	addeq	r0, r0, r0
878067b8:	00800000 	addeq	r0, r0, r0
878067bc:	00800000 	addeq	r0, r0, r0
878067c0:	00800000 	addeq	r0, r0, r0
878067c4:	00ff7f00 	rscseq	r7, pc, r0, lsl #30
878067c8:	00800000 	addeq	r0, r0, r0
878067cc:	00800000 	addeq	r0, r0, r0
878067d0:	00800000 	addeq	r0, r0, r0
878067d4:	00800000 	addeq	r0, r0, r0
878067d8:	00800000 	addeq	r0, r0, r0
878067dc:	00800000 	addeq	r0, r0, r0
	...
87806828:	01000000 	mrseq	r0, (UNDEF: 0)
8780682c:	e3000000 	movw	r0, #0
87806830:	e2000000 	and	r0, r0, #0
87806834:	fc000000 	stc2	0, cr0, [r0], {-0}
87806838:	78000000 	stmdavc	r0, {}	; <UNPREDICTABLE>
	...
878068a8:	00800000 	addeq	r0, r0, r0
878068ac:	00800000 	addeq	r0, r0, r0
878068b0:	00800000 	addeq	r0, r0, r0
878068b4:	00800000 	addeq	r0, r0, r0
878068b8:	00800000 	addeq	r0, r0, r0
878068bc:	00800000 	addeq	r0, r0, r0
878068c0:	00800000 	addeq	r0, r0, r0
878068c4:	00800000 	addeq	r0, r0, r0
878068c8:	00800000 	addeq	r0, r0, r0
878068cc:	00800000 	addeq	r0, r0, r0
878068d0:	00800000 	addeq	r0, r0, r0
878068d4:	00800000 	addeq	r0, r0, r0
878068d8:	00800000 	addeq	r0, r0, r0
878068dc:	00800000 	addeq	r0, r0, r0
	...
8780692c:	c0000000 	andgt	r0, r0, r0
87806930:	e0010000 	and	r0, r1, r0
87806934:	e0010000 	and	r0, r1, r0
87806938:	c0000000 	andgt	r0, r0, r0
	...
878069a8:	0c000000 	stceq	0, cr0, [r0], {-0}
878069ac:	38000000 	stmdacc	r0, {}	; <UNPREDICTABLE>
878069b0:	e0000000 	and	r0, r0, r0
878069b4:	80030000 	andhi	r0, r3, r0
878069b8:	000e0000 	andeq	r0, lr, r0
878069bc:	00380000 	eorseq	r0, r8, r0
878069c0:	00e00000 	rsceq	r0, r0, r0
878069c4:	00800300 	addeq	r0, r0, r0, lsl #6
878069c8:	00000e00 	andeq	r0, r0, r0, lsl #28
878069cc:	00003800 	andeq	r3, r0, r0, lsl #16
878069d0:	0000e000 	andeq	lr, r0, r0
878069d4:	00008003 	andeq	r8, r0, r3
878069d8:	0000000e 	andeq	r0, r0, lr
878069dc:	00000018 	andeq	r0, r0, r8, lsl r0
	...
87806a2c:	00f80f00 	rscseq	r0, r8, r0, lsl #30
87806a30:	00ff7f00 	rscseq	r7, pc, r0, lsl #30
87806a34:	8007f000 	andhi	pc, r7, r0
87806a38:	c0008001 	andgt	r8, r0, r1
87806a3c:	60000003 	andvs	r0, r0, r3
87806a40:	20000002 	andcs	r0, r0, r2
87806a44:	20000002 	andcs	r0, r0, r2
87806a48:	20000002 	andcs	r0, r0, r2
87806a4c:	60000003 	andvs	r0, r0, r3
87806a50:	c0008001 	andgt	r8, r0, r1
87806a54:	8003e000 	andhi	lr, r3, r0
87806a58:	00ff7f00 	rscseq	r7, pc, r0, lsl #30
87806a5c:	00f80f00 	rscseq	r0, r8, r0, lsl #30
	...
87806ab0:	20008000 	andcs	r8, r0, r0
87806ab4:	20008000 	andcs	r8, r0, r0
87806ab8:	20008000 	andcs	r8, r0, r0
87806abc:	60008000 	andvs	r8, r0, r0
87806ac0:	e0ffff01 	rscs	pc, pc, r1, lsl #30
87806ac4:	e0ffff03 	rscs	pc, pc, r3, lsl #30
87806ac8:	60000000 	andvs	r0, r0, r0
87806acc:	20000000 	andcs	r0, r0, r0
87806ad0:	20000000 	andcs	r0, r0, r0
87806ad4:	20000000 	andcs	r0, r0, r0
	...
87806b2c:	e0007800 	and	r7, r0, r0, lsl #16
87806b30:	60019800 	andvs	r9, r1, r0, lsl #16
87806b34:	60020001 	andvs	r0, r2, r1
87806b38:	60040002 	andvs	r0, r4, r2
87806b3c:	60080002 	andvs	r0, r8, r2
87806b40:	60100002 	andsvs	r0, r0, r2
87806b44:	60200002 	eorvs	r0, r0, r2
87806b48:	60400002 	subvs	r0, r0, r2
87806b4c:	60800003 	addvs	r0, r0, r3
87806b50:	60008301 	andvs	r8, r0, r1, lsl #6
87806b54:	e000fe01 	and	pc, r0, r1, lsl #28
87806b58:	80077c00 	andhi	r7, r7, r0, lsl #24
	...
87806bac:	8007f000 	andhi	pc, r7, r0
87806bb0:	c007f001 	andgt	pc, r7, r1
87806bb4:	40000001 	andmi	r0, r0, r1
87806bb8:	20000002 	andcs	r0, r0, r2
87806bbc:	20000102 	andcs	r0, r0, r2, lsl #2
87806bc0:	20000102 	andcs	r0, r0, r2, lsl #2
87806bc4:	20000102 	andcs	r0, r0, r2, lsl #2
87806bc8:	20800303 	addcs	r0, r0, r3, lsl #6
87806bcc:	40808601 	addmi	r8, r0, r1, lsl #12
87806bd0:	c0c0fc01 	sbcgt	pc, r0, r1, lsl #24
87806bd4:	807f7800 	rsbshi	r7, pc, r0, lsl #16
87806bd8:	001e0000 	andseq	r0, lr, r0
	...
87806c28:	00080000 	andeq	r0, r8, r0
87806c2c:	00380000 	eorseq	r0, r8, r0
87806c30:	00480000 	subeq	r0, r8, r0
87806c34:	00880100 	addeq	r0, r8, r0, lsl #2
87806c38:	00080600 	andeq	r0, r8, r0, lsl #12
87806c3c:	10080c00 	andne	r0, r8, r0, lsl #24
87806c40:	10083000 	andne	r3, r8, r0
87806c44:	10084000 	andne	r4, r8, r0
87806c48:	f0ffff01 			; <UNDEFINED> instruction: 0xf0ffff01
87806c4c:	f0ffff03 			; <UNDEFINED> instruction: 0xf0ffff03
87806c50:	f0ffff03 			; <UNDEFINED> instruction: 0xf0ffff03
87806c54:	10080000 	andne	r0, r8, r0
87806c58:	10080000 	andne	r0, r8, r0
87806c5c:	10080000 	andne	r0, r8, r0
	...
87806cac:	80070000 	andhi	r0, r7, r0
87806cb0:	40861f00 	addmi	r1, r6, r0, lsl #30
87806cb4:	2000e103 	andcs	lr, r0, r3, lsl #2
87806cb8:	20000203 	andcs	r0, r0, r3, lsl #4
87806cbc:	20000403 	andcs	r0, r0, r3, lsl #8
87806cc0:	20000403 	andcs	r0, r0, r3, lsl #8
87806cc4:	20000403 	andcs	r0, r0, r3, lsl #8
87806cc8:	20000403 	andcs	r0, r0, r3, lsl #8
87806ccc:	40000603 	andmi	r0, r0, r3, lsl #12
87806cd0:	c0010303 	andgt	r0, r1, r3, lsl #6
87806cd4:	80ff0103 	rscshi	r0, pc, r3, lsl #2
87806cd8:	007e0003 	rsbseq	r0, lr, r3
	...
87806d2c:	00fc0700 	rscseq	r0, ip, r0, lsl #14
87806d30:	00ff3f00 	rscseq	r3, pc, r0, lsl #30
87806d34:	80c37000 	sbchi	r7, r3, r0
87806d38:	c0808100 	addgt	r8, r0, r0, lsl #2
87806d3c:	60000101 	andvs	r0, r0, r1, lsl #2
87806d40:	20000203 	andcs	r0, r0, r3, lsl #4
87806d44:	20000202 	andcs	r0, r0, r2, lsl #4
87806d48:	20000202 	andcs	r0, r0, r2, lsl #4
87806d4c:	20000202 	andcs	r0, r0, r2, lsl #4
87806d50:	40000302 	andmi	r0, r0, r2, lsl #6
87806d54:	c080c101 	addgt	ip, r0, r1, lsl #2
87806d58:	80ffc000 	rscshi	ip, pc, r0
87806d5c:	007e0000 	rsbseq	r0, lr, r0
	...
87806dac:	0000f000 	andeq	pc, r0, r0
87806db0:	0000c003 	andeq	ip, r0, r3
87806db4:	00008003 	andeq	r8, r0, r3
87806db8:	00000003 	andeq	r0, r0, r3
87806dbc:	e0070003 	and	r0, r7, r3
87806dc0:	e03f0003 	eors	r0, pc, r3
87806dc4:	00c00103 	sbceq	r0, r0, r3, lsl #2
87806dc8:	00000603 	andeq	r0, r0, r3, lsl #12
87806dcc:	00001803 	andeq	r1, r0, r3, lsl #16
87806dd0:	00006003 	andeq	r6, r0, r3
87806dd4:	00008003 	andeq	r8, r0, r3
87806dd8:	00000003 	andeq	r0, r0, r3
	...
87806e28:	001f0000 	andseq	r0, pc, r0
87806e2c:	803f7800 	eorshi	r7, pc, r0, lsl #16
87806e30:	c060fc00 	rsbgt	pc, r0, r0, lsl #24
87806e34:	40c08e01 	sbcmi	r8, r0, r1, lsl #28
87806e38:	20800703 	addcs	r0, r0, r3, lsl #14
87806e3c:	20000302 	andcs	r0, r0, r2, lsl #6
87806e40:	20800102 	addcs	r0, r0, r2, lsl #2
87806e44:	20800102 	addcs	r0, r0, r2, lsl #2
87806e48:	20c00102 	sbccs	r0, r0, r2, lsl #2
87806e4c:	40e00103 	rscmi	r0, r0, r3, lsl #2
87806e50:	c0708601 	rsbsgt	r8, r0, r1, lsl #12
87806e54:	803ffc00 	eorshi	pc, pc, r0, lsl #24
87806e58:	001f7800 	andseq	r7, pc, r0, lsl #16
	...
87806ea8:	00003f00 	andeq	r3, r0, r0, lsl #30
87806eac:	c081ff00 	addgt	pc, r1, r0, lsl #30
87806eb0:	c0c1c001 	sbcgt	ip, r1, r1
87806eb4:	20600001 	rsbcs	r0, r0, r1
87806eb8:	20200002 	eorcs	r0, r0, r2
87806ebc:	20200002 	eorcs	r0, r0, r2
87806ec0:	20200002 	eorcs	r0, r0, r2
87806ec4:	60200002 	eorvs	r0, r0, r2
87806ec8:	c0400002 	subgt	r0, r0, r2
87806ecc:	80c10001 	sbchi	r0, r1, r1
87806ed0:	008fc100 	addeq	ip, pc, r0, lsl #2
87806ed4:	00fe7f00 	rscseq	r7, lr, r0, lsl #30
87806ed8:	00f01f00 	rscseq	r1, r0, r0, lsl #30
	...
87806f3c:	c0000300 	andgt	r0, r0, r0, lsl #6
87806f40:	e0810700 	add	r0, r1, r0, lsl #14
87806f44:	e0810700 	add	r0, r1, r0, lsl #14
87806f48:	c0000300 	andgt	r0, r0, r0, lsl #6
	...
87806fbc:	66000600 	strvs	r0, [r0], -r0, lsl #12
87806fc0:	78000600 	stmdavc	r0, {r9, sl}
	...
8780702c:	00800000 	addeq	r0, r0, r0
87807030:	00c00100 	sbceq	r0, r0, r0, lsl #2
87807034:	00600300 	rsbeq	r0, r0, r0, lsl #6
87807038:	00300600 	eorseq	r0, r0, r0, lsl #12
8780703c:	00180c00 	andseq	r0, r8, r0, lsl #24
87807040:	000c1800 	andeq	r1, ip, r0, lsl #16
87807044:	00063000 	andeq	r3, r6, r0
87807048:	00036000 	andeq	r6, r3, r0
8780704c:	8001c000 	andhi	ip, r1, r0
87807050:	40000001 	andmi	r0, r0, r1
87807054:	20000002 	andcs	r0, r0, r2
87807058:	10000004 	andne	r0, r0, r4
	...
878070a8:	00100400 	andseq	r0, r0, r0, lsl #8
878070ac:	00100400 	andseq	r0, r0, r0, lsl #8
878070b0:	00100400 	andseq	r0, r0, r0, lsl #8
878070b4:	00100400 	andseq	r0, r0, r0, lsl #8
878070b8:	00100400 	andseq	r0, r0, r0, lsl #8
878070bc:	00100400 	andseq	r0, r0, r0, lsl #8
878070c0:	00100400 	andseq	r0, r0, r0, lsl #8
878070c4:	00100400 	andseq	r0, r0, r0, lsl #8
878070c8:	00100400 	andseq	r0, r0, r0, lsl #8
878070cc:	00100400 	andseq	r0, r0, r0, lsl #8
878070d0:	00100400 	andseq	r0, r0, r0, lsl #8
878070d4:	00100400 	andseq	r0, r0, r0, lsl #8
878070d8:	00100400 	andseq	r0, r0, r0, lsl #8
878070dc:	00100400 	andseq	r0, r0, r0, lsl #8
	...
8780712c:	10000004 	andne	r0, r0, r4
87807130:	20000002 	andcs	r0, r0, r2
87807134:	40000001 	andmi	r0, r0, r1
87807138:	8001c000 	andhi	ip, r1, r0
8780713c:	00036000 	andeq	r6, r3, r0
87807140:	00063000 	andeq	r3, r6, r0
87807144:	000c1800 	andeq	r1, ip, r0, lsl #16
87807148:	00180c00 	andseq	r0, r8, r0, lsl #24
8780714c:	00300600 	eorseq	r0, r0, r0, lsl #12
87807150:	00600300 	rsbeq	r0, r0, r0, lsl #6
87807154:	00c00100 	sbceq	r0, r0, r0, lsl #2
87807158:	00800000 	addeq	r0, r0, r0
	...
878071ac:	00007800 	andeq	r7, r0, r0, lsl #16
878071b0:	0000f801 	andeq	pc, r0, r1, lsl #16
878071b4:	00003802 	andeq	r3, r0, r2, lsl #16
878071b8:	00000002 	andeq	r0, r0, r2
878071bc:	c0000004 	andgt	r0, r0, r4
878071c0:	e0790004 	rsbs	r0, r9, r4
878071c4:	e0810004 	add	r0, r1, r4
878071c8:	c0000104 	andgt	r0, r0, r4, lsl #2
878071cc:	00000304 	andeq	r0, r0, r4, lsl #6
878071d0:	00000202 	andeq	r0, r0, r2, lsl #4
878071d4:	00000603 	andeq	r0, r0, r3, lsl #12
878071d8:	0000fc01 	andeq	pc, r0, r1, lsl #24
878071dc:	0000f800 	andeq	pc, r0, r0, lsl #16
	...
87807228:	00f80f00 	rscseq	r0, r8, r0, lsl #30
8780722c:	00fe3f00 	rscseq	r3, lr, r0, lsl #30
87807230:	80077000 	andhi	r7, r7, r0
87807234:	c000c000 	andgt	ip, r0, r0
87807238:	40f80101 	rscsmi	r0, r8, r1, lsl #2
8780723c:	20fc0703 	rscscs	r0, ip, r3, lsl #14
87807240:	20041e02 	andcs	r1, r4, r2, lsl #28
87807244:	20083002 	andcs	r3, r8, r2
87807248:	20302002 	eorscs	r2, r0, r2
8780724c:	20fc3f02 	rscscs	r3, ip, r2, lsl #30
87807250:	40043f01 	andmi	r3, r4, r1, lsl #30
87807254:	c00c8001 	andgt	r8, ip, r1
87807258:	8031e000 	eorshi	lr, r1, r0
8780725c:	00c21f00 	sbceq	r1, r2, r0, lsl #30
	...
878072a4:	20000000 	andcs	r0, r0, r0
878072a8:	60000000 	andvs	r0, r0, r0
878072ac:	e0030000 	and	r0, r3, r0
878072b0:	203e0000 	eorscs	r0, lr, r0
878072b4:	20e00300 	rsccs	r0, r0, r0, lsl #6
878072b8:	00203e00 	eoreq	r3, r0, r0, lsl #28
878072bc:	0020e003 	eoreq	lr, r0, r3
878072c0:	00208003 	eoreq	r8, r0, r3
878072c4:	0020fc07 	eoreq	pc, r0, r7, lsl #24
878072c8:	00e03f00 	rsceq	r3, r0, r0, lsl #30
878072cc:	20fe0300 	rscscs	r0, lr, r0, lsl #6
878072d0:	e03f0000 	eors	r0, pc, r0
878072d4:	e0010000 	and	r0, r1, r0
878072d8:	20000000 	andcs	r0, r0, r0
878072dc:	20000000 	andcs	r0, r0, r0
	...
87807328:	20000002 	andcs	r0, r0, r2
8780732c:	20000002 	andcs	r0, r0, r2
87807330:	e0ffff03 	rscs	pc, pc, r3, lsl #30
87807334:	e0ffff03 	rscs	pc, pc, r3, lsl #30
87807338:	20000102 	andcs	r0, r0, r2, lsl #2
8780733c:	20000102 	andcs	r0, r0, r2, lsl #2
87807340:	20000102 	andcs	r0, r0, r2, lsl #2
87807344:	20000102 	andcs	r0, r0, r2, lsl #2
87807348:	20000102 	andcs	r0, r0, r2, lsl #2
8780734c:	20000303 	andcs	r0, r0, r3, lsl #6
87807350:	60808601 	addvs	r8, r0, r1, lsl #12
87807354:	c0c0fc01 	sbcgt	pc, r0, r1, lsl #24
87807358:	807ff800 	rsbshi	pc, pc, r0, lsl #16
8780735c:	001f0000 	andseq	r0, pc, r0
	...
878073a8:	00f80700 	rscseq	r0, r8, r0, lsl #14
878073ac:	00ff3f00 	rscseq	r3, pc, r0, lsl #30
878073b0:	80077000 	andhi	r7, r7, r0
878073b4:	c000c000 	andgt	ip, r0, r0
878073b8:	40000001 	andmi	r0, r0, r1
878073bc:	20000003 	andcs	r0, r0, r3
878073c0:	20000002 	andcs	r0, r0, r2
878073c4:	20000002 	andcs	r0, r0, r2
878073c8:	20000002 	andcs	r0, r0, r2
878073cc:	20000002 	andcs	r0, r0, r2
878073d0:	40000001 	andmi	r0, r0, r1
878073d4:	c0008001 	andgt	r8, r0, r1
878073d8:	8001c003 	andhi	ip, r1, r3
878073dc:	00063000 	andeq	r3, r6, r0
	...
87807428:	20000002 	andcs	r0, r0, r2
8780742c:	20000002 	andcs	r0, r0, r2
87807430:	e0ffff03 	rscs	pc, pc, r3, lsl #30
87807434:	e0ffff03 	rscs	pc, pc, r3, lsl #30
87807438:	20000002 	andcs	r0, r0, r2
8780743c:	20000002 	andcs	r0, r0, r2
87807440:	20000002 	andcs	r0, r0, r2
87807444:	20000002 	andcs	r0, r0, r2
87807448:	60000003 	andvs	r0, r0, r3
8780744c:	40000001 	andmi	r0, r0, r1
87807450:	c0008001 	andgt	r8, r0, r1
87807454:	8007f000 	andhi	pc, r7, r0
87807458:	00fe7f00 	rscseq	r7, lr, r0, lsl #30
8780745c:	00f80f00 	rscseq	r0, r8, r0, lsl #30
	...
878074a8:	20000002 	andcs	r0, r0, r2
878074ac:	20000002 	andcs	r0, r0, r2
878074b0:	e0ffff03 	rscs	pc, pc, r3, lsl #30
878074b4:	e0ffff03 	rscs	pc, pc, r3, lsl #30
878074b8:	20000102 	andcs	r0, r0, r2, lsl #2
878074bc:	20000102 	andcs	r0, r0, r2, lsl #2
878074c0:	20000102 	andcs	r0, r0, r2, lsl #2
878074c4:	20000102 	andcs	r0, r0, r2, lsl #2
878074c8:	20000102 	andcs	r0, r0, r2, lsl #2
878074cc:	20800302 	addcs	r0, r0, r2, lsl #6
878074d0:	20e00f02 	rsccs	r0, r0, r2, lsl #30
878074d4:	60000003 	andvs	r0, r0, r3
878074d8:	e000c003 	and	ip, r0, r3
878074dc:	00036000 	andeq	r6, r3, r0
	...
87807528:	20000002 	andcs	r0, r0, r2
8780752c:	20000002 	andcs	r0, r0, r2
87807530:	e0ffff03 	rscs	pc, pc, r3, lsl #30
87807534:	e0ffff03 	rscs	pc, pc, r3, lsl #30
87807538:	20000102 	andcs	r0, r0, r2, lsl #2
8780753c:	20000102 	andcs	r0, r0, r2, lsl #2
87807540:	00000102 	andeq	r0, r0, r2, lsl #2
87807544:	00000102 	andeq	r0, r0, r2, lsl #2
87807548:	00000102 	andeq	r0, r0, r2, lsl #2
8780754c:	00000102 	andeq	r0, r0, r2, lsl #2
87807550:	00800302 	addeq	r0, r0, r2, lsl #6
87807554:	00e00f03 	rsceq	r0, r0, r3, lsl #30
87807558:	00000003 	andeq	r0, r0, r3
8780755c:	0000c003 	andeq	ip, r0, r3
87807560:	00006000 	andeq	r6, r0, r0
	...
878075a8:	00f80700 	rscseq	r0, r8, r0, lsl #14
878075ac:	00fe3f00 	rscseq	r3, lr, r0, lsl #30
878075b0:	80077000 	andhi	r7, r7, r0
878075b4:	c001c001 	andgt	ip, r1, r1
878075b8:	40000001 	andmi	r0, r0, r1
878075bc:	20000003 	andcs	r0, r0, r3
878075c0:	20000002 	andcs	r0, r0, r2
878075c4:	20000002 	andcs	r0, r0, r2
878075c8:	20000002 	andcs	r0, r0, r2
878075cc:	20200001 	eorcs	r0, r0, r1
878075d0:	40200001 	eormi	r0, r0, r1
878075d4:	803fc003 	eorshi	ip, pc, r3
878075d8:	803f3000 	eorshi	r3, pc, r0
878075dc:	00200000 	eoreq	r0, r0, r0
878075e0:	00200000 	eoreq	r0, r0, r0
	...
87807624:	20000002 	andcs	r0, r0, r2
87807628:	20000002 	andcs	r0, r0, r2
8780762c:	e0ffff03 	rscs	pc, pc, r3, lsl #30
87807630:	e0ffff03 	rscs	pc, pc, r3, lsl #30
87807634:	20800002 	addcs	r0, r0, r2
87807638:	20800002 	addcs	r0, r0, r2
8780763c:	00800000 	addeq	r0, r0, r0
87807640:	00800000 	addeq	r0, r0, r0
87807644:	00800000 	addeq	r0, r0, r0
87807648:	20800002 	addcs	r0, r0, r2
8780764c:	20800002 	addcs	r0, r0, r2
87807650:	e0ffff03 	rscs	pc, pc, r3, lsl #30
87807654:	e0ffff03 	rscs	pc, pc, r3, lsl #30
87807658:	20000002 	andcs	r0, r0, r2
8780765c:	20000002 	andcs	r0, r0, r2
	...
878076b0:	20000002 	andcs	r0, r0, r2
878076b4:	20000002 	andcs	r0, r0, r2
878076b8:	20000002 	andcs	r0, r0, r2
878076bc:	20000002 	andcs	r0, r0, r2
878076c0:	e0ffff03 	rscs	pc, pc, r3, lsl #30
878076c4:	e0ffff03 	rscs	pc, pc, r3, lsl #30
878076c8:	20000002 	andcs	r0, r0, r2
878076cc:	20000002 	andcs	r0, r0, r2
878076d0:	20000002 	andcs	r0, r0, r2
878076d4:	20000002 	andcs	r0, r0, r2
	...
87807728:	0e000000 	cdpeq	0, 0, cr0, cr0, cr0, {0}
8780772c:	0f000000 	svceq	0x00000000
87807730:	0f000000 	svceq	0x00000000
87807734:	01000000 	mrseq	r0, (UNDEF: 0)
87807738:	01000002 	tsteq	r0, r2
8780773c:	01000002 	tsteq	r0, r2
87807740:	03000002 	movweq	r0, #2
87807744:	06000002 	streq	r0, [r0], -r2
87807748:	fcffff03 	ldc2l	15, cr15, [pc], #12	; 8780775c <asc2_3216+0x1538>
8780774c:	f8ffff03 			; <UNDEFINED> instruction: 0xf8ffff03
87807750:	00000002 	andeq	r0, r0, r2
87807754:	00000002 	andeq	r0, r0, r2
87807758:	00000002 	andeq	r0, r0, r2
8780775c:	00000002 	andeq	r0, r0, r2
	...
878077a8:	20000002 	andcs	r0, r0, r2
878077ac:	20000002 	andcs	r0, r0, r2
878077b0:	e0ffff03 	rscs	pc, pc, r3, lsl #30
878077b4:	e0ffff03 	rscs	pc, pc, r3, lsl #30
878077b8:	20c00002 	sbccs	r0, r0, r2
878077bc:	20000102 	andcs	r0, r0, r2, lsl #2
878077c0:	00800700 	addeq	r0, r0, r0, lsl #14
878077c4:	00e00f00 	rsceq	r0, r0, r0, lsl #30
878077c8:	00f83000 	rscseq	r3, r8, r0
878077cc:	203e6002 	eorscs	r6, lr, r2
878077d0:	200f8003 	andcs	r8, pc, r3
878077d4:	e0030003 	and	r0, r3, r3
878077d8:	e0000002 	and	r0, r0, r2
878077dc:	20000002 	andcs	r0, r0, r2
878077e0:	20000000 	andcs	r0, r0, r0
	...
87807828:	20000002 	andcs	r0, r0, r2
8780782c:	20000002 	andcs	r0, r0, r2
87807830:	e0ffff03 	rscs	pc, pc, r3, lsl #30
87807834:	e0ffff03 	rscs	pc, pc, r3, lsl #30
87807838:	20000002 	andcs	r0, r0, r2
8780783c:	20000002 	andcs	r0, r0, r2
87807840:	20000000 	andcs	r0, r0, r0
87807844:	20000000 	andcs	r0, r0, r0
87807848:	20000000 	andcs	r0, r0, r0
8780784c:	20000000 	andcs	r0, r0, r0
87807850:	20000000 	andcs	r0, r0, r0
87807854:	60000000 	andvs	r0, r0, r0
87807858:	e0000000 	and	r0, r0, r0
8780785c:	00030000 	andeq	r0, r3, r0
	...
878078a4:	20000002 	andcs	r0, r0, r2
878078a8:	20000002 	andcs	r0, r0, r2
878078ac:	e0ffff03 	rscs	pc, pc, r3, lsl #30
878078b0:	2000e003 	andcs	lr, r0, r3
878078b4:	2000ff03 	andcs	pc, r0, r3, lsl #30
878078b8:	00f01f00 	rscseq	r1, r0, r0, lsl #30
878078bc:	80ff0100 	rscshi	r0, pc, r0, lsl #2
878078c0:	e00f0000 	and	r0, pc, r0
878078c4:	001e0000 	andseq	r0, lr, r0
878078c8:	00e00300 	rsceq	r0, r0, r0, lsl #6
878078cc:	20003e00 	andcs	r3, r0, r0, lsl #28
878078d0:	2000e003 	andcs	lr, r0, r3
878078d4:	e0ffff03 	rscs	pc, pc, r3, lsl #30
878078d8:	e0ffff03 	rscs	pc, pc, r3, lsl #30
878078dc:	20000002 	andcs	r0, r0, r2
878078e0:	20000002 	andcs	r0, r0, r2
	...
87807924:	20000002 	andcs	r0, r0, r2
87807928:	20000002 	andcs	r0, r0, r2
8780792c:	e0ffff03 	rscs	pc, pc, r3, lsl #30
87807930:	20008003 	andcs	r8, r0, r3
87807934:	2000f003 	andcs	pc, r0, r3
87807938:	0000fc00 	andeq	pc, r0, r0, lsl #24
8780793c:	00001f00 	andeq	r1, r0, r0, lsl #30
87807940:	00c00700 	sbceq	r0, r0, r0, lsl #14
87807944:	00f00100 	rscseq	r0, r0, r0, lsl #2
87807948:	007c0000 	rsbseq	r0, ip, r0
8780794c:	801f0002 	andshi	r0, pc, r2
87807950:	e0070002 	and	r0, r7, r2
87807954:	e0ffff03 	rscs	pc, pc, r3, lsl #30
87807958:	00000002 	andeq	r0, r0, r2
8780795c:	00000002 	andeq	r0, r0, r2
	...
878079a8:	00f80f00 	rscseq	r0, r8, r0, lsl #30
878079ac:	00fe3f00 	rscseq	r3, lr, r0, lsl #30
878079b0:	8007f000 	andhi	pc, r7, r0
878079b4:	c0008001 	andgt	r8, r0, r1
878079b8:	40000001 	andmi	r0, r0, r1
878079bc:	20000002 	andcs	r0, r0, r2
878079c0:	20000002 	andcs	r0, r0, r2
878079c4:	20000002 	andcs	r0, r0, r2
878079c8:	20000002 	andcs	r0, r0, r2
878079cc:	40000001 	andmi	r0, r0, r1
878079d0:	c0008001 	andgt	r8, r0, r1
878079d4:	8003f000 	andhi	pc, r3, r0
878079d8:	00fe3f00 	rscseq	r3, lr, r0, lsl #30
878079dc:	00f80f00 	rscseq	r0, r8, r0, lsl #30
	...
87807a28:	20000002 	andcs	r0, r0, r2
87807a2c:	20000002 	andcs	r0, r0, r2
87807a30:	e0ffff03 	rscs	pc, pc, r3, lsl #30
87807a34:	e0ffff03 	rscs	pc, pc, r3, lsl #30
87807a38:	20800002 	addcs	r0, r0, r2
87807a3c:	20800002 	addcs	r0, r0, r2
87807a40:	00800002 	addeq	r0, r0, r2
87807a44:	00800002 	addeq	r0, r0, r2
87807a48:	00800002 	addeq	r0, r0, r2
87807a4c:	00800002 	addeq	r0, r0, r2
87807a50:	00800103 	addeq	r0, r0, r3, lsl #2
87807a54:	00008301 	andeq	r8, r0, r1, lsl #6
87807a58:	0000fe00 	andeq	pc, r0, r0, lsl #28
87807a5c:	00007c00 	andeq	r7, r0, r0, lsl #24
	...
87807aa8:	00f80f00 	rscseq	r0, r8, r0, lsl #30
87807aac:	00ff7f00 	rscseq	r7, pc, r0, lsl #30
87807ab0:	8003f000 	andhi	pc, r3, r0
87807ab4:	c0018001 	andgt	r8, r1, r1
87807ab8:	40060001 	andmi	r0, r6, r1
87807abc:	20040002 	andcs	r0, r4, r2
87807ac0:	20040002 	andcs	r0, r4, r2
87807ac4:	20060002 	andcs	r0, r6, r2
87807ac8:	e0030002 	and	r0, r3, r2
87807acc:	f8000001 			; <UNDEFINED> instruction: 0xf8000001
87807ad0:	5c008001 	stcpl	0, cr8, [r0], {1}
87807ad4:	8c03e000 	stchi	0, cr14, [r3], {-0}
87807ad8:	0cff3f00 	ldcleq	15, cr3, [pc]	; 87807ae0 <asc2_3216+0x18bc>
87807adc:	18fc0f00 	ldmne	ip!, {r8, r9, sl, fp}^
	...
87807b28:	20000002 	andcs	r0, r0, r2
87807b2c:	20000002 	andcs	r0, r0, r2
87807b30:	e0ffff03 	rscs	pc, pc, r3, lsl #30
87807b34:	e0ffff03 	rscs	pc, pc, r3, lsl #30
87807b38:	20000102 	andcs	r0, r0, r2, lsl #2
87807b3c:	20000102 	andcs	r0, r0, r2, lsl #2
87807b40:	00800102 	addeq	r0, r0, r2, lsl #2
87807b44:	00e00102 	rsceq	r0, r0, r2, lsl #2
87807b48:	00fc0102 	rscseq	r0, ip, r2, lsl #2
87807b4c:	803f0303 	eorshi	r0, pc, r3, lsl #6
87807b50:	e0078601 	and	r8, r7, r1, lsl #12
87807b54:	e000fc01 	and	pc, r0, r1, lsl #24
87807b58:	2000f800 	andcs	pc, r0, r0, lsl #16
87807b5c:	20000000 	andcs	r0, r0, r0
	...
87807bac:	00067800 	andeq	r7, r6, r0, lsl #16
87807bb0:	e001fe00 	and	pc, r1, r0, lsl #28
87807bb4:	c0008601 	andgt	r8, r0, r1, lsl #12
87807bb8:	40000303 	andmi	r0, r0, r3, lsl #6
87807bbc:	20000302 	andcs	r0, r0, r2, lsl #6
87807bc0:	20800102 	addcs	r0, r0, r2, lsl #2
87807bc4:	20800102 	addcs	r0, r0, r2, lsl #2
87807bc8:	20c00102 	sbccs	r0, r0, r2, lsl #2
87807bcc:	20c00002 	sbccs	r0, r0, r2
87807bd0:	60e00001 	rscvs	r0, r0, r1
87807bd4:	c0708001 	rsbsgt	r8, r0, r1
87807bd8:	803fe003 	eorshi	lr, pc, r3
87807bdc:	001f0000 	andseq	r0, pc, r0
	...
87807c28:	00006000 	andeq	r6, r0, r0
87807c2c:	00008003 	andeq	r8, r0, r3
87807c30:	00000003 	andeq	r0, r0, r3
87807c34:	00000002 	andeq	r0, r0, r2
87807c38:	20000002 	andcs	r0, r0, r2
87807c3c:	20000002 	andcs	r0, r0, r2
87807c40:	e0ffff03 	rscs	pc, pc, r3, lsl #30
87807c44:	e0ffff03 	rscs	pc, pc, r3, lsl #30
87807c48:	20000002 	andcs	r0, r0, r2
87807c4c:	20000002 	andcs	r0, r0, r2
87807c50:	00000002 	andeq	r0, r0, r2
87807c54:	00000002 	andeq	r0, r0, r2
87807c58:	00008003 	andeq	r8, r0, r3
87807c5c:	0000e000 	andeq	lr, r0, r0
	...
87807ca4:	00000002 	andeq	r0, r0, r2
87807ca8:	00000002 	andeq	r0, r0, r2
87807cac:	00ffff03 	rscseq	pc, pc, r3, lsl #30
87807cb0:	c0ffff03 	rscsgt	pc, pc, r3, lsl #30
87807cb4:	40000002 	andmi	r0, r0, r2
87807cb8:	60000002 	andvs	r0, r0, r2
87807cbc:	20000000 	andcs	r0, r0, r0
87807cc0:	20000000 	andcs	r0, r0, r0
87807cc4:	20000000 	andcs	r0, r0, r0
87807cc8:	20000000 	andcs	r0, r0, r0
87807ccc:	40000002 	andmi	r0, r0, r2
87807cd0:	80000002 	andhi	r0, r0, r2
87807cd4:	00ffff03 	rscseq	pc, pc, r3, lsl #30
87807cd8:	00000002 	andeq	r0, r0, r2
87807cdc:	00000002 	andeq	r0, r0, r2
	...
87807d28:	00000002 	andeq	r0, r0, r2
87807d2c:	00000002 	andeq	r0, r0, r2
87807d30:	0000c003 	andeq	ip, r0, r3
87807d34:	0000fc03 	andeq	pc, r0, r3, lsl #24
87807d38:	00c03f02 	sbceq	r3, r0, r2, lsl #30
87807d3c:	00f80300 	rscseq	r0, r8, r0, lsl #6
87807d40:	807f0000 	rsbshi	r0, pc, r0
87807d44:	e0070000 	and	r0, r7, r0
87807d48:	80070000 	andhi	r0, r7, r0
87807d4c:	00780000 	rsbseq	r0, r8, r0
87807d50:	00c00302 	sbceq	r0, r0, r2, lsl #6
87807d54:	00003c02 	andeq	r3, r0, r2, lsl #24
87807d58:	0000c003 	andeq	ip, r0, r3
87807d5c:	00000002 	andeq	r0, r0, r2
87807d60:	00000002 	andeq	r0, r0, r2
	...
87807da4:	00000002 	andeq	r0, r0, r2
87807da8:	0000c003 	andeq	ip, r0, r3
87807dac:	0080ff03 	addeq	pc, r0, r3, lsl #30
87807db0:	00fe3f02 	rscseq	r3, lr, r2, lsl #30
87807db4:	e07f0002 	rsbs	r0, pc, r2
87807db8:	000f0000 	andeq	r0, pc, r0
87807dbc:	00f00002 	rscseq	r0, r0, r2
87807dc0:	0000ef03 	andeq	lr, r0, r3, lsl #30
87807dc4:	0080ff03 	addeq	pc, r0, r3, lsl #30
87807dc8:	00fe0f02 	rscseq	r0, lr, r2, lsl #30
87807dcc:	e03f0000 	eors	r0, pc, r0
87807dd0:	001f0000 	andseq	r0, pc, r0
87807dd4:	00e00702 	rsceq	r0, r0, r2, lsl #14
87807dd8:	0000f803 	andeq	pc, r0, r3, lsl #16
87807ddc:	00000003 	andeq	r0, r0, r3
87807de0:	00000002 	andeq	r0, r0, r2
	...
87807e28:	20000002 	andcs	r0, r0, r2
87807e2c:	20000002 	andcs	r0, r0, r2
87807e30:	e0008003 	and	r8, r0, r3
87807e34:	2003f003 	andcs	pc, r3, r3
87807e38:	200cfc02 	andcs	pc, ip, r2, lsl #24
87807e3c:	00301f02 	eorseq	r1, r0, r2, lsl #30
87807e40:	00c00700 	sbceq	r0, r0, r0, lsl #14
87807e44:	00f00700 	rscseq	r0, r0, r0, lsl #14
87807e48:	007c1802 	rsbseq	r1, ip, r2, lsl #16
87807e4c:	201f6002 	andscs	r6, pc, r2
87807e50:	e0038003 	and	r8, r3, r3
87807e54:	e0000002 	and	r0, r0, r2
87807e58:	20000002 	andcs	r0, r0, r2
87807e5c:	20000000 	andcs	r0, r0, r0
	...
87807ea8:	00000002 	andeq	r0, r0, r2
87807eac:	00000003 	andeq	r0, r0, r3
87807eb0:	0000c003 	andeq	ip, r0, r3
87807eb4:	0000f803 	andeq	pc, r0, r3, lsl #16
87807eb8:	20003e02 	andcs	r3, r0, r2, lsl #28
87807ebc:	20c00f02 	sbccs	r0, r0, r2, lsl #30
87807ec0:	e0ff0100 	rscs	r0, pc, r0, lsl #2
87807ec4:	e07f0000 	rsbs	r0, pc, r0
87807ec8:	20800300 	addcs	r0, r0, r0, lsl #6
87807ecc:	20001c02 	andcs	r1, r0, r2, lsl #24
87807ed0:	00007002 	andeq	r7, r0, r2
87807ed4:	00008003 	andeq	r8, r0, r3
87807ed8:	00000002 	andeq	r0, r0, r2
87807edc:	00000002 	andeq	r0, r0, r2
	...
87807f28:	20000000 	andcs	r0, r0, r0
87807f2c:	e0006000 	and	r6, r0, r0
87807f30:	e0038003 	and	r8, r3, r3
87807f34:	a00f0003 	andge	r0, pc, r3
87807f38:	203e0002 	eorscs	r0, lr, r2
87807f3c:	20f80002 	rscscs	r0, r8, r2
87807f40:	20e00302 	rsccs	r0, r0, r2, lsl #6
87807f44:	20800f02 	addcs	r0, r0, r2, lsl #30
87807f48:	20003e02 	andcs	r3, r0, r2, lsl #28
87807f4c:	20007802 	andcs	r7, r0, r2, lsl #16
87807f50:	6000e003 	andvs	lr, r0, r3
87807f54:	e0008003 	and	r8, r0, r3
87807f58:	00030002 	andeq	r0, r3, r2
	...
87807fbc:	fcffff1f 	ldc2l	15, cr15, [pc], #124	; 87808040 <asc2_3216+0x1e1c>
87807fc0:	04000010 	streq	r0, [r0], #-16
87807fc4:	04000010 	streq	r0, [r0], #-16
87807fc8:	04000010 	streq	r0, [r0], #-16
87807fcc:	04000010 	streq	r0, [r0], #-16
87807fd0:	04000010 	streq	r0, [r0], #-16
87807fd4:	04000010 	streq	r0, [r0], #-16
87807fd8:	04000010 	streq	r0, [r0], #-16
	...
87808030:	00000007 	andeq	r0, r0, r7
87808034:	0000c003 	andeq	ip, r0, r3
87808038:	00007800 	andeq	r7, r0, r0, lsl #16
8780803c:	00001e00 	andeq	r1, r0, r0, lsl #28
87808040:	00c00300 	sbceq	r0, r0, r0, lsl #6
87808044:	00f00000 	rscseq	r0, r0, r0
87808048:	001e0000 	andseq	r0, lr, r0
8780804c:	80070000 	andhi	r0, r7, r0
87808050:	f0000000 			; <UNDEFINED> instruction: 0xf0000000
87808054:	3c000000 	stccc	0, cr0, [r0], {-0}
87808058:	06000000 	streq	r0, [r0], -r0
	...
878080ac:	04000010 	streq	r0, [r0], #-16
878080b0:	04000010 	streq	r0, [r0], #-16
878080b4:	04000010 	streq	r0, [r0], #-16
878080b8:	04000010 	streq	r0, [r0], #-16
878080bc:	04000010 	streq	r0, [r0], #-16
878080c0:	04000010 	streq	r0, [r0], #-16
878080c4:	04000010 	streq	r0, [r0], #-16
878080c8:	fcffff1f 	ldc2l	15, cr15, [pc], #124	; 8780814c <asc2_3216+0x1f28>
	...
87808134:	00000002 	andeq	r0, r0, r2
87808138:	00000004 	andeq	r0, r0, r4
8780813c:	00000008 	andeq	r0, r0, r8
87808140:	00000018 	andeq	r0, r0, r8, lsl r0
87808144:	00000010 	andeq	r0, r0, r0, lsl r0
87808148:	00000018 	andeq	r0, r0, r8, lsl r0
8780814c:	00000018 	andeq	r0, r0, r8, lsl r0
87808150:	00000004 	andeq	r0, r0, r4
87808154:	00000002 	andeq	r0, r0, r2
	...
878081a4:	01000000 	mrseq	r0, (UNDEF: 0)
878081a8:	01000000 	mrseq	r0, (UNDEF: 0)
878081ac:	01000000 	mrseq	r0, (UNDEF: 0)
878081b0:	01000000 	mrseq	r0, (UNDEF: 0)
878081b4:	01000000 	mrseq	r0, (UNDEF: 0)
878081b8:	01000000 	mrseq	r0, (UNDEF: 0)
878081bc:	01000000 	mrseq	r0, (UNDEF: 0)
878081c0:	01000000 	mrseq	r0, (UNDEF: 0)
878081c4:	01000000 	mrseq	r0, (UNDEF: 0)
878081c8:	01000000 	mrseq	r0, (UNDEF: 0)
878081cc:	01000000 	mrseq	r0, (UNDEF: 0)
878081d0:	01000000 	mrseq	r0, (UNDEF: 0)
878081d4:	01000000 	mrseq	r0, (UNDEF: 0)
878081d8:	01000000 	mrseq	r0, (UNDEF: 0)
878081dc:	01000000 	mrseq	r0, (UNDEF: 0)
878081e0:	01000000 	mrseq	r0, (UNDEF: 0)
	...
87808230:	00000010 	andeq	r0, r0, r0, lsl r0
87808234:	00000010 	andeq	r0, r0, r0, lsl r0
87808238:	00000010 	andeq	r0, r0, r0, lsl r0
8780823c:	00000018 	andeq	r0, r0, r8, lsl r0
87808240:	00000008 	andeq	r0, r0, r8
87808244:	00000004 	andeq	r0, r0, r4
	...
878082a8:	80030000 	andhi	r0, r3, r0
878082ac:	c08f0100 	addgt	r0, pc, r0, lsl #2
878082b0:	608c0300 	addvs	r0, ip, r0, lsl #6
878082b4:	20180600 	andscs	r0, r8, r0, lsl #12
878082b8:	20100400 	andscs	r0, r0, r0, lsl #8
878082bc:	20100400 	andscs	r0, r0, r0, lsl #8
878082c0:	20200400 	eorcs	r0, r0, r0, lsl #8
878082c4:	40200400 	eormi	r0, r0, r0, lsl #8
878082c8:	40200600 	eormi	r0, r0, r0, lsl #12
878082cc:	c0ff0300 	rscsgt	r0, pc, r0, lsl #6
878082d0:	e0ff0100 	rscs	r0, pc, r0, lsl #2
878082d4:	20000000 	andcs	r0, r0, r0
878082d8:	20000000 	andcs	r0, r0, r0
878082dc:	c0000000 	andgt	r0, r0, r0
	...
87808328:	00000002 	andeq	r0, r0, r2
8780832c:	00000002 	andeq	r0, r0, r2
87808330:	e0ffff03 	rscs	pc, pc, r3, lsl #30
87808334:	c0ffff07 	rscsgt	pc, pc, r7, lsl #30
87808338:	c0800100 	addgt	r0, r0, r0, lsl #2
8780833c:	60000200 	andvs	r0, r0, r0, lsl #4
87808340:	20000200 	andcs	r0, r0, r0, lsl #4
87808344:	20000400 	andcs	r0, r0, r0, lsl #8
87808348:	20000400 	andcs	r0, r0, r0, lsl #8
8780834c:	20000400 	andcs	r0, r0, r0, lsl #8
87808350:	40000600 	andmi	r0, r0, r0, lsl #12
87808354:	c0000300 	andgt	r0, r0, r0, lsl #6
87808358:	80ff0100 	rscshi	r0, pc, r0, lsl #2
8780835c:	00fe0000 	rscseq	r0, lr, r0
	...
878083ac:	007e0000 	rsbseq	r0, lr, r0
878083b0:	80ff0100 	rscshi	r0, pc, r0, lsl #2
878083b4:	c0810300 	addgt	r0, r1, r0, lsl #6
878083b8:	40000200 	andmi	r0, r0, r0, lsl #4
878083bc:	20000600 	andcs	r0, r0, r0, lsl #12
878083c0:	20000400 	andcs	r0, r0, r0, lsl #8
878083c4:	20000400 	andcs	r0, r0, r0, lsl #8
878083c8:	20000400 	andcs	r0, r0, r0, lsl #8
878083cc:	20000600 	andcs	r0, r0, r0, lsl #12
878083d0:	40c00300 	sbcmi	r0, r0, r0, lsl #6
878083d4:	80c00100 	sbchi	r0, r0, r0, lsl #2
878083d8:	00030000 	andeq	r0, r3, r0
	...
8780842c:	007e0000 	rsbseq	r0, lr, r0
87808430:	80ff0100 	rscshi	r0, pc, r0, lsl #2
87808434:	c0800300 	addgt	r0, r0, r0, lsl #6
87808438:	60000600 	andvs	r0, r0, r0, lsl #12
8780843c:	20000400 	andcs	r0, r0, r0, lsl #8
87808440:	20000400 	andcs	r0, r0, r0, lsl #8
87808444:	20000400 	andcs	r0, r0, r0, lsl #8
87808448:	40000402 	andmi	r0, r0, r2, lsl #8
8780844c:	80000202 	andhi	r0, r0, r2, lsl #4
87808450:	e0ffff03 	rscs	pc, pc, r3, lsl #30
87808454:	c0ffff07 	rscsgt	pc, pc, r7, lsl #30
87808458:	40000000 	andmi	r0, r0, r0
8780845c:	40000000 	andmi	r0, r0, r0
	...
878084ac:	007e0000 	rsbseq	r0, lr, r0
878084b0:	80ff0100 	rscshi	r0, pc, r0, lsl #2
878084b4:	c0110300 	andsgt	r0, r1, r0, lsl #6
878084b8:	40100200 	andsmi	r0, r0, r0, lsl #4
878084bc:	60100400 	andsvs	r0, r0, r0, lsl #8
878084c0:	20100400 	andscs	r0, r0, r0, lsl #8
878084c4:	20100400 	andscs	r0, r0, r0, lsl #8
878084c8:	20100400 	andscs	r0, r0, r0, lsl #8
878084cc:	20100600 	andscs	r0, r0, r0, lsl #12
878084d0:	40100300 	andsmi	r0, r0, r0, lsl #6
878084d4:	c0f00100 	rscsgt	r0, r0, r0, lsl #2
878084d8:	00710000 	rsbseq	r0, r1, r0
	...
8780852c:	00000400 	andeq	r0, r0, r0, lsl #8
87808530:	20000400 	andcs	r0, r0, r0, lsl #8
87808534:	20000400 	andcs	r0, r0, r0, lsl #8
87808538:	20000400 	andcs	r0, r0, r0, lsl #8
8780853c:	e0ff7f00 	rscs	r7, pc, r0, lsl #30
87808540:	e0ffff01 	rscs	pc, pc, r1, lsl #30
87808544:	20000401 	andcs	r0, r0, r1, lsl #8
87808548:	20000403 	andcs	r0, r0, r3, lsl #8
8780854c:	20000402 	andcs	r0, r0, r2, lsl #8
87808550:	20000402 	andcs	r0, r0, r2, lsl #8
87808554:	00000402 	andeq	r0, r0, r2, lsl #8
87808558:	00000002 	andeq	r0, r0, r2
8780855c:	0000c001 	andeq	ip, r0, r1
87808560:	0000c001 	andeq	ip, r0, r1
	...
878085ac:	1c000000 	stcne	0, cr0, [r0], {-0}
878085b0:	3ee30000 	cdpcc	0, 14, cr0, cr3, cr0, {0}
878085b4:	c2ff0300 	rscsgt	r0, pc, #0, 6
878085b8:	c30c0200 	movwgt	r0, #49664	; 0xc200
878085bc:	c1040400 	tstgt	r4, r0, lsl #8
878085c0:	c1040400 	tstgt	r4, r0, lsl #8
878085c4:	c1040400 	tstgt	r4, r0, lsl #8
878085c8:	c1040400 	tstgt	r4, r0, lsl #8
878085cc:	c10c0600 	tstgt	ip, r0, lsl #12
878085d0:	c3f80300 	mvnsgt	r0, #0, 6
878085d4:	62f00500 	rscsvs	r0, r0, #0, 10
878085d8:	7e000600 	cfmadd32vc	mvax0, mvfx0, mvfx0, mvfx0
878085dc:	3c000600 	stccc	6, cr0, [r0], {-0}
	...
87808628:	20000002 	andcs	r0, r0, r2
8780862c:	20000002 	andcs	r0, r0, r2
87808630:	e0ffff03 	rscs	pc, pc, r3, lsl #30
87808634:	e0ffff07 	rscs	pc, pc, r7, lsl #30
87808638:	20000100 	andcs	r0, r0, r0, lsl #2
8780863c:	20000200 	andcs	r0, r0, r0, lsl #4
87808640:	00000600 	andeq	r0, r0, r0, lsl #12
87808644:	00000400 	andeq	r0, r0, r0, lsl #8
87808648:	00000400 	andeq	r0, r0, r0, lsl #8
8780864c:	20000400 	andcs	r0, r0, r0, lsl #8
87808650:	20000600 	andcs	r0, r0, r0, lsl #12
87808654:	e0ff0300 	rscs	r0, pc, r0, lsl #6
87808658:	e0ff0100 	rscs	r0, pc, r0, lsl #2
8780865c:	20000000 	andcs	r0, r0, r0
87808660:	20000000 	andcs	r0, r0, r0
	...
878086b0:	20000400 	andcs	r0, r0, r0, lsl #8
878086b4:	20000400 	andcs	r0, r0, r0, lsl #8
878086b8:	20000400 	andcs	r0, r0, r0, lsl #8
878086bc:	20000400 	andcs	r0, r0, r0, lsl #8
878086c0:	e0ff8703 	rscs	r8, pc, r3, lsl #14
878086c4:	e0ff8f03 	rscs	r8, pc, r3, lsl #30
878086c8:	20008003 	andcs	r8, r0, r3
878086cc:	20000000 	andcs	r0, r0, r0
878086d0:	20000000 	andcs	r0, r0, r0
878086d4:	20000000 	andcs	r0, r0, r0
	...
87808730:	06000000 	streq	r0, [r0], -r0
87808734:	07000000 	streq	r0, [r0, -r0]
87808738:	01000000 	mrseq	r0, (UNDEF: 0)
8780873c:	01000000 	mrseq	r0, (UNDEF: 0)
87808740:	01000400 	tsteq	r0, r0, lsl #8
87808744:	01000400 	tsteq	r0, r0, lsl #8
87808748:	03000400 	movweq	r0, #1024	; 0x400
8780874c:	06000400 	streq	r0, [r0], -r0, lsl #8
87808750:	fcff8703 	ldc2l	7, cr8, [pc], #12	; 87808764 <asc2_3216+0x2540>
87808754:	f8ff8f03 			; <UNDEFINED> instruction: 0xf8ff8f03
87808758:	00008003 	andeq	r8, r0, r3
	...
878087a8:	20000002 	andcs	r0, r0, r2
878087ac:	20000002 	andcs	r0, r0, r2
878087b0:	e0ffff03 	rscs	pc, pc, r3, lsl #30
878087b4:	e0ffff07 	rscs	pc, pc, r7, lsl #30
878087b8:	20080000 	andcs	r0, r8, r0
878087bc:	20100000 	andscs	r0, r0, r0
878087c0:	00300000 	eorseq	r0, r0, r0
878087c4:	00fc0000 	rscseq	r0, ip, r0
878087c8:	008e0500 	addeq	r0, lr, r0, lsl #10
878087cc:	a0070700 	andge	r0, r7, r0, lsl #14
878087d0:	e0010600 	and	r0, r1, r0, lsl #12
878087d4:	e0000400 	and	r0, r0, r0, lsl #8
878087d8:	20000400 	andcs	r0, r0, r0, lsl #8
878087dc:	20000000 	andcs	r0, r0, r0
	...
87808830:	20000002 	andcs	r0, r0, r2
87808834:	20000002 	andcs	r0, r0, r2
87808838:	20000002 	andcs	r0, r0, r2
8780883c:	20000002 	andcs	r0, r0, r2
87808840:	e0ffff03 	rscs	pc, pc, r3, lsl #30
87808844:	e0ffff07 	rscs	pc, pc, r7, lsl #30
87808848:	20000000 	andcs	r0, r0, r0
8780884c:	20000000 	andcs	r0, r0, r0
87808850:	20000000 	andcs	r0, r0, r0
87808854:	20000000 	andcs	r0, r0, r0
	...
878088a8:	20000400 	andcs	r0, r0, r0, lsl #8
878088ac:	e0ff0700 	rscs	r0, pc, r0, lsl #14
878088b0:	e0ff0f00 	rscs	r0, pc, r0, lsl #30
878088b4:	20000200 	andcs	r0, r0, r0, lsl #4
878088b8:	00000400 	andeq	r0, r0, r0, lsl #8
878088bc:	20000400 	andcs	r0, r0, r0, lsl #8
878088c0:	e0ff0700 	rscs	r0, pc, r0, lsl #14
878088c4:	e0ff0300 	rscs	r0, pc, r0, lsl #6
878088c8:	20000200 	andcs	r0, r0, r0, lsl #4
878088cc:	00000400 	andeq	r0, r0, r0, lsl #8
878088d0:	20000400 	andcs	r0, r0, r0, lsl #8
878088d4:	e0ff0700 	rscs	r0, pc, r0, lsl #14
878088d8:	e0ff0300 	rscs	r0, pc, r0, lsl #6
878088dc:	20000000 	andcs	r0, r0, r0
	...
87808928:	20000400 	andcs	r0, r0, r0, lsl #8
8780892c:	20000400 	andcs	r0, r0, r0, lsl #8
87808930:	e0ff0700 	rscs	r0, pc, r0, lsl #14
87808934:	e0ff0f00 	rscs	r0, pc, r0, lsl #30
87808938:	20000100 	andcs	r0, r0, r0, lsl #2
8780893c:	20000200 	andcs	r0, r0, r0, lsl #4
87808940:	00000200 	andeq	r0, r0, r0, lsl #4
87808944:	00000400 	andeq	r0, r0, r0, lsl #8
87808948:	00000400 	andeq	r0, r0, r0, lsl #8
8780894c:	20000400 	andcs	r0, r0, r0, lsl #8
87808950:	20000600 	andcs	r0, r0, r0, lsl #12
87808954:	e0ff0300 	rscs	r0, pc, r0, lsl #6
87808958:	e0ff0100 	rscs	r0, pc, r0, lsl #2
8780895c:	20000000 	andcs	r0, r0, r0
87808960:	20000000 	andcs	r0, r0, r0
	...
878089ac:	007e0000 	rsbseq	r0, lr, r0
878089b0:	80ff0000 	rscshi	r0, pc, r0
878089b4:	c0810300 	addgt	r0, r1, r0, lsl #6
878089b8:	40000200 	andmi	r0, r0, r0, lsl #4
878089bc:	20000600 	andcs	r0, r0, r0, lsl #12
878089c0:	20000400 	andcs	r0, r0, r0, lsl #8
878089c4:	20000400 	andcs	r0, r0, r0, lsl #8
878089c8:	20000400 	andcs	r0, r0, r0, lsl #8
878089cc:	20000600 	andcs	r0, r0, r0, lsl #12
878089d0:	40000200 	andmi	r0, r0, r0, lsl #4
878089d4:	c0810300 	addgt	r0, r1, r0, lsl #6
878089d8:	80ff0100 	rscshi	r0, pc, r0, lsl #2
878089dc:	007e0000 	rsbseq	r0, lr, r0
	...
87808a28:	01000400 	tsteq	r0, r0, lsl #8
87808a2c:	01000400 	tsteq	r0, r0, lsl #8
87808a30:	ffff0700 			; <UNDEFINED> instruction: 0xffff0700
87808a34:	ffff0f00 			; <UNDEFINED> instruction: 0xffff0f00
87808a38:	c1000100 	mrsgt	r0, (UNDEF: 16)
87808a3c:	41000200 	mrsmi	r0, R8_usr
87808a40:	20000400 	andcs	r0, r0, r0, lsl #8
87808a44:	20000400 	andcs	r0, r0, r0, lsl #8
87808a48:	20000400 	andcs	r0, r0, r0, lsl #8
87808a4c:	20000400 	andcs	r0, r0, r0, lsl #8
87808a50:	40000600 	andmi	r0, r0, r0, lsl #12
87808a54:	c0010300 	andgt	r0, r1, r0, lsl #6
87808a58:	80ff0100 	rscshi	r0, pc, r0, lsl #2
87808a5c:	007e0000 	rsbseq	r0, lr, r0
	...
87808aac:	007e0000 	rsbseq	r0, lr, r0
87808ab0:	80ff0100 	rscshi	r0, pc, r0, lsl #2
87808ab4:	c0800300 	addgt	r0, r0, r0, lsl #6
87808ab8:	60000200 	andvs	r0, r0, r0, lsl #4
87808abc:	20000400 	andcs	r0, r0, r0, lsl #8
87808ac0:	20000400 	andcs	r0, r0, r0, lsl #8
87808ac4:	20000400 	andcs	r0, r0, r0, lsl #8
87808ac8:	20000400 	andcs	r0, r0, r0, lsl #8
87808acc:	41000200 	mrsmi	r0, R8_usr
87808ad0:	c1000300 	mrsgt	r0, LR_irq
87808ad4:	ffff0300 			; <UNDEFINED> instruction: 0xffff0300
87808ad8:	ffff0700 			; <UNDEFINED> instruction: 0xffff0700
87808adc:	01000000 	mrseq	r0, (UNDEF: 0)
87808ae0:	01000000 	mrseq	r0, (UNDEF: 0)
	...
87808b28:	20000400 	andcs	r0, r0, r0, lsl #8
87808b2c:	20000400 	andcs	r0, r0, r0, lsl #8
87808b30:	20000400 	andcs	r0, r0, r0, lsl #8
87808b34:	20000400 	andcs	r0, r0, r0, lsl #8
87808b38:	e0ff0f00 	rscs	r0, pc, r0, lsl #30
87808b3c:	e0ff0f00 	rscs	r0, pc, r0, lsl #30
87808b40:	20c00000 	sbccs	r0, r0, r0
87808b44:	20000100 	andcs	r0, r0, r0, lsl #2
87808b48:	20000200 	andcs	r0, r0, r0, lsl #4
87808b4c:	20000600 	andcs	r0, r0, r0, lsl #12
87808b50:	00000400 	andeq	r0, r0, r0, lsl #8
87808b54:	00000400 	andeq	r0, r0, r0, lsl #8
87808b58:	00000700 	andeq	r0, r0, r0, lsl #14
87808b5c:	00000300 	andeq	r0, r0, r0, lsl #6
	...
87808bac:	e0030000 	and	r0, r3, r0
87808bb0:	e0c00100 	sbc	r0, r0, r0, lsl #2
87808bb4:	40e00300 	rscmi	r0, r0, r0, lsl #6
87808bb8:	20300600 	eorscs	r0, r0, r0, lsl #12
87808bbc:	20300400 	eorscs	r0, r0, r0, lsl #8
87808bc0:	20180400 	andscs	r0, r8, r0, lsl #8
87808bc4:	20180400 	andscs	r0, r8, r0, lsl #8
87808bc8:	20180400 	andscs	r0, r8, r0, lsl #8
87808bcc:	200c0400 	andcs	r0, ip, r0, lsl #8
87808bd0:	600c0200 	andvs	r0, ip, r0, lsl #4
87808bd4:	c0070300 	andgt	r0, r7, r0, lsl #6
87808bd8:	80830700 	addhi	r0, r3, r0, lsl #14
	...
87808c2c:	00000400 	andeq	r0, r0, r0, lsl #8
87808c30:	00000400 	andeq	r0, r0, r0, lsl #8
87808c34:	00000400 	andeq	r0, r0, r0, lsl #8
87808c38:	00000c00 	andeq	r0, r0, r0, lsl #24
87808c3c:	80ff1f00 	rscshi	r1, pc, r0, lsl #30
87808c40:	c0ffff00 	rscsgt	pc, pc, r0, lsl #30
87808c44:	60000400 	andvs	r0, r0, r0, lsl #8
87808c48:	20000400 	andcs	r0, r0, r0, lsl #8
87808c4c:	20000400 	andcs	r0, r0, r0, lsl #8
87808c50:	20000400 	andcs	r0, r0, r0, lsl #8
87808c54:	40000400 	andmi	r0, r0, r0, lsl #8
87808c58:	80010000 	andhi	r0, r1, r0
	...
87808ca8:	00000400 	andeq	r0, r0, r0, lsl #8
87808cac:	00000400 	andeq	r0, r0, r0, lsl #8
87808cb0:	80ff0700 	rscshi	r0, pc, r0, lsl #14
87808cb4:	c0ff0f00 	rscsgt	r0, pc, r0, lsl #30
87808cb8:	60000000 	andvs	r0, r0, r0
87808cbc:	20000000 	andcs	r0, r0, r0
87808cc0:	20000000 	andcs	r0, r0, r0
87808cc4:	20000000 	andcs	r0, r0, r0
87808cc8:	20000000 	andcs	r0, r0, r0
87808ccc:	40000400 	andmi	r0, r0, r0, lsl #8
87808cd0:	80000400 	andhi	r0, r0, r0, lsl #8
87808cd4:	e0ff0700 	rscs	r0, pc, r0, lsl #14
87808cd8:	c0ff0f00 	rscsgt	r0, pc, r0, lsl #30
87808cdc:	40000000 	andmi	r0, r0, r0
87808ce0:	40000000 	andmi	r0, r0, r0
	...
87808d28:	00000400 	andeq	r0, r0, r0, lsl #8
87808d2c:	00000400 	andeq	r0, r0, r0, lsl #8
87808d30:	00800700 	addeq	r0, r0, r0, lsl #14
87808d34:	00f00700 	rscseq	r0, r0, r0, lsl #14
87808d38:	00fe0400 	rscseq	r0, lr, r0, lsl #8
87808d3c:	c01f0400 	andsgt	r0, pc, r0, lsl #8
87808d40:	e0030000 	and	r0, r3, r0
87808d44:	80030000 	andhi	r0, r3, r0
87808d48:	001c0000 	andseq	r0, ip, r0
87808d4c:	00600400 	rsbeq	r0, r0, r0, lsl #8
87808d50:	00800700 	addeq	r0, r0, r0, lsl #14
87808d54:	00000600 	andeq	r0, r0, r0, lsl #12
87808d58:	00000400 	andeq	r0, r0, r0, lsl #8
	...
87808da4:	00000400 	andeq	r0, r0, r0, lsl #8
87808da8:	00000600 	andeq	r0, r0, r0, lsl #12
87808dac:	00c00700 	sbceq	r0, r0, r0, lsl #14
87808db0:	00fc0700 	rscseq	r0, ip, r0, lsl #14
87808db4:	803f0400 	eorshi	r0, pc, r0, lsl #8
87808db8:	e0030000 	and	r0, r3, r0
87808dbc:	800f0400 	andhi	r0, pc, r0, lsl #8
87808dc0:	00f00600 	rscseq	r0, r0, r0, lsl #12
87808dc4:	00f00700 	rscseq	r0, r0, r0, lsl #14
87808dc8:	80ff0700 	rscshi	r0, pc, r0, lsl #14
87808dcc:	e00f0400 	and	r0, pc, r0, lsl #8
87808dd0:	80030000 	andhi	r0, r3, r0
87808dd4:	003c0400 	eorseq	r0, ip, r0, lsl #8
87808dd8:	00c00700 	sbceq	r0, r0, r0, lsl #14
87808ddc:	00000600 	andeq	r0, r0, r0, lsl #12
87808de0:	00000400 	andeq	r0, r0, r0, lsl #8
	...
87808e28:	20000000 	andcs	r0, r0, r0
87808e2c:	20000400 	andcs	r0, r0, r0, lsl #8
87808e30:	60000400 	andvs	r0, r0, r0, lsl #8
87808e34:	e0000700 	and	r0, r0, r0, lsl #14
87808e38:	20830700 	addcs	r0, r3, r0, lsl #14
87808e3c:	00e60700 	rsceq	r0, r6, r0, lsl #14
87808e40:	00f80400 	rscseq	r0, r8, r0, lsl #8
87808e44:	003c0000 	eorseq	r0, ip, r0
87808e48:	205e0400 	subscs	r0, lr, r0, lsl #8
87808e4c:	a0870500 	addge	r0, r7, r0, lsl #10
87808e50:	e0010600 	and	r0, r1, r0, lsl #12
87808e54:	60000400 	andvs	r0, r0, r0, lsl #8
87808e58:	20000400 	andcs	r0, r0, r0, lsl #8
87808e5c:	20000000 	andcs	r0, r0, r0
	...
87808ea8:	00000400 	andeq	r0, r0, r0, lsl #8
87808eac:	03000400 	movweq	r0, #1024	; 0x400
87808eb0:	03000700 	movweq	r0, #1792	; 0x700
87808eb4:	01e00700 	mvneq	r0, r0, lsl #14
87808eb8:	01f80400 	mvnseq	r0, r0, lsl #8
87808ebc:	021f0400 	andseq	r0, pc, #0, 8
87808ec0:	fc070000 	stc2	0, cr0, [r7], {-0}
87808ec4:	e0000000 	and	r0, r0, r0
87808ec8:	00070000 	andeq	r0, r7, r0
87808ecc:	00380400 	eorseq	r0, r8, r0, lsl #8
87808ed0:	00c00700 	sbceq	r0, r0, r0, lsl #14
87808ed4:	00000600 	andeq	r0, r0, r0, lsl #12
87808ed8:	00000400 	andeq	r0, r0, r0, lsl #8
87808edc:	00000400 	andeq	r0, r0, r0, lsl #8
	...
87808f2c:	60800700 	addvs	r0, r0, r0, lsl #14
87808f30:	e0000600 	and	r0, r0, r0, lsl #12
87808f34:	e0030400 	and	r0, r3, r0, lsl #8
87808f38:	a0070400 	andge	r0, r7, r0, lsl #8
87808f3c:	200e0400 	andcs	r0, lr, r0, lsl #8
87808f40:	203c0400 	eorscs	r0, ip, r0, lsl #8
87808f44:	20700400 	rsbscs	r0, r0, r0, lsl #8
87808f48:	20e00500 	rsccs	r0, r0, r0, lsl #10
87808f4c:	20800700 	addcs	r0, r0, r0, lsl #14
87808f50:	60000700 	andvs	r0, r0, r0, lsl #14
87808f54:	e0000400 	and	r0, r0, r0, lsl #8
87808f58:	80030000 	andhi	r0, r3, r0
	...
87808fc0:	00800000 	addeq	r0, r0, r0
87808fc4:	00800000 	addeq	r0, r0, r0
87808fc8:	00400100 	subeq	r0, r0, r0, lsl #2
87808fcc:	f83ffe07 			; <UNDEFINED> instruction: 0xf83ffe07
87808fd0:	04000008 	streq	r0, [r0], #-8
87808fd4:	02000010 	andeq	r0, r0, #16
87808fd8:	02000010 	andeq	r0, r0, #16
	...
87809044:	ffffffff 			; <UNDEFINED> instruction: 0xffffffff
	...
878090ac:	02000010 	andeq	r0, r0, #16
878090b0:	02000010 	andeq	r0, r0, #16
878090b4:	04000008 	streq	r0, [r0], #-8
878090b8:	f83ffe07 			; <UNDEFINED> instruction: 0xf83ffe07
878090bc:	00400100 	subeq	r0, r0, r0, lsl #2
878090c0:	00800000 	addeq	r0, r0, r0
878090c4:	00800000 	addeq	r0, r0, r0
	...
87809128:	00000018 	andeq	r0, r0, r8, lsl r0
8780912c:	00000030 	andeq	r0, r0, r0, lsr r0
87809130:	00000040 	andeq	r0, r0, r0, asr #32
87809134:	00000040 	andeq	r0, r0, r0, asr #32
87809138:	00000040 	andeq	r0, r0, r0, asr #32
8780913c:	00000020 	andeq	r0, r0, r0, lsr #32
87809140:	00000030 	andeq	r0, r0, r0, lsr r0
87809144:	00000008 	andeq	r0, r0, r8
87809148:	00000004 	andeq	r0, r0, r4
8780914c:	00000002 	andeq	r0, r0, r2
87809150:	00000002 	andeq	r0, r0, r2
87809154:	00000002 	andeq	r0, r0, r2
87809158:	0000000c 	andeq	r0, r0, ip
8780915c:	00000018 	andeq	r0, r0, r8, lsl r0
	...

878091a4 <.LANCHOR0>:
878091a4:	00000000 	andeq	r0, r0, r0
878091a8:	003b001f 	eorseq	r0, fp, pc, lsl r0
878091ac:	0078005a 	rsbseq	r0, r8, sl, asr r0
878091b0:	00b50097 	umlalseq	r0, r5, r7, r0
878091b4:	00f300d4 	ldrsbteq	r0, [r3], #4
878091b8:	01300111 	teqeq	r0, r1, lsl r1
878091bc:	0000014e 	andeq	r0, r0, lr, asr #2
878091c0:	1f1c1f00 	svcne	0x001c1f00
878091c4:	1f1e1f1e 	svcne	0x001e1f1e
878091c8:	1e1f1e1f 	mrcne	14, 0, r1, cr15, cr15, {0}
878091cc:	0000001f 	andeq	r0, r0, pc, lsl r0
878091d0:	32337061 	eorscc	r7, r3, #97	; 0x61
878091d4:	20633631 	rsbcs	r3, r3, r1, lsr r6
878091d8:	79737973 	ldmdbvc	r3!, {r0, r1, r4, r5, r6, r8, fp, ip, sp, lr}^
878091dc:	206d6574 	rsbcs	r6, sp, r4, ror r5
878091e0:	666e6f63 	strbtvs	r6, [lr], -r3, ror #30
878091e4:	72206769 	eorvc	r6, r0, #27525120	; 0x1a40000
878091e8:	253d6765 	ldrcs	r6, [sp, #-1893]!	; 0xfffff89b
878091ec:	0a0d7823 	beq	87b67280 <__bss_end+0x35d1d0>
878091f0:	00000000 	andeq	r0, r0, r0
878091f4:	326d6369 	rsbcc	r6, sp, #-1543503871	; 0xa4000001
878091f8:	38303630 	ldmdacc	r0!, {r4, r5, r9, sl, ip, sp}
878091fc:	20646920 	rsbcs	r6, r4, r0, lsr #18
87809200:	2325203d 			; <UNDEFINED> instruction: 0x2325203d
87809204:	000a0d58 	andeq	r0, sl, r8, asr sp
87809208:	324d4349 	subcc	r4, sp, #603979777	; 0x24000001
8780920c:	59475f30 	stmdbpl	r7, {r4, r5, r8, r9, sl, fp, ip, lr}^
87809210:	435f4f52 	cmpmi	pc, #328	; 0x148
87809214:	49464e4f 	stmdbmi	r6, {r0, r1, r2, r3, r6, r9, sl, fp, lr}^
87809218:	203d2047 	eorscs	r2, sp, r7, asr #32
8780921c:	0d582325 	ldcleq	3, cr2, [r8, #-148]	; 0xffffff6c
87809220:	0000000a 	andeq	r0, r0, sl

87809224 <digits.8944>:
87809224:	33323130 	teqcc	r2, #48, 2
87809228:	37363534 			; <UNDEFINED> instruction: 0x37363534
8780922c:	42413938 	submi	r3, r1, #56, 18	; 0xe0000
87809230:	46454443 	strbmi	r4, [r5], -r3, asr #8
87809234:	4c554e3c 	mrrcmi	14, 3, r4, r5, cr12
87809238:	00003e4c 	andeq	r3, r0, ip, asr #28

Disassembly of section .ARM.exidx:

8780923c <.ARM.exidx>:
8780923c:	7fffb2c0 	svcvc	0x00ffb2c0
87809240:	00000001 	andeq	r0, r0, r1

Disassembly of section .data:

87809244 <release.8799>:
87809244:	00000001 	andeq	r0, r0, r1

87809248 <_ctype>:
87809248:	08080808 	stmdaeq	r8, {r3, fp}
8780924c:	08080808 	stmdaeq	r8, {r3, fp}
87809250:	28282808 	stmdacs	r8!, {r3, fp, sp}
87809254:	08082828 	stmdaeq	r8, {r3, r5, fp, sp}
87809258:	08080808 	stmdaeq	r8, {r3, fp}
8780925c:	08080808 	stmdaeq	r8, {r3, fp}
87809260:	08080808 	stmdaeq	r8, {r3, fp}
87809264:	08080808 	stmdaeq	r8, {r3, fp}
87809268:	101010a0 	andsne	r1, r0, r0, lsr #1
8780926c:	10101010 	andsne	r1, r0, r0, lsl r0
87809270:	10101010 	andsne	r1, r0, r0, lsl r0
87809274:	10101010 	andsne	r1, r0, r0, lsl r0
87809278:	04040404 	streq	r0, [r4], #-1028	; 0xfffffbfc
8780927c:	04040404 	streq	r0, [r4], #-1028	; 0xfffffbfc
87809280:	10100404 	andsne	r0, r0, r4, lsl #8
87809284:	10101010 	andsne	r1, r0, r0, lsl r0
87809288:	41414110 	cmpmi	r1, r0, lsl r1
8780928c:	01414141 	cmpeq	r1, r1, asr #2
87809290:	01010101 	tsteq	r1, r1, lsl #2
87809294:	01010101 	tsteq	r1, r1, lsl #2
87809298:	01010101 	tsteq	r1, r1, lsl #2
8780929c:	01010101 	tsteq	r1, r1, lsl #2
878092a0:	10010101 	andne	r0, r1, r1, lsl #2
878092a4:	10101010 	andsne	r1, r0, r0, lsl r0
878092a8:	42424210 	submi	r4, r2, #16, 4
878092ac:	02424242 	subeq	r4, r2, #536870916	; 0x20000004
878092b0:	02020202 	andeq	r0, r2, #536870912	; 0x20000000
878092b4:	02020202 	andeq	r0, r2, #536870912	; 0x20000000
878092b8:	02020202 	andeq	r0, r2, #536870912	; 0x20000000
878092bc:	02020202 	andeq	r0, r2, #536870912	; 0x20000000
878092c0:	10020202 	andne	r0, r2, r2, lsl #4
878092c4:	08101010 	ldmdaeq	r0, {r4, ip}
	...
878092e8:	101010a0 	andsne	r1, r0, r0, lsr #1
878092ec:	10101010 	andsne	r1, r0, r0, lsl r0
878092f0:	10101010 	andsne	r1, r0, r0, lsl r0
878092f4:	10101010 	andsne	r1, r0, r0, lsl r0
878092f8:	10101010 	andsne	r1, r0, r0, lsl r0
878092fc:	10101010 	andsne	r1, r0, r0, lsl r0
87809300:	10101010 	andsne	r1, r0, r0, lsl r0
87809304:	10101010 	andsne	r1, r0, r0, lsl r0
87809308:	01010101 	tsteq	r1, r1, lsl #2
8780930c:	01010101 	tsteq	r1, r1, lsl #2
87809310:	01010101 	tsteq	r1, r1, lsl #2
87809314:	01010101 	tsteq	r1, r1, lsl #2
87809318:	01010101 	tsteq	r1, r1, lsl #2
8780931c:	10010101 	andne	r0, r1, r1, lsl #2
87809320:	01010101 	tsteq	r1, r1, lsl #2
87809324:	02010101 	andeq	r0, r1, #1073741824	; 0x40000000
87809328:	02020202 	andeq	r0, r2, #536870912	; 0x20000000
8780932c:	02020202 	andeq	r0, r2, #536870912	; 0x20000000
87809330:	02020202 	andeq	r0, r2, #536870912	; 0x20000000
87809334:	02020202 	andeq	r0, r2, #536870912	; 0x20000000
87809338:	02020202 	andeq	r0, r2, #536870912	; 0x20000000
8780933c:	10020202 	andne	r0, r2, r2, lsl #4
87809340:	02020202 	andeq	r0, r2, #536870912	; 0x20000000
87809344:	02020202 	andeq	r0, r2, #536870912	; 0x20000000

Disassembly of section .bss:

87809348 <irqNesting>:
87809348:	00000000 	andeq	r0, r0, r0

8780934c <irqTable>:
	...

8780984c <state.8813>:
	...

8780984d <state.8768>:
	...

8780984e <state.8818>:
	...

87809850 <g_pcOutBuf>:
	...

87809c50 <g_pcInBuf>:
	...

8780a050 <icm20608_dev>:
	...

8780a088 <tftlcd_dev>:
	...

8780a0ac <___strtok>:
8780a0ac:	00000000 	andeq	r0, r0, r0

Disassembly of section .ARM.attributes:

00000000 <.ARM.attributes>:
   0:	00003041 	andeq	r3, r0, r1, asr #32
   4:	61656100 	cmnvs	r5, r0, lsl #2
   8:	01006962 	tsteq	r0, r2, ror #18
   c:	00000026 	andeq	r0, r0, r6, lsr #32
  10:	412d3705 			; <UNDEFINED> instruction: 0x412d3705
  14:	070a0600 	streq	r0, [sl, -r0, lsl #12]
  18:	09010841 	stmdbeq	r1, {r0, r6, fp}
  1c:	0c050a02 			; <UNDEFINED> instruction: 0x0c050a02
  20:	14041202 	strne	r1, [r4], #-514	; 0xfffffdfe
  24:	17011501 	strne	r1, [r1, -r1, lsl #10]
  28:	1a011803 	bne	4603c <shift+0x4603c>
  2c:	22011c02 	andcs	r1, r1, #512	; 0x200
  30:	地址 0x0000000000000030 越界。


Disassembly of section .comment:

00000000 <.comment>:
   0:	3a434347 	bcc	10d0d24 <shift+0x10d0d24>
   4:	694c2820 	stmdbvs	ip, {r5, fp, sp}^
   8:	6f72616e 	svcvs	0x0072616e
   c:	43434720 	movtmi	r4, #14112	; 0x3720
  10:	352e3720 	strcc	r3, [lr, #-1824]!	; 0xfffff8e0
  14:	3130322d 	teqcc	r0, sp, lsr #4
  18:	32312e39 	eorscc	r2, r1, #912	; 0x390
  1c:	2e372029 	cdpcs	0, 3, cr2, cr7, cr9, {1}
  20:	00302e35 	eorseq	r2, r0, r5, lsr lr

Disassembly of section .debug_frame:

00000000 <.debug_frame>:
   0:	0000000c 	andeq	r0, r0, ip
   4:	ffffffff 			; <UNDEFINED> instruction: 0xffffffff
   8:	7c010001 	stcvc	0, cr0, [r1], {1}
   c:	000d0c0e 	andeq	r0, sp, lr, lsl #24
  10:	0000000c 	andeq	r0, r0, ip
  14:	00000000 	andeq	r0, r0, r0
  18:	878041a9 	strhi	r4, [r0, r9, lsr #3]
  1c:	0000025c 	andeq	r0, r0, ip, asr r2
  20:	0000000c 	andeq	r0, r0, ip
  24:	ffffffff 			; <UNDEFINED> instruction: 0xffffffff
  28:	7c020001 	stcvc	0, cr0, [r2], {1}
  2c:	000d0c0e 	andeq	r0, sp, lr, lsl #24
  30:	00000030 	andeq	r0, r0, r0, lsr r0
  34:	00000020 	andeq	r0, r0, r0, lsr #32
  38:	87804420 	strhi	r4, [r0, r0, lsr #8]
  3c:	000000a0 	andeq	r0, r0, r0, lsr #1
  40:	8e100e55 	mrchi	14, 0, r0, cr0, cr5, {2}
  44:	450a4603 	strmi	r4, [sl, #-1539]	; 0xfffff9fd
  48:	41100ece 	tstmi	r0, lr, asr #29
  4c:	450a470b 	strmi	r4, [sl, #-1803]	; 0xfffff8f5
  50:	47100ece 	ldrmi	r0, [r0, -lr, asr #29]
  54:	450a450b 	strmi	r4, [sl, #-1291]	; 0xfffffaf5
  58:	44100ece 	ldrmi	r0, [r0], #-3790	; 0xfffff132
  5c:	0ece4a0b 	vdiveq.f32	s9, s28, s22
  60:	00000010 	andeq	r0, r0, r0, lsl r0
  64:	0000000c 	andeq	r0, r0, ip
  68:	ffffffff 			; <UNDEFINED> instruction: 0xffffffff
  6c:	7c020001 	stcvc	0, cr0, [r2], {1}
  70:	000d0c0e 	andeq	r0, sp, lr, lsl #24
  74:	00000018 	andeq	r0, r0, r8, lsl r0
  78:	00000064 	andeq	r0, r0, r4, rrx
  7c:	878044c0 	strhi	r4, [r0, r0, asr #9]
  80:	00000030 	andeq	r0, r0, r0, lsr r0
  84:	8e100e50 	mrchi	14, 0, r0, cr0, cr0, {2}
  88:	0ece4703 	cdpeq	7, 12, cr4, cr14, cr3, {0}
  8c:	00000010 	andeq	r0, r0, r0, lsl r0
  90:	0000000c 	andeq	r0, r0, ip
  94:	ffffffff 			; <UNDEFINED> instruction: 0xffffffff
  98:	7c010001 	stcvc	0, cr0, [r1], {1}
  9c:	000d0c0e 	andeq	r0, sp, lr, lsl #24
  a0:	00000014 	andeq	r0, r0, r4, lsl r0
  a4:	00000090 	muleq	r0, r0, r0
  a8:	878044f1 			; <UNDEFINED> instruction: 0x878044f1
  ac:	0000000c 	andeq	r0, r0, ip
  b0:	0e018e42 	cdpeq	14, 0, cr8, cr1, cr2, {2}
  b4:	00000008 	andeq	r0, r0, r8
  b8:	0000000c 	andeq	r0, r0, ip
  bc:	ffffffff 			; <UNDEFINED> instruction: 0xffffffff
  c0:	7c020001 	stcvc	0, cr0, [r2], {1}
  c4:	000d0c0e 	andeq	r0, sp, lr, lsl #24
  c8:	00000024 	andeq	r0, r0, r4, lsr #32
  cc:	000000b8 	strheq	r0, [r0], -r8
  d0:	878044fc 			; <UNDEFINED> instruction: 0x878044fc
  d4:	00000116 	andeq	r0, r0, r6, lsl r1
  d8:	84240e43 	strthi	r0, [r4], #-3651	; 0xfffff1bd
  dc:	86088509 	strhi	r8, [r8], -r9, lsl #10
  e0:	88068707 	stmdahi	r6, {r0, r1, r2, r8, r9, sl, pc}
  e4:	8a048905 	bhi	122500 <shift+0x122500>
  e8:	8e028b03 	vmlahi.f64	d8, d2, d3
  ec:	00000001 	andeq	r0, r0, r1

Disassembly of section .debug_line:

00000000 <.debug_line>:
   0:	000000c2 	andeq	r0, r0, r2, asr #1
   4:	008d0002 	addeq	r0, sp, r2
   8:	01020000 	mrseq	r0, (UNDEF: 2)
   c:	000d0efb 	strdeq	r0, [sp], -fp
  10:	01010101 	tsteq	r1, r1, lsl #2
  14:	01000000 	mrseq	r0, (UNDEF: 0)
  18:	2f010000 	svccs	0x00010000
  1c:	656d6f68 	strbvs	r6, [sp, #-3944]!	; 0xfffff098
  20:	7763742f 	strbvc	r7, [r3, -pc, lsr #8]!
  24:	75622d67 	strbvc	r2, [r2, #-3431]!	; 0xfffff299
  28:	73646c69 	cmnvc	r4, #26880	; 0x6900
  2c:	6576616c 	ldrbvs	r6, [r6, #-364]!	; 0xfffffe94
  30:	726f772f 	rsbvc	r7, pc, #12320768	; 0xbc0000
  34:	6170736b 	cmnvs	r0, fp, ror #6
  38:	742f6563 	strtvc	r6, [pc], #-1379	; 40 <shift+0x40>
  3c:	2d677763 	stclcs	7, cr7, [r7, #-396]!	; 0xfffffe74
  40:	656b616d 	strbvs	r6, [fp, #-365]!	; 0xfffffe93
  44:	6c65722d 	sfmvs	f7, 2, [r5], #-180	; 0xffffff4c
  48:	65736165 	ldrbvs	r6, [r3, #-357]!	; 0xfffffe9b
  4c:	732f315f 			; <UNDEFINED> instruction: 0x732f315f
  50:	7370616e 	cmnvc	r0, #-2147483621	; 0x8000001b
  54:	73746f68 	cmnvc	r4, #104, 30	; 0x1a0
  58:	6363672f 	cmnvs	r3, #12320768	; 0xbc0000
  5c:	7469672e 	strbtvc	r6, [r9], #-1838	; 0xfffff8d2
  60:	6e696c7e 	mcrvs	12, 3, r6, cr9, cr14, {3}
  64:	2d6f7261 	sfmcs	f7, 2, [pc, #-388]!	; fffffee8 <__bss_end+0x787f5e38>
  68:	2d352e37 	ldccs	14, cr2, [r5, #-220]!	; 0xffffff24
  6c:	39313032 	ldmdbcc	r1!, {r1, r4, r5, ip, sp}
  70:	2f32312e 	svccs	0x0032312e
  74:	6762696c 	strbvs	r6, [r2, -ip, ror #18]!
  78:	632f6363 			; <UNDEFINED> instruction: 0x632f6363
  7c:	69666e6f 	stmdbvs	r6!, {r0, r1, r2, r3, r5, r6, r9, sl, fp, sp, lr}^
  80:	72612f67 	rsbvc	r2, r1, #412	; 0x19c
  84:	6c00006d 	stcvs	0, cr0, [r0], {109}	; 0x6d
  88:	66316269 	ldrtvs	r6, [r1], -r9, ror #4
  8c:	73636e75 	cmnvc	r3, #1872	; 0x750
  90:	0100532e 	tsteq	r0, lr, lsr #6
  94:	00000000 	andeq	r0, r0, r0
  98:	41a80205 			; <UNDEFINED> instruction: 0x41a80205
  9c:	fd038780 	stc2	7, cr8, [r3, #-512]	; 0xfffffe00
  a0:	21210108 			; <UNDEFINED> instruction: 0x21210108
  a4:	2f212f21 	svccs	0x00212f21
  a8:	91023021 	tstls	r2, r1, lsr #32
  ac:	22211402 	eorcs	r1, r1, #33554432	; 0x2000000
  b0:	22212121 	eorcs	r2, r1, #1073741832	; 0x40000008
  b4:	03242f4c 			; <UNDEFINED> instruction: 0x03242f4c
  b8:	2121581f 			; <UNDEFINED> instruction: 0x2121581f
  bc:	2f2f2f2f 	svccs	0x002f2f2f
  c0:	0001022f 	andeq	r0, r1, pc, lsr #4
  c4:	00c10101 	sbceq	r0, r1, r1, lsl #2
  c8:	00020000 	andeq	r0, r2, r0
  cc:	00000089 	andeq	r0, r0, r9, lsl #1
  d0:	0efb0102 	cdpeq	1, 15, cr0, cr11, cr2, {0}
  d4:	0101000d 	tsteq	r1, sp
  d8:	00000101 	andeq	r0, r0, r1, lsl #2
  dc:	00000100 	andeq	r0, r0, r0, lsl #2
  e0:	6f682f01 	svcvs	0x00682f01
  e4:	742f656d 	strtvc	r6, [pc], #-1389	; ec <shift+0xec>
  e8:	2d677763 	stclcs	7, cr7, [r7, #-396]!	; 0xfffffe74
  ec:	6c697562 	cfstr64vs	mvdx7, [r9], #-392	; 0xfffffe78
  f0:	616c7364 	cmnvs	ip, r4, ror #6
  f4:	772f6576 			; <UNDEFINED> instruction: 0x772f6576
  f8:	736b726f 	cmnvc	fp, #-268435450	; 0xf0000006
  fc:	65636170 	strbvs	r6, [r3, #-368]!	; 0xfffffe90
 100:	7763742f 	strbvc	r7, [r3, -pc, lsr #8]!
 104:	616d2d67 	cmnvs	sp, r7, ror #26
 108:	722d656b 	eorvc	r6, sp, #448790528	; 0x1ac00000
 10c:	61656c65 	cmnvs	r5, r5, ror #24
 110:	315f6573 	cmpcc	pc, r3, ror r5	; <UNPREDICTABLE>
 114:	616e732f 	cmnvs	lr, pc, lsr #6
 118:	6f687370 	svcvs	0x00687370
 11c:	672f7374 			; <UNDEFINED> instruction: 0x672f7374
 120:	672e6363 	strvs	r6, [lr, -r3, ror #6]!
 124:	6c7e7469 	cfldrdvs	mvd7, [lr], #-420	; 0xfffffe5c
 128:	72616e69 	rsbvc	r6, r1, #1680	; 0x690
 12c:	2e372d6f 	cdpcs	13, 3, cr2, cr7, cr15, {3}
 130:	30322d35 	eorscc	r2, r2, r5, lsr sp
 134:	312e3931 			; <UNDEFINED> instruction: 0x312e3931
 138:	696c2f32 	stmdbvs	ip!, {r1, r4, r5, r8, r9, sl, fp, sp}^
 13c:	63636762 	cmnvs	r3, #25690112	; 0x1880000
 140:	6e6f632f 	cdpvs	3, 6, cr6, cr15, cr15, {1}
 144:	2f676966 	svccs	0x00676966
 148:	006d7261 	rsbeq	r7, sp, r1, ror #4
 14c:	61706200 	cmnvs	r0, r0, lsl #4
 150:	532e6962 			; <UNDEFINED> instruction: 0x532e6962
 154:	00000100 	andeq	r0, r0, r0, lsl #2
 158:	02050000 	andeq	r0, r5, #0
 15c:	87804420 	strhi	r4, [r0, r0, lsr #8]
 160:	0101b903 	tsteq	r1, r3, lsl #18
 164:	214b1408 	cmpcs	fp, r8, lsl #8
 168:	30222121 	eorcc	r2, r2, r1, lsr #2
 16c:	2f212459 	svccs	0x00212459
 170:	59302221 	ldmdbpl	r0!, {r0, r5, r9, sp}
 174:	2f212f21 	svccs	0x00212f21
 178:	30302124 	eorscc	r2, r0, r4, lsr #2
 17c:	242f2159 	strtcs	r2, [pc], #-345	; 184 <shift+0x184>
 180:	592f3021 	stmdbpl	pc!, {r0, r5, ip, sp}	; <UNPREDICTABLE>
 184:	01022f21 	tsteq	r2, r1, lsr #30
 188:	a3010100 	movwge	r0, #4352	; 0x1100
 18c:	02000000 	andeq	r0, r0, #0
 190:	00008900 	andeq	r8, r0, r0, lsl #18
 194:	fb010200 	blx	4099e <shift+0x4099e>
 198:	01000d0e 	tsteq	r0, lr, lsl #26
 19c:	00010101 	andeq	r0, r1, r1, lsl #2
 1a0:	00010000 	andeq	r0, r1, r0
 1a4:	682f0100 	stmdavs	pc!, {r8}	; <UNPREDICTABLE>
 1a8:	2f656d6f 	svccs	0x00656d6f
 1ac:	67776374 			; <UNDEFINED> instruction: 0x67776374
 1b0:	6975622d 	ldmdbvs	r5!, {r0, r2, r3, r5, r9, sp, lr}^
 1b4:	6c73646c 	cfldrdvs	mvd6, [r3], #-432	; 0xfffffe50
 1b8:	2f657661 	svccs	0x00657661
 1bc:	6b726f77 	blvs	1c9bfa0 <shift+0x1c9bfa0>
 1c0:	63617073 	cmnvs	r1, #115	; 0x73
 1c4:	63742f65 	cmnvs	r4, #404	; 0x194
 1c8:	6d2d6777 	stcvs	7, cr6, [sp, #-476]!	; 0xfffffe24
 1cc:	2d656b61 	fstmdbxcs	r5!, {d22-d69}	;@ Deprecated
 1d0:	656c6572 	strbvs	r6, [ip, #-1394]!	; 0xfffffa8e
 1d4:	5f657361 	svcpl	0x00657361
 1d8:	6e732f31 	mrcvs	15, 3, r2, cr3, cr1, {1}
 1dc:	68737061 	ldmdavs	r3!, {r0, r5, r6, ip, sp, lr}^
 1e0:	2f73746f 	svccs	0x0073746f
 1e4:	2e636367 	cdpcs	3, 6, cr6, cr3, cr7, {3}
 1e8:	7e746967 	vsubvc.f16	s13, s8, s15	; <UNPREDICTABLE>
 1ec:	616e696c 	cmnvs	lr, ip, ror #18
 1f0:	372d6f72 			; <UNDEFINED> instruction: 0x372d6f72
 1f4:	322d352e 	eorcc	r3, sp, #192937984	; 0xb800000
 1f8:	2e393130 	mrccs	1, 1, r3, cr9, cr0, {1}
 1fc:	6c2f3231 	sfmvs	f3, 4, [pc], #-196	; 140 <shift+0x140>
 200:	63676269 	cmnvs	r7, #-1879048186	; 0x90000006
 204:	6f632f63 	svcvs	0x00632f63
 208:	6769666e 	strbvs	r6, [r9, -lr, ror #12]!
 20c:	6d72612f 	ldfvse	f6, [r2, #-188]!	; 0xffffff44
 210:	70620000 	rsbvc	r0, r2, r0
 214:	2e696261 	cdpcs	2, 6, cr6, cr9, cr1, {3}
 218:	00010053 	andeq	r0, r1, r3, asr r0
 21c:	05000000 	streq	r0, [r0, #-0]
 220:	8044c002 	subhi	ip, r4, r2
 224:	01fd0387 	mvnseq	r0, r7, lsl #7
 228:	2f4cbc01 	svccs	0x004cbc01
 22c:	00010259 	andeq	r0, r1, r9, asr r2
 230:	00a80101 	adceq	r0, r8, r1, lsl #2
 234:	00020000 	andeq	r0, r2, r0
 238:	0000008d 	andeq	r0, r0, sp, lsl #1
 23c:	0efb0102 	cdpeq	1, 15, cr0, cr11, cr2, {0}
 240:	0101000d 	tsteq	r1, sp
 244:	00000101 	andeq	r0, r0, r1, lsl #2
 248:	00000100 	andeq	r0, r0, r0, lsl #2
 24c:	6f682f01 	svcvs	0x00682f01
 250:	742f656d 	strtvc	r6, [pc], #-1389	; 258 <shift+0x258>
 254:	2d677763 	stclcs	7, cr7, [r7, #-396]!	; 0xfffffe74
 258:	6c697562 	cfstr64vs	mvdx7, [r9], #-392	; 0xfffffe78
 25c:	616c7364 	cmnvs	ip, r4, ror #6
 260:	772f6576 			; <UNDEFINED> instruction: 0x772f6576
 264:	736b726f 	cmnvc	fp, #-268435450	; 0xf0000006
 268:	65636170 	strbvs	r6, [r3, #-368]!	; 0xfffffe90
 26c:	7763742f 	strbvc	r7, [r3, -pc, lsr #8]!
 270:	616d2d67 	cmnvs	sp, r7, ror #26
 274:	722d656b 	eorvc	r6, sp, #448790528	; 0x1ac00000
 278:	61656c65 	cmnvs	r5, r5, ror #24
 27c:	315f6573 	cmpcc	pc, r3, ror r5	; <UNPREDICTABLE>
 280:	616e732f 	cmnvs	lr, pc, lsr #6
 284:	6f687370 	svcvs	0x00687370
 288:	672f7374 			; <UNDEFINED> instruction: 0x672f7374
 28c:	672e6363 	strvs	r6, [lr, -r3, ror #6]!
 290:	6c7e7469 	cfldrdvs	mvd7, [lr], #-420	; 0xfffffe5c
 294:	72616e69 	rsbvc	r6, r1, #1680	; 0x690
 298:	2e372d6f 	cdpcs	13, 3, cr2, cr7, cr15, {3}
 29c:	30322d35 	eorscc	r2, r2, r5, lsr sp
 2a0:	312e3931 			; <UNDEFINED> instruction: 0x312e3931
 2a4:	696c2f32 	stmdbvs	ip!, {r1, r4, r5, r8, r9, sl, fp, sp}^
 2a8:	63636762 	cmnvs	r3, #25690112	; 0x1880000
 2ac:	6e6f632f 	cdpvs	3, 6, cr6, cr15, cr15, {1}
 2b0:	2f676966 	svccs	0x00676966
 2b4:	006d7261 	rsbeq	r7, sp, r1, ror #4
 2b8:	62696c00 	rsbvs	r6, r9, #0, 24
 2bc:	6e756631 	mrcvs	6, 3, r6, cr5, cr1, {1}
 2c0:	532e7363 			; <UNDEFINED> instruction: 0x532e7363
 2c4:	00000100 	andeq	r0, r0, r0, lsl #2
 2c8:	02050000 	andeq	r0, r5, #0
 2cc:	878044f0 			; <UNDEFINED> instruction: 0x878044f0
 2d0:	010bfe03 	tsteq	fp, r3, lsl #28	; <UNPREDICTABLE>
 2d4:	2f200903 	svccs	0x00200903
 2d8:	0001022f 	andeq	r0, r1, pc, lsr #4
 2dc:	03df0101 	bicseq	r0, pc, #1073741824	; 0x40000000
 2e0:	00020000 	andeq	r0, r2, r0
 2e4:	0000038f 	andeq	r0, r0, pc, lsl #7
 2e8:	0efb0102 	cdpeq	1, 15, cr0, cr11, cr2, {0}
 2ec:	0101000d 	tsteq	r1, sp
 2f0:	00000101 	andeq	r0, r0, r1, lsl #2
 2f4:	00000100 	andeq	r0, r0, r0, lsl #2
 2f8:	6f682f01 	svcvs	0x00682f01
 2fc:	742f656d 	strtvc	r6, [pc], #-1389	; 304 <shift+0x304>
 300:	2d677763 	stclcs	7, cr7, [r7, #-396]!	; 0xfffffe74
 304:	6c697562 	cfstr64vs	mvdx7, [r9], #-392	; 0xfffffe78
 308:	616c7364 	cmnvs	ip, r4, ror #6
 30c:	772f6576 			; <UNDEFINED> instruction: 0x772f6576
 310:	736b726f 	cmnvc	fp, #-268435450	; 0xf0000006
 314:	65636170 	strbvs	r6, [r3, #-368]!	; 0xfffffe90
 318:	7763742f 	strbvc	r7, [r3, -pc, lsr #8]!
 31c:	616d2d67 	cmnvs	sp, r7, ror #26
 320:	722d656b 	eorvc	r6, sp, #448790528	; 0x1ac00000
 324:	61656c65 	cmnvs	r5, r5, ror #24
 328:	315f6573 	cmpcc	pc, r3, ror r5	; <UNPREDICTABLE>
 32c:	616e732f 	cmnvs	lr, pc, lsr #6
 330:	6f687370 	svcvs	0x00687370
 334:	672f7374 			; <UNDEFINED> instruction: 0x672f7374
 338:	672e6363 	strvs	r6, [lr, -r3, ror #6]!
 33c:	6c7e7469 	cfldrdvs	mvd7, [lr], #-420	; 0xfffffe5c
 340:	72616e69 	rsbvc	r6, r1, #1680	; 0x690
 344:	2e372d6f 	cdpcs	13, 3, cr2, cr7, cr15, {3}
 348:	30322d35 	eorscc	r2, r2, r5, lsr sp
 34c:	312e3931 			; <UNDEFINED> instruction: 0x312e3931
 350:	696c2f32 	stmdbvs	ip!, {r1, r4, r5, r8, r9, sl, fp, sp}^
 354:	63636762 	cmnvs	r3, #25690112	; 0x1880000
 358:	6f682f00 	svcvs	0x00682f00
 35c:	742f656d 	strtvc	r6, [pc], #-1389	; 364 <shift+0x364>
 360:	2d677763 	stclcs	7, cr7, [r7, #-396]!	; 0xfffffe74
 364:	6c697562 	cfstr64vs	mvdx7, [r9], #-392	; 0xfffffe78
 368:	616c7364 	cmnvs	ip, r4, ror #6
 36c:	772f6576 			; <UNDEFINED> instruction: 0x772f6576
 370:	736b726f 	cmnvc	fp, #-268435450	; 0xf0000006
 374:	65636170 	strbvs	r6, [r3, #-368]!	; 0xfffffe90
 378:	7763742f 	strbvc	r7, [r3, -pc, lsr #8]!
 37c:	616d2d67 	cmnvs	sp, r7, ror #26
 380:	722d656b 	eorvc	r6, sp, #448790528	; 0x1ac00000
 384:	61656c65 	cmnvs	r5, r5, ror #24
 388:	315f6573 	cmpcc	pc, r3, ror r5	; <UNPREDICTABLE>
 38c:	75625f2f 	strbvc	r5, [r2, #-3887]!	; 0xfffff0d1
 390:	2f646c69 	svccs	0x00646c69
 394:	6c697562 	cfstr64vs	mvdx7, [r9], #-392	; 0xfffffe78
 398:	782f7364 	stmdavc	pc!, {r2, r5, r6, r8, r9, ip, sp, lr}	; <UNPREDICTABLE>
 39c:	365f3638 			; <UNDEFINED> instruction: 0x365f3638
 3a0:	6e752d34 	mrcvs	13, 3, r2, cr5, cr4, {1}
 3a4:	776f6e6b 	strbvc	r6, [pc, -fp, ror #28]!
 3a8:	696c2d6e 	stmdbvs	ip!, {r1, r2, r3, r5, r6, r8, sl, fp, sp}^
 3ac:	2d78756e 	cfldr64cs	mvdx7, [r8, #-440]!	; 0xfffffe48
 3b0:	2f756e67 	svccs	0x00756e67
 3b4:	2d6d7261 	sfmcs	f7, 2, [sp, #-388]!	; 0xfffffe7c
 3b8:	756e696c 	strbvc	r6, [lr, #-2412]!	; 0xfffff694
 3bc:	6e672d78 	mcrvs	13, 3, r2, cr7, cr8, {3}
 3c0:	62616575 	rsbvs	r6, r1, #490733568	; 0x1d400000
 3c4:	2f666869 	svccs	0x00666869
 3c8:	2e636367 	cdpcs	3, 6, cr6, cr3, cr7, {3}
 3cc:	7e746967 	vsubvc.f16	s13, s8, s15	; <UNPREDICTABLE>
 3d0:	616e696c 	cmnvs	lr, ip, ror #18
 3d4:	372d6f72 			; <UNDEFINED> instruction: 0x372d6f72
 3d8:	322d352e 	eorcc	r3, sp, #192937984	; 0xb800000
 3dc:	2e393130 	mrccs	1, 1, r3, cr9, cr0, {1}
 3e0:	732d3231 			; <UNDEFINED> instruction: 0x732d3231
 3e4:	65676174 	strbvs	r6, [r7, #-372]!	; 0xfffffe8c
 3e8:	63672f32 	cmnvs	r7, #50, 30	; 0xc8
 3ec:	6e692f63 	cdpvs	15, 6, cr2, cr9, cr3, {3}
 3f0:	64756c63 	ldrbtvs	r6, [r5], #-3171	; 0xfffff39d
 3f4:	682f0065 	stmdavs	pc!, {r0, r2, r5, r6}	; <UNPREDICTABLE>
 3f8:	2f656d6f 	svccs	0x00656d6f
 3fc:	67776374 			; <UNDEFINED> instruction: 0x67776374
 400:	6975622d 	ldmdbvs	r5!, {r0, r2, r3, r5, r9, sp, lr}^
 404:	6c73646c 	cfldrdvs	mvd6, [r3], #-432	; 0xfffffe50
 408:	2f657661 	svccs	0x00657661
 40c:	6b726f77 	blvs	1c9c1f0 <shift+0x1c9c1f0>
 410:	63617073 	cmnvs	r1, #115	; 0x73
 414:	63742f65 	cmnvs	r4, #404	; 0x194
 418:	6d2d6777 	stcvs	7, cr6, [sp, #-476]!	; 0xfffffe24
 41c:	2d656b61 	fstmdbxcs	r5!, {d22-d69}	;@ Deprecated
 420:	656c6572 	strbvs	r6, [ip, #-1394]!	; 0xfffffa8e
 424:	5f657361 	svcpl	0x00657361
 428:	625f2f31 	subsvs	r2, pc, #49, 30	; 0xc4
 42c:	646c6975 	strbtvs	r6, [ip], #-2421	; 0xfffff68b
 430:	7379732f 	cmnvc	r9, #-1140850688	; 0xbc000000
 434:	746f6f72 	strbtvc	r6, [pc], #-3954	; 43c <shift+0x43c>
 438:	72612f73 	rsbvc	r2, r1, #460	; 0x1cc
 43c:	696c2d6d 	stmdbvs	ip!, {r0, r2, r3, r5, r6, r8, sl, fp, sp}^
 440:	2d78756e 	cfldr64cs	mvdx7, [r8, #-440]!	; 0xfffffe48
 444:	65756e67 	ldrbvs	r6, [r5, #-3687]!	; 0xfffff199
 448:	68696261 	stmdavs	r9!, {r0, r5, r6, r9, sp, lr}^
 44c:	73752f66 	cmnvc	r5, #408	; 0x198
 450:	6e692f72 	mcrvs	15, 3, r2, cr9, cr2, {3}
 454:	64756c63 	ldrbtvs	r6, [r5], #-3171	; 0xfffff39d
 458:	69622f65 	stmdbvs	r2!, {r0, r2, r5, r6, r8, r9, sl, fp, sp}^
 45c:	2f007374 	svccs	0x00007374
 460:	656d6f68 	strbvs	r6, [sp, #-3944]!	; 0xfffff098
 464:	7763742f 	strbvc	r7, [r3, -pc, lsr #8]!
 468:	75622d67 	strbvc	r2, [r2, #-3431]!	; 0xfffff299
 46c:	73646c69 	cmnvc	r4, #26880	; 0x6900
 470:	6576616c 	ldrbvs	r6, [r6, #-364]!	; 0xfffffe94
 474:	726f772f 	rsbvc	r7, pc, #12320768	; 0xbc0000
 478:	6170736b 	cmnvs	r0, fp, ror #6
 47c:	742f6563 	strtvc	r6, [pc], #-1379	; 484 <shift+0x484>
 480:	2d677763 	stclcs	7, cr7, [r7, #-396]!	; 0xfffffe74
 484:	656b616d 	strbvs	r6, [fp, #-365]!	; 0xfffffe93
 488:	6c65722d 	sfmvs	f7, 2, [r5], #-180	; 0xffffff4c
 48c:	65736165 	ldrbvs	r6, [r3, #-357]!	; 0xfffffe9b
 490:	5f2f315f 	svcpl	0x002f315f
 494:	6c697562 	cfstr64vs	mvdx7, [r9], #-392	; 0xfffffe78
 498:	79732f64 	ldmdbvc	r3!, {r2, r5, r6, r8, r9, sl, fp, sp}^
 49c:	6f6f7273 	svcvs	0x006f7273
 4a0:	612f7374 			; <UNDEFINED> instruction: 0x612f7374
 4a4:	6c2d6d72 	stcvs	13, cr6, [sp], #-456	; 0xfffffe38
 4a8:	78756e69 	ldmdavc	r5!, {r0, r3, r5, r6, r9, sl, fp, sp, lr}^
 4ac:	756e672d 	strbvc	r6, [lr, #-1837]!	; 0xfffff8d3
 4b0:	69626165 	stmdbvs	r2!, {r0, r2, r5, r6, r8, sp, lr}^
 4b4:	752f6668 	strvc	r6, [pc, #-1640]!	; fffffe54 <__bss_end+0x787f5da4>
 4b8:	692f7273 	stmdbvs	pc!, {r0, r1, r4, r5, r6, r9, ip, sp, lr}	; <UNPREDICTABLE>
 4bc:	756c636e 	strbvc	r6, [ip, #-878]!	; 0xfffffc92
 4c0:	2f006564 	svccs	0x00006564
 4c4:	656d6f68 	strbvs	r6, [sp, #-3944]!	; 0xfffff098
 4c8:	7763742f 	strbvc	r7, [r3, -pc, lsr #8]!
 4cc:	75622d67 	strbvc	r2, [r2, #-3431]!	; 0xfffff299
 4d0:	73646c69 	cmnvc	r4, #26880	; 0x6900
 4d4:	6576616c 	ldrbvs	r6, [r6, #-364]!	; 0xfffffe94
 4d8:	726f772f 	rsbvc	r7, pc, #12320768	; 0xbc0000
 4dc:	6170736b 	cmnvs	r0, fp, ror #6
 4e0:	742f6563 	strtvc	r6, [pc], #-1379	; 4e8 <shift+0x4e8>
 4e4:	2d677763 	stclcs	7, cr7, [r7, #-396]!	; 0xfffffe74
 4e8:	656b616d 	strbvs	r6, [fp, #-365]!	; 0xfffffe93
 4ec:	6c65722d 	sfmvs	f7, 2, [r5], #-180	; 0xffffff4c
 4f0:	65736165 	ldrbvs	r6, [r3, #-357]!	; 0xfffffe9b
 4f4:	732f315f 			; <UNDEFINED> instruction: 0x732f315f
 4f8:	7370616e 	cmnvc	r0, #-2147483621	; 0x8000001b
 4fc:	73746f68 	cmnvc	r4, #104, 30	; 0x1a0
 500:	6363672f 	cmnvs	r3, #12320768	; 0xbc0000
 504:	7469672e 	strbtvc	r6, [r9], #-1838	; 0xfffff8d2
 508:	6e696c7e 	mcrvs	12, 3, r6, cr9, cr14, {3}
 50c:	2d6f7261 	sfmcs	f7, 2, [pc, #-388]!	; 390 <shift+0x390>
 510:	2d352e37 	ldccs	14, cr2, [r5, #-220]!	; 0xffffff24
 514:	39313032 	ldmdbcc	r1!, {r1, r4, r5, ip, sp}
 518:	2f32312e 	svccs	0x0032312e
 51c:	6762696c 	strbvs	r6, [r2, -ip, ror #18]!
 520:	2e2f6363 	cdpcs	3, 2, cr6, cr15, cr3, {3}
 524:	6e692f2e 	cdpvs	15, 6, cr2, cr9, cr14, {1}
 528:	64756c63 	ldrbtvs	r6, [r5], #-3171	; 0xfffff39d
 52c:	682f0065 	stmdavs	pc!, {r0, r2, r5, r6}	; <UNPREDICTABLE>
 530:	2f656d6f 	svccs	0x00656d6f
 534:	67776374 			; <UNDEFINED> instruction: 0x67776374
 538:	6975622d 	ldmdbvs	r5!, {r0, r2, r3, r5, r9, sp, lr}^
 53c:	6c73646c 	cfldrdvs	mvd6, [r3], #-432	; 0xfffffe50
 540:	2f657661 	svccs	0x00657661
 544:	6b726f77 	blvs	1c9c328 <shift+0x1c9c328>
 548:	63617073 	cmnvs	r1, #115	; 0x73
 54c:	63742f65 	cmnvs	r4, #404	; 0x194
 550:	6d2d6777 	stcvs	7, cr6, [sp, #-476]!	; 0xfffffe24
 554:	2d656b61 	fstmdbxcs	r5!, {d22-d69}	;@ Deprecated
 558:	656c6572 	strbvs	r6, [ip, #-1394]!	; 0xfffffa8e
 55c:	5f657361 	svcpl	0x00657361
 560:	6e732f31 	mrcvs	15, 3, r2, cr3, cr1, {1}
 564:	68737061 	ldmdavs	r3!, {r0, r5, r6, ip, sp, lr}^
 568:	2f73746f 	svccs	0x0073746f
 56c:	2e636367 	cdpcs	3, 6, cr6, cr3, cr7, {3}
 570:	7e746967 	vsubvc.f16	s13, s8, s15	; <UNPREDICTABLE>
 574:	616e696c 	cmnvs	lr, ip, ror #18
 578:	372d6f72 			; <UNDEFINED> instruction: 0x372d6f72
 57c:	322d352e 	eorcc	r3, sp, #192937984	; 0xb800000
 580:	2e393130 	mrccs	1, 1, r3, cr9, cr0, {1}
 584:	6c2f3231 	sfmvs	f3, 4, [pc], #-196	; 4c8 <shift+0x4c8>
 588:	63676269 	cmnvs	r7, #-1879048186	; 0x90000006
 58c:	2e2e2f63 	cdpcs	15, 2, cr2, cr14, cr3, {3}
 590:	6363672f 	cmnvs	r3, #12320768	; 0xbc0000
 594:	6e6f632f 	cdpvs	3, 6, cr6, cr15, cr15, {1}
 598:	2f676966 	svccs	0x00676966
 59c:	006d7261 	rsbeq	r7, sp, r1, ror #4
 5a0:	2e2f2e2e 	cdpcs	14, 2, cr2, cr15, cr14, {1}
 5a4:	2f2e2f2e 	svccs	0x002e2f2e
 5a8:	00636367 	rsbeq	r6, r3, r7, ror #6
 5ac:	62696c00 	rsbvs	r6, r9, #0, 24
 5b0:	32636367 	rsbcc	r6, r3, #-1677721599	; 0x9c000001
 5b4:	0100632e 	tsteq	r0, lr, lsr #6
 5b8:	74730000 	ldrbtvc	r0, [r3], #-0
 5bc:	66656464 	strbtvs	r6, [r5], -r4, ror #8
 5c0:	0200682e 	andeq	r6, r0, #3014656	; 0x2e0000
 5c4:	79740000 	ldmdbvc	r4!, {}^	; <UNPREDICTABLE>
 5c8:	2e736570 	mrccs	5, 3, r6, cr3, cr0, {3}
 5cc:	00030068 	andeq	r0, r3, r8, rrx
 5d0:	62696c00 	rsbvs	r6, r9, #0, 24
 5d4:	682e6f69 	stmdavs	lr!, {r0, r3, r5, r6, r8, r9, sl, fp, sp, lr}
 5d8:	00000400 	andeq	r0, r0, r0, lsl #8
 5dc:	69647473 	stmdbvs	r4!, {r0, r1, r4, r5, r6, sl, ip, sp, lr}^
 5e0:	00682e6f 	rsbeq	r2, r8, pc, ror #28
 5e4:	73000004 	movwvc	r0, #4
 5e8:	655f7379 	ldrbvs	r7, [pc, #-889]	; 277 <shift+0x277>
 5ec:	696c7272 	stmdbvs	ip!, {r1, r4, r5, r6, r9, ip, sp, lr}^
 5f0:	682e7473 	stmdavs	lr!, {r0, r1, r4, r5, r6, sl, ip, sp, lr}
 5f4:	00000300 	andeq	r0, r0, r0, lsl #6
 5f8:	6e727265 	cdpvs	2, 7, cr7, cr2, cr5, {3}
 5fc:	00682e6f 	rsbeq	r2, r8, pc, ror #28
 600:	75000004 	strvc	r0, [r0, #-4]
 604:	7473696e 	ldrbtvc	r6, [r3], #-2414	; 0xfffff692
 608:	00682e64 	rsbeq	r2, r8, r4, ror #28
 60c:	67000004 	strvs	r0, [r0, -r4]
 610:	706f7465 	rsbvc	r7, pc, r5, ror #8
 614:	00682e74 	rsbeq	r2, r8, r4, ror lr
 618:	74000005 	strvc	r0, [r0], #-5
 61c:	2e656d69 	cdpcs	13, 6, cr6, cr5, cr9, {3}
 620:	00040068 	andeq	r0, r4, r8, rrx
 624:	73616800 	cmnvc	r1, #0, 16
 628:	62617468 	rsbvs	r7, r1, #104, 8	; 0x68000000
 62c:	0500682e 	streq	r6, [r0, #-2094]	; 0xfffff7d2
 630:	72610000 	rsbvc	r0, r1, #0
 634:	73692d6d 	cmnvc	r9, #6976	; 0x1b40
 638:	00682e61 	rsbeq	r2, r8, r1, ror #28
 63c:	61000006 	tstvs	r0, r6
 640:	632d6d72 			; <UNDEFINED> instruction: 0x632d6d72
 644:	682e7570 	stmdavs	lr!, {r4, r5, r6, r8, sl, ip, sp, lr}
 648:	00000600 	andeq	r0, r0, r0, lsl #12
 64c:	6e736e69 	cdpvs	14, 7, cr6, cr3, cr9, {3}
 650:	6e6f632d 	cdpvs	3, 6, cr6, cr15, cr13, {1}
 654:	6e617473 	mcrvs	4, 3, r7, cr1, cr3, {3}
 658:	682e7374 	stmdavs	lr!, {r2, r4, r5, r6, r8, r9, ip, sp, lr}
 65c:	00000700 	andeq	r0, r0, r0, lsl #14
 660:	2e6d7261 	cdpcs	2, 6, cr7, cr13, cr1, {3}
 664:	00060068 	andeq	r0, r6, r8, rrx
 668:	62696c00 	rsbvs	r6, r9, #0, 24
 66c:	32636367 	rsbcc	r6, r3, #-1677721599	; 0x9c000001
 670:	0100682e 	tsteq	r0, lr, lsr #16
 674:	00000000 	andeq	r0, r0, r0
 678:	44fc0205 	ldrbtmi	r0, [ip], #517	; 0x205
 67c:	b3038780 	movwlt	r8, #14208	; 0x3780
 680:	0c030107 	stfeqs	f0, [r3], {7}
 684:	20740301 	rsbscs	r0, r4, r1, lsl #6
 688:	032e0c03 			; <UNDEFINED> instruction: 0x032e0c03
 68c:	2d212e74 	stccs	14, cr2, [r1, #-464]!	; 0xfffffe30
 690:	2e0b033d 	mcrcs	3, 0, r0, cr11, cr13, {1}
 694:	2f4c4b3e 	svccs	0x004c4b3e
 698:	3c6803dd 	stclcc	3, cr0, [r8], #-884	; 0xfffffc8c
 69c:	233c1803 	teqcs	ip, #196608	; 0x30000
 6a0:	2f65211f 	svccs	0x0065211f
 6a4:	94603e23 	strbtls	r3, [r0], #-3619	; 0xfffff1dd
 6a8:	33304d29 	teqcc	r0, #2624	; 0xa40
 6ac:	2f492181 	svccs	0x00492181
 6b0:	3d240821 	stccc	8, cr0, [r4, #-132]!	; 0xffffff7c
 6b4:	2e550330 	mrccs	3, 2, r0, cr5, cr0, {1}
 6b8:	2f2d2f49 	svccs	0x002d2f49
 6bc:	01000302 	tsteq	r0, r2, lsl #6
 6c0:	地址 0x00000000000006c0 越界。


Disassembly of section .debug_info:

00000000 <.debug_info>:
       0:	00000147 	andeq	r0, r0, r7, asr #2
       4:	00000002 	andeq	r0, r0, r2
       8:	01040000 	mrseq	r0, (UNDEF: 4)
       c:	00000000 	andeq	r0, r0, r0
      10:	878041a8 	strhi	r4, [r0, r8, lsr #3]
      14:	8780441e 	usada8hi	r0, lr, r4, r4
      18:	6d6f682f 	stclvs	8, cr6, [pc, #-188]!	; ffffff64 <__bss_end+0x787f5eb4>
      1c:	63742f65 	cmnvs	r4, #404	; 0x194
      20:	622d6777 	eorvs	r6, sp, #31195136	; 0x1dc0000
      24:	646c6975 	strbtvs	r6, [ip], #-2421	; 0xfffff68b
      28:	76616c73 			; <UNDEFINED> instruction: 0x76616c73
      2c:	6f772f65 	svcvs	0x00772f65
      30:	70736b72 	rsbsvc	r6, r3, r2, ror fp
      34:	2f656361 	svccs	0x00656361
      38:	67776374 			; <UNDEFINED> instruction: 0x67776374
      3c:	6b616d2d 	blvs	185b4f8 <shift+0x185b4f8>
      40:	65722d65 	ldrbvs	r2, [r2, #-3429]!	; 0xfffff29b
      44:	7361656c 	cmnvc	r1, #108, 10	; 0x1b000000
      48:	2f315f65 	svccs	0x00315f65
      4c:	70616e73 	rsbvc	r6, r1, r3, ror lr
      50:	746f6873 	strbtvc	r6, [pc], #-2163	; 58 <shift+0x58>
      54:	63672f73 	cmnvs	r7, #460	; 0x1cc
      58:	69672e63 	stmdbvs	r7!, {r0, r1, r5, r6, r9, sl, fp, sp}^
      5c:	696c7e74 	stmdbvs	ip!, {r2, r4, r5, r6, r9, sl, fp, ip, sp, lr}^
      60:	6f72616e 	svcvs	0x0072616e
      64:	352e372d 	strcc	r3, [lr, #-1837]!	; 0xfffff8d3
      68:	3130322d 	teqcc	r0, sp, lsr #4
      6c:	32312e39 	eorscc	r2, r1, #912	; 0x390
      70:	62696c2f 	rsbvs	r6, r9, #12032	; 0x2f00
      74:	2f636367 	svccs	0x00636367
      78:	666e6f63 	strbtvs	r6, [lr], -r3, ror #30
      7c:	612f6769 			; <UNDEFINED> instruction: 0x612f6769
      80:	6c2f6d72 	stcvs	13, cr6, [pc], #-456	; fffffec0 <__bss_end+0x787f5e10>
      84:	66316269 	ldrtvs	r6, [r1], -r9, ror #4
      88:	73636e75 	cmnvc	r3, #1872	; 0x750
      8c:	2f00532e 	svccs	0x0000532e
      90:	656d6f68 	strbvs	r6, [sp, #-3944]!	; 0xfffff098
      94:	7763742f 	strbvc	r7, [r3, -pc, lsr #8]!
      98:	75622d67 	strbvc	r2, [r2, #-3431]!	; 0xfffff299
      9c:	73646c69 	cmnvc	r4, #26880	; 0x6900
      a0:	6576616c 	ldrbvs	r6, [r6, #-364]!	; 0xfffffe94
      a4:	726f772f 	rsbvc	r7, pc, #12320768	; 0xbc0000
      a8:	6170736b 	cmnvs	r0, fp, ror #6
      ac:	742f6563 	strtvc	r6, [pc], #-1379	; b4 <shift+0xb4>
      b0:	2d677763 	stclcs	7, cr7, [r7, #-396]!	; 0xfffffe74
      b4:	656b616d 	strbvs	r6, [fp, #-365]!	; 0xfffffe93
      b8:	6c65722d 	sfmvs	f7, 2, [r5], #-180	; 0xffffff4c
      bc:	65736165 	ldrbvs	r6, [r3, #-357]!	; 0xfffffe9b
      c0:	5f2f315f 	svcpl	0x002f315f
      c4:	6c697562 	cfstr64vs	mvdx7, [r9], #-392	; 0xfffffe78
      c8:	75622f64 	strbvc	r2, [r2, #-3940]!	; 0xfffff09c
      cc:	73646c69 	cmnvc	r4, #26880	; 0x6900
      d0:	3638782f 	ldrtcc	r7, [r8], -pc, lsr #16
      d4:	2d34365f 	ldccs	6, cr3, [r4, #-380]!	; 0xfffffe84
      d8:	6e6b6e75 	mcrvs	14, 3, r6, cr11, cr5, {3}
      dc:	2d6e776f 	stclcs	7, cr7, [lr, #-444]!	; 0xfffffe44
      e0:	756e696c 	strbvc	r6, [lr, #-2412]!	; 0xfffff694
      e4:	6e672d78 	mcrvs	13, 3, r2, cr7, cr8, {3}
      e8:	72612f75 	rsbvc	r2, r1, #468	; 0x1d4
      ec:	696c2d6d 	stmdbvs	ip!, {r0, r2, r3, r5, r6, r8, sl, fp, sp}^
      f0:	2d78756e 	cfldr64cs	mvdx7, [r8, #-440]!	; 0xfffffe48
      f4:	65756e67 	ldrbvs	r6, [r5, #-3687]!	; 0xfffff199
      f8:	68696261 	stmdavs	r9!, {r0, r5, r6, r9, sp, lr}^
      fc:	63672f66 	cmnvs	r7, #408	; 0x198
     100:	69672e63 	stmdbvs	r7!, {r0, r1, r5, r6, r9, sl, fp, sp}^
     104:	696c7e74 	stmdbvs	ip!, {r2, r4, r5, r6, r9, sl, fp, ip, sp, lr}^
     108:	6f72616e 	svcvs	0x0072616e
     10c:	352e372d 	strcc	r3, [lr, #-1837]!	; 0xfffff8d3
     110:	3130322d 	teqcc	r0, sp, lsr #4
     114:	32312e39 	eorscc	r2, r1, #912	; 0x390
     118:	6174732d 	cmnvs	r4, sp, lsr #6
     11c:	2f326567 	svccs	0x00326567
     120:	2d6d7261 	sfmcs	f7, 2, [sp, #-388]!	; 0xfffffe7c
     124:	756e696c 	strbvc	r6, [lr, #-2412]!	; 0xfffff694
     128:	6e672d78 	mcrvs	13, 3, r2, cr7, cr8, {3}
     12c:	62616575 	rsbvs	r6, r1, #490733568	; 0x1d400000
     130:	2f666869 	svccs	0x00666869
     134:	6762696c 	strbvs	r6, [r2, -ip, ror #18]!
     138:	47006363 	strmi	r6, [r0, -r3, ror #6]
     13c:	4120554e 			; <UNDEFINED> instruction: 0x4120554e
     140:	2e322053 	mrccs	0, 1, r2, cr2, cr3, {2}
     144:	322e3832 	eorcc	r3, lr, #3276800	; 0x320000
     148:	43800100 	orrmi	r0, r0, #0, 2
     14c:	02000001 	andeq	r0, r0, #1
     150:	00001400 	andeq	r1, r0, r0, lsl #8
     154:	c6010400 	strgt	r0, [r1], -r0, lsl #8
     158:	20000000 	andcs	r0, r0, r0
     15c:	c0878044 	addgt	r8, r7, r4, asr #32
     160:	2f878044 	svccs	0x00878044
     164:	656d6f68 	strbvs	r6, [sp, #-3944]!	; 0xfffff098
     168:	7763742f 	strbvc	r7, [r3, -pc, lsr #8]!
     16c:	75622d67 	strbvc	r2, [r2, #-3431]!	; 0xfffff299
     170:	73646c69 	cmnvc	r4, #26880	; 0x6900
     174:	6576616c 	ldrbvs	r6, [r6, #-364]!	; 0xfffffe94
     178:	726f772f 	rsbvc	r7, pc, #12320768	; 0xbc0000
     17c:	6170736b 	cmnvs	r0, fp, ror #6
     180:	742f6563 	strtvc	r6, [pc], #-1379	; 188 <shift+0x188>
     184:	2d677763 	stclcs	7, cr7, [r7, #-396]!	; 0xfffffe74
     188:	656b616d 	strbvs	r6, [fp, #-365]!	; 0xfffffe93
     18c:	6c65722d 	sfmvs	f7, 2, [r5], #-180	; 0xffffff4c
     190:	65736165 	ldrbvs	r6, [r3, #-357]!	; 0xfffffe9b
     194:	732f315f 			; <UNDEFINED> instruction: 0x732f315f
     198:	7370616e 	cmnvc	r0, #-2147483621	; 0x8000001b
     19c:	73746f68 	cmnvc	r4, #104, 30	; 0x1a0
     1a0:	6363672f 	cmnvs	r3, #12320768	; 0xbc0000
     1a4:	7469672e 	strbtvc	r6, [r9], #-1838	; 0xfffff8d2
     1a8:	6e696c7e 	mcrvs	12, 3, r6, cr9, cr14, {3}
     1ac:	2d6f7261 	sfmcs	f7, 2, [pc, #-388]!	; 30 <shift+0x30>
     1b0:	2d352e37 	ldccs	14, cr2, [r5, #-220]!	; 0xffffff24
     1b4:	39313032 	ldmdbcc	r1!, {r1, r4, r5, ip, sp}
     1b8:	2f32312e 	svccs	0x0032312e
     1bc:	6762696c 	strbvs	r6, [r2, -ip, ror #18]!
     1c0:	632f6363 			; <UNDEFINED> instruction: 0x632f6363
     1c4:	69666e6f 	stmdbvs	r6!, {r0, r1, r2, r3, r5, r6, r9, sl, fp, sp, lr}^
     1c8:	72612f67 	rsbvc	r2, r1, #412	; 0x19c
     1cc:	70622f6d 	rsbvc	r2, r2, sp, ror #30
     1d0:	2e696261 	cdpcs	2, 6, cr6, cr9, cr1, {3}
     1d4:	682f0053 	stmdavs	pc!, {r0, r1, r4, r6}	; <UNPREDICTABLE>
     1d8:	2f656d6f 	svccs	0x00656d6f
     1dc:	67776374 			; <UNDEFINED> instruction: 0x67776374
     1e0:	6975622d 	ldmdbvs	r5!, {r0, r2, r3, r5, r9, sp, lr}^
     1e4:	6c73646c 	cfldrdvs	mvd6, [r3], #-432	; 0xfffffe50
     1e8:	2f657661 	svccs	0x00657661
     1ec:	6b726f77 	blvs	1c9bfd0 <shift+0x1c9bfd0>
     1f0:	63617073 	cmnvs	r1, #115	; 0x73
     1f4:	63742f65 	cmnvs	r4, #404	; 0x194
     1f8:	6d2d6777 	stcvs	7, cr6, [sp, #-476]!	; 0xfffffe24
     1fc:	2d656b61 	fstmdbxcs	r5!, {d22-d69}	;@ Deprecated
     200:	656c6572 	strbvs	r6, [ip, #-1394]!	; 0xfffffa8e
     204:	5f657361 	svcpl	0x00657361
     208:	625f2f31 	subsvs	r2, pc, #49, 30	; 0xc4
     20c:	646c6975 	strbtvs	r6, [ip], #-2421	; 0xfffff68b
     210:	6975622f 	ldmdbvs	r5!, {r0, r1, r2, r3, r5, r9, sp, lr}^
     214:	2f73646c 	svccs	0x0073646c
     218:	5f363878 	svcpl	0x00363878
     21c:	752d3436 	strvc	r3, [sp, #-1078]!	; 0xfffffbca
     220:	6f6e6b6e 	svcvs	0x006e6b6e
     224:	6c2d6e77 	stcvs	14, cr6, [sp], #-476	; 0xfffffe24
     228:	78756e69 	ldmdavc	r5!, {r0, r3, r5, r6, r9, sl, fp, sp, lr}^
     22c:	756e672d 	strbvc	r6, [lr, #-1837]!	; 0xfffff8d3
     230:	6d72612f 	ldfvse	f6, [r2, #-188]!	; 0xffffff44
     234:	6e696c2d 	cdpvs	12, 6, cr6, cr9, cr13, {1}
     238:	672d7875 			; <UNDEFINED> instruction: 0x672d7875
     23c:	6165756e 	cmnvs	r5, lr, ror #10
     240:	66686962 	strbtvs	r6, [r8], -r2, ror #18
     244:	6363672f 	cmnvs	r3, #12320768	; 0xbc0000
     248:	7469672e 	strbtvc	r6, [r9], #-1838	; 0xfffff8d2
     24c:	6e696c7e 	mcrvs	12, 3, r6, cr9, cr14, {3}
     250:	2d6f7261 	sfmcs	f7, 2, [pc, #-388]!	; d4 <shift+0xd4>
     254:	2d352e37 	ldccs	14, cr2, [r5, #-220]!	; 0xffffff24
     258:	39313032 	ldmdbcc	r1!, {r1, r4, r5, ip, sp}
     25c:	2d32312e 	ldfcss	f3, [r2, #-184]!	; 0xffffff48
     260:	67617473 			; <UNDEFINED> instruction: 0x67617473
     264:	612f3265 			; <UNDEFINED> instruction: 0x612f3265
     268:	6c2d6d72 	stcvs	13, cr6, [sp], #-456	; 0xfffffe38
     26c:	78756e69 	ldmdavc	r5!, {r0, r3, r5, r6, r9, sl, fp, sp, lr}^
     270:	756e672d 	strbvc	r6, [lr, #-1837]!	; 0xfffff8d3
     274:	69626165 	stmdbvs	r2!, {r0, r2, r5, r6, r8, sp, lr}^
     278:	6c2f6668 	stcvs	6, cr6, [pc], #-416	; e0 <shift+0xe0>
     27c:	63676269 	cmnvs	r7, #-1879048186	; 0x90000006
     280:	4e470063 	cdpmi	0, 4, cr0, cr7, cr3, {3}
     284:	53412055 	movtpl	r2, #4181	; 0x1055
     288:	322e3220 	eorcc	r3, lr, #32, 4
     28c:	00322e38 	eorseq	r2, r2, r8, lsr lr
     290:	01438001 	cmpeq	r3, r1
     294:	00020000 	andeq	r0, r2, r0
     298:	00000028 	andeq	r0, r0, r8, lsr #32
     29c:	018b0104 	orreq	r0, fp, r4, lsl #2
     2a0:	44c00000 	strbmi	r0, [r0], #0
     2a4:	44f08780 	ldrbtmi	r8, [r0], #1920	; 0x780
     2a8:	682f8780 	stmdavs	pc!, {r7, r8, r9, sl, pc}	; <UNPREDICTABLE>
     2ac:	2f656d6f 	svccs	0x00656d6f
     2b0:	67776374 			; <UNDEFINED> instruction: 0x67776374
     2b4:	6975622d 	ldmdbvs	r5!, {r0, r2, r3, r5, r9, sp, lr}^
     2b8:	6c73646c 	cfldrdvs	mvd6, [r3], #-432	; 0xfffffe50
     2bc:	2f657661 	svccs	0x00657661
     2c0:	6b726f77 	blvs	1c9c0a4 <shift+0x1c9c0a4>
     2c4:	63617073 	cmnvs	r1, #115	; 0x73
     2c8:	63742f65 	cmnvs	r4, #404	; 0x194
     2cc:	6d2d6777 	stcvs	7, cr6, [sp, #-476]!	; 0xfffffe24
     2d0:	2d656b61 	fstmdbxcs	r5!, {d22-d69}	;@ Deprecated
     2d4:	656c6572 	strbvs	r6, [ip, #-1394]!	; 0xfffffa8e
     2d8:	5f657361 	svcpl	0x00657361
     2dc:	6e732f31 	mrcvs	15, 3, r2, cr3, cr1, {1}
     2e0:	68737061 	ldmdavs	r3!, {r0, r5, r6, ip, sp, lr}^
     2e4:	2f73746f 	svccs	0x0073746f
     2e8:	2e636367 	cdpcs	3, 6, cr6, cr3, cr7, {3}
     2ec:	7e746967 	vsubvc.f16	s13, s8, s15	; <UNPREDICTABLE>
     2f0:	616e696c 	cmnvs	lr, ip, ror #18
     2f4:	372d6f72 			; <UNDEFINED> instruction: 0x372d6f72
     2f8:	322d352e 	eorcc	r3, sp, #192937984	; 0xb800000
     2fc:	2e393130 	mrccs	1, 1, r3, cr9, cr0, {1}
     300:	6c2f3231 	sfmvs	f3, 4, [pc], #-196	; 244 <shift+0x244>
     304:	63676269 	cmnvs	r7, #-1879048186	; 0x90000006
     308:	6f632f63 	svcvs	0x00632f63
     30c:	6769666e 	strbvs	r6, [r9, -lr, ror #12]!
     310:	6d72612f 	ldfvse	f6, [r2, #-188]!	; 0xffffff44
     314:	6170622f 	cmnvs	r0, pc, lsr #4
     318:	532e6962 			; <UNDEFINED> instruction: 0x532e6962
     31c:	6f682f00 	svcvs	0x00682f00
     320:	742f656d 	strtvc	r6, [pc], #-1389	; 328 <shift+0x328>
     324:	2d677763 	stclcs	7, cr7, [r7, #-396]!	; 0xfffffe74
     328:	6c697562 	cfstr64vs	mvdx7, [r9], #-392	; 0xfffffe78
     32c:	616c7364 	cmnvs	ip, r4, ror #6
     330:	772f6576 			; <UNDEFINED> instruction: 0x772f6576
     334:	736b726f 	cmnvc	fp, #-268435450	; 0xf0000006
     338:	65636170 	strbvs	r6, [r3, #-368]!	; 0xfffffe90
     33c:	7763742f 	strbvc	r7, [r3, -pc, lsr #8]!
     340:	616d2d67 	cmnvs	sp, r7, ror #26
     344:	722d656b 	eorvc	r6, sp, #448790528	; 0x1ac00000
     348:	61656c65 	cmnvs	r5, r5, ror #24
     34c:	315f6573 	cmpcc	pc, r3, ror r5	; <UNPREDICTABLE>
     350:	75625f2f 	strbvc	r5, [r2, #-3887]!	; 0xfffff0d1
     354:	2f646c69 	svccs	0x00646c69
     358:	6c697562 	cfstr64vs	mvdx7, [r9], #-392	; 0xfffffe78
     35c:	782f7364 	stmdavc	pc!, {r2, r5, r6, r8, r9, ip, sp, lr}	; <UNPREDICTABLE>
     360:	365f3638 			; <UNDEFINED> instruction: 0x365f3638
     364:	6e752d34 	mrcvs	13, 3, r2, cr5, cr4, {1}
     368:	776f6e6b 	strbvc	r6, [pc, -fp, ror #28]!
     36c:	696c2d6e 	stmdbvs	ip!, {r1, r2, r3, r5, r6, r8, sl, fp, sp}^
     370:	2d78756e 	cfldr64cs	mvdx7, [r8, #-440]!	; 0xfffffe48
     374:	2f756e67 	svccs	0x00756e67
     378:	2d6d7261 	sfmcs	f7, 2, [sp, #-388]!	; 0xfffffe7c
     37c:	756e696c 	strbvc	r6, [lr, #-2412]!	; 0xfffff694
     380:	6e672d78 	mcrvs	13, 3, r2, cr7, cr8, {3}
     384:	62616575 	rsbvs	r6, r1, #490733568	; 0x1d400000
     388:	2f666869 	svccs	0x00666869
     38c:	2e636367 	cdpcs	3, 6, cr6, cr3, cr7, {3}
     390:	7e746967 	vsubvc.f16	s13, s8, s15	; <UNPREDICTABLE>
     394:	616e696c 	cmnvs	lr, ip, ror #18
     398:	372d6f72 			; <UNDEFINED> instruction: 0x372d6f72
     39c:	322d352e 	eorcc	r3, sp, #192937984	; 0xb800000
     3a0:	2e393130 	mrccs	1, 1, r3, cr9, cr0, {1}
     3a4:	732d3231 			; <UNDEFINED> instruction: 0x732d3231
     3a8:	65676174 	strbvs	r6, [r7, #-372]!	; 0xfffffe8c
     3ac:	72612f32 	rsbvc	r2, r1, #50, 30	; 0xc8
     3b0:	696c2d6d 	stmdbvs	ip!, {r0, r2, r3, r5, r6, r8, sl, fp, sp}^
     3b4:	2d78756e 	cfldr64cs	mvdx7, [r8, #-440]!	; 0xfffffe48
     3b8:	65756e67 	ldrbvs	r6, [r5, #-3687]!	; 0xfffff199
     3bc:	68696261 	stmdavs	r9!, {r0, r5, r6, r9, sp, lr}^
     3c0:	696c2f66 	stmdbvs	ip!, {r1, r2, r5, r6, r8, r9, sl, fp, sp}^
     3c4:	63636762 	cmnvs	r3, #25690112	; 0x1880000
     3c8:	554e4700 	strbpl	r4, [lr, #-1792]	; 0xfffff900
     3cc:	20534120 	subscs	r4, r3, r0, lsr #2
     3d0:	38322e32 	ldmdacc	r2!, {r1, r4, r5, r9, sl, fp, sp}
     3d4:	0100322e 	tsteq	r0, lr, lsr #4
     3d8:	00014780 	andeq	r4, r1, r0, lsl #15
     3dc:	3c000200 	sfmcc	f0, 4, [r0], {-0}
     3e0:	04000000 	streq	r0, [r0], #-0
     3e4:	00023201 	andeq	r3, r2, r1, lsl #4
     3e8:	8044f000 	subhi	pc, r4, r0
     3ec:	8044fc87 	subhi	pc, r4, r7, lsl #25
     3f0:	6f682f87 	svcvs	0x00682f87
     3f4:	742f656d 	strtvc	r6, [pc], #-1389	; 3fc <shift+0x3fc>
     3f8:	2d677763 	stclcs	7, cr7, [r7, #-396]!	; 0xfffffe74
     3fc:	6c697562 	cfstr64vs	mvdx7, [r9], #-392	; 0xfffffe78
     400:	616c7364 	cmnvs	ip, r4, ror #6
     404:	772f6576 			; <UNDEFINED> instruction: 0x772f6576
     408:	736b726f 	cmnvc	fp, #-268435450	; 0xf0000006
     40c:	65636170 	strbvs	r6, [r3, #-368]!	; 0xfffffe90
     410:	7763742f 	strbvc	r7, [r3, -pc, lsr #8]!
     414:	616d2d67 	cmnvs	sp, r7, ror #26
     418:	722d656b 	eorvc	r6, sp, #448790528	; 0x1ac00000
     41c:	61656c65 	cmnvs	r5, r5, ror #24
     420:	315f6573 	cmpcc	pc, r3, ror r5	; <UNPREDICTABLE>
     424:	616e732f 	cmnvs	lr, pc, lsr #6
     428:	6f687370 	svcvs	0x00687370
     42c:	672f7374 			; <UNDEFINED> instruction: 0x672f7374
     430:	672e6363 	strvs	r6, [lr, -r3, ror #6]!
     434:	6c7e7469 	cfldrdvs	mvd7, [lr], #-420	; 0xfffffe5c
     438:	72616e69 	rsbvc	r6, r1, #1680	; 0x690
     43c:	2e372d6f 	cdpcs	13, 3, cr2, cr7, cr15, {3}
     440:	30322d35 	eorscc	r2, r2, r5, lsr sp
     444:	312e3931 			; <UNDEFINED> instruction: 0x312e3931
     448:	696c2f32 	stmdbvs	ip!, {r1, r4, r5, r8, r9, sl, fp, sp}^
     44c:	63636762 	cmnvs	r3, #25690112	; 0x1880000
     450:	6e6f632f 	cdpvs	3, 6, cr6, cr15, cr15, {1}
     454:	2f676966 	svccs	0x00676966
     458:	2f6d7261 	svccs	0x006d7261
     45c:	3162696c 	cmncc	r2, ip, ror #18
     460:	636e7566 	cmnvs	lr, #427819008	; 0x19800000
     464:	00532e73 	subseq	r2, r3, r3, ror lr
     468:	6d6f682f 	stclvs	8, cr6, [pc, #-188]!	; 3b4 <shift+0x3b4>
     46c:	63742f65 	cmnvs	r4, #404	; 0x194
     470:	622d6777 	eorvs	r6, sp, #31195136	; 0x1dc0000
     474:	646c6975 	strbtvs	r6, [ip], #-2421	; 0xfffff68b
     478:	76616c73 			; <UNDEFINED> instruction: 0x76616c73
     47c:	6f772f65 	svcvs	0x00772f65
     480:	70736b72 	rsbsvc	r6, r3, r2, ror fp
     484:	2f656361 	svccs	0x00656361
     488:	67776374 			; <UNDEFINED> instruction: 0x67776374
     48c:	6b616d2d 	blvs	185b948 <shift+0x185b948>
     490:	65722d65 	ldrbvs	r2, [r2, #-3429]!	; 0xfffff29b
     494:	7361656c 	cmnvc	r1, #108, 10	; 0x1b000000
     498:	2f315f65 	svccs	0x00315f65
     49c:	6975625f 	ldmdbvs	r5!, {r0, r1, r2, r3, r4, r6, r9, sp, lr}^
     4a0:	622f646c 	eorvs	r6, pc, #108, 8	; 0x6c000000
     4a4:	646c6975 	strbtvs	r6, [ip], #-2421	; 0xfffff68b
     4a8:	38782f73 	ldmdacc	r8!, {r0, r1, r4, r5, r6, r8, r9, sl, fp, sp}^
     4ac:	34365f36 	ldrtcc	r5, [r6], #-3894	; 0xfffff0ca
     4b0:	6b6e752d 	blvs	1b9d96c <shift+0x1b9d96c>
     4b4:	6e776f6e 	cdpvs	15, 7, cr6, cr7, cr14, {3}
     4b8:	6e696c2d 	cdpvs	12, 6, cr6, cr9, cr13, {1}
     4bc:	672d7875 			; <UNDEFINED> instruction: 0x672d7875
     4c0:	612f756e 			; <UNDEFINED> instruction: 0x612f756e
     4c4:	6c2d6d72 	stcvs	13, cr6, [sp], #-456	; 0xfffffe38
     4c8:	78756e69 	ldmdavc	r5!, {r0, r3, r5, r6, r9, sl, fp, sp, lr}^
     4cc:	756e672d 	strbvc	r6, [lr, #-1837]!	; 0xfffff8d3
     4d0:	69626165 	stmdbvs	r2!, {r0, r2, r5, r6, r8, sp, lr}^
     4d4:	672f6668 	strvs	r6, [pc, -r8, ror #12]!
     4d8:	672e6363 	strvs	r6, [lr, -r3, ror #6]!
     4dc:	6c7e7469 	cfldrdvs	mvd7, [lr], #-420	; 0xfffffe5c
     4e0:	72616e69 	rsbvc	r6, r1, #1680	; 0x690
     4e4:	2e372d6f 	cdpcs	13, 3, cr2, cr7, cr15, {3}
     4e8:	30322d35 	eorscc	r2, r2, r5, lsr sp
     4ec:	312e3931 			; <UNDEFINED> instruction: 0x312e3931
     4f0:	74732d32 	ldrbtvc	r2, [r3], #-3378	; 0xfffff2ce
     4f4:	32656761 	rsbcc	r6, r5, #25427968	; 0x1840000
     4f8:	6d72612f 	ldfvse	f6, [r2, #-188]!	; 0xffffff44
     4fc:	6e696c2d 	cdpvs	12, 6, cr6, cr9, cr13, {1}
     500:	672d7875 			; <UNDEFINED> instruction: 0x672d7875
     504:	6165756e 	cmnvs	r5, lr, ror #10
     508:	66686962 	strbtvs	r6, [r8], -r2, ror #18
     50c:	62696c2f 	rsbvs	r6, r9, #12032	; 0x2f00
     510:	00636367 	rsbeq	r6, r3, r7, ror #6
     514:	20554e47 	subscs	r4, r5, r7, asr #28
     518:	32205341 	eorcc	r5, r0, #67108865	; 0x4000001
     51c:	2e38322e 	cdpcs	2, 3, cr3, cr8, cr14, {1}
     520:	80010032 	andhi	r0, r1, r2, lsr r0
     524:	00000d82 	andeq	r0, r0, r2, lsl #27
     528:	00500004 	subseq	r0, r0, r4
     52c:	01040000 	mrseq	r0, (UNDEF: 4)
     530:	000007a5 	andeq	r0, r0, r5, lsr #15
     534:	00139d0c 	andseq	r9, r3, ip, lsl #26
     538:	00018800 	andeq	r8, r1, r0, lsl #16
     53c:	8044fc00 	subhi	pc, r4, r0, lsl #24
     540:	00011687 	andeq	r1, r1, r7, lsl #13
     544:	0002de00 	andeq	sp, r2, r0, lsl #28
     548:	07080200 	streq	r0, [r8, -r0, lsl #4]
     54c:	0000055e 	andeq	r0, r0, lr, asr r5
     550:	69050403 	stmdbvs	r5, {r0, r1, sl}
     554:	0400746e 	streq	r7, [r0], #-1134	; 0xfffffb92
     558:	00000759 	andeq	r0, r0, r9, asr r7
     55c:	003ed802 	eorseq	sp, lr, r2, lsl #16
     560:	04020000 	streq	r0, [r2], #-0
     564:	00056807 	andeq	r6, r5, r7, lsl #16
     568:	05080200 	streq	r0, [r8, #-512]	; 0xfffffe00
     56c:	00000c3b 	andeq	r0, r0, fp, lsr ip
     570:	00040802 	andeq	r0, r4, r2, lsl #16
     574:	0500000f 	streq	r0, [r0, #-15]
     578:	08010204 	stmdaeq	r1, {r2, r9}
     57c:	0000137c 	andeq	r1, r0, ip, ror r3
     580:	38070202 	stmdacc	r7, {r1, r9}
     584:	02000015 	andeq	r0, r0, #21
     588:	05630704 	strbeq	r0, [r3, #-1796]!	; 0xfffff8fc
     58c:	01020000 	mrseq	r0, (UNDEF: 2)
     590:	00137e06 	andseq	r7, r3, r6, lsl #28
     594:	05020200 	streq	r0, [r2, #-512]	; 0xfffffe00
     598:	00000ffa 	strdeq	r0, [r0], -sl
     59c:	000db904 	andeq	fp, sp, r4, lsl #18
     5a0:	45370300 	ldrmi	r0, [r7, #-768]!	; 0xfffffd00
     5a4:	04000000 	streq	r0, [r0], #-0
     5a8:	00001513 	andeq	r1, r0, r3, lsl r5
     5ac:	008e8c03 	addeq	r8, lr, r3, lsl #24
     5b0:	04020000 	streq	r0, [r2], #-0
     5b4:	000c4005 	andeq	r4, ip, r5
     5b8:	165c0400 	ldrbne	r0, [ip], -r0, lsl #8
     5bc:	8d030000 	stchi	0, cr0, [r3, #-0]
     5c0:	00000078 	andeq	r0, r0, r8, ror r0
     5c4:	00a60406 	adceq	r0, r6, r6, lsl #8
     5c8:	01020000 	mrseq	r0, (UNDEF: 2)
     5cc:	00138508 	andseq	r8, r3, r8, lsl #10
     5d0:	00a60700 	adceq	r0, r6, r0, lsl #14
     5d4:	ac080000 	stcge	0, cr0, [r8], {-0}
     5d8:	98000005 	stmdals	r0, {r0, r2}
     5dc:	022ff104 	eoreq	pc, pc, #4, 2
     5e0:	9d090000 	stcls	0, cr0, [r9, #-0]
     5e4:	04000002 	streq	r0, [r0], #-2
     5e8:	00002cf2 	strdeq	r2, [r0], -r2	; <UNPREDICTABLE>
     5ec:	4e090000 	cdpmi	0, 0, cr0, cr9, cr0, {0}
     5f0:	0400000a 	streq	r0, [r0], #-10
     5f4:	0000a0f7 	strdeq	sl, [r0], -r7
     5f8:	d2090400 	andle	r0, r9, #0, 8
     5fc:	0400000f 	streq	r0, [r0], #-15
     600:	0000a0f8 	strdeq	sl, [r0], -r8
     604:	8b090800 	blhi	24260c <shift+0x24260c>
     608:	04000007 	streq	r0, [r0], #-7
     60c:	0000a0f9 	strdeq	sl, [r0], -r9
     610:	ed090c00 	stc	12, cr0, [r9, #-0]
     614:	0400000b 	streq	r0, [r0], #-11
     618:	0000a0fa 	strdeq	sl, [r0], -sl	; <UNPREDICTABLE>
     61c:	2d091000 	stccs	0, cr1, [r9, #-0]
     620:	04000014 	streq	r0, [r0], #-20	; 0xffffffec
     624:	0000a0fb 	strdeq	sl, [r0], -fp
     628:	66091400 	strvs	r1, [r9], -r0, lsl #8
     62c:	04000002 	streq	r0, [r0], #-2
     630:	0000a0fc 	strdeq	sl, [r0], -ip
     634:	6f091800 	svcvs	0x00091800
     638:	04000016 	streq	r0, [r0], #-22	; 0xffffffea
     63c:	0000a0fd 	strdeq	sl, [r0], -sp
     640:	d5091c00 	strle	r1, [r9, #-3072]	; 0xfffff400
     644:	04000000 	streq	r0, [r0], #-0
     648:	0000a0fe 	strdeq	sl, [r0], -lr
     64c:	9c0a2000 	stcls	0, cr2, [sl], {-0}
     650:	0400000f 	streq	r0, [r0], #-15
     654:	00a00100 	adceq	r0, r0, r0, lsl #2
     658:	0a240000 	beq	900660 <shift+0x900660>
     65c:	0000063b 	andeq	r0, r0, fp, lsr r6
     660:	a0010104 	andge	r0, r1, r4, lsl #2
     664:	28000000 	stmdacs	r0, {}	; <UNPREDICTABLE>
     668:	0004d70a 	andeq	sp, r4, sl, lsl #14
     66c:	01020400 	tsteq	r2, r0, lsl #8
     670:	000000a0 	andeq	r0, r0, r0, lsr #1
     674:	07720a2c 	ldrbeq	r0, [r2, -ip, lsr #20]!
     678:	04040000 	streq	r0, [r4], #-0
     67c:	00026701 	andeq	r6, r2, r1, lsl #14
     680:	f30a3000 	vhadd.u8	d3, d10, d0
     684:	04000015 	streq	r0, [r0], #-21	; 0xffffffeb
     688:	026d0106 	rsbeq	r0, sp, #-2147483647	; 0x80000001
     68c:	0a340000 	beq	d00694 <shift+0xd00694>
     690:	000006b8 			; <UNDEFINED> instruction: 0x000006b8
     694:	2c010804 	stccs	8, cr0, [r1], {4}
     698:	38000000 	stmdacc	r0, {}	; <UNPREDICTABLE>
     69c:	0002d50a 	andeq	sp, r2, sl, lsl #10
     6a0:	010c0400 	tsteq	ip, r0, lsl #8
     6a4:	0000002c 	andeq	r0, r0, ip, lsr #32
     6a8:	12d80a3c 	sbcsne	r0, r8, #60, 20	; 0x3c000
     6ac:	0e040000 	cdpeq	0, 0, cr0, cr4, cr0, {0}
     6b0:	00008301 	andeq	r8, r0, r1, lsl #6
     6b4:	990a4000 	stmdbls	sl, {lr}
     6b8:	04000007 	streq	r0, [r0], #-7
     6bc:	005c0112 	subseq	r0, ip, r2, lsl r1
     6c0:	0a440000 	beq	11006c8 <shift+0x11006c8>
     6c4:	00000e7f 	andeq	r0, r0, pc, ror lr
     6c8:	6a011304 	bvs	452e0 <shift+0x452e0>
     6cc:	46000000 	strmi	r0, [r0], -r0
     6d0:	0000490a 	andeq	r4, r0, sl, lsl #18
     6d4:	01140400 	tsteq	r4, r0, lsl #8
     6d8:	00000273 	andeq	r0, r0, r3, ror r2
     6dc:	129e0a47 	addsne	r0, lr, #290816	; 0x47000
     6e0:	18040000 	stmdane	r4, {}	; <UNPREDICTABLE>
     6e4:	00028301 	andeq	r8, r2, r1, lsl #6
     6e8:	dc0a4800 	stcle	8, cr4, [sl], {-0}
     6ec:	04000012 	streq	r0, [r0], #-18	; 0xffffffee
     6f0:	00950121 	addseq	r0, r5, r1, lsr #2
     6f4:	0a500000 	beq	14006fc <shift+0x14006fc>
     6f8:	000006c0 	andeq	r0, r0, r0, asr #13
     6fc:	53012904 	movwpl	r2, #6404	; 0x1904
     700:	58000000 	stmdapl	r0, {}	; <UNPREDICTABLE>
     704:	000dd80a 	andeq	sp, sp, sl, lsl #16
     708:	012a0400 			; <UNDEFINED> instruction: 0x012a0400
     70c:	00000053 	andeq	r0, r0, r3, asr r0
     710:	0ddf0a5c 	vldreq	s1, [pc, #368]	; 888 <shift+0x888>
     714:	2b040000 	blcs	10071c <shift+0x10071c>
     718:	00005301 	andeq	r5, r0, r1, lsl #6
     71c:	e60a6000 	str	r6, [sl], -r0
     720:	0400000d 	streq	r0, [r0], #-13
     724:	0053012c 	subseq	r0, r3, ip, lsr #2
     728:	0a640000 	beq	1900730 <shift+0x1900730>
     72c:	00000ded 	andeq	r0, r0, sp, ror #27
     730:	33012e04 	movwcc	r2, #7684	; 0x1e04
     734:	68000000 	stmdavs	r0, {}	; <UNPREDICTABLE>
     738:	000a080a 	andeq	r0, sl, sl, lsl #16
     73c:	012f0400 			; <UNDEFINED> instruction: 0x012f0400
     740:	0000002c 	andeq	r0, r0, ip, lsr #32
     744:	16660a6c 	strbtne	r0, [r6], -ip, ror #20
     748:	31040000 	mrscc	r0, (UNDEF: 4)
     74c:	00028901 	andeq	r8, r2, r1, lsl #18
     750:	0b007000 	bleq	1c758 <shift+0x1c758>
     754:	0000005a 	andeq	r0, r0, sl, asr r0
     758:	1a089604 	bne	225f70 <shift+0x225f70>
     75c:	0c000009 	stceq	0, cr0, [r0], {9}
     760:	02679c04 	rsbeq	r9, r7, #4, 24	; 0x400
     764:	f1090000 			; <UNDEFINED> instruction: 0xf1090000
     768:	04000008 	streq	r0, [r0], #-8
     76c:	0002679d 	muleq	r2, sp, r7
     770:	5b090000 	blpl	240778 <shift+0x240778>
     774:	04000013 	streq	r0, [r0], #-19	; 0xffffffed
     778:	00026d9e 	muleq	r2, lr, sp
     77c:	b1090400 	tstlt	r9, r0, lsl #8
     780:	04000004 	streq	r0, [r0], #-4
     784:	00002ca2 	andeq	r2, r0, r2, lsr #25
     788:	06000800 	streq	r0, [r0], -r0, lsl #16
     78c:	00023604 	andeq	r3, r2, r4, lsl #12
     790:	b2040600 	andlt	r0, r4, #0, 12
     794:	0c000000 	stceq	0, cr0, [r0], {-0}
     798:	000000a6 	andeq	r0, r0, r6, lsr #1
     79c:	00000283 	andeq	r0, r0, r3, lsl #5
     7a0:	00003e0d 	andeq	r3, r0, sp, lsl #28
     7a4:	06000000 	streq	r0, [r0], -r0
     7a8:	00022f04 	andeq	r2, r2, r4, lsl #30
     7ac:	00a60c00 	adceq	r0, r6, r0, lsl #24
     7b0:	02990000 	addseq	r0, r9, #0
     7b4:	3e0d0000 	cdpcc	0, 0, cr0, cr13, cr0, {0}
     7b8:	27000000 	strcs	r0, [r0, -r0]
     7bc:	118a0e00 	orrne	r0, sl, r0, lsl #28
     7c0:	780f0000 	stmdavc	pc, {}	; <UNPREDICTABLE>
     7c4:	04000004 	streq	r0, [r0], #-4
     7c8:	0299013b 	addseq	r0, r9, #-1073741810	; 0xc000000e
     7cc:	630f0000 	movwvs	r0, #61440	; 0xf000
     7d0:	0400000c 	streq	r0, [r0], #-12
     7d4:	0299013c 	addseq	r0, r9, #60, 2
     7d8:	e10f0000 	mrs	r0, CPSR
     7dc:	04000009 	streq	r0, [r0], #-9
     7e0:	0299013d 	addseq	r0, r9, #1073741839	; 0x4000000f
     7e4:	04060000 	streq	r0, [r6], #-0
     7e8:	000000ad 	andeq	r0, r0, sp, lsr #1
     7ec:	0002c207 	andeq	ip, r2, r7, lsl #4
     7f0:	08ba1000 	ldmeq	sl!, {ip}
     7f4:	ab050000 	blge	1407fc <shift+0x1407fc>
     7f8:	0000026d 	andeq	r0, r0, sp, ror #4
     7fc:	0004c310 	andeq	ip, r4, r0, lsl r3
     800:	6dac0500 	cfstr32vs	mvfx0, [ip]
     804:	10000002 	andne	r0, r0, r2
     808:	000000a8 	andeq	r0, r0, r8, lsr #1
     80c:	026dad05 	rsbeq	sl, sp, #320	; 0x140
     810:	2c100000 	ldccs	0, cr0, [r0], {-0}
     814:	06000003 	streq	r0, [r0], -r3
     818:	00002c1a 	andeq	r2, r0, sl, lsl ip
     81c:	02c80c00 	sbceq	r0, r8, #0, 24
     820:	03040000 	movweq	r0, #16384	; 0x4000
     824:	00110000 	andseq	r0, r1, r0
     828:	0002f907 	andeq	pc, r2, r7, lsl #18
     82c:	155d1000 	ldrbne	r1, [sp, #-0]
     830:	1b060000 	blne	180838 <shift+0x180838>
     834:	00000304 	andeq	r0, r0, r4, lsl #6
     838:	00032b10 	andeq	r2, r3, r0, lsl fp
     83c:	2c1e0600 	ldccs	6, cr0, [lr], {-0}
     840:	10000000 	andne	r0, r0, r0
     844:	0000155c 	andeq	r1, r0, ip, asr r5
     848:	03041f06 	movweq	r1, #20230	; 0x4f06
     84c:	8f100000 	svchi	0x00100000
     850:	07000006 	streq	r0, [r0, -r6]
     854:	0000a036 	andeq	sl, r0, r6, lsr r0
     858:	008a1000 	addeq	r1, sl, r0
     85c:	36070000 	strcc	r0, [r7], -r0
     860:	000000a0 	andeq	r0, r0, r0, lsr #1
     864:	03460406 	movteq	r0, #25606	; 0x6406
     868:	2c120000 	ldccs	0, cr0, [r2], {-0}
     86c:	5a000000 	bpl	874 <shift+0x874>
     870:	13000003 	movwne	r0, #3
     874:	0000035a 	andeq	r0, r0, sl, asr r3
     878:	00035a13 	andeq	r5, r3, r3, lsl sl
     87c:	04060000 	streq	r0, [r6], #-0
     880:	00000360 	andeq	r0, r0, r0, ror #6
     884:	11720f14 	cmnne	r2, r4, lsl pc
     888:	22080000 	andcs	r0, r8, #0
     88c:	00036d02 	andeq	r6, r3, r2, lsl #26
     890:	a0040600 	andge	r0, r4, r0, lsl #12
     894:	0f000000 	svceq	0x00000000
     898:	00001174 	andeq	r1, r0, r4, ror r1
     89c:	6d022408 	cfstrsvs	mvf2, [r2, #-32]	; 0xffffffe0
     8a0:	10000003 	andne	r0, r0, r3
     8a4:	00000ec0 	andeq	r0, r0, r0, asr #29
     8a8:	00a02309 	adceq	r2, r0, r9, lsl #6
     8ac:	25100000 	ldrcs	r0, [r0, #-0]
     8b0:	0900000d 	stmdbeq	r0, {r0, r2, r3}
     8b4:	00002c31 	andeq	r2, r0, r1, lsr ip
     8b8:	0e8e1000 	cdpeq	0, 8, cr1, cr14, cr0, {0}
     8bc:	36090000 	strcc	r0, [r9], -r0
     8c0:	0000002c 	andeq	r0, r0, ip, lsr #32
     8c4:	00013910 	andeq	r3, r1, r0, lsl r9
     8c8:	2c3a0900 			; <UNDEFINED> instruction: 0x2c3a0900
     8cc:	0c000000 	stceq	0, cr0, [r0], {-0}
     8d0:	000000a0 	andeq	r0, r0, r0, lsr #1
     8d4:	000003bb 			; <UNDEFINED> instruction: 0x000003bb
     8d8:	00003e0d 	andeq	r3, r0, sp, lsl #28
     8dc:	10000100 	andne	r0, r0, r0, lsl #2
     8e0:	00000465 	andeq	r0, r0, r5, ror #8
     8e4:	03aba50a 			; <UNDEFINED> instruction: 0x03aba50a
     8e8:	2f100000 	svccs	0x00100000
     8ec:	0a000016 	beq	94c <shift+0x94c>
     8f0:	00002ca6 	andeq	r2, r0, r6, lsr #25
     8f4:	04101000 	ldreq	r1, [r0], #-0
     8f8:	a70a0000 	strge	r0, [sl, -r0]
     8fc:	0000008e 	andeq	r0, r0, lr, lsl #1
     900:	00046710 	andeq	r6, r4, r0, lsl r7
     904:	abac0a00 	blge	feb0310c <__bss_end+0x772f905c>
     908:	10000003 	andne	r0, r0, r3
     90c:	00001631 	andeq	r1, r0, r1, lsr r6
     910:	002cb40a 	eoreq	fp, ip, sl, lsl #8
     914:	12100000 	andsne	r0, r0, #0
     918:	0a000004 	beq	930 <shift+0x930>
     91c:	00008eb5 			; <UNDEFINED> instruction: 0x00008eb5
     920:	02890f00 	addeq	r0, r9, #0, 30
     924:	1e0a0000 	cdpne	0, 0, cr0, cr10, cr0, {0}
     928:	00002c01 	andeq	r2, r0, r1, lsl #24
     92c:	046e0400 	strbteq	r0, [lr], #-1024	; 0xfffffc00
     930:	2a0b0000 	bcs	2c0938 <shift+0x2c0938>
     934:	0000003e 	andeq	r0, r0, lr, lsr r0
     938:	000a4404 	andeq	r4, sl, r4, lsl #8
     93c:	1f2f0b00 	svcne	0x002f0b00
     940:	06000004 	streq	r0, [r0], -r4
     944:	00042504 	andeq	r2, r4, r4, lsl #10
     948:	04091200 	streq	r1, [r9], #-512	; 0xfffffe00
     94c:	04340000 	ldrteq	r0, [r4], #-0
     950:	5a130000 	bpl	4c0958 <shift+0x4c0958>
     954:	00000003 	andeq	r0, r0, r3
     958:	000dc204 	andeq	ip, sp, r4, lsl #4
     95c:	40360b00 	eorsmi	r0, r6, r0, lsl #22
     960:	10000003 	andne	r0, r0, r3
     964:	00000cae 	andeq	r0, r0, lr, lsr #25
     968:	0414bb0b 	ldreq	fp, [r4], #-2827	; 0xfffff4f5
     96c:	3b100000 	blcc	400974 <shift+0x400974>
     970:	0b000014 	bleq	9c8 <shift+0x9c8>
     974:	000434be 			; <UNDEFINED> instruction: 0x000434be
     978:	09371500 	ldmdbeq	r7!, {r8, sl, ip}
     97c:	04070000 	streq	r0, [r7], #-0
     980:	0000003e 	andeq	r0, r0, lr, lsr r0
     984:	057b1d0c 	ldrbeq	r1, [fp, #-3340]!	; 0xfffff2f4
     988:	a4160000 	ldrge	r0, [r6], #-0
     98c:	00000002 	andeq	r0, r0, r2
     990:	0012b116 	andseq	fp, r2, r6, lsl r1
     994:	86160100 	ldrhi	r0, [r6], -r0, lsl #2
     998:	02000010 	andeq	r0, r0, #16
     99c:	0011f616 	andseq	pc, r1, r6, lsl r6	; <UNPREDICTABLE>
     9a0:	ff160300 			; <UNDEFINED> instruction: 0xff160300
     9a4:	04000012 	streq	r0, [r0], #-18	; 0xffffffee
     9a8:	00130d16 	andseq	r0, r3, r6, lsl sp
     9ac:	7c160500 	cfldr32vc	mvfx0, [r6], {-0}
     9b0:	06000000 	streq	r0, [r0], -r0
     9b4:	00152916 	andseq	r2, r5, r6, lsl r9
     9b8:	95160700 	ldrls	r0, [r6, #-1792]	; 0xfffff900
     9bc:	08000010 	stmdaeq	r0, {r4}
     9c0:	00131b16 	andseq	r1, r3, r6, lsl fp
     9c4:	fd160900 	ldc2	9, cr0, [r6, #-0]	; <UNPREDICTABLE>
     9c8:	0a000002 	beq	9d8 <shift+0x9d8>
     9cc:	000d1616 	andeq	r1, sp, r6, lsl r6
     9d0:	e4160b00 	ldr	r0, [r6], #-2816	; 0xfffff500
     9d4:	0c000012 	stceq	0, cr0, [r0], {18}
     9d8:	00072016 	andeq	r2, r7, r6, lsl r0
     9dc:	5b160d00 	blpl	583de4 <shift+0x583de4>
     9e0:	0e00000a 	cdpeq	0, 0, cr0, cr0, cr10, {0}
     9e4:	00132916 	andseq	r2, r3, r6, lsl r9
     9e8:	d4160f00 	ldrle	r0, [r6], #-3840	; 0xfffff100
     9ec:	10000009 	andne	r0, r0, r9
     9f0:	00133716 	andseq	r3, r3, r6, lsl r7
     9f4:	7c161100 	ldfvcs	f1, [r6], {-0}
     9f8:	12000011 	andne	r0, r0, #17
     9fc:	000bad16 	andeq	sl, fp, r6, lsl sp
     a00:	e8161300 	ldmda	r6, {r8, r9, ip}
     a04:	1400000c 	strne	r0, [r0], #-12
     a08:	00095416 	andeq	r5, r9, r6, lsl r4
     a0c:	64161500 	ldrvs	r1, [r6], #-1280	; 0xfffffb00
     a10:	16000009 	strne	r0, [r0], -r9
     a14:	00039f16 	andeq	r9, r3, r6, lsl pc
     a18:	9f161700 	svcls	0x00161700
     a1c:	18000011 	stmdane	r0, {r0, r4}
     a20:	0011ad16 	andseq	sl, r1, r6, lsl sp
     a24:	bb161900 	bllt	586e2c <shift+0x586e2c>
     a28:	1a000011 	bne	a74 <shift+0xa74>
     a2c:	000c4916 	andeq	r4, ip, r6, lsl r9
     a30:	a4161b00 	ldrge	r1, [r6], #-2816	; 0xfffff500
     a34:	1c000012 	stcne	0, cr0, [r0], {18}
     a38:	0015fa16 	andseq	pc, r5, r6, lsl sl	; <UNPREDICTABLE>
     a3c:	2e161d00 	cdpcs	13, 1, cr1, cr6, cr0, {0}
     a40:	1e00000c 	cdpne	0, 0, cr0, cr0, cr12, {0}
     a44:	0003ff16 	andeq	pc, r3, r6, lsl pc	; <UNPREDICTABLE>
     a48:	00161f00 	andseq	r1, r6, r0, lsl #30
     a4c:	20000000 	andcs	r0, r0, r0
     a50:	00099b16 	andeq	r9, r9, r6, lsl fp
     a54:	e2162100 	ands	r2, r6, #0, 2
     a58:	22000008 	andcs	r0, r0, #8
     a5c:	0004ca16 	andeq	ip, r4, r6, lsl sl
     a60:	39162300 	ldmdbcc	r6, {r8, r9, sp}
     a64:	2400000d 	strcs	r0, [r0], #-13
     a68:	00059316 	andeq	r9, r5, r6, lsl r3
     a6c:	4f162500 	svcmi	0x00162500
     a70:	2600000f 	strcs	r0, [r0], -pc
     a74:	00037e16 	andeq	r7, r3, r6, lsl lr
     a78:	43162700 	tstmi	r6, #0, 14
     a7c:	28000009 	stmdacs	r0, {r0, r3}
     a80:	00163a16 	andseq	r3, r6, r6, lsl sl
     a84:	86162900 	ldrhi	r2, [r6], -r0, lsl #18
     a88:	2a00000c 	bcs	ac0 <shift+0xac0>
     a8c:	0005b516 	andeq	fp, r5, r6, lsl r5
     a90:	f1162b00 			; <UNDEFINED> instruction: 0xf1162b00
     a94:	2c000012 	stccs	0, cr0, [r0], {18}
     a98:	0006c716 	andeq	ip, r6, r6, lsl r7
     a9c:	15002d00 	strne	r2, [r0, #-3328]	; 0xfffff300
     aa0:	000009f1 	strdeq	r0, [r0], -r1
     aa4:	003e0407 	eorseq	r0, lr, r7, lsl #8
     aa8:	170d0000 	strne	r0, [sp, -r0]
     aac:	0000081b 	andeq	r0, r0, fp, lsl r8
     ab0:	0004eb16 	andeq	lr, r4, r6, lsl fp
     ab4:	69160000 	ldmdbvs	r6, {}	; <UNPREDICTABLE>
     ab8:	01000015 	tsteq	r0, r5, lsl r0
     abc:	0004fb16 	andeq	pc, r4, r6, lsl fp	; <UNPREDICTABLE>
     ac0:	1e160200 	cdpne	2, 1, cr0, cr6, cr0, {0}
     ac4:	03000005 	movweq	r0, #5
     ac8:	00144b16 	andseq	r4, r4, r6, lsl fp
     acc:	04160400 	ldreq	r0, [r6], #-1024	; 0xfffffc00
     ad0:	05000010 	streq	r0, [r0, #-16]
     ad4:	0005d316 	andeq	sp, r5, r6, lsl r3
     ad8:	60160600 	andsvs	r0, r6, r0, lsl #12
     adc:	07000007 	streq	r0, [r0, -r7]
     ae0:	00052e16 	andeq	r2, r5, r6, lsl lr
     ae4:	1e160800 	cdpne	8, 1, cr0, cr6, cr0, {0}
     ae8:	09000016 	stmdbeq	r0, {r1, r2, r4}
     aec:	00014016 	andeq	r4, r1, r6, lsl r0
     af0:	4b160a00 	blmi	5832f8 <shift+0x5832f8>
     af4:	0b000015 	bleq	b50 <shift+0xb50>
     af8:	000e1f16 	andeq	r1, lr, r6, lsl pc
     afc:	b9160c00 	ldmdblt	r6, {sl, fp}
     b00:	0d000014 	stceq	0, cr0, [r0, #-80]	; 0xffffffb0
     b04:	000f7616 	andeq	r7, pc, r6, lsl r6	; <UNPREDICTABLE>
     b08:	3c160e00 	ldccc	14, cr0, [r6], {-0}
     b0c:	0f000012 	svceq	0x00000012
     b10:	00060c16 	andeq	r0, r6, r6, lsl ip
     b14:	0b161000 	bleq	584b1c <shift+0x584b1c>
     b18:	11000005 	tstne	r0, r5
     b1c:	000f3c16 	andeq	r3, pc, r6, lsl ip	; <UNPREDICTABLE>
     b20:	f7161200 			; <UNDEFINED> instruction: 0xf7161200
     b24:	13000005 	movwne	r0, #5
     b28:	00164b16 	andseq	r4, r6, r6, lsl fp
     b2c:	6a161400 	bvs	585b34 <shift+0x585b34>
     b30:	15000001 	strne	r0, [r0, #-1]
     b34:	000b0616 	andeq	r0, fp, r6, lsl r6
     b38:	3e161600 	cfmsub32cc	mvax0, mvfx1, mvfx6, mvfx0
     b3c:	17000005 	strne	r0, [r0, -r5]
     b40:	00010016 	andeq	r0, r1, r6, lsl r0
     b44:	ac161800 	ldcge	8, cr1, [r6], {-0}
     b48:	19000015 	stmdbne	r0, {r0, r2, r4}
     b4c:	0012c016 	andseq	ip, r2, r6, lsl r0
     b50:	a4161a00 	ldrge	r1, [r6], #-2560	; 0xfffff600
     b54:	1b000010 	blne	b9c <shift+0xb9c>
     b58:	00122316 	andseq	r2, r2, r6, lsl r3
     b5c:	07161c00 	ldreq	r1, [r6, -r0, lsl #24]
     b60:	1d000014 	stcne	0, cr0, [r0, #-80]	; 0xffffffb0
     b64:	00057516 	andeq	r7, r5, r6, lsl r5
     b68:	c9161e00 	ldmdbgt	r6, {r9, sl, fp, ip}
     b6c:	1f00000a 	svcne	0x0000000a
     b70:	000e5616 	andeq	r5, lr, r6, lsl r6
     b74:	7c162000 	ldcvc	0, cr2, [r6], {-0}
     b78:	21000006 	tstcs	r0, r6
     b7c:	00101616 	andseq	r1, r0, r6, lsl r6
     b80:	8d162200 	lfmhi	f2, 4, [r6, #-0]
     b84:	2300000b 	movwcs	r0, #11
     b88:	00054e16 	andeq	r4, r5, r6, lsl lr
     b8c:	db162400 	blle	589b94 <shift+0x589b94>
     b90:	25000011 	strcs	r0, [r0, #-17]	; 0xffffffef
     b94:	00043016 	andeq	r3, r4, r6, lsl r0
     b98:	8a162600 	bhi	58a3a0 <shift+0x58a3a0>
     b9c:	27000013 	smladcs	r0, r3, r0, r0
     ba0:	00160b16 	andseq	r0, r6, r6, lsl fp
     ba4:	19162800 	ldmdbne	r6, {fp, sp}
     ba8:	2900000f 	stmdbcs	r0, {r0, r1, r2, r3}
     bac:	00092516 	andeq	r2, r9, r6, lsl r5
     bb0:	ea162a00 	b	58b3b8 <shift+0x58b3b8>
     bb4:	2b000010 	blcs	bfc <shift+0xbfc>
     bb8:	000bd916 	andeq	sp, fp, r6, lsl r9
     bbc:	dd162c00 	ldcle	12, cr2, [r6, #-0]
     bc0:	2d000002 	stccs	0, cr0, [r0, #-8]
     bc4:	00025216 	andeq	r5, r2, r6, lsl r2
     bc8:	8e162e00 	cdphi	14, 1, cr2, cr6, cr0, {0}
     bcc:	2f000014 	svccs	0x00000014
     bd0:	000b7916 	andeq	r7, fp, r6, lsl r9
     bd4:	e5163000 	ldr	r3, [r6, #-0]
     bd8:	31000005 	tstcc	r0, r5
     bdc:	000b5816 	andeq	r5, fp, r6, lsl r8
     be0:	6b163200 	blvs	58d3e8 <shift+0x58d3e8>
     be4:	3300000e 	movwcc	r0, #14
     be8:	00024016 	andeq	r4, r2, r6, lsl r0
     bec:	e1163400 	tst	r6, r0, lsl #8
     bf0:	35000015 	strcc	r0, [r0, #-21]	; 0xffffffeb
     bf4:	000c1b16 	andeq	r1, ip, r6, lsl fp
     bf8:	a7163600 	ldrge	r3, [r6, -r0, lsl #12]
     bfc:	37000008 	strcc	r0, [r0, -r8]
     c00:	000c7316 	andeq	r7, ip, r6, lsl r3
     c04:	ec163800 	ldc	8, cr3, [r6], {-0}
     c08:	39000014 	stmdbcc	r0, {r2, r4}
     c0c:	0003c916 	andeq	ip, r3, r6, lsl r9
     c10:	c0163a00 	andsgt	r3, r6, r0, lsl #20
     c14:	3b000008 	blcc	c3c <shift+0xc3c>
     c18:	00087d16 	andeq	r7, r8, r6, lsl sp
     c1c:	0f163c00 	svceq	0x00163c00
     c20:	3d000000 	stccc	0, cr0, [r0, #-0]
     c24:	000bbc16 	andeq	fp, fp, r6, lsl ip
     c28:	b1163e00 	tstlt	r6, r0, lsl #28
     c2c:	3f000009 	svccc	0x00000009
     c30:	0002ae16 	andeq	sl, r2, r6, lsl lr
     c34:	a2164000 	andsge	r4, r6, #0
     c38:	41000014 	tstmi	r0, r4, lsl r0
     c3c:	000b1916 	andeq	r1, fp, r6, lsl r9
     c40:	45164200 	ldrmi	r4, [r6, #-512]	; 0xfffffe00
     c44:	43000013 	movwmi	r0, #19
     c48:	00006516 	andeq	r6, r0, r6, lsl r5
     c4c:	7f164400 	svcvc	0x00164400
     c50:	4500000a 	strmi	r0, [r0, #-10]
     c54:	000a6b16 	andeq	r6, sl, r6, lsl fp
     c58:	bd164600 	ldclt	6, cr4, [r6, #-0]
     c5c:	47000010 	smladmi	r0, r0, r0, r0
     c60:	00111e16 	andseq	r1, r1, r6, lsl lr
     c64:	6d164800 	ldcvs	8, cr4, [r6, #-0]
     c68:	49000014 	stmdbmi	r0, {r2, r4}
     c6c:	0006d416 	andeq	sp, r6, r6, lsl r4
     c70:	09164a00 	ldmdbeq	r6, {r9, fp, lr}
     c74:	4b00000e 	blmi	cb4 <shift+0xcb4>
     c78:	000f8816 	andeq	r8, pc, r6, lsl r8	; <UNPREDICTABLE>
     c7c:	6b164c00 	blvs	593c84 <shift+0x593c84>
     c80:	4d000010 	stcmi	0, cr0, [r0, #-64]	; 0xffffffc0
     c84:	000faa16 	andeq	sl, pc, r6, lsl sl	; <UNPREDICTABLE>
     c88:	be164e00 	cdplt	14, 1, cr4, cr6, cr0, {0}
     c8c:	4f00000f 	svcmi	0x0000000f
     c90:	00045016 	andeq	r5, r4, r6, lsl r0
     c94:	ac165000 	ldcge	0, cr5, [r6], {-0}
     c98:	51000003 	tstpl	r0, r3
     c9c:	0003dc16 	andeq	sp, r3, r6, lsl ip
     ca0:	4e165200 	cdpmi	2, 1, cr5, cr6, cr0, {0}
     ca4:	53000012 	movwpl	r0, #18
     ca8:	00041b16 	andeq	r1, r4, r6, lsl fp
     cac:	62165400 	andsvs	r5, r6, #0, 8
     cb0:	55000012 	strpl	r0, [r0, #-18]	; 0xffffffee
     cb4:	00127616 	andseq	r7, r2, r6, lsl r6
     cb8:	8a165600 	bhi	5964c0 <shift+0x5964c0>
     cbc:	57000012 	smladpl	r0, r2, r0, r0
     cc0:	000add16 	andeq	sp, sl, r6, lsl sp
     cc4:	a7165800 	ldrge	r5, [r6, -r0, lsl #16]
     cc8:	5900000a 	stmdbpl	r0, {r1, r3}
     ccc:	000a9316 	andeq	r9, sl, r6, lsl r3
     cd0:	97165a00 	ldrls	r5, [r6, -r0, lsl #20]
     cd4:	5b00000c 	blpl	d0c <shift+0xd0c>
     cd8:	000a1916 	andeq	r1, sl, r6, lsl r9
     cdc:	5f165c00 	svcpl	0x00165c00
     ce0:	5d000006 	stcpl	0, cr0, [r0, #-24]	; 0xffffffe8
     ce4:	00074416 	andeq	r4, r7, r6, lsl r4
     ce8:	c0165e00 	andsgt	r5, r6, r0, lsl #28
     cec:	5f00000c 	svcpl	0x0000000c
     cf0:	000af116 	andeq	pc, sl, r6, lsl r1	; <UNPREDICTABLE>
     cf4:	29166000 	ldmdbcs	r6, {sp, lr}
     cf8:	61000010 	tstvs	r0, r0, lsl r0
     cfc:	00158716 	andseq	r8, r5, r6, lsl r7
     d00:	f4166200 			; <UNDEFINED> instruction: 0xf4166200
     d04:	6300000d 	movwvs	r0, #13
     d08:	0006f916 	andeq	pc, r6, r6, lsl r9	; <UNPREDICTABLE>
     d0c:	12166400 	andsne	r6, r6, #0, 8
     d10:	65000001 	strvs	r0, [r0, #-1]
     d14:	0000b716 	andeq	fp, r0, r6, lsl r7
     d18:	f8166600 			; <UNDEFINED> instruction: 0xf8166600
     d1c:	6700000c 	strvs	r0, [r0, -ip]
     d20:	000ea216 	andeq	sl, lr, r6, lsl r2
     d24:	4d166800 	ldcmi	8, cr6, [r6, #-0]
     d28:	69000010 	stmdbvs	r0, {r4}
     d2c:	00003416 	andeq	r3, r0, r6, lsl r4
     d30:	74166a00 	ldrvc	r6, [r6], #-2560	; 0xfffff600
     d34:	6b000002 	blvs	d44 <shift+0xd44>
     d38:	000b2b16 	andeq	r2, fp, r6, lsl fp
     d3c:	0f006c00 	svceq	0x00006c00
     d40:	0000031c 	andeq	r0, r0, ip, lsl r3
     d44:	0401410e 	streq	r4, [r1], #-270	; 0xfffffef2
     d48:	0f000003 	svceq	0x00000003
     d4c:	0000077b 	andeq	r0, r0, fp, ror r7
     d50:	0401760e 	streq	r7, [r1], #-1550	; 0xfffff9f2
     d54:	0c000003 	stceq	0, cr0, [r0], {3}
     d58:	000000a6 	andeq	r0, r0, r6, lsr #1
     d5c:	0000083e 	andeq	r0, r0, lr, lsr r8
     d60:	bb100011 	bllt	400dac <shift+0x400dac>
     d64:	0f00000a 	svceq	0x0000000a
     d68:	0008332d 	andeq	r3, r8, sp, lsr #6
     d6c:	13611000 	cmnne	r1, #0
     d70:	350f0000 	strcc	r0, [pc, #-0]	; d78 <shift+0xd78>
     d74:	0000057b 	andeq	r0, r0, fp, ror r5
     d78:	00061f15 	andeq	r1, r6, r5, lsl pc
     d7c:	3e040700 	cdpcc	7, 0, cr0, cr4, cr0, {0}
     d80:	0f000000 	svceq	0x00000000
     d84:	0008c637 	andeq	ip, r8, r7, lsr r6
     d88:	00531600 	subseq	r1, r3, r0, lsl #12
     d8c:	16000000 	strne	r0, [r0], -r0
     d90:	000009aa 	andeq	r0, r0, sl, lsr #19
     d94:	14fe1601 	ldrbtne	r1, [lr], #1537	; 0x601
     d98:	16020000 	strne	r0, [r2], -r0
     d9c:	000014cc 	andeq	r1, r0, ip, asr #9
     da0:	0d681603 	stcleq	6, cr1, [r8, #-12]!
     da4:	16040000 	strne	r0, [r4], -r0
     da8:	00001198 	muleq	r0, r8, r1
     dac:	035d1605 	cmpeq	sp, #5242880	; 0x500000
     db0:	16060000 	strne	r0, [r6], -r0
     db4:	0000033f 	andeq	r0, r0, pc, lsr r3
     db8:	04e41607 	strbteq	r1, [r4], #1543	; 0x607
     dbc:	16080000 	strne	r0, [r8], -r0
     dc0:	00000bd2 	ldrdeq	r0, [r0], -r2
     dc4:	03641609 	cmneq	r4, #9437184	; 0x900000
     dc8:	160a0000 	strne	r0, [sl], -r0
     dcc:	000003f8 	strdeq	r0, [r0], -r8
     dd0:	03f1160b 	mvnseq	r1, #11534336	; 0xb00000
     dd4:	160c0000 	strne	r0, [ip], -r0
     dd8:	00000356 	andeq	r0, r0, r6, asr r3
     ddc:	11ef160d 	mvnne	r1, sp, lsl #12
     de0:	160e0000 	strne	r0, [lr], -r0
     de4:	00000ec7 	andeq	r0, r0, r7, asr #29
     de8:	7f04000f 	svcvc	0x0004000f
     dec:	0f000010 	svceq	0x00000010
     df0:	0008543c 	andeq	r5, r8, ip, lsr r4
     df4:	113f1000 	teqne	pc, r0
     df8:	3e0f0000 	cdpcc	0, 0, cr0, cr15, cr0, {0}
     dfc:	000008c6 	andeq	r0, r0, r6, asr #17
     e00:	00121210 	andseq	r1, r2, r0, lsl r2
     e04:	2c470f00 	mcrrcs	15, 0, r0, r7, cr0
     e08:	10000000 	andne	r0, r0, r0
     e0c:	0000030c 	andeq	r0, r0, ip, lsl #6
     e10:	002c480f 	eoreq	r4, ip, pc, lsl #16
     e14:	5e0e0000 	cdppl	0, 0, cr0, cr14, cr0, {0}
     e18:	10000011 	andne	r0, r0, r1, lsl r0
     e1c:	0000114e 	andeq	r1, r0, lr, asr #2
     e20:	0902490f 	stmdbeq	r2, {r0, r1, r2, r3, r8, fp, lr}
     e24:	04060000 	streq	r0, [r6], #-0
     e28:	000008f2 	strdeq	r0, [r0], -r2
     e2c:	09741017 	ldmdbeq	r4!, {r0, r1, r2, r4, ip}^
     e30:	4b0f0000 	blmi	3c0e38 <shift+0x3c0e38>
     e34:	00000914 	andeq	r0, r0, r4, lsl r9
     e38:	09080406 	stmdbeq	r8, {r1, r2, sl}
     e3c:	d5180000 	ldrle	r0, [r8, #-0]
     e40:	10000010 	andne	r0, r0, r0, lsl r0
     e44:	00000d55 	andeq	r0, r0, r5, asr sp
     e48:	092a4f0f 	stmdbeq	sl!, {r0, r1, r2, r3, r8, r9, sl, fp, lr}
     e4c:	04060000 	streq	r0, [r6], #-0
     e50:	0000091a 	andeq	r0, r0, sl, lsl r9
     e54:	0004b619 	andeq	fp, r4, r9, lsl r6
     e58:	4f0fb800 	svcmi	0x000fb800
     e5c:	00095801 	andeq	r5, r9, r1, lsl #16
     e60:	0ac40a00 	beq	ff103668 <__bss_end+0x778f95b8>
     e64:	510f0000 	mrspl	r0, CPSR
     e68:	0002c201 	andeq	ip, r2, r1, lsl #4
     e6c:	950a0000 	strls	r0, [sl, #-0]
     e70:	0f000004 	svceq	0x00000004
     e74:	095d0152 	ldmdbeq	sp, {r1, r4, r6, r8}^
     e78:	00040000 	andeq	r0, r4, r0
     e7c:	00093007 	andeq	r3, r9, r7
     e80:	04550c00 	ldrbeq	r0, [r5], #-3072	; 0xfffff400
     e84:	096d0000 	stmdbeq	sp!, {}^	; <UNPREDICTABLE>
     e88:	3e0d0000 	cdpcc	0, 0, cr0, cr13, cr0, {0}
     e8c:	2c000000 	stccs	0, cr0, [r0], {-0}
     e90:	09580c00 	ldmdbeq	r8, {sl, fp}^
     e94:	09780000 	ldmdbeq	r8!, {}^	; <UNPREDICTABLE>
     e98:	00110000 	andseq	r0, r1, r0
     e9c:	00096d07 	andeq	r6, r9, r7, lsl #26
     ea0:	08930f00 	ldmeq	r3, {r8, r9, sl, fp}
     ea4:	530f0000 	movwpl	r0, #61440	; 0xf000
     ea8:	00097801 	andeq	r7, r9, r1, lsl #16
     eac:	0c560f00 	mrrceq	15, 0, r0, r6, cr0
     eb0:	560f0000 	strpl	r0, [pc], -r0
     eb4:	00002c01 	andeq	r2, r0, r1, lsl #24
     eb8:	10ff1a00 	rscsne	r1, pc, r0, lsl #20
     ebc:	04070000 	streq	r0, [r7], #-0
     ec0:	0000003e 	andeq	r0, r0, lr, lsr r0
     ec4:	4401690f 	strmi	r6, [r1], #-2319	; 0xfffff6f1
     ec8:	1600000a 	strne	r0, [r0], -sl
     ecc:	00000d49 	andeq	r0, r0, r9, asr #26
     ed0:	01521600 	cmpeq	r2, r0, lsl #12
     ed4:	16020000 	strne	r0, [r2], -r0
     ed8:	0000015e 	andeq	r0, r0, lr, asr r1
     edc:	05861603 	streq	r1, [r6, #1539]	; 0x603
     ee0:	16030000 	strne	r0, [r3], -r0
     ee4:	00000d85 	andeq	r0, r0, r5, lsl #27
     ee8:	08d51604 	ldmeq	r5, {r2, r9, sl, ip}^
     eec:	16040000 	strne	r0, [r4], -r0
     ef0:	0000017c 	andeq	r0, r0, ip, ror r1
     ef4:	09c71605 	stmibeq	r7, {r0, r2, r9, sl, ip}^
     ef8:	16050000 	strne	r0, [r5], -r0
     efc:	00000e95 	muleq	r0, r5, lr
     f00:	090c1605 	stmdbeq	ip, {r0, r2, r9, sl, ip}
     f04:	16050000 	strne	r0, [r5], -r0
     f08:	000002ee 	andeq	r0, r0, lr, ror #5
     f0c:	0d9e1605 	ldceq	6, cr1, [lr, #20]
     f10:	16060000 	strne	r0, [r6], -r0
     f14:	00000b6c 	andeq	r0, r0, ip, ror #22
     f18:	04871606 	streq	r1, [r7], #1542	; 0x606
     f1c:	16060000 	strne	r0, [r6], -r0
     f20:	00000f0c 	andeq	r0, r0, ip, lsl #30
     f24:	0dca1606 	stcleq	6, cr1, [sl, #24]
     f28:	16060000 	strne	r0, [r6], -r0
     f2c:	00000ba0 	andeq	r0, r0, r0, lsr #23
     f30:	0bfc1606 	bleq	fff06750 <__bss_end+0x786fc6a0>
     f34:	16060000 	strne	r0, [r6], -r0
     f38:	00000234 	andeq	r0, r0, r4, lsr r2
     f3c:	0d2c1607 	stceq	6, cr1, [ip, #-28]!	; 0xffffffe4
     f40:	16070000 	strne	r0, [r7], -r0
     f44:	00000d91 	muleq	r0, r1, sp
     f48:	12051607 	andne	r1, r5, #7340032	; 0x700000
     f4c:	16070000 	strne	r0, [r7], -r0
     f50:	00000442 	andeq	r0, r0, r2, asr #8
     f54:	0e491607 	cdpeq	6, 4, cr1, cr9, cr7, {0}
     f58:	16080000 	strne	r0, [r8], -r0
     f5c:	000000ee 	andeq	r0, r0, lr, ror #1
     f60:	11c91608 	bicne	r1, r9, r8, lsl #12
     f64:	00080000 	andeq	r0, r8, r0
     f68:	00151b0f 	andseq	r1, r5, pc, lsl #22
     f6c:	01880f00 	orreq	r0, r8, r0, lsl #30
     f70:	00000995 	muleq	r0, r5, r9
     f74:	00089c0f 	andeq	r9, r8, pc, lsl #24
     f78:	018b0f00 	orreq	r0, fp, r0, lsl #30
     f7c:	0000002c 	andeq	r0, r0, ip, lsr #32
     f80:	000ece0f 	andeq	ip, lr, pc, lsl #28
     f84:	018e0f00 	orreq	r0, lr, r0, lsl #30
     f88:	0000002c 	andeq	r0, r0, ip, lsr #32
     f8c:	000a0e0f 	andeq	r0, sl, pc, lsl #28
     f90:	01910f00 	orrseq	r0, r1, r0, lsl #30
     f94:	0000002c 	andeq	r0, r0, ip, lsr #32
     f98:	000ed80f 	andeq	sp, lr, pc, lsl #16
     f9c:	01940f00 	orrseq	r0, r4, r0, lsl #30
     fa0:	0000002c 	andeq	r0, r0, ip, lsr #32
     fa4:	000b4d0f 	andeq	r4, fp, pc, lsl #26
     fa8:	01970f00 	orrseq	r0, r7, r0, lsl #30
     fac:	0000002c 	andeq	r0, r0, ip, lsr #32
     fb0:	000ee20f 	andeq	lr, lr, pc, lsl #4
     fb4:	019a0f00 	orrseq	r0, sl, r0, lsl #30
     fb8:	0000002c 	andeq	r0, r0, ip, lsr #32
     fbc:	000d6f0f 	andeq	r6, sp, pc, lsl #30
     fc0:	019d0f00 	orrseq	r0, sp, r0, lsl #30
     fc4:	0000002c 	andeq	r0, r0, ip, lsr #32
     fc8:	000d7a0f 	andeq	r7, sp, pc, lsl #20
     fcc:	01a00f00 	lsleq	r0, r0, #30
     fd0:	0000002c 	andeq	r0, r0, ip, lsr #32
     fd4:	000eec0f 	andeq	lr, lr, pc, lsl #24
     fd8:	01a30f00 			; <UNDEFINED> instruction: 0x01a30f00
     fdc:	0000002c 	andeq	r0, r0, ip, lsr #32
     fe0:	000b3f0f 	andeq	r3, fp, pc, lsl #30
     fe4:	01a60f00 			; <UNDEFINED> instruction: 0x01a60f00
     fe8:	0000002c 	andeq	r0, r0, ip, lsr #32
     fec:	00157b0f 	andseq	r7, r5, pc, lsl #22
     ff0:	01a90f00 			; <UNDEFINED> instruction: 0x01a90f00
     ff4:	0000002c 	andeq	r0, r0, ip, lsr #32
     ff8:	000ef60f 	andeq	pc, lr, pc, lsl #12
     ffc:	01ac0f00 			; <UNDEFINED> instruction: 0x01ac0f00
    1000:	0000002c 	andeq	r0, r0, ip, lsr #32
    1004:	00167c0f 	andseq	r7, r6, pc, lsl #24
    1008:	01af0f00 			; <UNDEFINED> instruction: 0x01af0f00
    100c:	0000002c 	andeq	r0, r0, ip, lsr #32
    1010:	0014d30f 	andseq	sp, r4, pc, lsl #6
    1014:	01b20f00 			; <UNDEFINED> instruction: 0x01b20f00
    1018:	0000002c 	andeq	r0, r0, ip, lsr #32
    101c:	0015050f 	andseq	r0, r5, pc, lsl #10
    1020:	01b60f00 			; <UNDEFINED> instruction: 0x01b60f00
    1024:	0000002c 	andeq	r0, r0, ip, lsr #32
    1028:	0014df0f 	andseq	sp, r4, pc, lsl #30
    102c:	01b90f00 			; <UNDEFINED> instruction: 0x01b90f00
    1030:	0000002c 	andeq	r0, r0, ip, lsr #32
    1034:	00036b0f 	andeq	r6, r3, pc, lsl #22
    1038:	01bc0f00 			; <UNDEFINED> instruction: 0x01bc0f00
    103c:	0000002c 	andeq	r0, r0, ip, lsr #32
    1040:	0000240f 	andeq	r2, r0, pc, lsl #8
    1044:	01bf0f00 			; <UNDEFINED> instruction: 0x01bf0f00
    1048:	0000002c 	andeq	r0, r0, ip, lsr #32
    104c:	0006a70f 	andeq	sl, r6, pc, lsl #14
    1050:	01c20f00 	biceq	r0, r2, r0, lsl #30
    1054:	0000002c 	andeq	r0, r0, ip, lsr #32
    1058:	0003460f 	andeq	r4, r3, pc, lsl #12
    105c:	01c50f00 	biceq	r0, r5, r0, lsl #30
    1060:	0000002c 	andeq	r0, r0, ip, lsr #32
    1064:	000f2c0f 	andeq	r2, pc, pc, lsl #24
    1068:	01c80f00 	biceq	r0, r8, r0, lsl #30
    106c:	0000002c 	andeq	r0, r0, ip, lsr #32
    1070:	000a360f 	andeq	r3, sl, pc, lsl #12
    1074:	01cb0f00 	biceq	r0, fp, r0, lsl #30
    1078:	0000002c 	andeq	r0, r0, ip, lsr #32
    107c:	000cd50f 	andeq	sp, ip, pc, lsl #10
    1080:	01ce0f00 	biceq	r0, lr, r0, lsl #30
    1084:	0000002c 	andeq	r0, r0, ip, lsr #32
    1088:	00136a0f 	andseq	r6, r3, pc, lsl #20
    108c:	01d50f00 	bicseq	r0, r5, r0, lsl #30
    1090:	0000002c 	andeq	r0, r0, ip, lsr #32
    1094:	0015c10f 	andseq	ip, r5, pc, lsl #2
    1098:	01d80f00 	bicseq	r0, r8, r0, lsl #30
    109c:	0000002c 	andeq	r0, r0, ip, lsr #32
    10a0:	0015d10f 	andseq	sp, r5, pc, lsl #2
    10a4:	01db0f00 	bicseq	r0, fp, r0, lsl #30
    10a8:	0000002c 	andeq	r0, r0, ip, lsr #32
    10ac:	00049e0f 	andeq	r9, r4, pc, lsl #28
    10b0:	01de0f00 	bicseq	r0, lr, r0, lsl #30
    10b4:	0000002c 	andeq	r0, r0, ip, lsr #32
    10b8:	0014180f 	andseq	r1, r4, pc, lsl #16
    10bc:	01e10f00 	mvneq	r0, r0, lsl #30
    10c0:	0000002c 	andeq	r0, r0, ip, lsr #32
    10c4:	000e310f 	andeq	r3, lr, pc, lsl #2
    10c8:	01e40f00 	mvneq	r0, r0, lsl #30
    10cc:	0000002c 	andeq	r0, r0, ip, lsr #32
    10d0:	00072d0f 	andeq	r2, r7, pc, lsl #26
    10d4:	01e80f00 	mvneq	r0, r0, lsl #30
    10d8:	0000002c 	andeq	r0, r0, ip, lsr #32
    10dc:	0011110f 	andseq	r1, r1, pc, lsl #2
    10e0:	01f00f00 	mvnseq	r0, r0, lsl #30
    10e4:	0000002c 	andeq	r0, r0, ip, lsr #32
    10e8:	0005c50f 	andeq	ip, r5, pc, lsl #10
    10ec:	01f30f00 	mvnseq	r0, r0, lsl #30
    10f0:	0000002c 	andeq	r0, r0, ip, lsr #32
    10f4:	00002c0c 	andeq	r2, r0, ip, lsl #24
    10f8:	000bdb00 	andeq	sp, fp, r0, lsl #22
    10fc:	0f001100 	svceq	0x00001100
    1100:	000008f7 	strdeq	r0, [r0], -r7
    1104:	d003fe0f 	andle	pc, r3, pc, lsl #28
    1108:	0c00000b 	stceq	0, cr0, [r0], {11}
    110c:	00000902 	andeq	r0, r0, r2, lsl #18
    1110:	00000bf7 	strdeq	r0, [r0], -r7
    1114:	00003e0d 	andeq	r3, r0, sp, lsl #28
    1118:	0f000d00 	svceq	0x00000d00
    111c:	00000f61 	andeq	r0, r0, r1, ror #30
    1120:	e7059e0f 	str	r9, [r5, -pc, lsl #28]
    1124:	1a00000b 	bne	1158 <shift+0x1158>
    1128:	00000a00 	andeq	r0, r0, r0, lsl #20
    112c:	003e0407 	eorseq	r0, lr, r7, lsl #8
    1130:	a50f0000 	strge	r0, [pc, #-0]	; 1138 <shift+0x1138>
    1134:	000c4005 	andeq	r4, ip, r5
    1138:	062d1600 	strteq	r1, [sp], -r0, lsl #12
    113c:	16000000 	strne	r0, [r0], -r0
    1140:	00000c09 	andeq	r0, r0, r9, lsl #24
    1144:	01241601 			; <UNDEFINED> instruction: 0x01241601
    1148:	16020000 	strne	r0, [r2], -r0
    114c:	0000064b 	andeq	r0, r0, fp, asr #12
    1150:	0fec1603 	svceq	0x00ec1603
    1154:	16040000 	strne	r0, [r4], -r0
    1158:	00000fdf 	ldrdeq	r0, [r0], -pc	; <UNPREDICTABLE>
    115c:	02c51605 	sbceq	r1, r5, #5242880	; 0x500000
    1160:	00060000 	andeq	r0, r6, r0
    1164:	00159c0f 	andseq	r9, r5, pc, lsl #24
    1168:	05b20f00 	ldreq	r0, [r2, #3840]!	; 0xf00
    116c:	00000c03 	andeq	r0, r0, r3, lsl #24
    1170:	00145c0f 	andseq	r5, r4, pc, lsl #24
    1174:	07ba0f00 	ldreq	r0, [sl, r0, lsl #30]!
    1178:	0000003e 	andeq	r0, r0, lr, lsr r0
    117c:	00070d0f 	andeq	r0, r7, pc, lsl #26
    1180:	07cf0f00 	strbeq	r0, [pc, r0, lsl #30]
    1184:	0000002c 	andeq	r0, r0, ip, lsr #32
    1188:	0003c104 	andeq	ip, r3, r4, lsl #2
    118c:	557b1000 	ldrbpl	r1, [fp, #-0]!
    1190:	07000000 	streq	r0, [r0, -r0]
    1194:	00000c64 	andeq	r0, r0, r4, ror #24
    1198:	00029504 	andeq	r9, r2, r4, lsl #10
    119c:	3e811000 	cdpcc	0, 8, cr1, cr1, cr0, {0}
    11a0:	04000000 	streq	r0, [r0], #-0
    11a4:	000000af 	andeq	r0, r0, pc, lsr #1
    11a8:	00258510 	eoreq	r8, r5, r0, lsl r5
    11ac:	04020000 	streq	r0, [r2], #-0
    11b0:	00039904 	andeq	r9, r3, r4, lsl #18
    11b4:	03080200 	movweq	r0, #33280	; 0x8200
    11b8:	00000391 	muleq	r0, r1, r3
    11bc:	05040802 	streq	r0, [r4, #-2050]	; 0xfffff7fe
    11c0:	0200000f 	andeq	r0, r0, #15
    11c4:	103e0310 	eorsne	r0, lr, r0, lsl r3
    11c8:	6f0c0000 	svcvs	0x000c0000
    11cc:	b600000c 	strlt	r0, [r0], -ip
    11d0:	0d00000c 	stceq	0, cr0, [r0, #-48]	; 0xffffffd0
    11d4:	0000003e 	andeq	r0, r0, lr, lsr r0
    11d8:	a60700ff 			; <UNDEFINED> instruction: 0xa60700ff
    11dc:	0f00000c 	svceq	0x0000000c
    11e0:	00000daa 	andeq	r0, r0, sl, lsr #27
    11e4:	b601fc10 			; <UNDEFINED> instruction: 0xb601fc10
    11e8:	0f00000c 	svceq	0x0000000c
    11ec:	00000335 	andeq	r0, r0, r5, lsr r3
    11f0:	b6020210 			; <UNDEFINED> instruction: 0xb6020210
    11f4:	1b00000c 	blne	122c <shift+0x122c>
    11f8:	000000e1 	andeq	r0, r0, r1, ror #1
    11fc:	7f03b301 	svcvc	0x0003b301
    1200:	fc00000c 	stc2	0, cr0, [r0], {12}
    1204:	16878044 	strne	r8, [r7], r4, asr #32
    1208:	01000001 	tsteq	r0, r1
    120c:	000d7f9c 	muleq	sp, ip, pc	; <UNPREDICTABLE>
    1210:	006e1c00 	rsbeq	r1, lr, r0, lsl #24
    1214:	7f03b301 	svcvc	0x0003b301
    1218:	0000000c 	andeq	r0, r0, ip
    121c:	1c000000 	stcne	0, cr0, [r0], {-0}
    1220:	b3010064 	movwlt	r0, #4196	; 0x1064
    1224:	000c7f03 	andeq	r7, ip, r3, lsl #30
    1228:	00002800 	andeq	r2, r0, r0, lsl #16
    122c:	70721c00 	rsbsvc	r1, r2, r0, lsl #24
    1230:	03b30100 			; <UNDEFINED> instruction: 0x03b30100
    1234:	00000d7f 	andeq	r0, r0, pc, ror sp
    1238:	00000060 	andeq	r0, r0, r0, rrx
    123c:	0100711d 	tsteq	r0, sp, lsl r1
    1240:	0c7f03b5 	ldcleq	3, cr0, [pc], #-724	; f74 <shift+0xf74>
    1244:	00800000 	addeq	r0, r0, r0
    1248:	721d0000 	andsvc	r0, sp, #0
    124c:	03b50100 			; <UNDEFINED> instruction: 0x03b50100
    1250:	00000c7f 	andeq	r0, r0, pc, ror ip
    1254:	000000e0 	andeq	r0, r0, r0, ror #1
    1258:	0100791d 	tsteq	r0, sp, lsl r9
    125c:	0c7f03b5 	ldcleq	3, cr0, [pc], #-724	; f90 <shift+0xf90>
    1260:	01380000 	teqeq	r8, r0
    1264:	6c1d0000 	ldcvs	0, cr0, [sp], {-0}
    1268:	0100317a 	tsteq	r0, sl, ror r1
    126c:	0c7403b6 	ldcleq	3, cr0, [r4], #-728	; 0xfffffd28
    1270:	01500000 	cmpeq	r0, r0
    1274:	6c1d0000 	ldcvs	0, cr0, [sp], {-0}
    1278:	0100327a 	tsteq	r0, sl, ror r2
    127c:	0c7403b6 	ldcleq	3, cr0, [r4], #-728	; 0xfffffd28
    1280:	01630000 	cmneq	r3, r0
    1284:	691d0000 	ldmdbvs	sp, {}	; <UNPREDICTABLE>
    1288:	03b60100 			; <UNDEFINED> instruction: 0x03b60100
    128c:	00000c74 	andeq	r0, r0, r4, ror ip
    1290:	00000176 	andeq	r0, r0, r6, ror r1
    1294:	01006b1d 	tsteq	r0, sp, lsl fp
    1298:	0c7403b6 	ldcleq	3, cr0, [r4], #-728	; 0xfffffd28
    129c:	01c40000 	biceq	r0, r4, r0
    12a0:	06000000 	streq	r0, [r0], -r0
    12a4:	000c7f04 	andeq	r7, ip, r4, lsl #30
	...

Disassembly of section .debug_abbrev:

00000000 <.debug_abbrev>:
   0:	10001101 	andne	r1, r0, r1, lsl #2
   4:	12011106 	andne	r1, r1, #-2147483647	; 0x80000001
   8:	1b080301 	blne	200c14 <shift+0x200c14>
   c:	13082508 	movwne	r2, #34056	; 0x8508
  10:	00000005 	andeq	r0, r0, r5
  14:	10001101 	andne	r1, r0, r1, lsl #2
  18:	12011106 	andne	r1, r1, #-2147483647	; 0x80000001
  1c:	1b080301 	blne	200c28 <shift+0x200c28>
  20:	13082508 	movwne	r2, #34056	; 0x8508
  24:	00000005 	andeq	r0, r0, r5
  28:	10001101 	andne	r1, r0, r1, lsl #2
  2c:	12011106 	andne	r1, r1, #-2147483647	; 0x80000001
  30:	1b080301 	blne	200c3c <shift+0x200c3c>
  34:	13082508 	movwne	r2, #34056	; 0x8508
  38:	00000005 	andeq	r0, r0, r5
  3c:	10001101 	andne	r1, r0, r1, lsl #2
  40:	12011106 	andne	r1, r1, #-2147483647	; 0x80000001
  44:	1b080301 	blne	200c50 <shift+0x200c50>
  48:	13082508 	movwne	r2, #34056	; 0x8508
  4c:	00000005 	andeq	r0, r0, r5
  50:	25011101 	strcs	r1, [r1, #-257]	; 0xfffffeff
  54:	030b130e 	movweq	r1, #45838	; 0xb30e
  58:	110e1b0e 	tstne	lr, lr, lsl #22
  5c:	10061201 	andne	r1, r6, r1, lsl #4
  60:	02000017 	andeq	r0, r0, #23
  64:	0b0b0024 	bleq	2c00fc <shift+0x2c00fc>
  68:	0e030b3e 	vmoveq.16	d3[0], r0
  6c:	24030000 	strcs	r0, [r3], #-0
  70:	3e0b0b00 	vmlacc.f64	d0, d11, d0
  74:	0008030b 	andeq	r0, r8, fp, lsl #6
  78:	00160400 	andseq	r0, r6, r0, lsl #8
  7c:	0b3a0e03 	bleq	e83890 <shift+0xe83890>
  80:	13490b3b 	movtne	r0, #39739	; 0x9b3b
  84:	0f050000 	svceq	0x00050000
  88:	000b0b00 	andeq	r0, fp, r0, lsl #22
  8c:	000f0600 	andeq	r0, pc, r0, lsl #12
  90:	13490b0b 	movtne	r0, #39691	; 0x9b0b
  94:	26070000 	strcs	r0, [r7], -r0
  98:	00134900 	andseq	r4, r3, r0, lsl #18
  9c:	01130800 	tsteq	r3, r0, lsl #16
  a0:	0b0b0e03 	bleq	2c38b4 <shift+0x2c38b4>
  a4:	0b3b0b3a 	bleq	ec2d94 <shift+0xec2d94>
  a8:	00001301 	andeq	r1, r0, r1, lsl #6
  ac:	03000d09 	movweq	r0, #3337	; 0xd09
  b0:	3b0b3a0e 	blcc	2ce8f0 <shift+0x2ce8f0>
  b4:	3813490b 	ldmdacc	r3, {r0, r1, r3, r8, fp, lr}
  b8:	0a00000b 	beq	ec <shift+0xec>
  bc:	0e03000d 	cdpeq	0, 0, cr0, cr3, cr13, {0}
  c0:	053b0b3a 	ldreq	r0, [fp, #-2874]!	; 0xfffff4c6
  c4:	0b381349 	bleq	e04df0 <shift+0xe04df0>
  c8:	160b0000 	strne	r0, [fp], -r0
  cc:	3a0e0300 	bcc	380cd4 <shift+0x380cd4>
  d0:	000b3b0b 	andeq	r3, fp, fp, lsl #22
  d4:	01010c00 	tsteq	r1, r0, lsl #24
  d8:	13011349 	movwne	r1, #4937	; 0x1349
  dc:	210d0000 	mrscs	r0, (UNDEF: 13)
  e0:	2f134900 	svccs	0x00134900
  e4:	0e00000b 	cdpeq	0, 0, cr0, cr0, cr11, {0}
  e8:	0e030013 	mcreq	0, 0, r0, cr3, cr3, {0}
  ec:	0000193c 	andeq	r1, r0, ip, lsr r9
  f0:	0300340f 	movweq	r3, #1039	; 0x40f
  f4:	3b0b3a0e 	blcc	2ce934 <shift+0x2ce934>
  f8:	3f134905 	svccc	0x00134905
  fc:	00193c19 	andseq	r3, r9, r9, lsl ip
 100:	00341000 	eorseq	r1, r4, r0
 104:	0b3a0e03 	bleq	e83918 <shift+0xe83918>
 108:	13490b3b 	movtne	r0, #39739	; 0x9b3b
 10c:	193c193f 	ldmdbne	ip!, {r0, r1, r2, r3, r4, r5, r8, fp, ip}
 110:	21110000 	tstcs	r1, r0
 114:	12000000 	andne	r0, r0, #0
 118:	19270115 	stmdbne	r7!, {r0, r2, r4, r8}
 11c:	13011349 	movwne	r1, #4937	; 0x1349
 120:	05130000 	ldreq	r0, [r3, #-0]
 124:	00134900 	andseq	r4, r3, r0, lsl #18
 128:	00261400 	eoreq	r1, r6, r0, lsl #8
 12c:	04150000 	ldreq	r0, [r5], #-0
 130:	3e0e0301 	cdpcc	3, 0, cr0, cr14, cr1, {0}
 134:	490b0b0b 	stmdbmi	fp, {r0, r1, r3, r8, r9, fp}
 138:	3b0b3a13 	blcc	2ce98c <shift+0x2ce98c>
 13c:	0013010b 	andseq	r0, r3, fp, lsl #2
 140:	00281600 	eoreq	r1, r8, r0, lsl #12
 144:	0b1c0e03 	bleq	703958 <shift+0x703958>
 148:	15170000 	ldrne	r0, [r7, #-0]
 14c:	00192700 	andseq	r2, r9, r0, lsl #14
 150:	00171800 	andseq	r1, r7, r0, lsl #16
 154:	193c0e03 	ldmdbne	ip!, {r0, r1, r9, sl, fp}
 158:	13190000 	tstne	r9, #0
 15c:	0b0e0301 	bleq	380d68 <shift+0x380d68>
 160:	3b0b3a0b 	blcc	2ce994 <shift+0x2ce994>
 164:	00130105 	andseq	r0, r3, r5, lsl #2
 168:	01041a00 	tsteq	r4, r0, lsl #20
 16c:	0b3e0e03 	bleq	f83980 <shift+0xf83980>
 170:	13490b0b 	movtne	r0, #39691	; 0x9b0b
 174:	053b0b3a 	ldreq	r0, [fp, #-2874]!	; 0xfffff4c6
 178:	00001301 	andeq	r1, r0, r1, lsl #6
 17c:	3f012e1b 	svccc	0x00012e1b
 180:	3a0e0319 	bcc	380dec <shift+0x380dec>
 184:	27053b0b 	strcs	r3, [r5, -fp, lsl #22]
 188:	11134919 	tstne	r3, r9, lsl r9
 18c:	40061201 	andmi	r1, r6, r1, lsl #4
 190:	19429718 	stmdbne	r2, {r3, r4, r8, r9, sl, ip, pc}^
 194:	00001301 	andeq	r1, r0, r1, lsl #6
 198:	0300051c 	movweq	r0, #1308	; 0x51c
 19c:	3b0b3a08 	blcc	2ce9c4 <shift+0x2ce9c4>
 1a0:	02134905 	andseq	r4, r3, #81920	; 0x14000
 1a4:	1d000017 	stcne	0, cr0, [r0, #-92]	; 0xffffffa4
 1a8:	08030034 	stmdaeq	r3, {r2, r4, r5}
 1ac:	053b0b3a 	ldreq	r0, [fp, #-2874]!	; 0xfffff4c6
 1b0:	17021349 	strne	r1, [r2, -r9, asr #6]
 1b4:	地址 0x00000000000001b4 越界。


Disassembly of section .debug_aranges:

00000000 <.debug_aranges>:
   0:	0000001c 	andeq	r0, r0, ip, lsl r0
   4:	00000002 	andeq	r0, r0, r2
   8:	00040000 	andeq	r0, r4, r0
   c:	00000000 	andeq	r0, r0, r0
  10:	878041a8 	strhi	r4, [r0, r8, lsr #3]
  14:	00000276 	andeq	r0, r0, r6, ror r2
	...
  20:	0000001c 	andeq	r0, r0, ip, lsl r0
  24:	014b0002 	cmpeq	fp, r2
  28:	00040000 	andeq	r0, r4, r0
  2c:	00000000 	andeq	r0, r0, r0
  30:	87804420 	strhi	r4, [r0, r0, lsr #8]
  34:	000000a0 	andeq	r0, r0, r0, lsr #1
	...
  40:	0000001c 	andeq	r0, r0, ip, lsl r0
  44:	02920002 	addseq	r0, r2, #2
  48:	00040000 	andeq	r0, r4, r0
  4c:	00000000 	andeq	r0, r0, r0
  50:	878044c0 	strhi	r4, [r0, r0, asr #9]
  54:	00000030 	andeq	r0, r0, r0, lsr r0
	...
  60:	0000001c 	andeq	r0, r0, ip, lsl r0
  64:	03d90002 	bicseq	r0, r9, #2
  68:	00040000 	andeq	r0, r4, r0
  6c:	00000000 	andeq	r0, r0, r0
  70:	878044f0 			; <UNDEFINED> instruction: 0x878044f0
  74:	0000000c 	andeq	r0, r0, ip
	...
  80:	0000001c 	andeq	r0, r0, ip, lsl r0
  84:	05240002 	streq	r0, [r4, #-2]!
  88:	00040000 	andeq	r0, r4, r0
  8c:	00000000 	andeq	r0, r0, r0
  90:	878044fc 			; <UNDEFINED> instruction: 0x878044fc
  94:	00000116 	andeq	r0, r0, r6, lsl r1
	...

Disassembly of section .debug_loc:

00000000 <.debug_loc>:
   0:	00000000 	andeq	r0, r0, r0
   4:	00000010 	andeq	r0, r0, r0, lsl r0
   8:	93500006 	cmpls	r0, #6
   c:	04935104 	ldreq	r5, [r3], #260	; 0x104
  10:	00000010 	andeq	r0, r0, r0, lsl r0
  14:	00000116 	andeq	r0, r0, r6, lsl r1
  18:	03f30006 	mvnseq	r0, #6
  1c:	9f2500f5 	svcls	0x002500f5
	...
  2c:	00000082 	andeq	r0, r0, r2, lsl #1
  30:	93520006 	cmpls	r2, #6
  34:	04935304 	ldreq	r5, [r3], #772	; 0x304
  38:	00000082 	andeq	r0, r0, r2, lsl #1
  3c:	000000fc 	strdeq	r0, [r0], -ip
  40:	03f30006 	mvnseq	r0, #6
  44:	9f2502f5 	svcls	0x002502f5
  48:	000000fc 	strdeq	r0, [r0], -ip
  4c:	00000116 	andeq	r0, r0, r6, lsl r1
  50:	93520006 	cmpls	r2, #6
  54:	04935304 	ldreq	r5, [r3], #772	; 0x304
	...
  64:	000000fc 	strdeq	r0, [r0], -ip
  68:	00910002 	addseq	r0, r1, r2
  6c:	000000fc 	strdeq	r0, [r0], -ip
  70:	00000116 	andeq	r0, r0, r6, lsl r1
  74:	00910002 	addseq	r0, r1, r2
	...
  84:	00000074 	andeq	r0, r0, r4, ror r0
  88:	089e000a 	ldmeq	lr, {r1, r3}
	...
  94:	00000074 	andeq	r0, r0, r4, ror r0
  98:	000000bc 	strheq	r0, [r0], -ip
  9c:	93500006 	cmpls	r0, #6
  a0:	04935104 	ldreq	r5, [r3], #260	; 0x104
  a4:	000000c8 	andeq	r0, r0, r8, asr #1
  a8:	000000e6 	andeq	r0, r0, r6, ror #1
  ac:	93500006 	cmpls	r0, #6
  b0:	04935104 	ldreq	r5, [r3], #260	; 0x104
  b4:	000000ee 	andeq	r0, r0, lr, ror #1
  b8:	000000fc 	strdeq	r0, [r0], -ip
  bc:	93500006 	cmpls	r0, #6
  c0:	04935104 	ldreq	r5, [r3], #260	; 0x104
  c4:	000000fc 	strdeq	r0, [r0], -ip
  c8:	00000116 	andeq	r0, r0, r6, lsl r1
  cc:	089e000a 	ldmeq	lr, {r1, r3}
	...
  e0:	00000012 	andeq	r0, r0, r2, lsl r0
  e4:	00000062 	andeq	r0, r0, r2, rrx
  e8:	93540006 	cmpls	r4, #6
  ec:	04935504 	ldreq	r5, [r3], #1284	; 0x504
  f0:	00000072 	andeq	r0, r0, r2, ror r0
  f4:	00000092 	muleq	r0, r2, r0
  f8:	93540006 	cmpls	r4, #6
  fc:	04935504 	ldreq	r5, [r3], #1284	; 0x504
 100:	00000096 	muleq	r0, r6, r0
 104:	000000a4 	andeq	r0, r0, r4, lsr #1
 108:	93540006 	cmpls	r4, #6
 10c:	04935504 	ldreq	r5, [r3], #1284	; 0x504
 110:	000000a6 	andeq	r0, r0, r6, lsr #1
 114:	000000c4 	andeq	r0, r0, r4, asr #1
 118:	93540006 	cmpls	r4, #6
 11c:	04935504 	ldreq	r5, [r3], #1284	; 0x504
 120:	000000ca 	andeq	r0, r0, sl, asr #1
 124:	00000116 	andeq	r0, r0, r6, lsl r1
 128:	93540006 	cmpls	r4, #6
 12c:	04935504 	ldreq	r5, [r3], #1284	; 0x504
	...
 138:	00000050 	andeq	r0, r0, r0, asr r0
 13c:	000000d6 	ldrdeq	r0, [r0], -r6
 140:	93560006 	cmpls	r6, #6
 144:	04935704 	ldreq	r5, [r3], #1796	; 0x704
	...
 150:	00000110 	andeq	r0, r0, r0, lsl r1
 154:	00000116 	andeq	r0, r0, r6, lsl r1
 158:	005c0001 	subseq	r0, ip, r1
 15c:	00000000 	andeq	r0, r0, r0
 160:	30000000 	andcc	r0, r0, r0
 164:	40000000 	andmi	r0, r0, r0
 168:	01000000 	mrseq	r0, (UNDEF: 0)
 16c:	00005100 	andeq	r5, r0, r0, lsl #2
 170:	00000000 	andeq	r0, r0, r0
 174:	00800000 	addeq	r0, r0, r0
 178:	00840000 	addeq	r0, r4, r0
 17c:	00010000 	andeq	r0, r1, r0
 180:	0000845c 	andeq	r8, r0, ip, asr r4
 184:	00009600 	andeq	r9, r0, r0, lsl #12
 188:	52000100 	andpl	r0, r0, #0, 2
 18c:	00000096 	muleq	r0, r6, r0
 190:	00000098 	muleq	r0, r8, r0
 194:	7f720003 	svcvc	0x00720003
 198:	0000989f 	muleq	r0, pc, r8	; <UNPREDICTABLE>
 19c:	0000a600 	andeq	sl, r0, r0, lsl #12
 1a0:	52000100 	andpl	r0, r0, #0, 2
 1a4:	000000a6 	andeq	r0, r0, r6, lsr #1
 1a8:	000000a8 	andeq	r0, r0, r8, lsr #1
 1ac:	7f720003 	svcvc	0x00720003
 1b0:	0000a89f 	muleq	r0, pc, r8	; <UNPREDICTABLE>
 1b4:	0000b600 	andeq	fp, r0, r0, lsl #12
 1b8:	52000100 	andpl	r0, r0, #0, 2
	...
 1c4:	00000034 	andeq	r0, r0, r4, lsr r0
 1c8:	000000de 	ldrdeq	r0, [r0], -lr
 1cc:	005c0001 	subseq	r0, ip, r1
 1d0:	00000000 	andeq	r0, r0, r0
 1d4:	地址 0x00000000000001d4 越界。


Disassembly of section .debug_str:

00000000 <.debug_str>:
       0:	5f617369 	svcpl	0x00617369
       4:	5f746962 	svcpl	0x00746962
       8:	645f7066 	ldrbvs	r7, [pc], #-102	; 10 <shift+0x10>
       c:	54006c62 	strpl	r6, [r0], #-3170	; 0xfffff39e
      10:	45475241 	strbmi	r5, [r7, #-577]	; 0xfffffdbf
      14:	50435f54 	subpl	r5, r3, r4, asr pc
      18:	72615f55 	rsbvc	r5, r1, #340	; 0x154
      1c:	3331316d 	teqcc	r1, #1073741851	; 0x4000001b
      20:	00736a36 	rsbseq	r6, r3, r6, lsr sl
      24:	5f6d7261 	svcpl	0x006d7261
      28:	68637261 	stmdavs	r3!, {r0, r5, r6, r9, ip, sp, lr}^
      2c:	6d77695f 			; <UNDEFINED> instruction: 0x6d77695f
      30:	0074786d 	rsbseq	r7, r4, sp, ror #16
      34:	47524154 			; <UNDEFINED> instruction: 0x47524154
      38:	435f5445 	cmpmi	pc, #1157627904	; 0x45000000
      3c:	635f5550 	cmpvs	pc, #80, 10	; 0x14000000
      40:	6574726f 	ldrbvs	r7, [r4, #-623]!	; 0xfffffd91
      44:	33326d78 	teqcc	r2, #120, 26	; 0x1e00
      48:	68735f00 	ldmdavs	r3!, {r8, r9, sl, fp, ip, lr}^
      4c:	6274726f 	rsbsvs	r7, r4, #-268435450	; 0xf0000006
      50:	41006675 	tstmi	r0, r5, ror r6
      54:	455f4d52 	ldrbmi	r4, [pc, #-3410]	; fffff30a <__bss_end+0x787f525a>
      58:	495f0051 	ldmdbmi	pc, {r0, r4, r6}^	; <UNPREDICTABLE>
      5c:	6f6c5f4f 	svcvs	0x006c5f4f
      60:	745f6b63 	ldrbvc	r6, [pc], #-2915	; 68 <shift+0x68>
      64:	52415400 	subpl	r5, r1, #0, 8
      68:	5f544547 	svcpl	0x00544547
      6c:	5f555043 	svcpl	0x00555043
      70:	316d7261 	cmncc	sp, r1, ror #4
      74:	74363531 	ldrtvc	r3, [r6], #-1329	; 0xfffffacf
      78:	00736632 	rsbseq	r6, r3, r2, lsr r6
      7c:	5f617369 	svcpl	0x00617369
      80:	5f746962 	svcpl	0x00746962
      84:	6d756874 	ldclvs	8, cr6, [r5, #-464]!	; 0xfffffe30
      88:	72700062 	rsbsvc	r0, r0, #98	; 0x62
      8c:	6172676f 	cmnvs	r2, pc, ror #14
      90:	6e695f6d 	cdpvs	15, 6, cr5, cr9, cr13, {3}
      94:	61636f76 	smcvs	14070	; 0x36f6
      98:	6e6f6974 			; <UNDEFINED> instruction: 0x6e6f6974
      9c:	6f68735f 	svcvs	0x0068735f
      a0:	6e5f7472 	mrcvs	4, 2, r7, cr15, cr2, {3}
      a4:	00656d61 	rsbeq	r6, r5, r1, ror #26
      a8:	65647473 	strbvs	r7, [r4, #-1139]!	; 0xfffffb8d
      ac:	55007272 	strpl	r7, [r0, #-626]	; 0xfffffd8e
      b0:	79744944 	ldmdbvc	r4!, {r2, r6, r8, fp, lr}^
      b4:	54006570 	strpl	r6, [r0], #-1392	; 0xfffffa90
      b8:	45475241 	strbmi	r5, [r7, #-577]	; 0xfffffdbf
      bc:	50435f54 	subpl	r5, r3, r4, asr pc
      c0:	6f635f55 	svcvs	0x00635f55
      c4:	78657472 	stmdavc	r5!, {r1, r4, r5, r6, sl, ip, sp, lr}^
      c8:	63373561 	teqvs	r7, #406847488	; 0x18400000
      cc:	6574726f 	ldrbvs	r7, [r4, #-623]!	; 0xfffffd91
      d0:	33356178 	teqcc	r5, #120, 2
      d4:	4f495f00 	svcmi	0x00495f00
      d8:	6675625f 			; <UNDEFINED> instruction: 0x6675625f
      dc:	646e655f 	strbtvs	r6, [lr], #-1375	; 0xfffffaa1
      e0:	755f5f00 	ldrbvc	r5, [pc, #-3840]	; fffff1e8 <__bss_end+0x787f5138>
      e4:	6d766964 			; <UNDEFINED> instruction: 0x6d766964
      e8:	6964646f 	stmdbvs	r4!, {r0, r1, r2, r3, r5, r6, sl, sp, lr}^
      ec:	41420034 	cmpmi	r2, r4, lsr r0
      f0:	415f4553 	cmpmi	pc, r3, asr r5	; <UNPREDICTABLE>
      f4:	5f484352 	svcpl	0x00484352
      f8:	425f4d38 	subsmi	r4, pc, #56, 26	; 0xe00
      fc:	00455341 	subeq	r5, r5, r1, asr #6
     100:	47524154 			; <UNDEFINED> instruction: 0x47524154
     104:	435f5445 	cmpmi	pc, #1157627904	; 0x45000000
     108:	615f5550 	cmpvs	pc, r0, asr r5	; <UNPREDICTABLE>
     10c:	31386d72 	teqcc	r8, r2, ror sp
     110:	41540030 	cmpmi	r4, r0, lsr r0
     114:	54454752 	strbpl	r4, [r5], #-1874	; 0xfffff8ae
     118:	5550435f 	ldrbpl	r4, [r0, #-863]	; 0xfffffca1
     11c:	6567785f 	strbvs	r7, [r7, #-2143]!	; 0xfffff7a1
     120:	0031656e 	eorseq	r6, r1, lr, ror #10
     124:	5f4d5241 	svcpl	0x004d5241
     128:	5f534350 	svcpl	0x00534350
     12c:	43504141 	cmpmi	r0, #1073741840	; 0x40000010
     130:	57495f53 	smlsldpl	r5, r9, r3, pc	; <UNPREDICTABLE>
     134:	54584d4d 	ldrbpl	r4, [r8], #-3405	; 0xfffff2b3
     138:	74706f00 	ldrbtvc	r6, [r0], #-3840	; 0xfffff100
     13c:	0074706f 	rsbseq	r7, r4, pc, rrx
     140:	47524154 			; <UNDEFINED> instruction: 0x47524154
     144:	435f5445 	cmpmi	pc, #1157627904	; 0x45000000
     148:	615f5550 	cmpvs	pc, r0, asr r5	; <UNPREDICTABLE>
     14c:	64376d72 	ldrtvs	r6, [r7], #-3442	; 0xfffff28e
     150:	41420069 	cmpmi	r2, r9, rrx
     154:	415f4553 	cmpmi	pc, r3, asr r5	; <UNPREDICTABLE>
     158:	5f484352 	svcpl	0x00484352
     15c:	41420032 	cmpmi	r2, r2, lsr r0
     160:	415f4553 	cmpmi	pc, r3, asr r5	; <UNPREDICTABLE>
     164:	5f484352 	svcpl	0x00484352
     168:	41540033 	cmpmi	r4, r3, lsr r0
     16c:	54454752 	strbpl	r4, [r5], #-1874	; 0xfffff8ae
     170:	5550435f 	ldrbpl	r4, [r0, #-863]	; 0xfffffca1
     174:	6d72615f 	ldfvse	f6, [r2, #-380]!	; 0xfffffe84
     178:	006d6437 	rsbeq	r6, sp, r7, lsr r4
     17c:	45534142 	ldrbmi	r4, [r3, #-322]	; 0xfffffebe
     180:	4352415f 	cmpmi	r2, #-1073741801	; 0xc0000017
     184:	00355f48 	eorseq	r5, r5, r8, asr #30
     188:	6d6f682f 	stclvs	8, cr6, [pc, #-188]!	; d4 <shift+0xd4>
     18c:	63742f65 	cmnvs	r4, #404	; 0x194
     190:	622d6777 	eorvs	r6, sp, #31195136	; 0x1dc0000
     194:	646c6975 	strbtvs	r6, [ip], #-2421	; 0xfffff68b
     198:	76616c73 			; <UNDEFINED> instruction: 0x76616c73
     19c:	6f772f65 	svcvs	0x00772f65
     1a0:	70736b72 	rsbsvc	r6, r3, r2, ror fp
     1a4:	2f656361 	svccs	0x00656361
     1a8:	67776374 			; <UNDEFINED> instruction: 0x67776374
     1ac:	6b616d2d 	blvs	185b668 <shift+0x185b668>
     1b0:	65722d65 	ldrbvs	r2, [r2, #-3429]!	; 0xfffff29b
     1b4:	7361656c 	cmnvc	r1, #108, 10	; 0x1b000000
     1b8:	2f315f65 	svccs	0x00315f65
     1bc:	6975625f 	ldmdbvs	r5!, {r0, r1, r2, r3, r4, r6, r9, sp, lr}^
     1c0:	622f646c 	eorvs	r6, pc, #108, 8	; 0x6c000000
     1c4:	646c6975 	strbtvs	r6, [ip], #-2421	; 0xfffff68b
     1c8:	38782f73 	ldmdacc	r8!, {r0, r1, r4, r5, r6, r8, r9, sl, fp, sp}^
     1cc:	34365f36 	ldrtcc	r5, [r6], #-3894	; 0xfffff0ca
     1d0:	6b6e752d 	blvs	1b9d68c <shift+0x1b9d68c>
     1d4:	6e776f6e 	cdpvs	15, 7, cr6, cr7, cr14, {3}
     1d8:	6e696c2d 	cdpvs	12, 6, cr6, cr9, cr13, {1}
     1dc:	672d7875 			; <UNDEFINED> instruction: 0x672d7875
     1e0:	612f756e 			; <UNDEFINED> instruction: 0x612f756e
     1e4:	6c2d6d72 	stcvs	13, cr6, [sp], #-456	; 0xfffffe38
     1e8:	78756e69 	ldmdavc	r5!, {r0, r3, r5, r6, r9, sl, fp, sp, lr}^
     1ec:	756e672d 	strbvc	r6, [lr, #-1837]!	; 0xfffff8d3
     1f0:	69626165 	stmdbvs	r2!, {r0, r2, r5, r6, r8, sp, lr}^
     1f4:	672f6668 	strvs	r6, [pc, -r8, ror #12]!
     1f8:	672e6363 	strvs	r6, [lr, -r3, ror #6]!
     1fc:	6c7e7469 	cfldrdvs	mvd7, [lr], #-420	; 0xfffffe5c
     200:	72616e69 	rsbvc	r6, r1, #1680	; 0x690
     204:	2e372d6f 	cdpcs	13, 3, cr2, cr7, cr15, {3}
     208:	30322d35 	eorscc	r2, r2, r5, lsr sp
     20c:	312e3931 			; <UNDEFINED> instruction: 0x312e3931
     210:	74732d32 	ldrbtvc	r2, [r3], #-3378	; 0xfffff2ce
     214:	32656761 	rsbcc	r6, r5, #25427968	; 0x1840000
     218:	6d72612f 	ldfvse	f6, [r2, #-188]!	; 0xffffff44
     21c:	6e696c2d 	cdpvs	12, 6, cr6, cr9, cr13, {1}
     220:	672d7875 			; <UNDEFINED> instruction: 0x672d7875
     224:	6165756e 	cmnvs	r5, lr, ror #10
     228:	66686962 	strbtvs	r6, [r8], -r2, ror #18
     22c:	62696c2f 	rsbvs	r6, r9, #12032	; 0x2f00
     230:	00636367 	rsbeq	r6, r3, r7, ror #6
     234:	45534142 	ldrbmi	r4, [r3, #-322]	; 0xfffffebe
     238:	4352415f 	cmpmi	r2, #-1073741801	; 0xc0000017
     23c:	00375f48 	eorseq	r5, r7, r8, asr #30
     240:	47524154 			; <UNDEFINED> instruction: 0x47524154
     244:	435f5445 	cmpmi	pc, #1157627904	; 0x45000000
     248:	785f5550 	ldmdavc	pc, {r4, r6, r8, sl, ip, lr}^	; <UNPREDICTABLE>
     24c:	6c616373 	stclvs	3, cr6, [r1], #-460	; 0xfffffe34
     250:	41540065 	cmpmi	r4, r5, rrx
     254:	54454752 	strbpl	r4, [r5], #-1874	; 0xfffff8ae
     258:	5550435f 	ldrbpl	r4, [r0, #-863]	; 0xfffffca1
     25c:	6d72615f 	ldfvse	f6, [r2, #-380]!	; 0xfffffe84
     260:	65363439 	ldrvs	r3, [r6, #-1081]!	; 0xfffffbc7
     264:	495f0073 	ldmdbmi	pc, {r0, r1, r4, r5, r6}^	; <UNPREDICTABLE>
     268:	72775f4f 	rsbsvc	r5, r7, #316	; 0x13c
     26c:	5f657469 	svcpl	0x00657469
     270:	00646e65 	rsbeq	r6, r4, r5, ror #28
     274:	47524154 			; <UNDEFINED> instruction: 0x47524154
     278:	435f5445 	cmpmi	pc, #1157627904	; 0x45000000
     27c:	635f5550 	cmpvs	pc, #80, 10	; 0x14000000
     280:	6574726f 	ldrbvs	r7, [r4, #-623]!	; 0xfffffd91
     284:	33336d78 	teqcc	r3, #120, 26	; 0x1e00
     288:	74656700 	strbtvc	r6, [r5], #-1792	; 0xfffff900
     28c:	65746164 	ldrbvs	r6, [r4, #-356]!	; 0xfffffe9c
     290:	7272655f 	rsbsvc	r6, r2, #398458880	; 0x17c00000
     294:	49535500 	ldmdbmi	r3, {r8, sl, ip, lr}^
     298:	65707974 	ldrbvs	r7, [r0, #-2420]!	; 0xfffff68c
     29c:	6c665f00 	stclvs	15, cr5, [r6], #-0
     2a0:	00736761 	rsbseq	r6, r3, r1, ror #14
     2a4:	5f617369 	svcpl	0x00617369
     2a8:	69626f6e 	stmdbvs	r2!, {r1, r2, r3, r5, r6, r8, r9, sl, fp, sp, lr}^
     2ac:	41540074 	cmpmi	r4, r4, ror r0
     2b0:	54454752 	strbpl	r4, [r5], #-1874	; 0xfffff8ae
     2b4:	5550435f 	ldrbpl	r4, [r0, #-863]	; 0xfffffca1
     2b8:	6d72615f 	ldfvse	f6, [r2, #-380]!	; 0xfffffe84
     2bc:	36373131 			; <UNDEFINED> instruction: 0x36373131
     2c0:	73667a6a 	cmnvc	r6, #434176	; 0x6a000
     2c4:	4d524100 	ldfmie	f4, [r2, #-0]
     2c8:	5343505f 	movtpl	r5, #12383	; 0x305f
     2cc:	4b4e555f 	blmi	1395850 <shift+0x1395850>
     2d0:	4e574f4e 	cdpmi	15, 5, cr4, cr7, cr14, {2}
     2d4:	6c665f00 	stclvs	15, cr5, [r6], #-0
     2d8:	32736761 	rsbscc	r6, r3, #25427968	; 0x1840000
     2dc:	52415400 	subpl	r5, r1, #0, 8
     2e0:	5f544547 	svcpl	0x00544547
     2e4:	5f555043 	svcpl	0x00555043
     2e8:	396d7261 	stmdbcc	sp!, {r0, r5, r6, r9, ip, sp, lr}^
     2ec:	41420065 	cmpmi	r2, r5, rrx
     2f0:	415f4553 	cmpmi	pc, r3, asr r5	; <UNPREDICTABLE>
     2f4:	5f484352 	svcpl	0x00484352
     2f8:	4a455435 	bmi	11553d4 <shift+0x11553d4>
     2fc:	61736900 	cmnvs	r3, r0, lsl #18
     300:	7469625f 	strbtvc	r6, [r9], #-607	; 0xfffffda1
     304:	4d52415f 	ldfmie	f4, [r2, #-380]	; 0xfffffe84
     308:	006b3676 	rsbeq	r3, fp, r6, ror r6
     30c:	5f6d7261 	svcpl	0x006d7261
     310:	73666363 	cmnvc	r6, #-1946157055	; 0x8c000001
     314:	74735f6d 	ldrbtvc	r5, [r3], #-3949	; 0xfffff093
     318:	00657461 	rsbeq	r7, r5, r1, ror #8
     31c:	70736e75 	rsbsvc	r6, r3, r5, ror lr
     320:	735f6365 	cmpvc	pc, #-1811939327	; 0x94000001
     324:	6e697274 	mcrvs	2, 3, r7, cr9, cr4, {3}
     328:	5f007367 	svcpl	0x00007367
     32c:	5f737973 	svcpl	0x00737973
     330:	7272656e 	rsbsvc	r6, r2, #461373440	; 0x1b800000
     334:	635f5f00 	cmpvs	pc, #0, 30
     338:	745f7a6c 	ldrbvc	r7, [pc], #-2668	; 340 <shift+0x340>
     33c:	41006261 	tstmi	r0, r1, ror #4
     340:	565f4d52 			; <UNDEFINED> instruction: 0x565f4d52
     344:	72610043 	rsbvc	r0, r1, #67	; 0x43
     348:	72615f6d 	rsbvc	r5, r1, #436	; 0x1b4
     34c:	785f6863 	ldmdavc	pc, {r0, r1, r5, r6, fp, sp, lr}^	; <UNPREDICTABLE>
     350:	6c616373 	stclvs	3, cr6, [r1], #-460	; 0xfffffe34
     354:	52410065 	subpl	r0, r1, #101	; 0x65
     358:	454c5f4d 	strbmi	r5, [ip, #-3917]	; 0xfffff0b3
     35c:	4d524100 	ldfmie	f4, [r2, #-0]
     360:	0053565f 	subseq	r5, r3, pc, asr r6
     364:	5f4d5241 	svcpl	0x004d5241
     368:	61004547 	tstvs	r0, r7, asr #10
     36c:	745f6d72 	ldrbvc	r6, [pc], #-3442	; 374 <shift+0x374>
     370:	5f656e75 	svcpl	0x00656e75
     374:	6f727473 	svcvs	0x00727473
     378:	7261676e 	rsbvc	r6, r1, #28835840	; 0x1b80000
     37c:	7369006d 	cmnvc	r9, #109	; 0x6d
     380:	75715f61 	ldrbvc	r5, [r1, #-3937]!	; 0xfffff09f
     384:	5f6b7269 	svcpl	0x006b7269
     388:	5f336d63 	svcpl	0x00336d63
     38c:	6472646c 	ldrbtvs	r6, [r2], #-1132	; 0xfffffb94
     390:	6d6f6300 	stclvs	3, cr6, [pc, #-0]	; 398 <shift+0x398>
     394:	78656c70 	stmdavc	r5!, {r4, r5, r6, sl, fp, sp, lr}^
     398:	6f6c6620 	svcvs	0x006c6620
     39c:	69007461 	stmdbvs	r0, {r0, r5, r6, sl, ip, sp, lr}
     3a0:	625f6173 	subsvs	r6, pc, #-1073741796	; 0xc000001c
     3a4:	635f7469 	cmpvs	pc, #1761607680	; 0x69000000
     3a8:	0065736d 	rsbeq	r7, r5, sp, ror #6
     3ac:	47524154 			; <UNDEFINED> instruction: 0x47524154
     3b0:	435f5445 	cmpmi	pc, #1157627904	; 0x45000000
     3b4:	635f5550 	cmpvs	pc, #80, 10	; 0x14000000
     3b8:	6574726f 	ldrbvs	r7, [r4, #-623]!	; 0xfffffd91
     3bc:	35316178 	ldrcc	r6, [r1, #-376]!	; 0xfffffe88
     3c0:	49515500 	ldmdbmi	r1, {r8, sl, ip, lr}^
     3c4:	65707974 	ldrbvs	r7, [r0, #-2420]!	; 0xfffff68c
     3c8:	52415400 	subpl	r5, r1, #0, 8
     3cc:	5f544547 	svcpl	0x00544547
     3d0:	5f555043 	svcpl	0x00555043
     3d4:	32376166 	eorscc	r6, r7, #-2147483623	; 0x80000019
     3d8:	00657436 	rsbeq	r7, r5, r6, lsr r4
     3dc:	47524154 			; <UNDEFINED> instruction: 0x47524154
     3e0:	435f5445 	cmpmi	pc, #1157627904	; 0x45000000
     3e4:	635f5550 	cmpvs	pc, #80, 10	; 0x14000000
     3e8:	6574726f 	ldrbvs	r7, [r4, #-623]!	; 0xfffffd91
     3ec:	37316178 			; <UNDEFINED> instruction: 0x37316178
     3f0:	4d524100 	ldfmie	f4, [r2, #-0]
     3f4:	0054475f 	subseq	r4, r4, pc, asr r7
     3f8:	5f4d5241 	svcpl	0x004d5241
     3fc:	6900544c 	stmdbvs	r0, {r2, r3, r6, sl, ip, lr}
     400:	625f6173 	subsvs	r6, pc, #-1073741796	; 0xc000001c
     404:	665f7469 	ldrbvs	r7, [pc], -r9, ror #8
     408:	63363170 	teqvs	r6, #112, 2
     40c:	00766e6f 	rsbseq	r6, r6, pc, ror #28
     410:	69745f5f 	ldmdbvs	r4!, {r0, r1, r2, r3, r4, r6, r8, r9, sl, fp, ip, lr}^
     414:	6f7a656d 	svcvs	0x007a656d
     418:	5400656e 	strpl	r6, [r0], #-1390	; 0xfffffa92
     41c:	45475241 	strbmi	r5, [r7, #-577]	; 0xfffffdbf
     420:	50435f54 	subpl	r5, r3, r4, asr pc
     424:	6f635f55 	svcvs	0x00635f55
     428:	78657472 	stmdavc	r5!, {r1, r4, r5, r6, sl, ip, sp, lr}^
     42c:	00663472 	rsbeq	r3, r6, r2, ror r4
     430:	47524154 			; <UNDEFINED> instruction: 0x47524154
     434:	435f5445 	cmpmi	pc, #1157627904	; 0x45000000
     438:	615f5550 	cmpvs	pc, r0, asr r5	; <UNPREDICTABLE>
     43c:	32396d72 	eorscc	r6, r9, #7296	; 0x1c80
     440:	41420030 	cmpmi	r2, r0, lsr r0
     444:	415f4553 	cmpmi	pc, r3, asr r5	; <UNPREDICTABLE>
     448:	5f484352 	svcpl	0x00484352
     44c:	004d4537 	subeq	r4, sp, r7, lsr r5
     450:	47524154 			; <UNDEFINED> instruction: 0x47524154
     454:	435f5445 	cmpmi	pc, #1157627904	; 0x45000000
     458:	635f5550 	cmpvs	pc, #80, 10	; 0x14000000
     45c:	6574726f 	ldrbvs	r7, [r4, #-623]!	; 0xfffffd91
     460:	32316178 	eorscc	r6, r1, #120, 2
     464:	745f5f00 	ldrbvc	r5, [pc], #-3840	; 46c <shift+0x46c>
     468:	6d616e7a 	stclvs	14, cr6, [r1, #-488]!	; 0xfffffe18
     46c:	61680065 	cmnvs	r8, r5, rrx
     470:	61766873 	cmnvs	r6, r3, ror r8
     474:	00745f6c 	rsbseq	r5, r4, ip, ror #30
     478:	5f4f495f 	svcpl	0x004f495f
     47c:	5f315f32 	svcpl	0x00315f32
     480:	69647473 	stmdbvs	r4!, {r0, r1, r4, r5, r6, sl, ip, sp, lr}^
     484:	42005f6e 	andmi	r5, r0, #440	; 0x1b8
     488:	5f455341 	svcpl	0x00455341
     48c:	48435241 	stmdami	r3, {r0, r6, r9, ip, lr}^
     490:	5a4b365f 	bpl	12cde14 <shift+0x12cde14>
     494:	61736900 	cmnvs	r3, r0, lsl #18
     498:	7469625f 	strbtvc	r6, [r9], #-607	; 0xfffffda1
     49c:	72610073 	rsbvc	r0, r1, #115	; 0x73
     4a0:	72615f6d 	rsbvc	r5, r1, #436	; 0x1b4
     4a4:	615f6863 	cmpvs	pc, r3, ror #16
     4a8:	685f6d72 	ldmdavs	pc, {r1, r4, r5, r6, r8, sl, fp, sp, lr}^	; <UNPREDICTABLE>
     4ac:	76696477 			; <UNDEFINED> instruction: 0x76696477
     4b0:	6f705f00 	svcvs	0x00705f00
     4b4:	72610073 	rsbvc	r0, r1, #115	; 0x73
     4b8:	70665f6d 	rsbvc	r5, r6, sp, ror #30
     4bc:	65645f75 	strbvs	r5, [r4, #-3957]!	; 0xfffff08b
     4c0:	73006373 	movwvc	r6, #883	; 0x373
     4c4:	756f6474 	strbvc	r6, [pc, #-1140]!	; 58 <shift+0x58>
     4c8:	73690074 	cmnvc	r9, #116	; 0x74
     4cc:	69625f61 	stmdbvs	r2!, {r0, r5, r6, r8, r9, sl, fp, ip, lr}^
     4d0:	70665f74 	rsbvc	r5, r6, r4, ror pc
     4d4:	5f003631 	svcpl	0x00003631
     4d8:	735f4f49 	cmpvc	pc, #292	; 0x124
     4dc:	5f657661 	svcpl	0x00657661
     4e0:	00646e65 	rsbeq	r6, r4, r5, ror #28
     4e4:	5f4d5241 	svcpl	0x004d5241
     4e8:	54004948 	strpl	r4, [r0], #-2376	; 0xfffff6b8
     4ec:	45475241 	strbmi	r5, [r7, #-577]	; 0xfffffdbf
     4f0:	50435f54 	subpl	r5, r3, r4, asr pc
     4f4:	72615f55 	rsbvc	r5, r1, #340	; 0x154
     4f8:	5400326d 	strpl	r3, [r0], #-621	; 0xfffffd93
     4fc:	45475241 	strbmi	r5, [r7, #-577]	; 0xfffffdbf
     500:	50435f54 	subpl	r5, r3, r4, asr pc
     504:	72615f55 	rsbvc	r5, r1, #340	; 0x154
     508:	5400336d 	strpl	r3, [r0], #-877	; 0xfffffc93
     50c:	45475241 	strbmi	r5, [r7, #-577]	; 0xfffffdbf
     510:	50435f54 	subpl	r5, r3, r4, asr pc
     514:	72615f55 	rsbvc	r5, r1, #340	; 0x154
     518:	3031376d 	eorscc	r3, r1, sp, ror #14
     51c:	41540030 	cmpmi	r4, r0, lsr r0
     520:	54454752 	strbpl	r4, [r5], #-1874	; 0xfffff8ae
     524:	5550435f 	ldrbpl	r4, [r0, #-863]	; 0xfffffca1
     528:	6d72615f 	ldfvse	f6, [r2, #-380]!	; 0xfffffe84
     52c:	41540036 	cmpmi	r4, r6, lsr r0
     530:	54454752 	strbpl	r4, [r5], #-1874	; 0xfffff8ae
     534:	5550435f 	ldrbpl	r4, [r0, #-863]	; 0xfffffca1
     538:	6d72615f 	ldfvse	f6, [r2, #-380]!	; 0xfffffe84
     53c:	41540037 	cmpmi	r4, r7, lsr r0
     540:	54454752 	strbpl	r4, [r5], #-1874	; 0xfffff8ae
     544:	5550435f 	ldrbpl	r4, [r0, #-863]	; 0xfffffca1
     548:	6d72615f 	ldfvse	f6, [r2, #-380]!	; 0xfffffe84
     54c:	41540038 	cmpmi	r4, r8, lsr r0
     550:	54454752 	strbpl	r4, [r5], #-1874	; 0xfffff8ae
     554:	5550435f 	ldrbpl	r4, [r0, #-863]	; 0xfffffca1
     558:	6d72615f 	ldfvse	f6, [r2, #-380]!	; 0xfffffe84
     55c:	6f6c0039 	svcvs	0x006c0039
     560:	6c20676e 	stcvs	7, cr6, [r0], #-440	; 0xfffffe48
     564:	20676e6f 	rsbcs	r6, r7, pc, ror #28
     568:	69736e75 	ldmdbvs	r3!, {r0, r2, r4, r5, r6, r9, sl, fp, sp, lr}^
     56c:	64656e67 	strbtvs	r6, [r5], #-3687	; 0xfffff199
     570:	746e6920 	strbtvc	r6, [lr], #-2336	; 0xfffff6e0
     574:	52415400 	subpl	r5, r1, #0, 8
     578:	5f544547 	svcpl	0x00544547
     57c:	5f555043 	svcpl	0x00555043
     580:	32366166 	eorscc	r6, r6, #-2147483623	; 0x80000019
     584:	41420036 	cmpmi	r2, r6, lsr r0
     588:	415f4553 	cmpmi	pc, r3, asr r5	; <UNPREDICTABLE>
     58c:	5f484352 	svcpl	0x00484352
     590:	69004d33 	stmdbvs	r0, {r0, r1, r4, r5, r8, sl, fp, lr}
     594:	715f6173 	cmpvc	pc, r3, ror r1	; <UNPREDICTABLE>
     598:	6b726975 	blvs	1c9ab74 <shift+0x1c9ab74>
     59c:	5f6f6e5f 	svcpl	0x006f6e5f
     5a0:	616c6f76 	smcvs	50934	; 0xc6f6
     5a4:	656c6974 	strbvs	r6, [ip, #-2420]!	; 0xfffff68c
     5a8:	0065635f 	rsbeq	r6, r5, pc, asr r3
     5ac:	5f4f495f 	svcpl	0x004f495f
     5b0:	454c4946 	strbmi	r4, [ip, #-2374]	; 0xfffff6ba
     5b4:	61736900 	cmnvs	r3, r0, lsl #18
     5b8:	6e75745f 	mrcvs	4, 3, r7, cr5, cr15, {2}
     5bc:	74735f65 	ldrbtvc	r5, [r3], #-3941	; 0xfffff09b
     5c0:	676e6f72 			; <UNDEFINED> instruction: 0x676e6f72
     5c4:	6d726100 	ldfvse	f6, [r2, #-0]
     5c8:	6372615f 	cmnvs	r2, #-1073741801	; 0xc0000017
     5cc:	6d635f68 	stclvs	15, cr5, [r3, #-416]!	; 0xfffffe60
     5d0:	54006573 	strpl	r6, [r0], #-1395	; 0xfffffa8d
     5d4:	45475241 	strbmi	r5, [r7, #-577]	; 0xfffffdbf
     5d8:	50435f54 	subpl	r5, r3, r4, asr pc
     5dc:	72615f55 	rsbvc	r5, r1, #340	; 0x154
     5e0:	3031366d 	eorscc	r3, r1, sp, ror #12
     5e4:	52415400 	subpl	r5, r1, #0, 8
     5e8:	5f544547 	svcpl	0x00544547
     5ec:	5f555043 	svcpl	0x00555043
     5f0:	316d7261 	cmncc	sp, r1, ror #4
     5f4:	54006530 	strpl	r6, [r0], #-1328	; 0xfffffad0
     5f8:	45475241 	strbmi	r5, [r7, #-577]	; 0xfffffdbf
     5fc:	50435f54 	subpl	r5, r3, r4, asr pc
     600:	72615f55 	rsbvc	r5, r1, #340	; 0x154
     604:	3035376d 	eorscc	r3, r5, sp, ror #14
     608:	00656630 	rsbeq	r6, r5, r0, lsr r6
     60c:	47524154 			; <UNDEFINED> instruction: 0x47524154
     610:	435f5445 	cmpmi	pc, #1157627904	; 0x45000000
     614:	615f5550 	cmpvs	pc, r0, asr r5	; <UNPREDICTABLE>
     618:	31376d72 	teqcc	r7, r2, ror sp
     61c:	61006330 	tstvs	r0, r0, lsr r3
     620:	635f6d72 	cmpvs	pc, #7296	; 0x1c80
     624:	5f646e6f 	svcpl	0x00646e6f
     628:	65646f63 	strbvs	r6, [r4, #-3939]!	; 0xfffff09d
     62c:	4d524100 	ldfmie	f4, [r2, #-0]
     630:	5343505f 	movtpl	r5, #12383	; 0x305f
     634:	5041415f 	subpl	r4, r1, pc, asr r1
     638:	5f005343 	svcpl	0x00005343
     63c:	625f4f49 	subsvs	r4, pc, #292	; 0x124
     640:	756b6361 	strbvc	r6, [fp, #-865]!	; 0xfffffc9f
     644:	61625f70 	smcvs	9712	; 0x25f0
     648:	41006573 	tstmi	r0, r3, ror r5
     64c:	505f4d52 	subspl	r4, pc, r2, asr sp	; <UNPREDICTABLE>
     650:	415f5343 	cmpmi	pc, r3, asr #6
     654:	53435041 	movtpl	r5, #12353	; 0x3041
     658:	434f4c5f 	movtmi	r4, #64607	; 0xfc5f
     65c:	54004c41 	strpl	r4, [r0], #-3137	; 0xfffff3bf
     660:	45475241 	strbmi	r5, [r7, #-577]	; 0xfffffdbf
     664:	50435f54 	subpl	r5, r3, r4, asr pc
     668:	6f635f55 	svcvs	0x00635f55
     66c:	78657472 	stmdavc	r5!, {r1, r4, r5, r6, sl, ip, sp, lr}^
     670:	63373161 	teqvs	r7, #1073741848	; 0x40000018
     674:	6574726f 	ldrbvs	r7, [r4, #-623]!	; 0xfffffd91
     678:	00376178 	eorseq	r6, r7, r8, ror r1
     67c:	47524154 			; <UNDEFINED> instruction: 0x47524154
     680:	435f5445 	cmpmi	pc, #1157627904	; 0x45000000
     684:	615f5550 	cmpvs	pc, r0, asr r5	; <UNPREDICTABLE>
     688:	31376d72 	teqcc	r7, r2, ror sp
     68c:	70007430 	andvc	r7, r0, r0, lsr r4
     690:	72676f72 	rsbvc	r6, r7, #456	; 0x1c8
     694:	695f6d61 	ldmdbvs	pc, {r0, r5, r6, r8, sl, fp, sp, lr}^	; <UNPREDICTABLE>
     698:	636f766e 	cmnvs	pc, #115343360	; 0x6e00000
     69c:	6f697461 	svcvs	0x00697461
     6a0:	616e5f6e 	cmnvs	lr, lr, ror #30
     6a4:	6100656d 	tstvs	r0, sp, ror #10
     6a8:	615f6d72 	cmpvs	pc, r2, ror sp	; <UNPREDICTABLE>
     6ac:	5f686372 	svcpl	0x00686372
     6b0:	6d6d7769 	stclvs	7, cr7, [sp, #-420]!	; 0xfffffe5c
     6b4:	00327478 	eorseq	r7, r2, r8, ror r4
     6b8:	6c69665f 	stclvs	6, cr6, [r9], #-380	; 0xfffffe84
     6bc:	006f6e65 	rsbeq	r6, pc, r5, ror #28
     6c0:	61705f5f 	cmnvs	r0, pc, asr pc
     6c4:	69003164 	stmdbvs	r0, {r2, r5, r6, r8, ip, sp}
     6c8:	6e5f6173 	mrcvs	1, 2, r6, cr15, cr3, {3}
     6cc:	625f6d75 	subsvs	r6, pc, #7488	; 0x1d40
     6d0:	00737469 	rsbseq	r7, r3, r9, ror #8
     6d4:	47524154 			; <UNDEFINED> instruction: 0x47524154
     6d8:	435f5445 	cmpmi	pc, #1157627904	; 0x45000000
     6dc:	635f5550 	cmpvs	pc, #80, 10	; 0x14000000
     6e0:	6574726f 	ldrbvs	r7, [r4, #-623]!	; 0xfffffd91
     6e4:	70306d78 	eorsvc	r6, r0, r8, ror sp
     6e8:	7373756c 	cmnvc	r3, #108, 10	; 0x1b000000
     6ec:	6c6c616d 	stfvse	f6, [ip], #-436	; 0xfffffe4c
     6f0:	746c756d 	strbtvc	r7, [ip], #-1389	; 0xfffffa93
     6f4:	796c7069 	stmdbvc	ip!, {r0, r3, r5, r6, ip, sp, lr}^
     6f8:	52415400 	subpl	r5, r1, #0, 8
     6fc:	5f544547 	svcpl	0x00544547
     700:	5f555043 	svcpl	0x00555043
     704:	6e797865 	cdpvs	8, 7, cr7, cr9, cr5, {3}
     708:	316d736f 	cmncc	sp, pc, ror #6
     70c:	6b616d00 	blvs	185bb14 <shift+0x185bb14>
     710:	5f676e69 	svcpl	0x00676e69
     714:	736e6f63 	cmnvc	lr, #396	; 0x18c
     718:	61745f74 	cmnvs	r4, r4, ror pc
     71c:	00656c62 	rsbeq	r6, r5, r2, ror #24
     720:	5f617369 	svcpl	0x00617369
     724:	5f746962 	svcpl	0x00746962
     728:	76696474 			; <UNDEFINED> instruction: 0x76696474
     72c:	65727000 	ldrbvs	r7, [r2, #-0]!
     730:	5f726566 	svcpl	0x00726566
     734:	6e6f656e 	cdpvs	5, 6, cr6, cr15, cr14, {3}
     738:	726f665f 	rsbvc	r6, pc, #99614720	; 0x5f00000
     73c:	6234365f 	eorsvs	r3, r4, #99614720	; 0x5f00000
     740:	00737469 	rsbseq	r7, r3, r9, ror #8
     744:	47524154 			; <UNDEFINED> instruction: 0x47524154
     748:	435f5445 	cmpmi	pc, #1157627904	; 0x45000000
     74c:	635f5550 	cmpvs	pc, #80, 10	; 0x14000000
     750:	6574726f 	ldrbvs	r7, [r4, #-623]!	; 0xfffffd91
     754:	32336178 	eorscc	r6, r3, #120, 2
     758:	7a697300 	bvc	1a5d360 <shift+0x1a5d360>
     75c:	00745f65 	rsbseq	r5, r4, r5, ror #30
     760:	47524154 			; <UNDEFINED> instruction: 0x47524154
     764:	435f5445 	cmpmi	pc, #1157627904	; 0x45000000
     768:	615f5550 	cmpvs	pc, r0, asr r5	; <UNPREDICTABLE>
     76c:	32366d72 	eorscc	r6, r6, #7296	; 0x1c80
     770:	6d5f0030 	ldclvs	0, cr0, [pc, #-192]	; 6b8 <shift+0x6b8>
     774:	656b7261 	strbvs	r7, [fp, #-609]!	; 0xfffffd9f
     778:	75007372 	strvc	r7, [r0, #-882]	; 0xfffffc8e
     77c:	6570736e 	ldrbvs	r7, [r0, #-878]!	; 0xfffffc92
     780:	735f7663 	cmpvc	pc, #103809024	; 0x6300000
     784:	6e697274 	mcrvs	2, 3, r7, cr9, cr4, {3}
     788:	5f007367 	svcpl	0x00007367
     78c:	725f4f49 	subsvc	r4, pc, #292	; 0x124
     790:	5f646165 	svcpl	0x00646165
     794:	65736162 	ldrbvs	r6, [r3, #-354]!	; 0xfffffe9e
     798:	75635f00 	strbvc	r5, [r3, #-3840]!	; 0xfffff100
     79c:	6f635f72 	svcvs	0x00635f72
     7a0:	6e6d756c 	cdpvs	5, 6, cr7, cr13, cr12, {3}
     7a4:	554e4700 	strbpl	r4, [lr, #-1792]	; 0xfffff900
     7a8:	31314320 	teqcc	r1, r0, lsr #6
     7ac:	352e3720 	strcc	r3, [lr, #-1824]!	; 0xfffff8e0
     7b0:	2d20302e 	stccs	0, cr3, [r0, #-184]!	; 0xffffff48
     7b4:	6372616d 	cmnvs	r2, #1073741851	; 0x4000001b
     7b8:	72613d68 	rsbvc	r3, r1, #104, 26	; 0x1a00
     7bc:	2d37766d 	ldccs	6, cr7, [r7, #-436]!	; 0xfffffe4c
     7c0:	6d2d2061 	stcvs	0, cr2, [sp, #-388]!	; 0xfffffe7c
     7c4:	656e7574 	strbvs	r7, [lr, #-1396]!	; 0xfffffa8c
     7c8:	726f633d 	rsbvc	r6, pc, #-201326592	; 0xf4000000
     7cc:	2d786574 	cfldr64cs	mvdx6, [r8, #-464]!	; 0xfffffe30
     7d0:	2d203961 			; <UNDEFINED> instruction: 0x2d203961
     7d4:	6f6c666d 	svcvs	0x006c666d
     7d8:	612d7461 			; <UNDEFINED> instruction: 0x612d7461
     7dc:	683d6962 	ldmdavs	sp!, {r1, r5, r6, r8, fp, sp, lr}
     7e0:	20647261 	rsbcs	r7, r4, r1, ror #4
     7e4:	70666d2d 	rsbvc	r6, r6, sp, lsr #26
     7e8:	66763d75 			; <UNDEFINED> instruction: 0x66763d75
     7ec:	2d337670 	ldccs	6, cr7, [r3, #-448]!	; 0xfffffe40
     7f0:	20363164 	eorscs	r3, r6, r4, ror #2
     7f4:	68746d2d 	ldmdavs	r4!, {r0, r2, r3, r5, r8, sl, fp, sp, lr}^
     7f8:	20626d75 	rsbcs	r6, r2, r5, ror sp
     7fc:	6c746d2d 	ldclvs	13, cr6, [r4], #-180	; 0xffffff4c
     800:	69642d73 	stmdbvs	r4!, {r0, r1, r4, r5, r6, r8, sl, fp, sp}^
     804:	63656c61 	cmnvs	r5, #24832	; 0x6100
     808:	6e673d74 	mcrvs	13, 3, r3, cr7, cr4, {3}
     80c:	672d2075 			; <UNDEFINED> instruction: 0x672d2075
     810:	20672d20 	rsbcs	r2, r7, r0, lsr #26
     814:	2d20672d 	stccs	7, cr6, [r0, #-180]!	; 0xffffff4c
     818:	2d20324f 	sfmcs	f3, 4, [r0, #-316]!	; 0xfffffec4
     81c:	2d20324f 	sfmcs	f3, 4, [r0, #-316]!	; 0xfffffec4
     820:	2d20324f 	sfmcs	f3, 4, [r0, #-316]!	; 0xfffffec4
     824:	69756266 	ldmdbvs	r5!, {r1, r2, r5, r6, r9, sp, lr}^
     828:	6e69646c 	cdpvs	4, 6, cr6, cr9, cr12, {3}
     82c:	696c2d67 	stmdbvs	ip!, {r0, r1, r2, r5, r6, r8, sl, fp, sp}^
     830:	63636762 	cmnvs	r3, #25690112	; 0x1880000
     834:	6e662d20 	cdpvs	13, 6, cr2, cr6, cr0, {1}
     838:	74732d6f 	ldrbtvc	r2, [r3], #-3439	; 0xfffff291
     83c:	2d6b6361 	stclcs	3, cr6, [fp, #-388]!	; 0xfffffe7c
     840:	746f7270 	strbtvc	r7, [pc], #-624	; 848 <shift+0x848>
     844:	6f746365 	svcvs	0x00746365
     848:	662d2072 			; <UNDEFINED> instruction: 0x662d2072
     84c:	20434950 	subcs	r4, r3, r0, asr r9
     850:	6f6e662d 	svcvs	0x006e662d
     854:	6c6e692d 			; <UNDEFINED> instruction: 0x6c6e692d
     858:	20656e69 	rsbcs	r6, r5, r9, ror #28
     85c:	7865662d 	stmdavc	r5!, {r0, r2, r3, r5, r9, sl, sp, lr}^
     860:	74706563 	ldrbtvc	r6, [r0], #-1379	; 0xfffffa9d
     864:	736e6f69 	cmnvc	lr, #420	; 0x1a4
     868:	76662d20 	strbtvc	r2, [r6], -r0, lsr #26
     86c:	62697369 	rsbvs	r7, r9, #-1543503871	; 0xa4000001
     870:	74696c69 	strbtvc	r6, [r9], #-3177	; 0xfffff397
     874:	69683d79 	stmdbvs	r8!, {r0, r3, r4, r5, r6, r8, sl, fp, ip, sp}^
     878:	6e656464 	cdpvs	4, 6, cr6, cr5, cr4, {3}
     87c:	52415400 	subpl	r5, r1, #0, 8
     880:	5f544547 	svcpl	0x00544547
     884:	5f555043 	svcpl	0x00555043
     888:	316d7261 	cmncc	sp, r1, ror #4
     88c:	65363230 	ldrvs	r3, [r6, #-560]!	; 0xfffffdd0
     890:	6100736a 	tstvs	r0, sl, ror #6
     894:	665f6c6c 	ldrbvs	r6, [pc], -ip, ror #24
     898:	00737570 	rsbseq	r7, r3, r0, ror r5
     89c:	5f6d7261 	svcpl	0x006d7261
     8a0:	68637261 	stmdavs	r3!, {r0, r5, r6, r9, ip, sp, lr}^
     8a4:	54006d33 	strpl	r6, [r0], #-3379	; 0xfffff2cd
     8a8:	45475241 	strbmi	r5, [r7, #-577]	; 0xfffffdbf
     8ac:	50435f54 	subpl	r5, r3, r4, asr pc
     8b0:	61665f55 	cmnvs	r6, r5, asr pc
     8b4:	74363036 	ldrtvc	r3, [r6], #-54	; 0xffffffca
     8b8:	74730065 	ldrbtvc	r0, [r3], #-101	; 0xffffff9b
     8bc:	006e6964 	rsbeq	r6, lr, r4, ror #18
     8c0:	47524154 			; <UNDEFINED> instruction: 0x47524154
     8c4:	435f5445 	cmpmi	pc, #1157627904	; 0x45000000
     8c8:	615f5550 	cmpvs	pc, r0, asr r5	; <UNPREDICTABLE>
     8cc:	32396d72 	eorscc	r6, r9, #7296	; 0x1c80
     8d0:	736a6536 	cmnvc	sl, #226492416	; 0xd800000
     8d4:	53414200 	movtpl	r4, #4608	; 0x1200
     8d8:	52415f45 	subpl	r5, r1, #276	; 0x114
     8dc:	345f4843 	ldrbcc	r4, [pc], #-2115	; 8e4 <shift+0x8e4>
     8e0:	73690054 	cmnvc	r9, #84	; 0x54
     8e4:	69625f61 	stmdbvs	r2!, {r0, r5, r6, r8, r9, sl, fp, ip, lr}^
     8e8:	72635f74 	rsbvc	r5, r3, #116, 30	; 0x1d0
     8ec:	6f747079 	svcvs	0x00747079
     8f0:	656e5f00 	strbvs	r5, [lr, #-3840]!	; 0xfffff100
     8f4:	61007478 	tstvs	r0, r8, ror r4
     8f8:	725f6d72 	subsvc	r6, pc, #7296	; 0x1c80
     8fc:	5f736765 	svcpl	0x00736765
     900:	735f6e69 	cmpvc	pc, #1680	; 0x690
     904:	65757165 	ldrbvs	r7, [r5, #-357]!	; 0xfffffe9b
     908:	0065636e 	rsbeq	r6, r5, lr, ror #6
     90c:	45534142 	ldrbmi	r4, [r3, #-322]	; 0xfffffebe
     910:	4352415f 	cmpmi	r2, #-1073741801	; 0xc0000017
     914:	54355f48 	ldrtpl	r5, [r5], #-3912	; 0xfffff0b8
     918:	495f0045 	ldmdbmi	pc, {r0, r2, r6}^	; <UNPREDICTABLE>
     91c:	616d5f4f 	cmnvs	sp, pc, asr #30
     920:	72656b72 	rsbvc	r6, r5, #116736	; 0x1c800
     924:	52415400 	subpl	r5, r1, #0, 8
     928:	5f544547 	svcpl	0x00544547
     92c:	5f555043 	svcpl	0x00555043
     930:	33397065 	teqcc	r9, #101	; 0x65
     934:	69003231 	stmdbvs	r0, {r0, r4, r5, r9, ip, sp}
     938:	665f6173 			; <UNDEFINED> instruction: 0x665f6173
     93c:	75746165 	ldrbvc	r6, [r4, #-357]!	; 0xfffffe9b
     940:	69006572 	stmdbvs	r0, {r1, r4, r5, r6, r8, sl, sp, lr}
     944:	625f6173 	subsvs	r6, pc, #-1073741796	; 0xc000001c
     948:	735f7469 	cmpvc	pc, #1761607680	; 0x69000000
     94c:	6c6c616d 	stfvse	f6, [ip], #-436	; 0xfffffe4c
     950:	006c756d 	rsbeq	r7, ip, sp, ror #10
     954:	5f617369 	svcpl	0x00617369
     958:	5f746962 	svcpl	0x00746962
     95c:	764d5241 	strbvc	r5, [sp], -r1, asr #4
     960:	00315f38 	eorseq	r5, r1, r8, lsr pc
     964:	5f617369 	svcpl	0x00617369
     968:	5f746962 	svcpl	0x00746962
     96c:	764d5241 	strbvc	r5, [sp], -r1, asr #4
     970:	00325f38 	eorseq	r5, r2, r8, lsr pc
     974:	5f6d7261 	svcpl	0x006d7261
     978:	676e616c 	strbvs	r6, [lr, -ip, ror #2]!
     97c:	74756f5f 	ldrbtvc	r6, [r5], #-3935	; 0xfffff0a1
     980:	5f747570 	svcpl	0x00747570
     984:	656a626f 	strbvs	r6, [sl, #-623]!	; 0xfffffd91
     988:	615f7463 	cmpvs	pc, r3, ror #8
     98c:	69727474 	ldmdbvs	r2!, {r2, r4, r5, r6, sl, ip, sp, lr}^
     990:	65747562 	ldrbvs	r7, [r4, #-1378]!	; 0xfffffa9e
     994:	6f685f73 	svcvs	0x00685f73
     998:	69006b6f 	stmdbvs	r0, {r0, r1, r2, r3, r5, r6, r8, r9, fp, sp, lr}
     99c:	625f6173 	subsvs	r6, pc, #-1073741796	; 0xc000001c
     9a0:	665f7469 	ldrbvs	r7, [pc], -r9, ror #8
     9a4:	33645f70 	cmncc	r4, #112, 30	; 0x1c0
     9a8:	52410032 	subpl	r0, r1, #50	; 0x32
     9ac:	454e5f4d 	strbmi	r5, [lr, #-3917]	; 0xfffff0b3
     9b0:	52415400 	subpl	r5, r1, #0, 8
     9b4:	5f544547 	svcpl	0x00544547
     9b8:	5f555043 	svcpl	0x00555043
     9bc:	316d7261 	cmncc	sp, r1, ror #4
     9c0:	6a363731 	bvs	d8e68c <shift+0xd8e68c>
     9c4:	4200737a 	andmi	r7, r0, #-402653183	; 0xe8000001
     9c8:	5f455341 	svcpl	0x00455341
     9cc:	48435241 	stmdami	r3, {r0, r6, r9, ip, lr}^
     9d0:	0045355f 	subeq	r3, r5, pc, asr r5
     9d4:	5f617369 	svcpl	0x00617369
     9d8:	5f746962 	svcpl	0x00746962
     9dc:	76696461 	strbtvc	r6, [r9], -r1, ror #8
     9e0:	4f495f00 	svcmi	0x00495f00
     9e4:	315f325f 	cmpcc	pc, pc, asr r2	; <UNPREDICTABLE>
     9e8:	6474735f 	ldrbtvs	r7, [r4], #-863	; 0xfffffca1
     9ec:	5f727265 	svcpl	0x00727265
     9f0:	6f727000 	svcvs	0x00727000
     9f4:	73736563 	cmnvc	r3, #415236096	; 0x18c00000
     9f8:	745f726f 	ldrbvc	r7, [pc], #-623	; a00 <shift+0xa00>
     9fc:	00657079 	rsbeq	r7, r5, r9, ror r0
     a00:	5f6d7261 	svcpl	0x006d7261
     a04:	00736370 	rsbseq	r6, r3, r0, ror r3
     a08:	646f6d5f 	strbtvs	r6, [pc], #-3423	; a10 <shift+0xa10>
     a0c:	72610065 	rsbvc	r0, r1, #101	; 0x65
     a10:	72615f6d 	rsbvc	r5, r1, #436	; 0x1b4
     a14:	74346863 	ldrtvc	r6, [r4], #-2147	; 0xfffff79d
     a18:	52415400 	subpl	r5, r1, #0, 8
     a1c:	5f544547 	svcpl	0x00544547
     a20:	5f555043 	svcpl	0x00555043
     a24:	74726f63 	ldrbtvc	r6, [r2], #-3939	; 0xfffff09d
     a28:	31617865 	cmncc	r1, r5, ror #16
     a2c:	726f6335 	rsbvc	r6, pc, #-738197504	; 0xd4000000
     a30:	61786574 	cmnvs	r8, r4, ror r5
     a34:	72610037 	rsbvc	r0, r1, #55	; 0x37
     a38:	75745f6d 	ldrbvc	r5, [r4, #-3949]!	; 0xfffff093
     a3c:	775f656e 	ldrbvc	r6, [pc, -lr, ror #10]
     a40:	00667562 	rsbeq	r7, r6, r2, ror #10
     a44:	62617468 	rsbvs	r7, r1, #104, 8	; 0x68000000
     a48:	7361685f 	cmnvc	r1, #6225920	; 0x5f0000
     a4c:	495f0068 	ldmdbmi	pc, {r3, r5, r6}^	; <UNPREDICTABLE>
     a50:	65725f4f 	ldrbvs	r5, [r2, #-3919]!	; 0xfffff0b1
     a54:	705f6461 	subsvc	r6, pc, r1, ror #8
     a58:	69007274 	stmdbvs	r0, {r2, r4, r5, r6, r9, ip, sp, lr}
     a5c:	625f6173 	subsvs	r6, pc, #-1073741796	; 0xc000001c
     a60:	415f7469 	cmpmi	pc, r9, ror #8
     a64:	37764d52 			; <UNDEFINED> instruction: 0x37764d52
     a68:	54006d65 	strpl	r6, [r0], #-3429	; 0xfffff29b
     a6c:	45475241 	strbmi	r5, [r7, #-577]	; 0xfffffdbf
     a70:	50435f54 	subpl	r5, r3, r4, asr pc
     a74:	6f635f55 	svcvs	0x00635f55
     a78:	78657472 	stmdavc	r5!, {r1, r4, r5, r6, sl, ip, sp, lr}^
     a7c:	5400306d 	strpl	r3, [r0], #-109	; 0xffffff93
     a80:	45475241 	strbmi	r5, [r7, #-577]	; 0xfffffdbf
     a84:	50435f54 	subpl	r5, r3, r4, asr pc
     a88:	6f635f55 	svcvs	0x00635f55
     a8c:	78657472 	stmdavc	r5!, {r1, r4, r5, r6, sl, ip, sp, lr}^
     a90:	5400316d 	strpl	r3, [r0], #-365	; 0xfffffe93
     a94:	45475241 	strbmi	r5, [r7, #-577]	; 0xfffffdbf
     a98:	50435f54 	subpl	r5, r3, r4, asr pc
     a9c:	6f635f55 	svcvs	0x00635f55
     aa0:	78657472 	stmdavc	r5!, {r1, r4, r5, r6, sl, ip, sp, lr}^
     aa4:	5400336d 	strpl	r3, [r0], #-877	; 0xfffffc93
     aa8:	45475241 	strbmi	r5, [r7, #-577]	; 0xfffffdbf
     aac:	50435f54 	subpl	r5, r3, r4, asr pc
     ab0:	6f635f55 	svcvs	0x00635f55
     ab4:	78657472 	stmdavc	r5!, {r1, r4, r5, r6, sl, ip, sp, lr}^
     ab8:	6100346d 	tstvs	r0, sp, ror #8
     abc:	615f6d72 	cmpvs	pc, r2, ror sp	; <UNPREDICTABLE>
     ac0:	5f686372 	svcpl	0x00686372
     ac4:	656d616e 	strbvs	r6, [sp, #-366]!	; 0xfffffe92
     ac8:	52415400 	subpl	r5, r1, #0, 8
     acc:	5f544547 	svcpl	0x00544547
     ad0:	5f555043 	svcpl	0x00555043
     ad4:	376d7261 	strbcc	r7, [sp, -r1, ror #4]!
     ad8:	696d6474 	stmdbvs	sp!, {r2, r4, r5, r6, sl, sp, lr}^
     adc:	52415400 	subpl	r5, r1, #0, 8
     ae0:	5f544547 	svcpl	0x00544547
     ae4:	5f555043 	svcpl	0x00555043
     ae8:	74726f63 	ldrbtvc	r6, [r2], #-3939	; 0xfffff09d
     aec:	376d7865 	strbcc	r7, [sp, -r5, ror #16]!
     af0:	52415400 	subpl	r5, r1, #0, 8
     af4:	5f544547 	svcpl	0x00544547
     af8:	5f555043 	svcpl	0x00555043
     afc:	74726f63 	ldrbtvc	r6, [r2], #-3939	; 0xfffff09d
     b00:	35617865 	strbcc	r7, [r1, #-2149]!	; 0xfffff79b
     b04:	41540033 	cmpmi	r4, r3, lsr r0
     b08:	54454752 	strbpl	r4, [r5], #-1874	; 0xfffff8ae
     b0c:	5550435f 	ldrbpl	r4, [r0, #-863]	; 0xfffffca1
     b10:	6d72615f 	ldfvse	f6, [r2, #-380]!	; 0xfffffe84
     b14:	696d6437 	stmdbvs	sp!, {r0, r1, r2, r4, r5, sl, sp, lr}^
     b18:	52415400 	subpl	r5, r1, #0, 8
     b1c:	5f544547 	svcpl	0x00544547
     b20:	5f555043 	svcpl	0x00555043
     b24:	6f63706d 	svcvs	0x0063706d
     b28:	54006572 	strpl	r6, [r0], #-1394	; 0xfffffa8e
     b2c:	45475241 	strbmi	r5, [r7, #-577]	; 0xfffffdbf
     b30:	50435f54 	subpl	r5, r3, r4, asr pc
     b34:	72615f55 	rsbvc	r5, r1, #340	; 0x154
     b38:	6f6e5f6d 	svcvs	0x006e5f6d
     b3c:	6100656e 	tstvs	r0, lr, ror #10
     b40:	615f6d72 	cmpvs	pc, r2, ror sp	; <UNPREDICTABLE>
     b44:	5f686372 	svcpl	0x00686372
     b48:	6d746f6e 	ldclvs	15, cr6, [r4, #-440]!	; 0xfffffe48
     b4c:	6d726100 	ldfvse	f6, [r2, #-0]
     b50:	6372615f 	cmnvs	r2, #-1073741801	; 0xc0000017
     b54:	00653568 	rsbeq	r3, r5, r8, ror #10
     b58:	47524154 			; <UNDEFINED> instruction: 0x47524154
     b5c:	435f5445 	cmpmi	pc, #1157627904	; 0x45000000
     b60:	615f5550 	cmpvs	pc, r0, asr r5	; <UNPREDICTABLE>
     b64:	30316d72 	eorscc	r6, r1, r2, ror sp
     b68:	00653032 	rsbeq	r3, r5, r2, lsr r0
     b6c:	45534142 	ldrbmi	r4, [r3, #-322]	; 0xfffffebe
     b70:	4352415f 	cmpmi	r2, #-1073741801	; 0xc0000017
     b74:	4a365f48 	bmi	d9889c <shift+0xd9889c>
     b78:	52415400 	subpl	r5, r1, #0, 8
     b7c:	5f544547 	svcpl	0x00544547
     b80:	5f555043 	svcpl	0x00555043
     b84:	396d7261 	stmdbcc	sp!, {r0, r5, r6, r9, ip, sp, lr}^
     b88:	73653836 	cmnvc	r5, #3538944	; 0x360000
     b8c:	52415400 	subpl	r5, r1, #0, 8
     b90:	5f544547 	svcpl	0x00544547
     b94:	5f555043 	svcpl	0x00555043
     b98:	376d7261 	strbcc	r7, [sp, -r1, ror #4]!
     b9c:	00743034 	rsbseq	r3, r4, r4, lsr r0
     ba0:	45534142 	ldrbmi	r4, [r3, #-322]	; 0xfffffebe
     ba4:	4352415f 	cmpmi	r2, #-1073741801	; 0xc0000017
     ba8:	4d365f48 	ldcmi	15, cr5, [r6, #-288]!	; 0xfffffee0
     bac:	61736900 	cmnvs	r3, r0, lsl #18
     bb0:	7469625f 	strbtvc	r6, [r9], #-607	; 0xfffffda1
     bb4:	6d77695f 			; <UNDEFINED> instruction: 0x6d77695f
     bb8:	0074786d 	rsbseq	r7, r4, sp, ror #16
     bbc:	47524154 			; <UNDEFINED> instruction: 0x47524154
     bc0:	435f5445 	cmpmi	pc, #1157627904	; 0x45000000
     bc4:	615f5550 	cmpvs	pc, r0, asr r5	; <UNPREDICTABLE>
     bc8:	31316d72 	teqcc	r1, r2, ror sp
     bcc:	666a3633 			; <UNDEFINED> instruction: 0x666a3633
     bd0:	52410073 	subpl	r0, r1, #115	; 0x73
     bd4:	534c5f4d 	movtpl	r5, #53069	; 0xcf4d
     bd8:	52415400 	subpl	r5, r1, #0, 8
     bdc:	5f544547 	svcpl	0x00544547
     be0:	5f555043 	svcpl	0x00555043
     be4:	316d7261 	cmncc	sp, r1, ror #4
     be8:	74303230 	ldrtvc	r3, [r0], #-560	; 0xfffffdd0
     bec:	4f495f00 	svcmi	0x00495f00
     bf0:	6972775f 	ldmdbvs	r2!, {r0, r1, r2, r3, r4, r6, r8, r9, sl, ip, sp, lr}^
     bf4:	625f6574 	subsvs	r6, pc, #116, 10	; 0x1d000000
     bf8:	00657361 	rsbeq	r7, r5, r1, ror #6
     bfc:	45534142 	ldrbmi	r4, [r3, #-322]	; 0xfffffebe
     c00:	4352415f 	cmpmi	r2, #-1073741801	; 0xc0000017
     c04:	5a365f48 	bpl	d9892c <shift+0xd9892c>
     c08:	4d524100 	ldfmie	f4, [r2, #-0]
     c0c:	5343505f 	movtpl	r5, #12383	; 0x305f
     c10:	5041415f 	subpl	r4, r1, pc, asr r1
     c14:	565f5343 	ldrbpl	r5, [pc], -r3, asr #6
     c18:	54005046 	strpl	r5, [r0], #-70	; 0xffffffba
     c1c:	45475241 	strbmi	r5, [r7, #-577]	; 0xfffffdbf
     c20:	50435f54 	subpl	r5, r3, r4, asr pc
     c24:	77695f55 			; <UNDEFINED> instruction: 0x77695f55
     c28:	74786d6d 	ldrbtvc	r6, [r8], #-3437	; 0xfffff293
     c2c:	73690032 	cmnvc	r9, #50	; 0x32
     c30:	69625f61 	stmdbvs	r2!, {r0, r5, r6, r8, r9, sl, fp, ip, lr}^
     c34:	656e5f74 	strbvs	r5, [lr, #-3956]!	; 0xfffff08c
     c38:	6c006e6f 	stcvs	14, cr6, [r0], {111}	; 0x6f
     c3c:	20676e6f 	rsbcs	r6, r7, pc, ror #28
     c40:	676e6f6c 	strbvs	r6, [lr, -ip, ror #30]!
     c44:	746e6920 	strbtvc	r6, [lr], #-2336	; 0xfffff6e0
     c48:	61736900 	cmnvs	r3, r0, lsl #18
     c4c:	7469625f 	strbtvc	r6, [r9], #-607	; 0xfffffda1
     c50:	7650465f 			; <UNDEFINED> instruction: 0x7650465f
     c54:	72610035 	rsbvc	r0, r1, #53	; 0x35
     c58:	70665f6d 	rsbvc	r5, r6, sp, ror #30
     c5c:	74615f75 	strbtvc	r5, [r1], #-3957	; 0xfffff08b
     c60:	5f007274 	svcpl	0x00007274
     c64:	325f4f49 	subscc	r4, pc, #292	; 0x124
     c68:	735f315f 	cmpvc	pc, #-1073741801	; 0xc0000017
     c6c:	756f6474 	strbvc	r6, [pc, #-1140]!	; 800 <shift+0x800>
     c70:	54005f74 	strpl	r5, [r0], #-3956	; 0xfffff08c
     c74:	45475241 	strbmi	r5, [r7, #-577]	; 0xfffffdbf
     c78:	50435f54 	subpl	r5, r3, r4, asr pc
     c7c:	61665f55 	cmnvs	r6, r5, asr pc
     c80:	74363236 	ldrtvc	r3, [r6], #-566	; 0xfffffdca
     c84:	73690065 	cmnvc	r9, #101	; 0x65
     c88:	75745f61 	ldrbvc	r5, [r4, #-3937]!	; 0xfffff09f
     c8c:	6c5f656e 	cfldr64vs	mvdx6, [pc], {110}	; 0x6e
     c90:	68637364 	stmdavs	r3!, {r2, r5, r6, r8, r9, ip, sp, lr}^
     c94:	54006465 	strpl	r6, [r0], #-1125	; 0xfffffb9b
     c98:	45475241 	strbmi	r5, [r7, #-577]	; 0xfffffdbf
     c9c:	50435f54 	subpl	r5, r3, r4, asr pc
     ca0:	616d5f55 	cmnvs	sp, r5, asr pc
     ca4:	6c657672 	stclvs	6, cr7, [r5], #-456	; 0xfffffe38
     ca8:	6a705f6c 	bvs	1c18a60 <shift+0x1c18a60>
     cac:	74680034 	strbtvc	r0, [r8], #-52	; 0xffffffcc
     cb0:	685f6261 	ldmdavs	pc, {r0, r5, r6, r9, sp, lr}^	; <UNPREDICTABLE>
     cb4:	5f687361 	svcpl	0x00687361
     cb8:	6e696f70 	mcrvs	15, 3, r6, cr9, cr0, {3}
     cbc:	00726574 	rsbseq	r6, r2, r4, ror r5
     cc0:	47524154 			; <UNDEFINED> instruction: 0x47524154
     cc4:	435f5445 	cmpmi	pc, #1157627904	; 0x45000000
     cc8:	635f5550 	cmpvs	pc, #80, 10	; 0x14000000
     ccc:	6574726f 	ldrbvs	r7, [r4, #-623]!	; 0xfffffd91
     cd0:	35336178 	ldrcc	r6, [r3, #-376]!	; 0xfffffe88
     cd4:	6d726100 	ldfvse	f6, [r2, #-0]
     cd8:	6e75745f 	mrcvs	4, 3, r7, cr5, cr15, {2}
     cdc:	6f635f65 	svcvs	0x00635f65
     ce0:	78657472 	stmdavc	r5!, {r1, r4, r5, r6, sl, ip, sp, lr}^
     ce4:	0039615f 	eorseq	r6, r9, pc, asr r1
     ce8:	5f617369 	svcpl	0x00617369
     cec:	5f746962 	svcpl	0x00746962
     cf0:	6d6d7769 	stclvs	7, cr7, [sp, #-420]!	; 0xfffffe5c
     cf4:	00327478 	eorseq	r7, r2, r8, ror r4
     cf8:	47524154 			; <UNDEFINED> instruction: 0x47524154
     cfc:	435f5445 	cmpmi	pc, #1157627904	; 0x45000000
     d00:	635f5550 	cmpvs	pc, #80, 10	; 0x14000000
     d04:	6574726f 	ldrbvs	r7, [r4, #-623]!	; 0xfffffd91
     d08:	32376178 	eorscc	r6, r7, #120, 2
     d0c:	74726f63 	ldrbtvc	r6, [r2], #-3939	; 0xfffff09d
     d10:	35617865 	strbcc	r7, [r1, #-2149]!	; 0xfffff79b
     d14:	73690033 	cmnvc	r9, #51	; 0x33
     d18:	69625f61 	stmdbvs	r2!, {r0, r5, r6, r8, r9, sl, fp, ip, lr}^
     d1c:	68745f74 	ldmdavs	r4!, {r2, r4, r5, r6, r8, r9, sl, fp, ip, lr}^
     d20:	32626d75 	rsbcc	r6, r2, #7488	; 0x1d40
     d24:	74706f00 	ldrbtvc	r6, [r0], #-3840	; 0xfffff100
     d28:	00646e69 	rsbeq	r6, r4, r9, ror #28
     d2c:	45534142 	ldrbmi	r4, [r3, #-322]	; 0xfffffebe
     d30:	4352415f 	cmpmi	r2, #-1073741801	; 0xc0000017
     d34:	41375f48 	teqmi	r7, r8, asr #30
     d38:	61736900 	cmnvs	r3, r0, lsl #18
     d3c:	7469625f 	strbtvc	r6, [r9], #-607	; 0xfffffda1
     d40:	746f645f 	strbtvc	r6, [pc], #-1119	; d48 <shift+0xd48>
     d44:	646f7270 	strbtvs	r7, [pc], #-624	; d4c <shift+0xd4c>
     d48:	53414200 	movtpl	r4, #4608	; 0x1200
     d4c:	52415f45 	subpl	r5, r1, #276	; 0x114
     d50:	305f4843 	subscc	r4, pc, r3, asr #16
     d54:	6d726100 	ldfvse	f6, [r2, #-0]
     d58:	3170665f 	cmncc	r0, pc, asr r6
     d5c:	79745f36 	ldmdbvc	r4!, {r1, r2, r4, r5, r8, r9, sl, fp, ip, lr}^
     d60:	6e5f6570 	mrcvs	5, 2, r6, cr15, cr0, {3}
     d64:	0065646f 	rsbeq	r6, r5, pc, ror #8
     d68:	5f4d5241 	svcpl	0x004d5241
     d6c:	6100494d 	tstvs	r0, sp, asr #18
     d70:	615f6d72 	cmpvs	pc, r2, ror sp	; <UNPREDICTABLE>
     d74:	36686372 			; <UNDEFINED> instruction: 0x36686372
     d78:	7261006b 	rsbvc	r0, r1, #107	; 0x6b
     d7c:	72615f6d 	rsbvc	r5, r1, #436	; 0x1b4
     d80:	6d366863 	ldcvs	8, cr6, [r6, #-396]!	; 0xfffffe74
     d84:	53414200 	movtpl	r4, #4608	; 0x1200
     d88:	52415f45 	subpl	r5, r1, #276	; 0x114
     d8c:	345f4843 	ldrbcc	r4, [pc], #-2115	; d94 <shift+0xd94>
     d90:	53414200 	movtpl	r4, #4608	; 0x1200
     d94:	52415f45 	subpl	r5, r1, #276	; 0x114
     d98:	375f4843 	ldrbcc	r4, [pc, -r3, asr #16]
     d9c:	41420052 	qdaddmi	r0, r2, r2
     da0:	415f4553 	cmpmi	pc, r3, asr r5	; <UNPREDICTABLE>
     da4:	5f484352 	svcpl	0x00484352
     da8:	5f5f0036 	svcpl	0x005f0036
     dac:	63706f70 	cmnvs	r0, #112, 30	; 0x1c0
     db0:	746e756f 	strbtvc	r7, [lr], #-1391	; 0xfffffa91
     db4:	6261745f 	rsbvs	r7, r1, #1593835520	; 0x5f000000
     db8:	715f5f00 	cmpvc	pc, r0, lsl #30
     dbc:	5f646175 	svcpl	0x00646175
     dc0:	74680074 	strbtvc	r0, [r8], #-116	; 0xffffff8c
     dc4:	655f6261 	ldrbvs	r6, [pc, #-609]	; b6b <shift+0xb6b>
     dc8:	41420071 	hvcmi	8193	; 0x2001
     dcc:	415f4553 	cmpmi	pc, r3, asr r5	; <UNPREDICTABLE>
     dd0:	5f484352 	svcpl	0x00484352
     dd4:	00325436 	eorseq	r5, r2, r6, lsr r4
     dd8:	61705f5f 	cmnvs	r0, pc, asr pc
     ddc:	5f003264 	svcpl	0x00003264
     de0:	6461705f 	strbtvs	r7, [r1], #-95	; 0xffffffa1
     de4:	5f5f0033 	svcpl	0x005f0033
     de8:	34646170 	strbtcc	r6, [r4], #-368	; 0xfffffe90
     dec:	705f5f00 	subsvc	r5, pc, r0, lsl #30
     df0:	00356461 	eorseq	r6, r5, r1, ror #8
     df4:	47524154 			; <UNDEFINED> instruction: 0x47524154
     df8:	435f5445 	cmpmi	pc, #1157627904	; 0x45000000
     dfc:	635f5550 	cmpvs	pc, #80, 10	; 0x14000000
     e00:	6574726f 	ldrbvs	r7, [r4, #-623]!	; 0xfffffd91
     e04:	33376178 	teqcc	r7, #120, 2
     e08:	52415400 	subpl	r5, r1, #0, 8
     e0c:	5f544547 	svcpl	0x00544547
     e10:	5f555043 	svcpl	0x00555043
     e14:	656e6567 	strbvs	r6, [lr, #-1383]!	; 0xfffffa99
     e18:	76636972 			; <UNDEFINED> instruction: 0x76636972
     e1c:	54006137 	strpl	r6, [r0], #-311	; 0xfffffec9
     e20:	45475241 	strbmi	r5, [r7, #-577]	; 0xfffffdbf
     e24:	50435f54 	subpl	r5, r3, r4, asr pc
     e28:	72615f55 	rsbvc	r5, r1, #340	; 0x154
     e2c:	3030376d 	eorscc	r3, r0, sp, ror #14
     e30:	6d726100 	ldfvse	f6, [r2, #-0]
     e34:	6372615f 	cmnvs	r2, #-1073741801	; 0xc0000017
     e38:	6f6e5f68 	svcvs	0x006e5f68
     e3c:	6c6f765f 	stclvs	6, cr7, [pc], #-380	; cc8 <shift+0xcc8>
     e40:	6c697461 	cfstrdvs	mvd7, [r9], #-388	; 0xfffffe7c
     e44:	65635f65 	strbvs	r5, [r3, #-3941]!	; 0xfffff09b
     e48:	53414200 	movtpl	r4, #4608	; 0x1200
     e4c:	52415f45 	subpl	r5, r1, #276	; 0x114
     e50:	385f4843 	ldmdacc	pc, {r0, r1, r6, fp, lr}^	; <UNPREDICTABLE>
     e54:	41540041 	cmpmi	r4, r1, asr #32
     e58:	54454752 	strbpl	r4, [r5], #-1874	; 0xfffff8ae
     e5c:	5550435f 	ldrbpl	r4, [r0, #-863]	; 0xfffffca1
     e60:	6d72615f 	ldfvse	f6, [r2, #-380]!	; 0xfffffe84
     e64:	6d647437 	cfstrdvs	mvd7, [r4, #-220]!	; 0xffffff24
     e68:	54007369 	strpl	r7, [r0], #-873	; 0xfffffc97
     e6c:	45475241 	strbmi	r5, [r7, #-577]	; 0xfffffdbf
     e70:	50435f54 	subpl	r5, r3, r4, asr pc
     e74:	72615f55 	rsbvc	r5, r1, #340	; 0x154
     e78:	3230316d 	eorscc	r3, r0, #1073741851	; 0x4000001b
     e7c:	5f006532 	svcpl	0x00006532
     e80:	62617476 	rsbvs	r7, r1, #1979711488	; 0x76000000
     e84:	6f5f656c 	svcvs	0x005f656c
     e88:	65736666 	ldrbvs	r6, [r3, #-1638]!	; 0xfffff99a
     e8c:	706f0074 	rsbvc	r0, pc, r4, ror r0	; <UNPREDICTABLE>
     e90:	72726574 	rsbsvc	r6, r2, #116, 10	; 0x1d000000
     e94:	53414200 	movtpl	r4, #4608	; 0x1200
     e98:	52415f45 	subpl	r5, r1, #276	; 0x114
     e9c:	355f4843 	ldrbcc	r4, [pc, #-2115]	; 661 <shift+0x661>
     ea0:	41540054 	cmpmi	r4, r4, asr r0
     ea4:	54454752 	strbpl	r4, [r5], #-1874	; 0xfffff8ae
     ea8:	5550435f 	ldrbpl	r4, [r0, #-863]	; 0xfffffca1
     eac:	726f635f 	rsbvc	r6, pc, #2080374785	; 0x7c000001
     eb0:	61786574 	cmnvs	r8, r4, ror r5
     eb4:	6f633337 	svcvs	0x00633337
     eb8:	78657472 	stmdavc	r5!, {r1, r4, r5, r6, sl, ip, sp, lr}^
     ebc:	00353361 	eorseq	r3, r5, r1, ror #6
     ec0:	6174706f 	cmnvs	r4, pc, rrx
     ec4:	41006772 	tstmi	r0, r2, ror r7
     ec8:	4e5f4d52 	mrcmi	13, 2, r4, cr15, cr2, {2}
     ecc:	72610056 	rsbvc	r0, r1, #86	; 0x56
     ed0:	72615f6d 	rsbvc	r5, r1, #436	; 0x1b4
     ed4:	00346863 	eorseq	r6, r4, r3, ror #16
     ed8:	5f6d7261 	svcpl	0x006d7261
     edc:	68637261 	stmdavs	r3!, {r0, r5, r6, r9, ip, sp, lr}^
     ee0:	72610035 	rsbvc	r0, r1, #53	; 0x35
     ee4:	72615f6d 	rsbvc	r5, r1, #436	; 0x1b4
     ee8:	00366863 	eorseq	r6, r6, r3, ror #16
     eec:	5f6d7261 	svcpl	0x006d7261
     ef0:	68637261 	stmdavs	r3!, {r0, r5, r6, r9, ip, sp, lr}^
     ef4:	72610037 	rsbvc	r0, r1, #55	; 0x37
     ef8:	72615f6d 	rsbvc	r5, r1, #436	; 0x1b4
     efc:	00386863 	eorseq	r6, r8, r3, ror #16
     f00:	676e6f6c 	strbvs	r6, [lr, -ip, ror #30]!
     f04:	756f6420 	strbvc	r6, [pc, #-1056]!	; aec <shift+0xaec>
     f08:	00656c62 	rsbeq	r6, r5, r2, ror #24
     f0c:	45534142 	ldrbmi	r4, [r3, #-322]	; 0xfffffebe
     f10:	4352415f 	cmpmi	r2, #-1073741801	; 0xc0000017
     f14:	4b365f48 	blmi	d98c3c <shift+0xd98c3c>
     f18:	52415400 	subpl	r5, r1, #0, 8
     f1c:	5f544547 	svcpl	0x00544547
     f20:	5f555043 	svcpl	0x00555043
     f24:	396d7261 	stmdbcc	sp!, {r0, r5, r6, r9, ip, sp, lr}^
     f28:	00743034 	rsbseq	r3, r4, r4, lsr r0
     f2c:	5f6d7261 	svcpl	0x006d7261
     f30:	656e7574 	strbvs	r7, [lr, #-1396]!	; 0xfffffa8c
     f34:	6373785f 	cmnvs	r3, #6225920	; 0x5f0000
     f38:	00656c61 	rsbeq	r6, r5, r1, ror #24
     f3c:	47524154 			; <UNDEFINED> instruction: 0x47524154
     f40:	435f5445 	cmpmi	pc, #1157627904	; 0x45000000
     f44:	615f5550 	cmpvs	pc, r0, asr r5	; <UNPREDICTABLE>
     f48:	35376d72 	ldrcc	r6, [r7, #-3442]!	; 0xfffff28e
     f4c:	69003030 	stmdbvs	r0, {r4, r5, ip, sp}
     f50:	715f6173 	cmpvc	pc, r3, ror r1	; <UNPREDICTABLE>
     f54:	6b726975 	blvs	1c9b530 <shift+0x1c9b530>
     f58:	4d52415f 	ldfmie	f4, [r2, #-380]	; 0xfffffe84
     f5c:	7a6b3676 	bvc	1ace93c <shift+0x1ace93c>
     f60:	75687400 	strbvc	r7, [r8, #-1024]!	; 0xfffffc00
     f64:	635f626d 	cmpvs	pc, #-805306362	; 0xd0000006
     f68:	5f6c6c61 	svcpl	0x006c6c61
     f6c:	5f616976 	svcpl	0x00616976
     f70:	6562616c 	strbvs	r6, [r2, #-364]!	; 0xfffffe94
     f74:	4154006c 	cmpmi	r4, ip, rrx
     f78:	54454752 	strbpl	r4, [r5], #-1874	; 0xfffff8ae
     f7c:	5550435f 	ldrbpl	r4, [r0, #-863]	; 0xfffffca1
     f80:	6d72615f 	ldfvse	f6, [r2, #-380]!	; 0xfffffe84
     f84:	00303137 	eorseq	r3, r0, r7, lsr r1
     f88:	47524154 			; <UNDEFINED> instruction: 0x47524154
     f8c:	435f5445 	cmpmi	pc, #1157627904	; 0x45000000
     f90:	635f5550 	cmpvs	pc, #80, 10	; 0x14000000
     f94:	6574726f 	ldrbvs	r7, [r4, #-623]!	; 0xfffffd91
     f98:	00356178 	eorseq	r6, r5, r8, ror r1
     f9c:	5f4f495f 	svcpl	0x004f495f
     fa0:	65766173 	ldrbvs	r6, [r6, #-371]!	; 0xfffffe8d
     fa4:	7361625f 	cmnvc	r1, #-268435451	; 0xf0000005
     fa8:	41540065 	cmpmi	r4, r5, rrx
     fac:	54454752 	strbpl	r4, [r5], #-1874	; 0xfffff8ae
     fb0:	5550435f 	ldrbpl	r4, [r0, #-863]	; 0xfffffca1
     fb4:	726f635f 	rsbvc	r6, pc, #2080374785	; 0x7c000001
     fb8:	61786574 	cmnvs	r8, r4, ror r5
     fbc:	41540038 	cmpmi	r4, r8, lsr r0
     fc0:	54454752 	strbpl	r4, [r5], #-1874	; 0xfffff8ae
     fc4:	5550435f 	ldrbpl	r4, [r0, #-863]	; 0xfffffca1
     fc8:	726f635f 	rsbvc	r6, pc, #2080374785	; 0x7c000001
     fcc:	61786574 	cmnvs	r8, r4, ror r5
     fd0:	495f0039 	ldmdbmi	pc, {r0, r3, r4, r5}^	; <UNPREDICTABLE>
     fd4:	65725f4f 	ldrbvs	r5, [r2, #-3919]!	; 0xfffff0b1
     fd8:	655f6461 	ldrbvs	r6, [pc, #-1121]	; b7f <shift+0xb7f>
     fdc:	4100646e 	tstmi	r0, lr, ror #8
     fe0:	505f4d52 	subspl	r4, pc, r2, asr sp	; <UNPREDICTABLE>
     fe4:	415f5343 	cmpmi	pc, r3, asr #6
     fe8:	00534350 	subseq	r4, r3, r0, asr r3
     fec:	5f4d5241 	svcpl	0x004d5241
     ff0:	5f534350 	svcpl	0x00534350
     ff4:	43505441 	cmpmi	r0, #1090519040	; 0x41000000
     ff8:	68730053 	ldmdavs	r3!, {r0, r1, r4, r6}^
     ffc:	2074726f 	rsbscs	r7, r4, pc, ror #4
    1000:	00746e69 	rsbseq	r6, r4, r9, ror #28
    1004:	47524154 			; <UNDEFINED> instruction: 0x47524154
    1008:	435f5445 	cmpmi	pc, #1157627904	; 0x45000000
    100c:	615f5550 	cmpvs	pc, r0, asr r5	; <UNPREDICTABLE>
    1010:	30366d72 	eorscc	r6, r6, r2, ror sp
    1014:	41540030 	cmpmi	r4, r0, lsr r0
    1018:	54454752 	strbpl	r4, [r5], #-1874	; 0xfffff8ae
    101c:	5550435f 	ldrbpl	r4, [r0, #-863]	; 0xfffffca1
    1020:	6d72615f 	ldfvse	f6, [r2, #-380]!	; 0xfffffe84
    1024:	74303237 	ldrtvc	r3, [r0], #-567	; 0xfffffdc9
    1028:	52415400 	subpl	r5, r1, #0, 8
    102c:	5f544547 	svcpl	0x00544547
    1030:	5f555043 	svcpl	0x00555043
    1034:	74726f63 	ldrbtvc	r6, [r2], #-3939	; 0xfffff09d
    1038:	35617865 	strbcc	r7, [r1, #-2149]!	; 0xfffff79b
    103c:	6f630037 	svcvs	0x00630037
    1040:	656c706d 	strbvs	r7, [ip, #-109]!	; 0xffffff93
    1044:	6f642078 	svcvs	0x00642078
    1048:	656c6275 	strbvs	r6, [ip, #-629]!	; 0xfffffd8b
    104c:	52415400 	subpl	r5, r1, #0, 8
    1050:	5f544547 	svcpl	0x00544547
    1054:	5f555043 	svcpl	0x00555043
    1058:	74726f63 	ldrbtvc	r6, [r2], #-3939	; 0xfffff09d
    105c:	37617865 	strbcc	r7, [r1, -r5, ror #16]!
    1060:	726f6333 	rsbvc	r6, pc, #-872415232	; 0xcc000000
    1064:	61786574 	cmnvs	r8, r4, ror r5
    1068:	54003335 	strpl	r3, [r0], #-821	; 0xfffffccb
    106c:	45475241 	strbmi	r5, [r7, #-577]	; 0xfffffdbf
    1070:	50435f54 	subpl	r5, r3, r4, asr pc
    1074:	6f635f55 	svcvs	0x00635f55
    1078:	78657472 	stmdavc	r5!, {r1, r4, r5, r6, sl, ip, sp, lr}^
    107c:	61003761 	tstvs	r0, r1, ror #14
    1080:	635f6d72 	cmpvs	pc, #7296	; 0x1c80
    1084:	73690063 	cmnvc	r9, #99	; 0x63
    1088:	69625f61 	stmdbvs	r2!, {r0, r5, r6, r8, r9, sl, fp, ip, lr}^
    108c:	6f6d5f74 	svcvs	0x006d5f74
    1090:	36326564 	ldrtcc	r6, [r2], -r4, ror #10
    1094:	61736900 	cmnvs	r3, r0, lsl #18
    1098:	7469625f 	strbtvc	r6, [r9], #-607	; 0xfffffda1
    109c:	6373785f 	cmnvs	r3, #6225920	; 0x5f0000
    10a0:	00656c61 	rsbeq	r6, r5, r1, ror #24
    10a4:	47524154 			; <UNDEFINED> instruction: 0x47524154
    10a8:	435f5445 	cmpmi	pc, #1157627904	; 0x45000000
    10ac:	735f5550 	cmpvc	pc, #80, 10	; 0x14000000
    10b0:	6e6f7274 	mcrvs	2, 3, r7, cr15, cr4, {3}
    10b4:	6d726167 	ldfvse	f6, [r2, #-412]!	; 0xfffffe64
    10b8:	30303131 	eorscc	r3, r0, r1, lsr r1
    10bc:	52415400 	subpl	r5, r1, #0, 8
    10c0:	5f544547 	svcpl	0x00544547
    10c4:	5f555043 	svcpl	0x00555043
    10c8:	74726f63 	ldrbtvc	r6, [r2], #-3939	; 0xfffff09d
    10cc:	306d7865 	rsbcc	r7, sp, r5, ror #16
    10d0:	73756c70 	cmnvc	r5, #112, 24	; 0x7000
    10d4:	6f645f00 	svcvs	0x00645f00
    10d8:	755f746e 	ldrbvc	r7, [pc, #-1134]	; c72 <shift+0xc72>
    10dc:	745f6573 	ldrbvc	r6, [pc], #-1395	; 10e4 <shift+0x10e4>
    10e0:	5f656572 	svcpl	0x00656572
    10e4:	65726568 	ldrbvs	r6, [r2, #-1384]!	; 0xfffffa98
    10e8:	4154005f 	cmpmi	r4, pc, asr r0
    10ec:	54454752 	strbpl	r4, [r5], #-1874	; 0xfffff8ae
    10f0:	5550435f 	ldrbpl	r4, [r0, #-863]	; 0xfffffca1
    10f4:	6d72615f 	ldfvse	f6, [r2, #-380]!	; 0xfffffe84
    10f8:	64743031 	ldrbtvs	r3, [r4], #-49	; 0xffffffcf
    10fc:	6200696d 	andvs	r6, r0, #1785856	; 0x1b4000
    1100:	5f657361 	svcpl	0x00657361
    1104:	68637261 	stmdavs	r3!, {r0, r5, r6, r9, ip, sp, lr}^
    1108:	63657469 	cmnvs	r5, #1761607680	; 0x69000000
    110c:	65727574 	ldrbvs	r7, [r2, #-1396]!	; 0xfffffa8c
    1110:	6d726100 	ldfvse	f6, [r2, #-0]
    1114:	6372615f 	cmnvs	r2, #-1073741801	; 0xc0000017
    1118:	72635f68 	rsbvc	r5, r3, #104, 30	; 0x1a0
    111c:	41540063 	cmpmi	r4, r3, rrx
    1120:	54454752 	strbpl	r4, [r5], #-1874	; 0xfffff8ae
    1124:	5550435f 	ldrbpl	r4, [r0, #-863]	; 0xfffffca1
    1128:	726f635f 	rsbvc	r6, pc, #2080374785	; 0x7c000001
    112c:	6d786574 	cfldr64vs	mvdx6, [r8, #-464]!	; 0xfffffe30
    1130:	616d7331 	cmnvs	sp, r1, lsr r3
    1134:	756d6c6c 	strbvc	r6, [sp, #-3180]!	; 0xfffff394
    1138:	7069746c 	rsbvc	r7, r9, ip, ror #8
    113c:	6100796c 	tstvs	r0, ip, ror #18
    1140:	635f6d72 	cmpvs	pc, #7296	; 0x1c80
    1144:	65727275 	ldrbvs	r7, [r2, #-629]!	; 0xfffffd8b
    1148:	635f746e 	cmpvs	pc, #1845493760	; 0x6e000000
    114c:	72610063 	rsbvc	r0, r1, #99	; 0x63
    1150:	61745f6d 	cmnvs	r4, sp, ror #30
    1154:	74656772 	strbtvc	r6, [r5], #-1906	; 0xfffff88e
    1158:	736e695f 	cmnvc	lr, #1556480	; 0x17c000
    115c:	645f006e 	ldrbvs	r0, [pc], #-110	; 1164 <shift+0x1164>
    1160:	5f746e6f 	svcpl	0x00746e6f
    1164:	5f657375 	svcpl	0x00657375
    1168:	5f787472 	svcpl	0x00787472
    116c:	65726568 	ldrbvs	r6, [r2, #-1384]!	; 0xfffffa98
    1170:	5f5f005f 	svcpl	0x005f005f
    1174:	69766e65 	ldmdbvs	r6!, {r0, r2, r5, r6, r9, sl, fp, sp, lr}^
    1178:	006e6f72 	rsbeq	r6, lr, r2, ror pc
    117c:	5f617369 	svcpl	0x00617369
    1180:	5f746962 	svcpl	0x00746962
    1184:	33637263 	cmncc	r3, #805306374	; 0x30000006
    1188:	495f0032 	ldmdbmi	pc, {r1, r4, r5}^	; <UNPREDICTABLE>
    118c:	49465f4f 	stmdbmi	r6, {r0, r1, r2, r3, r6, r8, r9, sl, fp, ip, lr}^
    1190:	705f454c 	subsvc	r4, pc, ip, asr #10
    1194:	0073756c 	rsbseq	r7, r3, ip, ror #10
    1198:	5f4d5241 	svcpl	0x004d5241
    119c:	69004c50 	stmdbvs	r0, {r4, r6, sl, fp, lr}
    11a0:	625f6173 	subsvs	r6, pc, #-1073741796	; 0xc000001c
    11a4:	565f7469 	ldrbpl	r7, [pc], -r9, ror #8
    11a8:	32765046 	rsbscc	r5, r6, #70	; 0x46
    11ac:	61736900 	cmnvs	r3, r0, lsl #18
    11b0:	7469625f 	strbtvc	r6, [r9], #-607	; 0xfffffda1
    11b4:	5046565f 	subpl	r5, r6, pc, asr r6
    11b8:	69003376 	stmdbvs	r0, {r1, r2, r4, r5, r6, r8, r9, ip, sp}
    11bc:	625f6173 	subsvs	r6, pc, #-1073741796	; 0xc000001c
    11c0:	565f7469 	ldrbpl	r7, [pc], -r9, ror #8
    11c4:	34765046 	ldrbtcc	r5, [r6], #-70	; 0xffffffba
    11c8:	53414200 	movtpl	r4, #4608	; 0x1200
    11cc:	52415f45 	subpl	r5, r1, #276	; 0x114
    11d0:	385f4843 	ldmdacc	pc, {r0, r1, r6, fp, lr}^	; <UNPREDICTABLE>
    11d4:	414d5f4d 	cmpmi	sp, sp, asr #30
    11d8:	54004e49 	strpl	r4, [r0], #-3657	; 0xfffff1b7
    11dc:	45475241 	strbmi	r5, [r7, #-577]	; 0xfffffdbf
    11e0:	50435f54 	subpl	r5, r3, r4, asr pc
    11e4:	72615f55 	rsbvc	r5, r1, #340	; 0x154
    11e8:	6474396d 	ldrbtvs	r3, [r4], #-2413	; 0xfffff693
    11ec:	4100696d 	tstmi	r0, sp, ror #18
    11f0:	415f4d52 	cmpmi	pc, r2, asr sp	; <UNPREDICTABLE>
    11f4:	7369004c 	cmnvc	r9, #76	; 0x4c
    11f8:	69625f61 	stmdbvs	r2!, {r0, r5, r6, r8, r9, sl, fp, ip, lr}^
    11fc:	6f6d5f74 	svcvs	0x006d5f74
    1200:	32336564 	eorscc	r6, r3, #100, 10	; 0x19000000
    1204:	53414200 	movtpl	r4, #4608	; 0x1200
    1208:	52415f45 	subpl	r5, r1, #276	; 0x114
    120c:	375f4843 	ldrbcc	r4, [pc, -r3, asr #16]
    1210:	7261004d 	rsbvc	r0, r1, #77	; 0x4d
    1214:	61745f6d 	cmnvs	r4, sp, ror #30
    1218:	74656772 	strbtvc	r6, [r5], #-1906	; 0xfffff88e
    121c:	62616c5f 	rsbvs	r6, r1, #24320	; 0x5f00
    1220:	54006c65 	strpl	r6, [r0], #-3173	; 0xfffff39b
    1224:	45475241 	strbmi	r5, [r7, #-577]	; 0xfffffdbf
    1228:	50435f54 	subpl	r5, r3, r4, asr pc
    122c:	74735f55 	ldrbtvc	r5, [r3], #-3925	; 0xfffff0ab
    1230:	676e6f72 			; <UNDEFINED> instruction: 0x676e6f72
    1234:	316d7261 	cmncc	sp, r1, ror #4
    1238:	00303131 	eorseq	r3, r0, r1, lsr r1
    123c:	47524154 			; <UNDEFINED> instruction: 0x47524154
    1240:	435f5445 	cmpmi	pc, #1157627904	; 0x45000000
    1244:	615f5550 	cmpvs	pc, r0, asr r5	; <UNPREDICTABLE>
    1248:	32376d72 	eorscc	r6, r7, #7296	; 0x1c80
    124c:	41540030 	cmpmi	r4, r0, lsr r0
    1250:	54454752 	strbpl	r4, [r5], #-1874	; 0xfffff8ae
    1254:	5550435f 	ldrbpl	r4, [r0, #-863]	; 0xfffffca1
    1258:	726f635f 	rsbvc	r6, pc, #2080374785	; 0x7c000001
    125c:	72786574 	rsbsvc	r6, r8, #116, 10	; 0x1d000000
    1260:	41540034 	cmpmi	r4, r4, lsr r0
    1264:	54454752 	strbpl	r4, [r5], #-1874	; 0xfffff8ae
    1268:	5550435f 	ldrbpl	r4, [r0, #-863]	; 0xfffffca1
    126c:	726f635f 	rsbvc	r6, pc, #2080374785	; 0x7c000001
    1270:	72786574 	rsbsvc	r6, r8, #116, 10	; 0x1d000000
    1274:	41540035 	cmpmi	r4, r5, lsr r0
    1278:	54454752 	strbpl	r4, [r5], #-1874	; 0xfffff8ae
    127c:	5550435f 	ldrbpl	r4, [r0, #-863]	; 0xfffffca1
    1280:	726f635f 	rsbvc	r6, pc, #2080374785	; 0x7c000001
    1284:	72786574 	rsbsvc	r6, r8, #116, 10	; 0x1d000000
    1288:	41540037 	cmpmi	r4, r7, lsr r0
    128c:	54454752 	strbpl	r4, [r5], #-1874	; 0xfffff8ae
    1290:	5550435f 	ldrbpl	r4, [r0, #-863]	; 0xfffffca1
    1294:	726f635f 	rsbvc	r6, pc, #2080374785	; 0x7c000001
    1298:	72786574 	rsbsvc	r6, r8, #116, 10	; 0x1d000000
    129c:	6c5f0038 	mrrcvs	0, 3, r0, pc, cr8	; <UNPREDICTABLE>
    12a0:	006b636f 	rsbeq	r6, fp, pc, ror #6
    12a4:	5f617369 	svcpl	0x00617369
    12a8:	5f746962 	svcpl	0x00746962
    12ac:	6561706c 	strbvs	r7, [r1, #-108]!	; 0xffffff94
    12b0:	61736900 	cmnvs	r3, r0, lsl #18
    12b4:	7469625f 	strbtvc	r6, [r9], #-607	; 0xfffffda1
    12b8:	4d52415f 	ldfmie	f4, [r2, #-380]	; 0xfffffe84
    12bc:	006d3376 	rsbeq	r3, sp, r6, ror r3
    12c0:	47524154 			; <UNDEFINED> instruction: 0x47524154
    12c4:	435f5445 	cmpmi	pc, #1157627904	; 0x45000000
    12c8:	735f5550 	cmpvc	pc, #80, 10	; 0x14000000
    12cc:	6e6f7274 	mcrvs	2, 3, r7, cr15, cr4, {3}
    12d0:	6d726167 	ldfvse	f6, [r2, #-412]!	; 0xfffffe64
    12d4:	00303131 	eorseq	r3, r0, r1, lsr r1
    12d8:	646c6f5f 	strbtvs	r6, [ip], #-3935	; 0xfffff0a1
    12dc:	66666f5f 	uqsaxvs	r6, r6, pc	; <UNPREDICTABLE>
    12e0:	00746573 	rsbseq	r6, r4, r3, ror r5
    12e4:	5f617369 	svcpl	0x00617369
    12e8:	5f746962 	svcpl	0x00746962
    12ec:	6d746f6e 	ldclvs	15, cr6, [r4, #-440]!	; 0xfffffe48
    12f0:	61736900 	cmnvs	r3, r0, lsl #18
    12f4:	6e75745f 	mrcvs	4, 3, r7, cr5, cr15, {2}
    12f8:	62775f65 	rsbsvs	r5, r7, #404	; 0x194
    12fc:	69006675 	stmdbvs	r0, {r0, r2, r4, r5, r6, r9, sl, sp, lr}
    1300:	625f6173 	subsvs	r6, pc, #-1073741796	; 0xc000001c
    1304:	415f7469 	cmpmi	pc, r9, ror #8
    1308:	34764d52 	ldrbtcc	r4, [r6], #-3410	; 0xfffff2ae
    130c:	61736900 	cmnvs	r3, r0, lsl #18
    1310:	7469625f 	strbtvc	r6, [r9], #-607	; 0xfffffda1
    1314:	4d52415f 	ldfmie	f4, [r2, #-380]	; 0xfffffe84
    1318:	69003576 	stmdbvs	r0, {r1, r2, r4, r5, r6, r8, sl, ip, sp}
    131c:	625f6173 	subsvs	r6, pc, #-1073741796	; 0xc000001c
    1320:	415f7469 	cmpmi	pc, r9, ror #8
    1324:	36764d52 			; <UNDEFINED> instruction: 0x36764d52
    1328:	61736900 	cmnvs	r3, r0, lsl #18
    132c:	7469625f 	strbtvc	r6, [r9], #-607	; 0xfffffda1
    1330:	4d52415f 	ldfmie	f4, [r2, #-380]	; 0xfffffe84
    1334:	69003776 	stmdbvs	r0, {r1, r2, r4, r5, r6, r8, r9, sl, ip, sp}
    1338:	625f6173 	subsvs	r6, pc, #-1073741796	; 0xc000001c
    133c:	415f7469 	cmpmi	pc, r9, ror #8
    1340:	38764d52 	ldmdacc	r6!, {r1, r4, r6, r8, sl, fp, lr}^
    1344:	52415400 	subpl	r5, r1, #0, 8
    1348:	5f544547 	svcpl	0x00544547
    134c:	5f555043 	svcpl	0x00555043
    1350:	316d7261 	cmncc	sp, r1, ror #4
    1354:	74363531 	ldrtvc	r3, [r6], #-1329	; 0xfffffacf
    1358:	5f007332 	svcpl	0x00007332
    135c:	66756273 			; <UNDEFINED> instruction: 0x66756273
    1360:	6d726100 	ldfvse	f6, [r2, #-0]
    1364:	6e75745f 	mrcvs	4, 3, r7, cr5, cr15, {2}
    1368:	72610065 	rsbvc	r0, r1, #101	; 0x65
    136c:	70635f6d 	rsbvc	r5, r3, sp, ror #30
    1370:	6e695f70 	mcrvs	15, 3, r5, cr9, cr0, {3}
    1374:	77726574 			; <UNDEFINED> instruction: 0x77726574
    1378:	006b726f 	rsbeq	r7, fp, pc, ror #4
    137c:	69736e75 	ldmdbvs	r3!, {r0, r2, r4, r5, r6, r9, sl, fp, sp, lr}^
    1380:	64656e67 	strbtvs	r6, [r5], #-3687	; 0xfffff199
    1384:	61686320 	cmnvs	r8, r0, lsr #6
    1388:	41540072 	cmpmi	r4, r2, ror r0
    138c:	54454752 	strbpl	r4, [r5], #-1874	; 0xfffff8ae
    1390:	5550435f 	ldrbpl	r4, [r0, #-863]	; 0xfffffca1
    1394:	6d72615f 	ldfvse	f6, [r2, #-380]!	; 0xfffffe84
    1398:	74303239 	ldrtvc	r3, [r0], #-569	; 0xfffffdc7
    139c:	6f682f00 	svcvs	0x00682f00
    13a0:	742f656d 	strtvc	r6, [pc], #-1389	; 13a8 <shift+0x13a8>
    13a4:	2d677763 	stclcs	7, cr7, [r7, #-396]!	; 0xfffffe74
    13a8:	6c697562 	cfstr64vs	mvdx7, [r9], #-392	; 0xfffffe78
    13ac:	616c7364 	cmnvs	ip, r4, ror #6
    13b0:	772f6576 			; <UNDEFINED> instruction: 0x772f6576
    13b4:	736b726f 	cmnvc	fp, #-268435450	; 0xf0000006
    13b8:	65636170 	strbvs	r6, [r3, #-368]!	; 0xfffffe90
    13bc:	7763742f 	strbvc	r7, [r3, -pc, lsr #8]!
    13c0:	616d2d67 	cmnvs	sp, r7, ror #26
    13c4:	722d656b 	eorvc	r6, sp, #448790528	; 0x1ac00000
    13c8:	61656c65 	cmnvs	r5, r5, ror #24
    13cc:	315f6573 	cmpcc	pc, r3, ror r5	; <UNPREDICTABLE>
    13d0:	616e732f 	cmnvs	lr, pc, lsr #6
    13d4:	6f687370 	svcvs	0x00687370
    13d8:	672f7374 			; <UNDEFINED> instruction: 0x672f7374
    13dc:	672e6363 	strvs	r6, [lr, -r3, ror #6]!
    13e0:	6c7e7469 	cfldrdvs	mvd7, [lr], #-420	; 0xfffffe5c
    13e4:	72616e69 	rsbvc	r6, r1, #1680	; 0x690
    13e8:	2e372d6f 	cdpcs	13, 3, cr2, cr7, cr15, {3}
    13ec:	30322d35 	eorscc	r2, r2, r5, lsr sp
    13f0:	312e3931 			; <UNDEFINED> instruction: 0x312e3931
    13f4:	696c2f32 	stmdbvs	ip!, {r1, r4, r5, r8, r9, sl, fp, sp}^
    13f8:	63636762 	cmnvs	r3, #25690112	; 0x1880000
    13fc:	62696c2f 	rsbvs	r6, r9, #12032	; 0x2f00
    1400:	32636367 	rsbcc	r6, r3, #-1677721599	; 0x9c000001
    1404:	5400632e 	strpl	r6, [r0], #-814	; 0xfffffcd2
    1408:	45475241 	strbmi	r5, [r7, #-577]	; 0xfffffdbf
    140c:	50435f54 	subpl	r5, r3, r4, asr pc
    1410:	61665f55 	cmnvs	r6, r5, asr pc
    1414:	00363235 	eorseq	r3, r6, r5, lsr r2
    1418:	5f6d7261 	svcpl	0x006d7261
    141c:	68637261 	stmdavs	r3!, {r0, r5, r6, r9, ip, sp, lr}^
    1420:	7568745f 	strbvc	r7, [r8, #-1119]!	; 0xfffffba1
    1424:	685f626d 	ldmdavs	pc, {r0, r2, r3, r5, r6, r9, sp, lr}^	; <UNPREDICTABLE>
    1428:	76696477 			; <UNDEFINED> instruction: 0x76696477
    142c:	4f495f00 	svcmi	0x00495f00
    1430:	6972775f 	ldmdbvs	r2!, {r0, r1, r2, r3, r4, r6, r8, r9, sl, ip, sp, lr}^
    1434:	705f6574 	subsvc	r6, pc, r4, ror r5	; <UNPREDICTABLE>
    1438:	68007274 	stmdavs	r0, {r2, r4, r5, r6, r9, ip, sp, lr}
    143c:	5f626174 	svcpl	0x00626174
    1440:	705f7165 	subsvc	r7, pc, r5, ror #2
    1444:	746e696f 	strbtvc	r6, [lr], #-2415	; 0xfffff691
    1448:	54007265 	strpl	r7, [r0], #-613	; 0xfffffd9b
    144c:	45475241 	strbmi	r5, [r7, #-577]	; 0xfffffdbf
    1450:	50435f54 	subpl	r5, r3, r4, asr pc
    1454:	72615f55 	rsbvc	r5, r1, #340	; 0x154
    1458:	0030366d 	eorseq	r3, r0, sp, ror #12
    145c:	5f6d7261 	svcpl	0x006d7261
    1460:	5f636970 	svcpl	0x00636970
    1464:	69676572 	stmdbvs	r7!, {r1, r4, r5, r6, r8, sl, sp, lr}^
    1468:	72657473 	rsbvc	r7, r5, #1929379840	; 0x73000000
    146c:	52415400 	subpl	r5, r1, #0, 8
    1470:	5f544547 	svcpl	0x00544547
    1474:	5f555043 	svcpl	0x00555043
    1478:	74726f63 	ldrbtvc	r6, [r2], #-3939	; 0xfffff09d
    147c:	306d7865 	rsbcc	r7, sp, r5, ror #16
    1480:	6c616d73 	stclvs	13, cr6, [r1], #-460	; 0xfffffe34
    1484:	6c756d6c 	ldclvs	13, cr6, [r5], #-432	; 0xfffffe50
    1488:	6c706974 			; <UNDEFINED> instruction: 0x6c706974
    148c:	41540079 	cmpmi	r4, r9, ror r0
    1490:	54454752 	strbpl	r4, [r5], #-1874	; 0xfffff8ae
    1494:	5550435f 	ldrbpl	r4, [r0, #-863]	; 0xfffffca1
    1498:	6d72615f 	ldfvse	f6, [r2, #-380]!	; 0xfffffe84
    149c:	65363639 	ldrvs	r3, [r6, #-1593]!	; 0xfffff9c7
    14a0:	41540073 	cmpmi	r4, r3, ror r0
    14a4:	54454752 	strbpl	r4, [r5], #-1874	; 0xfffff8ae
    14a8:	5550435f 	ldrbpl	r4, [r0, #-863]	; 0xfffffca1
    14ac:	63706d5f 	cmnvs	r0, #6080	; 0x17c0
    14b0:	6e65726f 	cdpvs	2, 6, cr7, cr5, cr15, {3}
    14b4:	7066766f 	rsbvc	r7, r6, pc, ror #12
    14b8:	52415400 	subpl	r5, r1, #0, 8
    14bc:	5f544547 	svcpl	0x00544547
    14c0:	5f555043 	svcpl	0x00555043
    14c4:	376d7261 	strbcc	r7, [sp, -r1, ror #4]!
    14c8:	00693030 	rsbeq	r3, r9, r0, lsr r0
    14cc:	5f4d5241 	svcpl	0x004d5241
    14d0:	61004343 	tstvs	r0, r3, asr #6
    14d4:	615f6d72 	cmpvs	pc, r2, ror sp	; <UNPREDICTABLE>
    14d8:	38686372 	stmdacc	r8!, {r1, r4, r5, r6, r8, r9, sp, lr}^
    14dc:	6100325f 	tstvs	r0, pc, asr r2
    14e0:	6c5f6d72 	mrrcvs	13, 7, r6, pc, cr2	; <UNPREDICTABLE>
    14e4:	63735f64 	cmnvs	r3, #100, 30	; 0x190
    14e8:	00646568 	rsbeq	r6, r4, r8, ror #10
    14ec:	47524154 			; <UNDEFINED> instruction: 0x47524154
    14f0:	435f5445 	cmpmi	pc, #1157627904	; 0x45000000
    14f4:	665f5550 			; <UNDEFINED> instruction: 0x665f5550
    14f8:	3236706d 	eorscc	r7, r6, #109	; 0x6d
    14fc:	52410036 	subpl	r0, r1, #54	; 0x36
    1500:	53435f4d 	movtpl	r5, #16205	; 0x3f4d
    1504:	6d726100 	ldfvse	f6, [r2, #-0]
    1508:	3170665f 	cmncc	r0, pc, asr r6
    150c:	6e695f36 	mcrvs	15, 3, r5, cr9, cr6, {1}
    1510:	5f007473 	svcpl	0x00007473
    1514:	66666f5f 	uqsaxvs	r6, r6, pc	; <UNPREDICTABLE>
    1518:	6100745f 	tstvs	r0, pc, asr r4
    151c:	625f6d72 	subsvs	r6, pc, #7296	; 0x1c80
    1520:	5f657361 	svcpl	0x00657361
    1524:	68637261 	stmdavs	r3!, {r0, r5, r6, r9, ip, sp, lr}^
    1528:	61736900 	cmnvs	r3, r0, lsl #18
    152c:	7469625f 	strbtvc	r6, [r9], #-607	; 0xfffffda1
    1530:	4d52415f 	ldfmie	f4, [r2, #-380]	; 0xfffffe84
    1534:	00653576 	rsbeq	r3, r5, r6, ror r5
    1538:	726f6873 	rsbvc	r6, pc, #7536640	; 0x730000
    153c:	6e752074 	mrcvs	0, 3, r2, cr5, cr4, {3}
    1540:	6e676973 			; <UNDEFINED> instruction: 0x6e676973
    1544:	69206465 	stmdbvs	r0!, {r0, r2, r5, r6, sl, sp, lr}
    1548:	5400746e 	strpl	r7, [r0], #-1134	; 0xfffffb92
    154c:	45475241 	strbmi	r5, [r7, #-577]	; 0xfffffdbf
    1550:	50435f54 	subpl	r5, r3, r4, asr pc
    1554:	72615f55 	rsbvc	r5, r1, #340	; 0x154
    1558:	0030376d 	eorseq	r3, r0, sp, ror #14
    155c:	7379735f 	cmnvc	r9, #2080374785	; 0x7c000001
    1560:	7272655f 	rsbsvc	r6, r2, #398458880	; 0x17c00000
    1564:	7473696c 	ldrbtvc	r6, [r3], #-2412	; 0xfffff694
    1568:	52415400 	subpl	r5, r1, #0, 8
    156c:	5f544547 	svcpl	0x00544547
    1570:	5f555043 	svcpl	0x00555043
    1574:	326d7261 	rsbcc	r7, sp, #268435462	; 0x10000006
    1578:	61003035 	tstvs	r0, r5, lsr r0
    157c:	615f6d72 	cmpvs	pc, r2, ror sp	; <UNPREDICTABLE>
    1580:	37686372 			; <UNDEFINED> instruction: 0x37686372
    1584:	54006d65 	strpl	r6, [r0], #-3429	; 0xfffff29b
    1588:	45475241 	strbmi	r5, [r7, #-577]	; 0xfffffdbf
    158c:	50435f54 	subpl	r5, r3, r4, asr pc
    1590:	6f635f55 	svcvs	0x00635f55
    1594:	78657472 	stmdavc	r5!, {r1, r4, r5, r6, sl, ip, sp, lr}^
    1598:	00323761 	eorseq	r3, r2, r1, ror #14
    159c:	5f6d7261 	svcpl	0x006d7261
    15a0:	5f736370 	svcpl	0x00736370
    15a4:	61666564 	cmnvs	r6, r4, ror #10
    15a8:	00746c75 	rsbseq	r6, r4, r5, ror ip
    15ac:	47524154 			; <UNDEFINED> instruction: 0x47524154
    15b0:	435f5445 	cmpmi	pc, #1157627904	; 0x45000000
    15b4:	735f5550 	cmpvc	pc, #80, 10	; 0x14000000
    15b8:	6e6f7274 	mcrvs	2, 3, r7, cr15, cr4, {3}
    15bc:	6d726167 	ldfvse	f6, [r2, #-412]!	; 0xfffffe64
    15c0:	6d726100 	ldfvse	f6, [r2, #-0]
    15c4:	6372615f 	cmnvs	r2, #-1073741801	; 0xc0000017
    15c8:	68745f68 	ldmdavs	r4!, {r3, r5, r6, r8, r9, sl, fp, ip, lr}^
    15cc:	31626d75 	smccc	9941	; 0x26d5
    15d0:	6d726100 	ldfvse	f6, [r2, #-0]
    15d4:	6372615f 	cmnvs	r2, #-1073741801	; 0xc0000017
    15d8:	68745f68 	ldmdavs	r4!, {r3, r5, r6, r8, r9, sl, fp, ip, lr}^
    15dc:	32626d75 	rsbcc	r6, r2, #7488	; 0x1d40
    15e0:	52415400 	subpl	r5, r1, #0, 8
    15e4:	5f544547 	svcpl	0x00544547
    15e8:	5f555043 	svcpl	0x00555043
    15ec:	6d6d7769 	stclvs	7, cr7, [sp, #-420]!	; 0xfffffe5c
    15f0:	5f007478 	svcpl	0x00007478
    15f4:	69616863 	stmdbvs	r1!, {r0, r1, r5, r6, fp, sp, lr}^
    15f8:	7369006e 	cmnvc	r9, #110	; 0x6e
    15fc:	69625f61 	stmdbvs	r2!, {r0, r5, r6, r8, r9, sl, fp, ip, lr}^
    1600:	50465f74 	subpl	r5, r6, r4, ror pc
    1604:	4d52415f 	ldfmie	f4, [r2, #-380]	; 0xfffffe84
    1608:	54003876 	strpl	r3, [r0], #-2166	; 0xfffff78a
    160c:	45475241 	strbmi	r5, [r7, #-577]	; 0xfffffdbf
    1610:	50435f54 	subpl	r5, r3, r4, asr pc
    1614:	72615f55 	rsbvc	r5, r1, #340	; 0x154
    1618:	3232396d 	eorscc	r3, r2, #1785856	; 0x1b4000
    161c:	41540074 	cmpmi	r4, r4, ror r0
    1620:	54454752 	strbpl	r4, [r5], #-1874	; 0xfffff8ae
    1624:	5550435f 	ldrbpl	r4, [r0, #-863]	; 0xfffffca1
    1628:	6d72615f 	ldfvse	f6, [r2, #-380]!	; 0xfffffe84
    162c:	5f006437 	svcpl	0x00006437
    1630:	7961645f 	stmdbvc	r1!, {r0, r1, r2, r3, r4, r6, sl, sp, lr}^
    1634:	6867696c 	stmdavs	r7!, {r2, r3, r5, r6, r8, fp, sp, lr}^
    1638:	73690074 	cmnvc	r9, #116	; 0x74
    163c:	75745f61 	ldrbvc	r5, [r4, #-3937]!	; 0xfffff09f
    1640:	635f656e 	cmpvs	pc, #461373440	; 0x1b800000
    1644:	72705f6f 	rsbsvc	r5, r0, #444	; 0x1bc
    1648:	5400636f 	strpl	r6, [r0], #-879	; 0xfffffc91
    164c:	45475241 	strbmi	r5, [r7, #-577]	; 0xfffffdbf
    1650:	50435f54 	subpl	r5, r3, r4, asr pc
    1654:	72615f55 	rsbvc	r5, r1, #340	; 0x154
    1658:	006d376d 	rsbeq	r3, sp, sp, ror #14
    165c:	666f5f5f 	uqsaxvs	r5, pc, pc	; <UNPREDICTABLE>
    1660:	5f343666 	svcpl	0x00343666
    1664:	755f0074 	ldrbvc	r0, [pc, #-116]	; 15f8 <shift+0x15f8>
    1668:	6573756e 	ldrbvs	r7, [r3, #-1390]!	; 0xfffffa92
    166c:	5f003264 	svcpl	0x00003264
    1670:	625f4f49 	subsvs	r4, pc, #292	; 0x124
    1674:	625f6675 	subsvs	r6, pc, #122683392	; 0x7500000
    1678:	00657361 	rsbeq	r7, r5, r1, ror #6
    167c:	5f6d7261 	svcpl	0x006d7261
    1680:	68637261 	stmdavs	r3!, {r0, r5, r6, r9, ip, sp, lr}^
    1684:	00315f38 	eorseq	r5, r1, r8, lsr pc
