
printf.elf：     文件格式 elf32-littlearm


Disassembly of section .text:

87800000 <_start>:
87800000:	e59ff100 	ldr	pc, [pc, #256]	; 87800108 <FIQ_Handler+0x8>
87800004:	e59ff100 	ldr	pc, [pc, #256]	; 8780010c <FIQ_Handler+0xc>
87800008:	e59ff100 	ldr	pc, [pc, #256]	; 87800110 <FIQ_Handler+0x10>
8780000c:	e59ff100 	ldr	pc, [pc, #256]	; 87800114 <FIQ_Handler+0x14>
87800010:	e59ff100 	ldr	pc, [pc, #256]	; 87800118 <FIQ_Handler+0x18>
87800014:	e59ff100 	ldr	pc, [pc, #256]	; 8780011c <FIQ_Handler+0x1c>
87800018:	e59ff100 	ldr	pc, [pc, #256]	; 87800120 <FIQ_Handler+0x20>
8780001c:	e59ff100 	ldr	pc, [pc, #256]	; 87800124 <FIQ_Handler+0x24>

87800020 <Reset_Handler>:
87800020:	f10c0080 	cpsid	i
87800024:	ee110f10 	mrc	15, 0, r0, cr1, cr0, {0}
87800028:	e3c00a01 	bic	r0, r0, #4096	; 0x1000
8780002c:	e3c00004 	bic	r0, r0, #4
87800030:	e3c00002 	bic	r0, r0, #2
87800034:	e3c00b02 	bic	r0, r0, #2048	; 0x800
87800038:	e3c00001 	bic	r0, r0, #1
8780003c:	ee010f10 	mcr	15, 0, r0, cr1, cr0, {0}
87800040:	e10f0000 	mrs	r0, CPSR
87800044:	e3c0001f 	bic	r0, r0, #31
87800048:	e3800012 	orr	r0, r0, #18
8780004c:	e129f000 	msr	CPSR_fc, r0
87800050:	e59fd0d0 	ldr	sp, [pc, #208]	; 87800128 <FIQ_Handler+0x28>
87800054:	e10f0000 	mrs	r0, CPSR
87800058:	e3c0001f 	bic	r0, r0, #31
8780005c:	e380001f 	orr	r0, r0, #31
87800060:	e129f000 	msr	CPSR_fc, r0
87800064:	e59fd0c0 	ldr	sp, [pc, #192]	; 8780012c <FIQ_Handler+0x2c>
87800068:	e10f0000 	mrs	r0, CPSR
8780006c:	e3c0001f 	bic	r0, r0, #31
87800070:	e3800013 	orr	r0, r0, #19
87800074:	e129f000 	msr	CPSR_fc, r0
87800078:	e59fd0b0 	ldr	sp, [pc, #176]	; 87800130 <FIQ_Handler+0x30>
8780007c:	f1080080 	cpsie	i
87800080:	ea000abc 	b	87802b78 <__main_from_arm>

87800084 <Undefined_Handler>:
87800084:	e59f0080 	ldr	r0, [pc, #128]	; 8780010c <FIQ_Handler+0xc>
87800088:	e12fff10 	bx	r0

8780008c <SVC_Handler>:
8780008c:	e59f007c 	ldr	r0, [pc, #124]	; 87800110 <FIQ_Handler+0x10>
87800090:	e12fff10 	bx	r0

87800094 <PrefAbort_Handler>:
87800094:	e59f0078 	ldr	r0, [pc, #120]	; 87800114 <FIQ_Handler+0x14>
87800098:	e12fff10 	bx	r0

8780009c <DataAbort_Handler>:
8780009c:	e59f0074 	ldr	r0, [pc, #116]	; 87800118 <FIQ_Handler+0x18>
878000a0:	e12fff10 	bx	r0

878000a4 <NotUsed_Handler>:
878000a4:	e59f0070 	ldr	r0, [pc, #112]	; 8780011c <FIQ_Handler+0x1c>
878000a8:	e12fff10 	bx	r0

878000ac <IRQ_Handler>:
878000ac:	e52de004 	push	{lr}		; (str lr, [sp, #-4]!)
878000b0:	e92d100f 	push	{r0, r1, r2, r3, ip}
878000b4:	e14f0000 	mrs	r0, SPSR
878000b8:	e52d0004 	push	{r0}		; (str r0, [sp, #-4]!)
878000bc:	ee9f1f10 	mrc	15, 4, r1, cr15, cr0, {0}
878000c0:	e2811a02 	add	r1, r1, #8192	; 0x2000
878000c4:	e591000c 	ldr	r0, [r1, #12]
878000c8:	e92d0003 	push	{r0, r1}
878000cc:	f1020013 	cps	#19
878000d0:	e52de004 	push	{lr}		; (str lr, [sp, #-4]!)
878000d4:	e59f2058 	ldr	r2, [pc, #88]	; 87800134 <FIQ_Handler+0x34>
878000d8:	e12fff32 	blx	r2
878000dc:	e49de004 	pop	{lr}		; (ldr lr, [sp], #4)
878000e0:	f1020012 	cps	#18
878000e4:	e8bd0003 	pop	{r0, r1}
878000e8:	e5810010 	str	r0, [r1, #16]
878000ec:	e49d0004 	pop	{r0}		; (ldr r0, [sp], #4)
878000f0:	e16ff000 	msr	SPSR_fsxc, r0
878000f4:	e8bd100f 	pop	{r0, r1, r2, r3, ip}
878000f8:	e49de004 	pop	{lr}		; (ldr lr, [sp], #4)
878000fc:	e25ef004 	subs	pc, lr, #4

87800100 <FIQ_Handler>:
87800100:	e59f001c 	ldr	r0, [pc, #28]	; 87800124 <FIQ_Handler+0x24>
87800104:	e12fff10 	bx	r0
87800108:	87800020 	strhi	r0, [r0, r0, lsr #32]
8780010c:	87800084 	strhi	r0, [r0, r4, lsl #1]
87800110:	8780008c 	strhi	r0, [r0, ip, lsl #1]
87800114:	87800094 			; <UNDEFINED> instruction: 0x87800094
87800118:	8780009c 			; <UNDEFINED> instruction: 0x8780009c
8780011c:	878000a4 	strhi	r0, [r0, r4, lsr #1]
87800120:	878000ac 	strhi	r0, [r0, ip, lsr #1]
87800124:	87800100 	strhi	r0, [r0, r0, lsl #2]
87800128:	80600000 	rsbhi	r0, r0, r0
8780012c:	80400000 	subhi	r0, r0, r0
87800130:	80200000 	eorhi	r0, r0, r0
87800134:	8780083d 			; <UNDEFINED> instruction: 0x8780083d
87800138:	00001e41 	andeq	r1, r0, r1, asr #28
8780013c:	61656100 	cmnvs	r5, r0, lsl #2
87800140:	01006962 	tsteq	r0, r2, ror #18
87800144:	00000014 	andeq	r0, r0, r4, lsl r0
87800148:	412d3705 	teqmi	sp, r5, lsl #14
8780014c:	070a0600 	streq	r0, [sl, -r0, lsl #12]
87800150:	09010841 	stmdbeq	r1, {r0, r6, fp}
87800154:	00040a02 	andeq	r0, r4, r2, lsl #20
	...

87800160 <__umodsi3>:
87800160:	e2512001 	subs	r2, r1, #1
87800164:	3a000062 	bcc	878002f4 <Ldiv0>
87800168:	11500001 	cmpne	r0, r1
8780016c:	03a00000 	moveq	r0, #0
87800170:	81110002 	tsthi	r1, r2
87800174:	00000002 	andeq	r0, r0, r2
87800178:	91a0f00e 	movls	pc, lr
8780017c:	e3a02000 	mov	r2, #0
87800180:	e3510201 	cmp	r1, #268435456	; 0x10000000
87800184:	31510000 	cmpcc	r1, r0
87800188:	31a01201 	lslcc	r1, r1, #4
8780018c:	32822004 	addcc	r2, r2, #4
87800190:	3afffffa 	bcc	87800180 <__umodsi3+0x20>
87800194:	e3510102 	cmp	r1, #-2147483648	; 0x80000000
87800198:	31510000 	cmpcc	r1, r0
8780019c:	31a01081 	lslcc	r1, r1, #1
878001a0:	32822001 	addcc	r2, r2, #1
878001a4:	3afffffa 	bcc	87800194 <__umodsi3+0x34>
878001a8:	e2522003 	subs	r2, r2, #3
878001ac:	ba00000e 	blt	878001ec <__umodsi3+0x8c>
878001b0:	e1500001 	cmp	r0, r1
878001b4:	20400001 	subcs	r0, r0, r1
878001b8:	e15000a1 	cmp	r0, r1, lsr #1
878001bc:	204000a1 	subcs	r0, r0, r1, lsr #1
878001c0:	e1500121 	cmp	r0, r1, lsr #2
878001c4:	20400121 	subcs	r0, r0, r1, lsr #2
878001c8:	e15001a1 	cmp	r0, r1, lsr #3
878001cc:	204001a1 	subcs	r0, r0, r1, lsr #3
878001d0:	e3500001 	cmp	r0, #1
878001d4:	e1a01221 	lsr	r1, r1, #4
878001d8:	a2522004 	subsge	r2, r2, #4
878001dc:	aafffff3 	bge	878001b0 <__umodsi3+0x50>
878001e0:	e3120003 	tst	r2, #3
878001e4:	13300000 	teqne	r0, #0
878001e8:	0a00000a 	beq	87800218 <__umodsi3+0xb8>
878001ec:	e3720002 	cmn	r2, #2
878001f0:	ba000006 	blt	87800210 <__umodsi3+0xb0>
878001f4:	0a000002 	beq	87800204 <__umodsi3+0xa4>
878001f8:	e1500001 	cmp	r0, r1
878001fc:	20400001 	subcs	r0, r0, r1
87800200:	e1a010a1 	lsr	r1, r1, #1
87800204:	e1500001 	cmp	r0, r1
87800208:	20400001 	subcs	r0, r0, r1
8780020c:	e1a010a1 	lsr	r1, r1, #1
87800210:	e1500001 	cmp	r0, r1
87800214:	20400001 	subcs	r0, r0, r1
87800218:	e1a0f00e 	mov	pc, lr
8780021c:	90909090 	umullsls	r9, r0, r0, r0

87800220 <__modsi3>:
87800220:	e3510000 	cmp	r1, #0
87800224:	0a000032 	beq	878002f4 <Ldiv0>
87800228:	42611000 	rsbmi	r1, r1, #0
8780022c:	e1b0c000 	movs	ip, r0
87800230:	42600000 	rsbmi	r0, r0, #0
87800234:	e2512001 	subs	r2, r1, #1
87800238:	11500001 	cmpne	r0, r1
8780023c:	03a00000 	moveq	r0, #0
87800240:	81110002 	tsthi	r1, r2
87800244:	00000002 	andeq	r0, r0, r2
87800248:	9a000026 	bls	878002e8 <__modsi3+0xc8>
8780024c:	e3a02000 	mov	r2, #0
87800250:	e3510201 	cmp	r1, #268435456	; 0x10000000
87800254:	31510000 	cmpcc	r1, r0
87800258:	31a01201 	lslcc	r1, r1, #4
8780025c:	32822004 	addcc	r2, r2, #4
87800260:	3afffffa 	bcc	87800250 <__modsi3+0x30>
87800264:	e3510102 	cmp	r1, #-2147483648	; 0x80000000
87800268:	31510000 	cmpcc	r1, r0
8780026c:	31a01081 	lslcc	r1, r1, #1
87800270:	32822001 	addcc	r2, r2, #1
87800274:	3afffffa 	bcc	87800264 <__modsi3+0x44>
87800278:	e2522003 	subs	r2, r2, #3
8780027c:	ba00000e 	blt	878002bc <__modsi3+0x9c>
87800280:	e1500001 	cmp	r0, r1
87800284:	20400001 	subcs	r0, r0, r1
87800288:	e15000a1 	cmp	r0, r1, lsr #1
8780028c:	204000a1 	subcs	r0, r0, r1, lsr #1
87800290:	e1500121 	cmp	r0, r1, lsr #2
87800294:	20400121 	subcs	r0, r0, r1, lsr #2
87800298:	e15001a1 	cmp	r0, r1, lsr #3
8780029c:	204001a1 	subcs	r0, r0, r1, lsr #3
878002a0:	e3500001 	cmp	r0, #1
878002a4:	e1a01221 	lsr	r1, r1, #4
878002a8:	a2522004 	subsge	r2, r2, #4
878002ac:	aafffff3 	bge	87800280 <__modsi3+0x60>
878002b0:	e3120003 	tst	r2, #3
878002b4:	13300000 	teqne	r0, #0
878002b8:	0a00000a 	beq	878002e8 <__modsi3+0xc8>
878002bc:	e3720002 	cmn	r2, #2
878002c0:	ba000006 	blt	878002e0 <__modsi3+0xc0>
878002c4:	0a000002 	beq	878002d4 <__modsi3+0xb4>
878002c8:	e1500001 	cmp	r0, r1
878002cc:	20400001 	subcs	r0, r0, r1
878002d0:	e1a010a1 	lsr	r1, r1, #1
878002d4:	e1500001 	cmp	r0, r1
878002d8:	20400001 	subcs	r0, r0, r1
878002dc:	e1a010a1 	lsr	r1, r1, #1
878002e0:	e1500001 	cmp	r0, r1
878002e4:	20400001 	subcs	r0, r0, r1
878002e8:	e35c0000 	cmp	ip, #0
878002ec:	42600000 	rsbmi	r0, r0, #0
878002f0:	e1a0f00e 	mov	pc, lr

878002f4 <Ldiv0>:
878002f4:	e52de004 	push	{lr}		; (str lr, [sp, #-4]!)
878002f8:	e3a00000 	mov	r0, #0
878002fc:	e49df004 	pop	{pc}		; (ldr pc, [sp], #4)

87800300 <clk_enable>:
87800300:	f44f 4380 	mov.w	r3, #16384	; 0x4000
87800304:	f04f 32ff 	mov.w	r2, #4294967295	; 0xffffffff
87800308:	f2c0 230c 	movt	r3, #524	; 0x20c
8780030c:	669a      	str	r2, [r3, #104]	; 0x68
8780030e:	66da      	str	r2, [r3, #108]	; 0x6c
87800310:	671a      	str	r2, [r3, #112]	; 0x70
87800312:	675a      	str	r2, [r3, #116]	; 0x74
87800314:	679a      	str	r2, [r3, #120]	; 0x78
87800316:	67da      	str	r2, [r3, #124]	; 0x7c
87800318:	f8c3 2080 	str.w	r2, [r3, #128]	; 0x80
8780031c:	4770      	bx	lr
8780031e:	bf00      	nop

87800320 <imx6u_clkinit>:
87800320:	f44f 4380 	mov.w	r3, #16384	; 0x4000
87800324:	b430      	push	{r4, r5}
87800326:	f2c0 230c 	movt	r3, #524	; 0x20c
8780032a:	68da      	ldr	r2, [r3, #12]
8780032c:	0751      	lsls	r1, r2, #29
8780032e:	d407      	bmi.n	87800340 <imx6u_clkinit+0x20>
87800330:	68da      	ldr	r2, [r3, #12]
87800332:	f422 7280 	bic.w	r2, r2, #256	; 0x100
87800336:	60da      	str	r2, [r3, #12]
87800338:	68da      	ldr	r2, [r3, #12]
8780033a:	f042 0204 	orr.w	r2, r2, #4
8780033e:	60da      	str	r2, [r3, #12]
87800340:	f44f 4200 	mov.w	r2, #32768	; 0x8000
87800344:	f44f 4380 	mov.w	r3, #16384	; 0x4000
87800348:	f2c0 230c 	movt	r3, #524	; 0x20c
8780034c:	f2c0 220c 	movt	r2, #524	; 0x20c
87800350:	f242 0042 	movw	r0, #8258	; 0x2042
87800354:	2100      	movs	r1, #0
87800356:	6010      	str	r0, [r2, #0]
87800358:	f241 041b 	movw	r4, #4123	; 0x101b
8780035c:	6119      	str	r1, [r3, #16]
8780035e:	f2c2 0418 	movt	r4, #8216	; 0x2018
87800362:	68dd      	ldr	r5, [r3, #12]
87800364:	f241 000c 	movw	r0, #4108	; 0x100c
87800368:	f2c1 3011 	movt	r0, #4881	; 0x1311
8780036c:	4619      	mov	r1, r3
8780036e:	f025 0504 	bic.w	r5, r5, #4
87800372:	60dd      	str	r5, [r3, #12]
87800374:	f8d2 5100 	ldr.w	r5, [r2, #256]	; 0x100
87800378:	f005 35c0 	and.w	r5, r5, #3233857728	; 0xc0c0c0c0
8780037c:	432c      	orrs	r4, r5
8780037e:	f8c2 4100 	str.w	r4, [r2, #256]	; 0x100
87800382:	f8d2 4100 	ldr.w	r4, [r2, #256]	; 0x100
87800386:	f004 34c0 	and.w	r4, r4, #3233857728	; 0xc0c0c0c0
8780038a:	4320      	orrs	r0, r4
8780038c:	f8c2 00f0 	str.w	r0, [r2, #240]	; 0xf0
87800390:	699a      	ldr	r2, [r3, #24]
87800392:	f422 2240 	bic.w	r2, r2, #786432	; 0xc0000
87800396:	619a      	str	r2, [r3, #24]
87800398:	699a      	ldr	r2, [r3, #24]
8780039a:	f442 2280 	orr.w	r2, r2, #262144	; 0x40000
8780039e:	619a      	str	r2, [r3, #24]
878003a0:	695a      	ldr	r2, [r3, #20]
878003a2:	f022 7200 	bic.w	r2, r2, #33554432	; 0x2000000
878003a6:	615a      	str	r2, [r3, #20]
878003a8:	6c8a      	ldr	r2, [r1, #72]	; 0x48
878003aa:	f44f 4380 	mov.w	r3, #16384	; 0x4000
878003ae:	f2c0 230c 	movt	r3, #524	; 0x20c
878003b2:	0692      	lsls	r2, r2, #26
878003b4:	d4f8      	bmi.n	878003a8 <imx6u_clkinit+0x88>
878003b6:	695a      	ldr	r2, [r3, #20]
878003b8:	bc30      	pop	{r4, r5}
878003ba:	f422 7240 	bic.w	r2, r2, #768	; 0x300
878003be:	615a      	str	r2, [r3, #20]
878003c0:	695a      	ldr	r2, [r3, #20]
878003c2:	f442 7280 	orr.w	r2, r2, #256	; 0x100
878003c6:	615a      	str	r2, [r3, #20]
878003c8:	69da      	ldr	r2, [r3, #28]
878003ca:	f022 0240 	bic.w	r2, r2, #64	; 0x40
878003ce:	61da      	str	r2, [r3, #28]
878003d0:	69da      	ldr	r2, [r3, #28]
878003d2:	f022 023f 	bic.w	r2, r2, #63	; 0x3f
878003d6:	61da      	str	r2, [r3, #28]
878003d8:	6a5a      	ldr	r2, [r3, #36]	; 0x24
878003da:	f022 0240 	bic.w	r2, r2, #64	; 0x40
878003de:	625a      	str	r2, [r3, #36]	; 0x24
878003e0:	6a5a      	ldr	r2, [r3, #36]	; 0x24
878003e2:	f022 023f 	bic.w	r2, r2, #63	; 0x3f
878003e6:	625a      	str	r2, [r3, #36]	; 0x24
878003e8:	4770      	bx	lr
878003ea:	bf00      	nop

878003ec <led_init>:
878003ec:	2168      	movs	r1, #104	; 0x68
878003ee:	f44f 723d 	mov.w	r2, #756	; 0x2f4
878003f2:	f44f 4340 	mov.w	r3, #49152	; 0xc000
878003f6:	b430      	push	{r4, r5}
878003f8:	f2c0 2309 	movt	r3, #521	; 0x209
878003fc:	2505      	movs	r5, #5
878003fe:	f2c0 220e 	movt	r2, #526	; 0x20e
87800402:	f241 04b0 	movw	r4, #4272	; 0x10b0
87800406:	2008      	movs	r0, #8
87800408:	f2c0 210e 	movt	r1, #526	; 0x20e
8780040c:	600d      	str	r5, [r1, #0]
8780040e:	6014      	str	r4, [r2, #0]
87800410:	6058      	str	r0, [r3, #4]
87800412:	681a      	ldr	r2, [r3, #0]
87800414:	bc30      	pop	{r4, r5}
87800416:	4302      	orrs	r2, r0
87800418:	601a      	str	r2, [r3, #0]
8780041a:	4770      	bx	lr

8780041c <led_on>:
8780041c:	f44f 4340 	mov.w	r3, #49152	; 0xc000
87800420:	f2c0 2309 	movt	r3, #521	; 0x209
87800424:	681a      	ldr	r2, [r3, #0]
87800426:	f022 0208 	bic.w	r2, r2, #8
8780042a:	601a      	str	r2, [r3, #0]
8780042c:	4770      	bx	lr
8780042e:	bf00      	nop

87800430 <led_off>:
87800430:	f44f 4340 	mov.w	r3, #49152	; 0xc000
87800434:	f2c0 2309 	movt	r3, #521	; 0x209
87800438:	681a      	ldr	r2, [r3, #0]
8780043a:	f042 0208 	orr.w	r2, r2, #8
8780043e:	601a      	str	r2, [r3, #0]
87800440:	4770      	bx	lr
87800442:	bf00      	nop

87800444 <led_switch>:
87800444:	b950      	cbnz	r0, 8780045c <led_switch+0x18>
87800446:	2901      	cmp	r1, #1
87800448:	d009      	beq.n	8780045e <led_switch+0x1a>
8780044a:	b939      	cbnz	r1, 8780045c <led_switch+0x18>
8780044c:	f44f 4340 	mov.w	r3, #49152	; 0xc000
87800450:	f2c0 2309 	movt	r3, #521	; 0x209
87800454:	681a      	ldr	r2, [r3, #0]
87800456:	f042 0208 	orr.w	r2, r2, #8
8780045a:	601a      	str	r2, [r3, #0]
8780045c:	4770      	bx	lr
8780045e:	f44f 4340 	mov.w	r3, #49152	; 0xc000
87800462:	f2c0 2309 	movt	r3, #521	; 0x209
87800466:	681a      	ldr	r2, [r3, #0]
87800468:	f022 0208 	bic.w	r2, r2, #8
8780046c:	601a      	str	r2, [r3, #0]
8780046e:	4770      	bx	lr

87800470 <delay_init>:
87800470:	f44f 4300 	mov.w	r3, #32768	; 0x8000
87800474:	2000      	movs	r0, #0
87800476:	f2c0 2309 	movt	r3, #521	; 0x209
8780047a:	f44f 4200 	mov.w	r2, #32768	; 0x8000
8780047e:	4619      	mov	r1, r3
87800480:	6018      	str	r0, [r3, #0]
87800482:	601a      	str	r2, [r3, #0]
87800484:	680a      	ldr	r2, [r1, #0]
87800486:	f44f 4300 	mov.w	r3, #32768	; 0x8000
8780048a:	f2c0 2309 	movt	r3, #521	; 0x209
8780048e:	0412      	lsls	r2, r2, #16
87800490:	d4f8      	bmi.n	87800484 <delay_init+0x14>
87800492:	681a      	ldr	r2, [r3, #0]
87800494:	2041      	movs	r0, #65	; 0x41
87800496:	f04f 31ff 	mov.w	r1, #4294967295	; 0xffffffff
8780049a:	f042 0242 	orr.w	r2, r2, #66	; 0x42
8780049e:	601a      	str	r2, [r3, #0]
878004a0:	6058      	str	r0, [r3, #4]
878004a2:	6119      	str	r1, [r3, #16]
878004a4:	681a      	ldr	r2, [r3, #0]
878004a6:	f042 0201 	orr.w	r2, r2, #1
878004aa:	601a      	str	r2, [r3, #0]
878004ac:	4770      	bx	lr
878004ae:	bf00      	nop

878004b0 <delay_us>:
878004b0:	f44f 4100 	mov.w	r1, #32768	; 0x8000
878004b4:	b430      	push	{r4, r5}
878004b6:	f2c0 2109 	movt	r1, #521	; 0x209
878004ba:	2400      	movs	r4, #0
878004bc:	6a4a      	ldr	r2, [r1, #36]	; 0x24
878004be:	6a4b      	ldr	r3, [r1, #36]	; 0x24
878004c0:	4293      	cmp	r3, r2
878004c2:	d0fc      	beq.n	878004be <delay_us+0xe>
878004c4:	1e65      	subs	r5, r4, #1
878004c6:	429a      	cmp	r2, r3
878004c8:	eba4 0402 	sub.w	r4, r4, r2
878004cc:	eba5 0502 	sub.w	r5, r5, r2
878004d0:	bf34      	ite	cc
878004d2:	18e4      	addcc	r4, r4, r3
878004d4:	18ec      	addcs	r4, r5, r3
878004d6:	4284      	cmp	r4, r0
878004d8:	461a      	mov	r2, r3
878004da:	d3f0      	bcc.n	878004be <delay_us+0xe>
878004dc:	bc30      	pop	{r4, r5}
878004de:	4770      	bx	lr

878004e0 <delay_ms>:
878004e0:	b1d8      	cbz	r0, 8780051a <delay_ms+0x3a>
878004e2:	f44f 4100 	mov.w	r1, #32768	; 0x8000
878004e6:	b470      	push	{r4, r5, r6}
878004e8:	f2c0 2109 	movt	r1, #521	; 0x209
878004ec:	2600      	movs	r6, #0
878004ee:	2400      	movs	r4, #0
878004f0:	6a4a      	ldr	r2, [r1, #36]	; 0x24
878004f2:	6a4b      	ldr	r3, [r1, #36]	; 0x24
878004f4:	4293      	cmp	r3, r2
878004f6:	d0fc      	beq.n	878004f2 <delay_ms+0x12>
878004f8:	1e65      	subs	r5, r4, #1
878004fa:	429a      	cmp	r2, r3
878004fc:	eba4 0402 	sub.w	r4, r4, r2
87800500:	eba5 0502 	sub.w	r5, r5, r2
87800504:	bf34      	ite	cc
87800506:	18e4      	addcc	r4, r4, r3
87800508:	18ec      	addcs	r4, r5, r3
8780050a:	f5b4 7f7a 	cmp.w	r4, #1000	; 0x3e8
8780050e:	461a      	mov	r2, r3
87800510:	d3ef      	bcc.n	878004f2 <delay_ms+0x12>
87800512:	3601      	adds	r6, #1
87800514:	4286      	cmp	r6, r0
87800516:	d1ea      	bne.n	878004ee <delay_ms+0xe>
87800518:	bc70      	pop	{r4, r5, r6}
8780051a:	4770      	bx	lr

8780051c <delay_short>:
8780051c:	b082      	sub	sp, #8
8780051e:	9001      	str	r0, [sp, #4]
87800520:	9b01      	ldr	r3, [sp, #4]
87800522:	1e5a      	subs	r2, r3, #1
87800524:	9201      	str	r2, [sp, #4]
87800526:	2b00      	cmp	r3, #0
87800528:	d1fa      	bne.n	87800520 <delay_short+0x4>
8780052a:	b002      	add	sp, #8
8780052c:	4770      	bx	lr
8780052e:	bf00      	nop

87800530 <delay>:
87800530:	b082      	sub	sp, #8
87800532:	9001      	str	r0, [sp, #4]
87800534:	9b01      	ldr	r3, [sp, #4]
87800536:	1e5a      	subs	r2, r3, #1
87800538:	9201      	str	r2, [sp, #4]
8780053a:	b153      	cbz	r3, 87800552 <delay+0x22>
8780053c:	f240 73ff 	movw	r3, #2047	; 0x7ff
87800540:	461a      	mov	r2, r3
87800542:	3b01      	subs	r3, #1
87800544:	2a00      	cmp	r2, #0
87800546:	d1fb      	bne.n	87800540 <delay+0x10>
87800548:	9b01      	ldr	r3, [sp, #4]
8780054a:	1e5a      	subs	r2, r3, #1
8780054c:	9201      	str	r2, [sp, #4]
8780054e:	2b00      	cmp	r3, #0
87800550:	d1f4      	bne.n	8780053c <delay+0xc>
87800552:	b002      	add	sp, #8
87800554:	4770      	bx	lr
87800556:	bf00      	nop

87800558 <beep_init>:
87800558:	210c      	movs	r1, #12
8780055a:	2250      	movs	r2, #80	; 0x50
8780055c:	b530      	push	{r4, r5, lr}
8780055e:	2301      	movs	r3, #1
87800560:	b085      	sub	sp, #20
87800562:	f2c0 2129 	movt	r1, #553	; 0x229
87800566:	2505      	movs	r5, #5
87800568:	f2c0 2229 	movt	r2, #553	; 0x229
8780056c:	f241 04b0 	movw	r4, #4272	; 0x10b0
87800570:	f44f 4040 	mov.w	r0, #49152	; 0xc000
87800574:	600d      	str	r5, [r1, #0]
87800576:	f2c0 200a 	movt	r0, #522	; 0x20a
8780057a:	6014      	str	r4, [r2, #0]
8780057c:	4619      	mov	r1, r3
8780057e:	aa01      	add	r2, sp, #4
87800580:	9301      	str	r3, [sp, #4]
87800582:	f88d 3008 	strb.w	r3, [sp, #8]
87800586:	f000 f8bd 	bl	87800704 <gpio_init>
8780058a:	b005      	add	sp, #20
8780058c:	bd30      	pop	{r4, r5, pc}
8780058e:	bf00      	nop

87800590 <beep_switch>:
87800590:	2801      	cmp	r0, #1
87800592:	4601      	mov	r1, r0
87800594:	d009      	beq.n	878005aa <beep_switch+0x1a>
87800596:	b100      	cbz	r0, 8780059a <beep_switch+0xa>
87800598:	4770      	bx	lr
8780059a:	2201      	movs	r2, #1
8780059c:	f44f 4040 	mov.w	r0, #49152	; 0xc000
878005a0:	4611      	mov	r1, r2
878005a2:	f2c0 200a 	movt	r0, #522	; 0x20a
878005a6:	f000 b85f 	b.w	87800668 <gpio_pinwrite>
878005aa:	f44f 4040 	mov.w	r0, #49152	; 0xc000
878005ae:	2200      	movs	r2, #0
878005b0:	f2c0 200a 	movt	r0, #522	; 0x20a
878005b4:	f000 b858 	b.w	87800668 <gpio_pinwrite>

878005b8 <key_init>:
878005b8:	b570      	push	{r4, r5, r6, lr}
878005ba:	218c      	movs	r1, #140	; 0x8c
878005bc:	b084      	sub	sp, #16
878005be:	f44f 7346 	mov.w	r3, #792	; 0x318
878005c2:	f2c0 230e 	movt	r3, #526	; 0x20e
878005c6:	aa04      	add	r2, sp, #16
878005c8:	f2c0 210e 	movt	r1, #526	; 0x20e
878005cc:	2605      	movs	r6, #5
878005ce:	f24f 0580 	movw	r5, #61568	; 0xf080
878005d2:	2400      	movs	r4, #0
878005d4:	f44f 4040 	mov.w	r0, #49152	; 0xc000
878005d8:	600e      	str	r6, [r1, #0]
878005da:	f2c0 2009 	movt	r0, #521	; 0x209
878005de:	601d      	str	r5, [r3, #0]
878005e0:	2112      	movs	r1, #18
878005e2:	f842 4d0c 	str.w	r4, [r2, #-12]!
878005e6:	f000 f88d 	bl	87800704 <gpio_init>
878005ea:	b004      	add	sp, #16
878005ec:	bd70      	pop	{r4, r5, r6, pc}
878005ee:	bf00      	nop

878005f0 <read_key>:
878005f0:	f44f 4040 	mov.w	r0, #49152	; 0xc000
878005f4:	2112      	movs	r1, #18
878005f6:	f2c0 2009 	movt	r0, #521	; 0x209
878005fa:	f000 b82f 	b.w	8780065c <gpio_pinread>
878005fe:	bf00      	nop

87800600 <key_getvalue>:
87800600:	b538      	push	{r3, r4, r5, lr}
87800602:	f642 4460 	movw	r4, #11360	; 0x2c60
87800606:	f2c8 7480 	movt	r4, #34688	; 0x8780
8780060a:	7823      	ldrb	r3, [r4, #0]
8780060c:	2b01      	cmp	r3, #1
8780060e:	d00b      	beq.n	87800628 <key_getvalue+0x28>
87800610:	f44f 4040 	mov.w	r0, #49152	; 0xc000
87800614:	2112      	movs	r1, #18
87800616:	f2c0 2009 	movt	r0, #521	; 0x209
8780061a:	f000 f81f 	bl	8780065c <gpio_pinread>
8780061e:	2801      	cmp	r0, #1
87800620:	bf08      	it	eq
87800622:	7020      	strbeq	r0, [r4, #0]
87800624:	2000      	movs	r0, #0
87800626:	bd38      	pop	{r3, r4, r5, pc}
87800628:	f44f 4040 	mov.w	r0, #49152	; 0xc000
8780062c:	2112      	movs	r1, #18
8780062e:	f2c0 2009 	movt	r0, #521	; 0x209
87800632:	f000 f813 	bl	8780065c <gpio_pinread>
87800636:	4605      	mov	r5, r0
87800638:	2800      	cmp	r0, #0
8780063a:	d1e9      	bne.n	87800610 <key_getvalue+0x10>
8780063c:	200a      	movs	r0, #10
8780063e:	f7ff ff77 	bl	87800530 <delay>
87800642:	f44f 4040 	mov.w	r0, #49152	; 0xc000
87800646:	2112      	movs	r1, #18
87800648:	f2c0 2009 	movt	r0, #521	; 0x209
8780064c:	7025      	strb	r5, [r4, #0]
8780064e:	f000 f805 	bl	8780065c <gpio_pinread>
87800652:	fab0 f080 	clz	r0, r0
87800656:	0940      	lsrs	r0, r0, #5
87800658:	bd38      	pop	{r3, r4, r5, pc}
8780065a:	bf00      	nop

8780065c <gpio_pinread>:
8780065c:	6800      	ldr	r0, [r0, #0]
8780065e:	40c8      	lsrs	r0, r1
87800660:	f000 0001 	and.w	r0, r0, #1
87800664:	4770      	bx	lr
87800666:	bf00      	nop

87800668 <gpio_pinwrite>:
87800668:	2301      	movs	r3, #1
8780066a:	b122      	cbz	r2, 87800676 <gpio_pinwrite+0xe>
8780066c:	6802      	ldr	r2, [r0, #0]
8780066e:	408b      	lsls	r3, r1
87800670:	4313      	orrs	r3, r2
87800672:	6003      	str	r3, [r0, #0]
87800674:	4770      	bx	lr
87800676:	6802      	ldr	r2, [r0, #0]
87800678:	408b      	lsls	r3, r1
8780067a:	ea22 0303 	bic.w	r3, r2, r3
8780067e:	6003      	str	r3, [r0, #0]
87800680:	4770      	bx	lr
87800682:	bf00      	nop

87800684 <gpio_intconfig>:
87800684:	b430      	push	{r4, r5}
87800686:	2301      	movs	r3, #1
87800688:	69c4      	ldr	r4, [r0, #28]
8780068a:	408b      	lsls	r3, r1
8780068c:	290f      	cmp	r1, #15
8780068e:	f102 32ff 	add.w	r2, r2, #4294967295	; 0xffffffff
87800692:	bf88      	it	hi
87800694:	3910      	subhi	r1, #16
87800696:	ea24 0403 	bic.w	r4, r4, r3
8780069a:	61c4      	str	r4, [r0, #28]
8780069c:	bf94      	ite	ls
8780069e:	f100 040c 	addls.w	r4, r0, #12
878006a2:	f100 0410 	addhi.w	r4, r0, #16
878006a6:	2a04      	cmp	r2, #4
878006a8:	d80f      	bhi.n	878006ca <gpio_intconfig+0x46>
878006aa:	e8df f002 	tbb	[pc, r2]
878006ae:	231e0315 	tstcs	lr, #1409286144	; 0x54000000
878006b2:	68200010 	stmdavs	r0!, {r4}
878006b6:	0049      	lsls	r1, r1, #1
878006b8:	2503      	movs	r5, #3
878006ba:	2301      	movs	r3, #1
878006bc:	408d      	lsls	r5, r1
878006be:	fa03 f201 	lsl.w	r2, r3, r1
878006c2:	ea20 0305 	bic.w	r3, r0, r5
878006c6:	4313      	orrs	r3, r2
878006c8:	6023      	str	r3, [r4, #0]
878006ca:	bc30      	pop	{r4, r5}
878006cc:	4770      	bx	lr
878006ce:	69c2      	ldr	r2, [r0, #28]
878006d0:	bc30      	pop	{r4, r5}
878006d2:	4313      	orrs	r3, r2
878006d4:	61c3      	str	r3, [r0, #28]
878006d6:	4770      	bx	lr
878006d8:	0049      	lsls	r1, r1, #1
878006da:	6822      	ldr	r2, [r4, #0]
878006dc:	2303      	movs	r3, #3
878006de:	408b      	lsls	r3, r1
878006e0:	ea22 0303 	bic.w	r3, r2, r3
878006e4:	6023      	str	r3, [r4, #0]
878006e6:	bc30      	pop	{r4, r5}
878006e8:	4770      	bx	lr
878006ea:	0049      	lsls	r1, r1, #1
878006ec:	2503      	movs	r5, #3
878006ee:	6820      	ldr	r0, [r4, #0]
878006f0:	2302      	movs	r3, #2
878006f2:	e7e3      	b.n	878006bc <gpio_intconfig+0x38>
878006f4:	0049      	lsls	r1, r1, #1
878006f6:	6822      	ldr	r2, [r4, #0]
878006f8:	2303      	movs	r3, #3
878006fa:	408b      	lsls	r3, r1
878006fc:	4313      	orrs	r3, r2
878006fe:	6023      	str	r3, [r4, #0]
87800700:	bc30      	pop	{r4, r5}
87800702:	4770      	bx	lr

87800704 <gpio_init>:
87800704:	2301      	movs	r3, #1
87800706:	b470      	push	{r4, r5, r6}
87800708:	408b      	lsls	r3, r1
8780070a:	6944      	ldr	r4, [r0, #20]
8780070c:	6816      	ldr	r6, [r2, #0]
8780070e:	43dd      	mvns	r5, r3
87800710:	402c      	ands	r4, r5
87800712:	6144      	str	r4, [r0, #20]
87800714:	b15e      	cbz	r6, 8780072e <gpio_init+0x2a>
87800716:	6844      	ldr	r4, [r0, #4]
87800718:	431c      	orrs	r4, r3
8780071a:	6044      	str	r4, [r0, #4]
8780071c:	7914      	ldrb	r4, [r2, #4]
8780071e:	b16c      	cbz	r4, 8780073c <gpio_init+0x38>
87800720:	6804      	ldr	r4, [r0, #0]
87800722:	6892      	ldr	r2, [r2, #8]
87800724:	4323      	orrs	r3, r4
87800726:	bc70      	pop	{r4, r5, r6}
87800728:	6003      	str	r3, [r0, #0]
8780072a:	f7ff bfab 	b.w	87800684 <gpio_intconfig>
8780072e:	6843      	ldr	r3, [r0, #4]
87800730:	6892      	ldr	r2, [r2, #8]
87800732:	401d      	ands	r5, r3
87800734:	6045      	str	r5, [r0, #4]
87800736:	bc70      	pop	{r4, r5, r6}
87800738:	f7ff bfa4 	b.w	87800684 <gpio_intconfig>
8780073c:	6803      	ldr	r3, [r0, #0]
8780073e:	6892      	ldr	r2, [r2, #8]
87800740:	401d      	ands	r5, r3
87800742:	6005      	str	r5, [r0, #0]
87800744:	bc70      	pop	{r4, r5, r6}
87800746:	f7ff bf9d 	b.w	87800684 <gpio_intconfig>
8780074a:	bf00      	nop

8780074c <gpio_enableint>:
8780074c:	6943      	ldr	r3, [r0, #20]
8780074e:	2201      	movs	r2, #1
87800750:	408a      	lsls	r2, r1
87800752:	4313      	orrs	r3, r2
87800754:	6143      	str	r3, [r0, #20]
87800756:	4770      	bx	lr

87800758 <gpio_disableint>:
87800758:	6943      	ldr	r3, [r0, #20]
8780075a:	2201      	movs	r2, #1
8780075c:	408a      	lsls	r2, r1
8780075e:	ea23 0302 	bic.w	r3, r3, r2
87800762:	6143      	str	r3, [r0, #20]
87800764:	4770      	bx	lr
87800766:	bf00      	nop

87800768 <gpio_clearintflags>:
87800768:	6983      	ldr	r3, [r0, #24]
8780076a:	2201      	movs	r2, #1
8780076c:	408a      	lsls	r2, r1
8780076e:	4313      	orrs	r3, r2
87800770:	6183      	str	r3, [r0, #24]
87800772:	4770      	bx	lr

87800774 <default_irqhandler>:
87800774:	e7fe      	b.n	87800774 <default_irqhandler>
87800776:	bf00      	nop

87800778 <int_init>:
87800778:	b5f0      	push	{r4, r5, r6, r7, lr}
8780077a:	ee9f 4f10 	mrc	15, 4, r4, cr15, cr0, {0}
8780077e:	0c24      	lsrs	r4, r4, #16
87800780:	f241 0204 	movw	r2, #4100	; 0x1004
87800784:	2300      	movs	r3, #0
87800786:	0424      	lsls	r4, r4, #16
87800788:	f04f 30ff 	mov.w	r0, #4294967295	; 0xffffffff
8780078c:	58a1      	ldr	r1, [r4, r2]
8780078e:	f001 011f 	and.w	r1, r1, #31
87800792:	3101      	adds	r1, #1
87800794:	f503 628c 	add.w	r2, r3, #1120	; 0x460
87800798:	3301      	adds	r3, #1
8780079a:	4299      	cmp	r1, r3
8780079c:	f844 0022 	str.w	r0, [r4, r2, lsl #2]
878007a0:	d1f8      	bne.n	87800794 <int_init+0x1c>
878007a2:	f242 0604 	movw	r6, #8196	; 0x2004
878007a6:	27f8      	movs	r7, #248	; 0xf8
878007a8:	f642 5364 	movw	r3, #11620	; 0x2d64
878007ac:	f240 7275 	movw	r2, #1909	; 0x775
878007b0:	51a7      	str	r7, [r4, r6]
878007b2:	2500      	movs	r5, #0
878007b4:	f2c8 7380 	movt	r3, #34688	; 0x8780
878007b8:	f242 0708 	movw	r7, #8200	; 0x2008
878007bc:	f04f 0e02 	mov.w	lr, #2
878007c0:	f2c8 7280 	movt	r2, #34688	; 0x8780
878007c4:	f844 e007 	str.w	lr, [r4, r7]
878007c8:	f504 5680 	add.w	r6, r4, #4096	; 0x1000
878007cc:	f203 5004 	addw	r0, r3, #1284	; 0x504
878007d0:	4629      	mov	r1, r5
878007d2:	f843 5b04 	str.w	r5, [r3], #4
878007d6:	f504 5400 	add.w	r4, r4, #8192	; 0x2000
878007da:	2501      	movs	r5, #1
878007dc:	6035      	str	r5, [r6, #0]
878007de:	6025      	str	r5, [r4, #0]
878007e0:	601a      	str	r2, [r3, #0]
878007e2:	3308      	adds	r3, #8
878007e4:	f843 1c04 	str.w	r1, [r3, #-4]
878007e8:	4283      	cmp	r3, r0
878007ea:	d1f9      	bne.n	878007e0 <int_init+0x68>
878007ec:	2300      	movs	r3, #0
878007ee:	f2c8 7380 	movt	r3, #34688	; 0x8780
878007f2:	ee0c 3f10 	mcr	15, 0, r3, cr12, cr0, {0}
878007f6:	bdf0      	pop	{r4, r5, r6, r7, pc}

878007f8 <system_irqtable_init>:
878007f8:	b410      	push	{r4}
878007fa:	f240 7275 	movw	r2, #1909	; 0x775
878007fe:	2400      	movs	r4, #0
87800800:	f642 5364 	movw	r3, #11620	; 0x2d64
87800804:	4621      	mov	r1, r4
87800806:	f2c8 7280 	movt	r2, #34688	; 0x8780
8780080a:	f2c8 7380 	movt	r3, #34688	; 0x8780
8780080e:	f203 5004 	addw	r0, r3, #1284	; 0x504
87800812:	f843 4b04 	str.w	r4, [r3], #4
87800816:	601a      	str	r2, [r3, #0]
87800818:	3308      	adds	r3, #8
8780081a:	f843 1c04 	str.w	r1, [r3, #-4]
8780081e:	4283      	cmp	r3, r0
87800820:	d1f9      	bne.n	87800816 <system_irqtable_init+0x1e>
87800822:	f85d 4b04 	ldr.w	r4, [sp], #4
87800826:	4770      	bx	lr

87800828 <system_register_irqhandler>:
87800828:	f642 5364 	movw	r3, #11620	; 0x2d64
8780082c:	f2c8 7380 	movt	r3, #34688	; 0x8780
87800830:	eb03 00c0 	add.w	r0, r3, r0, lsl #3
87800834:	6041      	str	r1, [r0, #4]
87800836:	6082      	str	r2, [r0, #8]
87800838:	4770      	bx	lr
8780083a:	bf00      	nop

8780083c <system_irqhandler>:
8780083c:	b538      	push	{r3, r4, r5, lr}
8780083e:	f3c0 0309 	ubfx	r3, r0, #0, #10
87800842:	2b9f      	cmp	r3, #159	; 0x9f
87800844:	d80f      	bhi.n	87800866 <system_irqhandler+0x2a>
87800846:	f642 5464 	movw	r4, #11620	; 0x2d64
8780084a:	4618      	mov	r0, r3
8780084c:	f2c8 7480 	movt	r4, #34688	; 0x8780
87800850:	6822      	ldr	r2, [r4, #0]
87800852:	eb04 03c3 	add.w	r3, r4, r3, lsl #3
87800856:	685d      	ldr	r5, [r3, #4]
87800858:	3201      	adds	r2, #1
8780085a:	6899      	ldr	r1, [r3, #8]
8780085c:	6022      	str	r2, [r4, #0]
8780085e:	47a8      	blx	r5
87800860:	6823      	ldr	r3, [r4, #0]
87800862:	3b01      	subs	r3, #1
87800864:	6023      	str	r3, [r4, #0]
87800866:	bd38      	pop	{r3, r4, r5, pc}

87800868 <gpio1_io18_irqhandler>:
87800868:	b508      	push	{r3, lr}
8780086a:	200a      	movs	r0, #10
8780086c:	f7ff fe60 	bl	87800530 <delay>
87800870:	f44f 4040 	mov.w	r0, #49152	; 0xc000
87800874:	2112      	movs	r1, #18
87800876:	f2c0 2009 	movt	r0, #521	; 0x209
8780087a:	f7ff feef 	bl	8780065c <gpio_pinread>
8780087e:	b958      	cbnz	r0, 87800898 <gpio1_io18_irqhandler+0x30>
87800880:	f243 2268 	movw	r2, #12904	; 0x3268
87800884:	f2c8 7280 	movt	r2, #34688	; 0x8780
87800888:	7813      	ldrb	r3, [r2, #0]
8780088a:	fab3 f383 	clz	r3, r3
8780088e:	095b      	lsrs	r3, r3, #5
87800890:	4618      	mov	r0, r3
87800892:	7013      	strb	r3, [r2, #0]
87800894:	f7ff fe7c 	bl	87800590 <beep_switch>
87800898:	f44f 4040 	mov.w	r0, #49152	; 0xc000
8780089c:	2112      	movs	r1, #18
8780089e:	f2c0 2009 	movt	r0, #521	; 0x209
878008a2:	e8bd 4008 	ldmia.w	sp!, {r3, lr}
878008a6:	f7ff bf5f 	b.w	87800768 <gpio_clearintflags>
878008aa:	bf00      	nop

878008ac <exit_init>:
878008ac:	b570      	push	{r4, r5, r6, lr}
878008ae:	228c      	movs	r2, #140	; 0x8c
878008b0:	f44f 7346 	mov.w	r3, #792	; 0x318
878008b4:	f44f 4440 	mov.w	r4, #49152	; 0xc000
878008b8:	b084      	sub	sp, #16
878008ba:	2604      	movs	r6, #4
878008bc:	f2c0 220e 	movt	r2, #526	; 0x20e
878008c0:	2005      	movs	r0, #5
878008c2:	f2c0 230e 	movt	r3, #526	; 0x20e
878008c6:	f24f 0180 	movw	r1, #61568	; 0xf080
878008ca:	f2c0 2409 	movt	r4, #521	; 0x209
878008ce:	6010      	str	r0, [r2, #0]
878008d0:	2500      	movs	r5, #0
878008d2:	6019      	str	r1, [r3, #0]
878008d4:	4620      	mov	r0, r4
878008d6:	2301      	movs	r3, #1
878008d8:	eb0d 0206 	add.w	r2, sp, r6
878008dc:	2112      	movs	r1, #18
878008de:	9501      	str	r5, [sp, #4]
878008e0:	9603      	str	r6, [sp, #12]
878008e2:	f88d 3008 	strb.w	r3, [sp, #8]
878008e6:	f7ff ff0d 	bl	87800704 <gpio_init>
878008ea:	ee9f 3f10 	mrc	15, 4, r3, cr15, cr0, {0}
878008ee:	0c1b      	lsrs	r3, r3, #16
878008f0:	f241 100c 	movw	r0, #4364	; 0x110c
878008f4:	2608      	movs	r6, #8
878008f6:	041b      	lsls	r3, r3, #16
878008f8:	f640 0169 	movw	r1, #2153	; 0x869
878008fc:	462a      	mov	r2, r5
878008fe:	501e      	str	r6, [r3, r0]
87800900:	f2c8 7180 	movt	r1, #34688	; 0x8780
87800904:	2063      	movs	r0, #99	; 0x63
87800906:	f7ff ff8f 	bl	87800828 <system_register_irqhandler>
8780090a:	4620      	mov	r0, r4
8780090c:	2112      	movs	r1, #18
8780090e:	f7ff ff1d 	bl	8780074c <gpio_enableint>
87800912:	b004      	add	sp, #16
87800914:	bd70      	pop	{r4, r5, r6, pc}
87800916:	bf00      	nop

87800918 <epit1_irqhandler>:
87800918:	b508      	push	{r3, lr}
8780091a:	f243 2369 	movw	r3, #12905	; 0x3269
8780091e:	f2c8 7380 	movt	r3, #34688	; 0x8780
87800922:	2200      	movs	r2, #0
87800924:	f2c0 220d 	movt	r2, #525	; 0x20d
87800928:	7819      	ldrb	r1, [r3, #0]
8780092a:	fab1 f181 	clz	r1, r1
8780092e:	0949      	lsrs	r1, r1, #5
87800930:	7019      	strb	r1, [r3, #0]
87800932:	6853      	ldr	r3, [r2, #4]
87800934:	07db      	lsls	r3, r3, #31
87800936:	d502      	bpl.n	8780093e <epit1_irqhandler+0x26>
87800938:	2000      	movs	r0, #0
8780093a:	f7ff fd83 	bl	87800444 <led_switch>
8780093e:	2300      	movs	r3, #0
87800940:	f2c0 230d 	movt	r3, #525	; 0x20d
87800944:	685a      	ldr	r2, [r3, #4]
87800946:	f042 0201 	orr.w	r2, r2, #1
8780094a:	605a      	str	r2, [r3, #4]
8780094c:	bd08      	pop	{r3, pc}
8780094e:	bf00      	nop

87800950 <epit1_init>:
87800950:	b538      	push	{r3, r4, r5, lr}
87800952:	f640 73ff 	movw	r3, #4095	; 0xfff
87800956:	4298      	cmp	r0, r3
87800958:	f04f 0400 	mov.w	r4, #0
8780095c:	bf28      	it	cs
8780095e:	4618      	movcs	r0, r3
87800960:	f2c0 240d 	movt	r4, #525	; 0x20d
87800964:	0100      	lsls	r0, r0, #4
87800966:	2200      	movs	r2, #0
87800968:	6022      	str	r2, [r4, #0]
8780096a:	f040 7080 	orr.w	r0, r0, #16777216	; 0x1000000
8780096e:	f040 000e 	orr.w	r0, r0, #14
87800972:	6020      	str	r0, [r4, #0]
87800974:	60a1      	str	r1, [r4, #8]
87800976:	60e2      	str	r2, [r4, #12]
87800978:	ee9f 3f10 	mrc	15, 4, r3, cr15, cr0, {0}
8780097c:	0c1b      	lsrs	r3, r3, #16
8780097e:	f241 1008 	movw	r0, #4360	; 0x1108
87800982:	f04f 7580 	mov.w	r5, #16777216	; 0x1000000
87800986:	041b      	lsls	r3, r3, #16
87800988:	f640 1119 	movw	r1, #2329	; 0x919
8780098c:	f2c8 7180 	movt	r1, #34688	; 0x8780
87800990:	501d      	str	r5, [r3, r0]
87800992:	2058      	movs	r0, #88	; 0x58
87800994:	f7ff ff48 	bl	87800828 <system_register_irqhandler>
87800998:	6823      	ldr	r3, [r4, #0]
8780099a:	f043 0301 	orr.w	r3, r3, #1
8780099e:	6023      	str	r3, [r4, #0]
878009a0:	bd38      	pop	{r3, r4, r5, pc}
878009a2:	bf00      	nop

878009a4 <filtertimer_irqhandler>:
878009a4:	b508      	push	{r3, lr}
878009a6:	2300      	movs	r3, #0
878009a8:	f2c0 230d 	movt	r3, #525	; 0x20d
878009ac:	685a      	ldr	r2, [r3, #4]
878009ae:	07d2      	lsls	r2, r2, #31
878009b0:	d407      	bmi.n	878009c2 <filtertimer_irqhandler+0x1e>
878009b2:	2300      	movs	r3, #0
878009b4:	f2c0 230d 	movt	r3, #525	; 0x20d
878009b8:	685a      	ldr	r2, [r3, #4]
878009ba:	f042 0201 	orr.w	r2, r2, #1
878009be:	605a      	str	r2, [r3, #4]
878009c0:	bd08      	pop	{r3, pc}
878009c2:	681a      	ldr	r2, [r3, #0]
878009c4:	f44f 4040 	mov.w	r0, #49152	; 0xc000
878009c8:	f2c0 2009 	movt	r0, #521	; 0x209
878009cc:	2112      	movs	r1, #18
878009ce:	f022 0201 	bic.w	r2, r2, #1
878009d2:	601a      	str	r2, [r3, #0]
878009d4:	f7ff fe42 	bl	8780065c <gpio_pinread>
878009d8:	2800      	cmp	r0, #0
878009da:	d1ea      	bne.n	878009b2 <filtertimer_irqhandler+0xe>
878009dc:	f243 226a 	movw	r2, #12906	; 0x326a
878009e0:	f2c8 7280 	movt	r2, #34688	; 0x8780
878009e4:	7813      	ldrb	r3, [r2, #0]
878009e6:	fab3 f383 	clz	r3, r3
878009ea:	095b      	lsrs	r3, r3, #5
878009ec:	4618      	mov	r0, r3
878009ee:	7013      	strb	r3, [r2, #0]
878009f0:	f7ff fdce 	bl	87800590 <beep_switch>
878009f4:	e7dd      	b.n	878009b2 <filtertimer_irqhandler+0xe>
878009f6:	bf00      	nop

878009f8 <gpio1_16_31_irqhandler>:
878009f8:	2300      	movs	r3, #0
878009fa:	b410      	push	{r4}
878009fc:	f2c0 230d 	movt	r3, #525	; 0x20d
87800a00:	f44f 5491 	mov.w	r4, #4640	; 0x1220
87800a04:	f2c0 040a 	movt	r4, #10
87800a08:	f44f 4040 	mov.w	r0, #49152	; 0xc000
87800a0c:	681a      	ldr	r2, [r3, #0]
87800a0e:	f2c0 2009 	movt	r0, #521	; 0x209
87800a12:	2112      	movs	r1, #18
87800a14:	f022 0201 	bic.w	r2, r2, #1
87800a18:	601a      	str	r2, [r3, #0]
87800a1a:	609c      	str	r4, [r3, #8]
87800a1c:	681a      	ldr	r2, [r3, #0]
87800a1e:	f85d 4b04 	ldr.w	r4, [sp], #4
87800a22:	f042 0201 	orr.w	r2, r2, #1
87800a26:	601a      	str	r2, [r3, #0]
87800a28:	f7ff be9e 	b.w	87800768 <gpio_clearintflags>

87800a2c <filtertimer_init>:
87800a2c:	2300      	movs	r3, #0
87800a2e:	210e      	movs	r1, #14
87800a30:	f2c0 230d 	movt	r3, #525	; 0x20d
87800a34:	2200      	movs	r2, #0
87800a36:	f2c0 1100 	movt	r1, #256	; 0x100
87800a3a:	b410      	push	{r4}
87800a3c:	601a      	str	r2, [r3, #0]
87800a3e:	6019      	str	r1, [r3, #0]
87800a40:	6098      	str	r0, [r3, #8]
87800a42:	60da      	str	r2, [r3, #12]
87800a44:	ee9f 3f10 	mrc	15, 4, r3, cr15, cr0, {0}
87800a48:	0c1b      	lsrs	r3, r3, #16
87800a4a:	f241 1008 	movw	r0, #4360	; 0x1108
87800a4e:	f04f 7480 	mov.w	r4, #16777216	; 0x1000000
87800a52:	041b      	lsls	r3, r3, #16
87800a54:	f640 11a5 	movw	r1, #2469	; 0x9a5
87800a58:	f2c8 7180 	movt	r1, #34688	; 0x8780
87800a5c:	501c      	str	r4, [r3, r0]
87800a5e:	2058      	movs	r0, #88	; 0x58
87800a60:	f85d 4b04 	ldr.w	r4, [sp], #4
87800a64:	f7ff bee0 	b.w	87800828 <system_register_irqhandler>

87800a68 <keyfilter_init>:
87800a68:	b570      	push	{r4, r5, r6, lr}
87800a6a:	228c      	movs	r2, #140	; 0x8c
87800a6c:	f44f 7346 	mov.w	r3, #792	; 0x318
87800a70:	f44f 4440 	mov.w	r4, #49152	; 0xc000
87800a74:	b084      	sub	sp, #16
87800a76:	2604      	movs	r6, #4
87800a78:	f2c0 220e 	movt	r2, #526	; 0x20e
87800a7c:	2005      	movs	r0, #5
87800a7e:	f2c0 230e 	movt	r3, #526	; 0x20e
87800a82:	f24f 0180 	movw	r1, #61568	; 0xf080
87800a86:	f2c0 2409 	movt	r4, #521	; 0x209
87800a8a:	6010      	str	r0, [r2, #0]
87800a8c:	2500      	movs	r5, #0
87800a8e:	6019      	str	r1, [r3, #0]
87800a90:	4620      	mov	r0, r4
87800a92:	2301      	movs	r3, #1
87800a94:	eb0d 0206 	add.w	r2, sp, r6
87800a98:	2112      	movs	r1, #18
87800a9a:	9501      	str	r5, [sp, #4]
87800a9c:	9603      	str	r6, [sp, #12]
87800a9e:	f88d 3008 	strb.w	r3, [sp, #8]
87800aa2:	f7ff fe2f 	bl	87800704 <gpio_init>
87800aa6:	ee9f 3f10 	mrc	15, 4, r3, cr15, cr0, {0}
87800aaa:	0c1b      	lsrs	r3, r3, #16
87800aac:	f241 100c 	movw	r0, #4364	; 0x110c
87800ab0:	2608      	movs	r6, #8
87800ab2:	041b      	lsls	r3, r3, #16
87800ab4:	f640 11f9 	movw	r1, #2553	; 0x9f9
87800ab8:	462a      	mov	r2, r5
87800aba:	501e      	str	r6, [r3, r0]
87800abc:	f2c8 7180 	movt	r1, #34688	; 0x8780
87800ac0:	2063      	movs	r0, #99	; 0x63
87800ac2:	f7ff feb1 	bl	87800828 <system_register_irqhandler>
87800ac6:	4620      	mov	r0, r4
87800ac8:	2112      	movs	r1, #18
87800aca:	f7ff fe3f 	bl	8780074c <gpio_enableint>
87800ace:	f44f 5091 	mov.w	r0, #4640	; 0x1220
87800ad2:	f2c0 000a 	movt	r0, #10
87800ad6:	f7ff ffa9 	bl	87800a2c <filtertimer_init>
87800ada:	b004      	add	sp, #16
87800adc:	bd70      	pop	{r4, r5, r6, pc}
87800ade:	bf00      	nop

87800ae0 <filtertimer_stop>:
87800ae0:	2300      	movs	r3, #0
87800ae2:	f2c0 230d 	movt	r3, #525	; 0x20d
87800ae6:	681a      	ldr	r2, [r3, #0]
87800ae8:	f022 0201 	bic.w	r2, r2, #1
87800aec:	601a      	str	r2, [r3, #0]
87800aee:	4770      	bx	lr

87800af0 <filtertimer_restart>:
87800af0:	2300      	movs	r3, #0
87800af2:	f2c0 230d 	movt	r3, #525	; 0x20d
87800af6:	681a      	ldr	r2, [r3, #0]
87800af8:	f022 0201 	bic.w	r2, r2, #1
87800afc:	601a      	str	r2, [r3, #0]
87800afe:	6098      	str	r0, [r3, #8]
87800b00:	681a      	ldr	r2, [r3, #0]
87800b02:	f042 0201 	orr.w	r2, r2, #1
87800b06:	601a      	str	r2, [r3, #0]
87800b08:	4770      	bx	lr
87800b0a:	bf00      	nop

87800b0c <uart_setbaudrate>:
87800b0c:	e92d 4ff0 	stmdb	sp!, {r4, r5, r6, r7, r8, r9, sl, fp, lr}
87800b10:	010d      	lsls	r5, r1, #4
87800b12:	b085      	sub	sp, #20
87800b14:	460f      	mov	r7, r1
87800b16:	4682      	mov	sl, r0
87800b18:	4691      	mov	r9, r2
87800b1a:	f000 80f1 	beq.w	87800d00 <uart_setbaudrate+0x1f4>
87800b1e:	462c      	mov	r4, r5
87800b20:	4610      	mov	r0, r2
87800b22:	e000      	b.n	87800b26 <uart_setbaudrate+0x1a>
87800b24:	460c      	mov	r4, r1
87800b26:	4621      	mov	r1, r4
87800b28:	f001 ff6c 	bl	87802a04 <__aeabi_uidivmod>
87800b2c:	4620      	mov	r0, r4
87800b2e:	2900      	cmp	r1, #0
87800b30:	d1f8      	bne.n	87800b24 <uart_setbaudrate+0x18>
87800b32:	4621      	mov	r1, r4
87800b34:	4648      	mov	r0, r9
87800b36:	f001 fe37 	bl	878027a8 <__aeabi_uidiv>
87800b3a:	4621      	mov	r1, r4
87800b3c:	4606      	mov	r6, r0
87800b3e:	4628      	mov	r0, r5
87800b40:	f001 fe32 	bl	878027a8 <__aeabi_uidiv>
87800b44:	f64f 73f9 	movw	r3, #65529	; 0xfff9
87800b48:	4605      	mov	r5, r0
87800b4a:	f2c0 0306 	movt	r3, #6
87800b4e:	429e      	cmp	r6, r3
87800b50:	bf98      	it	ls
87800b52:	f5b0 3f80 	cmpls.w	r0, #65536	; 0x10000
87800b56:	bf2c      	ite	cs
87800b58:	2301      	movcs	r3, #1
87800b5a:	2300      	movcc	r3, #0
87800b5c:	d277      	bcs.n	87800c4e <uart_setbaudrate+0x142>
87800b5e:	f248 0101 	movw	r1, #32769	; 0x8001
87800b62:	1e72      	subs	r2, r6, #1
87800b64:	f2c8 0100 	movt	r1, #32768	; 0x8000
87800b68:	9301      	str	r3, [sp, #4]
87800b6a:	fba2 2301 	umull	r2, r3, r2, r1
87800b6e:	ea4f 1b06 	mov.w	fp, r6, lsl #4
87800b72:	4680      	mov	r8, r0
87800b74:	0bda      	lsrs	r2, r3, #15
87800b76:	1e53      	subs	r3, r2, #1
87800b78:	3201      	adds	r2, #1
87800b7a:	9203      	str	r2, [sp, #12]
87800b7c:	2b05      	cmp	r3, #5
87800b7e:	4648      	mov	r0, r9
87800b80:	bf96      	itet	ls
87800b82:	f642 4228 	movwls	r2, #11304	; 0x2c28
87800b86:	2305      	movhi	r3, #5
87800b88:	f2c8 7280 	movtls	r2, #34688	; 0x8780
87800b8c:	f04f 0100 	mov.w	r1, #0
87800b90:	bf98      	it	ls
87800b92:	f852 3023 	ldrls.w	r3, [r2, r3, lsl #2]
87800b96:	9302      	str	r3, [sp, #8]
87800b98:	f1bb 0f00 	cmp.w	fp, #0
87800b9c:	f000 80ae 	beq.w	87800cfc <uart_setbaudrate+0x1f0>
87800ba0:	465c      	mov	r4, fp
87800ba2:	e000      	b.n	87800ba6 <uart_setbaudrate+0x9a>
87800ba4:	4614      	mov	r4, r2
87800ba6:	4622      	mov	r2, r4
87800ba8:	2300      	movs	r3, #0
87800baa:	f001 ff39 	bl	87802a20 <__aeabi_uldivmod>
87800bae:	4620      	mov	r0, r4
87800bb0:	2100      	movs	r1, #0
87800bb2:	2a00      	cmp	r2, #0
87800bb4:	d1f6      	bne.n	87800ba4 <uart_setbaudrate+0x98>
87800bb6:	4648      	mov	r0, r9
87800bb8:	4621      	mov	r1, r4
87800bba:	f001 fdf5 	bl	878027a8 <__aeabi_uidiv>
87800bbe:	4603      	mov	r3, r0
87800bc0:	9a01      	ldr	r2, [sp, #4]
87800bc2:	fba3 8908 	umull	r8, r9, r3, r8
87800bc6:	4621      	mov	r1, r4
87800bc8:	4658      	mov	r0, fp
87800bca:	fb03 9902 	mla	r9, r3, r2, r9
87800bce:	f001 fdeb 	bl	878027a8 <__aeabi_uidiv>
87800bd2:	2300      	movs	r3, #0
87800bd4:	4602      	mov	r2, r0
87800bd6:	4649      	mov	r1, r9
87800bd8:	4640      	mov	r0, r8
87800bda:	f001 ff21 	bl	87802a20 <__aeabi_uldivmod>
87800bde:	2300      	movs	r3, #0
87800be0:	4299      	cmp	r1, r3
87800be2:	bf08      	it	eq
87800be4:	42b8      	cmpeq	r0, r7
87800be6:	d32e      	bcc.n	87800c46 <uart_setbaudrate+0x13a>
87800be8:	1bc0      	subs	r0, r0, r7
87800bea:	eb61 0103 	sbc.w	r1, r1, r3
87800bee:	f248 521f 	movw	r2, #34079	; 0x851f
87800bf2:	f2c5 12eb 	movt	r2, #20971	; 0x51eb
87800bf6:	fba7 2302 	umull	r2, r3, r7, r2
87800bfa:	095a      	lsrs	r2, r3, #5
87800bfc:	2300      	movs	r3, #0
87800bfe:	4299      	cmp	r1, r3
87800c00:	eb02 0242 	add.w	r2, r2, r2, lsl #1
87800c04:	bf08      	it	eq
87800c06:	4290      	cmpeq	r0, r2
87800c08:	d21a      	bcs.n	87800c40 <uart_setbaudrate+0x134>
87800c0a:	9b02      	ldr	r3, [sp, #8]
87800c0c:	3d01      	subs	r5, #1
87800c0e:	f8da 1090 	ldr.w	r1, [sl, #144]	; 0x90
87800c12:	b2ad      	uxth	r5, r5
87800c14:	4630      	mov	r0, r6
87800c16:	01db      	lsls	r3, r3, #7
87800c18:	f403 7260 	and.w	r2, r3, #896	; 0x380
87800c1c:	f421 7360 	bic.w	r3, r1, #896	; 0x380
87800c20:	f8ca 3090 	str.w	r3, [sl, #144]	; 0x90
87800c24:	f8da 3090 	ldr.w	r3, [sl, #144]	; 0x90
87800c28:	9903      	ldr	r1, [sp, #12]
87800c2a:	4313      	orrs	r3, r2
87800c2c:	f8ca 3090 	str.w	r3, [sl, #144]	; 0x90
87800c30:	f8ca 50a4 	str.w	r5, [sl, #164]	; 0xa4
87800c34:	f001 fdb8 	bl	878027a8 <__aeabi_uidiv>
87800c38:	3801      	subs	r0, #1
87800c3a:	b280      	uxth	r0, r0
87800c3c:	f8ca 00a8 	str.w	r0, [sl, #168]	; 0xa8
87800c40:	b005      	add	sp, #20
87800c42:	e8bd 8ff0 	ldmia.w	sp!, {r4, r5, r6, r7, r8, r9, sl, fp, pc}
87800c46:	1a38      	subs	r0, r7, r0
87800c48:	eb63 0101 	sbc.w	r1, r3, r1
87800c4c:	e7cf      	b.n	87800bee <uart_setbaudrate+0xe2>
87800c4e:	f646 52b9 	movw	r2, #28089	; 0x6db9
87800c52:	1e71      	subs	r1, r6, #1
87800c54:	f2c2 4293 	movt	r2, #9363	; 0x2493
87800c58:	f248 0401 	movw	r4, #32769	; 0x8001
87800c5c:	fba1 2302 	umull	r2, r3, r1, r2
87800c60:	f100 3bff 	add.w	fp, r0, #4294967295	; 0xffffffff
87800c64:	f2c8 0400 	movt	r4, #32768	; 0x8000
87800c68:	4630      	mov	r0, r6
87800c6a:	fbab bc04 	umull	fp, ip, fp, r4
87800c6e:	1ac9      	subs	r1, r1, r3
87800c70:	eb03 0351 	add.w	r3, r3, r1, lsr #1
87800c74:	ea4f 38dc 	mov.w	r8, ip, lsr #15
87800c78:	0c9b      	lsrs	r3, r3, #18
87800c7a:	f108 0801 	add.w	r8, r8, #1
87800c7e:	3301      	adds	r3, #1
87800c80:	4598      	cmp	r8, r3
87800c82:	bf38      	it	cc
87800c84:	4698      	movcc	r8, r3
87800c86:	4641      	mov	r1, r8
87800c88:	f001 fd8e 	bl	878027a8 <__aeabi_uidiv>
87800c8c:	4606      	mov	r6, r0
87800c8e:	4641      	mov	r1, r8
87800c90:	4628      	mov	r0, r5
87800c92:	f001 fd89 	bl	878027a8 <__aeabi_uidiv>
87800c96:	4605      	mov	r5, r0
87800c98:	b976      	cbnz	r6, 87800cb8 <uart_setbaudrate+0x1ac>
87800c9a:	bb40      	cbnz	r0, 87800cee <uart_setbaudrate+0x1e2>
87800c9c:	f04f 0801 	mov.w	r8, #1
87800ca0:	2305      	movs	r3, #5
87800ca2:	4601      	mov	r1, r0
87800ca4:	9001      	str	r0, [sp, #4]
87800ca6:	4646      	mov	r6, r8
87800ca8:	f8cd 800c 	str.w	r8, [sp, #12]
87800cac:	4645      	mov	r5, r8
87800cae:	4648      	mov	r0, r9
87800cb0:	f04f 0b10 	mov.w	fp, #16
87800cb4:	9302      	str	r3, [sp, #8]
87800cb6:	e773      	b.n	87800ba0 <uart_setbaudrate+0x94>
87800cb8:	1e72      	subs	r2, r6, #1
87800cba:	b158      	cbz	r0, 87800cd4 <uart_setbaudrate+0x1c8>
87800cbc:	fba2 2304 	umull	r2, r3, r2, r4
87800cc0:	ea4f 1b06 	mov.w	fp, r6, lsl #4
87800cc4:	0bda      	lsrs	r2, r3, #15
87800cc6:	1e53      	subs	r3, r2, #1
87800cc8:	3201      	adds	r2, #1
87800cca:	9203      	str	r2, [sp, #12]
87800ccc:	2200      	movs	r2, #0
87800cce:	46a8      	mov	r8, r5
87800cd0:	9201      	str	r2, [sp, #4]
87800cd2:	e753      	b.n	87800b7c <uart_setbaudrate+0x70>
87800cd4:	fba2 2304 	umull	r2, r3, r2, r4
87800cd8:	f04f 0801 	mov.w	r8, #1
87800cdc:	9001      	str	r0, [sp, #4]
87800cde:	ea4f 1b06 	mov.w	fp, r6, lsl #4
87800ce2:	4645      	mov	r5, r8
87800ce4:	0bda      	lsrs	r2, r3, #15
87800ce6:	1e53      	subs	r3, r2, #1
87800ce8:	4442      	add	r2, r8
87800cea:	9203      	str	r2, [sp, #12]
87800cec:	e746      	b.n	87800b7c <uart_setbaudrate+0x70>
87800cee:	2201      	movs	r2, #1
87800cf0:	f04f 0b10 	mov.w	fp, #16
87800cf4:	4616      	mov	r6, r2
87800cf6:	f04f 33ff 	mov.w	r3, #4294967295	; 0xffffffff
87800cfa:	e7e6      	b.n	87800cca <uart_setbaudrate+0x1be>
87800cfc:	2401      	movs	r4, #1
87800cfe:	e75a      	b.n	87800bb6 <uart_setbaudrate+0xaa>
87800d00:	2401      	movs	r4, #1
87800d02:	e716      	b.n	87800b32 <uart_setbaudrate+0x26>

87800d04 <uart_init>:
87800d04:	b5f8      	push	{r3, r4, r5, r6, r7, lr}
87800d06:	2084      	movs	r0, #132	; 0x84
87800d08:	2300      	movs	r3, #0
87800d0a:	f2c0 200e 	movt	r0, #526	; 0x20e
87800d0e:	461e      	mov	r6, r3
87800d10:	2288      	movs	r2, #136	; 0x88
87800d12:	f240 6524 	movw	r5, #1572	; 0x624
87800d16:	f44f 7444 	mov.w	r4, #784	; 0x310
87800d1a:	f44f 7145 	mov.w	r1, #788	; 0x314
87800d1e:	6006      	str	r6, [r0, #0]
87800d20:	f2c0 2302 	movt	r3, #514	; 0x202
87800d24:	f2c0 220e 	movt	r2, #526	; 0x20e
87800d28:	f2c0 210e 	movt	r1, #526	; 0x20e
87800d2c:	f241 00b0 	movw	r0, #4272	; 0x10b0
87800d30:	f2c0 250e 	movt	r5, #526	; 0x20e
87800d34:	f2c0 240e 	movt	r4, #526	; 0x20e
87800d38:	2703      	movs	r7, #3
87800d3a:	6016      	str	r6, [r2, #0]
87800d3c:	602f      	str	r7, [r5, #0]
87800d3e:	461a      	mov	r2, r3
87800d40:	6020      	str	r0, [r4, #0]
87800d42:	6008      	str	r0, [r1, #0]
87800d44:	f8d3 1080 	ldr.w	r1, [r3, #128]	; 0x80
87800d48:	f021 0101 	bic.w	r1, r1, #1
87800d4c:	f8c3 1080 	str.w	r1, [r3, #128]	; 0x80
87800d50:	f8d3 1084 	ldr.w	r1, [r3, #132]	; 0x84
87800d54:	f021 0101 	bic.w	r1, r1, #1
87800d58:	f8c3 1084 	str.w	r1, [r3, #132]	; 0x84
87800d5c:	f8d2 3084 	ldr.w	r3, [r2, #132]	; 0x84
87800d60:	2400      	movs	r4, #0
87800d62:	f2c0 2402 	movt	r4, #514	; 0x202
87800d66:	07db      	lsls	r3, r3, #31
87800d68:	d5f8      	bpl.n	87800d5c <uart_init+0x58>
87800d6a:	2500      	movs	r5, #0
87800d6c:	f44f 4234 	mov.w	r2, #46080	; 0xb400
87800d70:	f8c4 5080 	str.w	r5, [r4, #128]	; 0x80
87800d74:	f2c0 42c4 	movt	r2, #1220	; 0x4c4
87800d78:	f8d4 3080 	ldr.w	r3, [r4, #128]	; 0x80
87800d7c:	f44f 31e1 	mov.w	r1, #115200	; 0x1c200
87800d80:	4620      	mov	r0, r4
87800d82:	f423 4380 	bic.w	r3, r3, #16384	; 0x4000
87800d86:	f8c4 3080 	str.w	r3, [r4, #128]	; 0x80
87800d8a:	f8c4 5084 	str.w	r5, [r4, #132]	; 0x84
87800d8e:	f8d4 3084 	ldr.w	r3, [r4, #132]	; 0x84
87800d92:	f443 4380 	orr.w	r3, r3, #16384	; 0x4000
87800d96:	f043 0326 	orr.w	r3, r3, #38	; 0x26
87800d9a:	f8c4 3084 	str.w	r3, [r4, #132]	; 0x84
87800d9e:	f8d4 3088 	ldr.w	r3, [r4, #136]	; 0x88
87800da2:	f043 0304 	orr.w	r3, r3, #4
87800da6:	f8c4 3088 	str.w	r3, [r4, #136]	; 0x88
87800daa:	f7ff feaf 	bl	87800b0c <uart_setbaudrate>
87800dae:	f8d4 3080 	ldr.w	r3, [r4, #128]	; 0x80
87800db2:	f043 0301 	orr.w	r3, r3, #1
87800db6:	f8c4 3080 	str.w	r3, [r4, #128]	; 0x80
87800dba:	bdf8      	pop	{r3, r4, r5, r6, r7, pc}

87800dbc <uart_disable>:
87800dbc:	f8d0 3080 	ldr.w	r3, [r0, #128]	; 0x80
87800dc0:	f023 0301 	bic.w	r3, r3, #1
87800dc4:	f8c0 3080 	str.w	r3, [r0, #128]	; 0x80
87800dc8:	4770      	bx	lr
87800dca:	bf00      	nop

87800dcc <uart_enable>:
87800dcc:	f8d0 3080 	ldr.w	r3, [r0, #128]	; 0x80
87800dd0:	f043 0301 	orr.w	r3, r3, #1
87800dd4:	f8c0 3080 	str.w	r3, [r0, #128]	; 0x80
87800dd8:	4770      	bx	lr
87800dda:	bf00      	nop

87800ddc <uart_softreset>:
87800ddc:	f8d0 3084 	ldr.w	r3, [r0, #132]	; 0x84
87800de0:	f023 0301 	bic.w	r3, r3, #1
87800de4:	f8c0 3084 	str.w	r3, [r0, #132]	; 0x84
87800de8:	f8d0 3084 	ldr.w	r3, [r0, #132]	; 0x84
87800dec:	07db      	lsls	r3, r3, #31
87800dee:	d5fb      	bpl.n	87800de8 <uart_softreset+0xc>
87800df0:	4770      	bx	lr
87800df2:	bf00      	nop

87800df4 <putc>:
87800df4:	2100      	movs	r1, #0
87800df6:	f2c0 2102 	movt	r1, #514	; 0x202
87800dfa:	f8d1 2098 	ldr.w	r2, [r1, #152]	; 0x98
87800dfe:	2300      	movs	r3, #0
87800e00:	f2c0 2302 	movt	r3, #514	; 0x202
87800e04:	0712      	lsls	r2, r2, #28
87800e06:	d5f8      	bpl.n	87800dfa <putc+0x6>
87800e08:	6418      	str	r0, [r3, #64]	; 0x40
87800e0a:	4770      	bx	lr

87800e0c <puts>:
87800e0c:	7801      	ldrb	r1, [r0, #0]
87800e0e:	b179      	cbz	r1, 87800e30 <puts+0x24>
87800e10:	2200      	movs	r2, #0
87800e12:	b410      	push	{r4}
87800e14:	f2c0 2202 	movt	r2, #514	; 0x202
87800e18:	4614      	mov	r4, r2
87800e1a:	f8d2 3098 	ldr.w	r3, [r2, #152]	; 0x98
87800e1e:	071b      	lsls	r3, r3, #28
87800e20:	d5fb      	bpl.n	87800e1a <puts+0xe>
87800e22:	6421      	str	r1, [r4, #64]	; 0x40
87800e24:	f810 1f01 	ldrb.w	r1, [r0, #1]!
87800e28:	2900      	cmp	r1, #0
87800e2a:	d1f6      	bne.n	87800e1a <puts+0xe>
87800e2c:	f85d 4b04 	ldr.w	r4, [sp], #4
87800e30:	4770      	bx	lr
87800e32:	bf00      	nop

87800e34 <getc>:
87800e34:	2100      	movs	r1, #0
87800e36:	f2c0 2102 	movt	r1, #514	; 0x202
87800e3a:	f8d1 2098 	ldr.w	r2, [r1, #152]	; 0x98
87800e3e:	2300      	movs	r3, #0
87800e40:	f2c0 2302 	movt	r3, #514	; 0x202
87800e44:	07d2      	lsls	r2, r2, #31
87800e46:	d5f8      	bpl.n	87800e3a <getc+0x6>
87800e48:	6818      	ldr	r0, [r3, #0]
87800e4a:	b2c0      	uxtb	r0, r0
87800e4c:	4770      	bx	lr
87800e4e:	bf00      	nop

87800e50 <raise>:
87800e50:	4770      	bx	lr
87800e52:	bf00      	nop

87800e54 <uart_io_init>:
87800e54:	b4f0      	push	{r4, r5, r6, r7}
87800e56:	f240 6024 	movw	r0, #1572	; 0x624
87800e5a:	2684      	movs	r6, #132	; 0x84
87800e5c:	2488      	movs	r4, #136	; 0x88
87800e5e:	f44f 7144 	mov.w	r1, #784	; 0x310
87800e62:	f44f 7345 	mov.w	r3, #788	; 0x314
87800e66:	2500      	movs	r5, #0
87800e68:	f2c0 260e 	movt	r6, #526	; 0x20e
87800e6c:	f2c0 240e 	movt	r4, #526	; 0x20e
87800e70:	2703      	movs	r7, #3
87800e72:	f241 02b0 	movw	r2, #4272	; 0x10b0
87800e76:	f2c0 200e 	movt	r0, #526	; 0x20e
87800e7a:	f2c0 210e 	movt	r1, #526	; 0x20e
87800e7e:	f2c0 230e 	movt	r3, #526	; 0x20e
87800e82:	6035      	str	r5, [r6, #0]
87800e84:	6025      	str	r5, [r4, #0]
87800e86:	6007      	str	r7, [r0, #0]
87800e88:	600a      	str	r2, [r1, #0]
87800e8a:	bcf0      	pop	{r4, r5, r6, r7}
87800e8c:	601a      	str	r2, [r3, #0]
87800e8e:	4770      	bx	lr

87800e90 <__muldi3>:
87800e90:	fb02 f101 	mul.w	r1, r2, r1
87800e94:	b4f0      	push	{r4, r5, r6, r7}
87800e96:	4604      	mov	r4, r0
87800e98:	ea4f 4610 	mov.w	r6, r0, lsr #16
87800e9c:	ea4f 4512 	mov.w	r5, r2, lsr #16
87800ea0:	ea20 4706 	bic.w	r7, r0, r6, lsl #16
87800ea4:	ea22 4205 	bic.w	r2, r2, r5, lsl #16
87800ea8:	fb07 f002 	mul.w	r0, r7, r2
87800eac:	fb06 f202 	mul.w	r2, r6, r2
87800eb0:	fb05 f707 	mul.w	r7, r5, r7
87800eb4:	fb06 f505 	mul.w	r5, r6, r5
87800eb8:	19d7      	adds	r7, r2, r7
87800eba:	bf28      	it	cs
87800ebc:	f505 3580 	addcs.w	r5, r5, #65536	; 0x10000
87800ec0:	eb10 4007 	adds.w	r0, r0, r7, lsl #16
87800ec4:	eb45 4517 	adc.w	r5, r5, r7, lsr #16
87800ec8:	fb03 1104 	mla	r1, r3, r4, r1
87800ecc:	4429      	add	r1, r5
87800ece:	bcf0      	pop	{r4, r5, r6, r7}
87800ed0:	4770      	bx	lr
87800ed2:	bf00      	nop

87800ed4 <printf>:
87800ed4:	b40f      	push	{r0, r1, r2, r3}
87800ed6:	f243 206c 	movw	r0, #12908	; 0x326c
87800eda:	b570      	push	{r4, r5, r6, lr}
87800edc:	f2c8 7080 	movt	r0, #34688	; 0x8780
87800ee0:	aa05      	add	r2, sp, #20
87800ee2:	2400      	movs	r4, #0
87800ee4:	9904      	ldr	r1, [sp, #16]
87800ee6:	f001 f975 	bl	878021d4 <vsprintf>
87800eea:	4d0b      	ldr	r5, [pc, #44]	; (87800f18 <printf+0x44>)
87800eec:	4606      	mov	r6, r0
87800eee:	e003      	b.n	87800ef8 <printf+0x24>
87800ef0:	f815 0f01 	ldrb.w	r0, [r5, #1]!
87800ef4:	f7ff ff7e 	bl	87800df4 <putc>
87800ef8:	f243 206c 	movw	r0, #12908	; 0x326c
87800efc:	f2c8 7080 	movt	r0, #34688	; 0x8780
87800f00:	f000 f95a 	bl	878011b8 <strlen>
87800f04:	4284      	cmp	r4, r0
87800f06:	f104 0401 	add.w	r4, r4, #1
87800f0a:	d3f1      	bcc.n	87800ef0 <printf+0x1c>
87800f0c:	4630      	mov	r0, r6
87800f0e:	e8bd 4070 	ldmia.w	sp!, {r4, r5, r6, lr}
87800f12:	b004      	add	sp, #16
87800f14:	4770      	bx	lr
87800f16:	bf00      	nop
87800f18:	8780326b 	strhi	r3, [r0, fp, ror #4]

87800f1c <scanf>:
87800f1c:	b40f      	push	{r0, r1, r2, r3}
87800f1e:	b570      	push	{r4, r5, r6, lr}
87800f20:	2500      	movs	r5, #0
87800f22:	4e10      	ldr	r6, [pc, #64]	; (87800f64 <scanf+0x48>)
87800f24:	e002      	b.n	87800f2c <scanf+0x10>
87800f26:	3501      	adds	r5, #1
87800f28:	f806 4f01 	strb.w	r4, [r6, #1]!
87800f2c:	f7ff ff82 	bl	87800e34 <getc>
87800f30:	4604      	mov	r4, r0
87800f32:	f7ff ff5f 	bl	87800df4 <putc>
87800f36:	2c0d      	cmp	r4, #13
87800f38:	bf18      	it	ne
87800f3a:	2c0a      	cmpne	r4, #10
87800f3c:	d1f3      	bne.n	87800f26 <scanf+0xa>
87800f3e:	f243 206c 	movw	r0, #12908	; 0x326c
87800f42:	2300      	movs	r3, #0
87800f44:	f2c8 7080 	movt	r0, #34688	; 0x8780
87800f48:	aa05      	add	r2, sp, #20
87800f4a:	4405      	add	r5, r0
87800f4c:	9904      	ldr	r1, [sp, #16]
87800f4e:	f500 6080 	add.w	r0, r0, #1024	; 0x400
87800f52:	f885 3400 	strb.w	r3, [r5, #1024]	; 0x400
87800f56:	f001 f94f 	bl	878021f8 <vsscanf>
87800f5a:	e8bd 4070 	ldmia.w	sp!, {r4, r5, r6, lr}
87800f5e:	b004      	add	sp, #16
87800f60:	4770      	bx	lr
87800f62:	bf00      	nop
87800f64:	8780366b 	strhi	r3, [r0, fp, ror #12]

87800f68 <__div64_32>:
87800f68:	e92d 4ff8 	stmdb	sp!, {r3, r4, r5, r6, r7, r8, r9, sl, fp, lr}
87800f6c:	4688      	mov	r8, r1
87800f6e:	e9d0 6700 	ldrd	r6, r7, [r0]
87800f72:	f04f 0b00 	mov.w	fp, #0
87800f76:	4681      	mov	r9, r0
87800f78:	468a      	mov	sl, r1
87800f7a:	4644      	mov	r4, r8
87800f7c:	465d      	mov	r5, fp
87800f7e:	42b9      	cmp	r1, r7
87800f80:	bf84      	itt	hi
87800f82:	2200      	movhi	r2, #0
87800f84:	2300      	movhi	r3, #0
87800f86:	d80b      	bhi.n	87800fa0 <__div64_32+0x38>
87800f88:	4638      	mov	r0, r7
87800f8a:	f001 fc0d 	bl	878027a8 <__aeabi_uidiv>
87800f8e:	4686      	mov	lr, r0
87800f90:	2000      	movs	r0, #0
87800f92:	fb08 f10e 	mul.w	r1, r8, lr
87800f96:	1a36      	subs	r6, r6, r0
87800f98:	4602      	mov	r2, r0
87800f9a:	4673      	mov	r3, lr
87800f9c:	eb67 0701 	sbc.w	r7, r7, r1
87800fa0:	45bb      	cmp	fp, r7
87800fa2:	bf08      	it	eq
87800fa4:	45b2      	cmpeq	sl, r6
87800fa6:	bf34      	ite	cc
87800fa8:	2101      	movcc	r1, #1
87800faa:	2100      	movcs	r1, #0
87800fac:	f1ba 0f01 	cmp.w	sl, #1
87800fb0:	f001 0101 	and.w	r1, r1, #1
87800fb4:	f17b 0000 	sbcs.w	r0, fp, #0
87800fb8:	f04f 0001 	mov.w	r0, #1
87800fbc:	bfb8      	it	lt
87800fbe:	2100      	movlt	r1, #0
87800fc0:	b371      	cbz	r1, 87801020 <__div64_32+0xb8>
87800fc2:	2100      	movs	r1, #0
87800fc4:	1924      	adds	r4, r4, r4
87800fc6:	416d      	adcs	r5, r5
87800fc8:	1800      	adds	r0, r0, r0
87800fca:	4149      	adcs	r1, r1
87800fcc:	2c01      	cmp	r4, #1
87800fce:	f175 0e00 	sbcs.w	lr, r5, #0
87800fd2:	bfac      	ite	ge
87800fd4:	f04f 0e01 	movge.w	lr, #1
87800fd8:	f04f 0e00 	movlt.w	lr, #0
87800fdc:	42bd      	cmp	r5, r7
87800fde:	f00e 0e01 	and.w	lr, lr, #1
87800fe2:	bf08      	it	eq
87800fe4:	42b4      	cmpeq	r4, r6
87800fe6:	bf28      	it	cs
87800fe8:	f04f 0e00 	movcs.w	lr, #0
87800fec:	f1be 0f00 	cmp.w	lr, #0
87800ff0:	d1e8      	bne.n	87800fc4 <__div64_32+0x5c>
87800ff2:	42af      	cmp	r7, r5
87800ff4:	bf08      	it	eq
87800ff6:	42a6      	cmpeq	r6, r4
87800ff8:	d304      	bcc.n	87801004 <__div64_32+0x9c>
87800ffa:	1b36      	subs	r6, r6, r4
87800ffc:	eb67 0705 	sbc.w	r7, r7, r5
87801000:	1812      	adds	r2, r2, r0
87801002:	414b      	adcs	r3, r1
87801004:	0849      	lsrs	r1, r1, #1
87801006:	ea4f 0030 	mov.w	r0, r0, rrx
8780100a:	086d      	lsrs	r5, r5, #1
8780100c:	ea4f 0434 	mov.w	r4, r4, rrx
87801010:	ea50 0e01 	orrs.w	lr, r0, r1
87801014:	d1ed      	bne.n	87800ff2 <__div64_32+0x8a>
87801016:	e9c9 2300 	strd	r2, r3, [r9]
8780101a:	4630      	mov	r0, r6
8780101c:	e8bd 8ff8 	ldmia.w	sp!, {r3, r4, r5, r6, r7, r8, r9, sl, fp, pc}
87801020:	2100      	movs	r1, #0
87801022:	e7e6      	b.n	87800ff2 <__div64_32+0x8a>

87801024 <strnicmp>:
87801024:	b322      	cbz	r2, 87801070 <strnicmp+0x4c>
87801026:	b5f0      	push	{r4, r5, r6, r7, lr}
87801028:	f642 4564 	movw	r5, #11364	; 0x2c64
8780102c:	3801      	subs	r0, #1
8780102e:	f2c8 7580 	movt	r5, #34688	; 0x8780
87801032:	e008      	b.n	87801046 <strnicmp+0x22>
87801034:	07f6      	lsls	r6, r6, #31
87801036:	fa5f f38e 	uxtb.w	r3, lr
8780103a:	d500      	bpl.n	8780103e <strnicmp+0x1a>
8780103c:	b2fc      	uxtb	r4, r7
8780103e:	42a3      	cmp	r3, r4
87801040:	d114      	bne.n	8780106c <strnicmp+0x48>
87801042:	3a01      	subs	r2, #1
87801044:	d01a      	beq.n	8780107c <strnicmp+0x58>
87801046:	f810 3f01 	ldrb.w	r3, [r0, #1]!
8780104a:	f811 4b01 	ldrb.w	r4, [r1], #1
8780104e:	b18b      	cbz	r3, 87801074 <strnicmp+0x50>
87801050:	b194      	cbz	r4, 87801078 <strnicmp+0x54>
87801052:	42a3      	cmp	r3, r4
87801054:	d0f5      	beq.n	87801042 <strnicmp+0x1e>
87801056:	5cee      	ldrb	r6, [r5, r3]
87801058:	f104 0720 	add.w	r7, r4, #32
8780105c:	f103 0e20 	add.w	lr, r3, #32
87801060:	f016 0f01 	tst.w	r6, #1
87801064:	5d2e      	ldrb	r6, [r5, r4]
87801066:	d1e5      	bne.n	87801034 <strnicmp+0x10>
87801068:	07f6      	lsls	r6, r6, #31
8780106a:	d4e7      	bmi.n	8780103c <strnicmp+0x18>
8780106c:	1b18      	subs	r0, r3, r4
8780106e:	bdf0      	pop	{r4, r5, r6, r7, pc}
87801070:	4610      	mov	r0, r2
87801072:	4770      	bx	lr
87801074:	4260      	negs	r0, r4
87801076:	bdf0      	pop	{r4, r5, r6, r7, pc}
87801078:	4618      	mov	r0, r3
8780107a:	bdf0      	pop	{r4, r5, r6, r7, pc}
8780107c:	4610      	mov	r0, r2
8780107e:	bdf0      	pop	{r4, r5, r6, r7, pc}

87801080 <strcpy>:
87801080:	1e42      	subs	r2, r0, #1
87801082:	f811 3b01 	ldrb.w	r3, [r1], #1
87801086:	f802 3f01 	strb.w	r3, [r2, #1]!
8780108a:	2b00      	cmp	r3, #0
8780108c:	d1f9      	bne.n	87801082 <strcpy+0x2>
8780108e:	4770      	bx	lr

87801090 <strncpy>:
87801090:	b410      	push	{r4}
87801092:	440a      	add	r2, r1
87801094:	1e44      	subs	r4, r0, #1
87801096:	e004      	b.n	878010a2 <strncpy+0x12>
87801098:	f811 3b01 	ldrb.w	r3, [r1], #1
8780109c:	f804 3f01 	strb.w	r3, [r4, #1]!
878010a0:	b10b      	cbz	r3, 878010a6 <strncpy+0x16>
878010a2:	4291      	cmp	r1, r2
878010a4:	d1f8      	bne.n	87801098 <strncpy+0x8>
878010a6:	f85d 4b04 	ldr.w	r4, [sp], #4
878010aa:	4770      	bx	lr

878010ac <strcat>:
878010ac:	7803      	ldrb	r3, [r0, #0]
878010ae:	b163      	cbz	r3, 878010ca <strcat+0x1e>
878010b0:	4603      	mov	r3, r0
878010b2:	f813 2f01 	ldrb.w	r2, [r3, #1]!
878010b6:	2a00      	cmp	r2, #0
878010b8:	d1fb      	bne.n	878010b2 <strcat+0x6>
878010ba:	3b01      	subs	r3, #1
878010bc:	f811 2b01 	ldrb.w	r2, [r1], #1
878010c0:	f803 2f01 	strb.w	r2, [r3, #1]!
878010c4:	2a00      	cmp	r2, #0
878010c6:	d1f9      	bne.n	878010bc <strcat+0x10>
878010c8:	4770      	bx	lr
878010ca:	4603      	mov	r3, r0
878010cc:	e7f5      	b.n	878010ba <strcat+0xe>
878010ce:	bf00      	nop

878010d0 <strncat>:
878010d0:	b1ba      	cbz	r2, 87801102 <strncat+0x32>
878010d2:	7803      	ldrb	r3, [r0, #0]
878010d4:	b430      	push	{r4, r5}
878010d6:	b1bb      	cbz	r3, 87801108 <strncat+0x38>
878010d8:	4603      	mov	r3, r0
878010da:	f813 4f01 	ldrb.w	r4, [r3, #1]!
878010de:	2c00      	cmp	r4, #0
878010e0:	d1fb      	bne.n	878010da <strncat+0xa>
878010e2:	f811 4b01 	ldrb.w	r4, [r1], #1
878010e6:	461d      	mov	r5, r3
878010e8:	f803 4b01 	strb.w	r4, [r3], #1
878010ec:	b144      	cbz	r4, 87801100 <strncat+0x30>
878010ee:	3a01      	subs	r2, #1
878010f0:	d008      	beq.n	87801104 <strncat+0x34>
878010f2:	f811 4b01 	ldrb.w	r4, [r1], #1
878010f6:	461d      	mov	r5, r3
878010f8:	f803 4b01 	strb.w	r4, [r3], #1
878010fc:	2c00      	cmp	r4, #0
878010fe:	d1f6      	bne.n	878010ee <strncat+0x1e>
87801100:	bc30      	pop	{r4, r5}
87801102:	4770      	bx	lr
87801104:	706a      	strb	r2, [r5, #1]
87801106:	e7fb      	b.n	87801100 <strncat+0x30>
87801108:	4603      	mov	r3, r0
8780110a:	e7f2      	b.n	878010f2 <strncat+0x22>

8780110c <strcmp>:
8780110c:	1e42      	subs	r2, r0, #1
8780110e:	e000      	b.n	87801112 <strcmp+0x6>
87801110:	b148      	cbz	r0, 87801126 <strcmp+0x1a>
87801112:	f812 0f01 	ldrb.w	r0, [r2, #1]!
87801116:	f811 3b01 	ldrb.w	r3, [r1], #1
8780111a:	1ac3      	subs	r3, r0, r3
8780111c:	f013 03ff 	ands.w	r3, r3, #255	; 0xff
87801120:	d0f6      	beq.n	87801110 <strcmp+0x4>
87801122:	b258      	sxtb	r0, r3
87801124:	4770      	bx	lr
87801126:	4770      	bx	lr

87801128 <strncmp>:
87801128:	b302      	cbz	r2, 8780116c <strncmp+0x44>
8780112a:	b470      	push	{r4, r5, r6}
8780112c:	1c4d      	adds	r5, r1, #1
8780112e:	7803      	ldrb	r3, [r0, #0]
87801130:	780e      	ldrb	r6, [r1, #0]
87801132:	1b9e      	subs	r6, r3, r6
87801134:	f016 06ff 	ands.w	r6, r6, #255	; 0xff
87801138:	bf18      	it	ne
8780113a:	b270      	sxtbne	r0, r6
8780113c:	d10e      	bne.n	8780115c <strncmp+0x34>
8780113e:	b1bb      	cbz	r3, 87801170 <strncmp+0x48>
87801140:	440a      	add	r2, r1
87801142:	e008      	b.n	87801156 <strncmp+0x2e>
87801144:	f810 4f01 	ldrb.w	r4, [r0, #1]!
87801148:	f815 3b01 	ldrb.w	r3, [r5], #1
8780114c:	1ae3      	subs	r3, r4, r3
8780114e:	f013 03ff 	ands.w	r3, r3, #255	; 0xff
87801152:	d105      	bne.n	87801160 <strncmp+0x38>
87801154:	b13c      	cbz	r4, 87801166 <strncmp+0x3e>
87801156:	4295      	cmp	r5, r2
87801158:	d1f4      	bne.n	87801144 <strncmp+0x1c>
8780115a:	2000      	movs	r0, #0
8780115c:	bc70      	pop	{r4, r5, r6}
8780115e:	4770      	bx	lr
87801160:	b258      	sxtb	r0, r3
87801162:	bc70      	pop	{r4, r5, r6}
87801164:	4770      	bx	lr
87801166:	4620      	mov	r0, r4
87801168:	bc70      	pop	{r4, r5, r6}
8780116a:	4770      	bx	lr
8780116c:	4610      	mov	r0, r2
8780116e:	4770      	bx	lr
87801170:	4618      	mov	r0, r3
87801172:	e7f3      	b.n	8780115c <strncmp+0x34>

87801174 <strchr>:
87801174:	7803      	ldrb	r3, [r0, #0]
87801176:	b2c9      	uxtb	r1, r1
87801178:	428b      	cmp	r3, r1
8780117a:	d006      	beq.n	8780118a <strchr+0x16>
8780117c:	b123      	cbz	r3, 87801188 <strchr+0x14>
8780117e:	f810 3f01 	ldrb.w	r3, [r0, #1]!
87801182:	428b      	cmp	r3, r1
87801184:	d1fa      	bne.n	8780117c <strchr+0x8>
87801186:	4770      	bx	lr
87801188:	4618      	mov	r0, r3
8780118a:	4770      	bx	lr

8780118c <strrchr>:
8780118c:	7803      	ldrb	r3, [r0, #0]
8780118e:	b18b      	cbz	r3, 878011b4 <strrchr+0x28>
87801190:	4603      	mov	r3, r0
87801192:	f813 2f01 	ldrb.w	r2, [r3, #1]!
87801196:	2a00      	cmp	r2, #0
87801198:	d1fb      	bne.n	87801192 <strrchr+0x6>
8780119a:	b2c9      	uxtb	r1, r1
8780119c:	2200      	movs	r2, #0
8780119e:	e003      	b.n	878011a8 <strrchr+0x1c>
878011a0:	3b01      	subs	r3, #1
878011a2:	4298      	cmp	r0, r3
878011a4:	d804      	bhi.n	878011b0 <strrchr+0x24>
878011a6:	781a      	ldrb	r2, [r3, #0]
878011a8:	428a      	cmp	r2, r1
878011aa:	d1f9      	bne.n	878011a0 <strrchr+0x14>
878011ac:	4618      	mov	r0, r3
878011ae:	4770      	bx	lr
878011b0:	2000      	movs	r0, #0
878011b2:	4770      	bx	lr
878011b4:	4603      	mov	r3, r0
878011b6:	e7f0      	b.n	8780119a <strrchr+0xe>

878011b8 <strlen>:
878011b8:	7802      	ldrb	r2, [r0, #0]
878011ba:	b132      	cbz	r2, 878011ca <strlen+0x12>
878011bc:	4603      	mov	r3, r0
878011be:	f813 1f01 	ldrb.w	r1, [r3, #1]!
878011c2:	2900      	cmp	r1, #0
878011c4:	d1fb      	bne.n	878011be <strlen+0x6>
878011c6:	1a18      	subs	r0, r3, r0
878011c8:	4770      	bx	lr
878011ca:	4610      	mov	r0, r2
878011cc:	4770      	bx	lr
878011ce:	bf00      	nop

878011d0 <strnlen>:
878011d0:	b199      	cbz	r1, 878011fa <strnlen+0x2a>
878011d2:	7803      	ldrb	r3, [r0, #0]
878011d4:	b19b      	cbz	r3, 878011fe <strnlen+0x2e>
878011d6:	b410      	push	{r4}
878011d8:	4401      	add	r1, r0
878011da:	1c43      	adds	r3, r0, #1
878011dc:	e002      	b.n	878011e4 <strnlen+0x14>
878011de:	781c      	ldrb	r4, [r3, #0]
878011e0:	3301      	adds	r3, #1
878011e2:	b134      	cbz	r4, 878011f2 <strnlen+0x22>
878011e4:	428b      	cmp	r3, r1
878011e6:	461a      	mov	r2, r3
878011e8:	d1f9      	bne.n	878011de <strnlen+0xe>
878011ea:	1a18      	subs	r0, r3, r0
878011ec:	f85d 4b04 	ldr.w	r4, [sp], #4
878011f0:	4770      	bx	lr
878011f2:	1a10      	subs	r0, r2, r0
878011f4:	f85d 4b04 	ldr.w	r4, [sp], #4
878011f8:	4770      	bx	lr
878011fa:	4608      	mov	r0, r1
878011fc:	4770      	bx	lr
878011fe:	4618      	mov	r0, r3
87801200:	4770      	bx	lr
87801202:	bf00      	nop

87801204 <strspn>:
87801204:	b470      	push	{r4, r5, r6}
87801206:	4605      	mov	r5, r0
87801208:	7804      	ldrb	r4, [r0, #0]
8780120a:	b1ac      	cbz	r4, 87801238 <strspn+0x34>
8780120c:	780e      	ldrb	r6, [r1, #0]
8780120e:	2000      	movs	r0, #0
87801210:	b14e      	cbz	r6, 87801226 <strspn+0x22>
87801212:	42a6      	cmp	r6, r4
87801214:	d009      	beq.n	8780122a <strspn+0x26>
87801216:	460a      	mov	r2, r1
87801218:	e001      	b.n	8780121e <strspn+0x1a>
8780121a:	429c      	cmp	r4, r3
8780121c:	d005      	beq.n	8780122a <strspn+0x26>
8780121e:	f812 3f01 	ldrb.w	r3, [r2, #1]!
87801222:	2b00      	cmp	r3, #0
87801224:	d1f9      	bne.n	8780121a <strspn+0x16>
87801226:	bc70      	pop	{r4, r5, r6}
87801228:	4770      	bx	lr
8780122a:	f815 4f01 	ldrb.w	r4, [r5, #1]!
8780122e:	3001      	adds	r0, #1
87801230:	2c00      	cmp	r4, #0
87801232:	d1ed      	bne.n	87801210 <strspn+0xc>
87801234:	bc70      	pop	{r4, r5, r6}
87801236:	4770      	bx	lr
87801238:	4620      	mov	r0, r4
8780123a:	e7f4      	b.n	87801226 <strspn+0x22>

8780123c <strpbrk>:
8780123c:	b430      	push	{r4, r5}
8780123e:	7804      	ldrb	r4, [r0, #0]
87801240:	b17c      	cbz	r4, 87801262 <strpbrk+0x26>
87801242:	780d      	ldrb	r5, [r1, #0]
87801244:	b14d      	cbz	r5, 8780125a <strpbrk+0x1e>
87801246:	42a5      	cmp	r5, r4
87801248:	d00c      	beq.n	87801264 <strpbrk+0x28>
8780124a:	460a      	mov	r2, r1
8780124c:	e001      	b.n	87801252 <strpbrk+0x16>
8780124e:	429c      	cmp	r4, r3
87801250:	d008      	beq.n	87801264 <strpbrk+0x28>
87801252:	f812 3f01 	ldrb.w	r3, [r2, #1]!
87801256:	2b00      	cmp	r3, #0
87801258:	d1f9      	bne.n	8780124e <strpbrk+0x12>
8780125a:	f810 4f01 	ldrb.w	r4, [r0, #1]!
8780125e:	2c00      	cmp	r4, #0
87801260:	d1f0      	bne.n	87801244 <strpbrk+0x8>
87801262:	4620      	mov	r0, r4
87801264:	bc30      	pop	{r4, r5}
87801266:	4770      	bx	lr

87801268 <strtok>:
87801268:	b5f0      	push	{r4, r5, r6, r7, lr}
8780126a:	f643 2e6c 	movw	lr, #14956	; 0x3a6c
8780126e:	f2c8 7e80 	movt	lr, #34688	; 0x8780
87801272:	2800      	cmp	r0, #0
87801274:	d03e      	beq.n	878012f4 <strtok+0x8c>
87801276:	7804      	ldrb	r4, [r0, #0]
87801278:	2c00      	cmp	r4, #0
8780127a:	d037      	beq.n	878012ec <strtok+0x84>
8780127c:	780d      	ldrb	r5, [r1, #0]
8780127e:	4607      	mov	r7, r0
87801280:	2600      	movs	r6, #0
87801282:	b14d      	cbz	r5, 87801298 <strtok+0x30>
87801284:	42a5      	cmp	r5, r4
87801286:	d01e      	beq.n	878012c6 <strtok+0x5e>
87801288:	460a      	mov	r2, r1
8780128a:	e001      	b.n	87801290 <strtok+0x28>
8780128c:	429c      	cmp	r4, r3
8780128e:	d01a      	beq.n	878012c6 <strtok+0x5e>
87801290:	f812 3f01 	ldrb.w	r3, [r2, #1]!
87801294:	2b00      	cmp	r3, #0
87801296:	d1f9      	bne.n	8780128c <strtok+0x24>
87801298:	5d84      	ldrb	r4, [r0, r6]
8780129a:	4430      	add	r0, r6
8780129c:	4606      	mov	r6, r0
8780129e:	b32c      	cbz	r4, 878012ec <strtok+0x84>
878012a0:	b14d      	cbz	r5, 878012b6 <strtok+0x4e>
878012a2:	42a5      	cmp	r5, r4
878012a4:	d01a      	beq.n	878012dc <strtok+0x74>
878012a6:	460a      	mov	r2, r1
878012a8:	e001      	b.n	878012ae <strtok+0x46>
878012aa:	429c      	cmp	r4, r3
878012ac:	d016      	beq.n	878012dc <strtok+0x74>
878012ae:	f812 3f01 	ldrb.w	r3, [r2, #1]!
878012b2:	2b00      	cmp	r3, #0
878012b4:	d1f9      	bne.n	878012aa <strtok+0x42>
878012b6:	f816 4f01 	ldrb.w	r4, [r6, #1]!
878012ba:	2c00      	cmp	r4, #0
878012bc:	d1f0      	bne.n	878012a0 <strtok+0x38>
878012be:	4626      	mov	r6, r4
878012c0:	f8ce 6000 	str.w	r6, [lr]
878012c4:	bdf0      	pop	{r4, r5, r6, r7, pc}
878012c6:	f817 4f01 	ldrb.w	r4, [r7, #1]!
878012ca:	3601      	adds	r6, #1
878012cc:	2c00      	cmp	r4, #0
878012ce:	d1d8      	bne.n	87801282 <strtok+0x1a>
878012d0:	5d84      	ldrb	r4, [r0, r6]
878012d2:	4430      	add	r0, r6
878012d4:	4606      	mov	r6, r0
878012d6:	2c00      	cmp	r4, #0
878012d8:	d1e2      	bne.n	878012a0 <strtok+0x38>
878012da:	e007      	b.n	878012ec <strtok+0x84>
878012dc:	7833      	ldrb	r3, [r6, #0]
878012de:	4632      	mov	r2, r6
878012e0:	2b00      	cmp	r3, #0
878012e2:	d0ed      	beq.n	878012c0 <strtok+0x58>
878012e4:	2300      	movs	r3, #0
878012e6:	3601      	adds	r6, #1
878012e8:	7013      	strb	r3, [r2, #0]
878012ea:	e7e9      	b.n	878012c0 <strtok+0x58>
878012ec:	2000      	movs	r0, #0
878012ee:	f8ce 0000 	str.w	r0, [lr]
878012f2:	bdf0      	pop	{r4, r5, r6, r7, pc}
878012f4:	f8de 0000 	ldr.w	r0, [lr]
878012f8:	2800      	cmp	r0, #0
878012fa:	d1bc      	bne.n	87801276 <strtok+0xe>
878012fc:	e7e2      	b.n	878012c4 <strtok+0x5c>
878012fe:	bf00      	nop

87801300 <strsep>:
87801300:	b4f0      	push	{r4, r5, r6, r7}
87801302:	4607      	mov	r7, r0
87801304:	6800      	ldr	r0, [r0, #0]
87801306:	b198      	cbz	r0, 87801330 <strsep+0x30>
87801308:	7804      	ldrb	r4, [r0, #0]
8780130a:	b184      	cbz	r4, 8780132e <strsep+0x2e>
8780130c:	780e      	ldrb	r6, [r1, #0]
8780130e:	4605      	mov	r5, r0
87801310:	b14e      	cbz	r6, 87801326 <strsep+0x26>
87801312:	42a6      	cmp	r6, r4
87801314:	d00e      	beq.n	87801334 <strsep+0x34>
87801316:	460a      	mov	r2, r1
87801318:	e001      	b.n	8780131e <strsep+0x1e>
8780131a:	429c      	cmp	r4, r3
8780131c:	d00a      	beq.n	87801334 <strsep+0x34>
8780131e:	f812 3f01 	ldrb.w	r3, [r2, #1]!
87801322:	2b00      	cmp	r3, #0
87801324:	d1f9      	bne.n	8780131a <strsep+0x1a>
87801326:	f815 4f01 	ldrb.w	r4, [r5, #1]!
8780132a:	2c00      	cmp	r4, #0
8780132c:	d1f0      	bne.n	87801310 <strsep+0x10>
8780132e:	603c      	str	r4, [r7, #0]
87801330:	bcf0      	pop	{r4, r5, r6, r7}
87801332:	4770      	bx	lr
87801334:	2300      	movs	r3, #0
87801336:	1c6c      	adds	r4, r5, #1
87801338:	702b      	strb	r3, [r5, #0]
8780133a:	e7f8      	b.n	8780132e <strsep+0x2e>

8780133c <memset>:
8780133c:	b132      	cbz	r2, 8780134c <memset+0x10>
8780133e:	b2c9      	uxtb	r1, r1
87801340:	4402      	add	r2, r0
87801342:	4603      	mov	r3, r0
87801344:	f803 1b01 	strb.w	r1, [r3], #1
87801348:	4293      	cmp	r3, r2
8780134a:	d1fb      	bne.n	87801344 <memset+0x8>
8780134c:	4770      	bx	lr
8780134e:	bf00      	nop

87801350 <bcopy>:
87801350:	b13a      	cbz	r2, 87801362 <bcopy+0x12>
87801352:	3901      	subs	r1, #1
87801354:	4402      	add	r2, r0
87801356:	f810 3b01 	ldrb.w	r3, [r0], #1
8780135a:	4290      	cmp	r0, r2
8780135c:	f801 3f01 	strb.w	r3, [r1, #1]!
87801360:	d1f9      	bne.n	87801356 <bcopy+0x6>
87801362:	4770      	bx	lr

87801364 <memcpy>:
87801364:	b152      	cbz	r2, 8780137c <memcpy+0x18>
87801366:	440a      	add	r2, r1
87801368:	1e43      	subs	r3, r0, #1
8780136a:	b410      	push	{r4}
8780136c:	f811 4b01 	ldrb.w	r4, [r1], #1
87801370:	4291      	cmp	r1, r2
87801372:	f803 4f01 	strb.w	r4, [r3, #1]!
87801376:	d1f9      	bne.n	8780136c <memcpy+0x8>
87801378:	f85d 4b04 	ldr.w	r4, [sp], #4
8780137c:	4770      	bx	lr
8780137e:	bf00      	nop

87801380 <memmove>:
87801380:	4288      	cmp	r0, r1
87801382:	b410      	push	{r4}
87801384:	d80b      	bhi.n	8780139e <memmove+0x1e>
87801386:	b13a      	cbz	r2, 87801398 <memmove+0x18>
87801388:	440a      	add	r2, r1
8780138a:	1e43      	subs	r3, r0, #1
8780138c:	f811 4b01 	ldrb.w	r4, [r1], #1
87801390:	4291      	cmp	r1, r2
87801392:	f803 4f01 	strb.w	r4, [r3, #1]!
87801396:	d1f9      	bne.n	8780138c <memmove+0xc>
87801398:	f85d 4b04 	ldr.w	r4, [sp], #4
8780139c:	4770      	bx	lr
8780139e:	4411      	add	r1, r2
878013a0:	1883      	adds	r3, r0, r2
878013a2:	2a00      	cmp	r2, #0
878013a4:	d0f8      	beq.n	87801398 <memmove+0x18>
878013a6:	1a8a      	subs	r2, r1, r2
878013a8:	f811 4d01 	ldrb.w	r4, [r1, #-1]!
878013ac:	4291      	cmp	r1, r2
878013ae:	f803 4d01 	strb.w	r4, [r3, #-1]!
878013b2:	d1f9      	bne.n	878013a8 <memmove+0x28>
878013b4:	f85d 4b04 	ldr.w	r4, [sp], #4
878013b8:	4770      	bx	lr
878013ba:	bf00      	nop

878013bc <memcmp>:
878013bc:	b1aa      	cbz	r2, 878013ea <memcmp+0x2e>
878013be:	b430      	push	{r4, r5}
878013c0:	4604      	mov	r4, r0
878013c2:	7803      	ldrb	r3, [r0, #0]
878013c4:	7808      	ldrb	r0, [r1, #0]
878013c6:	1a18      	subs	r0, r3, r0
878013c8:	d10a      	bne.n	878013e0 <memcmp+0x24>
878013ca:	4422      	add	r2, r4
878013cc:	3401      	adds	r4, #1
878013ce:	e005      	b.n	878013dc <memcmp+0x20>
878013d0:	f814 3b01 	ldrb.w	r3, [r4], #1
878013d4:	f811 5f01 	ldrb.w	r5, [r1, #1]!
878013d8:	1b5b      	subs	r3, r3, r5
878013da:	d103      	bne.n	878013e4 <memcmp+0x28>
878013dc:	4294      	cmp	r4, r2
878013de:	d1f7      	bne.n	878013d0 <memcmp+0x14>
878013e0:	bc30      	pop	{r4, r5}
878013e2:	4770      	bx	lr
878013e4:	4618      	mov	r0, r3
878013e6:	bc30      	pop	{r4, r5}
878013e8:	4770      	bx	lr
878013ea:	4610      	mov	r0, r2
878013ec:	4770      	bx	lr
878013ee:	bf00      	nop

878013f0 <memscan>:
878013f0:	b182      	cbz	r2, 87801414 <memscan+0x24>
878013f2:	7803      	ldrb	r3, [r0, #0]
878013f4:	428b      	cmp	r3, r1
878013f6:	d00d      	beq.n	87801414 <memscan+0x24>
878013f8:	b410      	push	{r4}
878013fa:	4402      	add	r2, r0
878013fc:	1c43      	adds	r3, r0, #1
878013fe:	e002      	b.n	87801406 <memscan+0x16>
87801400:	7804      	ldrb	r4, [r0, #0]
87801402:	428c      	cmp	r4, r1
87801404:	d004      	beq.n	87801410 <memscan+0x20>
87801406:	4293      	cmp	r3, r2
87801408:	4618      	mov	r0, r3
8780140a:	f103 0301 	add.w	r3, r3, #1
8780140e:	d1f7      	bne.n	87801400 <memscan+0x10>
87801410:	f85d 4b04 	ldr.w	r4, [sp], #4
87801414:	4770      	bx	lr
87801416:	bf00      	nop

87801418 <strstr>:
87801418:	b5f0      	push	{r4, r5, r6, r7, lr}
8780141a:	468e      	mov	lr, r1
8780141c:	f891 c000 	ldrb.w	ip, [r1]
87801420:	f1bc 0f00 	cmp.w	ip, #0
87801424:	d028      	beq.n	87801478 <strstr+0x60>
87801426:	460e      	mov	r6, r1
87801428:	f816 3f01 	ldrb.w	r3, [r6, #1]!
8780142c:	2b00      	cmp	r3, #0
8780142e:	d1fb      	bne.n	87801428 <strstr+0x10>
87801430:	ebb6 010e 	subs.w	r1, r6, lr
87801434:	d020      	beq.n	87801478 <strstr+0x60>
87801436:	7807      	ldrb	r7, [r0, #0]
87801438:	b12f      	cbz	r7, 87801446 <strstr+0x2e>
8780143a:	4607      	mov	r7, r0
8780143c:	f817 3f01 	ldrb.w	r3, [r7, #1]!
87801440:	2b00      	cmp	r3, #0
87801442:	d1fb      	bne.n	8780143c <strstr+0x24>
87801444:	1a3f      	subs	r7, r7, r0
87801446:	42b9      	cmp	r1, r7
87801448:	dc15      	bgt.n	87801476 <strstr+0x5e>
8780144a:	3f01      	subs	r7, #1
8780144c:	b1a1      	cbz	r1, 87801478 <strstr+0x60>
8780144e:	7803      	ldrb	r3, [r0, #0]
87801450:	4563      	cmp	r3, ip
87801452:	d10c      	bne.n	8780146e <strstr+0x56>
87801454:	4602      	mov	r2, r0
87801456:	f10e 0301 	add.w	r3, lr, #1
8780145a:	e005      	b.n	87801468 <strstr+0x50>
8780145c:	f813 4b01 	ldrb.w	r4, [r3], #1
87801460:	f812 5f01 	ldrb.w	r5, [r2, #1]!
87801464:	42a5      	cmp	r5, r4
87801466:	d102      	bne.n	8780146e <strstr+0x56>
87801468:	42b3      	cmp	r3, r6
8780146a:	d1f7      	bne.n	8780145c <strstr+0x44>
8780146c:	bdf0      	pop	{r4, r5, r6, r7, pc}
8780146e:	428f      	cmp	r7, r1
87801470:	f100 0001 	add.w	r0, r0, #1
87801474:	dae9      	bge.n	8780144a <strstr+0x32>
87801476:	2000      	movs	r0, #0
87801478:	bdf0      	pop	{r4, r5, r6, r7, pc}
8780147a:	bf00      	nop

8780147c <memchr>:
8780147c:	b410      	push	{r4}
8780147e:	b2c9      	uxtb	r1, r1
87801480:	4402      	add	r2, r0
87801482:	e004      	b.n	8780148e <memchr+0x12>
87801484:	f813 4b01 	ldrb.w	r4, [r3], #1
87801488:	428c      	cmp	r4, r1
8780148a:	d004      	beq.n	87801496 <memchr+0x1a>
8780148c:	4618      	mov	r0, r3
8780148e:	4290      	cmp	r0, r2
87801490:	4603      	mov	r3, r0
87801492:	d1f7      	bne.n	87801484 <memchr+0x8>
87801494:	2000      	movs	r0, #0
87801496:	f85d 4b04 	ldr.w	r4, [sp], #4
8780149a:	4770      	bx	lr

8780149c <number>:
8780149c:	e92d 4ff0 	stmdb	sp!, {r4, r5, r6, r7, r8, r9, sl, fp, lr}
878014a0:	b0a9      	sub	sp, #164	; 0xa4
878014a2:	460e      	mov	r6, r1
878014a4:	9932      	ldr	r1, [sp, #200]	; 0xc8
878014a6:	4604      	mov	r4, r0
878014a8:	9835      	ldr	r0, [sp, #212]	; 0xd4
878014aa:	390a      	subs	r1, #10
878014ac:	bf18      	it	ne
878014ae:	2101      	movne	r1, #1
878014b0:	f000 0820 	and.w	r8, r0, #32
878014b4:	ea01 1050 	and.w	r0, r1, r0, lsr #5
878014b8:	fa5f f888 	uxtb.w	r8, r8
878014bc:	9000      	str	r0, [sp, #0]
878014be:	9835      	ldr	r0, [sp, #212]	; 0xd4
878014c0:	f010 0010 	ands.w	r0, r0, #16
878014c4:	9002      	str	r0, [sp, #8]
878014c6:	bf1e      	ittt	ne
878014c8:	9835      	ldrne	r0, [sp, #212]	; 0xd4
878014ca:	f020 0001 	bicne.w	r0, r0, #1
878014ce:	9035      	strne	r0, [sp, #212]	; 0xd4
878014d0:	9835      	ldr	r0, [sp, #212]	; 0xd4
878014d2:	f010 0002 	ands.w	r0, r0, #2
878014d6:	d012      	beq.n	878014fe <number+0x62>
878014d8:	2a00      	cmp	r2, #0
878014da:	f173 0000 	sbcs.w	r0, r3, #0
878014de:	f2c0 80e4 	blt.w	878016aa <number+0x20e>
878014e2:	9835      	ldr	r0, [sp, #212]	; 0xd4
878014e4:	0740      	lsls	r0, r0, #29
878014e6:	f100 80c6 	bmi.w	87801676 <number+0x1da>
878014ea:	9835      	ldr	r0, [sp, #212]	; 0xd4
878014ec:	f010 0008 	ands.w	r0, r0, #8
878014f0:	d005      	beq.n	878014fe <number+0x62>
878014f2:	9833      	ldr	r0, [sp, #204]	; 0xcc
878014f4:	3801      	subs	r0, #1
878014f6:	9033      	str	r0, [sp, #204]	; 0xcc
878014f8:	2020      	movs	r0, #32
878014fa:	9001      	str	r0, [sp, #4]
878014fc:	e000      	b.n	87801500 <number+0x64>
878014fe:	9001      	str	r0, [sp, #4]
87801500:	9800      	ldr	r0, [sp, #0]
87801502:	b130      	cbz	r0, 87801512 <number+0x76>
87801504:	9832      	ldr	r0, [sp, #200]	; 0xc8
87801506:	2810      	cmp	r0, #16
87801508:	f000 80c4 	beq.w	87801694 <number+0x1f8>
8780150c:	9833      	ldr	r0, [sp, #204]	; 0xcc
8780150e:	3801      	subs	r0, #1
87801510:	9033      	str	r0, [sp, #204]	; 0xcc
87801512:	ea52 0003 	orrs.w	r0, r2, r3
87801516:	d17b      	bne.n	87801610 <number+0x174>
87801518:	2200      	movs	r2, #0
8780151a:	2501      	movs	r5, #1
8780151c:	2330      	movs	r3, #48	; 0x30
8780151e:	f88d 303c 	strb.w	r3, [sp, #60]	; 0x3c
87801522:	9b34      	ldr	r3, [sp, #208]	; 0xd0
87801524:	9933      	ldr	r1, [sp, #204]	; 0xcc
87801526:	42ab      	cmp	r3, r5
87801528:	bfb8      	it	lt
8780152a:	462b      	movlt	r3, r5
8780152c:	1ac8      	subs	r0, r1, r3
8780152e:	9935      	ldr	r1, [sp, #212]	; 0xd4
87801530:	f011 0f11 	tst.w	r1, #17
87801534:	d10f      	bne.n	87801556 <number+0xba>
87801536:	f1b0 0e01 	subs.w	lr, r0, #1
8780153a:	f100 81c5 	bmi.w	878018c8 <number+0x42c>
8780153e:	1821      	adds	r1, r4, r0
87801540:	2720      	movs	r7, #32
87801542:	42a6      	cmp	r6, r4
87801544:	f104 0401 	add.w	r4, r4, #1
87801548:	bf88      	it	hi
8780154a:	f804 7c01 	strbhi.w	r7, [r4, #-1]
8780154e:	428c      	cmp	r4, r1
87801550:	d1f7      	bne.n	87801542 <number+0xa6>
87801552:	ebc0 000e 	rsb	r0, r0, lr
87801556:	9901      	ldr	r1, [sp, #4]
87801558:	b139      	cbz	r1, 8780156a <number+0xce>
8780155a:	42b4      	cmp	r4, r6
8780155c:	f104 0401 	add.w	r4, r4, #1
87801560:	bf3c      	itt	cc
87801562:	f89d 1004 	ldrbcc.w	r1, [sp, #4]
87801566:	f804 1c01 	strbcc.w	r1, [r4, #-1]
8780156a:	9900      	ldr	r1, [sp, #0]
8780156c:	b149      	cbz	r1, 87801582 <number+0xe6>
8780156e:	9f32      	ldr	r7, [sp, #200]	; 0xc8
87801570:	42b4      	cmp	r4, r6
87801572:	bf3c      	itt	cc
87801574:	2130      	movcc	r1, #48	; 0x30
87801576:	7021      	strbcc	r1, [r4, #0]
87801578:	1c61      	adds	r1, r4, #1
8780157a:	2f10      	cmp	r7, #16
8780157c:	bf18      	it	ne
8780157e:	460c      	movne	r4, r1
87801580:	d07f      	beq.n	87801682 <number+0x1e6>
87801582:	9902      	ldr	r1, [sp, #8]
87801584:	b999      	cbnz	r1, 878015ae <number+0x112>
87801586:	9935      	ldr	r1, [sp, #212]	; 0xd4
87801588:	f011 0f01 	tst.w	r1, #1
8780158c:	bf14      	ite	ne
8780158e:	2130      	movne	r1, #48	; 0x30
87801590:	2120      	moveq	r1, #32
87801592:	1e47      	subs	r7, r0, #1
87801594:	f100 819a 	bmi.w	878018cc <number+0x430>
87801598:	4420      	add	r0, r4
8780159a:	42a6      	cmp	r6, r4
8780159c:	f104 0401 	add.w	r4, r4, #1
878015a0:	bf88      	it	hi
878015a2:	f804 1c01 	strbhi.w	r1, [r4, #-1]
878015a6:	4284      	cmp	r4, r0
878015a8:	d1f7      	bne.n	8780159a <number+0xfe>
878015aa:	f04f 30ff 	mov.w	r0, #4294967295	; 0xffffffff
878015ae:	429d      	cmp	r5, r3
878015b0:	f280 811f 	bge.w	878017f2 <number+0x356>
878015b4:	1b5b      	subs	r3, r3, r5
878015b6:	2130      	movs	r1, #48	; 0x30
878015b8:	4423      	add	r3, r4
878015ba:	42a6      	cmp	r6, r4
878015bc:	f104 0401 	add.w	r4, r4, #1
878015c0:	bf88      	it	hi
878015c2:	f804 1c01 	strbhi.w	r1, [r4, #-1]
878015c6:	429c      	cmp	r4, r3
878015c8:	d1f7      	bne.n	878015ba <number+0x11e>
878015ca:	2a00      	cmp	r2, #0
878015cc:	f2c0 810d 	blt.w	878017ea <number+0x34e>
878015d0:	1c51      	adds	r1, r2, #1
878015d2:	ac0f      	add	r4, sp, #60	; 0x3c
878015d4:	4422      	add	r2, r4
878015d6:	4419      	add	r1, r3
878015d8:	429e      	cmp	r6, r3
878015da:	f103 0301 	add.w	r3, r3, #1
878015de:	bf88      	it	hi
878015e0:	7814      	ldrbhi	r4, [r2, #0]
878015e2:	f102 32ff 	add.w	r2, r2, #4294967295	; 0xffffffff
878015e6:	bf88      	it	hi
878015e8:	f803 4c01 	strbhi.w	r4, [r3, #-1]
878015ec:	428b      	cmp	r3, r1
878015ee:	d1f3      	bne.n	878015d8 <number+0x13c>
878015f0:	2800      	cmp	r0, #0
878015f2:	f340 80fc 	ble.w	878017ee <number+0x352>
878015f6:	4408      	add	r0, r1
878015f8:	2320      	movs	r3, #32
878015fa:	428e      	cmp	r6, r1
878015fc:	f101 0101 	add.w	r1, r1, #1
87801600:	bf88      	it	hi
87801602:	f801 3c01 	strbhi.w	r3, [r1, #-1]
87801606:	4281      	cmp	r1, r0
87801608:	d1f7      	bne.n	878015fa <number+0x15e>
8780160a:	b029      	add	sp, #164	; 0xa4
8780160c:	e8bd 8ff0 	ldmia.w	sp!, {r4, r5, r6, r7, r8, r9, sl, fp, pc}
87801610:	2900      	cmp	r1, #0
87801612:	d053      	beq.n	878016bc <number+0x220>
87801614:	9932      	ldr	r1, [sp, #200]	; 0xc8
87801616:	2910      	cmp	r1, #16
87801618:	f101 3cff 	add.w	ip, r1, #4294967295	; 0xffffffff
8780161c:	bf12      	itee	ne
8780161e:	2003      	movne	r0, #3
87801620:	f04f 0c0f 	moveq.w	ip, #15
87801624:	2004      	moveq	r0, #4
87801626:	f642 4940 	movw	r9, #11328	; 0x2c40
8780162a:	f10d 073b 	add.w	r7, sp, #59	; 0x3b
8780162e:	f2c8 7980 	movt	r9, #34688	; 0x8780
87801632:	2500      	movs	r5, #0
87801634:	f1c0 0a20 	rsb	sl, r0, #32
87801638:	fa5f fb82 	uxtb.w	fp, r2
8780163c:	fa22 f100 	lsr.w	r1, r2, r0
87801640:	fa43 fe00 	asr.w	lr, r3, r0
87801644:	ea0b 020c 	and.w	r2, fp, ip
87801648:	f819 b002 	ldrb.w	fp, [r9, r2]
8780164c:	fa03 f20a 	lsl.w	r2, r3, sl
87801650:	3501      	adds	r5, #1
87801652:	4311      	orrs	r1, r2
87801654:	f1b0 0220 	subs.w	r2, r0, #32
87801658:	fa43 f202 	asr.w	r2, r3, r2
8780165c:	ea48 030b 	orr.w	r3, r8, fp
87801660:	f807 3f01 	strb.w	r3, [r7, #1]!
87801664:	4673      	mov	r3, lr
87801666:	bf58      	it	pl
87801668:	4311      	orrpl	r1, r2
8780166a:	460a      	mov	r2, r1
8780166c:	ea52 0103 	orrs.w	r1, r2, r3
87801670:	d1e2      	bne.n	87801638 <number+0x19c>
87801672:	1e6a      	subs	r2, r5, #1
87801674:	e755      	b.n	87801522 <number+0x86>
87801676:	9833      	ldr	r0, [sp, #204]	; 0xcc
87801678:	3801      	subs	r0, #1
8780167a:	9033      	str	r0, [sp, #204]	; 0xcc
8780167c:	202b      	movs	r0, #43	; 0x2b
8780167e:	9001      	str	r0, [sp, #4]
87801680:	e73e      	b.n	87801500 <number+0x64>
87801682:	428e      	cmp	r6, r1
87801684:	f104 0402 	add.w	r4, r4, #2
87801688:	bf84      	itt	hi
8780168a:	f048 0858 	orrhi.w	r8, r8, #88	; 0x58
8780168e:	f804 8c01 	strbhi.w	r8, [r4, #-1]
87801692:	e776      	b.n	87801582 <number+0xe6>
87801694:	9933      	ldr	r1, [sp, #204]	; 0xcc
87801696:	3902      	subs	r1, #2
87801698:	9133      	str	r1, [sp, #204]	; 0xcc
8780169a:	ea52 0103 	orrs.w	r1, r2, r3
8780169e:	bf1c      	itt	ne
878016a0:	f04f 0c0f 	movne.w	ip, #15
878016a4:	2004      	movne	r0, #4
878016a6:	d1be      	bne.n	87801626 <number+0x18a>
878016a8:	e736      	b.n	87801518 <number+0x7c>
878016aa:	9833      	ldr	r0, [sp, #204]	; 0xcc
878016ac:	4252      	negs	r2, r2
878016ae:	eb63 0343 	sbc.w	r3, r3, r3, lsl #1
878016b2:	3801      	subs	r0, #1
878016b4:	9033      	str	r0, [sp, #204]	; 0xcc
878016b6:	202d      	movs	r0, #45	; 0x2d
878016b8:	9001      	str	r0, [sp, #4]
878016ba:	e721      	b.n	87801500 <number+0x64>
878016bc:	4692      	mov	sl, r2
878016be:	469b      	mov	fp, r3
878016c0:	f248 629f 	movw	r2, #34463	; 0x869f
878016c4:	2300      	movs	r3, #0
878016c6:	f2c0 0201 	movt	r2, #1
878016ca:	455b      	cmp	r3, fp
878016cc:	bf08      	it	eq
878016ce:	4552      	cmpeq	r2, sl
878016d0:	e9cd ab0c 	strd	sl, fp, [sp, #48]	; 0x30
878016d4:	f080 80fc 	bcs.w	878018d0 <number+0x434>
878016d8:	f248 61a0 	movw	r1, #34464	; 0x86a0
878016dc:	f645 20c5 	movw	r0, #23237	; 0x5ac5
878016e0:	f2c0 0101 	movt	r1, #1
878016e4:	f6c0 207c 	movt	r0, #2684	; 0xa7c
878016e8:	f10d 0541 	add.w	r5, sp, #65	; 0x41
878016ec:	e9cd 2304 	strd	r2, r3, [sp, #16]
878016f0:	9106      	str	r1, [sp, #24]
878016f2:	462f      	mov	r7, r5
878016f4:	9003      	str	r0, [sp, #12]
878016f6:	f8cd 801c 	str.w	r8, [sp, #28]
878016fa:	9408      	str	r4, [sp, #32]
878016fc:	9609      	str	r6, [sp, #36]	; 0x24
878016fe:	e060      	b.n	878017c2 <number+0x326>
87801700:	9a06      	ldr	r2, [sp, #24]
87801702:	09d8      	lsrs	r0, r3, #7
87801704:	f04f 0b00 	mov.w	fp, #0
87801708:	4603      	mov	r3, r0
8780170a:	fb02 a010 	mls	r0, r2, r0, sl
8780170e:	469a      	mov	sl, r3
87801710:	e9cd ab0c 	strd	sl, fp, [sp, #48]	; 0x30
87801714:	f3c0 1803 	ubfx	r8, r0, #4, #4
87801718:	f3c0 2303 	ubfx	r3, r0, #8, #4
8780171c:	0b02      	lsrs	r2, r0, #12
8780171e:	eb08 0103 	add.w	r1, r8, r3
87801722:	f000 0e0f 	and.w	lr, r0, #15
87801726:	eb03 0c83 	add.w	ip, r3, r3, lsl #2
8780172a:	4411      	add	r1, r2
8780172c:	eb02 00c2 	add.w	r0, r2, r2, lsl #3
87801730:	00ce      	lsls	r6, r1, #3
87801732:	4440      	add	r0, r8
87801734:	eba6 0141 	sub.w	r1, r6, r1, lsl #1
87801738:	26cd      	movs	r6, #205	; 0xcd
8780173a:	4460      	add	r0, ip
8780173c:	4471      	add	r1, lr
8780173e:	46bc      	mov	ip, r7
87801740:	fb06 f901 	mul.w	r9, r6, r1
87801744:	3705      	adds	r7, #5
87801746:	ea4f 29d9 	mov.w	r9, r9, lsr #11
8780174a:	4448      	add	r0, r9
8780174c:	ea4f 0ec9 	mov.w	lr, r9, lsl #3
87801750:	fb06 f800 	mul.w	r8, r6, r0
87801754:	eb0e 0e49 	add.w	lr, lr, r9, lsl #1
87801758:	ebce 0101 	rsb	r1, lr, r1
8780175c:	ea4f 28d8 	mov.w	r8, r8, lsr #11
87801760:	3130      	adds	r1, #48	; 0x30
87801762:	f807 1c0a 	strb.w	r1, [r7, #-10]
87801766:	eb08 0343 	add.w	r3, r8, r3, lsl #1
8780176a:	ea4f 0ec8 	mov.w	lr, r8, lsl #3
8780176e:	0119      	lsls	r1, r3, #4
87801770:	eb0e 0848 	add.w	r8, lr, r8, lsl #1
87801774:	eba1 0183 	sub.w	r1, r1, r3, lsl #2
87801778:	ebc8 0800 	rsb	r8, r8, r0
8780177c:	f108 0030 	add.w	r0, r8, #48	; 0x30
87801780:	4419      	add	r1, r3
87801782:	f807 0c09 	strb.w	r0, [r7, #-9]
87801786:	09c9      	lsrs	r1, r1, #7
87801788:	eb01 0282 	add.w	r2, r1, r2, lsl #2
8780178c:	00c8      	lsls	r0, r1, #3
8780178e:	fb06 f602 	mul.w	r6, r6, r2
87801792:	eb00 0141 	add.w	r1, r0, r1, lsl #1
87801796:	1a5b      	subs	r3, r3, r1
87801798:	3330      	adds	r3, #48	; 0x30
8780179a:	0af6      	lsrs	r6, r6, #11
8780179c:	f807 3c08 	strb.w	r3, [r7, #-8]
878017a0:	00f3      	lsls	r3, r6, #3
878017a2:	f106 0130 	add.w	r1, r6, #48	; 0x30
878017a6:	f807 1c06 	strb.w	r1, [r7, #-6]
878017aa:	eb03 0646 	add.w	r6, r3, r6, lsl #1
878017ae:	1b92      	subs	r2, r2, r6
878017b0:	3230      	adds	r2, #48	; 0x30
878017b2:	f807 2c07 	strb.w	r2, [r7, #-7]
878017b6:	e9dd 2304 	ldrd	r2, r3, [sp, #16]
878017ba:	455b      	cmp	r3, fp
878017bc:	bf08      	it	eq
878017be:	4552      	cmpeq	r2, sl
878017c0:	d219      	bcs.n	878017f6 <number+0x35a>
878017c2:	9b03      	ldr	r3, [sp, #12]
878017c4:	465c      	mov	r4, fp
878017c6:	2500      	movs	r5, #0
878017c8:	ea4f 125a 	mov.w	r2, sl, lsr #5
878017cc:	ea54 0105 	orrs.w	r1, r4, r5
878017d0:	fba2 2303 	umull	r2, r3, r2, r3
878017d4:	d094      	beq.n	87801700 <number+0x264>
878017d6:	f248 61a0 	movw	r1, #34464	; 0x86a0
878017da:	a80c      	add	r0, sp, #48	; 0x30
878017dc:	f2c0 0101 	movt	r1, #1
878017e0:	f7ff fbc2 	bl	87800f68 <__div64_32>
878017e4:	e9dd ab0c 	ldrd	sl, fp, [sp, #48]	; 0x30
878017e8:	e794      	b.n	87801714 <number+0x278>
878017ea:	4619      	mov	r1, r3
878017ec:	e700      	b.n	878015f0 <number+0x154>
878017ee:	4608      	mov	r0, r1
878017f0:	e70b      	b.n	8780160a <number+0x16e>
878017f2:	4623      	mov	r3, r4
878017f4:	e6e9      	b.n	878015ca <number+0x12e>
878017f6:	f8dd 801c 	ldr.w	r8, [sp, #28]
878017fa:	ab0f      	add	r3, sp, #60	; 0x3c
878017fc:	9c08      	ldr	r4, [sp, #32]
878017fe:	9e09      	ldr	r6, [sp, #36]	; 0x24
87801800:	9303      	str	r3, [sp, #12]
87801802:	f3ca 1303 	ubfx	r3, sl, #4, #4
87801806:	f3ca 2903 	ubfx	r9, sl, #8, #4
8780180a:	ea4f 3e1a 	mov.w	lr, sl, lsr #12
8780180e:	eb03 0209 	add.w	r2, r3, r9
87801812:	f00a 070f 	and.w	r7, sl, #15
87801816:	eb09 0589 	add.w	r5, r9, r9, lsl #2
8780181a:	4472      	add	r2, lr
8780181c:	eb0e 00ce 	add.w	r0, lr, lr, lsl #3
87801820:	00d1      	lsls	r1, r2, #3
87801822:	f04f 0acd 	mov.w	sl, #205	; 0xcd
87801826:	4403      	add	r3, r0
87801828:	eba1 0142 	sub.w	r1, r1, r2, lsl #1
8780182c:	442b      	add	r3, r5
8780182e:	4439      	add	r1, r7
87801830:	fb0a f201 	mul.w	r2, sl, r1
87801834:	0ad2      	lsrs	r2, r2, #11
87801836:	00d0      	lsls	r0, r2, #3
87801838:	eb00 0042 	add.w	r0, r0, r2, lsl #1
8780183c:	189a      	adds	r2, r3, r2
8780183e:	bf08      	it	eq
87801840:	f10c 0501 	addeq.w	r5, ip, #1
87801844:	eba1 0100 	sub.w	r1, r1, r0
87801848:	f101 0130 	add.w	r1, r1, #48	; 0x30
8780184c:	f88c 1000 	strb.w	r1, [ip]
87801850:	d037      	beq.n	878018c2 <number+0x426>
87801852:	fb0a f102 	mul.w	r1, sl, r2
87801856:	0ac9      	lsrs	r1, r1, #11
87801858:	00c8      	lsls	r0, r1, #3
8780185a:	eb01 0349 	add.w	r3, r1, r9, lsl #1
8780185e:	eb00 0141 	add.w	r1, r0, r1, lsl #1
87801862:	1a52      	subs	r2, r2, r1
87801864:	3230      	adds	r2, #48	; 0x30
87801866:	f88c 2001 	strb.w	r2, [ip, #1]
8780186a:	ea53 020e 	orrs.w	r2, r3, lr
8780186e:	bf08      	it	eq
87801870:	f10c 0502 	addeq.w	r5, ip, #2
87801874:	d025      	beq.n	878018c2 <number+0x426>
87801876:	011a      	lsls	r2, r3, #4
87801878:	eba2 0283 	sub.w	r2, r2, r3, lsl #2
8780187c:	441a      	add	r2, r3
8780187e:	09d2      	lsrs	r2, r2, #7
87801880:	00d1      	lsls	r1, r2, #3
87801882:	eb01 0142 	add.w	r1, r1, r2, lsl #1
87801886:	eb12 028e 	adds.w	r2, r2, lr, lsl #2
8780188a:	eba3 0301 	sub.w	r3, r3, r1
8780188e:	bf08      	it	eq
87801890:	f10c 0503 	addeq.w	r5, ip, #3
87801894:	f103 0330 	add.w	r3, r3, #48	; 0x30
87801898:	f88c 3002 	strb.w	r3, [ip, #2]
8780189c:	d011      	beq.n	878018c2 <number+0x426>
8780189e:	fb0a f302 	mul.w	r3, sl, r2
878018a2:	f10c 0504 	add.w	r5, ip, #4
878018a6:	0adb      	lsrs	r3, r3, #11
878018a8:	00d9      	lsls	r1, r3, #3
878018aa:	eb01 0143 	add.w	r1, r1, r3, lsl #1
878018ae:	1a52      	subs	r2, r2, r1
878018b0:	3230      	adds	r2, #48	; 0x30
878018b2:	f88c 2003 	strb.w	r2, [ip, #3]
878018b6:	b123      	cbz	r3, 878018c2 <number+0x426>
878018b8:	f10c 0505 	add.w	r5, ip, #5
878018bc:	3330      	adds	r3, #48	; 0x30
878018be:	f88c 3004 	strb.w	r3, [ip, #4]
878018c2:	9b03      	ldr	r3, [sp, #12]
878018c4:	1aed      	subs	r5, r5, r3
878018c6:	e6d4      	b.n	87801672 <number+0x1d6>
878018c8:	4670      	mov	r0, lr
878018ca:	e644      	b.n	87801556 <number+0xba>
878018cc:	4638      	mov	r0, r7
878018ce:	e66e      	b.n	878015ae <number+0x112>
878018d0:	ab0f      	add	r3, sp, #60	; 0x3c
878018d2:	9303      	str	r3, [sp, #12]
878018d4:	469c      	mov	ip, r3
878018d6:	e794      	b.n	87801802 <number+0x366>

878018d8 <simple_strtoul>:
878018d8:	b5f0      	push	{r4, r5, r6, r7, lr}
878018da:	4606      	mov	r6, r0
878018dc:	b96a      	cbnz	r2, 878018fa <simple_strtoul+0x22>
878018de:	7804      	ldrb	r4, [r0, #0]
878018e0:	2c30      	cmp	r4, #48	; 0x30
878018e2:	d043      	beq.n	8780196c <simple_strtoul+0x94>
878018e4:	f642 4764 	movw	r7, #11364	; 0x2c64
878018e8:	4623      	mov	r3, r4
878018ea:	f2c8 7780 	movt	r7, #34688	; 0x8780
878018ee:	220a      	movs	r2, #10
878018f0:	f817 e004 	ldrb.w	lr, [r7, r4]
878018f4:	f00e 0544 	and.w	r5, lr, #68	; 0x44
878018f8:	e00b      	b.n	87801912 <simple_strtoul+0x3a>
878018fa:	2a10      	cmp	r2, #16
878018fc:	d029      	beq.n	87801952 <simple_strtoul+0x7a>
878018fe:	7803      	ldrb	r3, [r0, #0]
87801900:	f642 4764 	movw	r7, #11364	; 0x2c64
87801904:	f2c8 7780 	movt	r7, #34688	; 0x8780
87801908:	f817 e003 	ldrb.w	lr, [r7, r3]
8780190c:	461c      	mov	r4, r3
8780190e:	f00e 0544 	and.w	r5, lr, #68	; 0x44
87801912:	4628      	mov	r0, r5
87801914:	b1d5      	cbz	r5, 8780194c <simple_strtoul+0x74>
87801916:	2000      	movs	r0, #0
87801918:	e009      	b.n	8780192e <simple_strtoul+0x56>
8780191a:	f816 3f01 	ldrb.w	r3, [r6, #1]!
8780191e:	fb02 4000 	mla	r0, r2, r0, r4
87801922:	f817 e003 	ldrb.w	lr, [r7, r3]
87801926:	461c      	mov	r4, r3
87801928:	f01e 0f44 	tst.w	lr, #68	; 0x44
8780192c:	d00e      	beq.n	8780194c <simple_strtoul+0x74>
8780192e:	f01e 0f04 	tst.w	lr, #4
87801932:	f1a4 0430 	sub.w	r4, r4, #48	; 0x30
87801936:	d107      	bne.n	87801948 <simple_strtoul+0x70>
87801938:	f1a3 0420 	sub.w	r4, r3, #32
8780193c:	f01e 0f02 	tst.w	lr, #2
87801940:	bf18      	it	ne
87801942:	b2e3      	uxtbne	r3, r4
87801944:	f1a3 0437 	sub.w	r4, r3, #55	; 0x37
87801948:	4294      	cmp	r4, r2
8780194a:	d3e6      	bcc.n	8780191a <simple_strtoul+0x42>
8780194c:	b101      	cbz	r1, 87801950 <simple_strtoul+0x78>
8780194e:	600e      	str	r6, [r1, #0]
87801950:	bdf0      	pop	{r4, r5, r6, r7, pc}
87801952:	7804      	ldrb	r4, [r0, #0]
87801954:	2c30      	cmp	r4, #48	; 0x30
87801956:	d020      	beq.n	8780199a <simple_strtoul+0xc2>
87801958:	f642 4764 	movw	r7, #11364	; 0x2c64
8780195c:	4623      	mov	r3, r4
8780195e:	f2c8 7780 	movt	r7, #34688	; 0x8780
87801962:	f817 e004 	ldrb.w	lr, [r7, r4]
87801966:	f00e 0544 	and.w	r5, lr, #68	; 0x44
8780196a:	e7d2      	b.n	87801912 <simple_strtoul+0x3a>
8780196c:	7843      	ldrb	r3, [r0, #1]
8780196e:	f642 4764 	movw	r7, #11364	; 0x2c64
87801972:	f2c8 7780 	movt	r7, #34688	; 0x8780
87801976:	3001      	adds	r0, #1
87801978:	f817 e003 	ldrb.w	lr, [r7, r3]
8780197c:	461c      	mov	r4, r3
8780197e:	f01e 0f02 	tst.w	lr, #2
87801982:	bf16      	itet	ne
87801984:	f1a3 0220 	subne.w	r2, r3, #32
87801988:	461a      	moveq	r2, r3
8780198a:	b2d2      	uxtbne	r2, r2
8780198c:	2a58      	cmp	r2, #88	; 0x58
8780198e:	d01d      	beq.n	878019cc <simple_strtoul+0xf4>
87801990:	4606      	mov	r6, r0
87801992:	f00e 0544 	and.w	r5, lr, #68	; 0x44
87801996:	2208      	movs	r2, #8
87801998:	e7bb      	b.n	87801912 <simple_strtoul+0x3a>
8780199a:	7843      	ldrb	r3, [r0, #1]
8780199c:	f642 4764 	movw	r7, #11364	; 0x2c64
878019a0:	f2c8 7780 	movt	r7, #34688	; 0x8780
878019a4:	5cf8      	ldrb	r0, [r7, r3]
878019a6:	0780      	lsls	r0, r0, #30
878019a8:	bf44      	itt	mi
878019aa:	3b20      	submi	r3, #32
878019ac:	b2db      	uxtbmi	r3, r3
878019ae:	2b58      	cmp	r3, #88	; 0x58
878019b0:	bf0f      	iteee	eq
878019b2:	78b3      	ldrbeq	r3, [r6, #2]
878019b4:	2430      	movne	r4, #48	; 0x30
878019b6:	f897 e030 	ldrbne.w	lr, [r7, #48]	; 0x30
878019ba:	4623      	movne	r3, r4
878019bc:	bf02      	ittt	eq
878019be:	3602      	addeq	r6, #2
878019c0:	f817 e003 	ldrbeq.w	lr, [r7, r3]
878019c4:	461c      	moveq	r4, r3
878019c6:	f00e 0544 	and.w	r5, lr, #68	; 0x44
878019ca:	e7a2      	b.n	87801912 <simple_strtoul+0x3a>
878019cc:	78b5      	ldrb	r5, [r6, #2]
878019ce:	5d7a      	ldrb	r2, [r7, r5]
878019d0:	f012 0f44 	tst.w	r2, #68	; 0x44
878019d4:	d0dc      	beq.n	87801990 <simple_strtoul+0xb8>
878019d6:	4696      	mov	lr, r2
878019d8:	462c      	mov	r4, r5
878019da:	3602      	adds	r6, #2
878019dc:	462b      	mov	r3, r5
878019de:	2210      	movs	r2, #16
878019e0:	e799      	b.n	87801916 <simple_strtoul+0x3e>
878019e2:	bf00      	nop

878019e4 <simple_strtol>:
878019e4:	b510      	push	{r4, lr}
878019e6:	7804      	ldrb	r4, [r0, #0]
878019e8:	2c2d      	cmp	r4, #45	; 0x2d
878019ea:	d003      	beq.n	878019f4 <simple_strtol+0x10>
878019ec:	e8bd 4010 	ldmia.w	sp!, {r4, lr}
878019f0:	f7ff bf72 	b.w	878018d8 <simple_strtoul>
878019f4:	3001      	adds	r0, #1
878019f6:	f7ff ff6f 	bl	878018d8 <simple_strtoul>
878019fa:	4240      	negs	r0, r0
878019fc:	bd10      	pop	{r4, pc}
878019fe:	bf00      	nop

87801a00 <simple_strtoull>:
87801a00:	e92d 4ff0 	stmdb	sp!, {r4, r5, r6, r7, r8, r9, sl, fp, lr}
87801a04:	4684      	mov	ip, r0
87801a06:	468a      	mov	sl, r1
87801a08:	4616      	mov	r6, r2
87801a0a:	2a00      	cmp	r2, #0
87801a0c:	d13f      	bne.n	87801a8e <simple_strtoull+0x8e>
87801a0e:	7802      	ldrb	r2, [r0, #0]
87801a10:	2a30      	cmp	r2, #48	; 0x30
87801a12:	d056      	beq.n	87801ac2 <simple_strtoull+0xc2>
87801a14:	f642 4b64 	movw	fp, #11364	; 0x2c64
87801a18:	4613      	mov	r3, r2
87801a1a:	f2c8 7b80 	movt	fp, #34688	; 0x8780
87801a1e:	260a      	movs	r6, #10
87801a20:	f81b e002 	ldrb.w	lr, [fp, r2]
87801a24:	f00e 0144 	and.w	r1, lr, #68	; 0x44
87801a28:	2900      	cmp	r1, #0
87801a2a:	d061      	beq.n	87801af0 <simple_strtoull+0xf0>
87801a2c:	2700      	movs	r7, #0
87801a2e:	2000      	movs	r0, #0
87801a30:	2100      	movs	r1, #0
87801a32:	e00e      	b.n	87801a52 <simple_strtoull+0x52>
87801a34:	f81c 3f01 	ldrb.w	r3, [ip, #1]!
87801a38:	fb06 2101 	mla	r1, r6, r1, r2
87801a3c:	eb14 0008 	adds.w	r0, r4, r8
87801a40:	f81b e003 	ldrb.w	lr, [fp, r3]
87801a44:	461a      	mov	r2, r3
87801a46:	4489      	add	r9, r1
87801a48:	eb45 0109 	adc.w	r1, r5, r9
87801a4c:	f01e 0f44 	tst.w	lr, #68	; 0x44
87801a50:	d016      	beq.n	87801a80 <simple_strtoull+0x80>
87801a52:	f01e 0f04 	tst.w	lr, #4
87801a56:	f1a2 0430 	sub.w	r4, r2, #48	; 0x30
87801a5a:	d108      	bne.n	87801a6e <simple_strtoull+0x6e>
87801a5c:	3b20      	subs	r3, #32
87801a5e:	f01e 0f02 	tst.w	lr, #2
87801a62:	b2db      	uxtb	r3, r3
87801a64:	f1a2 0437 	sub.w	r4, r2, #55	; 0x37
87801a68:	bf18      	it	ne
87801a6a:	f1a3 0437 	subne.w	r4, r3, #55	; 0x37
87801a6e:	17e5      	asrs	r5, r4, #31
87801a70:	fb00 f207 	mul.w	r2, r0, r7
87801a74:	42bd      	cmp	r5, r7
87801a76:	fba0 8906 	umull	r8, r9, r0, r6
87801a7a:	bf08      	it	eq
87801a7c:	42b4      	cmpeq	r4, r6
87801a7e:	d3d9      	bcc.n	87801a34 <simple_strtoull+0x34>
87801a80:	f1ba 0f00 	cmp.w	sl, #0
87801a84:	d001      	beq.n	87801a8a <simple_strtoull+0x8a>
87801a86:	f8ca c000 	str.w	ip, [sl]
87801a8a:	e8bd 8ff0 	ldmia.w	sp!, {r4, r5, r6, r7, r8, r9, sl, fp, pc}
87801a8e:	2a10      	cmp	r2, #16
87801a90:	d00a      	beq.n	87801aa8 <simple_strtoull+0xa8>
87801a92:	7803      	ldrb	r3, [r0, #0]
87801a94:	f642 4b64 	movw	fp, #11364	; 0x2c64
87801a98:	f2c8 7b80 	movt	fp, #34688	; 0x8780
87801a9c:	f81b e003 	ldrb.w	lr, [fp, r3]
87801aa0:	461a      	mov	r2, r3
87801aa2:	f00e 0144 	and.w	r1, lr, #68	; 0x44
87801aa6:	e7bf      	b.n	87801a28 <simple_strtoull+0x28>
87801aa8:	7802      	ldrb	r2, [r0, #0]
87801aaa:	2a30      	cmp	r2, #48	; 0x30
87801aac:	d031      	beq.n	87801b12 <simple_strtoull+0x112>
87801aae:	f642 4b64 	movw	fp, #11364	; 0x2c64
87801ab2:	4613      	mov	r3, r2
87801ab4:	f2c8 7b80 	movt	fp, #34688	; 0x8780
87801ab8:	f81b e002 	ldrb.w	lr, [fp, r2]
87801abc:	f00e 0144 	and.w	r1, lr, #68	; 0x44
87801ac0:	e7b2      	b.n	87801a28 <simple_strtoull+0x28>
87801ac2:	7843      	ldrb	r3, [r0, #1]
87801ac4:	f642 4b64 	movw	fp, #11364	; 0x2c64
87801ac8:	f2c8 7b80 	movt	fp, #34688	; 0x8780
87801acc:	3001      	adds	r0, #1
87801ace:	f81b e003 	ldrb.w	lr, [fp, r3]
87801ad2:	461a      	mov	r2, r3
87801ad4:	f01e 0f02 	tst.w	lr, #2
87801ad8:	bf16      	itet	ne
87801ada:	f1a3 0120 	subne.w	r1, r3, #32
87801ade:	4619      	moveq	r1, r3
87801ae0:	b2c9      	uxtbne	r1, r1
87801ae2:	2958      	cmp	r1, #88	; 0x58
87801ae4:	d007      	beq.n	87801af6 <simple_strtoull+0xf6>
87801ae6:	4684      	mov	ip, r0
87801ae8:	f00e 0144 	and.w	r1, lr, #68	; 0x44
87801aec:	2608      	movs	r6, #8
87801aee:	e79b      	b.n	87801a28 <simple_strtoull+0x28>
87801af0:	2000      	movs	r0, #0
87801af2:	2100      	movs	r1, #0
87801af4:	e7c4      	b.n	87801a80 <simple_strtoull+0x80>
87801af6:	f89c 4002 	ldrb.w	r4, [ip, #2]
87801afa:	f81b 1004 	ldrb.w	r1, [fp, r4]
87801afe:	f011 0f44 	tst.w	r1, #68	; 0x44
87801b02:	d0f0      	beq.n	87801ae6 <simple_strtoull+0xe6>
87801b04:	4622      	mov	r2, r4
87801b06:	f10c 0c02 	add.w	ip, ip, #2
87801b0a:	468e      	mov	lr, r1
87801b0c:	4623      	mov	r3, r4
87801b0e:	2610      	movs	r6, #16
87801b10:	e78c      	b.n	87801a2c <simple_strtoull+0x2c>
87801b12:	7843      	ldrb	r3, [r0, #1]
87801b14:	f642 4b64 	movw	fp, #11364	; 0x2c64
87801b18:	f2c8 7b80 	movt	fp, #34688	; 0x8780
87801b1c:	f81b 2003 	ldrb.w	r2, [fp, r3]
87801b20:	0792      	lsls	r2, r2, #30
87801b22:	bf44      	itt	mi
87801b24:	3b20      	submi	r3, #32
87801b26:	b2db      	uxtbmi	r3, r3
87801b28:	2b58      	cmp	r3, #88	; 0x58
87801b2a:	bf0f      	iteee	eq
87801b2c:	7883      	ldrbeq	r3, [r0, #2]
87801b2e:	2230      	movne	r2, #48	; 0x30
87801b30:	f89b e030 	ldrbne.w	lr, [fp, #48]	; 0x30
87801b34:	4613      	movne	r3, r2
87801b36:	bf02      	ittt	eq
87801b38:	f100 0c02 	addeq.w	ip, r0, #2
87801b3c:	f81b e003 	ldrbeq.w	lr, [fp, r3]
87801b40:	461a      	moveq	r2, r3
87801b42:	f00e 0144 	and.w	r1, lr, #68	; 0x44
87801b46:	e76f      	b.n	87801a28 <simple_strtoull+0x28>

87801b48 <simple_strtoll>:
87801b48:	b510      	push	{r4, lr}
87801b4a:	7804      	ldrb	r4, [r0, #0]
87801b4c:	2c2d      	cmp	r4, #45	; 0x2d
87801b4e:	d003      	beq.n	87801b58 <simple_strtoll+0x10>
87801b50:	e8bd 4010 	ldmia.w	sp!, {r4, lr}
87801b54:	f7ff bf54 	b.w	87801a00 <simple_strtoull>
87801b58:	3001      	adds	r0, #1
87801b5a:	f7ff ff51 	bl	87801a00 <simple_strtoull>
87801b5e:	4240      	negs	r0, r0
87801b60:	eb61 0141 	sbc.w	r1, r1, r1, lsl #1
87801b64:	bd10      	pop	{r4, pc}
87801b66:	bf00      	nop

87801b68 <vsnprintf>:
87801b68:	e92d 4ff0 	stmdb	sp!, {r4, r5, r6, r7, r8, r9, sl, fp, lr}
87801b6c:	f1b1 0b00 	subs.w	fp, r1, #0
87801b70:	b089      	sub	sp, #36	; 0x24
87801b72:	f2c0 82f6 	blt.w	87802162 <vsnprintf+0x5fa>
87801b76:	f10b 38ff 	add.w	r8, fp, #4294967295	; 0xffffffff
87801b7a:	469a      	mov	sl, r3
87801b7c:	4480      	add	r8, r0
87801b7e:	1e43      	subs	r3, r0, #1
87801b80:	4598      	cmp	r8, r3
87801b82:	4605      	mov	r5, r0
87801b84:	4614      	mov	r4, r2
87801b86:	7810      	ldrb	r0, [r2, #0]
87801b88:	f0c0 81c7 	bcc.w	87801f1a <vsnprintf+0x3b2>
87801b8c:	2800      	cmp	r0, #0
87801b8e:	f000 82f3 	beq.w	87802178 <vsnprintf+0x610>
87801b92:	9505      	str	r5, [sp, #20]
87801b94:	f642 4350 	movw	r3, #11344	; 0x2c50
87801b98:	f642 4964 	movw	r9, #11364	; 0x2c64
87801b9c:	f2c8 7380 	movt	r3, #34688	; 0x8780
87801ba0:	f2c8 7980 	movt	r9, #34688	; 0x8780
87801ba4:	9306      	str	r3, [sp, #24]
87801ba6:	e008      	b.n	87801bba <vsnprintf+0x52>
87801ba8:	45a8      	cmp	r8, r5
87801baa:	bf28      	it	cs
87801bac:	7028      	strbcs	r0, [r5, #0]
87801bae:	7860      	ldrb	r0, [r4, #1]
87801bb0:	3501      	adds	r5, #1
87801bb2:	3401      	adds	r4, #1
87801bb4:	2800      	cmp	r0, #0
87801bb6:	f000 8140 	beq.w	87801e3a <vsnprintf+0x2d2>
87801bba:	2825      	cmp	r0, #37	; 0x25
87801bbc:	bf08      	it	eq
87801bbe:	2700      	moveq	r7, #0
87801bc0:	d1f2      	bne.n	87801ba8 <vsnprintf+0x40>
87801bc2:	7861      	ldrb	r1, [r4, #1]
87801bc4:	1c62      	adds	r2, r4, #1
87801bc6:	f1a1 0320 	sub.w	r3, r1, #32
87801bca:	2b10      	cmp	r3, #16
87801bcc:	d81e      	bhi.n	87801c0c <vsnprintf+0xa4>
87801bce:	e8df f003 	tbb	[pc, r3]
87801bd2:	151d1d19 	ldrne	r1, [sp, #-3353]	; 0xd19
87801bd6:	1d1d1d1d 	ldcne	13, cr1, [sp, #-116]	; 0xffffff8c
87801bda:	111d1d1d 	tstne	sp, sp, lsl sp
87801bde:	1d1d0d1d 	ldcne	13, cr0, [sp, #-116]	; 0xffffff8c
87801be2:	f0470009 			; <UNDEFINED> instruction: 0xf0470009
87801be6:	0701      	lsls	r1, r0, #28
87801be8:	4614      	mov	r4, r2
87801bea:	e7ea      	b.n	87801bc2 <vsnprintf+0x5a>
87801bec:	f047 0710 	orr.w	r7, r7, #16
87801bf0:	4614      	mov	r4, r2
87801bf2:	e7e6      	b.n	87801bc2 <vsnprintf+0x5a>
87801bf4:	f047 0704 	orr.w	r7, r7, #4
87801bf8:	4614      	mov	r4, r2
87801bfa:	e7e2      	b.n	87801bc2 <vsnprintf+0x5a>
87801bfc:	f047 0720 	orr.w	r7, r7, #32
87801c00:	4614      	mov	r4, r2
87801c02:	e7de      	b.n	87801bc2 <vsnprintf+0x5a>
87801c04:	f047 0708 	orr.w	r7, r7, #8
87801c08:	4614      	mov	r4, r2
87801c0a:	e7da      	b.n	87801bc2 <vsnprintf+0x5a>
87801c0c:	f819 3001 	ldrb.w	r3, [r9, r1]
87801c10:	4608      	mov	r0, r1
87801c12:	075e      	lsls	r6, r3, #29
87801c14:	f140 80dd 	bpl.w	87801dd2 <vsnprintf+0x26a>
87801c18:	2600      	movs	r6, #0
87801c1a:	00f3      	lsls	r3, r6, #3
87801c1c:	eb03 0646 	add.w	r6, r3, r6, lsl #1
87801c20:	4406      	add	r6, r0
87801c22:	f812 0f01 	ldrb.w	r0, [r2, #1]!
87801c26:	3e30      	subs	r6, #48	; 0x30
87801c28:	f819 3000 	ldrb.w	r3, [r9, r0]
87801c2c:	075c      	lsls	r4, r3, #29
87801c2e:	d4f4      	bmi.n	87801c1a <vsnprintf+0xb2>
87801c30:	4603      	mov	r3, r0
87801c32:	2b2e      	cmp	r3, #46	; 0x2e
87801c34:	bf18      	it	ne
87801c36:	f04f 31ff 	movne.w	r1, #4294967295	; 0xffffffff
87801c3a:	f000 80e2 	beq.w	87801e02 <vsnprintf+0x29a>
87801c3e:	f003 00df 	and.w	r0, r3, #223	; 0xdf
87801c42:	285a      	cmp	r0, #90	; 0x5a
87801c44:	bf18      	it	ne
87801c46:	284c      	cmpne	r0, #76	; 0x4c
87801c48:	bf0c      	ite	eq
87801c4a:	2001      	moveq	r0, #1
87801c4c:	2000      	movne	r0, #0
87801c4e:	2b68      	cmp	r3, #104	; 0x68
87801c50:	bf08      	it	eq
87801c52:	f040 0001 	orreq.w	r0, r0, #1
87801c56:	2800      	cmp	r0, #0
87801c58:	d15b      	bne.n	87801d12 <vsnprintf+0x1aa>
87801c5a:	f04f 30ff 	mov.w	r0, #4294967295	; 0xffffffff
87801c5e:	3b25      	subs	r3, #37	; 0x25
87801c60:	2b53      	cmp	r3, #83	; 0x53
87801c62:	f200 8234 	bhi.w	878020ce <vsnprintf+0x566>
87801c66:	e8df f013 	tbh	[pc, r3, lsl #1]
87801c6a:	023201e7 	eorseq	r0, r2, #-1073741767	; 0xc0000039
87801c6e:	02320232 	eorseq	r0, r2, #536870915	; 0x20000003
87801c72:	02320232 	eorseq	r0, r2, #536870915	; 0x20000003
87801c76:	02320232 	eorseq	r0, r2, #536870915	; 0x20000003
87801c7a:	02320232 	eorseq	r0, r2, #536870915	; 0x20000003
87801c7e:	02320232 	eorseq	r0, r2, #536870915	; 0x20000003
87801c82:	02320232 	eorseq	r0, r2, #536870915	; 0x20000003
87801c86:	02320232 	eorseq	r0, r2, #536870915	; 0x20000003
87801c8a:	02320232 	eorseq	r0, r2, #536870915	; 0x20000003
87801c8e:	02320232 	eorseq	r0, r2, #536870915	; 0x20000003
87801c92:	02320232 	eorseq	r0, r2, #536870915	; 0x20000003
87801c96:	02320232 	eorseq	r0, r2, #536870915	; 0x20000003
87801c9a:	02320232 	eorseq	r0, r2, #536870915	; 0x20000003
87801c9e:	02320232 	eorseq	r0, r2, #536870915	; 0x20000003
87801ca2:	02320232 	eorseq	r0, r2, #536870915	; 0x20000003
87801ca6:	02320232 	eorseq	r0, r2, #536870915	; 0x20000003
87801caa:	02320232 	eorseq	r0, r2, #536870915	; 0x20000003
87801cae:	02320232 	eorseq	r0, r2, #536870915	; 0x20000003
87801cb2:	02320232 	eorseq	r0, r2, #536870915	; 0x20000003
87801cb6:	02320232 	eorseq	r0, r2, #536870915	; 0x20000003
87801cba:	02320232 	eorseq	r0, r2, #536870915	; 0x20000003
87801cbe:	02320232 	eorseq	r0, r2, #536870915	; 0x20000003
87801cc2:	02320232 	eorseq	r0, r2, #536870915	; 0x20000003
87801cc6:	02320232 	eorseq	r0, r2, #536870915	; 0x20000003
87801cca:	02320232 	eorseq	r0, r2, #536870915	; 0x20000003
87801cce:	016e0232 	cmneq	lr, r2, lsr r2
87801cd2:	02320232 	eorseq	r0, r2, #536870915	; 0x20000003
87801cd6:	02320232 	eorseq	r0, r2, #536870915	; 0x20000003
87801cda:	02320232 	eorseq	r0, r2, #536870915	; 0x20000003
87801cde:	02320232 	eorseq	r0, r2, #536870915	; 0x20000003
87801ce2:	02320232 	eorseq	r0, r2, #536870915	; 0x20000003
87801ce6:	01b301b9 			; <UNDEFINED> instruction: 0x01b301b9
87801cea:	02320232 	eorseq	r0, r2, #536870915	; 0x20000003
87801cee:	02320232 	eorseq	r0, r2, #536870915	; 0x20000003
87801cf2:	023201b3 	eorseq	r0, r2, #-1073741780	; 0xc000002c
87801cf6:	02320232 	eorseq	r0, r2, #536870915	; 0x20000003
87801cfa:	025a0232 	subseq	r0, sl, #536870915	; 0x20000003
87801cfe:	019701af 	orrseq	r0, r7, pc, lsr #3
87801d02:	02320232 	eorseq	r0, r2, #536870915	; 0x20000003
87801d06:	023201ed 	eorseq	r0, r2, #1073741883	; 0x4000003b
87801d0a:	0232026c 	eorseq	r0, r2, #108, 4	; 0xc0000006
87801d0e:	026a0232 	rsbeq	r0, sl, #536870915	; 0x20000003
87801d12:	4618      	mov	r0, r3
87801d14:	1c54      	adds	r4, r2, #1
87801d16:	286c      	cmp	r0, #108	; 0x6c
87801d18:	7853      	ldrb	r3, [r2, #1]
87801d1a:	f000 809c 	beq.w	87801e56 <vsnprintf+0x2ee>
87801d1e:	3b25      	subs	r3, #37	; 0x25
87801d20:	2b53      	cmp	r3, #83	; 0x53
87801d22:	f200 81d5 	bhi.w	878020d0 <vsnprintf+0x568>
87801d26:	e8df f013 	tbh	[pc, r3, lsl #1]
87801d2a:	01d30188 	bicseq	r0, r3, r8, lsl #3
87801d2e:	01d301d3 	ldrsbeq	r0, [r3, #19]
87801d32:	01d301d3 	ldrsbeq	r0, [r3, #19]
87801d36:	01d301d3 	ldrsbeq	r0, [r3, #19]
87801d3a:	01d301d3 	ldrsbeq	r0, [r3, #19]
87801d3e:	01d301d3 	ldrsbeq	r0, [r3, #19]
87801d42:	01d301d3 	ldrsbeq	r0, [r3, #19]
87801d46:	01d301d3 	ldrsbeq	r0, [r3, #19]
87801d4a:	01d301d3 	ldrsbeq	r0, [r3, #19]
87801d4e:	01d301d3 	ldrsbeq	r0, [r3, #19]
87801d52:	01d301d3 	ldrsbeq	r0, [r3, #19]
87801d56:	01d301d3 	ldrsbeq	r0, [r3, #19]
87801d5a:	01d301d3 	ldrsbeq	r0, [r3, #19]
87801d5e:	01d301d3 	ldrsbeq	r0, [r3, #19]
87801d62:	01d301d3 	ldrsbeq	r0, [r3, #19]
87801d66:	01d301d3 	ldrsbeq	r0, [r3, #19]
87801d6a:	01d301d3 	ldrsbeq	r0, [r3, #19]
87801d6e:	01d301d3 	ldrsbeq	r0, [r3, #19]
87801d72:	01d301d3 	ldrsbeq	r0, [r3, #19]
87801d76:	01d301d3 	ldrsbeq	r0, [r3, #19]
87801d7a:	01d301d3 	ldrsbeq	r0, [r3, #19]
87801d7e:	01d301d3 	ldrsbeq	r0, [r3, #19]
87801d82:	01d301d3 	ldrsbeq	r0, [r3, #19]
87801d86:	01d301d3 	ldrsbeq	r0, [r3, #19]
87801d8a:	01d301d3 	ldrsbeq	r0, [r3, #19]
87801d8e:	010f01d3 	ldrdeq	r0, [pc, -r3]
87801d92:	01d301d3 	ldrsbeq	r0, [r3, #19]
87801d96:	01d301d3 	ldrsbeq	r0, [r3, #19]
87801d9a:	01d301d3 	ldrsbeq	r0, [r3, #19]
87801d9e:	01d301d3 	ldrsbeq	r0, [r3, #19]
87801da2:	01d301d3 	ldrsbeq	r0, [r3, #19]
87801da6:	0154015a 	cmpeq	r4, sl, asr r1
87801daa:	01d301d3 	ldrsbeq	r0, [r3, #19]
87801dae:	01d301d3 	ldrsbeq	r0, [r3, #19]
87801db2:	01d30154 	bicseq	r0, r3, r4, asr r1
87801db6:	01d301d3 	ldrsbeq	r0, [r3, #19]
87801dba:	01fb01d3 	ldrsbeq	r0, [fp, #19]!
87801dbe:	01380150 	teqeq	r8, r0, asr r1
87801dc2:	01d301d3 	ldrsbeq	r0, [r3, #19]
87801dc6:	01d3018e 	bicseq	r0, r3, lr, lsl #3
87801dca:	01d3012e 	bicseq	r0, r3, lr, lsr #2
87801dce:	011101d3 			; <UNDEFINED> instruction: 0x011101d3
87801dd2:	292a      	cmp	r1, #42	; 0x2a
87801dd4:	bf1c      	itt	ne
87801dd6:	460b      	movne	r3, r1
87801dd8:	f04f 36ff 	movne.w	r6, #4294967295	; 0xffffffff
87801ddc:	f47f af29 	bne.w	87801c32 <vsnprintf+0xca>
87801de0:	f8da 6000 	ldr.w	r6, [sl]
87801de4:	1ca2      	adds	r2, r4, #2
87801de6:	78a3      	ldrb	r3, [r4, #2]
87801de8:	f10a 0a04 	add.w	sl, sl, #4
87801dec:	2e00      	cmp	r6, #0
87801dee:	bfbc      	itt	lt
87801df0:	4276      	neglt	r6, r6
87801df2:	f047 0710 	orrlt.w	r7, r7, #16
87801df6:	2b2e      	cmp	r3, #46	; 0x2e
87801df8:	bf18      	it	ne
87801dfa:	f04f 31ff 	movne.w	r1, #4294967295	; 0xffffffff
87801dfe:	f47f af1e 	bne.w	87801c3e <vsnprintf+0xd6>
87801e02:	7853      	ldrb	r3, [r2, #1]
87801e04:	1c54      	adds	r4, r2, #1
87801e06:	f819 0003 	ldrb.w	r0, [r9, r3]
87801e0a:	f000 0004 	and.w	r0, r0, #4
87801e0e:	f000 01ff 	and.w	r1, r0, #255	; 0xff
87801e12:	2800      	cmp	r0, #0
87801e14:	f000 808a 	beq.w	87801f2c <vsnprintf+0x3c4>
87801e18:	2000      	movs	r0, #0
87801e1a:	4622      	mov	r2, r4
87801e1c:	4601      	mov	r1, r0
87801e1e:	00cc      	lsls	r4, r1, #3
87801e20:	eb04 0141 	add.w	r1, r4, r1, lsl #1
87801e24:	4419      	add	r1, r3
87801e26:	f812 3f01 	ldrb.w	r3, [r2, #1]!
87801e2a:	3930      	subs	r1, #48	; 0x30
87801e2c:	f819 0003 	ldrb.w	r0, [r9, r3]
87801e30:	0740      	lsls	r0, r0, #29
87801e32:	d4f4      	bmi.n	87801e1e <vsnprintf+0x2b6>
87801e34:	ea21 71e1 	bic.w	r1, r1, r1, asr #31
87801e38:	e701      	b.n	87801c3e <vsnprintf+0xd6>
87801e3a:	462b      	mov	r3, r5
87801e3c:	9a05      	ldr	r2, [sp, #20]
87801e3e:	1aa8      	subs	r0, r5, r2
87801e40:	4543      	cmp	r3, r8
87801e42:	d965      	bls.n	87801f10 <vsnprintf+0x3a8>
87801e44:	f1bb 0f00 	cmp.w	fp, #0
87801e48:	d002      	beq.n	87801e50 <vsnprintf+0x2e8>
87801e4a:	2300      	movs	r3, #0
87801e4c:	f888 3000 	strb.w	r3, [r8]
87801e50:	b009      	add	sp, #36	; 0x24
87801e52:	e8bd 8ff0 	ldmia.w	sp!, {r4, r5, r6, r7, r8, r9, sl, fp, pc}
87801e56:	2b6c      	cmp	r3, #108	; 0x6c
87801e58:	f000 816b 	beq.w	87802132 <vsnprintf+0x5ca>
87801e5c:	3b25      	subs	r3, #37	; 0x25
87801e5e:	2b53      	cmp	r3, #83	; 0x53
87801e60:	f200 8136 	bhi.w	878020d0 <vsnprintf+0x568>
87801e64:	e8df f013 	tbh	[pc, r3, lsl #1]
87801e68:	013400e9 	teqeq	r4, r9, ror #1
87801e6c:	01340134 	teqeq	r4, r4, lsr r1
87801e70:	01340134 	teqeq	r4, r4, lsr r1
87801e74:	01340134 	teqeq	r4, r4, lsr r1
87801e78:	01340134 	teqeq	r4, r4, lsr r1
87801e7c:	01340134 	teqeq	r4, r4, lsr r1
87801e80:	01340134 	teqeq	r4, r4, lsr r1
87801e84:	01340134 	teqeq	r4, r4, lsr r1
87801e88:	01340134 	teqeq	r4, r4, lsr r1
87801e8c:	01340134 	teqeq	r4, r4, lsr r1
87801e90:	01340134 	teqeq	r4, r4, lsr r1
87801e94:	01340134 	teqeq	r4, r4, lsr r1
87801e98:	01340134 	teqeq	r4, r4, lsr r1
87801e9c:	01340134 	teqeq	r4, r4, lsr r1
87801ea0:	01340134 	teqeq	r4, r4, lsr r1
87801ea4:	01340134 	teqeq	r4, r4, lsr r1
87801ea8:	01340134 	teqeq	r4, r4, lsr r1
87801eac:	01340134 	teqeq	r4, r4, lsr r1
87801eb0:	01340134 	teqeq	r4, r4, lsr r1
87801eb4:	01340134 	teqeq	r4, r4, lsr r1
87801eb8:	01340134 	teqeq	r4, r4, lsr r1
87801ebc:	01340134 	teqeq	r4, r4, lsr r1
87801ec0:	01340134 	teqeq	r4, r4, lsr r1
87801ec4:	01340134 	teqeq	r4, r4, lsr r1
87801ec8:	01340134 	teqeq	r4, r4, lsr r1
87801ecc:	00700134 	rsbseq	r0, r0, r4, lsr r1
87801ed0:	01340134 	teqeq	r4, r4, lsr r1
87801ed4:	01340134 	teqeq	r4, r4, lsr r1
87801ed8:	01340134 	teqeq	r4, r4, lsr r1
87801edc:	01340134 	teqeq	r4, r4, lsr r1
87801ee0:	01340134 	teqeq	r4, r4, lsr r1
87801ee4:	00b500bb 	ldrhteq	r0, [r5], fp
87801ee8:	01340134 	teqeq	r4, r4, lsr r1
87801eec:	01340134 	teqeq	r4, r4, lsr r1
87801ef0:	013400b5 	ldrheq	r0, [r4, -r5]!
87801ef4:	01340134 	teqeq	r4, r4, lsr r1
87801ef8:	01740134 	cmneq	r4, r4, lsr r1
87801efc:	009900b1 	ldrheq	r0, [r9], r1
87801f00:	01340134 	teqeq	r4, r4, lsr r1
87801f04:	013400ef 	teqeq	r4, pc, ror #1
87801f08:	0134014f 	teqeq	r4, pc, asr #2
87801f0c:	00720134 	rsbseq	r0, r2, r4, lsr r1
87801f10:	2200      	movs	r2, #0
87801f12:	701a      	strb	r2, [r3, #0]
87801f14:	b009      	add	sp, #36	; 0x24
87801f16:	e8bd 8ff0 	ldmia.w	sp!, {r4, r5, r6, r7, r8, r9, sl, fp, pc}
87801f1a:	9505      	str	r5, [sp, #20]
87801f1c:	f1c5 0b00 	rsb	fp, r5, #0
87801f20:	462b      	mov	r3, r5
87801f22:	2800      	cmp	r0, #0
87801f24:	d0f4      	beq.n	87801f10 <vsnprintf+0x3a8>
87801f26:	f04f 38ff 	mov.w	r8, #4294967295	; 0xffffffff
87801f2a:	e633      	b.n	87801b94 <vsnprintf+0x2c>
87801f2c:	2b2a      	cmp	r3, #42	; 0x2a
87801f2e:	bf09      	itett	eq
87801f30:	f8da 1000 	ldreq.w	r1, [sl]
87801f34:	4622      	movne	r2, r4
87801f36:	7893      	ldrbeq	r3, [r2, #2]
87801f38:	f10a 0a04 	addeq.w	sl, sl, #4
87801f3c:	bf04      	itt	eq
87801f3e:	3202      	addeq	r2, #2
87801f40:	ea21 71e1 	biceq.w	r1, r1, r1, asr #31
87801f44:	e67b      	b.n	87801c3e <vsnprintf+0xd6>
87801f46:	4614      	mov	r4, r2
87801f48:	f047 0740 	orr.w	r7, r7, #64	; 0x40
87801f4c:	f04f 0e10 	mov.w	lr, #16
87801f50:	284c      	cmp	r0, #76	; 0x4c
87801f52:	d01c      	beq.n	87801f8e <vsnprintf+0x426>
87801f54:	286c      	cmp	r0, #108	; 0x6c
87801f56:	f000 80d8 	beq.w	8780210a <vsnprintf+0x5a2>
87801f5a:	f020 0320 	bic.w	r3, r0, #32
87801f5e:	2b5a      	cmp	r3, #90	; 0x5a
87801f60:	f040 80c5 	bne.w	878020ee <vsnprintf+0x586>
87801f64:	f8da 2000 	ldr.w	r2, [sl]
87801f68:	f10a 0a04 	add.w	sl, sl, #4
87801f6c:	2300      	movs	r3, #0
87801f6e:	9102      	str	r1, [sp, #8]
87801f70:	4628      	mov	r0, r5
87801f72:	9703      	str	r7, [sp, #12]
87801f74:	4641      	mov	r1, r8
87801f76:	9601      	str	r6, [sp, #4]
87801f78:	f8cd e000 	str.w	lr, [sp]
87801f7c:	f7ff fa8e 	bl	8780149c <number>
87801f80:	4605      	mov	r5, r0
87801f82:	7860      	ldrb	r0, [r4, #1]
87801f84:	e615      	b.n	87801bb2 <vsnprintf+0x4a>
87801f86:	284c      	cmp	r0, #76	; 0x4c
87801f88:	f04f 0e0a 	mov.w	lr, #10
87801f8c:	d1e2      	bne.n	87801f54 <vsnprintf+0x3ec>
87801f8e:	e9da 2300 	ldrd	r2, r3, [sl]
87801f92:	f10a 0a08 	add.w	sl, sl, #8
87801f96:	e7ea      	b.n	87801f6e <vsnprintf+0x406>
87801f98:	4614      	mov	r4, r2
87801f9a:	1c72      	adds	r2, r6, #1
87801f9c:	f04f 0310 	mov.w	r3, #16
87801fa0:	bf04      	itt	eq
87801fa2:	f047 0701 	orreq.w	r7, r7, #1
87801fa6:	2608      	moveq	r6, #8
87801fa8:	f8da 2000 	ldr.w	r2, [sl]
87801fac:	4628      	mov	r0, r5
87801fae:	9102      	str	r1, [sp, #8]
87801fb0:	4641      	mov	r1, r8
87801fb2:	e88d 0048 	stmia.w	sp, {r3, r6}
87801fb6:	2300      	movs	r3, #0
87801fb8:	9703      	str	r7, [sp, #12]
87801fba:	f10a 0a04 	add.w	sl, sl, #4
87801fbe:	f7ff fa6d 	bl	8780149c <number>
87801fc2:	4605      	mov	r5, r0
87801fc4:	7860      	ldrb	r0, [r4, #1]
87801fc6:	e5f4      	b.n	87801bb2 <vsnprintf+0x4a>
87801fc8:	4614      	mov	r4, r2
87801fca:	f04f 0e08 	mov.w	lr, #8
87801fce:	e7bf      	b.n	87801f50 <vsnprintf+0x3e8>
87801fd0:	4614      	mov	r4, r2
87801fd2:	f047 0702 	orr.w	r7, r7, #2
87801fd6:	f04f 0e0a 	mov.w	lr, #10
87801fda:	e7b9      	b.n	87801f50 <vsnprintf+0x3e8>
87801fdc:	4614      	mov	r4, r2
87801fde:	06f9      	lsls	r1, r7, #27
87801fe0:	d40d      	bmi.n	87801ffe <vsnprintf+0x496>
87801fe2:	3e01      	subs	r6, #1
87801fe4:	2e00      	cmp	r6, #0
87801fe6:	dd0a      	ble.n	87801ffe <vsnprintf+0x496>
87801fe8:	19ab      	adds	r3, r5, r6
87801fea:	2220      	movs	r2, #32
87801fec:	45a8      	cmp	r8, r5
87801fee:	f105 0501 	add.w	r5, r5, #1
87801ff2:	bf28      	it	cs
87801ff4:	f805 2c01 	strbcs.w	r2, [r5, #-1]
87801ff8:	429d      	cmp	r5, r3
87801ffa:	d1f7      	bne.n	87801fec <vsnprintf+0x484>
87801ffc:	2600      	movs	r6, #0
87801ffe:	f8da 3000 	ldr.w	r3, [sl]
87802002:	4545      	cmp	r5, r8
87802004:	f105 0101 	add.w	r1, r5, #1
87802008:	f10a 0004 	add.w	r0, sl, #4
8780200c:	bf98      	it	ls
8780200e:	702b      	strbls	r3, [r5, #0]
87802010:	2e01      	cmp	r6, #1
87802012:	bfc2      	ittt	gt
87802014:	19ad      	addgt	r5, r5, r6
87802016:	460b      	movgt	r3, r1
87802018:	2220      	movgt	r2, #32
8780201a:	f340 80b1 	ble.w	87802180 <vsnprintf+0x618>
8780201e:	4598      	cmp	r8, r3
87802020:	f103 0301 	add.w	r3, r3, #1
87802024:	bf28      	it	cs
87802026:	f803 2c01 	strbcs.w	r2, [r3, #-1]
8780202a:	42ab      	cmp	r3, r5
8780202c:	d1f7      	bne.n	8780201e <vsnprintf+0x4b6>
8780202e:	1e75      	subs	r5, r6, #1
87802030:	4682      	mov	sl, r0
87802032:	440d      	add	r5, r1
87802034:	7860      	ldrb	r0, [r4, #1]
87802036:	e5bc      	b.n	87801bb2 <vsnprintf+0x4a>
87802038:	4614      	mov	r4, r2
8780203a:	45a8      	cmp	r8, r5
8780203c:	bf24      	itt	cs
8780203e:	2325      	movcs	r3, #37	; 0x25
87802040:	702b      	strbcs	r3, [r5, #0]
87802042:	e5b4      	b.n	87801bae <vsnprintf+0x46>
87802044:	4614      	mov	r4, r2
87802046:	f8da 3000 	ldr.w	r3, [sl]
8780204a:	f10a 0a04 	add.w	sl, sl, #4
8780204e:	9a06      	ldr	r2, [sp, #24]
87802050:	f5b3 6f80 	cmp.w	r3, #1024	; 0x400
87802054:	bf38      	it	cc
87802056:	4613      	movcc	r3, r2
87802058:	4618      	mov	r0, r3
8780205a:	9307      	str	r3, [sp, #28]
8780205c:	f7ff f8b8 	bl	878011d0 <strnlen>
87802060:	f017 0f10 	tst.w	r7, #16
87802064:	9b07      	ldr	r3, [sp, #28]
87802066:	d111      	bne.n	8780208c <vsnprintf+0x524>
87802068:	4286      	cmp	r6, r0
8780206a:	f106 37ff 	add.w	r7, r6, #4294967295	; 0xffffffff
8780206e:	f340 808b 	ble.w	87802188 <vsnprintf+0x620>
87802072:	1a32      	subs	r2, r6, r0
87802074:	2120      	movs	r1, #32
87802076:	442a      	add	r2, r5
87802078:	45a8      	cmp	r8, r5
8780207a:	f105 0501 	add.w	r5, r5, #1
8780207e:	bf28      	it	cs
87802080:	f805 1c01 	strbcs.w	r1, [r5, #-1]
87802084:	4295      	cmp	r5, r2
87802086:	d1f7      	bne.n	87802078 <vsnprintf+0x510>
87802088:	1bbe      	subs	r6, r7, r6
8780208a:	4406      	add	r6, r0
8780208c:	2800      	cmp	r0, #0
8780208e:	dd75      	ble.n	8780217c <vsnprintf+0x614>
87802090:	182a      	adds	r2, r5, r0
87802092:	45a8      	cmp	r8, r5
87802094:	f105 0501 	add.w	r5, r5, #1
87802098:	bf28      	it	cs
8780209a:	7819      	ldrbcs	r1, [r3, #0]
8780209c:	f103 0301 	add.w	r3, r3, #1
878020a0:	bf28      	it	cs
878020a2:	f805 1c01 	strbcs.w	r1, [r5, #-1]
878020a6:	4295      	cmp	r5, r2
878020a8:	d1f3      	bne.n	87802092 <vsnprintf+0x52a>
878020aa:	4286      	cmp	r6, r0
878020ac:	bfdc      	itt	le
878020ae:	4615      	movle	r5, r2
878020b0:	7860      	ldrble	r0, [r4, #1]
878020b2:	f77f ad7e 	ble.w	87801bb2 <vsnprintf+0x4a>
878020b6:	1a30      	subs	r0, r6, r0
878020b8:	2320      	movs	r3, #32
878020ba:	1815      	adds	r5, r2, r0
878020bc:	4590      	cmp	r8, r2
878020be:	f102 0201 	add.w	r2, r2, #1
878020c2:	bf28      	it	cs
878020c4:	f802 3c01 	strbcs.w	r3, [r2, #-1]
878020c8:	42aa      	cmp	r2, r5
878020ca:	d1f7      	bne.n	878020bc <vsnprintf+0x554>
878020cc:	e759      	b.n	87801f82 <vsnprintf+0x41a>
878020ce:	4614      	mov	r4, r2
878020d0:	45a8      	cmp	r8, r5
878020d2:	bf24      	itt	cs
878020d4:	2325      	movcs	r3, #37	; 0x25
878020d6:	702b      	strbcs	r3, [r5, #0]
878020d8:	1c6b      	adds	r3, r5, #1
878020da:	7822      	ldrb	r2, [r4, #0]
878020dc:	b36a      	cbz	r2, 8780213a <vsnprintf+0x5d2>
878020de:	4543      	cmp	r3, r8
878020e0:	f105 0502 	add.w	r5, r5, #2
878020e4:	bf98      	it	ls
878020e6:	f805 2c01 	strbls.w	r2, [r5, #-1]
878020ea:	7860      	ldrb	r0, [r4, #1]
878020ec:	e561      	b.n	87801bb2 <vsnprintf+0x4a>
878020ee:	2868      	cmp	r0, #104	; 0x68
878020f0:	f10a 0304 	add.w	r3, sl, #4
878020f4:	f8da 2000 	ldr.w	r2, [sl]
878020f8:	469a      	mov	sl, r3
878020fa:	d036      	beq.n	8780216a <vsnprintf+0x602>
878020fc:	07bb      	lsls	r3, r7, #30
878020fe:	f57f af35 	bpl.w	87801f6c <vsnprintf+0x404>
87802102:	17d3      	asrs	r3, r2, #31
87802104:	e733      	b.n	87801f6e <vsnprintf+0x406>
87802106:	f04f 0e0a 	mov.w	lr, #10
8780210a:	f10a 0304 	add.w	r3, sl, #4
8780210e:	f8da 2000 	ldr.w	r2, [sl]
87802112:	469a      	mov	sl, r3
87802114:	07bb      	lsls	r3, r7, #30
87802116:	f57f af29 	bpl.w	87801f6c <vsnprintf+0x404>
8780211a:	17d3      	asrs	r3, r2, #31
8780211c:	e727      	b.n	87801f6e <vsnprintf+0x406>
8780211e:	4614      	mov	r4, r2
87802120:	9a05      	ldr	r2, [sp, #20]
87802122:	f10a 0a04 	add.w	sl, sl, #4
87802126:	f85a 3c04 	ldr.w	r3, [sl, #-4]
8780212a:	1aaa      	subs	r2, r5, r2
8780212c:	601a      	str	r2, [r3, #0]
8780212e:	7860      	ldrb	r0, [r4, #1]
87802130:	e53f      	b.n	87801bb2 <vsnprintf+0x4a>
87802132:	7893      	ldrb	r3, [r2, #2]
87802134:	204c      	movs	r0, #76	; 0x4c
87802136:	3202      	adds	r2, #2
87802138:	e591      	b.n	87801c5e <vsnprintf+0xf6>
8780213a:	461d      	mov	r5, r3
8780213c:	e67e      	b.n	87801e3c <vsnprintf+0x2d4>
8780213e:	4614      	mov	r4, r2
87802140:	e704      	b.n	87801f4c <vsnprintf+0x3e4>
87802142:	284c      	cmp	r0, #76	; 0x4c
87802144:	4614      	mov	r4, r2
87802146:	f04f 0e0a 	mov.w	lr, #10
8780214a:	f47f af06 	bne.w	87801f5a <vsnprintf+0x3f2>
8780214e:	e71e      	b.n	87801f8e <vsnprintf+0x426>
87802150:	9905      	ldr	r1, [sp, #20]
87802152:	f10a 0a04 	add.w	sl, sl, #4
87802156:	f85a 3c04 	ldr.w	r3, [sl, #-4]
8780215a:	1a69      	subs	r1, r5, r1
8780215c:	6019      	str	r1, [r3, #0]
8780215e:	7890      	ldrb	r0, [r2, #2]
87802160:	e527      	b.n	87801bb2 <vsnprintf+0x4a>
87802162:	2000      	movs	r0, #0
87802164:	b009      	add	sp, #36	; 0x24
87802166:	e8bd 8ff0 	ldmia.w	sp!, {r4, r5, r6, r7, r8, r9, sl, fp, pc}
8780216a:	07b8      	lsls	r0, r7, #30
8780216c:	bf4d      	iteet	mi
8780216e:	b212      	sxthmi	r2, r2
87802170:	b292      	uxthpl	r2, r2
87802172:	2300      	movpl	r3, #0
87802174:	17d3      	asrmi	r3, r2, #31
87802176:	e6fa      	b.n	87801f6e <vsnprintf+0x406>
87802178:	462b      	mov	r3, r5
8780217a:	e661      	b.n	87801e40 <vsnprintf+0x2d8>
8780217c:	462a      	mov	r2, r5
8780217e:	e794      	b.n	878020aa <vsnprintf+0x542>
87802180:	4682      	mov	sl, r0
87802182:	460d      	mov	r5, r1
87802184:	7860      	ldrb	r0, [r4, #1]
87802186:	e514      	b.n	87801bb2 <vsnprintf+0x4a>
87802188:	463e      	mov	r6, r7
8780218a:	e77f      	b.n	8780208c <vsnprintf+0x524>

8780218c <vscnprintf>:
8780218c:	b510      	push	{r4, lr}
8780218e:	460c      	mov	r4, r1
87802190:	f7ff fcea 	bl	87801b68 <vsnprintf>
87802194:	4284      	cmp	r4, r0
87802196:	bf98      	it	ls
87802198:	f104 30ff 	addls.w	r0, r4, #4294967295	; 0xffffffff
8780219c:	bd10      	pop	{r4, pc}
8780219e:	bf00      	nop

878021a0 <snprintf>:
878021a0:	b40c      	push	{r2, r3}
878021a2:	b508      	push	{r3, lr}
878021a4:	ab03      	add	r3, sp, #12
878021a6:	9a02      	ldr	r2, [sp, #8]
878021a8:	f7ff fcde 	bl	87801b68 <vsnprintf>
878021ac:	e8bd 4008 	ldmia.w	sp!, {r3, lr}
878021b0:	b002      	add	sp, #8
878021b2:	4770      	bx	lr

878021b4 <scnprintf>:
878021b4:	b40c      	push	{r2, r3}
878021b6:	b510      	push	{r4, lr}
878021b8:	460c      	mov	r4, r1
878021ba:	ab03      	add	r3, sp, #12
878021bc:	9a02      	ldr	r2, [sp, #8]
878021be:	f7ff fcd3 	bl	87801b68 <vsnprintf>
878021c2:	4284      	cmp	r4, r0
878021c4:	bf98      	it	ls
878021c6:	f104 30ff 	addls.w	r0, r4, #4294967295	; 0xffffffff
878021ca:	e8bd 4010 	ldmia.w	sp!, {r4, lr}
878021ce:	b002      	add	sp, #8
878021d0:	4770      	bx	lr
878021d2:	bf00      	nop

878021d4 <vsprintf>:
878021d4:	4613      	mov	r3, r2
878021d6:	460a      	mov	r2, r1
878021d8:	f06f 4100 	mvn.w	r1, #2147483648	; 0x80000000
878021dc:	f7ff bcc4 	b.w	87801b68 <vsnprintf>

878021e0 <sprintf>:
878021e0:	b40e      	push	{r1, r2, r3}
878021e2:	f06f 4100 	mvn.w	r1, #2147483648	; 0x80000000
878021e6:	b500      	push	{lr}
878021e8:	ab02      	add	r3, sp, #8
878021ea:	9a01      	ldr	r2, [sp, #4]
878021ec:	f7ff fcbc 	bl	87801b68 <vsnprintf>
878021f0:	f85d eb04 	ldr.w	lr, [sp], #4
878021f4:	b003      	add	sp, #12
878021f6:	4770      	bx	lr

878021f8 <vsscanf>:
878021f8:	e92d 4ff0 	stmdb	sp!, {r4, r5, r6, r7, r8, r9, sl, fp, lr}
878021fc:	f642 4464 	movw	r4, #11364	; 0x2c64
87802200:	780b      	ldrb	r3, [r1, #0]
87802202:	f2c8 7480 	movt	r4, #34688	; 0x8780
87802206:	b083      	sub	sp, #12
87802208:	4607      	mov	r7, r0
8780220a:	460d      	mov	r5, r1
8780220c:	4696      	mov	lr, r2
8780220e:	46a0      	mov	r8, r4
87802210:	2600      	movs	r6, #0
87802212:	b143      	cbz	r3, 87802226 <vsscanf+0x2e>
87802214:	7801      	ldrb	r1, [r0, #0]
87802216:	b131      	cbz	r1, 87802226 <vsscanf+0x2e>
87802218:	5ce2      	ldrb	r2, [r4, r3]
8780221a:	0692      	lsls	r2, r2, #26
8780221c:	d407      	bmi.n	8780222e <vsscanf+0x36>
8780221e:	2b25      	cmp	r3, #37	; 0x25
87802220:	d020      	beq.n	87802264 <vsscanf+0x6c>
87802222:	428b      	cmp	r3, r1
87802224:	d018      	beq.n	87802258 <vsscanf+0x60>
87802226:	4630      	mov	r0, r6
87802228:	b003      	add	sp, #12
8780222a:	e8bd 8ff0 	ldmia.w	sp!, {r4, r5, r6, r7, r8, r9, sl, fp, pc}
8780222e:	f815 3f01 	ldrb.w	r3, [r5, #1]!
87802232:	5ce2      	ldrb	r2, [r4, r3]
87802234:	0692      	lsls	r2, r2, #26
87802236:	d4fa      	bmi.n	8780222e <vsscanf+0x36>
87802238:	f818 2001 	ldrb.w	r2, [r8, r1]
8780223c:	0691      	lsls	r1, r2, #26
8780223e:	d504      	bpl.n	8780224a <vsscanf+0x52>
87802240:	f810 2f01 	ldrb.w	r2, [r0, #1]!
87802244:	5ca2      	ldrb	r2, [r4, r2]
87802246:	0692      	lsls	r2, r2, #26
87802248:	d4fa      	bmi.n	87802240 <vsscanf+0x48>
8780224a:	2b00      	cmp	r3, #0
8780224c:	bf18      	it	ne
8780224e:	2b25      	cmpne	r3, #37	; 0x25
87802250:	d006      	beq.n	87802260 <vsscanf+0x68>
87802252:	7801      	ldrb	r1, [r0, #0]
87802254:	428b      	cmp	r3, r1
87802256:	d1e6      	bne.n	87802226 <vsscanf+0x2e>
87802258:	786b      	ldrb	r3, [r5, #1]
8780225a:	3001      	adds	r0, #1
8780225c:	3501      	adds	r5, #1
8780225e:	e7d8      	b.n	87802212 <vsscanf+0x1a>
87802260:	2b00      	cmp	r3, #0
87802262:	d0e0      	beq.n	87802226 <vsscanf+0x2e>
87802264:	786b      	ldrb	r3, [r5, #1]
87802266:	3501      	adds	r5, #1
87802268:	2b2a      	cmp	r3, #42	; 0x2a
8780226a:	f000 80f1 	beq.w	87802450 <vsscanf+0x258>
8780226e:	5ce2      	ldrb	r2, [r4, r3]
87802270:	4619      	mov	r1, r3
87802272:	0752      	lsls	r2, r2, #29
87802274:	bf5c      	itt	pl
87802276:	4619      	movpl	r1, r3
87802278:	f04f 33ff 	movpl.w	r3, #4294967295	; 0xffffffff
8780227c:	d50a      	bpl.n	87802294 <vsscanf+0x9c>
8780227e:	2300      	movs	r3, #0
87802280:	00da      	lsls	r2, r3, #3
87802282:	eb02 0343 	add.w	r3, r2, r3, lsl #1
87802286:	440b      	add	r3, r1
87802288:	f815 1f01 	ldrb.w	r1, [r5, #1]!
8780228c:	3b30      	subs	r3, #48	; 0x30
8780228e:	5c62      	ldrb	r2, [r4, r1]
87802290:	0752      	lsls	r2, r2, #29
87802292:	d4f5      	bmi.n	87802280 <vsscanf+0x88>
87802294:	f001 02df 	and.w	r2, r1, #223	; 0xdf
87802298:	46a9      	mov	r9, r5
8780229a:	2a5a      	cmp	r2, #90	; 0x5a
8780229c:	bf18      	it	ne
8780229e:	2a4c      	cmpne	r2, #76	; 0x4c
878022a0:	f04f 3cff 	mov.w	ip, #4294967295	; 0xffffffff
878022a4:	bf0c      	ite	eq
878022a6:	2201      	moveq	r2, #1
878022a8:	2200      	movne	r2, #0
878022aa:	2968      	cmp	r1, #104	; 0x68
878022ac:	bf08      	it	eq
878022ae:	f042 0201 	orreq.w	r2, r2, #1
878022b2:	2a00      	cmp	r2, #0
878022b4:	f040 80b8 	bne.w	87802428 <vsscanf+0x230>
878022b8:	2900      	cmp	r1, #0
878022ba:	d0b4      	beq.n	87802226 <vsscanf+0x2e>
878022bc:	f890 a000 	ldrb.w	sl, [r0]
878022c0:	f1ba 0f00 	cmp.w	sl, #0
878022c4:	d0af      	beq.n	87802226 <vsscanf+0x2e>
878022c6:	3925      	subs	r1, #37	; 0x25
878022c8:	f109 0501 	add.w	r5, r9, #1
878022cc:	2953      	cmp	r1, #83	; 0x53
878022ce:	d8aa      	bhi.n	87802226 <vsscanf+0x2e>
878022d0:	a201      	add	r2, pc, #4	; (adr r2, 878022d8 <vsscanf+0xe0>)
878022d2:	f852 f021 	ldr.w	pc, [r2, r1, lsl #2]
878022d6:	bf00      	nop
878022d8:	87802555 			; <UNDEFINED> instruction: 0x87802555
878022dc:	87802227 	strhi	r2, [r0, r7, lsr #4]
878022e0:	87802227 	strhi	r2, [r0, r7, lsr #4]
878022e4:	87802227 	strhi	r2, [r0, r7, lsr #4]
878022e8:	87802227 	strhi	r2, [r0, r7, lsr #4]
878022ec:	87802227 	strhi	r2, [r0, r7, lsr #4]
878022f0:	87802227 	strhi	r2, [r0, r7, lsr #4]
878022f4:	87802227 	strhi	r2, [r0, r7, lsr #4]
878022f8:	87802227 	strhi	r2, [r0, r7, lsr #4]
878022fc:	87802227 	strhi	r2, [r0, r7, lsr #4]
87802300:	87802227 	strhi	r2, [r0, r7, lsr #4]
87802304:	87802227 	strhi	r2, [r0, r7, lsr #4]
87802308:	87802227 	strhi	r2, [r0, r7, lsr #4]
8780230c:	87802227 	strhi	r2, [r0, r7, lsr #4]
87802310:	87802227 	strhi	r2, [r0, r7, lsr #4]
87802314:	87802227 	strhi	r2, [r0, r7, lsr #4]
87802318:	87802227 	strhi	r2, [r0, r7, lsr #4]
8780231c:	87802227 	strhi	r2, [r0, r7, lsr #4]
87802320:	87802227 	strhi	r2, [r0, r7, lsr #4]
87802324:	87802227 	strhi	r2, [r0, r7, lsr #4]
87802328:	87802227 	strhi	r2, [r0, r7, lsr #4]
8780232c:	87802227 	strhi	r2, [r0, r7, lsr #4]
87802330:	87802227 	strhi	r2, [r0, r7, lsr #4]
87802334:	87802227 	strhi	r2, [r0, r7, lsr #4]
87802338:	87802227 	strhi	r2, [r0, r7, lsr #4]
8780233c:	87802227 	strhi	r2, [r0, r7, lsr #4]
87802340:	87802227 	strhi	r2, [r0, r7, lsr #4]
87802344:	87802227 	strhi	r2, [r0, r7, lsr #4]
87802348:	87802227 	strhi	r2, [r0, r7, lsr #4]
8780234c:	87802227 	strhi	r2, [r0, r7, lsr #4]
87802350:	87802227 	strhi	r2, [r0, r7, lsr #4]
87802354:	87802227 	strhi	r2, [r0, r7, lsr #4]
87802358:	87802227 	strhi	r2, [r0, r7, lsr #4]
8780235c:	87802227 	strhi	r2, [r0, r7, lsr #4]
87802360:	87802227 	strhi	r2, [r0, r7, lsr #4]
87802364:	87802227 	strhi	r2, [r0, r7, lsr #4]
87802368:	87802227 	strhi	r2, [r0, r7, lsr #4]
8780236c:	87802227 	strhi	r2, [r0, r7, lsr #4]
87802370:	87802227 	strhi	r2, [r0, r7, lsr #4]
87802374:	87802227 	strhi	r2, [r0, r7, lsr #4]
87802378:	87802227 	strhi	r2, [r0, r7, lsr #4]
8780237c:	87802227 	strhi	r2, [r0, r7, lsr #4]
87802380:	87802227 	strhi	r2, [r0, r7, lsr #4]
87802384:	87802227 	strhi	r2, [r0, r7, lsr #4]
87802388:	87802227 	strhi	r2, [r0, r7, lsr #4]
8780238c:	87802227 	strhi	r2, [r0, r7, lsr #4]
87802390:	87802227 	strhi	r2, [r0, r7, lsr #4]
87802394:	87802227 	strhi	r2, [r0, r7, lsr #4]
87802398:	87802227 	strhi	r2, [r0, r7, lsr #4]
8780239c:	87802227 	strhi	r2, [r0, r7, lsr #4]
878023a0:	87802227 	strhi	r2, [r0, r7, lsr #4]
878023a4:	87802565 	strhi	r2, [r0, r5, ror #10]
878023a8:	87802227 	strhi	r2, [r0, r7, lsr #4]
878023ac:	87802227 	strhi	r2, [r0, r7, lsr #4]
878023b0:	87802227 	strhi	r2, [r0, r7, lsr #4]
878023b4:	87802227 	strhi	r2, [r0, r7, lsr #4]
878023b8:	87802227 	strhi	r2, [r0, r7, lsr #4]
878023bc:	87802227 	strhi	r2, [r0, r7, lsr #4]
878023c0:	87802227 	strhi	r2, [r0, r7, lsr #4]
878023c4:	87802227 	strhi	r2, [r0, r7, lsr #4]
878023c8:	87802227 	strhi	r2, [r0, r7, lsr #4]
878023cc:	87802227 	strhi	r2, [r0, r7, lsr #4]
878023d0:	87802635 			; <UNDEFINED> instruction: 0x87802635
878023d4:	87802667 	strhi	r2, [r0, r7, ror #12]
878023d8:	87802227 	strhi	r2, [r0, r7, lsr #4]
878023dc:	87802227 	strhi	r2, [r0, r7, lsr #4]
878023e0:	87802227 	strhi	r2, [r0, r7, lsr #4]
878023e4:	87802227 	strhi	r2, [r0, r7, lsr #4]
878023e8:	8780248b 	strhi	r2, [r0, fp, lsl #9]
878023ec:	87802227 	strhi	r2, [r0, r7, lsr #4]
878023f0:	87802227 	strhi	r2, [r0, r7, lsr #4]
878023f4:	87802227 	strhi	r2, [r0, r7, lsr #4]
878023f8:	87802227 	strhi	r2, [r0, r7, lsr #4]
878023fc:	87802623 	strhi	r2, [r0, r3, lsr #12]
87802400:	87802599 			; <UNDEFINED> instruction: 0x87802599
87802404:	87802227 	strhi	r2, [r0, r7, lsr #4]
87802408:	87802227 	strhi	r2, [r0, r7, lsr #4]
8780240c:	87802227 	strhi	r2, [r0, r7, lsr #4]
87802410:	878025c7 	strhi	r2, [r0, r7, asr #11]
87802414:	87802227 	strhi	r2, [r0, r7, lsr #4]
87802418:	8780257f 			; <UNDEFINED> instruction: 0x8780257f
8780241c:	87802227 	strhi	r2, [r0, r7, lsr #4]
87802420:	87802227 	strhi	r2, [r0, r7, lsr #4]
87802424:	87802565 	strhi	r2, [r0, r5, ror #10]
87802428:	786a      	ldrb	r2, [r5, #1]
8780242a:	468c      	mov	ip, r1
8780242c:	f105 0901 	add.w	r9, r5, #1
87802430:	4291      	cmp	r1, r2
87802432:	bf18      	it	ne
87802434:	4611      	movne	r1, r2
87802436:	f47f af3f 	bne.w	878022b8 <vsscanf+0xc0>
8780243a:	2968      	cmp	r1, #104	; 0x68
8780243c:	f000 8199 	beq.w	87802772 <vsscanf+0x57a>
87802440:	296c      	cmp	r1, #108	; 0x6c
87802442:	bf02      	ittt	eq
87802444:	f105 0902 	addeq.w	r9, r5, #2
87802448:	78a9      	ldrbeq	r1, [r5, #2]
8780244a:	f04f 0c4c 	moveq.w	ip, #76	; 0x4c
8780244e:	e733      	b.n	878022b8 <vsscanf+0xc0>
87802450:	f894 202a 	ldrb.w	r2, [r4, #42]	; 0x2a
87802454:	0691      	lsls	r1, r2, #26
87802456:	d40a      	bmi.n	8780246e <vsscanf+0x276>
87802458:	f815 3f01 	ldrb.w	r3, [r5, #1]!
8780245c:	5ce2      	ldrb	r2, [r4, r3]
8780245e:	1c19      	adds	r1, r3, #0
87802460:	bf18      	it	ne
87802462:	2101      	movne	r1, #1
87802464:	f082 0220 	eor.w	r2, r2, #32
87802468:	ea11 1252 	ands.w	r2, r1, r2, lsr #5
8780246c:	d1f4      	bne.n	87802458 <vsscanf+0x260>
8780246e:	7802      	ldrb	r2, [r0, #0]
87802470:	e001      	b.n	87802476 <vsscanf+0x27e>
87802472:	f810 2f01 	ldrb.w	r2, [r0, #1]!
87802476:	5ca1      	ldrb	r1, [r4, r2]
87802478:	3200      	adds	r2, #0
8780247a:	bf18      	it	ne
8780247c:	2201      	movne	r2, #1
8780247e:	f081 0120 	eor.w	r1, r1, #32
87802482:	ea12 1251 	ands.w	r2, r2, r1, lsr #5
87802486:	d1f4      	bne.n	87802472 <vsscanf+0x27a>
87802488:	e6c3      	b.n	87802212 <vsscanf+0x1a>
8780248a:	2200      	movs	r2, #0
8780248c:	f814 300a 	ldrb.w	r3, [r4, sl]
87802490:	0699      	lsls	r1, r3, #26
87802492:	bf44      	itt	mi
87802494:	2101      	movmi	r1, #1
87802496:	468b      	movmi	fp, r1
87802498:	f140 8171 	bpl.w	8780277e <vsscanf+0x586>
8780249c:	f810 3f01 	ldrb.w	r3, [r0, #1]!
878024a0:	f814 a003 	ldrb.w	sl, [r4, r3]
878024a4:	f01a 0f20 	tst.w	sl, #32
878024a8:	d1f8      	bne.n	8780249c <vsscanf+0x2a4>
878024aa:	2b2d      	cmp	r3, #45	; 0x2d
878024ac:	bf14      	ite	ne
878024ae:	2100      	movne	r1, #0
878024b0:	f001 0101 	andeq.w	r1, r1, #1
878024b4:	469a      	mov	sl, r3
878024b6:	b109      	cbz	r1, 878024bc <vsscanf+0x2c4>
878024b8:	f890 a001 	ldrb.w	sl, [r0, #1]
878024bc:	f1ba 0f00 	cmp.w	sl, #0
878024c0:	f43f aeb1 	beq.w	87802226 <vsscanf+0x2e>
878024c4:	2a10      	cmp	r2, #16
878024c6:	f000 8120 	beq.w	8780270a <vsscanf+0x512>
878024ca:	2a0a      	cmp	r2, #10
878024cc:	d002      	beq.n	878024d4 <vsscanf+0x2dc>
878024ce:	2a08      	cmp	r2, #8
878024d0:	d06b      	beq.n	878025aa <vsscanf+0x3b2>
878024d2:	b922      	cbnz	r2, 878024de <vsscanf+0x2e6>
878024d4:	f814 300a 	ldrb.w	r3, [r4, sl]
878024d8:	0759      	lsls	r1, r3, #29
878024da:	f57f aea4 	bpl.w	87802226 <vsscanf+0x2e>
878024de:	f1ac 0c48 	sub.w	ip, ip, #72	; 0x48
878024e2:	f1bc 0f32 	cmp.w	ip, #50	; 0x32
878024e6:	f200 810a 	bhi.w	878026fe <vsscanf+0x506>
878024ea:	e8df f01c 	tbh	[pc, ip, lsl #1]
878024ee:	010800ec 	smlatteq	r8, ip, r0, r0
878024f2:	01080108 	tsteq	r8, r8, lsl #2
878024f6:	010800fa 	strdeq	r0, [r8, -sl]
878024fa:	01080108 	tsteq	r8, r8, lsl #2
878024fe:	01080108 	tsteq	r8, r8, lsl #2
87802502:	01080108 	tsteq	r8, r8, lsl #2
87802506:	01080108 	tsteq	r8, r8, lsl #2
8780250a:	01080108 	tsteq	r8, r8, lsl #2
8780250e:	01080108 	tsteq	r8, r8, lsl #2
87802512:	010800da 	ldrdeq	r0, [r8, -sl]
87802516:	01080108 	tsteq	r8, r8, lsl #2
8780251a:	01080108 	tsteq	r8, r8, lsl #2
8780251e:	01080108 	tsteq	r8, r8, lsl #2
87802522:	01080108 	tsteq	r8, r8, lsl #2
87802526:	01080108 	tsteq	r8, r8, lsl #2
8780252a:	01080108 	tsteq	r8, r8, lsl #2
8780252e:	010800cc 	smlabteq	r8, ip, r0, r0
87802532:	01080108 	tsteq	r8, r8, lsl #2
87802536:	010800be 	strheq	r0, [r8, -lr]
8780253a:	01080108 	tsteq	r8, r8, lsl #2
8780253e:	01080108 	tsteq	r8, r8, lsl #2
87802542:	01080108 	tsteq	r8, r8, lsl #2
87802546:	01080108 	tsteq	r8, r8, lsl #2
8780254a:	01080108 	tsteq	r8, r8, lsl #2
8780254e:	01080108 	tsteq	r8, r8, lsl #2
87802552:	f1ba00da 			; <UNDEFINED> instruction: 0xf1ba00da
87802556:	0f25      	lsrs	r5, r4, #28
87802558:	f47f ae65 	bne.w	87802226 <vsscanf+0x2e>
8780255c:	3001      	adds	r0, #1
8780255e:	f899 3001 	ldrb.w	r3, [r9, #1]
87802562:	e656      	b.n	87802212 <vsscanf+0x1a>
87802564:	f814 300a 	ldrb.w	r3, [r4, sl]
87802568:	2210      	movs	r2, #16
8780256a:	f003 0320 	and.w	r3, r3, #32
8780256e:	f003 0bff 	and.w	fp, r3, #255	; 0xff
87802572:	2b00      	cmp	r3, #0
87802574:	f000 80c9 	beq.w	8780270a <vsscanf+0x512>
87802578:	2100      	movs	r1, #0
8780257a:	468b      	mov	fp, r1
8780257c:	e78e      	b.n	8780249c <vsscanf+0x2a4>
8780257e:	f814 300a 	ldrb.w	r3, [r4, sl]
87802582:	220a      	movs	r2, #10
87802584:	f003 0320 	and.w	r3, r3, #32
87802588:	f003 0bff 	and.w	fp, r3, #255	; 0xff
8780258c:	2b00      	cmp	r3, #0
8780258e:	d0a1      	beq.n	878024d4 <vsscanf+0x2dc>
87802590:	2100      	movs	r1, #0
87802592:	220a      	movs	r2, #10
87802594:	468b      	mov	fp, r1
87802596:	e781      	b.n	8780249c <vsscanf+0x2a4>
87802598:	f814 300a 	ldrb.w	r3, [r4, sl]
8780259c:	2208      	movs	r2, #8
8780259e:	f003 0320 	and.w	r3, r3, #32
878025a2:	f003 0bff 	and.w	fp, r3, #255	; 0xff
878025a6:	2b00      	cmp	r3, #0
878025a8:	d1e6      	bne.n	87802578 <vsscanf+0x380>
878025aa:	f814 300a 	ldrb.w	r3, [r4, sl]
878025ae:	f083 0304 	eor.w	r3, r3, #4
878025b2:	f3c3 0380 	ubfx	r3, r3, #2, #1
878025b6:	f1ba 0f37 	cmp.w	sl, #55	; 0x37
878025ba:	bf88      	it	hi
878025bc:	f043 0301 	orrhi.w	r3, r3, #1
878025c0:	2b00      	cmp	r3, #0
878025c2:	d08c      	beq.n	878024de <vsscanf+0x2e6>
878025c4:	e62f      	b.n	87802226 <vsscanf+0x2e>
878025c6:	1c5a      	adds	r2, r3, #1
878025c8:	f10e 0c04 	add.w	ip, lr, #4
878025cc:	f8de 1000 	ldr.w	r1, [lr]
878025d0:	f000 80a2 	beq.w	87802718 <vsscanf+0x520>
878025d4:	f814 200a 	ldrb.w	r2, [r4, sl]
878025d8:	0692      	lsls	r2, r2, #26
878025da:	bf58      	it	pl
878025dc:	4652      	movpl	r2, sl
878025de:	d507      	bpl.n	878025f0 <vsscanf+0x3f8>
878025e0:	f810 af01 	ldrb.w	sl, [r0, #1]!
878025e4:	f814 200a 	ldrb.w	r2, [r4, sl]
878025e8:	0692      	lsls	r2, r2, #26
878025ea:	d4f9      	bmi.n	878025e0 <vsscanf+0x3e8>
878025ec:	4652      	mov	r2, sl
878025ee:	b18a      	cbz	r2, 87802614 <vsscanf+0x41c>
878025f0:	b183      	cbz	r3, 87802614 <vsscanf+0x41c>
878025f2:	f100 0e01 	add.w	lr, r0, #1
878025f6:	e006      	b.n	87802606 <vsscanf+0x40e>
878025f8:	f814 a002 	ldrb.w	sl, [r4, r2]
878025fc:	f01a 0f20 	tst.w	sl, #32
87802600:	d108      	bne.n	87802614 <vsscanf+0x41c>
87802602:	3b01      	subs	r3, #1
87802604:	d006      	beq.n	87802614 <vsscanf+0x41c>
87802606:	f801 2b01 	strb.w	r2, [r1], #1
8780260a:	4670      	mov	r0, lr
8780260c:	f81e 2b01 	ldrb.w	r2, [lr], #1
87802610:	2a00      	cmp	r2, #0
87802612:	d1f1      	bne.n	878025f8 <vsscanf+0x400>
87802614:	2300      	movs	r3, #0
87802616:	3601      	adds	r6, #1
87802618:	700b      	strb	r3, [r1, #0]
8780261a:	46e6      	mov	lr, ip
8780261c:	f899 3001 	ldrb.w	r3, [r9, #1]
87802620:	e5f7      	b.n	87802212 <vsscanf+0x1a>
87802622:	f8de 3000 	ldr.w	r3, [lr]
87802626:	1bc2      	subs	r2, r0, r7
87802628:	f10e 0e04 	add.w	lr, lr, #4
8780262c:	601a      	str	r2, [r3, #0]
8780262e:	f899 3001 	ldrb.w	r3, [r9, #1]
87802632:	e5ee      	b.n	87802212 <vsscanf+0x1a>
87802634:	f8de 1000 	ldr.w	r1, [lr]
87802638:	1c5a      	adds	r2, r3, #1
8780263a:	bf08      	it	eq
8780263c:	2301      	moveq	r3, #1
8780263e:	1c42      	adds	r2, r0, #1
87802640:	f10e 0e04 	add.w	lr, lr, #4
87802644:	f101 3cff 	add.w	ip, r1, #4294967295	; 0xffffffff
87802648:	e003      	b.n	87802652 <vsscanf+0x45a>
8780264a:	f812 1b01 	ldrb.w	r1, [r2], #1
8780264e:	468a      	mov	sl, r1
87802650:	b129      	cbz	r1, 8780265e <vsscanf+0x466>
87802652:	3b01      	subs	r3, #1
87802654:	f80c af01 	strb.w	sl, [ip, #1]!
87802658:	2b00      	cmp	r3, #0
8780265a:	4610      	mov	r0, r2
8780265c:	dcf5      	bgt.n	8780264a <vsscanf+0x452>
8780265e:	3601      	adds	r6, #1
87802660:	f899 3001 	ldrb.w	r3, [r9, #1]
87802664:	e5d5      	b.n	87802212 <vsscanf+0x1a>
87802666:	220a      	movs	r2, #10
87802668:	e710      	b.n	8780248c <vsscanf+0x294>
8780266a:	f8de a000 	ldr.w	sl, [lr]
8780266e:	f1bb 0f00 	cmp.w	fp, #0
87802672:	d018      	beq.n	878026a6 <vsscanf+0x4ae>
87802674:	f10e 0b04 	add.w	fp, lr, #4
87802678:	a901      	add	r1, sp, #4
8780267a:	f7ff f9b3 	bl	878019e4 <simple_strtol>
8780267e:	46de      	mov	lr, fp
87802680:	f8ca 0000 	str.w	r0, [sl]
87802684:	e017      	b.n	878026b6 <vsscanf+0x4be>
87802686:	f8de a000 	ldr.w	sl, [lr]
8780268a:	f1bb 0f00 	cmp.w	fp, #0
8780268e:	d05c      	beq.n	8780274a <vsscanf+0x552>
87802690:	f10e 0b04 	add.w	fp, lr, #4
87802694:	a901      	add	r1, sp, #4
87802696:	f7ff f9a5 	bl	878019e4 <simple_strtol>
8780269a:	46de      	mov	lr, fp
8780269c:	f8aa 0000 	strh.w	r0, [sl]
878026a0:	e009      	b.n	878026b6 <vsscanf+0x4be>
878026a2:	f8de a000 	ldr.w	sl, [lr]
878026a6:	f10e 0b04 	add.w	fp, lr, #4
878026aa:	a901      	add	r1, sp, #4
878026ac:	f7ff f914 	bl	878018d8 <simple_strtoul>
878026b0:	46de      	mov	lr, fp
878026b2:	f8ca 0000 	str.w	r0, [sl]
878026b6:	9801      	ldr	r0, [sp, #4]
878026b8:	3601      	adds	r6, #1
878026ba:	2800      	cmp	r0, #0
878026bc:	f43f adb3 	beq.w	87802226 <vsscanf+0x2e>
878026c0:	f899 3001 	ldrb.w	r3, [r9, #1]
878026c4:	e5a5      	b.n	87802212 <vsscanf+0x1a>
878026c6:	f8de a000 	ldr.w	sl, [lr]
878026ca:	f1bb 0f00 	cmp.w	fp, #0
878026ce:	d033      	beq.n	87802738 <vsscanf+0x540>
878026d0:	f10e 0b04 	add.w	fp, lr, #4
878026d4:	a901      	add	r1, sp, #4
878026d6:	f7ff f985 	bl	878019e4 <simple_strtol>
878026da:	46de      	mov	lr, fp
878026dc:	f88a 0000 	strb.w	r0, [sl]
878026e0:	e7e9      	b.n	878026b6 <vsscanf+0x4be>
878026e2:	f8de a000 	ldr.w	sl, [lr]
878026e6:	f1bb 0f00 	cmp.w	fp, #0
878026ea:	d01c      	beq.n	87802726 <vsscanf+0x52e>
878026ec:	f10e 0b04 	add.w	fp, lr, #4
878026f0:	a901      	add	r1, sp, #4
878026f2:	f7ff fa29 	bl	87801b48 <simple_strtoll>
878026f6:	46de      	mov	lr, fp
878026f8:	e9ca 0100 	strd	r0, r1, [sl]
878026fc:	e7db      	b.n	878026b6 <vsscanf+0x4be>
878026fe:	f1bb 0f00 	cmp.w	fp, #0
87802702:	d02b      	beq.n	8780275c <vsscanf+0x564>
87802704:	f8de a000 	ldr.w	sl, [lr]
87802708:	e7b4      	b.n	87802674 <vsscanf+0x47c>
8780270a:	f814 300a 	ldrb.w	r3, [r4, sl]
8780270e:	f013 0f44 	tst.w	r3, #68	; 0x44
87802712:	f47f aee4 	bne.w	878024de <vsscanf+0x2e6>
87802716:	e586      	b.n	87802226 <vsscanf+0x2e>
87802718:	f814 300a 	ldrb.w	r3, [r4, sl]
8780271c:	069b      	lsls	r3, r3, #26
8780271e:	d535      	bpl.n	8780278c <vsscanf+0x594>
87802720:	f06f 4300 	mvn.w	r3, #2147483648	; 0x80000000
87802724:	e75c      	b.n	878025e0 <vsscanf+0x3e8>
87802726:	f10e 0b04 	add.w	fp, lr, #4
8780272a:	a901      	add	r1, sp, #4
8780272c:	f7ff f968 	bl	87801a00 <simple_strtoull>
87802730:	46de      	mov	lr, fp
87802732:	e9ca 0100 	strd	r0, r1, [sl]
87802736:	e7be      	b.n	878026b6 <vsscanf+0x4be>
87802738:	f10e 0b04 	add.w	fp, lr, #4
8780273c:	a901      	add	r1, sp, #4
8780273e:	f7ff f8cb 	bl	878018d8 <simple_strtoul>
87802742:	46de      	mov	lr, fp
87802744:	f88a 0000 	strb.w	r0, [sl]
87802748:	e7b5      	b.n	878026b6 <vsscanf+0x4be>
8780274a:	f10e 0b04 	add.w	fp, lr, #4
8780274e:	a901      	add	r1, sp, #4
87802750:	f7ff f8c2 	bl	878018d8 <simple_strtoul>
87802754:	46de      	mov	lr, fp
87802756:	f8aa 0000 	strh.w	r0, [sl]
8780275a:	e7ac      	b.n	878026b6 <vsscanf+0x4be>
8780275c:	f8de a000 	ldr.w	sl, [lr]
87802760:	f10e 0b04 	add.w	fp, lr, #4
87802764:	a901      	add	r1, sp, #4
87802766:	f7ff f8b7 	bl	878018d8 <simple_strtoul>
8780276a:	46de      	mov	lr, fp
8780276c:	f8ca 0000 	str.w	r0, [sl]
87802770:	e7a1      	b.n	878026b6 <vsscanf+0x4be>
87802772:	f105 0902 	add.w	r9, r5, #2
87802776:	78a9      	ldrb	r1, [r5, #2]
87802778:	f04f 0c48 	mov.w	ip, #72	; 0x48
8780277c:	e59c      	b.n	878022b8 <vsscanf+0xc0>
8780277e:	f1ba 0f2d 	cmp.w	sl, #45	; 0x2d
87802782:	f04f 0b01 	mov.w	fp, #1
87802786:	f43f ae97 	beq.w	878024b8 <vsscanf+0x2c0>
8780278a:	e69e      	b.n	878024ca <vsscanf+0x2d2>
8780278c:	4652      	mov	r2, sl
8780278e:	f06f 4300 	mvn.w	r3, #2147483648	; 0x80000000
87802792:	e72e      	b.n	878025f2 <vsscanf+0x3fa>

87802794 <sscanf>:
87802794:	b40e      	push	{r1, r2, r3}
87802796:	b500      	push	{lr}
87802798:	aa02      	add	r2, sp, #8
8780279a:	9901      	ldr	r1, [sp, #4]
8780279c:	f7ff fd2c 	bl	878021f8 <vsscanf>
878027a0:	f85d eb04 	ldr.w	lr, [sp], #4
878027a4:	b003      	add	sp, #12
878027a6:	4770      	bx	lr

878027a8 <__aeabi_uidiv>:
878027a8:	1e4a      	subs	r2, r1, #1
878027aa:	bf08      	it	eq
878027ac:	4770      	bxeq	lr
878027ae:	f0c0 8124 	bcc.w	878029fa <__aeabi_uidiv+0x252>
878027b2:	4288      	cmp	r0, r1
878027b4:	f240 8116 	bls.w	878029e4 <__aeabi_uidiv+0x23c>
878027b8:	4211      	tst	r1, r2
878027ba:	f000 8117 	beq.w	878029ec <__aeabi_uidiv+0x244>
878027be:	fab0 f380 	clz	r3, r0
878027c2:	fab1 f281 	clz	r2, r1
878027c6:	eba2 0303 	sub.w	r3, r2, r3
878027ca:	f1c3 031f 	rsb	r3, r3, #31
878027ce:	a204      	add	r2, pc, #16	; (adr r2, 878027e0 <__aeabi_uidiv+0x38>)
878027d0:	eb02 1303 	add.w	r3, r2, r3, lsl #4
878027d4:	f04f 0200 	mov.w	r2, #0
878027d8:	469f      	mov	pc, r3
878027da:	bf00      	nop
878027dc:	f3af 8000 	nop.w
878027e0:	ebb0 7fc1 	cmp.w	r0, r1, lsl #31
878027e4:	bf00      	nop
878027e6:	eb42 0202 	adc.w	r2, r2, r2
878027ea:	bf28      	it	cs
878027ec:	eba0 70c1 	subcs.w	r0, r0, r1, lsl #31
878027f0:	ebb0 7f81 	cmp.w	r0, r1, lsl #30
878027f4:	bf00      	nop
878027f6:	eb42 0202 	adc.w	r2, r2, r2
878027fa:	bf28      	it	cs
878027fc:	eba0 7081 	subcs.w	r0, r0, r1, lsl #30
87802800:	ebb0 7f41 	cmp.w	r0, r1, lsl #29
87802804:	bf00      	nop
87802806:	eb42 0202 	adc.w	r2, r2, r2
8780280a:	bf28      	it	cs
8780280c:	eba0 7041 	subcs.w	r0, r0, r1, lsl #29
87802810:	ebb0 7f01 	cmp.w	r0, r1, lsl #28
87802814:	bf00      	nop
87802816:	eb42 0202 	adc.w	r2, r2, r2
8780281a:	bf28      	it	cs
8780281c:	eba0 7001 	subcs.w	r0, r0, r1, lsl #28
87802820:	ebb0 6fc1 	cmp.w	r0, r1, lsl #27
87802824:	bf00      	nop
87802826:	eb42 0202 	adc.w	r2, r2, r2
8780282a:	bf28      	it	cs
8780282c:	eba0 60c1 	subcs.w	r0, r0, r1, lsl #27
87802830:	ebb0 6f81 	cmp.w	r0, r1, lsl #26
87802834:	bf00      	nop
87802836:	eb42 0202 	adc.w	r2, r2, r2
8780283a:	bf28      	it	cs
8780283c:	eba0 6081 	subcs.w	r0, r0, r1, lsl #26
87802840:	ebb0 6f41 	cmp.w	r0, r1, lsl #25
87802844:	bf00      	nop
87802846:	eb42 0202 	adc.w	r2, r2, r2
8780284a:	bf28      	it	cs
8780284c:	eba0 6041 	subcs.w	r0, r0, r1, lsl #25
87802850:	ebb0 6f01 	cmp.w	r0, r1, lsl #24
87802854:	bf00      	nop
87802856:	eb42 0202 	adc.w	r2, r2, r2
8780285a:	bf28      	it	cs
8780285c:	eba0 6001 	subcs.w	r0, r0, r1, lsl #24
87802860:	ebb0 5fc1 	cmp.w	r0, r1, lsl #23
87802864:	bf00      	nop
87802866:	eb42 0202 	adc.w	r2, r2, r2
8780286a:	bf28      	it	cs
8780286c:	eba0 50c1 	subcs.w	r0, r0, r1, lsl #23
87802870:	ebb0 5f81 	cmp.w	r0, r1, lsl #22
87802874:	bf00      	nop
87802876:	eb42 0202 	adc.w	r2, r2, r2
8780287a:	bf28      	it	cs
8780287c:	eba0 5081 	subcs.w	r0, r0, r1, lsl #22
87802880:	ebb0 5f41 	cmp.w	r0, r1, lsl #21
87802884:	bf00      	nop
87802886:	eb42 0202 	adc.w	r2, r2, r2
8780288a:	bf28      	it	cs
8780288c:	eba0 5041 	subcs.w	r0, r0, r1, lsl #21
87802890:	ebb0 5f01 	cmp.w	r0, r1, lsl #20
87802894:	bf00      	nop
87802896:	eb42 0202 	adc.w	r2, r2, r2
8780289a:	bf28      	it	cs
8780289c:	eba0 5001 	subcs.w	r0, r0, r1, lsl #20
878028a0:	ebb0 4fc1 	cmp.w	r0, r1, lsl #19
878028a4:	bf00      	nop
878028a6:	eb42 0202 	adc.w	r2, r2, r2
878028aa:	bf28      	it	cs
878028ac:	eba0 40c1 	subcs.w	r0, r0, r1, lsl #19
878028b0:	ebb0 4f81 	cmp.w	r0, r1, lsl #18
878028b4:	bf00      	nop
878028b6:	eb42 0202 	adc.w	r2, r2, r2
878028ba:	bf28      	it	cs
878028bc:	eba0 4081 	subcs.w	r0, r0, r1, lsl #18
878028c0:	ebb0 4f41 	cmp.w	r0, r1, lsl #17
878028c4:	bf00      	nop
878028c6:	eb42 0202 	adc.w	r2, r2, r2
878028ca:	bf28      	it	cs
878028cc:	eba0 4041 	subcs.w	r0, r0, r1, lsl #17
878028d0:	ebb0 4f01 	cmp.w	r0, r1, lsl #16
878028d4:	bf00      	nop
878028d6:	eb42 0202 	adc.w	r2, r2, r2
878028da:	bf28      	it	cs
878028dc:	eba0 4001 	subcs.w	r0, r0, r1, lsl #16
878028e0:	ebb0 3fc1 	cmp.w	r0, r1, lsl #15
878028e4:	bf00      	nop
878028e6:	eb42 0202 	adc.w	r2, r2, r2
878028ea:	bf28      	it	cs
878028ec:	eba0 30c1 	subcs.w	r0, r0, r1, lsl #15
878028f0:	ebb0 3f81 	cmp.w	r0, r1, lsl #14
878028f4:	bf00      	nop
878028f6:	eb42 0202 	adc.w	r2, r2, r2
878028fa:	bf28      	it	cs
878028fc:	eba0 3081 	subcs.w	r0, r0, r1, lsl #14
87802900:	ebb0 3f41 	cmp.w	r0, r1, lsl #13
87802904:	bf00      	nop
87802906:	eb42 0202 	adc.w	r2, r2, r2
8780290a:	bf28      	it	cs
8780290c:	eba0 3041 	subcs.w	r0, r0, r1, lsl #13
87802910:	ebb0 3f01 	cmp.w	r0, r1, lsl #12
87802914:	bf00      	nop
87802916:	eb42 0202 	adc.w	r2, r2, r2
8780291a:	bf28      	it	cs
8780291c:	eba0 3001 	subcs.w	r0, r0, r1, lsl #12
87802920:	ebb0 2fc1 	cmp.w	r0, r1, lsl #11
87802924:	bf00      	nop
87802926:	eb42 0202 	adc.w	r2, r2, r2
8780292a:	bf28      	it	cs
8780292c:	eba0 20c1 	subcs.w	r0, r0, r1, lsl #11
87802930:	ebb0 2f81 	cmp.w	r0, r1, lsl #10
87802934:	bf00      	nop
87802936:	eb42 0202 	adc.w	r2, r2, r2
8780293a:	bf28      	it	cs
8780293c:	eba0 2081 	subcs.w	r0, r0, r1, lsl #10
87802940:	ebb0 2f41 	cmp.w	r0, r1, lsl #9
87802944:	bf00      	nop
87802946:	eb42 0202 	adc.w	r2, r2, r2
8780294a:	bf28      	it	cs
8780294c:	eba0 2041 	subcs.w	r0, r0, r1, lsl #9
87802950:	ebb0 2f01 	cmp.w	r0, r1, lsl #8
87802954:	bf00      	nop
87802956:	eb42 0202 	adc.w	r2, r2, r2
8780295a:	bf28      	it	cs
8780295c:	eba0 2001 	subcs.w	r0, r0, r1, lsl #8
87802960:	ebb0 1fc1 	cmp.w	r0, r1, lsl #7
87802964:	bf00      	nop
87802966:	eb42 0202 	adc.w	r2, r2, r2
8780296a:	bf28      	it	cs
8780296c:	eba0 10c1 	subcs.w	r0, r0, r1, lsl #7
87802970:	ebb0 1f81 	cmp.w	r0, r1, lsl #6
87802974:	bf00      	nop
87802976:	eb42 0202 	adc.w	r2, r2, r2
8780297a:	bf28      	it	cs
8780297c:	eba0 1081 	subcs.w	r0, r0, r1, lsl #6
87802980:	ebb0 1f41 	cmp.w	r0, r1, lsl #5
87802984:	bf00      	nop
87802986:	eb42 0202 	adc.w	r2, r2, r2
8780298a:	bf28      	it	cs
8780298c:	eba0 1041 	subcs.w	r0, r0, r1, lsl #5
87802990:	ebb0 1f01 	cmp.w	r0, r1, lsl #4
87802994:	bf00      	nop
87802996:	eb42 0202 	adc.w	r2, r2, r2
8780299a:	bf28      	it	cs
8780299c:	eba0 1001 	subcs.w	r0, r0, r1, lsl #4
878029a0:	ebb0 0fc1 	cmp.w	r0, r1, lsl #3
878029a4:	bf00      	nop
878029a6:	eb42 0202 	adc.w	r2, r2, r2
878029aa:	bf28      	it	cs
878029ac:	eba0 00c1 	subcs.w	r0, r0, r1, lsl #3
878029b0:	ebb0 0f81 	cmp.w	r0, r1, lsl #2
878029b4:	bf00      	nop
878029b6:	eb42 0202 	adc.w	r2, r2, r2
878029ba:	bf28      	it	cs
878029bc:	eba0 0081 	subcs.w	r0, r0, r1, lsl #2
878029c0:	ebb0 0f41 	cmp.w	r0, r1, lsl #1
878029c4:	bf00      	nop
878029c6:	eb42 0202 	adc.w	r2, r2, r2
878029ca:	bf28      	it	cs
878029cc:	eba0 0041 	subcs.w	r0, r0, r1, lsl #1
878029d0:	ebb0 0f01 	cmp.w	r0, r1
878029d4:	bf00      	nop
878029d6:	eb42 0202 	adc.w	r2, r2, r2
878029da:	bf28      	it	cs
878029dc:	eba0 0001 	subcs.w	r0, r0, r1
878029e0:	4610      	mov	r0, r2
878029e2:	4770      	bx	lr
878029e4:	bf0c      	ite	eq
878029e6:	2001      	moveq	r0, #1
878029e8:	2000      	movne	r0, #0
878029ea:	4770      	bx	lr
878029ec:	fab1 f281 	clz	r2, r1
878029f0:	f1c2 021f 	rsb	r2, r2, #31
878029f4:	fa20 f002 	lsr.w	r0, r0, r2
878029f8:	4770      	bx	lr
878029fa:	b108      	cbz	r0, 87802a00 <__aeabi_uidiv+0x258>
878029fc:	f04f 30ff 	mov.w	r0, #4294967295	; 0xffffffff
87802a00:	f000 b826 	b.w	87802a50 <__aeabi_idiv0>

87802a04 <__aeabi_uidivmod>:
87802a04:	2900      	cmp	r1, #0
87802a06:	d0f8      	beq.n	878029fa <__aeabi_uidiv+0x252>
87802a08:	e92d 4003 	stmdb	sp!, {r0, r1, lr}
87802a0c:	f7ff fecc 	bl	878027a8 <__aeabi_uidiv>
87802a10:	e8bd 4006 	ldmia.w	sp!, {r1, r2, lr}
87802a14:	fb02 f300 	mul.w	r3, r2, r0
87802a18:	eba1 0103 	sub.w	r1, r1, r3
87802a1c:	4770      	bx	lr
87802a1e:	bf00      	nop

87802a20 <__aeabi_uldivmod>:
87802a20:	b953      	cbnz	r3, 87802a38 <__aeabi_uldivmod+0x18>
87802a22:	b94a      	cbnz	r2, 87802a38 <__aeabi_uldivmod+0x18>
87802a24:	2900      	cmp	r1, #0
87802a26:	bf08      	it	eq
87802a28:	2800      	cmpeq	r0, #0
87802a2a:	bf1c      	itt	ne
87802a2c:	f04f 31ff 	movne.w	r1, #4294967295	; 0xffffffff
87802a30:	f04f 30ff 	movne.w	r0, #4294967295	; 0xffffffff
87802a34:	f000 b80c 	b.w	87802a50 <__aeabi_idiv0>
87802a38:	f1ad 0c08 	sub.w	ip, sp, #8
87802a3c:	e96d ce04 	strd	ip, lr, [sp, #-16]!
87802a40:	f000 f80c 	bl	87802a5c <__udivmoddi4>
87802a44:	f8dd e004 	ldr.w	lr, [sp, #4]
87802a48:	e9dd 2302 	ldrd	r2, r3, [sp, #8]
87802a4c:	b004      	add	sp, #16
87802a4e:	4770      	bx	lr

87802a50 <__aeabi_idiv0>:
87802a50:	b502      	push	{r1, lr}
87802a52:	f04f 0008 	mov.w	r0, #8
87802a56:	f7fe f9fb 	bl	87800e50 <raise>
87802a5a:	bd02      	pop	{r1, pc}

87802a5c <__udivmoddi4>:
87802a5c:	e92d 43f0 	stmdb	sp!, {r4, r5, r6, r7, r8, r9, lr}
87802a60:	460d      	mov	r5, r1
87802a62:	429d      	cmp	r5, r3
87802a64:	4604      	mov	r4, r0
87802a66:	4610      	mov	r0, r2
87802a68:	4619      	mov	r1, r3
87802a6a:	bf08      	it	eq
87802a6c:	4284      	cmpeq	r4, r0
87802a6e:	9a07      	ldr	r2, [sp, #28]
87802a70:	bf3c      	itt	cc
87802a72:	2000      	movcc	r0, #0
87802a74:	2100      	movcc	r1, #0
87802a76:	d36a      	bcc.n	87802b4e <__udivmoddi4+0xf2>
87802a78:	fab1 f681 	clz	r6, r1
87802a7c:	2900      	cmp	r1, #0
87802a7e:	d06f      	beq.n	87802b60 <__udivmoddi4+0x104>
87802a80:	fab5 f385 	clz	r3, r5
87802a84:	2d00      	cmp	r5, #0
87802a86:	d067      	beq.n	87802b58 <__udivmoddi4+0xfc>
87802a88:	1af3      	subs	r3, r6, r3
87802a8a:	f1a3 0c20 	sub.w	ip, r3, #32
87802a8e:	fa01 f703 	lsl.w	r7, r1, r3
87802a92:	fa00 fe0c 	lsl.w	lr, r0, ip
87802a96:	f1c3 0820 	rsb	r8, r3, #32
87802a9a:	fa20 f108 	lsr.w	r1, r0, r8
87802a9e:	fa00 f603 	lsl.w	r6, r0, r3
87802aa2:	ea47 070e 	orr.w	r7, r7, lr
87802aa6:	469e      	mov	lr, r3
87802aa8:	430f      	orrs	r7, r1
87802aaa:	42bd      	cmp	r5, r7
87802aac:	bf08      	it	eq
87802aae:	42b4      	cmpeq	r4, r6
87802ab0:	bf3c      	itt	cc
87802ab2:	2000      	movcc	r0, #0
87802ab4:	2100      	movcc	r1, #0
87802ab6:	d30c      	bcc.n	87802ad2 <__udivmoddi4+0x76>
87802ab8:	f04f 0901 	mov.w	r9, #1
87802abc:	1ba4      	subs	r4, r4, r6
87802abe:	fa29 f808 	lsr.w	r8, r9, r8
87802ac2:	fa09 f10c 	lsl.w	r1, r9, ip
87802ac6:	fa09 f003 	lsl.w	r0, r9, r3
87802aca:	ea41 0108 	orr.w	r1, r1, r8
87802ace:	eb65 0507 	sbc.w	r5, r5, r7
87802ad2:	2b00      	cmp	r3, #0
87802ad4:	d03b      	beq.n	87802b4e <__udivmoddi4+0xf2>
87802ad6:	087f      	lsrs	r7, r7, #1
87802ad8:	ea4f 0636 	mov.w	r6, r6, rrx
87802adc:	e009      	b.n	87802af2 <__udivmoddi4+0x96>
87802ade:	1ba4      	subs	r4, r4, r6
87802ae0:	eb65 0507 	sbc.w	r5, r5, r7
87802ae4:	1924      	adds	r4, r4, r4
87802ae6:	416d      	adcs	r5, r5
87802ae8:	3401      	adds	r4, #1
87802aea:	f145 0500 	adc.w	r5, r5, #0
87802aee:	3b01      	subs	r3, #1
87802af0:	d007      	beq.n	87802b02 <__udivmoddi4+0xa6>
87802af2:	42bd      	cmp	r5, r7
87802af4:	bf08      	it	eq
87802af6:	42b4      	cmpeq	r4, r6
87802af8:	d2f1      	bcs.n	87802ade <__udivmoddi4+0x82>
87802afa:	1924      	adds	r4, r4, r4
87802afc:	416d      	adcs	r5, r5
87802afe:	3b01      	subs	r3, #1
87802b00:	d1f7      	bne.n	87802af2 <__udivmoddi4+0x96>
87802b02:	f1ce 0720 	rsb	r7, lr, #32
87802b06:	fa24 f60e 	lsr.w	r6, r4, lr
87802b0a:	fa05 f707 	lsl.w	r7, r5, r7
87802b0e:	f1ae 0320 	sub.w	r3, lr, #32
87802b12:	fa25 f303 	lsr.w	r3, r5, r3
87802b16:	fa25 fc0e 	lsr.w	ip, r5, lr
87802b1a:	1900      	adds	r0, r0, r4
87802b1c:	ea46 0607 	orr.w	r6, r6, r7
87802b20:	ea46 0403 	orr.w	r4, r6, r3
87802b24:	4169      	adcs	r1, r5
87802b26:	4665      	mov	r5, ip
87802b28:	f1ae 0c20 	sub.w	ip, lr, #32
87802b2c:	fa05 f70e 	lsl.w	r7, r5, lr
87802b30:	fa04 fc0c 	lsl.w	ip, r4, ip
87802b34:	fa04 f60e 	lsl.w	r6, r4, lr
87802b38:	f1ce 0320 	rsb	r3, lr, #32
87802b3c:	fa24 f303 	lsr.w	r3, r4, r3
87802b40:	ea47 070c 	orr.w	r7, r7, ip
87802b44:	1b80      	subs	r0, r0, r6
87802b46:	ea47 0703 	orr.w	r7, r7, r3
87802b4a:	eb61 0107 	sbc.w	r1, r1, r7
87802b4e:	b10a      	cbz	r2, 87802b54 <__udivmoddi4+0xf8>
87802b50:	e9c2 4500 	strd	r4, r5, [r2]
87802b54:	e8bd 83f0 	ldmia.w	sp!, {r4, r5, r6, r7, r8, r9, pc}
87802b58:	fab4 f384 	clz	r3, r4
87802b5c:	3320      	adds	r3, #32
87802b5e:	e793      	b.n	87802a88 <__udivmoddi4+0x2c>
87802b60:	fab0 f380 	clz	r3, r0
87802b64:	f103 0620 	add.w	r6, r3, #32
87802b68:	fab5 f385 	clz	r3, r5
87802b6c:	2d00      	cmp	r5, #0
87802b6e:	d18b      	bne.n	87802a88 <__udivmoddi4+0x2c>
87802b70:	e7f2      	b.n	87802b58 <__udivmoddi4+0xfc>
87802b72:	bf00      	nop
87802b74:	0000      	movs	r0, r0
	...

87802b78 <__main_from_arm>:
87802b78:	e51ff004 	ldr	pc, [pc, #-4]	; 87802b7c <__main_from_arm+0x4>
87802b7c:	87802b81 	strhi	r2, [r0, r1, lsl #23]

Disassembly of section .text.startup:

87802b80 <main>:
87802b80:	b500      	push	{lr}
87802b82:	b083      	sub	sp, #12
87802b84:	f7fd fdf8 	bl	87800778 <int_init>
87802b88:	f7fd fbca 	bl	87800320 <imx6u_clkinit>
87802b8c:	f7fd fc70 	bl	87800470 <delay_init>
87802b90:	f7fe f8b8 	bl	87800d04 <uart_init>
87802b94:	f7fd fbb4 	bl	87800300 <clk_enable>
87802b98:	f7fd fc28 	bl	878003ec <led_init>
87802b9c:	f7fd fcdc 	bl	87800558 <beep_init>
87802ba0:	f7fd fd0a 	bl	878005b8 <key_init>
87802ba4:	f642 30d8 	movw	r0, #11224	; 0x2bd8
87802ba8:	f2c8 7080 	movt	r0, #34688	; 0x8780
87802bac:	f7fe f992 	bl	87800ed4 <printf>
87802bb0:	f642 4004 	movw	r0, #11268	; 0x2c04
87802bb4:	aa01      	add	r2, sp, #4
87802bb6:	4669      	mov	r1, sp
87802bb8:	f2c8 7080 	movt	r0, #34688	; 0x8780
87802bbc:	f7fe f9ae 	bl	87800f1c <scanf>
87802bc0:	9b00      	ldr	r3, [sp, #0]
87802bc2:	f642 400c 	movw	r0, #11276	; 0x2c0c
87802bc6:	9a01      	ldr	r2, [sp, #4]
87802bc8:	f2c8 7080 	movt	r0, #34688	; 0x8780
87802bcc:	4619      	mov	r1, r3
87802bce:	4413      	add	r3, r2
87802bd0:	f7fe f980 	bl	87800ed4 <printf>
87802bd4:	e7e6      	b.n	87802ba4 <main+0x24>
87802bd6:	bf00      	nop

Disassembly of section .rodata:

87802bd8 <CSWTCH.8-0x50>:
87802bd8:	e593bee8 	ldr	fp, [r3, #3816]	; 0xee8
87802bdc:	b8e4a585 	stmialt	r4!, {r0, r2, r7, r8, sl, sp, pc}^
87802be0:	aab8e4a4 	bge	8663be78 <shift+0x8663be78>
87802be4:	e6b495e6 	ldrt	r9, [r4], r6, ror #11
87802be8:	bcefb095 	stcllt	0, cr11, [pc], #596	; 87802e44 <irqTable+0xdc>
87802bec:	bfbde48c 	svclt	0x00bde48c
87802bf0:	e7a894e7 	str	r9, [r8, r7, ror #9]!
87802bf4:	a0e6baa9 	rscge	fp, r6, r9, lsr #21
87802bf8:	949ae9bc 	ldrls	lr, [sl], #2492	; 0x9bc
87802bfc:	3a80bce5 	bcc	85831f98 <shift+0x85831f98>
87802c00:	00000000 	andeq	r0, r0, r0
87802c04:	25206425 	strcs	r6, [r0, #-1061]!	; 0x425
87802c08:	00000064 	andeq	r0, r0, r4, rrx
87802c0c:	95e60a0d 	strbls	r0, [r6, #2573]!	; 0xa0d
87802c10:	ae8de6b0 	mcrge	6, 4, lr, cr13, cr0, {5}
87802c14:	2b206425 	blcs	8801bcb0 <__bss_end+0x818240>
87802c18:	20642520 	rsbcs	r2, r4, r0, lsr #10
87802c1c:	6425203d 	strtvs	r2, [r5], #-61	; 0x3d
87802c20:	0a0d0a0d 	beq	87b4545c <__bss_end+0x3419ec>
87802c24:	00000000 	andeq	r0, r0, r0

87802c28 <CSWTCH.8>:
87802c28:	00000004 	andeq	r0, r0, r4
87802c2c:	00000003 	andeq	r0, r0, r3
87802c30:	00000002 	andeq	r0, r0, r2
87802c34:	00000001 	andeq	r0, r0, r1
87802c38:	00000000 	andeq	r0, r0, r0
87802c3c:	00000006 	andeq	r0, r0, r6

87802c40 <digits.7613>:
87802c40:	33323130 	teqcc	r2, #48, 2
87802c44:	37363534 			; <UNDEFINED> instruction: 0x37363534
87802c48:	42413938 	submi	r3, r1, #56, 18	; 0xe0000
87802c4c:	46454443 	strbmi	r4, [r5], -r3, asr #8
87802c50:	4c554e3c 	mrrcmi	14, 3, r4, r5, cr12
87802c54:	00003e4c 	andeq	r3, r0, ip, asr #28

Disassembly of section .ARM.exidx:

87802c58 <.ARM.exidx>:
87802c58:	7ffffe04 	svcvc	0x00fffe04
87802c5c:	00000001 	andeq	r0, r0, r1

Disassembly of section .data:

87802c60 <release.7468>:
87802c60:	00000001 	andeq	r0, r0, r1

87802c64 <_ctype>:
87802c64:	08080808 	stmdaeq	r8, {r3, fp}
87802c68:	08080808 	stmdaeq	r8, {r3, fp}
87802c6c:	28282808 	stmdacs	r8!, {r3, fp, sp}
87802c70:	08082828 	stmdaeq	r8, {r3, r5, fp, sp}
87802c74:	08080808 	stmdaeq	r8, {r3, fp}
87802c78:	08080808 	stmdaeq	r8, {r3, fp}
87802c7c:	08080808 	stmdaeq	r8, {r3, fp}
87802c80:	08080808 	stmdaeq	r8, {r3, fp}
87802c84:	101010a0 	andsne	r1, r0, r0, lsr #1
87802c88:	10101010 	andsne	r1, r0, r0, lsl r0
87802c8c:	10101010 	andsne	r1, r0, r0, lsl r0
87802c90:	10101010 	andsne	r1, r0, r0, lsl r0
87802c94:	04040404 	streq	r0, [r4], #-1028	; 0x404
87802c98:	04040404 	streq	r0, [r4], #-1028	; 0x404
87802c9c:	10100404 	andsne	r0, r0, r4, lsl #8
87802ca0:	10101010 	andsne	r1, r0, r0, lsl r0
87802ca4:	41414110 	cmpmi	r1, r0, lsl r1
87802ca8:	01414141 	cmpeq	r1, r1, asr #2
87802cac:	01010101 	tsteq	r1, r1, lsl #2
87802cb0:	01010101 	tsteq	r1, r1, lsl #2
87802cb4:	01010101 	tsteq	r1, r1, lsl #2
87802cb8:	01010101 	tsteq	r1, r1, lsl #2
87802cbc:	10010101 	andne	r0, r1, r1, lsl #2
87802cc0:	10101010 	andsne	r1, r0, r0, lsl r0
87802cc4:	42424210 	submi	r4, r2, #16, 4
87802cc8:	02424242 	subeq	r4, r2, #536870916	; 0x20000004
87802ccc:	02020202 	andeq	r0, r2, #536870912	; 0x20000000
87802cd0:	02020202 	andeq	r0, r2, #536870912	; 0x20000000
87802cd4:	02020202 	andeq	r0, r2, #536870912	; 0x20000000
87802cd8:	02020202 	andeq	r0, r2, #536870912	; 0x20000000
87802cdc:	10020202 	andne	r0, r2, r2, lsl #4
87802ce0:	08101010 	ldmdaeq	r0, {r4, ip}
	...
87802d04:	101010a0 	andsne	r1, r0, r0, lsr #1
87802d08:	10101010 	andsne	r1, r0, r0, lsl r0
87802d0c:	10101010 	andsne	r1, r0, r0, lsl r0
87802d10:	10101010 	andsne	r1, r0, r0, lsl r0
87802d14:	10101010 	andsne	r1, r0, r0, lsl r0
87802d18:	10101010 	andsne	r1, r0, r0, lsl r0
87802d1c:	10101010 	andsne	r1, r0, r0, lsl r0
87802d20:	10101010 	andsne	r1, r0, r0, lsl r0
87802d24:	01010101 	tsteq	r1, r1, lsl #2
87802d28:	01010101 	tsteq	r1, r1, lsl #2
87802d2c:	01010101 	tsteq	r1, r1, lsl #2
87802d30:	01010101 	tsteq	r1, r1, lsl #2
87802d34:	01010101 	tsteq	r1, r1, lsl #2
87802d38:	10010101 	andne	r0, r1, r1, lsl #2
87802d3c:	01010101 	tsteq	r1, r1, lsl #2
87802d40:	02010101 	andeq	r0, r1, #1073741824	; 0x40000000
87802d44:	02020202 	andeq	r0, r2, #536870912	; 0x20000000
87802d48:	02020202 	andeq	r0, r2, #536870912	; 0x20000000
87802d4c:	02020202 	andeq	r0, r2, #536870912	; 0x20000000
87802d50:	02020202 	andeq	r0, r2, #536870912	; 0x20000000
87802d54:	02020202 	andeq	r0, r2, #536870912	; 0x20000000
87802d58:	10020202 	andne	r0, r2, r2, lsl #4
87802d5c:	02020202 	andeq	r0, r2, #536870912	; 0x20000000
87802d60:	02020202 	andeq	r0, r2, #536870912	; 0x20000000

Disassembly of section .bss:

87802d64 <irqNesting>:
87802d64:	00000000 	andeq	r0, r0, r0

87802d68 <irqTable>:
	...

87803268 <state.7482>:
	...

87803269 <state.7437>:
	...

8780326a <state.7487>:
	...

8780326c <g_pcOutBuf>:
	...

8780366c <g_pcInBuf>:
	...

87803a6c <___strtok>:
87803a6c:	00000000 	andeq	r0, r0, r0

Disassembly of section .ARM.attributes:

00000000 <.ARM.attributes>:
   0:	00003041 	andeq	r3, r0, r1, asr #32
   4:	61656100 	cmnvs	r5, r0, lsl #2
   8:	01006962 	tsteq	r0, r2, ror #18
   c:	00000026 	andeq	r0, r0, r6, lsr #32
  10:	412d3705 	teqmi	sp, r5, lsl #14
  14:	070a0600 	streq	r0, [sl, -r0, lsl #12]
  18:	09010841 	stmdbeq	r1, {r0, r6, fp}
  1c:	12040a02 	andne	r0, r4, #8192	; 0x2000
  20:	15011404 	strne	r1, [r1, #-1028]	; 0x404
  24:	18031701 	stmdane	r3, {r0, r8, r9, sl, ip}
  28:	1b021a01 	blne	86834 <shift+0x86834>
  2c:	22011c03 	andcs	r1, r1, #768	; 0x300
  30:	地址 0x0000000000000030 越界。


Disassembly of section .comment:

00000000 <.comment>:
   0:	3a434347 	bcc	10d0d24 <shift+0x10d0d24>
   4:	694c2820 	stmdbvs	ip, {r5, fp, sp}^
   8:	6f72616e 	svcvs	0x0072616e
   c:	43434720 	movtmi	r4, #14112	; 0x3720
  10:	392e3420 	stmdbcc	lr!, {r5, sl, ip, sp}
  14:	3130322d 	teqcc	r0, sp, lsr #4
  18:	31302e37 	teqcc	r0, r7, lsr lr
  1c:	2e342029 	cdpcs	0, 3, cr2, cr4, cr9, {1}
  20:	00342e39 	eorseq	r2, r4, r9, lsr lr

Disassembly of section .debug_frame:

00000000 <.debug_frame>:
   0:	0000000c 	andeq	r0, r0, ip
   4:	ffffffff 			; <UNDEFINED> instruction: 0xffffffff
   8:	7c010001 	stcvc	0, cr0, [r1], {1}
   c:	000d0c0e 	andeq	r0, sp, lr, lsl #24
  10:	0000000c 	andeq	r0, r0, ip
  14:	00000000 	andeq	r0, r0, r0
  18:	878027a9 	strhi	r2, [r0, r9, lsr #15]
  1c:	0000025c 	andeq	r0, r0, ip, asr r2
  20:	0000000c 	andeq	r0, r0, ip
  24:	ffffffff 			; <UNDEFINED> instruction: 0xffffffff
  28:	7c020001 	stcvc	0, cr0, [r2], {1}
  2c:	000d0c0e 	andeq	r0, sp, lr, lsl #24
  30:	00000018 	andeq	r0, r0, r8, lsl r0
  34:	00000020 	andeq	r0, r0, r0, lsr #32
  38:	87802a20 	strhi	r2, [r0, r0, lsr #20]
  3c:	00000030 	andeq	r0, r0, r0, lsr r0
  40:	8e100e50 	mrchi	14, 0, r0, cr0, cr0, {2}
  44:	0ece4703 	cdpeq	7, 12, cr4, cr14, cr3, {0}
  48:	00000010 	andeq	r0, r0, r0, lsl r0
  4c:	0000000c 	andeq	r0, r0, ip
  50:	ffffffff 			; <UNDEFINED> instruction: 0xffffffff
  54:	7c020001 	stcvc	0, cr0, [r2], {1}
  58:	000d0c0e 	andeq	r0, sp, lr, lsl #24
  5c:	00000020 	andeq	r0, r0, r0, lsr #32
  60:	0000004c 	andeq	r0, r0, ip, asr #32
  64:	87802a5c 			; <UNDEFINED> instruction: 0x87802a5c
  68:	00000116 	andeq	r0, r0, r6, lsl r1
  6c:	841c0e42 	ldrhi	r0, [ip], #-3650	; 0xe42
  70:	86068507 	strhi	r8, [r6], -r7, lsl #10
  74:	88048705 	stmdahi	r4, {r0, r2, r8, r9, sl, pc}
  78:	8e028903 	cdphi	9, 0, cr8, cr2, cr3, {0}
  7c:	00000001 	andeq	r0, r0, r1

Disassembly of section .debug_line:

00000000 <.debug_line>:
   0:	00000100 	andeq	r0, r0, r0, lsl #2
   4:	00c70002 	sbceq	r0, r7, r2
   8:	01020000 	mrseq	r0, (UNDEF: 2)
   c:	000d0efb 	strdeq	r0, [sp], -fp
  10:	01010101 	tsteq	r1, r1, lsl #2
  14:	01000000 	mrseq	r0, (UNDEF: 0)
  18:	2f010000 	svccs	0x00010000
  1c:	656d6f68 	strbvs	r6, [sp, #-3944]!	; 0xf68
  20:	7763742f 	strbvc	r7, [r3, -pc, lsr #8]!
  24:	75622d67 	strbvc	r2, [r2, #-3431]!	; 0xd67
  28:	73646c69 	cmnvc	r4, #26880	; 0x6900
  2c:	6576616c 	ldrbvs	r6, [r6, #-364]!	; 0x16c
  30:	726f772f 	rsbvc	r7, pc, #12320768	; 0xbc0000
  34:	6170736b 	cmnvs	r0, fp, ror #6
  38:	742f6563 	strtvc	r6, [pc], #-1379	; 40 <shift+0x40>
  3c:	2d677763 	stclcs	7, cr7, [r7, #-396]!	; 0xfffffe74
  40:	656b616d 	strbvs	r6, [fp, #-365]!	; 0x16d
  44:	6c65722d 	sfmvs	f7, 2, [r5], #-180	; 0xffffff4c
  48:	65736165 	ldrbvs	r6, [r3, #-357]!	; 0x165
  4c:	62616c2f 	rsbvs	r6, r1, #12032	; 0x2f00
  50:	642f6c65 	strtvs	r6, [pc], #-3173	; 58 <shift+0x58>
  54:	656b636f 	strbvs	r6, [fp, #-879]!	; 0x36f
  58:	72742d72 	rsbsvc	r2, r4, #7296	; 0x1c80
  5c:	79747375 	ldmdbvc	r4!, {r0, r2, r4, r5, r6, r8, r9, ip, sp, lr}^
  60:	646d612d 	strbtvs	r6, [sp], #-301	; 0x12d
  64:	742d3436 	strtvc	r3, [sp], #-1078	; 0x436
  68:	2d677763 	stclcs	7, cr7, [r7, #-396]!	; 0xfffffe74
  6c:	6c697562 	cfstr64vs	mvdx7, [r9], #-392	; 0xfffffe78
  70:	61742f64 	cmnvs	r4, r4, ror #30
  74:	74656772 	strbtvc	r6, [r5], #-1906	; 0x772
  78:	6d72612f 	ldfvse	f6, [r2, #-188]!	; 0xffffff44
  7c:	6e696c2d 	cdpvs	12, 6, cr6, cr9, cr13, {1}
  80:	672d7875 			; <UNDEFINED> instruction: 0x672d7875
  84:	6165756e 	cmnvs	r5, lr, ror #10
  88:	66686962 	strbtvs	r6, [r8], -r2, ror #18
  8c:	616e732f 	cmnvs	lr, pc, lsr #6
  90:	6f687370 	svcvs	0x00687370
  94:	672f7374 			; <UNDEFINED> instruction: 0x672f7374
  98:	6c2d6363 	stcvs	3, cr6, [sp], #-396	; 0xfffffe74
  9c:	72616e69 	rsbvc	r6, r1, #1680	; 0x690
  a0:	2e342d6f 	cdpcs	13, 3, cr2, cr4, cr15, {3}
  a4:	30322d39 	eorscc	r2, r2, r9, lsr sp
  a8:	302e3731 	eorcc	r3, lr, r1, lsr r7
  ac:	696c2f31 	stmdbvs	ip!, {r0, r4, r5, r8, r9, sl, fp, sp}^
  b0:	63636762 	cmnvs	r3, #25690112	; 0x1880000
  b4:	6e6f632f 	cdpvs	3, 6, cr6, cr15, cr15, {1}
  b8:	2f676966 	svccs	0x00676966
  bc:	006d7261 	rsbeq	r7, sp, r1, ror #4
  c0:	62696c00 	rsbvs	r6, r9, #0, 24
  c4:	6e756631 	mrcvs	6, 3, r6, cr5, cr1, {1}
  c8:	532e7363 	teqpl	lr, #-1946157055	; 0x8c000001
  cc:	00000100 	andeq	r0, r0, r0, lsl #2
  d0:	02050000 	andeq	r0, r5, #0
  d4:	878027a8 	strhi	r2, [r0, r8, lsr #15]
  d8:	0107cf03 	tsteq	r7, r3, lsl #30
  dc:	2f212121 	svccs	0x00212121
  e0:	30212f21 	eorcc	r2, r1, r1, lsr #30
  e4:	14029102 	strne	r9, [r2], #-258	; 0x102
  e8:	21212221 	teqcs	r1, r1, lsr #4
  ec:	2f4c2221 	svccs	0x004c2221
  f0:	207aeb03 	rsbscs	lr, sl, r3, lsl #22
  f4:	5805af03 	stmdapl	r5, {r0, r1, r8, r9, sl, fp, sp, pc}
  f8:	2f2f2121 	svccs	0x002f2121
  fc:	022f2f2f 	eoreq	r2, pc, #47, 30	; 0xbc
 100:	01010001 	tsteq	r1, r1
 104:	000000dd 	ldrdeq	r0, [r0], -sp
 108:	00c30002 	sbceq	r0, r3, r2
 10c:	01020000 	mrseq	r0, (UNDEF: 2)
 110:	000d0efb 	strdeq	r0, [sp], -fp
 114:	01010101 	tsteq	r1, r1, lsl #2
 118:	01000000 	mrseq	r0, (UNDEF: 0)
 11c:	2f010000 	svccs	0x00010000
 120:	656d6f68 	strbvs	r6, [sp, #-3944]!	; 0xf68
 124:	7763742f 	strbvc	r7, [r3, -pc, lsr #8]!
 128:	75622d67 	strbvc	r2, [r2, #-3431]!	; 0xd67
 12c:	73646c69 	cmnvc	r4, #26880	; 0x6900
 130:	6576616c 	ldrbvs	r6, [r6, #-364]!	; 0x16c
 134:	726f772f 	rsbvc	r7, pc, #12320768	; 0xbc0000
 138:	6170736b 	cmnvs	r0, fp, ror #6
 13c:	742f6563 	strtvc	r6, [pc], #-1379	; 144 <shift+0x144>
 140:	2d677763 	stclcs	7, cr7, [r7, #-396]!	; 0xfffffe74
 144:	656b616d 	strbvs	r6, [fp, #-365]!	; 0x16d
 148:	6c65722d 	sfmvs	f7, 2, [r5], #-180	; 0xffffff4c
 14c:	65736165 	ldrbvs	r6, [r3, #-357]!	; 0x165
 150:	62616c2f 	rsbvs	r6, r1, #12032	; 0x2f00
 154:	642f6c65 	strtvs	r6, [pc], #-3173	; 15c <shift+0x15c>
 158:	656b636f 	strbvs	r6, [fp, #-879]!	; 0x36f
 15c:	72742d72 	rsbsvc	r2, r4, #7296	; 0x1c80
 160:	79747375 	ldmdbvc	r4!, {r0, r2, r4, r5, r6, r8, r9, ip, sp, lr}^
 164:	646d612d 	strbtvs	r6, [sp], #-301	; 0x12d
 168:	742d3436 	strtvc	r3, [sp], #-1078	; 0x436
 16c:	2d677763 	stclcs	7, cr7, [r7, #-396]!	; 0xfffffe74
 170:	6c697562 	cfstr64vs	mvdx7, [r9], #-392	; 0xfffffe78
 174:	61742f64 	cmnvs	r4, r4, ror #30
 178:	74656772 	strbtvc	r6, [r5], #-1906	; 0x772
 17c:	6d72612f 	ldfvse	f6, [r2, #-188]!	; 0xffffff44
 180:	6e696c2d 	cdpvs	12, 6, cr6, cr9, cr13, {1}
 184:	672d7875 			; <UNDEFINED> instruction: 0x672d7875
 188:	6165756e 	cmnvs	r5, lr, ror #10
 18c:	66686962 	strbtvs	r6, [r8], -r2, ror #18
 190:	616e732f 	cmnvs	lr, pc, lsr #6
 194:	6f687370 	svcvs	0x00687370
 198:	672f7374 			; <UNDEFINED> instruction: 0x672f7374
 19c:	6c2d6363 	stcvs	3, cr6, [sp], #-396	; 0xfffffe74
 1a0:	72616e69 	rsbvc	r6, r1, #1680	; 0x690
 1a4:	2e342d6f 	cdpcs	13, 3, cr2, cr4, cr15, {3}
 1a8:	30322d39 	eorscc	r2, r2, r9, lsr sp
 1ac:	302e3731 	eorcc	r3, lr, r1, lsr r7
 1b0:	696c2f31 	stmdbvs	ip!, {r0, r4, r5, r8, r9, sl, fp, sp}^
 1b4:	63636762 	cmnvs	r3, #25690112	; 0x1880000
 1b8:	6e6f632f 	cdpvs	3, 6, cr6, cr15, cr15, {1}
 1bc:	2f676966 	svccs	0x00676966
 1c0:	006d7261 	rsbeq	r7, sp, r1, ror #4
 1c4:	61706200 	cmnvs	r0, r0, lsl #4
 1c8:	532e6962 	teqpl	lr, #1605632	; 0x188000
 1cc:	00000100 	andeq	r0, r0, r0, lsl #2
 1d0:	02050000 	andeq	r0, r5, #0
 1d4:	87802a20 	strhi	r2, [r0, r0, lsr #20]
 1d8:	0101fd03 	tsteq	r1, r3, lsl #26
 1dc:	592f4cbc 	stmdbpl	pc!, {r2, r3, r4, r5, r7, sl, fp, lr}	; <UNPREDICTABLE>
 1e0:	01000102 	tsteq	r0, r2, lsl #2
 1e4:	0000e301 	andeq	lr, r0, r1, lsl #6
 1e8:	c7000200 	strgt	r0, [r0, -r0, lsl #4]
 1ec:	02000000 	andeq	r0, r0, #0
 1f0:	0d0efb01 	vstreq	d15, [lr, #-4]
 1f4:	01010100 	mrseq	r0, (UNDEF: 17)
 1f8:	00000001 	andeq	r0, r0, r1
 1fc:	01000001 	tsteq	r0, r1
 200:	6d6f682f 	stclvs	8, cr6, [pc, #-188]!	; 14c <shift+0x14c>
 204:	63742f65 	cmnvs	r4, #404	; 0x194
 208:	622d6777 	eorvs	r6, sp, #31195136	; 0x1dc0000
 20c:	646c6975 	strbtvs	r6, [ip], #-2421	; 0x975
 210:	76616c73 			; <UNDEFINED> instruction: 0x76616c73
 214:	6f772f65 	svcvs	0x00772f65
 218:	70736b72 	rsbsvc	r6, r3, r2, ror fp
 21c:	2f656361 	svccs	0x00656361
 220:	67776374 			; <UNDEFINED> instruction: 0x67776374
 224:	6b616d2d 	blvs	185b6e0 <shift+0x185b6e0>
 228:	65722d65 	ldrbvs	r2, [r2, #-3429]!	; 0xd65
 22c:	7361656c 	cmnvc	r1, #108, 10	; 0x1b000000
 230:	616c2f65 	cmnvs	ip, r5, ror #30
 234:	2f6c6562 	svccs	0x006c6562
 238:	6b636f64 	blvs	18dbfd0 <shift+0x18dbfd0>
 23c:	742d7265 	strtvc	r7, [sp], #-613	; 0x265
 240:	74737572 	ldrbtvc	r7, [r3], #-1394	; 0x572
 244:	6d612d79 	stclvs	13, cr2, [r1, #-484]!	; 0xfffffe1c
 248:	2d343664 	ldccs	6, cr3, [r4, #-400]!	; 0xfffffe70
 24c:	67776374 			; <UNDEFINED> instruction: 0x67776374
 250:	6975622d 	ldmdbvs	r5!, {r0, r2, r3, r5, r9, sp, lr}^
 254:	742f646c 	strtvc	r6, [pc], #-1132	; 25c <shift+0x25c>
 258:	65677261 	strbvs	r7, [r7, #-609]!	; 0x261
 25c:	72612f74 	rsbvc	r2, r1, #116, 30	; 0x1d0
 260:	696c2d6d 	stmdbvs	ip!, {r0, r2, r3, r5, r6, r8, sl, fp, sp}^
 264:	2d78756e 	cfldr64cs	mvdx7, [r8, #-440]!	; 0xfffffe48
 268:	65756e67 	ldrbvs	r6, [r5, #-3687]!	; 0xe67
 26c:	68696261 	stmdavs	r9!, {r0, r5, r6, r9, sp, lr}^
 270:	6e732f66 	cdpvs	15, 7, cr2, cr3, cr6, {3}
 274:	68737061 	ldmdavs	r3!, {r0, r5, r6, ip, sp, lr}^
 278:	2f73746f 	svccs	0x0073746f
 27c:	2d636367 	stclcs	3, cr6, [r3, #-412]!	; 0xfffffe64
 280:	616e696c 	cmnvs	lr, ip, ror #18
 284:	342d6f72 	strtcc	r6, [sp], #-3954	; 0xf72
 288:	322d392e 	eorcc	r3, sp, #753664	; 0xb8000
 28c:	2e373130 	mrccs	1, 1, r3, cr7, cr0, {1}
 290:	6c2f3130 	stfvss	f3, [pc], #-192	; 1d8 <shift+0x1d8>
 294:	63676269 	cmnvs	r7, #-1879048186	; 0x90000006
 298:	6f632f63 	svcvs	0x00632f63
 29c:	6769666e 	strbvs	r6, [r9, -lr, ror #12]!
 2a0:	6d72612f 	ldfvse	f6, [r2, #-188]!	; 0xffffff44
 2a4:	696c0000 	stmdbvs	ip!, {}^	; <UNPREDICTABLE>
 2a8:	75663162 	strbvc	r3, [r6, #-354]!	; 0x162
 2ac:	2e73636e 	cdpcs	3, 7, cr6, cr3, cr14, {3}
 2b0:	00010053 	andeq	r0, r1, r3, asr r0
 2b4:	05000000 	streq	r0, [r0, #-0]
 2b8:	802a5002 	eorhi	r5, sl, r2
 2bc:	0ab00387 	beq	fec010e0 <__bss_end+0x773fd670>
 2c0:	032f2101 	teqeq	pc, #1073741824	; 0x40000000
 2c4:	022e77bb 	eoreq	r7, lr, #49020928	; 0x2ec0000
 2c8:	01010001 	tsteq	r1, r1
 2cc:	00000113 	andeq	r0, r0, r3, lsl r1
 2d0:	00c70002 	sbceq	r0, r7, r2
 2d4:	01020000 	mrseq	r0, (UNDEF: 2)
 2d8:	000d0efb 	strdeq	r0, [sp], -fp
 2dc:	01010101 	tsteq	r1, r1, lsl #2
 2e0:	01000000 	mrseq	r0, (UNDEF: 0)
 2e4:	2f010000 	svccs	0x00010000
 2e8:	656d6f68 	strbvs	r6, [sp, #-3944]!	; 0xf68
 2ec:	7763742f 	strbvc	r7, [r3, -pc, lsr #8]!
 2f0:	75622d67 	strbvc	r2, [r2, #-3431]!	; 0xd67
 2f4:	73646c69 	cmnvc	r4, #26880	; 0x6900
 2f8:	6576616c 	ldrbvs	r6, [r6, #-364]!	; 0x16c
 2fc:	726f772f 	rsbvc	r7, pc, #12320768	; 0xbc0000
 300:	6170736b 	cmnvs	r0, fp, ror #6
 304:	742f6563 	strtvc	r6, [pc], #-1379	; 30c <shift+0x30c>
 308:	2d677763 	stclcs	7, cr7, [r7, #-396]!	; 0xfffffe74
 30c:	656b616d 	strbvs	r6, [fp, #-365]!	; 0x16d
 310:	6c65722d 	sfmvs	f7, 2, [r5], #-180	; 0xffffff4c
 314:	65736165 	ldrbvs	r6, [r3, #-357]!	; 0x165
 318:	62616c2f 	rsbvs	r6, r1, #12032	; 0x2f00
 31c:	642f6c65 	strtvs	r6, [pc], #-3173	; 324 <shift+0x324>
 320:	656b636f 	strbvs	r6, [fp, #-879]!	; 0x36f
 324:	72742d72 	rsbsvc	r2, r4, #7296	; 0x1c80
 328:	79747375 	ldmdbvc	r4!, {r0, r2, r4, r5, r6, r8, r9, ip, sp, lr}^
 32c:	646d612d 	strbtvs	r6, [sp], #-301	; 0x12d
 330:	742d3436 	strtvc	r3, [sp], #-1078	; 0x436
 334:	2d677763 	stclcs	7, cr7, [r7, #-396]!	; 0xfffffe74
 338:	6c697562 	cfstr64vs	mvdx7, [r9], #-392	; 0xfffffe78
 33c:	61742f64 	cmnvs	r4, r4, ror #30
 340:	74656772 	strbtvc	r6, [r5], #-1906	; 0x772
 344:	6d72612f 	ldfvse	f6, [r2, #-188]!	; 0xffffff44
 348:	6e696c2d 	cdpvs	12, 6, cr6, cr9, cr13, {1}
 34c:	672d7875 			; <UNDEFINED> instruction: 0x672d7875
 350:	6165756e 	cmnvs	r5, lr, ror #10
 354:	66686962 	strbtvs	r6, [r8], -r2, ror #18
 358:	616e732f 	cmnvs	lr, pc, lsr #6
 35c:	6f687370 	svcvs	0x00687370
 360:	672f7374 			; <UNDEFINED> instruction: 0x672f7374
 364:	6c2d6363 	stcvs	3, cr6, [sp], #-396	; 0xfffffe74
 368:	72616e69 	rsbvc	r6, r1, #1680	; 0x690
 36c:	2e342d6f 	cdpcs	13, 3, cr2, cr4, cr15, {3}
 370:	30322d39 	eorscc	r2, r2, r9, lsr sp
 374:	302e3731 	eorcc	r3, lr, r1, lsr r7
 378:	696c2f31 	stmdbvs	ip!, {r0, r4, r5, r8, r9, sl, fp, sp}^
 37c:	63636762 	cmnvs	r3, #25690112	; 0x1880000
 380:	696c0000 	stmdbvs	ip!, {}^	; <UNPREDICTABLE>
 384:	63636762 	cmnvs	r3, #25690112	; 0x1880000
 388:	00632e32 	rsbeq	r2, r3, r2, lsr lr
 38c:	6c000001 	stcvs	0, cr0, [r0], {1}
 390:	63676269 	cmnvs	r7, #-1879048186	; 0x90000006
 394:	682e3263 	stmdavs	lr!, {r0, r1, r5, r6, r9, ip, sp}
 398:	00000100 	andeq	r0, r0, r0, lsl #2
 39c:	02050000 	andeq	r0, r5, #0
 3a0:	87802a5c 			; <UNDEFINED> instruction: 0x87802a5c
 3a4:	0107b003 	tsteq	r7, r3
 3a8:	200c032e 	andcs	r0, ip, lr, lsr #6
 3ac:	03207403 	teqeq	r0, #50331648	; 0x3000000
 3b0:	74033c0c 	strvc	r3, [r3], #-3084	; 0xc0c
 3b4:	0b03212e 	bleq	c8874 <shift+0xc8874>
 3b8:	4c4b223c 	sfmmi	f2, 2, [fp], {60}	; 0x3c
 3bc:	6803f921 	stmdavs	r3, {r0, r5, r8, fp, ip, sp, lr, pc}
 3c0:	3c18033c 	ldccc	3, cr0, [r8], {60}	; 0x3c
 3c4:	81212d23 	teqhi	r1, r3, lsr #26
 3c8:	86523032 			; <UNDEFINED> instruction: 0x86523032
 3cc:	33304d29 	teqcc	r0, #2624	; 0xa40
 3d0:	214921b9 	strhcs	r2, [r9, #-25]	; 0xffffffe7
 3d4:	21320821 	teqcs	r2, r1, lsr #16
 3d8:	2e550330 	mrccs	3, 2, r0, cr5, cr0, {1}
 3dc:	05024b49 	streq	r4, [r2, #-2889]	; 0xb49
 3e0:	地址 0x00000000000003e0 越界。


Disassembly of section .debug_info:

00000000 <.debug_info>:
   0:	000001bb 			; <UNDEFINED> instruction: 0x000001bb
   4:	00000002 	andeq	r0, r0, r2
   8:	01040000 	mrseq	r0, (UNDEF: 4)
   c:	00000000 	andeq	r0, r0, r0
  10:	878027a8 	strhi	r2, [r0, r8, lsr #15]
  14:	87802a1e 	usada8hi	r0, lr, sl, r2
  18:	6d6f682f 	stclvs	8, cr6, [pc, #-188]!	; ffffff64 <__bss_end+0x787fc4f4>
  1c:	63742f65 	cmnvs	r4, #404	; 0x194
  20:	622d6777 	eorvs	r6, sp, #31195136	; 0x1dc0000
  24:	646c6975 	strbtvs	r6, [ip], #-2421	; 0x975
  28:	76616c73 			; <UNDEFINED> instruction: 0x76616c73
  2c:	6f772f65 	svcvs	0x00772f65
  30:	70736b72 	rsbsvc	r6, r3, r2, ror fp
  34:	2f656361 	svccs	0x00656361
  38:	67776374 			; <UNDEFINED> instruction: 0x67776374
  3c:	6b616d2d 	blvs	185b4f8 <shift+0x185b4f8>
  40:	65722d65 	ldrbvs	r2, [r2, #-3429]!	; 0xd65
  44:	7361656c 	cmnvc	r1, #108, 10	; 0x1b000000
  48:	616c2f65 	cmnvs	ip, r5, ror #30
  4c:	2f6c6562 	svccs	0x006c6562
  50:	6b636f64 	blvs	18dbde8 <shift+0x18dbde8>
  54:	742d7265 	strtvc	r7, [sp], #-613	; 0x265
  58:	74737572 	ldrbtvc	r7, [r3], #-1394	; 0x572
  5c:	6d612d79 	stclvs	13, cr2, [r1, #-484]!	; 0xfffffe1c
  60:	2d343664 	ldccs	6, cr3, [r4, #-400]!	; 0xfffffe70
  64:	67776374 			; <UNDEFINED> instruction: 0x67776374
  68:	6975622d 	ldmdbvs	r5!, {r0, r2, r3, r5, r9, sp, lr}^
  6c:	742f646c 	strtvc	r6, [pc], #-1132	; 74 <shift+0x74>
  70:	65677261 	strbvs	r7, [r7, #-609]!	; 0x261
  74:	72612f74 	rsbvc	r2, r1, #116, 30	; 0x1d0
  78:	696c2d6d 	stmdbvs	ip!, {r0, r2, r3, r5, r6, r8, sl, fp, sp}^
  7c:	2d78756e 	cfldr64cs	mvdx7, [r8, #-440]!	; 0xfffffe48
  80:	65756e67 	ldrbvs	r6, [r5, #-3687]!	; 0xe67
  84:	68696261 	stmdavs	r9!, {r0, r5, r6, r9, sp, lr}^
  88:	6e732f66 	cdpvs	15, 7, cr2, cr3, cr6, {3}
  8c:	68737061 	ldmdavs	r3!, {r0, r5, r6, ip, sp, lr}^
  90:	2f73746f 	svccs	0x0073746f
  94:	2d636367 	stclcs	3, cr6, [r3, #-412]!	; 0xfffffe64
  98:	616e696c 	cmnvs	lr, ip, ror #18
  9c:	342d6f72 	strtcc	r6, [sp], #-3954	; 0xf72
  a0:	322d392e 	eorcc	r3, sp, #753664	; 0xb8000
  a4:	2e373130 	mrccs	1, 1, r3, cr7, cr0, {1}
  a8:	6c2f3130 	stfvss	f3, [pc], #-192	; fffffff0 <__bss_end+0x787fc580>
  ac:	63676269 	cmnvs	r7, #-1879048186	; 0x90000006
  b0:	6f632f63 	svcvs	0x00632f63
  b4:	6769666e 	strbvs	r6, [r9, -lr, ror #12]!
  b8:	6d72612f 	ldfvse	f6, [r2, #-188]!	; 0xffffff44
  bc:	62696c2f 	rsbvs	r6, r9, #12032	; 0x2f00
  c0:	6e756631 	mrcvs	6, 3, r6, cr5, cr1, {1}
  c4:	532e7363 	teqpl	lr, #-1946157055	; 0x8c000001
  c8:	6f682f00 	svcvs	0x00682f00
  cc:	742f656d 	strtvc	r6, [pc], #-1389	; d4 <shift+0xd4>
  d0:	2d677763 	stclcs	7, cr7, [r7, #-396]!	; 0xfffffe74
  d4:	6c697562 	cfstr64vs	mvdx7, [r9], #-392	; 0xfffffe78
  d8:	616c7364 	cmnvs	ip, r4, ror #6
  dc:	772f6576 			; <UNDEFINED> instruction: 0x772f6576
  e0:	736b726f 	cmnvc	fp, #-268435450	; 0xf0000006
  e4:	65636170 	strbvs	r6, [r3, #-368]!	; 0x170
  e8:	7763742f 	strbvc	r7, [r3, -pc, lsr #8]!
  ec:	616d2d67 	cmnvs	sp, r7, ror #26
  f0:	722d656b 	eorvc	r6, sp, #448790528	; 0x1ac00000
  f4:	61656c65 	cmnvs	r5, r5, ror #24
  f8:	6c2f6573 	cfstr32vs	mvfx6, [pc], #-460	; ffffff34 <__bss_end+0x787fc4c4>
  fc:	6c656261 	sfmvs	f6, 2, [r5], #-388	; 0xfffffe7c
 100:	636f642f 	cmnvs	pc, #788529152	; 0x2f000000
 104:	2d72656b 	cfldr64cs	mvdx6, [r2, #-428]!	; 0xfffffe54
 108:	73757274 	cmnvc	r5, #116, 4	; 0x40000007
 10c:	612d7974 	teqvs	sp, r4, ror r9
 110:	3436646d 	ldrtcc	r6, [r6], #-1133	; 0x46d
 114:	7763742d 	strbvc	r7, [r3, -sp, lsr #8]!
 118:	75622d67 	strbvc	r2, [r2, #-3431]!	; 0xd67
 11c:	2f646c69 	svccs	0x00646c69
 120:	67726174 			; <UNDEFINED> instruction: 0x67726174
 124:	612f7465 	teqvs	pc, r5, ror #8
 128:	6c2d6d72 	stcvs	13, cr6, [sp], #-456	; 0xfffffe38
 12c:	78756e69 	ldmdavc	r5!, {r0, r3, r5, r6, r9, sl, fp, sp, lr}^
 130:	756e672d 	strbvc	r6, [lr, #-1837]!	; 0x72d
 134:	69626165 	stmdbvs	r2!, {r0, r2, r5, r6, r8, sp, lr}^
 138:	5f2f6668 	svcpl	0x002f6668
 13c:	6c697562 	cfstr64vs	mvdx7, [r9], #-392	; 0xfffffe78
 140:	75622f64 	strbvc	r2, [r2, #-3940]!	; 0xf64
 144:	73646c69 	cmnvc	r4, #26880	; 0x6900
 148:	3638782f 	ldrtcc	r7, [r8], -pc, lsr #16
 14c:	2d34365f 	ldccs	6, cr3, [r4, #-380]!	; 0xfffffe84
 150:	6e6b6e75 	mcrvs	14, 3, r6, cr11, cr5, {3}
 154:	2d6e776f 	stclcs	7, cr7, [lr, #-444]!	; 0xfffffe44
 158:	756e696c 	strbvc	r6, [lr, #-2412]!	; 0x96c
 15c:	6e672d78 	mcrvs	13, 3, r2, cr7, cr8, {3}
 160:	72612f75 	rsbvc	r2, r1, #468	; 0x1d4
 164:	696c2d6d 	stmdbvs	ip!, {r0, r2, r3, r5, r6, r8, sl, fp, sp}^
 168:	2d78756e 	cfldr64cs	mvdx7, [r8, #-440]!	; 0xfffffe48
 16c:	65756e67 	ldrbvs	r6, [r5, #-3687]!	; 0xe67
 170:	68696261 	stmdavs	r9!, {r0, r5, r6, r9, sp, lr}^
 174:	63672f66 	cmnvs	r7, #408	; 0x198
 178:	696c2d63 	stmdbvs	ip!, {r0, r1, r5, r6, r8, sl, fp, sp}^
 17c:	6f72616e 	svcvs	0x0072616e
 180:	392e342d 	stmdbcc	lr!, {r0, r2, r3, r5, sl, ip, sp}
 184:	3130322d 	teqcc	r0, sp, lsr #4
 188:	31302e37 	teqcc	r0, r7, lsr lr
 18c:	6174732d 	cmnvs	r4, sp, lsr #6
 190:	2f326567 	svccs	0x00326567
 194:	2d6d7261 	sfmcs	f7, 2, [sp, #-388]!	; 0xfffffe7c
 198:	756e696c 	strbvc	r6, [lr, #-2412]!	; 0x96c
 19c:	6e672d78 	mcrvs	13, 3, r2, cr7, cr8, {3}
 1a0:	62616575 	rsbvs	r6, r1, #490733568	; 0x1d400000
 1a4:	2f666869 	svccs	0x00666869
 1a8:	6762696c 	strbvs	r6, [r2, -ip, ror #18]!
 1ac:	47006363 	strmi	r6, [r0, -r3, ror #6]
 1b0:	4120554e 	teqmi	r0, lr, asr #10
 1b4:	2e322053 	mrccs	0, 1, r2, cr2, cr3, {2}
 1b8:	302e3432 	eorcc	r3, lr, r2, lsr r4
 1bc:	b7800100 	strlt	r0, [r0, r0, lsl #2]
 1c0:	02000001 	andeq	r0, r0, #1
 1c4:	00001400 	andeq	r1, r0, r0, lsl #8
 1c8:	04010400 	streq	r0, [r1], #-1024	; 0x400
 1cc:	20000001 	andcs	r0, r0, r1
 1d0:	5087802a 	addpl	r8, r7, sl, lsr #32
 1d4:	2f87802a 	svccs	0x0087802a
 1d8:	656d6f68 	strbvs	r6, [sp, #-3944]!	; 0xf68
 1dc:	7763742f 	strbvc	r7, [r3, -pc, lsr #8]!
 1e0:	75622d67 	strbvc	r2, [r2, #-3431]!	; 0xd67
 1e4:	73646c69 	cmnvc	r4, #26880	; 0x6900
 1e8:	6576616c 	ldrbvs	r6, [r6, #-364]!	; 0x16c
 1ec:	726f772f 	rsbvc	r7, pc, #12320768	; 0xbc0000
 1f0:	6170736b 	cmnvs	r0, fp, ror #6
 1f4:	742f6563 	strtvc	r6, [pc], #-1379	; 1fc <shift+0x1fc>
 1f8:	2d677763 	stclcs	7, cr7, [r7, #-396]!	; 0xfffffe74
 1fc:	656b616d 	strbvs	r6, [fp, #-365]!	; 0x16d
 200:	6c65722d 	sfmvs	f7, 2, [r5], #-180	; 0xffffff4c
 204:	65736165 	ldrbvs	r6, [r3, #-357]!	; 0x165
 208:	62616c2f 	rsbvs	r6, r1, #12032	; 0x2f00
 20c:	642f6c65 	strtvs	r6, [pc], #-3173	; 214 <shift+0x214>
 210:	656b636f 	strbvs	r6, [fp, #-879]!	; 0x36f
 214:	72742d72 	rsbsvc	r2, r4, #7296	; 0x1c80
 218:	79747375 	ldmdbvc	r4!, {r0, r2, r4, r5, r6, r8, r9, ip, sp, lr}^
 21c:	646d612d 	strbtvs	r6, [sp], #-301	; 0x12d
 220:	742d3436 	strtvc	r3, [sp], #-1078	; 0x436
 224:	2d677763 	stclcs	7, cr7, [r7, #-396]!	; 0xfffffe74
 228:	6c697562 	cfstr64vs	mvdx7, [r9], #-392	; 0xfffffe78
 22c:	61742f64 	cmnvs	r4, r4, ror #30
 230:	74656772 	strbtvc	r6, [r5], #-1906	; 0x772
 234:	6d72612f 	ldfvse	f6, [r2, #-188]!	; 0xffffff44
 238:	6e696c2d 	cdpvs	12, 6, cr6, cr9, cr13, {1}
 23c:	672d7875 			; <UNDEFINED> instruction: 0x672d7875
 240:	6165756e 	cmnvs	r5, lr, ror #10
 244:	66686962 	strbtvs	r6, [r8], -r2, ror #18
 248:	616e732f 	cmnvs	lr, pc, lsr #6
 24c:	6f687370 	svcvs	0x00687370
 250:	672f7374 			; <UNDEFINED> instruction: 0x672f7374
 254:	6c2d6363 	stcvs	3, cr6, [sp], #-396	; 0xfffffe74
 258:	72616e69 	rsbvc	r6, r1, #1680	; 0x690
 25c:	2e342d6f 	cdpcs	13, 3, cr2, cr4, cr15, {3}
 260:	30322d39 	eorscc	r2, r2, r9, lsr sp
 264:	302e3731 	eorcc	r3, lr, r1, lsr r7
 268:	696c2f31 	stmdbvs	ip!, {r0, r4, r5, r8, r9, sl, fp, sp}^
 26c:	63636762 	cmnvs	r3, #25690112	; 0x1880000
 270:	6e6f632f 	cdpvs	3, 6, cr6, cr15, cr15, {1}
 274:	2f676966 	svccs	0x00676966
 278:	2f6d7261 	svccs	0x006d7261
 27c:	62617062 	rsbvs	r7, r1, #98	; 0x62
 280:	00532e69 	subseq	r2, r3, r9, ror #28
 284:	6d6f682f 	stclvs	8, cr6, [pc, #-188]!	; 1d0 <shift+0x1d0>
 288:	63742f65 	cmnvs	r4, #404	; 0x194
 28c:	622d6777 	eorvs	r6, sp, #31195136	; 0x1dc0000
 290:	646c6975 	strbtvs	r6, [ip], #-2421	; 0x975
 294:	76616c73 			; <UNDEFINED> instruction: 0x76616c73
 298:	6f772f65 	svcvs	0x00772f65
 29c:	70736b72 	rsbsvc	r6, r3, r2, ror fp
 2a0:	2f656361 	svccs	0x00656361
 2a4:	67776374 			; <UNDEFINED> instruction: 0x67776374
 2a8:	6b616d2d 	blvs	185b764 <shift+0x185b764>
 2ac:	65722d65 	ldrbvs	r2, [r2, #-3429]!	; 0xd65
 2b0:	7361656c 	cmnvc	r1, #108, 10	; 0x1b000000
 2b4:	616c2f65 	cmnvs	ip, r5, ror #30
 2b8:	2f6c6562 	svccs	0x006c6562
 2bc:	6b636f64 	blvs	18dc054 <shift+0x18dc054>
 2c0:	742d7265 	strtvc	r7, [sp], #-613	; 0x265
 2c4:	74737572 	ldrbtvc	r7, [r3], #-1394	; 0x572
 2c8:	6d612d79 	stclvs	13, cr2, [r1, #-484]!	; 0xfffffe1c
 2cc:	2d343664 	ldccs	6, cr3, [r4, #-400]!	; 0xfffffe70
 2d0:	67776374 			; <UNDEFINED> instruction: 0x67776374
 2d4:	6975622d 	ldmdbvs	r5!, {r0, r2, r3, r5, r9, sp, lr}^
 2d8:	742f646c 	strtvc	r6, [pc], #-1132	; 2e0 <shift+0x2e0>
 2dc:	65677261 	strbvs	r7, [r7, #-609]!	; 0x261
 2e0:	72612f74 	rsbvc	r2, r1, #116, 30	; 0x1d0
 2e4:	696c2d6d 	stmdbvs	ip!, {r0, r2, r3, r5, r6, r8, sl, fp, sp}^
 2e8:	2d78756e 	cfldr64cs	mvdx7, [r8, #-440]!	; 0xfffffe48
 2ec:	65756e67 	ldrbvs	r6, [r5, #-3687]!	; 0xe67
 2f0:	68696261 	stmdavs	r9!, {r0, r5, r6, r9, sp, lr}^
 2f4:	625f2f66 	subsvs	r2, pc, #408	; 0x198
 2f8:	646c6975 	strbtvs	r6, [ip], #-2421	; 0x975
 2fc:	6975622f 	ldmdbvs	r5!, {r0, r1, r2, r3, r5, r9, sp, lr}^
 300:	2f73646c 	svccs	0x0073646c
 304:	5f363878 	svcpl	0x00363878
 308:	752d3436 	strvc	r3, [sp, #-1078]!	; 0x436
 30c:	6f6e6b6e 	svcvs	0x006e6b6e
 310:	6c2d6e77 	stcvs	14, cr6, [sp], #-476	; 0xfffffe24
 314:	78756e69 	ldmdavc	r5!, {r0, r3, r5, r6, r9, sl, fp, sp, lr}^
 318:	756e672d 	strbvc	r6, [lr, #-1837]!	; 0x72d
 31c:	6d72612f 	ldfvse	f6, [r2, #-188]!	; 0xffffff44
 320:	6e696c2d 	cdpvs	12, 6, cr6, cr9, cr13, {1}
 324:	672d7875 			; <UNDEFINED> instruction: 0x672d7875
 328:	6165756e 	cmnvs	r5, lr, ror #10
 32c:	66686962 	strbtvs	r6, [r8], -r2, ror #18
 330:	6363672f 	cmnvs	r3, #12320768	; 0xbc0000
 334:	6e696c2d 	cdpvs	12, 6, cr6, cr9, cr13, {1}
 338:	2d6f7261 	sfmcs	f7, 2, [pc, #-388]!	; 1bc <shift+0x1bc>
 33c:	2d392e34 	ldccs	14, cr2, [r9, #-208]!	; 0xffffff30
 340:	37313032 			; <UNDEFINED> instruction: 0x37313032
 344:	2d31302e 	ldccs	0, cr3, [r1, #-184]!	; 0xffffff48
 348:	67617473 			; <UNDEFINED> instruction: 0x67617473
 34c:	612f3265 	teqvs	pc, r5, ror #4
 350:	6c2d6d72 	stcvs	13, cr6, [sp], #-456	; 0xfffffe38
 354:	78756e69 	ldmdavc	r5!, {r0, r3, r5, r6, r9, sl, fp, sp, lr}^
 358:	756e672d 	strbvc	r6, [lr, #-1837]!	; 0x72d
 35c:	69626165 	stmdbvs	r2!, {r0, r2, r5, r6, r8, sp, lr}^
 360:	6c2f6668 	stcvs	6, cr6, [pc], #-416	; 1c8 <shift+0x1c8>
 364:	63676269 	cmnvs	r7, #-1879048186	; 0x90000006
 368:	4e470063 	cdpmi	0, 4, cr0, cr7, cr3, {3}
 36c:	53412055 	movtpl	r2, #4181	; 0x1055
 370:	322e3220 	eorcc	r3, lr, #32, 4
 374:	00302e34 	eorseq	r2, r0, r4, lsr lr
 378:	01bb8001 			; <UNDEFINED> instruction: 0x01bb8001
 37c:	00020000 	andeq	r0, r2, r0
 380:	00000028 	andeq	r0, r0, r8, lsr #32
 384:	01e50104 	mvneq	r0, r4, lsl #2
 388:	2a500000 	bcs	1400390 <shift+0x1400390>
 38c:	2a5c8780 	bcs	1722194 <shift+0x1722194>
 390:	682f8780 	stmdavs	pc!, {r7, r8, r9, sl, pc}	; <UNPREDICTABLE>
 394:	2f656d6f 	svccs	0x00656d6f
 398:	67776374 			; <UNDEFINED> instruction: 0x67776374
 39c:	6975622d 	ldmdbvs	r5!, {r0, r2, r3, r5, r9, sp, lr}^
 3a0:	6c73646c 	cfldrdvs	mvd6, [r3], #-432	; 0xfffffe50
 3a4:	2f657661 	svccs	0x00657661
 3a8:	6b726f77 	blvs	1c9c18c <shift+0x1c9c18c>
 3ac:	63617073 	cmnvs	r1, #115	; 0x73
 3b0:	63742f65 	cmnvs	r4, #404	; 0x194
 3b4:	6d2d6777 	stcvs	7, cr6, [sp, #-476]!	; 0xfffffe24
 3b8:	2d656b61 	fstmdbxcs	r5!, {d22-d69}	;@ Deprecated
 3bc:	656c6572 	strbvs	r6, [ip, #-1394]!	; 0x572
 3c0:	2f657361 	svccs	0x00657361
 3c4:	6562616c 	strbvs	r6, [r2, #-364]!	; 0x16c
 3c8:	6f642f6c 	svcvs	0x00642f6c
 3cc:	72656b63 	rsbvc	r6, r5, #101376	; 0x18c00
 3d0:	7572742d 	ldrbvc	r7, [r2, #-1069]!	; 0x42d
 3d4:	2d797473 	cfldrdcs	mvd7, [r9, #-460]!	; 0xfffffe34
 3d8:	36646d61 	strbtcc	r6, [r4], -r1, ror #26
 3dc:	63742d34 	cmnvs	r4, #52, 26	; 0xd00
 3e0:	622d6777 	eorvs	r6, sp, #31195136	; 0x1dc0000
 3e4:	646c6975 	strbtvs	r6, [ip], #-2421	; 0x975
 3e8:	7261742f 	rsbvc	r7, r1, #788529152	; 0x2f000000
 3ec:	2f746567 	svccs	0x00746567
 3f0:	2d6d7261 	sfmcs	f7, 2, [sp, #-388]!	; 0xfffffe7c
 3f4:	756e696c 	strbvc	r6, [lr, #-2412]!	; 0x96c
 3f8:	6e672d78 	mcrvs	13, 3, r2, cr7, cr8, {3}
 3fc:	62616575 	rsbvs	r6, r1, #490733568	; 0x1d400000
 400:	2f666869 	svccs	0x00666869
 404:	70616e73 	rsbvc	r6, r1, r3, ror lr
 408:	746f6873 	strbtvc	r6, [pc], #-2163	; 410 <shift+0x410>
 40c:	63672f73 	cmnvs	r7, #460	; 0x1cc
 410:	696c2d63 	stmdbvs	ip!, {r0, r1, r5, r6, r8, sl, fp, sp}^
 414:	6f72616e 	svcvs	0x0072616e
 418:	392e342d 	stmdbcc	lr!, {r0, r2, r3, r5, sl, ip, sp}
 41c:	3130322d 	teqcc	r0, sp, lsr #4
 420:	31302e37 	teqcc	r0, r7, lsr lr
 424:	62696c2f 	rsbvs	r6, r9, #12032	; 0x2f00
 428:	2f636367 	svccs	0x00636367
 42c:	666e6f63 	strbtvs	r6, [lr], -r3, ror #30
 430:	612f6769 	teqvs	pc, r9, ror #14
 434:	6c2f6d72 	stcvs	13, cr6, [pc], #-456	; 274 <shift+0x274>
 438:	66316269 	ldrtvs	r6, [r1], -r9, ror #4
 43c:	73636e75 	cmnvc	r3, #1872	; 0x750
 440:	2f00532e 	svccs	0x0000532e
 444:	656d6f68 	strbvs	r6, [sp, #-3944]!	; 0xf68
 448:	7763742f 	strbvc	r7, [r3, -pc, lsr #8]!
 44c:	75622d67 	strbvc	r2, [r2, #-3431]!	; 0xd67
 450:	73646c69 	cmnvc	r4, #26880	; 0x6900
 454:	6576616c 	ldrbvs	r6, [r6, #-364]!	; 0x16c
 458:	726f772f 	rsbvc	r7, pc, #12320768	; 0xbc0000
 45c:	6170736b 	cmnvs	r0, fp, ror #6
 460:	742f6563 	strtvc	r6, [pc], #-1379	; 468 <shift+0x468>
 464:	2d677763 	stclcs	7, cr7, [r7, #-396]!	; 0xfffffe74
 468:	656b616d 	strbvs	r6, [fp, #-365]!	; 0x16d
 46c:	6c65722d 	sfmvs	f7, 2, [r5], #-180	; 0xffffff4c
 470:	65736165 	ldrbvs	r6, [r3, #-357]!	; 0x165
 474:	62616c2f 	rsbvs	r6, r1, #12032	; 0x2f00
 478:	642f6c65 	strtvs	r6, [pc], #-3173	; 480 <shift+0x480>
 47c:	656b636f 	strbvs	r6, [fp, #-879]!	; 0x36f
 480:	72742d72 	rsbsvc	r2, r4, #7296	; 0x1c80
 484:	79747375 	ldmdbvc	r4!, {r0, r2, r4, r5, r6, r8, r9, ip, sp, lr}^
 488:	646d612d 	strbtvs	r6, [sp], #-301	; 0x12d
 48c:	742d3436 	strtvc	r3, [sp], #-1078	; 0x436
 490:	2d677763 	stclcs	7, cr7, [r7, #-396]!	; 0xfffffe74
 494:	6c697562 	cfstr64vs	mvdx7, [r9], #-392	; 0xfffffe78
 498:	61742f64 	cmnvs	r4, r4, ror #30
 49c:	74656772 	strbtvc	r6, [r5], #-1906	; 0x772
 4a0:	6d72612f 	ldfvse	f6, [r2, #-188]!	; 0xffffff44
 4a4:	6e696c2d 	cdpvs	12, 6, cr6, cr9, cr13, {1}
 4a8:	672d7875 			; <UNDEFINED> instruction: 0x672d7875
 4ac:	6165756e 	cmnvs	r5, lr, ror #10
 4b0:	66686962 	strbtvs	r6, [r8], -r2, ror #18
 4b4:	75625f2f 	strbvc	r5, [r2, #-3887]!	; 0xf2f
 4b8:	2f646c69 	svccs	0x00646c69
 4bc:	6c697562 	cfstr64vs	mvdx7, [r9], #-392	; 0xfffffe78
 4c0:	782f7364 	stmdavc	pc!, {r2, r5, r6, r8, r9, ip, sp, lr}	; <UNPREDICTABLE>
 4c4:	365f3638 			; <UNDEFINED> instruction: 0x365f3638
 4c8:	6e752d34 	mrcvs	13, 3, r2, cr5, cr4, {1}
 4cc:	776f6e6b 	strbvc	r6, [pc, -fp, ror #28]!
 4d0:	696c2d6e 	stmdbvs	ip!, {r1, r2, r3, r5, r6, r8, sl, fp, sp}^
 4d4:	2d78756e 	cfldr64cs	mvdx7, [r8, #-440]!	; 0xfffffe48
 4d8:	2f756e67 	svccs	0x00756e67
 4dc:	2d6d7261 	sfmcs	f7, 2, [sp, #-388]!	; 0xfffffe7c
 4e0:	756e696c 	strbvc	r6, [lr, #-2412]!	; 0x96c
 4e4:	6e672d78 	mcrvs	13, 3, r2, cr7, cr8, {3}
 4e8:	62616575 	rsbvs	r6, r1, #490733568	; 0x1d400000
 4ec:	2f666869 	svccs	0x00666869
 4f0:	2d636367 	stclcs	3, cr6, [r3, #-412]!	; 0xfffffe64
 4f4:	616e696c 	cmnvs	lr, ip, ror #18
 4f8:	342d6f72 	strtcc	r6, [sp], #-3954	; 0xf72
 4fc:	322d392e 	eorcc	r3, sp, #753664	; 0xb8000
 500:	2e373130 	mrccs	1, 1, r3, cr7, cr0, {1}
 504:	732d3130 	teqvc	sp, #48, 2
 508:	65676174 	strbvs	r6, [r7, #-372]!	; 0x174
 50c:	72612f32 	rsbvc	r2, r1, #50, 30	; 0xc8
 510:	696c2d6d 	stmdbvs	ip!, {r0, r2, r3, r5, r6, r8, sl, fp, sp}^
 514:	2d78756e 	cfldr64cs	mvdx7, [r8, #-440]!	; 0xfffffe48
 518:	65756e67 	ldrbvs	r6, [r5, #-3687]!	; 0xe67
 51c:	68696261 	stmdavs	r9!, {r0, r5, r6, r9, sp, lr}^
 520:	696c2f66 	stmdbvs	ip!, {r1, r2, r5, r6, r8, r9, sl, fp, sp}^
 524:	63636762 	cmnvs	r3, #25690112	; 0x1880000
 528:	554e4700 	strbpl	r4, [lr, #-1792]	; 0x700
 52c:	20534120 	subscs	r4, r3, r0, lsr #2
 530:	34322e32 	ldrtcc	r2, [r2], #-3634	; 0xe32
 534:	0100302e 	tsteq	r0, lr, lsr #32
 538:	00015a80 	andeq	r5, r1, r0, lsl #21
 53c:	3c000400 	cfstrscc	mvf0, [r0], {-0}
 540:	04000000 	streq	r0, [r0], #-0
 544:	00012b01 	andeq	r2, r1, r1, lsl #22
 548:	024f0100 	subeq	r0, pc, #0, 2
 54c:	000d0000 	andeq	r0, sp, r0
 550:	2a5c0000 	bcs	1700558 <shift+0x1700558>
 554:	01168780 	tsteq	r6, r0, lsl #15
 558:	02cc0000 	sbceq	r0, ip, #0
 55c:	08020000 	stmdaeq	r2, {}	; <UNPREDICTABLE>
 560:	0000f307 	andeq	pc, r0, r7, lsl #6
 564:	05040300 	streq	r0, [r4, #-768]	; 0x300
 568:	00746e69 	rsbseq	r6, r4, r9, ror #28
 56c:	fd070402 	stc2	4, cr0, [r7, #-8]
 570:	02000000 	andeq	r0, r0, #0
 574:	010a0801 	tsteq	sl, r1, lsl #16
 578:	02020000 	andeq	r0, r2, #0
 57c:	00011807 	andeq	r1, r1, r7, lsl #16
 580:	07040200 	streq	r0, [r4, -r0, lsl #4]
 584:	000000f8 	strdeq	r0, [r0], -r8
 588:	0c060102 	stfeqs	f0, [r6], {2}
 58c:	02000001 	andeq	r0, r0, #1
 590:	02360502 	eorseq	r0, r6, #8388608	; 0x800000
 594:	08020000 	stmdaeq	r2, {}	; <UNPREDICTABLE>
 598:	00022005 	andeq	r2, r2, r5
 59c:	05040200 	streq	r0, [r4, #-512]	; 0x200
 5a0:	00000225 	andeq	r0, r0, r5, lsr #4
 5a4:	17070402 	strne	r0, [r7, -r2, lsl #8]
 5a8:	02000002 	andeq	r0, r0, #2
 5ac:	01130801 	tsteq	r3, r1, lsl #16
 5b0:	2e040000 	cdpcs	0, 0, cr0, cr4, cr0, {0}
 5b4:	02000002 	andeq	r0, r0, #2
 5b8:	00003382 	andeq	r3, r0, r2, lsl #7
 5bc:	02010400 	andeq	r0, r1, #0, 8
 5c0:	86020000 	strhi	r0, [r2], -r0
 5c4:	00000025 	andeq	r0, r0, r5, lsr #32
 5c8:	11040402 	tstne	r4, r2, lsl #8
 5cc:	02000002 	andeq	r0, r0, #2
 5d0:	02090308 	andeq	r0, r9, #8, 6	; 0x20000000
 5d4:	08020000 	stmdaeq	r2, {}	; <UNPREDICTABLE>
 5d8:	00024804 	andeq	r4, r2, r4, lsl #16
 5dc:	03100200 	tsteq	r0, #0, 4
 5e0:	00000240 	andeq	r0, r0, r0, asr #4
 5e4:	00000005 	andeq	r0, r0, r5
 5e8:	03b00100 	movseq	r0, #0, 2
 5ec:	00000084 	andeq	r0, r0, r4, lsl #1
 5f0:	87802a5c 			; <UNDEFINED> instruction: 0x87802a5c
 5f4:	00000116 	andeq	r0, r0, r6, lsl r1
 5f8:	01579c01 	cmpeq	r7, r1, lsl #24
 5fc:	6e060000 	cdpvs	0, 0, cr0, cr6, cr0, {0}
 600:	03b00100 	movseq	r0, #0, 2
 604:	00000084 	andeq	r0, r0, r4, lsl #1
 608:	00000000 	andeq	r0, r0, r0
 60c:	01006406 	tsteq	r0, r6, lsl #8
 610:	008403b0 			; <UNDEFINED> instruction: 0x008403b0
 614:	00280000 	eoreq	r0, r8, r0
 618:	72060000 	andvc	r0, r6, #0
 61c:	b0010070 	andlt	r0, r1, r0, ror r0
 620:	00015703 	andeq	r5, r1, r3, lsl #14
 624:	00005000 	andeq	r5, r0, r0
 628:	00710700 	rsbseq	r0, r1, r0, lsl #14
 62c:	8403b201 	strhi	fp, [r3], #-513	; 0x201
 630:	70000000 	andvc	r0, r0, r0
 634:	07000000 	streq	r0, [r0, -r0]
 638:	b2010072 	andlt	r0, r1, #114	; 0x72
 63c:	00008403 	andeq	r8, r0, r3, lsl #8
 640:	0000d000 	andeq	sp, r0, r0
 644:	00790700 	rsbseq	r0, r9, r0, lsl #14
 648:	8403b201 	strhi	fp, [r3], #-513	; 0x201
 64c:	28000000 	stmdacs	r0, {}	; <UNPREDICTABLE>
 650:	07000001 	streq	r0, [r0, -r1]
 654:	00317a6c 	eorseq	r7, r1, ip, ror #20
 658:	7903b301 	stmdbvc	r3, {r0, r8, r9, ip, sp, pc}
 65c:	50000000 	andpl	r0, r0, r0
 660:	07000001 	streq	r0, [r0, -r1]
 664:	00327a6c 	eorseq	r7, r2, ip, ror #20
 668:	7903b301 	stmdbvc	r3, {r0, r8, r9, ip, sp, pc}
 66c:	63000000 	movwvs	r0, #0
 670:	07000001 	streq	r0, [r0, -r1]
 674:	b3010069 	movwlt	r0, #4201	; 0x1069
 678:	00007903 	andeq	r7, r0, r3, lsl #18
 67c:	00017600 	andeq	r7, r1, r0, lsl #12
 680:	006b0700 	rsbeq	r0, fp, r0, lsl #14
 684:	7903b301 	stmdbvc	r3, {r0, r8, r9, ip, sp, pc}
 688:	b9000000 	stmdblt	r0, {}	; <UNPREDICTABLE>
 68c:	00000001 	andeq	r0, r0, r1
 690:	00840408 	addeq	r0, r4, r8, lsl #8
 694:	地址 0x0000000000000694 越界。


Disassembly of section .debug_abbrev:

00000000 <.debug_abbrev>:
   0:	10001101 	andne	r1, r0, r1, lsl #2
   4:	12011106 	andne	r1, r1, #-2147483647	; 0x80000001
   8:	1b080301 	blne	200c14 <shift+0x200c14>
   c:	13082508 	movwne	r2, #34056	; 0x8508
  10:	00000005 	andeq	r0, r0, r5
  14:	10001101 	andne	r1, r0, r1, lsl #2
  18:	12011106 	andne	r1, r1, #-2147483647	; 0x80000001
  1c:	1b080301 	blne	200c28 <shift+0x200c28>
  20:	13082508 	movwne	r2, #34056	; 0x8508
  24:	00000005 	andeq	r0, r0, r5
  28:	10001101 	andne	r1, r0, r1, lsl #2
  2c:	12011106 	andne	r1, r1, #-2147483647	; 0x80000001
  30:	1b080301 	blne	200c3c <shift+0x200c3c>
  34:	13082508 	movwne	r2, #34056	; 0x8508
  38:	00000005 	andeq	r0, r0, r5
  3c:	25011101 	strcs	r1, [r1, #-257]	; 0x101
  40:	030b130e 	movweq	r1, #45838	; 0xb30e
  44:	110e1b0e 	tstne	lr, lr, lsl #22
  48:	10061201 	andne	r1, r6, r1, lsl #4
  4c:	02000017 	andeq	r0, r0, #23
  50:	0b0b0024 	bleq	2c00e8 <shift+0x2c00e8>
  54:	0e030b3e 	vmoveq.16	d3[0], r0
  58:	24030000 	strcs	r0, [r3], #-0
  5c:	3e0b0b00 	vmlacc.f64	d0, d11, d0
  60:	0008030b 	andeq	r0, r8, fp, lsl #6
  64:	00160400 	andseq	r0, r6, r0, lsl #8
  68:	0b3a0e03 	bleq	e8387c <shift+0xe8387c>
  6c:	13490b3b 	movtne	r0, #39739	; 0x9b3b
  70:	2e050000 	cdpcs	0, 0, cr0, cr5, cr0, {0}
  74:	03193f01 	tsteq	r9, #1, 30
  78:	3b0b3a0e 	blcc	2ce8b8 <shift+0x2ce8b8>
  7c:	49192705 	ldmdbmi	r9, {r0, r2, r8, r9, sl, sp}
  80:	12011113 	andne	r1, r1, #-1073741820	; 0xc0000004
  84:	97184006 	ldrls	r4, [r8, -r6]
  88:	13011942 	movwne	r1, #6466	; 0x1942
  8c:	05060000 	streq	r0, [r6, #-0]
  90:	3a080300 	bcc	200c98 <shift+0x200c98>
  94:	49053b0b 	stmdbmi	r5, {r0, r1, r3, r8, r9, fp, ip, sp}
  98:	00170213 	andseq	r0, r7, r3, lsl r2
  9c:	00340700 	eorseq	r0, r4, r0, lsl #14
  a0:	0b3a0803 	bleq	e820b4 <shift+0xe820b4>
  a4:	1349053b 	movtne	r0, #38203	; 0x953b
  a8:	00001702 	andeq	r1, r0, r2, lsl #14
  ac:	0b000f08 	bleq	3cd4 <shift+0x3cd4>
  b0:	0013490b 	andseq	r4, r3, fp, lsl #18
	...

Disassembly of section .debug_aranges:

00000000 <.debug_aranges>:
   0:	0000001c 	andeq	r0, r0, ip, lsl r0
   4:	00000002 	andeq	r0, r0, r2
   8:	00040000 	andeq	r0, r4, r0
   c:	00000000 	andeq	r0, r0, r0
  10:	878027a8 	strhi	r2, [r0, r8, lsr #15]
  14:	00000276 	andeq	r0, r0, r6, ror r2
	...
  20:	0000001c 	andeq	r0, r0, ip, lsl r0
  24:	01bf0002 			; <UNDEFINED> instruction: 0x01bf0002
  28:	00040000 	andeq	r0, r4, r0
  2c:	00000000 	andeq	r0, r0, r0
  30:	87802a20 	strhi	r2, [r0, r0, lsr #20]
  34:	00000030 	andeq	r0, r0, r0, lsr r0
	...
  40:	0000001c 	andeq	r0, r0, ip, lsl r0
  44:	037a0002 	cmneq	sl, #2
  48:	00040000 	andeq	r0, r4, r0
  4c:	00000000 	andeq	r0, r0, r0
  50:	87802a50 			; <UNDEFINED> instruction: 0x87802a50
  54:	0000000c 	andeq	r0, r0, ip
	...
  60:	0000001c 	andeq	r0, r0, ip, lsl r0
  64:	05390002 	ldreq	r0, [r9, #-2]!
  68:	00040000 	andeq	r0, r4, r0
  6c:	00000000 	andeq	r0, r0, r0
  70:	87802a5c 			; <UNDEFINED> instruction: 0x87802a5c
  74:	00000116 	andeq	r0, r0, r6, lsl r1
	...

Disassembly of section .debug_loc:

00000000 <.debug_loc>:
   0:	00000000 	andeq	r0, r0, r0
   4:	0000000c 	andeq	r0, r0, ip
   8:	93500006 	cmpls	r0, #6
   c:	04935104 	ldreq	r5, [r3], #260	; 0x104
  10:	0000000c 	andeq	r0, r0, ip
  14:	00000116 	andeq	r0, r0, r6, lsl r1
  18:	03f30006 	mvnseq	r0, #6
  1c:	9f2500f5 	svcls	0x002500f5
	...
  2c:	00000014 	andeq	r0, r0, r4, lsl r0
  30:	93520006 	cmpls	r2, #6
  34:	04935304 	ldreq	r5, [r3], #772	; 0x304
  38:	00000014 	andeq	r0, r0, r4, lsl r0
  3c:	00000116 	andeq	r0, r0, r6, lsl r1
  40:	03f30006 	mvnseq	r0, #6
  44:	9f2502f5 	svcls	0x002502f5
	...
  54:	000000fc 	strdeq	r0, [r0], -ip
  58:	00910002 	addseq	r0, r1, r2
  5c:	000000fc 	strdeq	r0, [r0], -ip
  60:	00000116 	andeq	r0, r0, r6, lsl r1
  64:	00910002 	addseq	r0, r1, r2
	...
  74:	00000076 	andeq	r0, r0, r6, ror r0
  78:	089e000a 	ldmeq	lr, {r1, r3}
	...
  84:	00000076 	andeq	r0, r0, r6, ror r0
  88:	000000c0 	andeq	r0, r0, r0, asr #1
  8c:	93500006 	cmpls	r0, #6
  90:	04935104 	ldreq	r5, [r3], #260	; 0x104
  94:	000000ca 	andeq	r0, r0, sl, asr #1
  98:	000000ea 	andeq	r0, r0, sl, ror #1
  9c:	93500006 	cmpls	r0, #6
  a0:	04935104 	ldreq	r5, [r3], #260	; 0x104
  a4:	000000f2 	strdeq	r0, [r0], -r2
  a8:	000000fc 	strdeq	r0, [r0], -ip
  ac:	93500006 	cmpls	r0, #6
  b0:	04935104 	ldreq	r5, [r3], #260	; 0x104
  b4:	000000fc 	strdeq	r0, [r0], -ip
  b8:	00000116 	andeq	r0, r0, r6, lsl r1
  bc:	089e000a 	ldmeq	lr, {r1, r3}
	...
  d0:	0000000a 	andeq	r0, r0, sl
  d4:	00000062 	andeq	r0, r0, r2, rrx
  d8:	93540006 	cmpls	r4, #6
  dc:	04935504 	ldreq	r5, [r3], #1284	; 0x504
  e0:	00000076 	andeq	r0, r0, r6, ror r0
  e4:	00000084 	andeq	r0, r0, r4, lsl #1
  e8:	93540006 	cmpls	r4, #6
  ec:	04935504 	ldreq	r5, [r3], #1284	; 0x504
  f0:	00000092 	muleq	r0, r2, r0
  f4:	000000a0 	andeq	r0, r0, r0, lsr #1
  f8:	93540006 	cmpls	r4, #6
  fc:	04935504 	ldreq	r5, [r3], #1284	; 0x504
 100:	000000a2 	andeq	r0, r0, r2, lsr #1
 104:	000000c8 	andeq	r0, r0, r8, asr #1
 108:	93540006 	cmpls	r4, #6
 10c:	04935504 	ldreq	r5, [r3], #1284	; 0x504
 110:	000000cc 	andeq	r0, r0, ip, asr #1
 114:	00000116 	andeq	r0, r0, r6, lsl r1
 118:	93540006 	cmpls	r4, #6
 11c:	04935504 	ldreq	r5, [r3], #1284	; 0x504
	...
 128:	0000000e 	andeq	r0, r0, lr
 12c:	00000018 	andeq	r0, r0, r8, lsl r0
 130:	93500006 	cmpls	r0, #6
 134:	04935104 	ldreq	r5, [r3], #260	; 0x104
 138:	0000004e 	andeq	r0, r0, lr, asr #32
 13c:	000000ae 	andeq	r0, r0, lr, lsr #1
 140:	93560006 	cmpls	r6, #6
 144:	04935704 	ldreq	r5, [r3], #1796	; 0x704
	...
 150:	0000010c 	andeq	r0, r0, ip, lsl #2
 154:	00000116 	andeq	r0, r0, r6, lsl r1
 158:	00560001 	subseq	r0, r6, r1
 15c:	00000000 	andeq	r0, r0, r0
 160:	2c000000 	stccs	0, cr0, [r0], {-0}
 164:	2e000000 	cdpcs	0, 0, cr0, cr0, cr0, {0}
 168:	01000000 	mrseq	r0, (UNDEF: 0)
 16c:	00005300 	andeq	r5, r0, r0, lsl #6
 170:	00000000 	andeq	r0, r0, r0
 174:	00800000 	addeq	r0, r0, r0
 178:	00920000 	addseq	r0, r2, r0
 17c:	00010000 	andeq	r0, r1, r0
 180:	00009253 	andeq	r9, r0, r3, asr r2
 184:	00009400 	andeq	r9, r0, r0, lsl #8
 188:	73000300 	movwvc	r0, #768	; 0x300
 18c:	00949f7f 	addseq	r9, r4, pc, ror pc
 190:	00a20000 	adceq	r0, r2, r0
 194:	00010000 	andeq	r0, r1, r0
 198:	0000a253 	andeq	sl, r0, r3, asr r2
 19c:	0000a400 	andeq	sl, r0, r0, lsl #8
 1a0:	73000300 	movwvc	r0, #768	; 0x300
 1a4:	00a49f7f 	adceq	r9, r4, pc, ror pc
 1a8:	00b60000 	adcseq	r0, r6, r0
 1ac:	00010000 	andeq	r0, r1, r0
 1b0:	00000053 	andeq	r0, r0, r3, asr r0
 1b4:	00000000 	andeq	r0, r0, r0
 1b8:	00002e00 	andeq	r2, r0, r0, lsl #28
 1bc:	00008200 	andeq	r8, r0, r0, lsl #4
 1c0:	53000100 	movwpl	r0, #256	; 0x100
 1c4:	00000082 	andeq	r0, r0, r2, lsl #1
 1c8:	000000f2 	strdeq	r0, [r0], -r2
 1cc:	005e0001 	subseq	r0, lr, r1
 1d0:	00000000 	andeq	r0, r0, r0
 1d4:	地址 0x00000000000001d4 越界。


Disassembly of section .debug_str:

00000000 <.debug_str>:
   0:	64755f5f 	ldrbtvs	r5, [r5], #-3935	; 0xf5f
   4:	6f6d7669 	svcvs	0x006d7669
   8:	34696464 	strbtcc	r6, [r9], #-1124	; 0x464
   c:	6f682f00 	svcvs	0x00682f00
  10:	742f656d 	strtvc	r6, [pc], #-1389	; 18 <shift+0x18>
  14:	2d677763 	stclcs	7, cr7, [r7, #-396]!	; 0xfffffe74
  18:	6c697562 	cfstr64vs	mvdx7, [r9], #-392	; 0xfffffe78
  1c:	616c7364 	cmnvs	ip, r4, ror #6
  20:	772f6576 			; <UNDEFINED> instruction: 0x772f6576
  24:	736b726f 	cmnvc	fp, #-268435450	; 0xf0000006
  28:	65636170 	strbvs	r6, [r3, #-368]!	; 0x170
  2c:	7763742f 	strbvc	r7, [r3, -pc, lsr #8]!
  30:	616d2d67 	cmnvs	sp, r7, ror #26
  34:	722d656b 	eorvc	r6, sp, #448790528	; 0x1ac00000
  38:	61656c65 	cmnvs	r5, r5, ror #24
  3c:	6c2f6573 	cfstr32vs	mvfx6, [pc], #-460	; fffffe78 <__bss_end+0x787fc408>
  40:	6c656261 	sfmvs	f6, 2, [r5], #-388	; 0xfffffe7c
  44:	636f642f 	cmnvs	pc, #788529152	; 0x2f000000
  48:	2d72656b 	cfldr64cs	mvdx6, [r2, #-428]!	; 0xfffffe54
  4c:	73757274 	cmnvc	r5, #116, 4	; 0x40000007
  50:	612d7974 	teqvs	sp, r4, ror r9
  54:	3436646d 	ldrtcc	r6, [r6], #-1133	; 0x46d
  58:	7763742d 	strbvc	r7, [r3, -sp, lsr #8]!
  5c:	75622d67 	strbvc	r2, [r2, #-3431]!	; 0xd67
  60:	2f646c69 	svccs	0x00646c69
  64:	67726174 			; <UNDEFINED> instruction: 0x67726174
  68:	612f7465 	teqvs	pc, r5, ror #8
  6c:	6c2d6d72 	stcvs	13, cr6, [sp], #-456	; 0xfffffe38
  70:	78756e69 	ldmdavc	r5!, {r0, r3, r5, r6, r9, sl, fp, sp, lr}^
  74:	756e672d 	strbvc	r6, [lr, #-1837]!	; 0x72d
  78:	69626165 	stmdbvs	r2!, {r0, r2, r5, r6, r8, sp, lr}^
  7c:	5f2f6668 	svcpl	0x002f6668
  80:	6c697562 	cfstr64vs	mvdx7, [r9], #-392	; 0xfffffe78
  84:	75622f64 	strbvc	r2, [r2, #-3940]!	; 0xf64
  88:	73646c69 	cmnvc	r4, #26880	; 0x6900
  8c:	3638782f 	ldrtcc	r7, [r8], -pc, lsr #16
  90:	2d34365f 	ldccs	6, cr3, [r4, #-380]!	; 0xfffffe84
  94:	6e6b6e75 	mcrvs	14, 3, r6, cr11, cr5, {3}
  98:	2d6e776f 	stclcs	7, cr7, [lr, #-444]!	; 0xfffffe44
  9c:	756e696c 	strbvc	r6, [lr, #-2412]!	; 0x96c
  a0:	6e672d78 	mcrvs	13, 3, r2, cr7, cr8, {3}
  a4:	72612f75 	rsbvc	r2, r1, #468	; 0x1d4
  a8:	696c2d6d 	stmdbvs	ip!, {r0, r2, r3, r5, r6, r8, sl, fp, sp}^
  ac:	2d78756e 	cfldr64cs	mvdx7, [r8, #-440]!	; 0xfffffe48
  b0:	65756e67 	ldrbvs	r6, [r5, #-3687]!	; 0xe67
  b4:	68696261 	stmdavs	r9!, {r0, r5, r6, r9, sp, lr}^
  b8:	63672f66 	cmnvs	r7, #408	; 0x198
  bc:	696c2d63 	stmdbvs	ip!, {r0, r1, r5, r6, r8, sl, fp, sp}^
  c0:	6f72616e 	svcvs	0x0072616e
  c4:	392e342d 	stmdbcc	lr!, {r0, r2, r3, r5, sl, ip, sp}
  c8:	3130322d 	teqcc	r0, sp, lsr #4
  cc:	31302e37 	teqcc	r0, r7, lsr lr
  d0:	6174732d 	cmnvs	r4, sp, lsr #6
  d4:	2f326567 	svccs	0x00326567
  d8:	2d6d7261 	sfmcs	f7, 2, [sp, #-388]!	; 0xfffffe7c
  dc:	756e696c 	strbvc	r6, [lr, #-2412]!	; 0x96c
  e0:	6e672d78 	mcrvs	13, 3, r2, cr7, cr8, {3}
  e4:	62616575 	rsbvs	r6, r1, #490733568	; 0x1d400000
  e8:	2f666869 	svccs	0x00666869
  ec:	6762696c 	strbvs	r6, [r2, -ip, ror #18]!
  f0:	6c006363 	stcvs	3, cr6, [r0], {99}	; 0x63
  f4:	20676e6f 	rsbcs	r6, r7, pc, ror #28
  f8:	676e6f6c 	strbvs	r6, [lr, -ip, ror #30]!
  fc:	736e7520 	cmnvc	lr, #32, 10	; 0x8000000
 100:	656e6769 	strbvs	r6, [lr, #-1897]!	; 0x769
 104:	6e692064 	cdpvs	0, 6, cr2, cr9, cr4, {3}
 108:	6e750074 	mrcvs	0, 3, r0, cr5, cr4, {3}
 10c:	6e676973 	mcrvs	9, 3, r6, cr7, cr3, {3}
 110:	63206465 	teqvs	r0, #1694498816	; 0x65000000
 114:	00726168 	rsbseq	r6, r2, r8, ror #2
 118:	726f6873 	rsbvc	r6, pc, #7536640	; 0x730000
 11c:	6e752074 	mrcvs	0, 3, r2, cr5, cr4, {3}
 120:	6e676973 	mcrvs	9, 3, r6, cr7, cr3, {3}
 124:	69206465 	stmdbvs	r0!, {r0, r2, r5, r6, sl, sp, lr}
 128:	4700746e 	strmi	r7, [r0, -lr, ror #8]
 12c:	4320554e 	teqmi	r0, #327155712	; 0x13800000
 130:	392e3420 	stmdbcc	lr!, {r5, sl, ip, sp}
 134:	2d20342e 	cfstrscs	mvf3, [r0, #-184]!	; 0xffffff48
 138:	6372616d 	cmnvs	r2, #1073741851	; 0x4000001b
 13c:	72613d68 	rsbvc	r3, r1, #104, 26	; 0x1a00
 140:	2d37766d 	ldccs	6, cr7, [r7, #-436]!	; 0xfffffe4c
 144:	6d2d2061 	stcvs	0, cr2, [sp, #-388]!	; 0xfffffe7c
 148:	656e7574 	strbvs	r7, [lr, #-1396]!	; 0x574
 14c:	726f633d 	rsbvc	r6, pc, #-201326592	; 0xf4000000
 150:	2d786574 	cfldr64cs	mvdx6, [r8, #-464]!	; 0xfffffe30
 154:	2d203961 	stccs	9, cr3, [r0, #-388]!	; 0xfffffe7c
 158:	6f6c666d 	svcvs	0x006c666d
 15c:	612d7461 	teqvs	sp, r1, ror #8
 160:	683d6962 	ldmdavs	sp!, {r1, r5, r6, r8, fp, sp, lr}
 164:	20647261 	rsbcs	r7, r4, r1, ror #4
 168:	70666d2d 	rsbvc	r6, r6, sp, lsr #26
 16c:	66763d75 			; <UNDEFINED> instruction: 0x66763d75
 170:	2d337670 	ldccs	6, cr7, [r3, #-448]!	; 0xfffffe40
 174:	20363164 	eorscs	r3, r6, r4, ror #2
 178:	68746d2d 	ldmdavs	r4!, {r0, r2, r3, r5, r8, sl, fp, sp, lr}^
 17c:	20626d75 	rsbcs	r6, r2, r5, ror sp
 180:	6c746d2d 	ldclvs	13, cr6, [r4], #-180	; 0xffffff4c
 184:	69642d73 	stmdbvs	r4!, {r0, r1, r4, r5, r6, r8, sl, fp, sp}^
 188:	63656c61 	cmnvs	r5, #24832	; 0x6100
 18c:	6e673d74 	mcrvs	13, 3, r3, cr7, cr4, {3}
 190:	672d2075 			; <UNDEFINED> instruction: 0x672d2075
 194:	20672d20 	rsbcs	r2, r7, r0, lsr #26
 198:	2d20672d 	stccs	7, cr6, [r0, #-180]!	; 0xffffff4c
 19c:	2d20324f 	sfmcs	f3, 4, [r0, #-316]!	; 0xfffffec4
 1a0:	2d20324f 	sfmcs	f3, 4, [r0, #-316]!	; 0xfffffec4
 1a4:	2d20324f 	sfmcs	f3, 4, [r0, #-316]!	; 0xfffffec4
 1a8:	69756266 	ldmdbvs	r5!, {r1, r2, r5, r6, r9, sp, lr}^
 1ac:	6e69646c 	cdpvs	4, 6, cr6, cr9, cr12, {3}
 1b0:	696c2d67 	stmdbvs	ip!, {r0, r1, r2, r5, r6, r8, sl, fp, sp}^
 1b4:	63636762 	cmnvs	r3, #25690112	; 0x1880000
 1b8:	6e662d20 	cdpvs	13, 6, cr2, cr6, cr0, {1}
 1bc:	74732d6f 	ldrbtvc	r2, [r3], #-3439	; 0xd6f
 1c0:	2d6b6361 	stclcs	3, cr6, [fp, #-388]!	; 0xfffffe7c
 1c4:	746f7270 	strbtvc	r7, [pc], #-624	; 1cc <shift+0x1cc>
 1c8:	6f746365 	svcvs	0x00746365
 1cc:	662d2072 			; <UNDEFINED> instruction: 0x662d2072
 1d0:	20434950 	subcs	r4, r3, r0, asr r9
 1d4:	6f6e662d 	svcvs	0x006e662d
 1d8:	6c6e692d 	stclvs	9, cr6, [lr], #-180	; 0xffffff4c
 1dc:	20656e69 	rsbcs	r6, r5, r9, ror #28
 1e0:	7865662d 	stmdavc	r5!, {r0, r2, r3, r5, r9, sl, sp, lr}^
 1e4:	74706563 	ldrbtvc	r6, [r0], #-1379	; 0x563
 1e8:	736e6f69 	cmnvc	lr, #420	; 0x1a4
 1ec:	76662d20 	strbtvc	r2, [r6], -r0, lsr #26
 1f0:	62697369 	rsbvs	r7, r9, #-1543503871	; 0xa4000001
 1f4:	74696c69 	strbtvc	r6, [r9], #-3177	; 0xc69
 1f8:	69683d79 	stmdbvs	r8!, {r0, r3, r4, r5, r6, r8, sl, fp, ip, sp}^
 1fc:	6e656464 	cdpvs	4, 6, cr6, cr5, cr4, {3}
 200:	49445500 	stmdbmi	r4, {r8, sl, ip, lr}^
 204:	65707974 	ldrbvs	r7, [r0, #-2420]!	; 0x974
 208:	6d6f6300 	stclvs	3, cr6, [pc, #-0]	; 210 <shift+0x210>
 20c:	78656c70 	stmdavc	r5!, {r4, r5, r6, sl, fp, sp, lr}^
 210:	6f6c6620 	svcvs	0x006c6620
 214:	73007461 	movwvc	r7, #1121	; 0x461
 218:	74657a69 	strbtvc	r7, [r5], #-2665	; 0xa69
 21c:	00657079 	rsbeq	r7, r5, r9, ror r0
 220:	676e6f6c 	strbvs	r6, [lr, -ip, ror #30]!
 224:	6e6f6c20 	cdpvs	12, 6, cr6, cr15, cr0, {1}
 228:	6e692067 	cdpvs	0, 6, cr2, cr9, cr7, {3}
 22c:	53550074 	cmppl	r5, #116	; 0x74
 230:	70797449 	rsbsvc	r7, r9, r9, asr #8
 234:	68730065 	ldmdavs	r3!, {r0, r2, r5, r6}^
 238:	2074726f 	rsbscs	r7, r4, pc, ror #4
 23c:	00746e69 	rsbseq	r6, r4, r9, ror #28
 240:	706d6f63 	rsbvc	r6, sp, r3, ror #30
 244:	2078656c 	rsbscs	r6, r8, ip, ror #10
 248:	62756f64 	rsbsvs	r6, r5, #100, 30	; 0x190
 24c:	2f00656c 	svccs	0x0000656c
 250:	656d6f68 	strbvs	r6, [sp, #-3944]!	; 0xf68
 254:	7763742f 	strbvc	r7, [r3, -pc, lsr #8]!
 258:	75622d67 	strbvc	r2, [r2, #-3431]!	; 0xd67
 25c:	73646c69 	cmnvc	r4, #26880	; 0x6900
 260:	6576616c 	ldrbvs	r6, [r6, #-364]!	; 0x16c
 264:	726f772f 	rsbvc	r7, pc, #12320768	; 0xbc0000
 268:	6170736b 	cmnvs	r0, fp, ror #6
 26c:	742f6563 	strtvc	r6, [pc], #-1379	; 274 <shift+0x274>
 270:	2d677763 	stclcs	7, cr7, [r7, #-396]!	; 0xfffffe74
 274:	656b616d 	strbvs	r6, [fp, #-365]!	; 0x16d
 278:	6c65722d 	sfmvs	f7, 2, [r5], #-180	; 0xffffff4c
 27c:	65736165 	ldrbvs	r6, [r3, #-357]!	; 0x165
 280:	62616c2f 	rsbvs	r6, r1, #12032	; 0x2f00
 284:	642f6c65 	strtvs	r6, [pc], #-3173	; 28c <shift+0x28c>
 288:	656b636f 	strbvs	r6, [fp, #-879]!	; 0x36f
 28c:	72742d72 	rsbsvc	r2, r4, #7296	; 0x1c80
 290:	79747375 	ldmdbvc	r4!, {r0, r2, r4, r5, r6, r8, r9, ip, sp, lr}^
 294:	646d612d 	strbtvs	r6, [sp], #-301	; 0x12d
 298:	742d3436 	strtvc	r3, [sp], #-1078	; 0x436
 29c:	2d677763 	stclcs	7, cr7, [r7, #-396]!	; 0xfffffe74
 2a0:	6c697562 	cfstr64vs	mvdx7, [r9], #-392	; 0xfffffe78
 2a4:	61742f64 	cmnvs	r4, r4, ror #30
 2a8:	74656772 	strbtvc	r6, [r5], #-1906	; 0x772
 2ac:	6d72612f 	ldfvse	f6, [r2, #-188]!	; 0xffffff44
 2b0:	6e696c2d 	cdpvs	12, 6, cr6, cr9, cr13, {1}
 2b4:	672d7875 			; <UNDEFINED> instruction: 0x672d7875
 2b8:	6165756e 	cmnvs	r5, lr, ror #10
 2bc:	66686962 	strbtvs	r6, [r8], -r2, ror #18
 2c0:	616e732f 	cmnvs	lr, pc, lsr #6
 2c4:	6f687370 	svcvs	0x00687370
 2c8:	672f7374 			; <UNDEFINED> instruction: 0x672f7374
 2cc:	6c2d6363 	stcvs	3, cr6, [sp], #-396	; 0xfffffe74
 2d0:	72616e69 	rsbvc	r6, r1, #1680	; 0x690
 2d4:	2e342d6f 	cdpcs	13, 3, cr2, cr4, cr15, {3}
 2d8:	30322d39 	eorscc	r2, r2, r9, lsr sp
 2dc:	302e3731 	eorcc	r3, lr, r1, lsr r7
 2e0:	696c2f31 	stmdbvs	ip!, {r0, r4, r5, r8, r9, sl, fp, sp}^
 2e4:	63636762 	cmnvs	r3, #25690112	; 0x1880000
 2e8:	62696c2f 	rsbvs	r6, r9, #12032	; 0x2f00
 2ec:	32636367 	rsbcc	r6, r3, #-1677721599	; 0x9c000001
 2f0:	地址 0x00000000000002f0 越界。

