
ap3216c.elf：     文件格式 elf32-littlearm


Disassembly of section .text:

87800000 <_start>:
87800000:	e59ff100 	ldr	pc, [pc, #256]	; 87800108 <FIQ_Handler+0x8>
87800004:	e59ff100 	ldr	pc, [pc, #256]	; 8780010c <FIQ_Handler+0xc>
87800008:	e59ff100 	ldr	pc, [pc, #256]	; 87800110 <FIQ_Handler+0x10>
8780000c:	e59ff100 	ldr	pc, [pc, #256]	; 87800114 <FIQ_Handler+0x14>
87800010:	e59ff100 	ldr	pc, [pc, #256]	; 87800118 <FIQ_Handler+0x18>
87800014:	e59ff100 	ldr	pc, [pc, #256]	; 8780011c <FIQ_Handler+0x1c>
87800018:	e59ff100 	ldr	pc, [pc, #256]	; 87800120 <FIQ_Handler+0x20>
8780001c:	e59ff100 	ldr	pc, [pc, #256]	; 87800124 <FIQ_Handler+0x24>

87800020 <Reset_Handler>:
87800020:	f10c0080 	cpsid	i
87800024:	ee110f10 	mrc	15, 0, r0, cr1, cr0, {0}
87800028:	e3c00a01 	bic	r0, r0, #4096	; 0x1000
8780002c:	e3c00004 	bic	r0, r0, #4
87800030:	e3c00002 	bic	r0, r0, #2
87800034:	e3c00b02 	bic	r0, r0, #2048	; 0x800
87800038:	e3c00001 	bic	r0, r0, #1
8780003c:	ee010f10 	mcr	15, 0, r0, cr1, cr0, {0}
87800040:	e10f0000 	mrs	r0, CPSR
87800044:	e3c0001f 	bic	r0, r0, #31
87800048:	e3800012 	orr	r0, r0, #18
8780004c:	e129f000 	msr	CPSR_fc, r0
87800050:	e59fd0d0 	ldr	sp, [pc, #208]	; 87800128 <FIQ_Handler+0x28>
87800054:	e10f0000 	mrs	r0, CPSR
87800058:	e3c0001f 	bic	r0, r0, #31
8780005c:	e380001f 	orr	r0, r0, #31
87800060:	e129f000 	msr	CPSR_fc, r0
87800064:	e59fd0c0 	ldr	sp, [pc, #192]	; 8780012c <FIQ_Handler+0x2c>
87800068:	e10f0000 	mrs	r0, CPSR
8780006c:	e3c0001f 	bic	r0, r0, #31
87800070:	e3800013 	orr	r0, r0, #19
87800074:	e129f000 	msr	CPSR_fc, r0
87800078:	e59fd0b0 	ldr	sp, [pc, #176]	; 87800130 <FIQ_Handler+0x30>
8780007c:	f1080080 	cpsie	i
87800080:	ea000fec 	b	87804038 <__main_from_arm>

87800084 <Undefined_Handler>:
87800084:	e59f0080 	ldr	r0, [pc, #128]	; 8780010c <FIQ_Handler+0xc>
87800088:	e12fff10 	bx	r0

8780008c <SVC_Handler>:
8780008c:	e59f007c 	ldr	r0, [pc, #124]	; 87800110 <FIQ_Handler+0x10>
87800090:	e12fff10 	bx	r0

87800094 <PrefAbort_Handler>:
87800094:	e59f0078 	ldr	r0, [pc, #120]	; 87800114 <FIQ_Handler+0x14>
87800098:	e12fff10 	bx	r0

8780009c <DataAbort_Handler>:
8780009c:	e59f0074 	ldr	r0, [pc, #116]	; 87800118 <FIQ_Handler+0x18>
878000a0:	e12fff10 	bx	r0

878000a4 <NotUsed_Handler>:
878000a4:	e59f0070 	ldr	r0, [pc, #112]	; 8780011c <FIQ_Handler+0x1c>
878000a8:	e12fff10 	bx	r0

878000ac <IRQ_Handler>:
878000ac:	e52de004 	push	{lr}		; (str lr, [sp, #-4]!)
878000b0:	e92d100f 	push	{r0, r1, r2, r3, ip}
878000b4:	e14f0000 	mrs	r0, SPSR
878000b8:	e52d0004 	push	{r0}		; (str r0, [sp, #-4]!)
878000bc:	ee9f1f10 	mrc	15, 4, r1, cr15, cr0, {0}
878000c0:	e2811a02 	add	r1, r1, #8192	; 0x2000
878000c4:	e591000c 	ldr	r0, [r1, #12]
878000c8:	e92d0003 	push	{r0, r1}
878000cc:	f1020013 	cps	#19
878000d0:	e52de004 	push	{lr}		; (str lr, [sp, #-4]!)
878000d4:	e59f2058 	ldr	r2, [pc, #88]	; 87800134 <FIQ_Handler+0x34>
878000d8:	e12fff32 	blx	r2
878000dc:	e49de004 	pop	{lr}		; (ldr lr, [sp], #4)
878000e0:	f1020012 	cps	#18
878000e4:	e8bd0003 	pop	{r0, r1}
878000e8:	e5810010 	str	r0, [r1, #16]
878000ec:	e49d0004 	pop	{r0}		; (ldr r0, [sp], #4)
878000f0:	e16ff000 	msr	SPSR_fsxc, r0
878000f4:	e8bd100f 	pop	{r0, r1, r2, r3, ip}
878000f8:	e49de004 	pop	{lr}		; (ldr lr, [sp], #4)
878000fc:	e25ef004 	subs	pc, lr, #4

87800100 <FIQ_Handler>:
87800100:	e59f001c 	ldr	r0, [pc, #28]	; 87800124 <FIQ_Handler+0x24>
87800104:	e12fff10 	bx	r0
87800108:	87800020 	strhi	r0, [r0, r0, lsr #32]
8780010c:	87800084 	strhi	r0, [r0, r4, lsl #1]
87800110:	8780008c 	strhi	r0, [r0, ip, lsl #1]
87800114:	87800094 			; <UNDEFINED> instruction: 0x87800094
87800118:	8780009c 			; <UNDEFINED> instruction: 0x8780009c
8780011c:	878000a4 	strhi	r0, [r0, r4, lsr #1]
87800120:	878000ac 	strhi	r0, [r0, ip, lsr #1]
87800124:	87800100 	strhi	r0, [r0, r0, lsl #2]
87800128:	80600000 	rsbhi	r0, r0, r0
8780012c:	80400000 	subhi	r0, r0, r0
87800130:	80200000 	eorhi	r0, r0, r0
87800134:	8780083d 			; <UNDEFINED> instruction: 0x8780083d
87800138:	00001e41 	andeq	r1, r0, r1, asr #28
8780013c:	61656100 	cmnvs	r5, r0, lsl #2
87800140:	01006962 	tsteq	r0, r2, ror #18
87800144:	00000014 	andeq	r0, r0, r4, lsl r0
87800148:	412d3705 			; <UNDEFINED> instruction: 0x412d3705
8780014c:	070a0600 	streq	r0, [sl, -r0, lsl #12]
87800150:	09010841 	stmdbeq	r1, {r0, r6, fp}
87800154:	00040a02 	andeq	r0, r4, r2, lsl #20
	...

87800160 <__umodsi3>:
87800160:	e2512001 	subs	r2, r1, #1
87800164:	3a000062 	bcc	878002f4 <Ldiv0>
87800168:	11500001 	cmpne	r0, r1
8780016c:	03a00000 	moveq	r0, #0
87800170:	81110002 	tsthi	r1, r2
87800174:	00000002 	andeq	r0, r0, r2
87800178:	91a0f00e 	movls	pc, lr
8780017c:	e3a02000 	mov	r2, #0
87800180:	e3510201 	cmp	r1, #268435456	; 0x10000000
87800184:	31510000 	cmpcc	r1, r0
87800188:	31a01201 	lslcc	r1, r1, #4
8780018c:	32822004 	addcc	r2, r2, #4
87800190:	3afffffa 	bcc	87800180 <__umodsi3+0x20>
87800194:	e3510102 	cmp	r1, #-2147483648	; 0x80000000
87800198:	31510000 	cmpcc	r1, r0
8780019c:	31a01081 	lslcc	r1, r1, #1
878001a0:	32822001 	addcc	r2, r2, #1
878001a4:	3afffffa 	bcc	87800194 <__umodsi3+0x34>
878001a8:	e2522003 	subs	r2, r2, #3
878001ac:	ba00000e 	blt	878001ec <__umodsi3+0x8c>
878001b0:	e1500001 	cmp	r0, r1
878001b4:	20400001 	subcs	r0, r0, r1
878001b8:	e15000a1 	cmp	r0, r1, lsr #1
878001bc:	204000a1 	subcs	r0, r0, r1, lsr #1
878001c0:	e1500121 	cmp	r0, r1, lsr #2
878001c4:	20400121 	subcs	r0, r0, r1, lsr #2
878001c8:	e15001a1 	cmp	r0, r1, lsr #3
878001cc:	204001a1 	subcs	r0, r0, r1, lsr #3
878001d0:	e3500001 	cmp	r0, #1
878001d4:	e1a01221 	lsr	r1, r1, #4
878001d8:	a2522004 	subsge	r2, r2, #4
878001dc:	aafffff3 	bge	878001b0 <__umodsi3+0x50>
878001e0:	e3120003 	tst	r2, #3
878001e4:	13300000 	teqne	r0, #0
878001e8:	0a00000a 	beq	87800218 <__umodsi3+0xb8>
878001ec:	e3720002 	cmn	r2, #2
878001f0:	ba000006 	blt	87800210 <__umodsi3+0xb0>
878001f4:	0a000002 	beq	87800204 <__umodsi3+0xa4>
878001f8:	e1500001 	cmp	r0, r1
878001fc:	20400001 	subcs	r0, r0, r1
87800200:	e1a010a1 	lsr	r1, r1, #1
87800204:	e1500001 	cmp	r0, r1
87800208:	20400001 	subcs	r0, r0, r1
8780020c:	e1a010a1 	lsr	r1, r1, #1
87800210:	e1500001 	cmp	r0, r1
87800214:	20400001 	subcs	r0, r0, r1
87800218:	e1a0f00e 	mov	pc, lr
8780021c:	90909090 	umullsls	r9, r0, r0, r0

87800220 <__modsi3>:
87800220:	e3510000 	cmp	r1, #0
87800224:	0a000032 	beq	878002f4 <Ldiv0>
87800228:	42611000 	rsbmi	r1, r1, #0
8780022c:	e1b0c000 	movs	ip, r0
87800230:	42600000 	rsbmi	r0, r0, #0
87800234:	e2512001 	subs	r2, r1, #1
87800238:	11500001 	cmpne	r0, r1
8780023c:	03a00000 	moveq	r0, #0
87800240:	81110002 	tsthi	r1, r2
87800244:	00000002 	andeq	r0, r0, r2
87800248:	9a000026 	bls	878002e8 <__modsi3+0xc8>
8780024c:	e3a02000 	mov	r2, #0
87800250:	e3510201 	cmp	r1, #268435456	; 0x10000000
87800254:	31510000 	cmpcc	r1, r0
87800258:	31a01201 	lslcc	r1, r1, #4
8780025c:	32822004 	addcc	r2, r2, #4
87800260:	3afffffa 	bcc	87800250 <__modsi3+0x30>
87800264:	e3510102 	cmp	r1, #-2147483648	; 0x80000000
87800268:	31510000 	cmpcc	r1, r0
8780026c:	31a01081 	lslcc	r1, r1, #1
87800270:	32822001 	addcc	r2, r2, #1
87800274:	3afffffa 	bcc	87800264 <__modsi3+0x44>
87800278:	e2522003 	subs	r2, r2, #3
8780027c:	ba00000e 	blt	878002bc <__modsi3+0x9c>
87800280:	e1500001 	cmp	r0, r1
87800284:	20400001 	subcs	r0, r0, r1
87800288:	e15000a1 	cmp	r0, r1, lsr #1
8780028c:	204000a1 	subcs	r0, r0, r1, lsr #1
87800290:	e1500121 	cmp	r0, r1, lsr #2
87800294:	20400121 	subcs	r0, r0, r1, lsr #2
87800298:	e15001a1 	cmp	r0, r1, lsr #3
8780029c:	204001a1 	subcs	r0, r0, r1, lsr #3
878002a0:	e3500001 	cmp	r0, #1
878002a4:	e1a01221 	lsr	r1, r1, #4
878002a8:	a2522004 	subsge	r2, r2, #4
878002ac:	aafffff3 	bge	87800280 <__modsi3+0x60>
878002b0:	e3120003 	tst	r2, #3
878002b4:	13300000 	teqne	r0, #0
878002b8:	0a00000a 	beq	878002e8 <__modsi3+0xc8>
878002bc:	e3720002 	cmn	r2, #2
878002c0:	ba000006 	blt	878002e0 <__modsi3+0xc0>
878002c4:	0a000002 	beq	878002d4 <__modsi3+0xb4>
878002c8:	e1500001 	cmp	r0, r1
878002cc:	20400001 	subcs	r0, r0, r1
878002d0:	e1a010a1 	lsr	r1, r1, #1
878002d4:	e1500001 	cmp	r0, r1
878002d8:	20400001 	subcs	r0, r0, r1
878002dc:	e1a010a1 	lsr	r1, r1, #1
878002e0:	e1500001 	cmp	r0, r1
878002e4:	20400001 	subcs	r0, r0, r1
878002e8:	e35c0000 	cmp	ip, #0
878002ec:	42600000 	rsbmi	r0, r0, #0
878002f0:	e1a0f00e 	mov	pc, lr

878002f4 <Ldiv0>:
878002f4:	e52de004 	push	{lr}		; (str lr, [sp, #-4]!)
878002f8:	e3a00000 	mov	r0, #0
878002fc:	e49df004 	pop	{pc}		; (ldr pc, [sp], #4)

87800300 <clk_enable>:
87800300:	f44f 4380 	mov.w	r3, #16384	; 0x4000
87800304:	f04f 32ff 	mov.w	r2, #4294967295	; 0xffffffff
87800308:	f2c0 230c 	movt	r3, #524	; 0x20c
8780030c:	669a      	str	r2, [r3, #104]	; 0x68
8780030e:	66da      	str	r2, [r3, #108]	; 0x6c
87800310:	671a      	str	r2, [r3, #112]	; 0x70
87800312:	675a      	str	r2, [r3, #116]	; 0x74
87800314:	679a      	str	r2, [r3, #120]	; 0x78
87800316:	67da      	str	r2, [r3, #124]	; 0x7c
87800318:	f8c3 2080 	str.w	r2, [r3, #128]	; 0x80
8780031c:	4770      	bx	lr
8780031e:	bf00      	nop

87800320 <imx6u_clkinit>:
87800320:	f44f 4380 	mov.w	r3, #16384	; 0x4000
87800324:	b430      	push	{r4, r5}
87800326:	f2c0 230c 	movt	r3, #524	; 0x20c
8780032a:	68da      	ldr	r2, [r3, #12]
8780032c:	0751      	lsls	r1, r2, #29
8780032e:	d407      	bmi.n	87800340 <imx6u_clkinit+0x20>
87800330:	68da      	ldr	r2, [r3, #12]
87800332:	f422 7280 	bic.w	r2, r2, #256	; 0x100
87800336:	60da      	str	r2, [r3, #12]
87800338:	68da      	ldr	r2, [r3, #12]
8780033a:	f042 0204 	orr.w	r2, r2, #4
8780033e:	60da      	str	r2, [r3, #12]
87800340:	f44f 4100 	mov.w	r1, #32768	; 0x8000
87800344:	f44f 4280 	mov.w	r2, #16384	; 0x4000
87800348:	f2c0 220c 	movt	r2, #524	; 0x20c
8780034c:	f2c0 210c 	movt	r1, #524	; 0x20c
87800350:	f242 0042 	movw	r0, #8258	; 0x2042
87800354:	2300      	movs	r3, #0
87800356:	6008      	str	r0, [r1, #0]
87800358:	f241 041b 	movw	r4, #4123	; 0x101b
8780035c:	6113      	str	r3, [r2, #16]
8780035e:	f2c2 0418 	movt	r4, #8216	; 0x2018
87800362:	68d5      	ldr	r5, [r2, #12]
87800364:	f241 000c 	movw	r0, #4108	; 0x100c
87800368:	f2c1 3011 	movt	r0, #4881	; 0x1311
8780036c:	4613      	mov	r3, r2
8780036e:	f025 0504 	bic.w	r5, r5, #4
87800372:	60d5      	str	r5, [r2, #12]
87800374:	f8d1 5100 	ldr.w	r5, [r1, #256]	; 0x100
87800378:	f005 35c0 	and.w	r5, r5, #3233857728	; 0xc0c0c0c0
8780037c:	432c      	orrs	r4, r5
8780037e:	f8c1 4100 	str.w	r4, [r1, #256]	; 0x100
87800382:	f8d1 4100 	ldr.w	r4, [r1, #256]	; 0x100
87800386:	f004 34c0 	and.w	r4, r4, #3233857728	; 0xc0c0c0c0
8780038a:	4320      	orrs	r0, r4
8780038c:	f8c1 00f0 	str.w	r0, [r1, #240]	; 0xf0
87800390:	6991      	ldr	r1, [r2, #24]
87800392:	f421 2140 	bic.w	r1, r1, #786432	; 0xc0000
87800396:	6191      	str	r1, [r2, #24]
87800398:	6991      	ldr	r1, [r2, #24]
8780039a:	f441 2180 	orr.w	r1, r1, #262144	; 0x40000
8780039e:	6191      	str	r1, [r2, #24]
878003a0:	6951      	ldr	r1, [r2, #20]
878003a2:	f021 7100 	bic.w	r1, r1, #33554432	; 0x2000000
878003a6:	6151      	str	r1, [r2, #20]
878003a8:	6c9a      	ldr	r2, [r3, #72]	; 0x48
878003aa:	0692      	lsls	r2, r2, #26
878003ac:	d4fc      	bmi.n	878003a8 <imx6u_clkinit+0x88>
878003ae:	695a      	ldr	r2, [r3, #20]
878003b0:	bc30      	pop	{r4, r5}
878003b2:	f422 7240 	bic.w	r2, r2, #768	; 0x300
878003b6:	615a      	str	r2, [r3, #20]
878003b8:	695a      	ldr	r2, [r3, #20]
878003ba:	f442 7280 	orr.w	r2, r2, #256	; 0x100
878003be:	615a      	str	r2, [r3, #20]
878003c0:	69da      	ldr	r2, [r3, #28]
878003c2:	f022 0240 	bic.w	r2, r2, #64	; 0x40
878003c6:	61da      	str	r2, [r3, #28]
878003c8:	69da      	ldr	r2, [r3, #28]
878003ca:	f022 023f 	bic.w	r2, r2, #63	; 0x3f
878003ce:	61da      	str	r2, [r3, #28]
878003d0:	6a5a      	ldr	r2, [r3, #36]	; 0x24
878003d2:	f022 0240 	bic.w	r2, r2, #64	; 0x40
878003d6:	625a      	str	r2, [r3, #36]	; 0x24
878003d8:	6a5a      	ldr	r2, [r3, #36]	; 0x24
878003da:	f022 023f 	bic.w	r2, r2, #63	; 0x3f
878003de:	625a      	str	r2, [r3, #36]	; 0x24
878003e0:	4770      	bx	lr
878003e2:	bf00      	nop

878003e4 <led_init>:
878003e4:	2168      	movs	r1, #104	; 0x68
878003e6:	f44f 723d 	mov.w	r2, #756	; 0x2f4
878003ea:	f44f 4340 	mov.w	r3, #49152	; 0xc000
878003ee:	b430      	push	{r4, r5}
878003f0:	f2c0 2309 	movt	r3, #521	; 0x209
878003f4:	2505      	movs	r5, #5
878003f6:	f2c0 220e 	movt	r2, #526	; 0x20e
878003fa:	f241 04b0 	movw	r4, #4272	; 0x10b0
878003fe:	2008      	movs	r0, #8
87800400:	f2c0 210e 	movt	r1, #526	; 0x20e
87800404:	600d      	str	r5, [r1, #0]
87800406:	6014      	str	r4, [r2, #0]
87800408:	6058      	str	r0, [r3, #4]
8780040a:	681a      	ldr	r2, [r3, #0]
8780040c:	bc30      	pop	{r4, r5}
8780040e:	4302      	orrs	r2, r0
87800410:	601a      	str	r2, [r3, #0]
87800412:	4770      	bx	lr

87800414 <led_on>:
87800414:	f44f 4340 	mov.w	r3, #49152	; 0xc000
87800418:	f2c0 2309 	movt	r3, #521	; 0x209
8780041c:	681a      	ldr	r2, [r3, #0]
8780041e:	f022 0208 	bic.w	r2, r2, #8
87800422:	601a      	str	r2, [r3, #0]
87800424:	4770      	bx	lr
87800426:	bf00      	nop

87800428 <led_off>:
87800428:	f44f 4340 	mov.w	r3, #49152	; 0xc000
8780042c:	f2c0 2309 	movt	r3, #521	; 0x209
87800430:	681a      	ldr	r2, [r3, #0]
87800432:	f042 0208 	orr.w	r2, r2, #8
87800436:	601a      	str	r2, [r3, #0]
87800438:	4770      	bx	lr
8780043a:	bf00      	nop

8780043c <led_switch>:
8780043c:	b950      	cbnz	r0, 87800454 <led_switch+0x18>
8780043e:	2901      	cmp	r1, #1
87800440:	d009      	beq.n	87800456 <led_switch+0x1a>
87800442:	b939      	cbnz	r1, 87800454 <led_switch+0x18>
87800444:	f44f 4340 	mov.w	r3, #49152	; 0xc000
87800448:	f2c0 2309 	movt	r3, #521	; 0x209
8780044c:	681a      	ldr	r2, [r3, #0]
8780044e:	f042 0208 	orr.w	r2, r2, #8
87800452:	601a      	str	r2, [r3, #0]
87800454:	4770      	bx	lr
87800456:	f44f 4340 	mov.w	r3, #49152	; 0xc000
8780045a:	f2c0 2309 	movt	r3, #521	; 0x209
8780045e:	681a      	ldr	r2, [r3, #0]
87800460:	f022 0208 	bic.w	r2, r2, #8
87800464:	601a      	str	r2, [r3, #0]
87800466:	4770      	bx	lr

87800468 <delay_init>:
87800468:	f44f 4200 	mov.w	r2, #32768	; 0x8000
8780046c:	2000      	movs	r0, #0
8780046e:	f2c0 2209 	movt	r2, #521	; 0x209
87800472:	f44f 4100 	mov.w	r1, #32768	; 0x8000
87800476:	4613      	mov	r3, r2
87800478:	6010      	str	r0, [r2, #0]
8780047a:	6011      	str	r1, [r2, #0]
8780047c:	681a      	ldr	r2, [r3, #0]
8780047e:	0412      	lsls	r2, r2, #16
87800480:	d4fc      	bmi.n	8780047c <delay_init+0x14>
87800482:	681a      	ldr	r2, [r3, #0]
87800484:	2041      	movs	r0, #65	; 0x41
87800486:	f04f 31ff 	mov.w	r1, #4294967295	; 0xffffffff
8780048a:	f042 0242 	orr.w	r2, r2, #66	; 0x42
8780048e:	601a      	str	r2, [r3, #0]
87800490:	6058      	str	r0, [r3, #4]
87800492:	6119      	str	r1, [r3, #16]
87800494:	681a      	ldr	r2, [r3, #0]
87800496:	f042 0201 	orr.w	r2, r2, #1
8780049a:	601a      	str	r2, [r3, #0]
8780049c:	4770      	bx	lr
8780049e:	bf00      	nop

878004a0 <delay_us>:
878004a0:	f44f 4100 	mov.w	r1, #32768	; 0x8000
878004a4:	b430      	push	{r4, r5}
878004a6:	f2c0 2109 	movt	r1, #521	; 0x209
878004aa:	2400      	movs	r4, #0
878004ac:	6a4a      	ldr	r2, [r1, #36]	; 0x24
878004ae:	6a4b      	ldr	r3, [r1, #36]	; 0x24
878004b0:	429a      	cmp	r2, r3
878004b2:	d0fc      	beq.n	878004ae <delay_us+0xe>
878004b4:	f104 35ff 	add.w	r5, r4, #4294967295	; 0xffffffff
878004b8:	eba4 0402 	sub.w	r4, r4, r2
878004bc:	eba5 0202 	sub.w	r2, r5, r2
878004c0:	bf34      	ite	cc
878004c2:	18e4      	addcc	r4, r4, r3
878004c4:	18d4      	addcs	r4, r2, r3
878004c6:	461a      	mov	r2, r3
878004c8:	4284      	cmp	r4, r0
878004ca:	d3f0      	bcc.n	878004ae <delay_us+0xe>
878004cc:	bc30      	pop	{r4, r5}
878004ce:	4770      	bx	lr

878004d0 <delay_ms>:
878004d0:	b1e0      	cbz	r0, 8780050c <delay_ms+0x3c>
878004d2:	f44f 4100 	mov.w	r1, #32768	; 0x8000
878004d6:	b470      	push	{r4, r5, r6}
878004d8:	f2c0 2109 	movt	r1, #521	; 0x209
878004dc:	2600      	movs	r6, #0
878004de:	2400      	movs	r4, #0
878004e0:	6a4a      	ldr	r2, [r1, #36]	; 0x24
878004e2:	6a4b      	ldr	r3, [r1, #36]	; 0x24
878004e4:	4293      	cmp	r3, r2
878004e6:	d0fc      	beq.n	878004e2 <delay_ms+0x12>
878004e8:	f104 35ff 	add.w	r5, r4, #4294967295	; 0xffffffff
878004ec:	eba4 0402 	sub.w	r4, r4, r2
878004f0:	eba5 0202 	sub.w	r2, r5, r2
878004f4:	bf8c      	ite	hi
878004f6:	18e4      	addhi	r4, r4, r3
878004f8:	189c      	addls	r4, r3, r2
878004fa:	461a      	mov	r2, r3
878004fc:	f5b4 7f7a 	cmp.w	r4, #1000	; 0x3e8
87800500:	d3ef      	bcc.n	878004e2 <delay_ms+0x12>
87800502:	3601      	adds	r6, #1
87800504:	4286      	cmp	r6, r0
87800506:	d1ea      	bne.n	878004de <delay_ms+0xe>
87800508:	bc70      	pop	{r4, r5, r6}
8780050a:	4770      	bx	lr
8780050c:	4770      	bx	lr
8780050e:	bf00      	nop

87800510 <delay_short>:
87800510:	b082      	sub	sp, #8
87800512:	9001      	str	r0, [sp, #4]
87800514:	9b01      	ldr	r3, [sp, #4]
87800516:	1e5a      	subs	r2, r3, #1
87800518:	9201      	str	r2, [sp, #4]
8780051a:	2b00      	cmp	r3, #0
8780051c:	d1fa      	bne.n	87800514 <delay_short+0x4>
8780051e:	b002      	add	sp, #8
87800520:	4770      	bx	lr
87800522:	bf00      	nop

87800524 <delay>:
87800524:	b082      	sub	sp, #8
87800526:	9001      	str	r0, [sp, #4]
87800528:	9b01      	ldr	r3, [sp, #4]
8780052a:	1e5a      	subs	r2, r3, #1
8780052c:	9201      	str	r2, [sp, #4]
8780052e:	b153      	cbz	r3, 87800546 <delay+0x22>
87800530:	f240 73ff 	movw	r3, #2047	; 0x7ff
87800534:	461a      	mov	r2, r3
87800536:	3b01      	subs	r3, #1
87800538:	2a00      	cmp	r2, #0
8780053a:	d1fb      	bne.n	87800534 <delay+0x10>
8780053c:	9b01      	ldr	r3, [sp, #4]
8780053e:	1e5a      	subs	r2, r3, #1
87800540:	9201      	str	r2, [sp, #4]
87800542:	2b00      	cmp	r3, #0
87800544:	d1f4      	bne.n	87800530 <delay+0xc>
87800546:	b002      	add	sp, #8
87800548:	4770      	bx	lr
8780054a:	bf00      	nop

8780054c <beep_init>:
8780054c:	210c      	movs	r1, #12
8780054e:	2250      	movs	r2, #80	; 0x50
87800550:	b530      	push	{r4, r5, lr}
87800552:	2301      	movs	r3, #1
87800554:	b085      	sub	sp, #20
87800556:	f2c0 2129 	movt	r1, #553	; 0x229
8780055a:	2505      	movs	r5, #5
8780055c:	f2c0 2229 	movt	r2, #553	; 0x229
87800560:	f241 04b0 	movw	r4, #4272	; 0x10b0
87800564:	f44f 4040 	mov.w	r0, #49152	; 0xc000
87800568:	600d      	str	r5, [r1, #0]
8780056a:	f2c0 200a 	movt	r0, #522	; 0x20a
8780056e:	6014      	str	r4, [r2, #0]
87800570:	4619      	mov	r1, r3
87800572:	aa01      	add	r2, sp, #4
87800574:	9301      	str	r3, [sp, #4]
87800576:	f88d 3008 	strb.w	r3, [sp, #8]
8780057a:	f000 f8c1 	bl	87800700 <gpio_init>
8780057e:	b005      	add	sp, #20
87800580:	bd30      	pop	{r4, r5, pc}
87800582:	bf00      	nop

87800584 <beep_switch>:
87800584:	2801      	cmp	r0, #1
87800586:	4601      	mov	r1, r0
87800588:	d009      	beq.n	8780059e <beep_switch+0x1a>
8780058a:	b100      	cbz	r0, 8780058e <beep_switch+0xa>
8780058c:	4770      	bx	lr
8780058e:	2201      	movs	r2, #1
87800590:	f44f 4040 	mov.w	r0, #49152	; 0xc000
87800594:	4611      	mov	r1, r2
87800596:	f2c0 200a 	movt	r0, #522	; 0x20a
8780059a:	f000 b85f 	b.w	8780065c <gpio_pinwrite>
8780059e:	f44f 4040 	mov.w	r0, #49152	; 0xc000
878005a2:	2200      	movs	r2, #0
878005a4:	f2c0 200a 	movt	r0, #522	; 0x20a
878005a8:	f000 b858 	b.w	8780065c <gpio_pinwrite>

878005ac <key_init>:
878005ac:	218c      	movs	r1, #140	; 0x8c
878005ae:	b530      	push	{r4, r5, lr}
878005b0:	f2c0 210e 	movt	r1, #526	; 0x20e
878005b4:	b085      	sub	sp, #20
878005b6:	2005      	movs	r0, #5
878005b8:	f44f 7346 	mov.w	r3, #792	; 0x318
878005bc:	6008      	str	r0, [r1, #0]
878005be:	f2c0 230e 	movt	r3, #526	; 0x20e
878005c2:	aa04      	add	r2, sp, #16
878005c4:	f24f 0580 	movw	r5, #61568	; 0xf080
878005c8:	2400      	movs	r4, #0
878005ca:	f44f 4040 	mov.w	r0, #49152	; 0xc000
878005ce:	601d      	str	r5, [r3, #0]
878005d0:	f2c0 2009 	movt	r0, #521	; 0x209
878005d4:	f842 4d0c 	str.w	r4, [r2, #-12]!
878005d8:	2112      	movs	r1, #18
878005da:	f000 f891 	bl	87800700 <gpio_init>
878005de:	b005      	add	sp, #20
878005e0:	bd30      	pop	{r4, r5, pc}
878005e2:	bf00      	nop

878005e4 <read_key>:
878005e4:	f44f 4040 	mov.w	r0, #49152	; 0xc000
878005e8:	2112      	movs	r1, #18
878005ea:	f2c0 2009 	movt	r0, #521	; 0x209
878005ee:	f000 b82f 	b.w	87800650 <gpio_pinread>
878005f2:	bf00      	nop

878005f4 <key_getvalue>:
878005f4:	b538      	push	{r3, r4, r5, lr}
878005f6:	f648 2444 	movw	r4, #35396	; 0x8a44
878005fa:	f2c8 7480 	movt	r4, #34688	; 0x8780
878005fe:	7823      	ldrb	r3, [r4, #0]
87800600:	2b01      	cmp	r3, #1
87800602:	d00b      	beq.n	8780061c <key_getvalue+0x28>
87800604:	f44f 4040 	mov.w	r0, #49152	; 0xc000
87800608:	2112      	movs	r1, #18
8780060a:	f2c0 2009 	movt	r0, #521	; 0x209
8780060e:	f000 f81f 	bl	87800650 <gpio_pinread>
87800612:	2801      	cmp	r0, #1
87800614:	bf08      	it	eq
87800616:	7020      	strbeq	r0, [r4, #0]
87800618:	2000      	movs	r0, #0
8780061a:	bd38      	pop	{r3, r4, r5, pc}
8780061c:	f44f 4040 	mov.w	r0, #49152	; 0xc000
87800620:	2112      	movs	r1, #18
87800622:	f2c0 2009 	movt	r0, #521	; 0x209
87800626:	f000 f813 	bl	87800650 <gpio_pinread>
8780062a:	4605      	mov	r5, r0
8780062c:	2800      	cmp	r0, #0
8780062e:	d1e9      	bne.n	87800604 <key_getvalue+0x10>
87800630:	200a      	movs	r0, #10
87800632:	f7ff ff77 	bl	87800524 <delay>
87800636:	f44f 4040 	mov.w	r0, #49152	; 0xc000
8780063a:	2112      	movs	r1, #18
8780063c:	f2c0 2009 	movt	r0, #521	; 0x209
87800640:	7025      	strb	r5, [r4, #0]
87800642:	f000 f805 	bl	87800650 <gpio_pinread>
87800646:	fab0 f080 	clz	r0, r0
8780064a:	0940      	lsrs	r0, r0, #5
8780064c:	bd38      	pop	{r3, r4, r5, pc}
8780064e:	bf00      	nop

87800650 <gpio_pinread>:
87800650:	6800      	ldr	r0, [r0, #0]
87800652:	40c8      	lsrs	r0, r1
87800654:	f000 0001 	and.w	r0, r0, #1
87800658:	4770      	bx	lr
8780065a:	bf00      	nop

8780065c <gpio_pinwrite>:
8780065c:	2301      	movs	r3, #1
8780065e:	fa03 f101 	lsl.w	r1, r3, r1
87800662:	6803      	ldr	r3, [r0, #0]
87800664:	b112      	cbz	r2, 8780066c <gpio_pinwrite+0x10>
87800666:	4319      	orrs	r1, r3
87800668:	6001      	str	r1, [r0, #0]
8780066a:	4770      	bx	lr
8780066c:	ea23 0101 	bic.w	r1, r3, r1
87800670:	6001      	str	r1, [r0, #0]
87800672:	4770      	bx	lr

87800674 <gpio_intconfig>:
87800674:	b410      	push	{r4}
87800676:	2301      	movs	r3, #1
87800678:	69c4      	ldr	r4, [r0, #28]
8780067a:	408b      	lsls	r3, r1
8780067c:	290f      	cmp	r1, #15
8780067e:	f102 32ff 	add.w	r2, r2, #4294967295	; 0xffffffff
87800682:	bf88      	it	hi
87800684:	3910      	subhi	r1, #16
87800686:	ea24 0403 	bic.w	r4, r4, r3
8780068a:	61c4      	str	r4, [r0, #28]
8780068c:	bf94      	ite	ls
8780068e:	f100 040c 	addls.w	r4, r0, #12
87800692:	f100 0410 	addhi.w	r4, r0, #16
87800696:	2a04      	cmp	r2, #4
87800698:	d80e      	bhi.n	878006b8 <gpio_intconfig+0x44>
8780069a:	e8df f002 	tbb	[pc, r2]
8780069e:	26210316 			; <UNDEFINED> instruction: 0x26210316
878006a2:	68230010 	stmdavs	r3!, {r4}
878006a6:	0049      	lsls	r1, r1, #1
878006a8:	2003      	movs	r0, #3
878006aa:	2201      	movs	r2, #1
878006ac:	4088      	lsls	r0, r1
878006ae:	408a      	lsls	r2, r1
878006b0:	ea23 0100 	bic.w	r1, r3, r0
878006b4:	4311      	orrs	r1, r2
878006b6:	6021      	str	r1, [r4, #0]
878006b8:	f85d 4b04 	ldr.w	r4, [sp], #4
878006bc:	4770      	bx	lr
878006be:	69c2      	ldr	r2, [r0, #28]
878006c0:	f85d 4b04 	ldr.w	r4, [sp], #4
878006c4:	4313      	orrs	r3, r2
878006c6:	61c3      	str	r3, [r0, #28]
878006c8:	4770      	bx	lr
878006ca:	0049      	lsls	r1, r1, #1
878006cc:	6823      	ldr	r3, [r4, #0]
878006ce:	2203      	movs	r2, #3
878006d0:	fa02 f101 	lsl.w	r1, r2, r1
878006d4:	ea23 0101 	bic.w	r1, r3, r1
878006d8:	6021      	str	r1, [r4, #0]
878006da:	f85d 4b04 	ldr.w	r4, [sp], #4
878006de:	4770      	bx	lr
878006e0:	0049      	lsls	r1, r1, #1
878006e2:	2003      	movs	r0, #3
878006e4:	6823      	ldr	r3, [r4, #0]
878006e6:	2202      	movs	r2, #2
878006e8:	e7e0      	b.n	878006ac <gpio_intconfig+0x38>
878006ea:	0049      	lsls	r1, r1, #1
878006ec:	6822      	ldr	r2, [r4, #0]
878006ee:	2303      	movs	r3, #3
878006f0:	fa03 f101 	lsl.w	r1, r3, r1
878006f4:	4311      	orrs	r1, r2
878006f6:	6021      	str	r1, [r4, #0]
878006f8:	f85d 4b04 	ldr.w	r4, [sp], #4
878006fc:	4770      	bx	lr
878006fe:	bf00      	nop

87800700 <gpio_init>:
87800700:	2301      	movs	r3, #1
87800702:	b470      	push	{r4, r5, r6}
87800704:	408b      	lsls	r3, r1
87800706:	6944      	ldr	r4, [r0, #20]
87800708:	6816      	ldr	r6, [r2, #0]
8780070a:	43dd      	mvns	r5, r3
8780070c:	402c      	ands	r4, r5
8780070e:	6144      	str	r4, [r0, #20]
87800710:	b15e      	cbz	r6, 8780072a <gpio_init+0x2a>
87800712:	6844      	ldr	r4, [r0, #4]
87800714:	431c      	orrs	r4, r3
87800716:	6044      	str	r4, [r0, #4]
87800718:	7914      	ldrb	r4, [r2, #4]
8780071a:	b16c      	cbz	r4, 87800738 <gpio_init+0x38>
8780071c:	6804      	ldr	r4, [r0, #0]
8780071e:	6892      	ldr	r2, [r2, #8]
87800720:	4323      	orrs	r3, r4
87800722:	bc70      	pop	{r4, r5, r6}
87800724:	6003      	str	r3, [r0, #0]
87800726:	f7ff bfa5 	b.w	87800674 <gpio_intconfig>
8780072a:	6843      	ldr	r3, [r0, #4]
8780072c:	6892      	ldr	r2, [r2, #8]
8780072e:	401d      	ands	r5, r3
87800730:	6045      	str	r5, [r0, #4]
87800732:	bc70      	pop	{r4, r5, r6}
87800734:	f7ff bf9e 	b.w	87800674 <gpio_intconfig>
87800738:	6803      	ldr	r3, [r0, #0]
8780073a:	6892      	ldr	r2, [r2, #8]
8780073c:	401d      	ands	r5, r3
8780073e:	6005      	str	r5, [r0, #0]
87800740:	bc70      	pop	{r4, r5, r6}
87800742:	f7ff bf97 	b.w	87800674 <gpio_intconfig>
87800746:	bf00      	nop

87800748 <gpio_enableint>:
87800748:	6942      	ldr	r2, [r0, #20]
8780074a:	2301      	movs	r3, #1
8780074c:	fa03 f101 	lsl.w	r1, r3, r1
87800750:	4311      	orrs	r1, r2
87800752:	6141      	str	r1, [r0, #20]
87800754:	4770      	bx	lr
87800756:	bf00      	nop

87800758 <gpio_disableint>:
87800758:	6943      	ldr	r3, [r0, #20]
8780075a:	2201      	movs	r2, #1
8780075c:	fa02 f101 	lsl.w	r1, r2, r1
87800760:	ea23 0301 	bic.w	r3, r3, r1
87800764:	6143      	str	r3, [r0, #20]
87800766:	4770      	bx	lr

87800768 <gpio_clearintflags>:
87800768:	6982      	ldr	r2, [r0, #24]
8780076a:	2301      	movs	r3, #1
8780076c:	fa03 f101 	lsl.w	r1, r3, r1
87800770:	4311      	orrs	r1, r2
87800772:	6181      	str	r1, [r0, #24]
87800774:	4770      	bx	lr
87800776:	bf00      	nop

87800778 <default_irqhandler>:
87800778:	e7fe      	b.n	87800778 <default_irqhandler>
8780077a:	bf00      	nop

8780077c <int_init>:
8780077c:	b470      	push	{r4, r5, r6}
8780077e:	ee9f 4f10 	mrc	15, 4, r4, cr15, cr0, {0}
87800782:	0c24      	lsrs	r4, r4, #16
87800784:	f241 0204 	movw	r2, #4100	; 0x1004
87800788:	2300      	movs	r3, #0
8780078a:	0424      	lsls	r4, r4, #16
8780078c:	f04f 30ff 	mov.w	r0, #4294967295	; 0xffffffff
87800790:	58a1      	ldr	r1, [r4, r2]
87800792:	f001 011f 	and.w	r1, r1, #31
87800796:	3101      	adds	r1, #1
87800798:	f503 628c 	add.w	r2, r3, #1120	; 0x460
8780079c:	3301      	adds	r3, #1
8780079e:	4299      	cmp	r1, r3
878007a0:	f844 0022 	str.w	r0, [r4, r2, lsl #2]
878007a4:	d1f8      	bne.n	87800798 <int_init+0x1c>
878007a6:	f648 3348 	movw	r3, #35656	; 0x8b48
878007aa:	2500      	movs	r5, #0
878007ac:	f2c8 7380 	movt	r3, #34688	; 0x8780
878007b0:	f242 0104 	movw	r1, #8196	; 0x2004
878007b4:	26f8      	movs	r6, #248	; 0xf8
878007b6:	f240 7279 	movw	r2, #1913	; 0x779
878007ba:	5066      	str	r6, [r4, r1]
878007bc:	f203 5004 	addw	r0, r3, #1284	; 0x504
878007c0:	f242 0608 	movw	r6, #8200	; 0x2008
878007c4:	4629      	mov	r1, r5
878007c6:	f843 5b04 	str.w	r5, [r3], #4
878007ca:	f2c8 7280 	movt	r2, #34688	; 0x8780
878007ce:	2502      	movs	r5, #2
878007d0:	51a5      	str	r5, [r4, r6]
878007d2:	f504 5680 	add.w	r6, r4, #4096	; 0x1000
878007d6:	2501      	movs	r5, #1
878007d8:	f504 5400 	add.w	r4, r4, #8192	; 0x2000
878007dc:	6035      	str	r5, [r6, #0]
878007de:	6025      	str	r5, [r4, #0]
878007e0:	e9c3 2100 	strd	r2, r1, [r3]
878007e4:	3308      	adds	r3, #8
878007e6:	4298      	cmp	r0, r3
878007e8:	d1fa      	bne.n	878007e0 <int_init+0x64>
878007ea:	2300      	movs	r3, #0
878007ec:	f2c8 7380 	movt	r3, #34688	; 0x8780
878007f0:	ee0c 3f10 	mcr	15, 0, r3, cr12, cr0, {0}
878007f4:	bc70      	pop	{r4, r5, r6}
878007f6:	4770      	bx	lr

878007f8 <system_irqtable_init>:
878007f8:	b410      	push	{r4}
878007fa:	f240 7279 	movw	r2, #1913	; 0x779
878007fe:	2400      	movs	r4, #0
87800800:	f648 3348 	movw	r3, #35656	; 0x8b48
87800804:	4621      	mov	r1, r4
87800806:	f2c8 7280 	movt	r2, #34688	; 0x8780
8780080a:	f2c8 7380 	movt	r3, #34688	; 0x8780
8780080e:	f203 5004 	addw	r0, r3, #1284	; 0x504
87800812:	f843 4b04 	str.w	r4, [r3], #4
87800816:	e9c3 2100 	strd	r2, r1, [r3]
8780081a:	3308      	adds	r3, #8
8780081c:	4283      	cmp	r3, r0
8780081e:	d1fa      	bne.n	87800816 <system_irqtable_init+0x1e>
87800820:	f85d 4b04 	ldr.w	r4, [sp], #4
87800824:	4770      	bx	lr
87800826:	bf00      	nop

87800828 <system_register_irqhandler>:
87800828:	f648 3348 	movw	r3, #35656	; 0x8b48
8780082c:	f2c8 7380 	movt	r3, #34688	; 0x8780
87800830:	eb03 00c0 	add.w	r0, r3, r0, lsl #3
87800834:	e9c0 1201 	strd	r1, r2, [r0, #4]
87800838:	4770      	bx	lr
8780083a:	bf00      	nop

8780083c <system_irqhandler>:
8780083c:	b538      	push	{r3, r4, r5, lr}
8780083e:	f3c0 0309 	ubfx	r3, r0, #0, #10
87800842:	2b9f      	cmp	r3, #159	; 0x9f
87800844:	d80f      	bhi.n	87800866 <system_irqhandler+0x2a>
87800846:	f648 3448 	movw	r4, #35656	; 0x8b48
8780084a:	4618      	mov	r0, r3
8780084c:	f2c8 7480 	movt	r4, #34688	; 0x8780
87800850:	6822      	ldr	r2, [r4, #0]
87800852:	eb04 03c3 	add.w	r3, r4, r3, lsl #3
87800856:	685d      	ldr	r5, [r3, #4]
87800858:	3201      	adds	r2, #1
8780085a:	6899      	ldr	r1, [r3, #8]
8780085c:	6022      	str	r2, [r4, #0]
8780085e:	47a8      	blx	r5
87800860:	6823      	ldr	r3, [r4, #0]
87800862:	3b01      	subs	r3, #1
87800864:	6023      	str	r3, [r4, #0]
87800866:	bd38      	pop	{r3, r4, r5, pc}

87800868 <gpio1_io18_irqhandler>:
87800868:	b508      	push	{r3, lr}
8780086a:	200a      	movs	r0, #10
8780086c:	f7ff fe5a 	bl	87800524 <delay>
87800870:	f44f 4040 	mov.w	r0, #49152	; 0xc000
87800874:	2112      	movs	r1, #18
87800876:	f2c0 2009 	movt	r0, #521	; 0x209
8780087a:	f7ff fee9 	bl	87800650 <gpio_pinread>
8780087e:	b958      	cbnz	r0, 87800898 <gpio1_io18_irqhandler+0x30>
87800880:	f249 024c 	movw	r2, #36940	; 0x904c
87800884:	f2c8 7280 	movt	r2, #34688	; 0x8780
87800888:	7813      	ldrb	r3, [r2, #0]
8780088a:	fab3 f383 	clz	r3, r3
8780088e:	095b      	lsrs	r3, r3, #5
87800890:	4618      	mov	r0, r3
87800892:	7013      	strb	r3, [r2, #0]
87800894:	f7ff fe76 	bl	87800584 <beep_switch>
87800898:	f44f 4040 	mov.w	r0, #49152	; 0xc000
8780089c:	2112      	movs	r1, #18
8780089e:	f2c0 2009 	movt	r0, #521	; 0x209
878008a2:	e8bd 4008 	ldmia.w	sp!, {r3, lr}
878008a6:	f7ff bf5f 	b.w	87800768 <gpio_clearintflags>
878008aa:	bf00      	nop

878008ac <exit_init>:
878008ac:	228c      	movs	r2, #140	; 0x8c
878008ae:	f44f 7346 	mov.w	r3, #792	; 0x318
878008b2:	b570      	push	{r4, r5, r6, lr}
878008b4:	f2c0 220e 	movt	r2, #526	; 0x20e
878008b8:	2005      	movs	r0, #5
878008ba:	f2c0 230e 	movt	r3, #526	; 0x20e
878008be:	f24f 0180 	movw	r1, #61568	; 0xf080
878008c2:	f44f 4440 	mov.w	r4, #49152	; 0xc000
878008c6:	b084      	sub	sp, #16
878008c8:	6010      	str	r0, [r2, #0]
878008ca:	f2c0 2409 	movt	r4, #521	; 0x209
878008ce:	6019      	str	r1, [r3, #0]
878008d0:	2104      	movs	r1, #4
878008d2:	2301      	movs	r3, #1
878008d4:	eb0d 0201 	add.w	r2, sp, r1
878008d8:	9103      	str	r1, [sp, #12]
878008da:	4620      	mov	r0, r4
878008dc:	2500      	movs	r5, #0
878008de:	2112      	movs	r1, #18
878008e0:	9501      	str	r5, [sp, #4]
878008e2:	f88d 3008 	strb.w	r3, [sp, #8]
878008e6:	f7ff ff0b 	bl	87800700 <gpio_init>
878008ea:	ee9f 3f10 	mrc	15, 4, r3, cr15, cr0, {0}
878008ee:	0c1b      	lsrs	r3, r3, #16
878008f0:	f241 100c 	movw	r0, #4364	; 0x110c
878008f4:	2608      	movs	r6, #8
878008f6:	041b      	lsls	r3, r3, #16
878008f8:	f640 0169 	movw	r1, #2153	; 0x869
878008fc:	462a      	mov	r2, r5
878008fe:	501e      	str	r6, [r3, r0]
87800900:	f2c8 7180 	movt	r1, #34688	; 0x8780
87800904:	2063      	movs	r0, #99	; 0x63
87800906:	f7ff ff8f 	bl	87800828 <system_register_irqhandler>
8780090a:	4620      	mov	r0, r4
8780090c:	2112      	movs	r1, #18
8780090e:	f7ff ff1b 	bl	87800748 <gpio_enableint>
87800912:	b004      	add	sp, #16
87800914:	bd70      	pop	{r4, r5, r6, pc}
87800916:	bf00      	nop

87800918 <epit1_irqhandler>:
87800918:	b508      	push	{r3, lr}
8780091a:	f249 034d 	movw	r3, #36941	; 0x904d
8780091e:	f2c8 7380 	movt	r3, #34688	; 0x8780
87800922:	2200      	movs	r2, #0
87800924:	f2c0 220d 	movt	r2, #525	; 0x20d
87800928:	7819      	ldrb	r1, [r3, #0]
8780092a:	fab1 f181 	clz	r1, r1
8780092e:	0949      	lsrs	r1, r1, #5
87800930:	7019      	strb	r1, [r3, #0]
87800932:	6853      	ldr	r3, [r2, #4]
87800934:	07db      	lsls	r3, r3, #31
87800936:	d502      	bpl.n	8780093e <epit1_irqhandler+0x26>
87800938:	2000      	movs	r0, #0
8780093a:	f7ff fd7f 	bl	8780043c <led_switch>
8780093e:	2300      	movs	r3, #0
87800940:	f2c0 230d 	movt	r3, #525	; 0x20d
87800944:	685a      	ldr	r2, [r3, #4]
87800946:	f042 0201 	orr.w	r2, r2, #1
8780094a:	605a      	str	r2, [r3, #4]
8780094c:	bd08      	pop	{r3, pc}
8780094e:	bf00      	nop

87800950 <epit1_init>:
87800950:	f640 72ff 	movw	r2, #4095	; 0xfff
87800954:	b538      	push	{r3, r4, r5, lr}
87800956:	4290      	cmp	r0, r2
87800958:	f04f 030e 	mov.w	r3, #14
8780095c:	bf28      	it	cs
8780095e:	4610      	movcs	r0, r2
87800960:	f2c0 1300 	movt	r3, #256	; 0x100
87800964:	ea43 1300 	orr.w	r3, r3, r0, lsl #4
87800968:	2400      	movs	r4, #0
8780096a:	f2c0 240d 	movt	r4, #525	; 0x20d
8780096e:	2200      	movs	r2, #0
87800970:	6022      	str	r2, [r4, #0]
87800972:	6023      	str	r3, [r4, #0]
87800974:	60a1      	str	r1, [r4, #8]
87800976:	60e2      	str	r2, [r4, #12]
87800978:	ee9f 3f10 	mrc	15, 4, r3, cr15, cr0, {0}
8780097c:	0c1b      	lsrs	r3, r3, #16
8780097e:	f241 1008 	movw	r0, #4360	; 0x1108
87800982:	f04f 7580 	mov.w	r5, #16777216	; 0x1000000
87800986:	041b      	lsls	r3, r3, #16
87800988:	f640 1119 	movw	r1, #2329	; 0x919
8780098c:	f2c8 7180 	movt	r1, #34688	; 0x8780
87800990:	501d      	str	r5, [r3, r0]
87800992:	2058      	movs	r0, #88	; 0x58
87800994:	f7ff ff48 	bl	87800828 <system_register_irqhandler>
87800998:	6823      	ldr	r3, [r4, #0]
8780099a:	f043 0301 	orr.w	r3, r3, #1
8780099e:	6023      	str	r3, [r4, #0]
878009a0:	bd38      	pop	{r3, r4, r5, pc}
878009a2:	bf00      	nop

878009a4 <filtertimer_irqhandler>:
878009a4:	b508      	push	{r3, lr}
878009a6:	2300      	movs	r3, #0
878009a8:	f2c0 230d 	movt	r3, #525	; 0x20d
878009ac:	685a      	ldr	r2, [r3, #4]
878009ae:	07d2      	lsls	r2, r2, #31
878009b0:	d407      	bmi.n	878009c2 <filtertimer_irqhandler+0x1e>
878009b2:	2300      	movs	r3, #0
878009b4:	f2c0 230d 	movt	r3, #525	; 0x20d
878009b8:	685a      	ldr	r2, [r3, #4]
878009ba:	f042 0201 	orr.w	r2, r2, #1
878009be:	605a      	str	r2, [r3, #4]
878009c0:	bd08      	pop	{r3, pc}
878009c2:	681a      	ldr	r2, [r3, #0]
878009c4:	f44f 4040 	mov.w	r0, #49152	; 0xc000
878009c8:	f2c0 2009 	movt	r0, #521	; 0x209
878009cc:	2112      	movs	r1, #18
878009ce:	f022 0201 	bic.w	r2, r2, #1
878009d2:	601a      	str	r2, [r3, #0]
878009d4:	f7ff fe3c 	bl	87800650 <gpio_pinread>
878009d8:	2800      	cmp	r0, #0
878009da:	d1ea      	bne.n	878009b2 <filtertimer_irqhandler+0xe>
878009dc:	f249 024e 	movw	r2, #36942	; 0x904e
878009e0:	f2c8 7280 	movt	r2, #34688	; 0x8780
878009e4:	7813      	ldrb	r3, [r2, #0]
878009e6:	fab3 f383 	clz	r3, r3
878009ea:	095b      	lsrs	r3, r3, #5
878009ec:	4618      	mov	r0, r3
878009ee:	7013      	strb	r3, [r2, #0]
878009f0:	f7ff fdc8 	bl	87800584 <beep_switch>
878009f4:	e7dd      	b.n	878009b2 <filtertimer_irqhandler+0xe>
878009f6:	bf00      	nop

878009f8 <gpio1_16_31_irqhandler>:
878009f8:	2300      	movs	r3, #0
878009fa:	b410      	push	{r4}
878009fc:	f2c0 230d 	movt	r3, #525	; 0x20d
87800a00:	f44f 5491 	mov.w	r4, #4640	; 0x1220
87800a04:	f2c0 040a 	movt	r4, #10
87800a08:	f44f 4040 	mov.w	r0, #49152	; 0xc000
87800a0c:	681a      	ldr	r2, [r3, #0]
87800a0e:	f2c0 2009 	movt	r0, #521	; 0x209
87800a12:	2112      	movs	r1, #18
87800a14:	f022 0201 	bic.w	r2, r2, #1
87800a18:	601a      	str	r2, [r3, #0]
87800a1a:	609c      	str	r4, [r3, #8]
87800a1c:	681a      	ldr	r2, [r3, #0]
87800a1e:	f85d 4b04 	ldr.w	r4, [sp], #4
87800a22:	f042 0201 	orr.w	r2, r2, #1
87800a26:	601a      	str	r2, [r3, #0]
87800a28:	f7ff be9e 	b.w	87800768 <gpio_clearintflags>

87800a2c <filtertimer_init>:
87800a2c:	2300      	movs	r3, #0
87800a2e:	210e      	movs	r1, #14
87800a30:	f2c0 230d 	movt	r3, #525	; 0x20d
87800a34:	2200      	movs	r2, #0
87800a36:	f2c0 1100 	movt	r1, #256	; 0x100
87800a3a:	b410      	push	{r4}
87800a3c:	601a      	str	r2, [r3, #0]
87800a3e:	6019      	str	r1, [r3, #0]
87800a40:	6098      	str	r0, [r3, #8]
87800a42:	60da      	str	r2, [r3, #12]
87800a44:	ee9f 3f10 	mrc	15, 4, r3, cr15, cr0, {0}
87800a48:	0c1b      	lsrs	r3, r3, #16
87800a4a:	f241 1008 	movw	r0, #4360	; 0x1108
87800a4e:	f04f 7480 	mov.w	r4, #16777216	; 0x1000000
87800a52:	041b      	lsls	r3, r3, #16
87800a54:	f640 11a5 	movw	r1, #2469	; 0x9a5
87800a58:	f2c8 7180 	movt	r1, #34688	; 0x8780
87800a5c:	501c      	str	r4, [r3, r0]
87800a5e:	2058      	movs	r0, #88	; 0x58
87800a60:	f85d 4b04 	ldr.w	r4, [sp], #4
87800a64:	f7ff bee0 	b.w	87800828 <system_register_irqhandler>

87800a68 <keyfilter_init>:
87800a68:	228c      	movs	r2, #140	; 0x8c
87800a6a:	f44f 7346 	mov.w	r3, #792	; 0x318
87800a6e:	b570      	push	{r4, r5, r6, lr}
87800a70:	f2c0 220e 	movt	r2, #526	; 0x20e
87800a74:	2005      	movs	r0, #5
87800a76:	f2c0 230e 	movt	r3, #526	; 0x20e
87800a7a:	f24f 0180 	movw	r1, #61568	; 0xf080
87800a7e:	f44f 4440 	mov.w	r4, #49152	; 0xc000
87800a82:	b084      	sub	sp, #16
87800a84:	6010      	str	r0, [r2, #0]
87800a86:	f2c0 2409 	movt	r4, #521	; 0x209
87800a8a:	6019      	str	r1, [r3, #0]
87800a8c:	2104      	movs	r1, #4
87800a8e:	2301      	movs	r3, #1
87800a90:	eb0d 0201 	add.w	r2, sp, r1
87800a94:	9103      	str	r1, [sp, #12]
87800a96:	4620      	mov	r0, r4
87800a98:	2500      	movs	r5, #0
87800a9a:	2112      	movs	r1, #18
87800a9c:	9501      	str	r5, [sp, #4]
87800a9e:	f88d 3008 	strb.w	r3, [sp, #8]
87800aa2:	f7ff fe2d 	bl	87800700 <gpio_init>
87800aa6:	ee9f 3f10 	mrc	15, 4, r3, cr15, cr0, {0}
87800aaa:	0c1b      	lsrs	r3, r3, #16
87800aac:	f241 100c 	movw	r0, #4364	; 0x110c
87800ab0:	2608      	movs	r6, #8
87800ab2:	041b      	lsls	r3, r3, #16
87800ab4:	f640 11f9 	movw	r1, #2553	; 0x9f9
87800ab8:	462a      	mov	r2, r5
87800aba:	501e      	str	r6, [r3, r0]
87800abc:	f2c8 7180 	movt	r1, #34688	; 0x8780
87800ac0:	2063      	movs	r0, #99	; 0x63
87800ac2:	f7ff feb1 	bl	87800828 <system_register_irqhandler>
87800ac6:	4620      	mov	r0, r4
87800ac8:	2112      	movs	r1, #18
87800aca:	f7ff fe3d 	bl	87800748 <gpio_enableint>
87800ace:	f44f 5091 	mov.w	r0, #4640	; 0x1220
87800ad2:	f2c0 000a 	movt	r0, #10
87800ad6:	f7ff ffa9 	bl	87800a2c <filtertimer_init>
87800ada:	b004      	add	sp, #16
87800adc:	bd70      	pop	{r4, r5, r6, pc}
87800ade:	bf00      	nop

87800ae0 <filtertimer_stop>:
87800ae0:	2300      	movs	r3, #0
87800ae2:	f2c0 230d 	movt	r3, #525	; 0x20d
87800ae6:	681a      	ldr	r2, [r3, #0]
87800ae8:	f022 0201 	bic.w	r2, r2, #1
87800aec:	601a      	str	r2, [r3, #0]
87800aee:	4770      	bx	lr

87800af0 <filtertimer_restart>:
87800af0:	2300      	movs	r3, #0
87800af2:	f2c0 230d 	movt	r3, #525	; 0x20d
87800af6:	681a      	ldr	r2, [r3, #0]
87800af8:	f022 0201 	bic.w	r2, r2, #1
87800afc:	601a      	str	r2, [r3, #0]
87800afe:	6098      	str	r0, [r3, #8]
87800b00:	681a      	ldr	r2, [r3, #0]
87800b02:	f042 0201 	orr.w	r2, r2, #1
87800b06:	601a      	str	r2, [r3, #0]
87800b08:	4770      	bx	lr
87800b0a:	bf00      	nop

87800b0c <uart_setbaudrate>:
87800b0c:	e92d 4ff0 	stmdb	sp!, {r4, r5, r6, r7, r8, r9, sl, fp, lr}
87800b10:	010c      	lsls	r4, r1, #4
87800b12:	b089      	sub	sp, #36	; 0x24
87800b14:	460e      	mov	r6, r1
87800b16:	4680      	mov	r8, r0
87800b18:	4617      	mov	r7, r2
87800b1a:	bf08      	it	eq
87800b1c:	4615      	moveq	r5, r2
87800b1e:	d013      	beq.n	87800b48 <uart_setbaudrate+0x3c>
87800b20:	46a1      	mov	r9, r4
87800b22:	4610      	mov	r0, r2
87800b24:	e000      	b.n	87800b28 <uart_setbaudrate+0x1c>
87800b26:	4689      	mov	r9, r1
87800b28:	4649      	mov	r1, r9
87800b2a:	f003 f97b 	bl	87803e24 <__aeabi_uidivmod>
87800b2e:	4648      	mov	r0, r9
87800b30:	2900      	cmp	r1, #0
87800b32:	d1f8      	bne.n	87800b26 <uart_setbaudrate+0x1a>
87800b34:	4649      	mov	r1, r9
87800b36:	4638      	mov	r0, r7
87800b38:	f003 f846 	bl	87803bc8 <__udivsi3>
87800b3c:	4649      	mov	r1, r9
87800b3e:	4605      	mov	r5, r0
87800b40:	4620      	mov	r0, r4
87800b42:	f003 f841 	bl	87803bc8 <__udivsi3>
87800b46:	4604      	mov	r4, r0
87800b48:	f64f 79f9 	movw	r9, #65529	; 0xfff9
87800b4c:	1e69      	subs	r1, r5, #1
87800b4e:	f2c0 0906 	movt	r9, #6
87800b52:	454d      	cmp	r5, r9
87800b54:	bf98      	it	ls
87800b56:	f5b4 3f80 	cmpls.w	r4, #65536	; 0x10000
87800b5a:	bf2c      	ite	cs
87800b5c:	f04f 0901 	movcs.w	r9, #1
87800b60:	f04f 0900 	movcc.w	r9, #0
87800b64:	f080 8086 	bcs.w	87800c74 <uart_setbaudrate+0x168>
87800b68:	f248 0201 	movw	r2, #32769	; 0x8001
87800b6c:	ea4f 1a05 	mov.w	sl, r5, lsl #4
87800b70:	f2c8 0200 	movt	r2, #32768	; 0x8000
87800b74:	f8cd 9008 	str.w	r9, [sp, #8]
87800b78:	fba1 2302 	umull	r2, r3, r1, r2
87800b7c:	4650      	mov	r0, sl
87800b7e:	46a3      	mov	fp, r4
87800b80:	0bdb      	lsrs	r3, r3, #15
87800b82:	1e59      	subs	r1, r3, #1
87800b84:	3301      	adds	r3, #1
87800b86:	9306      	str	r3, [sp, #24]
87800b88:	2905      	cmp	r1, #5
87800b8a:	46b9      	mov	r9, r7
87800b8c:	bf97      	itett	ls
87800b8e:	f244 236c 	movwls	r3, #17004	; 0x426c
87800b92:	2305      	movhi	r3, #5
87800b94:	f2c8 7380 	movtls	r3, #34688	; 0x8780
87800b98:	f853 3021 	ldrls.w	r3, [r3, r1, lsl #2]
87800b9c:	9307      	str	r3, [sp, #28]
87800b9e:	2300      	movs	r3, #0
87800ba0:	f1ba 0f00 	cmp.w	sl, #0
87800ba4:	d01d      	beq.n	87800be2 <uart_setbaudrate+0xd6>
87800ba6:	46a1      	mov	r9, r4
87800ba8:	4638      	mov	r0, r7
87800baa:	4654      	mov	r4, sl
87800bac:	f8cd a010 	str.w	sl, [sp, #16]
87800bb0:	2300      	movs	r3, #0
87800bb2:	4622      	mov	r2, r4
87800bb4:	4619      	mov	r1, r3
87800bb6:	f003 f993 	bl	87803ee0 <__aeabi_uldivmod>
87800bba:	4620      	mov	r0, r4
87800bbc:	2300      	movs	r3, #0
87800bbe:	4614      	mov	r4, r2
87800bc0:	2a00      	cmp	r2, #0
87800bc2:	d1f5      	bne.n	87800bb0 <uart_setbaudrate+0xa4>
87800bc4:	464c      	mov	r4, r9
87800bc6:	4681      	mov	r9, r0
87800bc8:	4649      	mov	r1, r9
87800bca:	9804      	ldr	r0, [sp, #16]
87800bcc:	9305      	str	r3, [sp, #20]
87800bce:	f002 fffb 	bl	87803bc8 <__udivsi3>
87800bd2:	4649      	mov	r1, r9
87800bd4:	9004      	str	r0, [sp, #16]
87800bd6:	4638      	mov	r0, r7
87800bd8:	f002 fff6 	bl	87803bc8 <__udivsi3>
87800bdc:	4681      	mov	r9, r0
87800bde:	e9dd 0304 	ldrd	r0, r3, [sp, #16]
87800be2:	fb0b fc03 	mul.w	ip, fp, r3
87800be6:	9f02      	ldr	r7, [sp, #8]
87800be8:	4602      	mov	r2, r0
87800bea:	2300      	movs	r3, #0
87800bec:	fbab 0109 	umull	r0, r1, fp, r9
87800bf0:	fb09 c907 	mla	r9, r9, r7, ip
87800bf4:	4449      	add	r1, r9
87800bf6:	f003 f973 	bl	87803ee0 <__aeabi_uldivmod>
87800bfa:	2300      	movs	r3, #0
87800bfc:	4299      	cmp	r1, r3
87800bfe:	bf08      	it	eq
87800c00:	42b0      	cmpeq	r0, r6
87800c02:	d331      	bcc.n	87800c68 <uart_setbaudrate+0x15c>
87800c04:	1b87      	subs	r7, r0, r6
87800c06:	eb61 0303 	sbc.w	r3, r1, r3
87800c0a:	9700      	str	r7, [sp, #0]
87800c0c:	9301      	str	r3, [sp, #4]
87800c0e:	f248 531f 	movw	r3, #34079	; 0x851f
87800c12:	e9dd 0100 	ldrd	r0, r1, [sp]
87800c16:	f2c5 13eb 	movt	r3, #20971	; 0x51eb
87800c1a:	fba6 6703 	umull	r6, r7, r6, r3
87800c1e:	2300      	movs	r3, #0
87800c20:	4299      	cmp	r1, r3
87800c22:	ea4f 1257 	mov.w	r2, r7, lsr #5
87800c26:	eb02 0242 	add.w	r2, r2, r2, lsl #1
87800c2a:	bf08      	it	eq
87800c2c:	4290      	cmpeq	r0, r2
87800c2e:	d218      	bcs.n	87800c62 <uart_setbaudrate+0x156>
87800c30:	f8d8 3090 	ldr.w	r3, [r8, #144]	; 0x90
87800c34:	3c01      	subs	r4, #1
87800c36:	9a07      	ldr	r2, [sp, #28]
87800c38:	b2a4      	uxth	r4, r4
87800c3a:	9906      	ldr	r1, [sp, #24]
87800c3c:	4628      	mov	r0, r5
87800c3e:	f423 7360 	bic.w	r3, r3, #896	; 0x380
87800c42:	f8c8 3090 	str.w	r3, [r8, #144]	; 0x90
87800c46:	f8d8 3090 	ldr.w	r3, [r8, #144]	; 0x90
87800c4a:	ea43 13c2 	orr.w	r3, r3, r2, lsl #7
87800c4e:	f8c8 3090 	str.w	r3, [r8, #144]	; 0x90
87800c52:	f8c8 40a4 	str.w	r4, [r8, #164]	; 0xa4
87800c56:	f002 ffb7 	bl	87803bc8 <__udivsi3>
87800c5a:	3801      	subs	r0, #1
87800c5c:	b280      	uxth	r0, r0
87800c5e:	f8c8 00a8 	str.w	r0, [r8, #168]	; 0xa8
87800c62:	b009      	add	sp, #36	; 0x24
87800c64:	e8bd 8ff0 	ldmia.w	sp!, {r4, r5, r6, r7, r8, r9, sl, fp, pc}
87800c68:	1a37      	subs	r7, r6, r0
87800c6a:	eb63 0301 	sbc.w	r3, r3, r1
87800c6e:	9700      	str	r7, [sp, #0]
87800c70:	9301      	str	r3, [sp, #4]
87800c72:	e7cc      	b.n	87800c0e <uart_setbaudrate+0x102>
87800c74:	f646 52b9 	movw	r2, #28089	; 0x6db9
87800c78:	f248 0901 	movw	r9, #32769	; 0x8001
87800c7c:	f2c2 4293 	movt	r2, #9363	; 0x2493
87800c80:	f104 3aff 	add.w	sl, r4, #4294967295	; 0xffffffff
87800c84:	fba1 2302 	umull	r2, r3, r1, r2
87800c88:	f2c8 0900 	movt	r9, #32768	; 0x8000
87800c8c:	4628      	mov	r0, r5
87800c8e:	fbaa ab09 	umull	sl, fp, sl, r9
87800c92:	e9cd 2302 	strd	r2, r3, [sp, #8]
87800c96:	1aca      	subs	r2, r1, r3
87800c98:	9b03      	ldr	r3, [sp, #12]
87800c9a:	ea4f 3adb 	mov.w	sl, fp, lsr #15
87800c9e:	eb03 0352 	add.w	r3, r3, r2, lsr #1
87800ca2:	f10a 0a01 	add.w	sl, sl, #1
87800ca6:	0c9a      	lsrs	r2, r3, #18
87800ca8:	1c53      	adds	r3, r2, #1
87800caa:	459a      	cmp	sl, r3
87800cac:	bf38      	it	cc
87800cae:	469a      	movcc	sl, r3
87800cb0:	4651      	mov	r1, sl
87800cb2:	f002 ff89 	bl	87803bc8 <__udivsi3>
87800cb6:	4605      	mov	r5, r0
87800cb8:	4651      	mov	r1, sl
87800cba:	4620      	mov	r0, r4
87800cbc:	f002 ff84 	bl	87803bc8 <__udivsi3>
87800cc0:	4604      	mov	r4, r0
87800cc2:	b96d      	cbnz	r5, 87800ce0 <uart_setbaudrate+0x1d4>
87800cc4:	b1e0      	cbz	r0, 87800d00 <uart_setbaudrate+0x1f4>
87800cc6:	4683      	mov	fp, r0
87800cc8:	9502      	str	r5, [sp, #8]
87800cca:	2310      	movs	r3, #16
87800ccc:	2501      	movs	r5, #1
87800cce:	469a      	mov	sl, r3
87800cd0:	9304      	str	r3, [sp, #16]
87800cd2:	2305      	movs	r3, #5
87800cd4:	46a1      	mov	r9, r4
87800cd6:	9506      	str	r5, [sp, #24]
87800cd8:	4638      	mov	r0, r7
87800cda:	9307      	str	r3, [sp, #28]
87800cdc:	4654      	mov	r4, sl
87800cde:	e767      	b.n	87800bb0 <uart_setbaudrate+0xa4>
87800ce0:	1e6a      	subs	r2, r5, #1
87800ce2:	ea4f 1a05 	mov.w	sl, r5, lsl #4
87800ce6:	fba2 2309 	umull	r2, r3, r2, r9
87800cea:	4650      	mov	r0, sl
87800cec:	0bdb      	lsrs	r3, r3, #15
87800cee:	1e59      	subs	r1, r3, #1
87800cf0:	3301      	adds	r3, #1
87800cf2:	9306      	str	r3, [sp, #24]
87800cf4:	b94c      	cbnz	r4, 87800d0a <uart_setbaudrate+0x1fe>
87800cf6:	f04f 0b01 	mov.w	fp, #1
87800cfa:	9402      	str	r4, [sp, #8]
87800cfc:	465c      	mov	r4, fp
87800cfe:	e743      	b.n	87800b88 <uart_setbaudrate+0x7c>
87800d00:	f04f 0b01 	mov.w	fp, #1
87800d04:	9002      	str	r0, [sp, #8]
87800d06:	465c      	mov	r4, fp
87800d08:	e7df      	b.n	87800cca <uart_setbaudrate+0x1be>
87800d0a:	2300      	movs	r3, #0
87800d0c:	46a3      	mov	fp, r4
87800d0e:	9302      	str	r3, [sp, #8]
87800d10:	e73a      	b.n	87800b88 <uart_setbaudrate+0x7c>
87800d12:	bf00      	nop

87800d14 <uart_init>:
87800d14:	b538      	push	{r3, r4, r5, lr}
87800d16:	2384      	movs	r3, #132	; 0x84
87800d18:	2500      	movs	r5, #0
87800d1a:	f2c0 230e 	movt	r3, #526	; 0x20e
87800d1e:	2188      	movs	r1, #136	; 0x88
87800d20:	f240 6424 	movw	r4, #1572	; 0x624
87800d24:	601d      	str	r5, [r3, #0]
87800d26:	f2c0 210e 	movt	r1, #526	; 0x20e
87800d2a:	462b      	mov	r3, r5
87800d2c:	f44f 7044 	mov.w	r0, #784	; 0x310
87800d30:	f44f 7245 	mov.w	r2, #788	; 0x314
87800d34:	600d      	str	r5, [r1, #0]
87800d36:	f2c0 2302 	movt	r3, #514	; 0x202
87800d3a:	f2c0 240e 	movt	r4, #526	; 0x20e
87800d3e:	f2c0 220e 	movt	r2, #526	; 0x20e
87800d42:	f241 01b0 	movw	r1, #4272	; 0x10b0
87800d46:	f2c0 200e 	movt	r0, #526	; 0x20e
87800d4a:	2503      	movs	r5, #3
87800d4c:	6025      	str	r5, [r4, #0]
87800d4e:	461c      	mov	r4, r3
87800d50:	6001      	str	r1, [r0, #0]
87800d52:	6011      	str	r1, [r2, #0]
87800d54:	f8d3 2080 	ldr.w	r2, [r3, #128]	; 0x80
87800d58:	f022 0201 	bic.w	r2, r2, #1
87800d5c:	f8c3 2080 	str.w	r2, [r3, #128]	; 0x80
87800d60:	f8d3 2084 	ldr.w	r2, [r3, #132]	; 0x84
87800d64:	f022 0201 	bic.w	r2, r2, #1
87800d68:	f8c3 2084 	str.w	r2, [r3, #132]	; 0x84
87800d6c:	f8d4 3084 	ldr.w	r3, [r4, #132]	; 0x84
87800d70:	07db      	lsls	r3, r3, #31
87800d72:	d5fb      	bpl.n	87800d6c <uart_init+0x58>
87800d74:	2500      	movs	r5, #0
87800d76:	f44f 4234 	mov.w	r2, #46080	; 0xb400
87800d7a:	f8c4 5080 	str.w	r5, [r4, #128]	; 0x80
87800d7e:	4628      	mov	r0, r5
87800d80:	f8d4 3080 	ldr.w	r3, [r4, #128]	; 0x80
87800d84:	f2c0 42c4 	movt	r2, #1220	; 0x4c4
87800d88:	f2c0 2002 	movt	r0, #514	; 0x202
87800d8c:	f44f 31e1 	mov.w	r1, #115200	; 0x1c200
87800d90:	f423 4380 	bic.w	r3, r3, #16384	; 0x4000
87800d94:	f8c4 3080 	str.w	r3, [r4, #128]	; 0x80
87800d98:	f8c4 5084 	str.w	r5, [r4, #132]	; 0x84
87800d9c:	f8d4 3084 	ldr.w	r3, [r4, #132]	; 0x84
87800da0:	f443 4380 	orr.w	r3, r3, #16384	; 0x4000
87800da4:	f043 0326 	orr.w	r3, r3, #38	; 0x26
87800da8:	f8c4 3084 	str.w	r3, [r4, #132]	; 0x84
87800dac:	f8d4 3088 	ldr.w	r3, [r4, #136]	; 0x88
87800db0:	f043 0304 	orr.w	r3, r3, #4
87800db4:	f8c4 3088 	str.w	r3, [r4, #136]	; 0x88
87800db8:	f7ff fea8 	bl	87800b0c <uart_setbaudrate>
87800dbc:	f8d4 3080 	ldr.w	r3, [r4, #128]	; 0x80
87800dc0:	f043 0301 	orr.w	r3, r3, #1
87800dc4:	f8c4 3080 	str.w	r3, [r4, #128]	; 0x80
87800dc8:	bd38      	pop	{r3, r4, r5, pc}
87800dca:	bf00      	nop

87800dcc <uart_disable>:
87800dcc:	f8d0 3080 	ldr.w	r3, [r0, #128]	; 0x80
87800dd0:	f023 0301 	bic.w	r3, r3, #1
87800dd4:	f8c0 3080 	str.w	r3, [r0, #128]	; 0x80
87800dd8:	4770      	bx	lr
87800dda:	bf00      	nop

87800ddc <uart_enable>:
87800ddc:	f8d0 3080 	ldr.w	r3, [r0, #128]	; 0x80
87800de0:	f043 0301 	orr.w	r3, r3, #1
87800de4:	f8c0 3080 	str.w	r3, [r0, #128]	; 0x80
87800de8:	4770      	bx	lr
87800dea:	bf00      	nop

87800dec <uart_softreset>:
87800dec:	f8d0 3084 	ldr.w	r3, [r0, #132]	; 0x84
87800df0:	f023 0301 	bic.w	r3, r3, #1
87800df4:	f8c0 3084 	str.w	r3, [r0, #132]	; 0x84
87800df8:	f8d0 3084 	ldr.w	r3, [r0, #132]	; 0x84
87800dfc:	07db      	lsls	r3, r3, #31
87800dfe:	d5fb      	bpl.n	87800df8 <uart_softreset+0xc>
87800e00:	4770      	bx	lr
87800e02:	bf00      	nop

87800e04 <putc>:
87800e04:	2200      	movs	r2, #0
87800e06:	f2c0 2202 	movt	r2, #514	; 0x202
87800e0a:	f8d2 3098 	ldr.w	r3, [r2, #152]	; 0x98
87800e0e:	071b      	lsls	r3, r3, #28
87800e10:	d5fb      	bpl.n	87800e0a <putc+0x6>
87800e12:	6410      	str	r0, [r2, #64]	; 0x40
87800e14:	4770      	bx	lr
87800e16:	bf00      	nop

87800e18 <puts>:
87800e18:	7801      	ldrb	r1, [r0, #0]
87800e1a:	b159      	cbz	r1, 87800e34 <puts+0x1c>
87800e1c:	2200      	movs	r2, #0
87800e1e:	f2c0 2202 	movt	r2, #514	; 0x202
87800e22:	f8d2 3098 	ldr.w	r3, [r2, #152]	; 0x98
87800e26:	071b      	lsls	r3, r3, #28
87800e28:	d5fb      	bpl.n	87800e22 <puts+0xa>
87800e2a:	6411      	str	r1, [r2, #64]	; 0x40
87800e2c:	f810 1f01 	ldrb.w	r1, [r0, #1]!
87800e30:	2900      	cmp	r1, #0
87800e32:	d1f6      	bne.n	87800e22 <puts+0xa>
87800e34:	4770      	bx	lr
87800e36:	bf00      	nop

87800e38 <getc>:
87800e38:	2200      	movs	r2, #0
87800e3a:	f2c0 2202 	movt	r2, #514	; 0x202
87800e3e:	f8d2 3098 	ldr.w	r3, [r2, #152]	; 0x98
87800e42:	07db      	lsls	r3, r3, #31
87800e44:	d5fb      	bpl.n	87800e3e <getc+0x6>
87800e46:	6810      	ldr	r0, [r2, #0]
87800e48:	b2c0      	uxtb	r0, r0
87800e4a:	4770      	bx	lr

87800e4c <raise>:
87800e4c:	4770      	bx	lr
87800e4e:	bf00      	nop

87800e50 <uart_io_init>:
87800e50:	b430      	push	{r4, r5}
87800e52:	2288      	movs	r2, #136	; 0x88
87800e54:	2584      	movs	r5, #132	; 0x84
87800e56:	2400      	movs	r4, #0
87800e58:	f2c0 250e 	movt	r5, #526	; 0x20e
87800e5c:	f2c0 220e 	movt	r2, #526	; 0x20e
87800e60:	f240 6024 	movw	r0, #1572	; 0x624
87800e64:	f44f 7144 	mov.w	r1, #784	; 0x310
87800e68:	f44f 7345 	mov.w	r3, #788	; 0x314
87800e6c:	602c      	str	r4, [r5, #0]
87800e6e:	f2c0 200e 	movt	r0, #526	; 0x20e
87800e72:	6014      	str	r4, [r2, #0]
87800e74:	2503      	movs	r5, #3
87800e76:	f241 02b0 	movw	r2, #4272	; 0x10b0
87800e7a:	f2c0 210e 	movt	r1, #526	; 0x20e
87800e7e:	f2c0 230e 	movt	r3, #526	; 0x20e
87800e82:	6005      	str	r5, [r0, #0]
87800e84:	600a      	str	r2, [r1, #0]
87800e86:	bc30      	pop	{r4, r5}
87800e88:	601a      	str	r2, [r3, #0]
87800e8a:	4770      	bx	lr

87800e8c <lcdclk_init>:
87800e8c:	b4f0      	push	{r4, r5, r6, r7}
87800e8e:	f44f 4400 	mov.w	r4, #32768	; 0x8000
87800e92:	f2c0 240c 	movt	r4, #524	; 0x20c
87800e96:	2600      	movs	r6, #0
87800e98:	f440 1081 	orr.w	r0, r0, #1056768	; 0x102000
87800e9c:	1e55      	subs	r5, r2, #1
87800e9e:	f8c4 60b0 	str.w	r6, [r4, #176]	; 0xb0
87800ea2:	f44f 4380 	mov.w	r3, #16384	; 0x4000
87800ea6:	f8c4 60c0 	str.w	r6, [r4, #192]	; 0xc0
87800eaa:	f2c0 230c 	movt	r3, #524	; 0x20c
87800eae:	f8c4 00a0 	str.w	r0, [r4, #160]	; 0xa0
87800eb2:	1e4f      	subs	r7, r1, #1
87800eb4:	f8d4 2170 	ldr.w	r2, [r4, #368]	; 0x170
87800eb8:	f022 4240 	bic.w	r2, r2, #3221225472	; 0xc0000000
87800ebc:	f8c4 2170 	str.w	r2, [r4, #368]	; 0x170
87800ec0:	f8c4 6170 	str.w	r6, [r4, #368]	; 0x170
87800ec4:	6b98      	ldr	r0, [r3, #56]	; 0x38
87800ec6:	f420 3060 	bic.w	r0, r0, #229376	; 0x38000
87800eca:	6398      	str	r0, [r3, #56]	; 0x38
87800ecc:	6b98      	ldr	r0, [r3, #56]	; 0x38
87800ece:	f440 3080 	orr.w	r0, r0, #65536	; 0x10000
87800ed2:	6398      	str	r0, [r3, #56]	; 0x38
87800ed4:	6b98      	ldr	r0, [r3, #56]	; 0x38
87800ed6:	f420 40e0 	bic.w	r0, r0, #28672	; 0x7000
87800eda:	6398      	str	r0, [r3, #56]	; 0x38
87800edc:	6b99      	ldr	r1, [r3, #56]	; 0x38
87800ede:	ea41 3107 	orr.w	r1, r1, r7, lsl #12
87800ee2:	6399      	str	r1, [r3, #56]	; 0x38
87800ee4:	6999      	ldr	r1, [r3, #24]
87800ee6:	f021 7160 	bic.w	r1, r1, #58720256	; 0x3800000
87800eea:	6199      	str	r1, [r3, #24]
87800eec:	699a      	ldr	r2, [r3, #24]
87800eee:	ea42 52c5 	orr.w	r2, r2, r5, lsl #23
87800ef2:	bcf0      	pop	{r4, r5, r6, r7}
87800ef4:	619a      	str	r2, [r3, #24]
87800ef6:	6b9a      	ldr	r2, [r3, #56]	; 0x38
87800ef8:	f422 6260 	bic.w	r2, r2, #3584	; 0xe00
87800efc:	639a      	str	r2, [r3, #56]	; 0x38
87800efe:	6b9a      	ldr	r2, [r3, #56]	; 0x38
87800f00:	639a      	str	r2, [r3, #56]	; 0x38
87800f02:	4770      	bx	lr

87800f04 <lcd_reset>:
87800f04:	f44f 4300 	mov.w	r3, #32768	; 0x8000
87800f08:	f2c0 231c 	movt	r3, #540	; 0x21c
87800f0c:	681a      	ldr	r2, [r3, #0]
87800f0e:	f042 4200 	orr.w	r2, r2, #2147483648	; 0x80000000
87800f12:	601a      	str	r2, [r3, #0]
87800f14:	4770      	bx	lr
87800f16:	bf00      	nop

87800f18 <lcd_noreset>:
87800f18:	f44f 4300 	mov.w	r3, #32768	; 0x8000
87800f1c:	f2c0 231c 	movt	r3, #540	; 0x21c
87800f20:	681a      	ldr	r2, [r3, #0]
87800f22:	f022 4200 	bic.w	r2, r2, #2147483648	; 0x80000000
87800f26:	601a      	str	r2, [r3, #0]
87800f28:	4770      	bx	lr
87800f2a:	bf00      	nop

87800f2c <lcd_enable>:
87800f2c:	f44f 4300 	mov.w	r3, #32768	; 0x8000
87800f30:	f2c0 231c 	movt	r3, #540	; 0x21c
87800f34:	681a      	ldr	r2, [r3, #0]
87800f36:	f042 0201 	orr.w	r2, r2, #1
87800f3a:	601a      	str	r2, [r3, #0]
87800f3c:	4770      	bx	lr
87800f3e:	bf00      	nop

87800f40 <lcd_read_panelid>:
87800f40:	f44f 7288 	mov.w	r2, #272	; 0x110
87800f44:	f44f 7367 	mov.w	r3, #924	; 0x39c
87800f48:	b530      	push	{r4, r5, lr}
87800f4a:	f2c0 220e 	movt	r2, #526	; 0x20e
87800f4e:	b085      	sub	sp, #20
87800f50:	2405      	movs	r4, #5
87800f52:	f2c0 230e 	movt	r3, #526	; 0x20e
87800f56:	f241 01b0 	movw	r1, #4272	; 0x10b0
87800f5a:	f44f 4080 	mov.w	r0, #16384	; 0x4000
87800f5e:	6014      	str	r4, [r2, #0]
87800f60:	f2c0 200a 	movt	r0, #522	; 0x20a
87800f64:	6019      	str	r1, [r3, #0]
87800f66:	aa01      	add	r2, sp, #4
87800f68:	2301      	movs	r3, #1
87800f6a:	2103      	movs	r1, #3
87800f6c:	9301      	str	r3, [sp, #4]
87800f6e:	f88d 3008 	strb.w	r3, [sp, #8]
87800f72:	f44f 7570 	mov.w	r5, #960	; 0x3c0
87800f76:	f7ff fbc3 	bl	87800700 <gpio_init>
87800f7a:	f44f 729a 	mov.w	r2, #308	; 0x134
87800f7e:	f44f 71aa 	mov.w	r1, #340	; 0x154
87800f82:	f2c0 220e 	movt	r2, #526	; 0x20e
87800f86:	f2c0 210e 	movt	r1, #526	; 0x20e
87800f8a:	f44f 73ba 	mov.w	r3, #372	; 0x174
87800f8e:	6014      	str	r4, [r2, #0]
87800f90:	f2c0 230e 	movt	r3, #526	; 0x20e
87800f94:	600c      	str	r4, [r1, #0]
87800f96:	f44f 7278 	mov.w	r2, #992	; 0x3e0
87800f9a:	f44f 6180 	mov.w	r1, #1024	; 0x400
87800f9e:	601c      	str	r4, [r3, #0]
87800fa0:	f2c0 250e 	movt	r5, #526	; 0x20e
87800fa4:	f24f 0380 	movw	r3, #61568	; 0xf080
87800fa8:	f2c0 220e 	movt	r2, #526	; 0x20e
87800fac:	f2c0 210e 	movt	r1, #526	; 0x20e
87800fb0:	f44f 4080 	mov.w	r0, #16384	; 0x4000
87800fb4:	602b      	str	r3, [r5, #0]
87800fb6:	f2c0 200a 	movt	r0, #522	; 0x20a
87800fba:	6013      	str	r3, [r2, #0]
87800fbc:	aa01      	add	r2, sp, #4
87800fbe:	600b      	str	r3, [r1, #0]
87800fc0:	2300      	movs	r3, #0
87800fc2:	210c      	movs	r1, #12
87800fc4:	9301      	str	r3, [sp, #4]
87800fc6:	f7ff fb9b 	bl	87800700 <gpio_init>
87800fca:	f44f 4080 	mov.w	r0, #16384	; 0x4000
87800fce:	aa01      	add	r2, sp, #4
87800fd0:	2114      	movs	r1, #20
87800fd2:	f2c0 200a 	movt	r0, #522	; 0x20a
87800fd6:	f7ff fb93 	bl	87800700 <gpio_init>
87800fda:	f44f 4080 	mov.w	r0, #16384	; 0x4000
87800fde:	aa01      	add	r2, sp, #4
87800fe0:	211c      	movs	r1, #28
87800fe2:	f2c0 200a 	movt	r0, #522	; 0x20a
87800fe6:	f7ff fb8b 	bl	87800700 <gpio_init>
87800fea:	f44f 4080 	mov.w	r0, #16384	; 0x4000
87800fee:	211c      	movs	r1, #28
87800ff0:	f2c0 200a 	movt	r0, #522	; 0x20a
87800ff4:	f7ff fb2c 	bl	87800650 <gpio_pinread>
87800ff8:	4605      	mov	r5, r0
87800ffa:	f44f 4080 	mov.w	r0, #16384	; 0x4000
87800ffe:	2114      	movs	r1, #20
87801000:	f2c0 200a 	movt	r0, #522	; 0x20a
87801004:	f7ff fb24 	bl	87800650 <gpio_pinread>
87801008:	4604      	mov	r4, r0
8780100a:	f44f 4080 	mov.w	r0, #16384	; 0x4000
8780100e:	f2c0 200a 	movt	r0, #522	; 0x20a
87801012:	210c      	movs	r1, #12
87801014:	f7ff fb1c 	bl	87800650 <gpio_pinread>
87801018:	0064      	lsls	r4, r4, #1
8780101a:	0083      	lsls	r3, r0, #2
8780101c:	f404 74ff 	and.w	r4, r4, #510	; 0x1fe
87801020:	f403 737f 	and.w	r3, r3, #1020	; 0x3fc
87801024:	4323      	orrs	r3, r4
87801026:	432b      	orrs	r3, r5
87801028:	f013 03ff 	ands.w	r3, r3, #255	; 0xff
8780102c:	bf08      	it	eq
8780102e:	f244 3042 	movweq	r0, #17218	; 0x4342
87801032:	d018      	beq.n	87801066 <lcd_read_panelid+0x126>
87801034:	2b01      	cmp	r3, #1
87801036:	bf08      	it	eq
87801038:	f247 0084 	movweq	r0, #28804	; 0x7084
8780103c:	d013      	beq.n	87801066 <lcd_read_panelid+0x126>
8780103e:	2b02      	cmp	r3, #2
87801040:	bf08      	it	eq
87801042:	f247 0016 	movweq	r0, #28694	; 0x7016
87801046:	d00e      	beq.n	87801066 <lcd_read_panelid+0x126>
87801048:	2b04      	cmp	r3, #4
8780104a:	bf08      	it	eq
8780104c:	f244 3084 	movweq	r0, #17284	; 0x4384
87801050:	d009      	beq.n	87801066 <lcd_read_panelid+0x126>
87801052:	2b05      	cmp	r3, #5
87801054:	bf08      	it	eq
87801056:	f241 0018 	movweq	r0, #4120	; 0x1018
8780105a:	d004      	beq.n	87801066 <lcd_read_panelid+0x126>
8780105c:	2b07      	cmp	r3, #7
8780105e:	bf0c      	ite	eq
87801060:	f44f 407f 	moveq.w	r0, #65280	; 0xff00
87801064:	2000      	movne	r0, #0
87801066:	b005      	add	sp, #20
87801068:	bd30      	pop	{r4, r5, pc}
8780106a:	bf00      	nop

8780106c <lcdgpio_init>:
8780106c:	b530      	push	{r4, r5, lr}
8780106e:	f44f 708e 	mov.w	r0, #284	; 0x11c
87801072:	f44f 748c 	mov.w	r4, #280	; 0x118
87801076:	2300      	movs	r3, #0
87801078:	f2c0 240e 	movt	r4, #526	; 0x20e
8780107c:	f2c0 200e 	movt	r0, #526	; 0x20e
87801080:	f44f 7190 	mov.w	r1, #288	; 0x120
87801084:	f44f 7292 	mov.w	r2, #292	; 0x124
87801088:	6023      	str	r3, [r4, #0]
8780108a:	f2c0 210e 	movt	r1, #526	; 0x20e
8780108e:	6003      	str	r3, [r0, #0]
87801090:	f2c0 220e 	movt	r2, #526	; 0x20e
87801094:	f44f 7594 	mov.w	r5, #296	; 0x128
87801098:	f44f 7496 	mov.w	r4, #300	; 0x12c
8780109c:	f44f 7098 	mov.w	r0, #304	; 0x130
878010a0:	600b      	str	r3, [r1, #0]
878010a2:	f2c0 250e 	movt	r5, #526	; 0x20e
878010a6:	6013      	str	r3, [r2, #0]
878010a8:	f2c0 240e 	movt	r4, #526	; 0x20e
878010ac:	f2c0 200e 	movt	r0, #526	; 0x20e
878010b0:	f44f 719a 	mov.w	r1, #308	; 0x134
878010b4:	f44f 729c 	mov.w	r2, #312	; 0x138
878010b8:	602b      	str	r3, [r5, #0]
878010ba:	f2c0 210e 	movt	r1, #526	; 0x20e
878010be:	6023      	str	r3, [r4, #0]
878010c0:	f2c0 220e 	movt	r2, #526	; 0x20e
878010c4:	6003      	str	r3, [r0, #0]
878010c6:	f44f 759e 	mov.w	r5, #316	; 0x13c
878010ca:	f44f 74a0 	mov.w	r4, #320	; 0x140
878010ce:	f44f 70a2 	mov.w	r0, #324	; 0x144
878010d2:	600b      	str	r3, [r1, #0]
878010d4:	f2c0 250e 	movt	r5, #526	; 0x20e
878010d8:	6013      	str	r3, [r2, #0]
878010da:	f2c0 240e 	movt	r4, #526	; 0x20e
878010de:	f2c0 200e 	movt	r0, #526	; 0x20e
878010e2:	f44f 71a4 	mov.w	r1, #328	; 0x148
878010e6:	f44f 72a6 	mov.w	r2, #332	; 0x14c
878010ea:	602b      	str	r3, [r5, #0]
878010ec:	f2c0 210e 	movt	r1, #526	; 0x20e
878010f0:	6023      	str	r3, [r4, #0]
878010f2:	f2c0 220e 	movt	r2, #526	; 0x20e
878010f6:	6003      	str	r3, [r0, #0]
878010f8:	f44f 75a8 	mov.w	r5, #336	; 0x150
878010fc:	f44f 74aa 	mov.w	r4, #340	; 0x154
87801100:	f44f 70ac 	mov.w	r0, #344	; 0x158
87801104:	600b      	str	r3, [r1, #0]
87801106:	f2c0 250e 	movt	r5, #526	; 0x20e
8780110a:	6013      	str	r3, [r2, #0]
8780110c:	f2c0 240e 	movt	r4, #526	; 0x20e
87801110:	f2c0 200e 	movt	r0, #526	; 0x20e
87801114:	f44f 71ae 	mov.w	r1, #348	; 0x15c
87801118:	f44f 72b0 	mov.w	r2, #352	; 0x160
8780111c:	602b      	str	r3, [r5, #0]
8780111e:	f2c0 210e 	movt	r1, #526	; 0x20e
87801122:	6023      	str	r3, [r4, #0]
87801124:	f2c0 220e 	movt	r2, #526	; 0x20e
87801128:	6003      	str	r3, [r0, #0]
8780112a:	f44f 75b2 	mov.w	r5, #356	; 0x164
8780112e:	f44f 74b4 	mov.w	r4, #360	; 0x168
87801132:	f44f 70b6 	mov.w	r0, #364	; 0x16c
87801136:	600b      	str	r3, [r1, #0]
87801138:	f2c0 250e 	movt	r5, #526	; 0x20e
8780113c:	6013      	str	r3, [r2, #0]
8780113e:	f2c0 240e 	movt	r4, #526	; 0x20e
87801142:	f2c0 200e 	movt	r0, #526	; 0x20e
87801146:	f44f 71b8 	mov.w	r1, #368	; 0x170
8780114a:	f44f 72ba 	mov.w	r2, #372	; 0x174
8780114e:	602b      	str	r3, [r5, #0]
87801150:	f2c0 210e 	movt	r1, #526	; 0x20e
87801154:	6023      	str	r3, [r4, #0]
87801156:	f2c0 220e 	movt	r2, #526	; 0x20e
8780115a:	6003      	str	r3, [r0, #0]
8780115c:	f44f 7582 	mov.w	r5, #260	; 0x104
87801160:	f44f 7484 	mov.w	r4, #264	; 0x108
87801164:	f44f 7086 	mov.w	r0, #268	; 0x10c
87801168:	600b      	str	r3, [r1, #0]
8780116a:	f2c0 250e 	movt	r5, #526	; 0x20e
8780116e:	6013      	str	r3, [r2, #0]
87801170:	f2c0 240e 	movt	r4, #526	; 0x20e
87801174:	f2c0 200e 	movt	r0, #526	; 0x20e
87801178:	f240 51dc 	movw	r1, #1500	; 0x5dc
8780117c:	f44f 7288 	mov.w	r2, #272	; 0x110
87801180:	602b      	str	r3, [r5, #0]
87801182:	f2c0 210e 	movt	r1, #526	; 0x20e
87801186:	6023      	str	r3, [r4, #0]
87801188:	f2c0 220e 	movt	r2, #526	; 0x20e
8780118c:	6003      	str	r3, [r0, #0]
8780118e:	f44f 7569 	mov.w	r5, #932	; 0x3a4
87801192:	f44f 746a 	mov.w	r4, #936	; 0x3a8
87801196:	f44f 706b 	mov.w	r0, #940	; 0x3ac
8780119a:	600b      	str	r3, [r1, #0]
8780119c:	f2c0 250e 	movt	r5, #526	; 0x20e
878011a0:	6013      	str	r3, [r2, #0]
878011a2:	f2c0 240e 	movt	r4, #526	; 0x20e
878011a6:	23b9      	movs	r3, #185	; 0xb9
878011a8:	f2c0 200e 	movt	r0, #526	; 0x20e
878011ac:	f44f 716c 	mov.w	r1, #944	; 0x3b0
878011b0:	f44f 726d 	mov.w	r2, #948	; 0x3b4
878011b4:	602b      	str	r3, [r5, #0]
878011b6:	f2c0 210e 	movt	r1, #526	; 0x20e
878011ba:	6023      	str	r3, [r4, #0]
878011bc:	f2c0 220e 	movt	r2, #526	; 0x20e
878011c0:	6003      	str	r3, [r0, #0]
878011c2:	f44f 756e 	mov.w	r5, #952	; 0x3b8
878011c6:	f44f 746f 	mov.w	r4, #956	; 0x3bc
878011ca:	f44f 7070 	mov.w	r0, #960	; 0x3c0
878011ce:	600b      	str	r3, [r1, #0]
878011d0:	f2c0 250e 	movt	r5, #526	; 0x20e
878011d4:	6013      	str	r3, [r2, #0]
878011d6:	f2c0 240e 	movt	r4, #526	; 0x20e
878011da:	f2c0 200e 	movt	r0, #526	; 0x20e
878011de:	f44f 7171 	mov.w	r1, #964	; 0x3c4
878011e2:	f44f 7272 	mov.w	r2, #968	; 0x3c8
878011e6:	602b      	str	r3, [r5, #0]
878011e8:	f2c0 210e 	movt	r1, #526	; 0x20e
878011ec:	6023      	str	r3, [r4, #0]
878011ee:	f2c0 220e 	movt	r2, #526	; 0x20e
878011f2:	6003      	str	r3, [r0, #0]
878011f4:	f44f 7573 	mov.w	r5, #972	; 0x3cc
878011f8:	f44f 7474 	mov.w	r4, #976	; 0x3d0
878011fc:	f44f 7075 	mov.w	r0, #980	; 0x3d4
87801200:	600b      	str	r3, [r1, #0]
87801202:	f2c0 250e 	movt	r5, #526	; 0x20e
87801206:	6013      	str	r3, [r2, #0]
87801208:	f2c0 240e 	movt	r4, #526	; 0x20e
8780120c:	f2c0 200e 	movt	r0, #526	; 0x20e
87801210:	f44f 7176 	mov.w	r1, #984	; 0x3d8
87801214:	f44f 7277 	mov.w	r2, #988	; 0x3dc
87801218:	602b      	str	r3, [r5, #0]
8780121a:	f2c0 210e 	movt	r1, #526	; 0x20e
8780121e:	6023      	str	r3, [r4, #0]
87801220:	f2c0 220e 	movt	r2, #526	; 0x20e
87801224:	6003      	str	r3, [r0, #0]
87801226:	f44f 7578 	mov.w	r5, #992	; 0x3e0
8780122a:	f44f 7479 	mov.w	r4, #996	; 0x3e4
8780122e:	f44f 707a 	mov.w	r0, #1000	; 0x3e8
87801232:	600b      	str	r3, [r1, #0]
87801234:	f2c0 250e 	movt	r5, #526	; 0x20e
87801238:	6013      	str	r3, [r2, #0]
8780123a:	f2c0 240e 	movt	r4, #526	; 0x20e
8780123e:	f2c0 200e 	movt	r0, #526	; 0x20e
87801242:	f44f 717b 	mov.w	r1, #1004	; 0x3ec
87801246:	f44f 727c 	mov.w	r2, #1008	; 0x3f0
8780124a:	602b      	str	r3, [r5, #0]
8780124c:	f2c0 210e 	movt	r1, #526	; 0x20e
87801250:	6023      	str	r3, [r4, #0]
87801252:	f2c0 220e 	movt	r2, #526	; 0x20e
87801256:	6003      	str	r3, [r0, #0]
87801258:	f44f 757d 	mov.w	r5, #1012	; 0x3f4
8780125c:	f44f 747e 	mov.w	r4, #1016	; 0x3f8
87801260:	f44f 707f 	mov.w	r0, #1020	; 0x3fc
87801264:	600b      	str	r3, [r1, #0]
87801266:	f2c0 250e 	movt	r5, #526	; 0x20e
8780126a:	6013      	str	r3, [r2, #0]
8780126c:	f2c0 240e 	movt	r4, #526	; 0x20e
87801270:	f2c0 200e 	movt	r0, #526	; 0x20e
87801274:	f44f 6180 	mov.w	r1, #1024	; 0x400
87801278:	f44f 7264 	mov.w	r2, #912	; 0x390
8780127c:	602b      	str	r3, [r5, #0]
8780127e:	f2c0 210e 	movt	r1, #526	; 0x20e
87801282:	6023      	str	r3, [r4, #0]
87801284:	f2c0 220e 	movt	r2, #526	; 0x20e
87801288:	6003      	str	r3, [r0, #0]
8780128a:	f44f 7565 	mov.w	r5, #916	; 0x394
8780128e:	f44f 7466 	mov.w	r4, #920	; 0x398
87801292:	f44f 7067 	mov.w	r0, #924	; 0x39c
87801296:	600b      	str	r3, [r1, #0]
87801298:	f2c0 250e 	movt	r5, #526	; 0x20e
8780129c:	6013      	str	r3, [r2, #0]
8780129e:	f2c0 240e 	movt	r4, #526	; 0x20e
878012a2:	f2c0 200e 	movt	r0, #526	; 0x20e
878012a6:	217c      	movs	r1, #124	; 0x7c
878012a8:	f44f 7242 	mov.w	r2, #776	; 0x308
878012ac:	602b      	str	r3, [r5, #0]
878012ae:	b085      	sub	sp, #20
878012b0:	6023      	str	r3, [r4, #0]
878012b2:	f2c0 210e 	movt	r1, #526	; 0x20e
878012b6:	6003      	str	r3, [r0, #0]
878012b8:	f2c0 220e 	movt	r2, #526	; 0x20e
878012bc:	2505      	movs	r5, #5
878012be:	f241 04b0 	movw	r4, #4272	; 0x10b0
878012c2:	f44f 4040 	mov.w	r0, #49152	; 0xc000
878012c6:	600d      	str	r5, [r1, #0]
878012c8:	2301      	movs	r3, #1
878012ca:	6014      	str	r4, [r2, #0]
878012cc:	f2c0 2009 	movt	r0, #521	; 0x209
878012d0:	aa01      	add	r2, sp, #4
878012d2:	2108      	movs	r1, #8
878012d4:	9301      	str	r3, [sp, #4]
878012d6:	f88d 3008 	strb.w	r3, [sp, #8]
878012da:	f7ff fa11 	bl	87800700 <gpio_init>
878012de:	b005      	add	sp, #20
878012e0:	bd30      	pop	{r4, r5, pc}
878012e2:	bf00      	nop

878012e4 <lcd_init>:
878012e4:	b5f8      	push	{r3, r4, r5, r6, r7, lr}
878012e6:	f44f 4400 	mov.w	r4, #32768	; 0x8000
878012ea:	f7ff fe29 	bl	87800f40 <lcd_read_panelid>
878012ee:	4601      	mov	r1, r0
878012f0:	4605      	mov	r5, r0
878012f2:	f244 2084 	movw	r0, #17028	; 0x4284
878012f6:	f2c0 241c 	movt	r4, #540	; 0x21c
878012fa:	f2c8 7080 	movt	r0, #34688	; 0x8780
878012fe:	f001 f8a7 	bl	87802450 <printf>
87801302:	f7ff feb3 	bl	8780106c <lcdgpio_init>
87801306:	6823      	ldr	r3, [r4, #0]
87801308:	200a      	movs	r0, #10
8780130a:	f043 4300 	orr.w	r3, r3, #2147483648	; 0x80000000
8780130e:	6023      	str	r3, [r4, #0]
87801310:	f7ff f8de 	bl	878004d0 <delay_ms>
87801314:	6823      	ldr	r3, [r4, #0]
87801316:	f244 3242 	movw	r2, #17218	; 0x4342
8780131a:	4295      	cmp	r5, r2
8780131c:	f023 4300 	bic.w	r3, r3, #2147483648	; 0x80000000
87801320:	6023      	str	r3, [r4, #0]
87801322:	f000 8085 	beq.w	87801430 <lcd_init+0x14c>
87801326:	f244 3384 	movw	r3, #17284	; 0x4384
8780132a:	429d      	cmp	r5, r3
8780132c:	f000 80b3 	beq.w	87801496 <lcd_init+0x1b2>
87801330:	f247 0384 	movw	r3, #28804	; 0x7084
87801334:	429d      	cmp	r5, r3
87801336:	f000 80c9 	beq.w	878014cc <lcd_init+0x1e8>
8780133a:	f247 0316 	movw	r3, #28694	; 0x7016
8780133e:	429d      	cmp	r5, r3
87801340:	f000 808f 	beq.w	87801462 <lcd_init+0x17e>
87801344:	f241 0318 	movw	r3, #4120	; 0x1018
87801348:	f649 0450 	movw	r4, #38992	; 0x9850
8780134c:	429d      	cmp	r5, r3
8780134e:	f000 80d7 	beq.w	87801500 <lcd_init+0x21c>
87801352:	f5b5 4f7f 	cmp.w	r5, #65280	; 0xff00
87801356:	bf18      	it	ne
87801358:	f2c8 7480 	movtne	r4, #34688	; 0x8780
8780135c:	f000 80e7 	beq.w	8780152e <lcd_init+0x24a>
87801360:	f44f 4300 	mov.w	r3, #32768	; 0x8000
87801364:	2000      	movs	r0, #0
87801366:	f2c0 231c 	movt	r3, #540	; 0x21c
8780136a:	2604      	movs	r6, #4
8780136c:	f04f 4109 	mov.w	r1, #2298478592	; 0x89000000
87801370:	f06f 427f 	mvn.w	r2, #4278190080	; 0xff000000
87801374:	e9c4 0206 	strd	r0, r2, [r4, #24]
87801378:	f5b5 4f7f 	cmp.w	r5, #65280	; 0xff00
8780137c:	7126      	strb	r6, [r4, #4]
8780137e:	6161      	str	r1, [r4, #20]
87801380:	6018      	str	r0, [r3, #0]
87801382:	681f      	ldr	r7, [r3, #0]
87801384:	8866      	ldrh	r6, [r4, #2]
87801386:	8822      	ldrh	r2, [r4, #0]
87801388:	f447 2720 	orr.w	r7, r7, #655360	; 0xa0000
8780138c:	88e1      	ldrh	r1, [r4, #6]
8780138e:	f447 6772 	orr.w	r7, r7, #3872	; 0xf20
87801392:	89a5      	ldrh	r5, [r4, #12]
87801394:	601f      	str	r7, [r3, #0]
87801396:	6118      	str	r0, [r3, #16]
87801398:	ea46 4c02 	orr.w	ip, r6, r2, lsl #16
8780139c:	691f      	ldr	r7, [r3, #16]
8780139e:	440a      	add	r2, r1
878013a0:	f8b4 e00a 	ldrh.w	lr, [r4, #10]
878013a4:	f447 27e0 	orr.w	r7, r7, #458752	; 0x70000
878013a8:	611f      	str	r7, [r3, #16]
878013aa:	4472      	add	r2, lr
878013ac:	6318      	str	r0, [r3, #48]	; 0x30
878013ae:	8a27      	ldrh	r7, [r4, #16]
878013b0:	f8c3 c030 	str.w	ip, [r3, #48]	; 0x30
878013b4:	6718      	str	r0, [r3, #112]	; 0x70
878013b6:	bf0c      	ite	eq
878013b8:	f041 5091 	orreq.w	r0, r1, #304087040	; 0x12200000
878013bc:	f041 5089 	orrne.w	r0, r1, #287309824	; 0x11200000
878013c0:	f8b4 c008 	ldrh.w	ip, [r4, #8]
878013c4:	f440 1080 	orr.w	r0, r0, #1048576	; 0x100000
878013c8:	6718      	str	r0, [r3, #112]	; 0x70
878013ca:	1970      	adds	r0, r6, r5
878013cc:	4438      	add	r0, r7
878013ce:	89e7      	ldrh	r7, [r4, #14]
878013d0:	4461      	add	r1, ip
878013d2:	f44f 4300 	mov.w	r3, #32768	; 0x8000
878013d6:	f2c0 231c 	movt	r3, #540	; 0x21c
878013da:	4462      	add	r2, ip
878013dc:	4438      	add	r0, r7
878013de:	442f      	add	r7, r5
878013e0:	ea41 4107 	orr.w	r1, r1, r7, lsl #16
878013e4:	ea40 4085 	orr.w	r0, r0, r5, lsl #18
878013e8:	f8c3 2080 	str.w	r2, [r3, #128]	; 0x80
878013ec:	f446 2680 	orr.w	r6, r6, #262144	; 0x40000
878013f0:	f04f 4209 	mov.w	r2, #2298478592	; 0x89000000
878013f4:	f8c3 0090 	str.w	r0, [r3, #144]	; 0x90
878013f8:	200a      	movs	r0, #10
878013fa:	f8c3 10a0 	str.w	r1, [r3, #160]	; 0xa0
878013fe:	f8c3 60b0 	str.w	r6, [r3, #176]	; 0xb0
87801402:	641a      	str	r2, [r3, #64]	; 0x40
87801404:	651a      	str	r2, [r3, #80]	; 0x50
87801406:	681a      	ldr	r2, [r3, #0]
87801408:	f042 0201 	orr.w	r2, r2, #1
8780140c:	601a      	str	r2, [r3, #0]
8780140e:	f7ff f85f 	bl	878004d0 <delay_ms>
87801412:	8861      	ldrh	r1, [r4, #2]
87801414:	8822      	ldrh	r2, [r4, #0]
87801416:	6963      	ldr	r3, [r4, #20]
87801418:	fb02 f201 	mul.w	r2, r2, r1
8780141c:	b13a      	cbz	r2, 8780142e <lcd_init+0x14a>
8780141e:	eb03 0282 	add.w	r2, r3, r2, lsl #2
87801422:	f06f 417f 	mvn.w	r1, #4278190080	; 0xff000000
87801426:	f843 1b04 	str.w	r1, [r3], #4
8780142a:	429a      	cmp	r2, r3
8780142c:	d1fb      	bne.n	87801426 <lcd_init+0x142>
8780142e:	bdf8      	pop	{r3, r4, r5, r6, r7, pc}
87801430:	f649 0450 	movw	r4, #38992	; 0x9850
87801434:	f44f 7288 	mov.w	r2, #272	; 0x110
87801438:	f2c8 7480 	movt	r4, #34688	; 0x8780
8780143c:	2308      	movs	r3, #8
8780143e:	2001      	movs	r0, #1
87801440:	f2c0 12e0 	movt	r2, #480	; 0x1e0
87801444:	2105      	movs	r1, #5
87801446:	2628      	movs	r6, #40	; 0x28
87801448:	6022      	str	r2, [r4, #0]
8780144a:	461a      	mov	r2, r3
8780144c:	8221      	strh	r1, [r4, #16]
8780144e:	4619      	mov	r1, r3
87801450:	80e0      	strh	r0, [r4, #6]
87801452:	81a0      	strh	r0, [r4, #12]
87801454:	201b      	movs	r0, #27
87801456:	81e6      	strh	r6, [r4, #14]
87801458:	8123      	strh	r3, [r4, #8]
8780145a:	8163      	strh	r3, [r4, #10]
8780145c:	f7ff fd16 	bl	87800e8c <lcdclk_init>
87801460:	e77e      	b.n	87801360 <lcd_init+0x7c>
87801462:	f649 0450 	movw	r4, #38992	; 0x9850
87801466:	f44f 7316 	mov.w	r3, #600	; 0x258
8780146a:	f2c8 7480 	movt	r4, #34688	; 0x8780
8780146e:	2003      	movs	r0, #3
87801470:	f2c0 4300 	movt	r3, #1024	; 0x400
87801474:	210c      	movs	r1, #12
87801476:	22a0      	movs	r2, #160	; 0xa0
87801478:	268c      	movs	r6, #140	; 0x8c
8780147a:	6023      	str	r3, [r4, #0]
8780147c:	2314      	movs	r3, #20
8780147e:	8161      	strh	r1, [r4, #10]
87801480:	4601      	mov	r1, r0
87801482:	8222      	strh	r2, [r4, #16]
87801484:	2205      	movs	r2, #5
87801486:	80e0      	strh	r0, [r4, #6]
87801488:	2020      	movs	r0, #32
8780148a:	81e6      	strh	r6, [r4, #14]
8780148c:	8123      	strh	r3, [r4, #8]
8780148e:	81a3      	strh	r3, [r4, #12]
87801490:	f7ff fcfc 	bl	87800e8c <lcdclk_init>
87801494:	e764      	b.n	87801360 <lcd_init+0x7c>
87801496:	f649 0450 	movw	r4, #38992	; 0x9850
8780149a:	2003      	movs	r0, #3
8780149c:	f2c8 7480 	movt	r4, #34688	; 0x8780
878014a0:	f44f 73f0 	mov.w	r3, #480	; 0x1e0
878014a4:	f2c0 3320 	movt	r3, #800	; 0x320
878014a8:	220d      	movs	r2, #13
878014aa:	2130      	movs	r1, #48	; 0x30
878014ac:	80e0      	strh	r0, [r4, #6]
878014ae:	2058      	movs	r0, #88	; 0x58
878014b0:	2620      	movs	r6, #32
878014b2:	6023      	str	r3, [r4, #0]
878014b4:	2328      	movs	r3, #40	; 0x28
878014b6:	8162      	strh	r2, [r4, #10]
878014b8:	2208      	movs	r2, #8
878014ba:	81a1      	strh	r1, [r4, #12]
878014bc:	2104      	movs	r1, #4
878014be:	81e0      	strh	r0, [r4, #14]
878014c0:	202a      	movs	r0, #42	; 0x2a
878014c2:	8126      	strh	r6, [r4, #8]
878014c4:	8223      	strh	r3, [r4, #16]
878014c6:	f7ff fce1 	bl	87800e8c <lcdclk_init>
878014ca:	e749      	b.n	87801360 <lcd_init+0x7c>
878014cc:	f649 0450 	movw	r4, #38992	; 0x9850
878014d0:	f44f 73f0 	mov.w	r3, #480	; 0x1e0
878014d4:	f2c8 7480 	movt	r4, #34688	; 0x8780
878014d8:	f2c0 3320 	movt	r3, #800	; 0x320
878014dc:	2216      	movs	r2, #22
878014de:	212e      	movs	r1, #46	; 0x2e
878014e0:	20d2      	movs	r0, #210	; 0xd2
878014e2:	2617      	movs	r6, #23
878014e4:	6023      	str	r3, [r4, #0]
878014e6:	2301      	movs	r3, #1
878014e8:	8162      	strh	r2, [r4, #10]
878014ea:	2207      	movs	r2, #7
878014ec:	81e1      	strh	r1, [r4, #14]
878014ee:	2103      	movs	r1, #3
878014f0:	8220      	strh	r0, [r4, #16]
878014f2:	201e      	movs	r0, #30
878014f4:	8126      	strh	r6, [r4, #8]
878014f6:	80e3      	strh	r3, [r4, #6]
878014f8:	81a3      	strh	r3, [r4, #12]
878014fa:	f7ff fcc7 	bl	87800e8c <lcdclk_init>
878014fe:	e72f      	b.n	87801360 <lcd_init+0x7c>
87801500:	f44f 7348 	mov.w	r3, #800	; 0x320
87801504:	f2c8 7480 	movt	r4, #34688	; 0x8780
87801508:	2003      	movs	r0, #3
8780150a:	f2c0 5300 	movt	r3, #1280	; 0x500
8780150e:	2246      	movs	r2, #70	; 0x46
87801510:	2650      	movs	r6, #80	; 0x50
87801512:	6023      	str	r3, [r4, #0]
87801514:	4601      	mov	r1, r0
87801516:	230a      	movs	r3, #10
87801518:	8222      	strh	r2, [r4, #16]
8780151a:	80e0      	strh	r0, [r4, #6]
8780151c:	2205      	movs	r2, #5
8780151e:	2023      	movs	r0, #35	; 0x23
87801520:	81e6      	strh	r6, [r4, #14]
87801522:	8123      	strh	r3, [r4, #8]
87801524:	8163      	strh	r3, [r4, #10]
87801526:	81a3      	strh	r3, [r4, #12]
87801528:	f7ff fcb0 	bl	87800e8c <lcdclk_init>
8780152c:	e718      	b.n	87801360 <lcd_init+0x7c>
8780152e:	f2c8 7480 	movt	r4, #34688	; 0x8780
87801532:	2018      	movs	r0, #24
87801534:	f44f 7240 	mov.w	r2, #768	; 0x300
87801538:	2303      	movs	r3, #3
8780153a:	f2c0 5256 	movt	r2, #1366	; 0x556
8780153e:	21d5      	movs	r1, #213	; 0xd5
87801540:	8120      	strh	r0, [r4, #8]
87801542:	2046      	movs	r0, #70	; 0x46
87801544:	268f      	movs	r6, #143	; 0x8f
87801546:	6022      	str	r2, [r4, #0]
87801548:	81e1      	strh	r1, [r4, #14]
8780154a:	461a      	mov	r2, r3
8780154c:	8220      	strh	r0, [r4, #16]
8780154e:	4619      	mov	r1, r3
87801550:	2020      	movs	r0, #32
87801552:	81a6      	strh	r6, [r4, #12]
87801554:	80e3      	strh	r3, [r4, #6]
87801556:	8163      	strh	r3, [r4, #10]
87801558:	f7ff fc98 	bl	87800e8c <lcdclk_init>
8780155c:	e700      	b.n	87801360 <lcd_init+0x7c>
8780155e:	bf00      	nop

87801560 <lcd_drawpoint>:
87801560:	f649 0350 	movw	r3, #38992	; 0x9850
87801564:	b430      	push	{r4, r5}
87801566:	f2c8 7380 	movt	r3, #34688	; 0x8780
8780156a:	885d      	ldrh	r5, [r3, #2]
8780156c:	791c      	ldrb	r4, [r3, #4]
8780156e:	695b      	ldr	r3, [r3, #20]
87801570:	fb01 0005 	mla	r0, r1, r5, r0
87801574:	fb04 f400 	mul.w	r4, r4, r0
87801578:	50e2      	str	r2, [r4, r3]
8780157a:	bc30      	pop	{r4, r5}
8780157c:	4770      	bx	lr
8780157e:	bf00      	nop

87801580 <lcd_readpoint>:
87801580:	f649 0350 	movw	r3, #38992	; 0x9850
87801584:	b410      	push	{r4}
87801586:	f2c8 7380 	movt	r3, #34688	; 0x8780
8780158a:	885c      	ldrh	r4, [r3, #2]
8780158c:	791a      	ldrb	r2, [r3, #4]
8780158e:	695b      	ldr	r3, [r3, #20]
87801590:	fb01 0004 	mla	r0, r1, r4, r0
87801594:	f85d 4b04 	ldr.w	r4, [sp], #4
87801598:	fb02 f200 	mul.w	r2, r2, r0
8780159c:	58d0      	ldr	r0, [r2, r3]
8780159e:	4770      	bx	lr

878015a0 <lcd_clear>:
878015a0:	f649 0350 	movw	r3, #38992	; 0x9850
878015a4:	f2c8 7380 	movt	r3, #34688	; 0x8780
878015a8:	8859      	ldrh	r1, [r3, #2]
878015aa:	881a      	ldrh	r2, [r3, #0]
878015ac:	695b      	ldr	r3, [r3, #20]
878015ae:	fb02 f201 	mul.w	r2, r2, r1
878015b2:	b12a      	cbz	r2, 878015c0 <lcd_clear+0x20>
878015b4:	eb03 0282 	add.w	r2, r3, r2, lsl #2
878015b8:	f843 0b04 	str.w	r0, [r3], #4
878015bc:	429a      	cmp	r2, r3
878015be:	d1fb      	bne.n	878015b8 <lcd_clear+0x18>
878015c0:	4770      	bx	lr
878015c2:	bf00      	nop

878015c4 <lcd_fill>:
878015c4:	e92d 43f0 	stmdb	sp!, {r4, r5, r6, r7, r8, r9, lr}
878015c8:	f649 0650 	movw	r6, #38992	; 0x9850
878015cc:	f2c8 7680 	movt	r6, #34688	; 0x8780
878015d0:	4699      	mov	r9, r3
878015d2:	f8b6 8002 	ldrh.w	r8, [r6, #2]
878015d6:	8834      	ldrh	r4, [r6, #0]
878015d8:	9b07      	ldr	r3, [sp, #28]
878015da:	4590      	cmp	r8, r2
878015dc:	bf9c      	itt	ls
878015de:	f108 32ff 	addls.w	r2, r8, #4294967295	; 0xffffffff
878015e2:	b292      	uxthls	r2, r2
878015e4:	454c      	cmp	r4, r9
878015e6:	d802      	bhi.n	878015ee <lcd_fill+0x2a>
878015e8:	3c01      	subs	r4, #1
878015ea:	fa1f f984 	uxth.w	r9, r4
878015ee:	4589      	cmp	r9, r1
878015f0:	d314      	bcc.n	8780161c <lcd_fill+0x58>
878015f2:	4282      	cmp	r2, r0
878015f4:	d30e      	bcc.n	87801614 <lcd_fill+0x50>
878015f6:	fb01 fe08 	mul.w	lr, r1, r8
878015fa:	4604      	mov	r4, r0
878015fc:	f896 c004 	ldrb.w	ip, [r6, #4]
87801600:	eb04 050e 	add.w	r5, r4, lr
87801604:	3401      	adds	r4, #1
87801606:	6977      	ldr	r7, [r6, #20]
87801608:	b2a4      	uxth	r4, r4
8780160a:	fb05 f50c 	mul.w	r5, r5, ip
8780160e:	42a2      	cmp	r2, r4
87801610:	51eb      	str	r3, [r5, r7]
87801612:	d2f3      	bcs.n	878015fc <lcd_fill+0x38>
87801614:	3101      	adds	r1, #1
87801616:	b289      	uxth	r1, r1
87801618:	4589      	cmp	r9, r1
8780161a:	d2ea      	bcs.n	878015f2 <lcd_fill+0x2e>
8780161c:	e8bd 83f0 	ldmia.w	sp!, {r4, r5, r6, r7, r8, r9, pc}

87801620 <lcd_drawline>:
87801620:	e92d 4ff0 	stmdb	sp!, {r4, r5, r6, r7, r8, r9, sl, fp, lr}
87801624:	eba2 0a00 	sub.w	sl, r2, r0
87801628:	f1ba 0f00 	cmp.w	sl, #0
8780162c:	b085      	sub	sp, #20
8780162e:	eba3 0901 	sub.w	r9, r3, r1
87801632:	bfc8      	it	gt
87801634:	2301      	movgt	r3, #1
87801636:	4607      	mov	r7, r0
87801638:	4688      	mov	r8, r1
8780163a:	bfc8      	it	gt
8780163c:	9302      	strgt	r3, [sp, #8]
8780163e:	dc07      	bgt.n	87801650 <lcd_drawline+0x30>
87801640:	bf1d      	ittte	ne
87801642:	f1ca 0a00 	rsbne	sl, sl, #0
87801646:	f04f 33ff 	movne.w	r3, #4294967295	; 0xffffffff
8780164a:	9302      	strne	r3, [sp, #8]
8780164c:	f8cd a008 	streq.w	sl, [sp, #8]
87801650:	f1b9 0f00 	cmp.w	r9, #0
87801654:	bfc4      	itt	gt
87801656:	2301      	movgt	r3, #1
87801658:	9303      	strgt	r3, [sp, #12]
8780165a:	dd2d      	ble.n	878016b8 <lcd_drawline+0x98>
8780165c:	2500      	movs	r5, #0
8780165e:	45ca      	cmp	sl, r9
87801660:	46d3      	mov	fp, sl
87801662:	f649 0350 	movw	r3, #38992	; 0x9850
87801666:	bfb8      	it	lt
87801668:	46cb      	movlt	fp, r9
8780166a:	462e      	mov	r6, r5
8780166c:	462c      	mov	r4, r5
8780166e:	f10b 0201 	add.w	r2, fp, #1
87801672:	f2c8 7380 	movt	r3, #34688	; 0x8780
87801676:	9200      	str	r2, [sp, #0]
87801678:	9301      	str	r3, [sp, #4]
8780167a:	9b01      	ldr	r3, [sp, #4]
8780167c:	4456      	add	r6, sl
8780167e:	fa1f f188 	uxth.w	r1, r8
87801682:	b2b8      	uxth	r0, r7
87801684:	699a      	ldr	r2, [r3, #24]
87801686:	444d      	add	r5, r9
87801688:	f7ff ff6a 	bl	87801560 <lcd_drawpoint>
8780168c:	455e      	cmp	r6, fp
8780168e:	f104 0401 	add.w	r4, r4, #1
87801692:	bfc4      	itt	gt
87801694:	9b02      	ldrgt	r3, [sp, #8]
87801696:	eba6 060b 	subgt.w	r6, r6, fp
8780169a:	b2a4      	uxth	r4, r4
8780169c:	bfc8      	it	gt
8780169e:	18ff      	addgt	r7, r7, r3
878016a0:	455d      	cmp	r5, fp
878016a2:	bfc2      	ittt	gt
878016a4:	9b03      	ldrgt	r3, [sp, #12]
878016a6:	eba5 050b 	subgt.w	r5, r5, fp
878016aa:	4498      	addgt	r8, r3
878016ac:	9b00      	ldr	r3, [sp, #0]
878016ae:	429c      	cmp	r4, r3
878016b0:	dde3      	ble.n	8780167a <lcd_drawline+0x5a>
878016b2:	b005      	add	sp, #20
878016b4:	e8bd 8ff0 	ldmia.w	sp!, {r4, r5, r6, r7, r8, r9, sl, fp, pc}
878016b8:	bf08      	it	eq
878016ba:	f8cd 900c 	streq.w	r9, [sp, #12]
878016be:	d0cd      	beq.n	8780165c <lcd_drawline+0x3c>
878016c0:	f04f 33ff 	mov.w	r3, #4294967295	; 0xffffffff
878016c4:	f1c9 0900 	rsb	r9, r9, #0
878016c8:	9303      	str	r3, [sp, #12]
878016ca:	e7c7      	b.n	8780165c <lcd_drawline+0x3c>

878016cc <lcd_draw_rectangle>:
878016cc:	e92d 41f0 	stmdb	sp!, {r4, r5, r6, r7, r8, lr}
878016d0:	461c      	mov	r4, r3
878016d2:	4606      	mov	r6, r0
878016d4:	460d      	mov	r5, r1
878016d6:	460b      	mov	r3, r1
878016d8:	4617      	mov	r7, r2
878016da:	f7ff ffa1 	bl	87801620 <lcd_drawline>
878016de:	4623      	mov	r3, r4
878016e0:	4632      	mov	r2, r6
878016e2:	4629      	mov	r1, r5
878016e4:	4630      	mov	r0, r6
878016e6:	f7ff ff9b 	bl	87801620 <lcd_drawline>
878016ea:	4623      	mov	r3, r4
878016ec:	463a      	mov	r2, r7
878016ee:	4621      	mov	r1, r4
878016f0:	4630      	mov	r0, r6
878016f2:	f7ff ff95 	bl	87801620 <lcd_drawline>
878016f6:	4623      	mov	r3, r4
878016f8:	463a      	mov	r2, r7
878016fa:	4629      	mov	r1, r5
878016fc:	4638      	mov	r0, r7
878016fe:	e8bd 41f0 	ldmia.w	sp!, {r4, r5, r6, r7, r8, lr}
87801702:	f7ff bf8d 	b.w	87801620 <lcd_drawline>
87801706:	bf00      	nop

87801708 <lcd_draw_Circle>:
87801708:	4613      	mov	r3, r2
8780170a:	e92d 4ff0 	stmdb	sp!, {r4, r5, r6, r7, r8, r9, sl, fp, lr}
8780170e:	f1c2 0201 	rsb	r2, r2, #1
87801712:	b085      	sub	sp, #20
87801714:	9000      	str	r0, [sp, #0]
87801716:	9201      	str	r2, [sp, #4]
87801718:	2b00      	cmp	r3, #0
8780171a:	d066      	beq.n	878017ea <lcd_draw_Circle+0xe2>
8780171c:	f649 0650 	movw	r6, #38992	; 0x9850
87801720:	2700      	movs	r7, #0
87801722:	f2c8 7680 	movt	r6, #34688	; 0x8780
87801726:	468b      	mov	fp, r1
87801728:	b29d      	uxth	r5, r3
8780172a:	9303      	str	r3, [sp, #12]
8780172c:	9b00      	ldr	r3, [sp, #0]
8780172e:	b2bc      	uxth	r4, r7
87801730:	eb05 0a0b 	add.w	sl, r5, fp
87801734:	69b2      	ldr	r2, [r6, #24]
87801736:	fa1f fa8a 	uxth.w	sl, sl
8780173a:	eb0b 0904 	add.w	r9, fp, r4
8780173e:	1919      	adds	r1, r3, r4
87801740:	fa1f f989 	uxth.w	r9, r9
87801744:	b289      	uxth	r1, r1
87801746:	4608      	mov	r0, r1
87801748:	9102      	str	r1, [sp, #8]
8780174a:	4651      	mov	r1, sl
8780174c:	f7ff ff08 	bl	87801560 <lcd_drawpoint>
87801750:	9a00      	ldr	r2, [sp, #0]
87801752:	4649      	mov	r1, r9
87801754:	eb05 0802 	add.w	r8, r5, r2
87801758:	69b2      	ldr	r2, [r6, #24]
8780175a:	fa1f f888 	uxth.w	r8, r8
8780175e:	4640      	mov	r0, r8
87801760:	f7ff fefe 	bl	87801560 <lcd_drawpoint>
87801764:	9a00      	ldr	r2, [sp, #0]
87801766:	4651      	mov	r1, sl
87801768:	1b12      	subs	r2, r2, r4
8780176a:	ebab 0404 	sub.w	r4, fp, r4
8780176e:	fa1f fa82 	uxth.w	sl, r2
87801772:	69b2      	ldr	r2, [r6, #24]
87801774:	b2a4      	uxth	r4, r4
87801776:	4650      	mov	r0, sl
87801778:	f7ff fef2 	bl	87801560 <lcd_drawpoint>
8780177c:	9a00      	ldr	r2, [sp, #0]
8780177e:	4649      	mov	r1, r9
87801780:	1b52      	subs	r2, r2, r5
87801782:	ebab 0505 	sub.w	r5, fp, r5
87801786:	fa1f f982 	uxth.w	r9, r2
8780178a:	b2ad      	uxth	r5, r5
8780178c:	69b2      	ldr	r2, [r6, #24]
8780178e:	4648      	mov	r0, r9
87801790:	f7ff fee6 	bl	87801560 <lcd_drawpoint>
87801794:	4650      	mov	r0, sl
87801796:	69b2      	ldr	r2, [r6, #24]
87801798:	4629      	mov	r1, r5
8780179a:	f7ff fee1 	bl	87801560 <lcd_drawpoint>
8780179e:	4648      	mov	r0, r9
878017a0:	69b2      	ldr	r2, [r6, #24]
878017a2:	4621      	mov	r1, r4
878017a4:	f7ff fedc 	bl	87801560 <lcd_drawpoint>
878017a8:	4629      	mov	r1, r5
878017aa:	9802      	ldr	r0, [sp, #8]
878017ac:	69b2      	ldr	r2, [r6, #24]
878017ae:	f7ff fed7 	bl	87801560 <lcd_drawpoint>
878017b2:	4621      	mov	r1, r4
878017b4:	69b2      	ldr	r2, [r6, #24]
878017b6:	4640      	mov	r0, r8
878017b8:	f7ff fed2 	bl	87801560 <lcd_drawpoint>
878017bc:	9901      	ldr	r1, [sp, #4]
878017be:	9b03      	ldr	r3, [sp, #12]
878017c0:	2900      	cmp	r1, #0
878017c2:	eba7 0203 	sub.w	r2, r7, r3
878017c6:	bfa8      	it	ge
878017c8:	f103 33ff 	addge.w	r3, r3, #4294967295	; 0xffffffff
878017cc:	eb01 0242 	add.w	r2, r1, r2, lsl #1
878017d0:	bfba      	itte	lt
878017d2:	460a      	movlt	r2, r1
878017d4:	eb02 0247 	addlt.w	r2, r2, r7, lsl #1
878017d8:	3205      	addge	r2, #5
878017da:	f107 0701 	add.w	r7, r7, #1
878017de:	bfae      	itee	ge
878017e0:	9201      	strge	r2, [sp, #4]
878017e2:	3203      	addlt	r2, #3
878017e4:	9201      	strlt	r2, [sp, #4]
878017e6:	42bb      	cmp	r3, r7
878017e8:	dc9e      	bgt.n	87801728 <lcd_draw_Circle+0x20>
878017ea:	b005      	add	sp, #20
878017ec:	e8bd 8ff0 	ldmia.w	sp!, {r4, r5, r6, r7, r8, r9, sl, fp, pc}

878017f0 <lcd_showchar>:
878017f0:	e92d 4ff0 	stmdb	sp!, {r4, r5, r6, r7, r8, r9, sl, fp, lr}
878017f4:	461e      	mov	r6, r3
878017f6:	f013 0307 	ands.w	r3, r3, #7
878017fa:	ea4f 0556 	mov.w	r5, r6, lsr #1
878017fe:	bf18      	it	ne
87801800:	2301      	movne	r3, #1
87801802:	eb03 04d6 	add.w	r4, r3, r6, lsr #3
87801806:	b087      	sub	sp, #28
87801808:	f89d 3040 	ldrb.w	r3, [sp, #64]	; 0x40
8780180c:	4689      	mov	r9, r1
8780180e:	fb14 f105 	smulbb	r1, r4, r5
87801812:	9300      	str	r3, [sp, #0]
87801814:	f011 03ff 	ands.w	r3, r1, #255	; 0xff
87801818:	9301      	str	r3, [sp, #4]
8780181a:	d04c      	beq.n	878018b6 <lcd_showchar+0xc6>
8780181c:	3a20      	subs	r2, #32
8780181e:	f244 2194 	movw	r1, #17044	; 0x4294
87801822:	b2d2      	uxtb	r2, r2
87801824:	f2c8 7180 	movt	r1, #34688	; 0x8780
87801828:	4c38      	ldr	r4, [pc, #224]	; (8780190c <lcd_showchar+0x11c>)
8780182a:	f601 575c 	addw	r7, r1, #3420	; 0xd5c
8780182e:	b212      	sxth	r2, r2
87801830:	4683      	mov	fp, r0
87801832:	f645 2054 	movw	r0, #23124	; 0x5a54
87801836:	eb02 0cc2 	add.w	ip, r2, r2, lsl #3
8780183a:	eb02 0542 	add.w	r5, r2, r2, lsl #1
8780183e:	eb01 038c 	add.w	r3, r1, ip, lsl #2
87801842:	f2c8 7080 	movt	r0, #34688	; 0x8780
87801846:	f04f 0a00 	mov.w	sl, #0
8780184a:	9305      	str	r3, [sp, #20]
8780184c:	eb07 1302 	add.w	r3, r7, r2, lsl #4
87801850:	f649 0750 	movw	r7, #38992	; 0x9850
87801854:	9304      	str	r3, [sp, #16]
87801856:	eb04 0385 	add.w	r3, r4, r5, lsl #2
8780185a:	f2c8 7780 	movt	r7, #34688	; 0x8780
8780185e:	9302      	str	r3, [sp, #8]
87801860:	464c      	mov	r4, r9
87801862:	eb00 13c2 	add.w	r3, r0, r2, lsl #7
87801866:	9303      	str	r3, [sp, #12]
87801868:	2e0c      	cmp	r6, #12
8780186a:	d033      	beq.n	878018d4 <lcd_showchar+0xe4>
8780186c:	2e10      	cmp	r6, #16
8780186e:	d035      	beq.n	878018dc <lcd_showchar+0xec>
87801870:	2e18      	cmp	r6, #24
87801872:	d047      	beq.n	87801904 <lcd_showchar+0x114>
87801874:	2e20      	cmp	r6, #32
87801876:	d11e      	bne.n	878018b6 <lcd_showchar+0xc6>
87801878:	9b03      	ldr	r3, [sp, #12]
8780187a:	f813 500a 	ldrb.w	r5, [r3, sl]
8780187e:	f104 0808 	add.w	r8, r4, #8
87801882:	fa1f f888 	uxth.w	r8, r8
87801886:	062b      	lsls	r3, r5, #24
87801888:	d41e      	bmi.n	878018c8 <lcd_showchar+0xd8>
8780188a:	9b00      	ldr	r3, [sp, #0]
8780188c:	b1b3      	cbz	r3, 878018bc <lcd_showchar+0xcc>
8780188e:	3401      	adds	r4, #1
87801890:	883a      	ldrh	r2, [r7, #0]
87801892:	b2a4      	uxth	r4, r4
87801894:	006d      	lsls	r5, r5, #1
87801896:	42a2      	cmp	r2, r4
87801898:	eba4 0109 	sub.w	r1, r4, r9
8780189c:	b2ed      	uxtb	r5, r5
8780189e:	d90a      	bls.n	878018b6 <lcd_showchar+0xc6>
878018a0:	42b1      	cmp	r1, r6
878018a2:	d01f      	beq.n	878018e4 <lcd_showchar+0xf4>
878018a4:	45a0      	cmp	r8, r4
878018a6:	d1ee      	bne.n	87801886 <lcd_showchar+0x96>
878018a8:	f10a 0a01 	add.w	sl, sl, #1
878018ac:	9b01      	ldr	r3, [sp, #4]
878018ae:	fa5f f28a 	uxtb.w	r2, sl
878018b2:	429a      	cmp	r2, r3
878018b4:	d3d8      	bcc.n	87801868 <lcd_showchar+0x78>
878018b6:	b007      	add	sp, #28
878018b8:	e8bd 8ff0 	ldmia.w	sp!, {r4, r5, r6, r7, r8, r9, sl, fp, pc}
878018bc:	69fa      	ldr	r2, [r7, #28]
878018be:	4621      	mov	r1, r4
878018c0:	4658      	mov	r0, fp
878018c2:	f7ff fe4d 	bl	87801560 <lcd_drawpoint>
878018c6:	e7e2      	b.n	8780188e <lcd_showchar+0x9e>
878018c8:	69ba      	ldr	r2, [r7, #24]
878018ca:	4621      	mov	r1, r4
878018cc:	4658      	mov	r0, fp
878018ce:	f7ff fe47 	bl	87801560 <lcd_drawpoint>
878018d2:	e7dc      	b.n	8780188e <lcd_showchar+0x9e>
878018d4:	9b02      	ldr	r3, [sp, #8]
878018d6:	f813 500a 	ldrb.w	r5, [r3, sl]
878018da:	e7d0      	b.n	8780187e <lcd_showchar+0x8e>
878018dc:	9b04      	ldr	r3, [sp, #16]
878018de:	f813 500a 	ldrb.w	r5, [r3, sl]
878018e2:	e7cc      	b.n	8780187e <lcd_showchar+0x8e>
878018e4:	f10b 0b01 	add.w	fp, fp, #1
878018e8:	887a      	ldrh	r2, [r7, #2]
878018ea:	fa1f fb8b 	uxth.w	fp, fp
878018ee:	455a      	cmp	r2, fp
878018f0:	d9e1      	bls.n	878018b6 <lcd_showchar+0xc6>
878018f2:	f10a 0a01 	add.w	sl, sl, #1
878018f6:	9b01      	ldr	r3, [sp, #4]
878018f8:	fa5f f28a 	uxtb.w	r2, sl
878018fc:	464c      	mov	r4, r9
878018fe:	429a      	cmp	r2, r3
87801900:	d3b2      	bcc.n	87801868 <lcd_showchar+0x78>
87801902:	e7d8      	b.n	878018b6 <lcd_showchar+0xc6>
87801904:	9b05      	ldr	r3, [sp, #20]
87801906:	f813 500a 	ldrb.w	r5, [r3, sl]
8780190a:	e7b8      	b.n	8780187e <lcd_showchar+0x8e>
8780190c:	878055e0 	strhi	r5, [r0, r0, ror #11]

87801910 <lcd_pow>:
87801910:	1e4b      	subs	r3, r1, #1
87801912:	2201      	movs	r2, #1
87801914:	b2db      	uxtb	r3, r3
87801916:	b129      	cbz	r1, 87801924 <lcd_pow+0x14>
87801918:	3b01      	subs	r3, #1
8780191a:	fb00 f202 	mul.w	r2, r0, r2
8780191e:	b2db      	uxtb	r3, r3
87801920:	2bff      	cmp	r3, #255	; 0xff
87801922:	d1f9      	bne.n	87801918 <lcd_pow+0x8>
87801924:	4610      	mov	r0, r2
87801926:	4770      	bx	lr

87801928 <lcd_shownum>:
87801928:	e92d 4ff0 	stmdb	sp!, {r4, r5, r6, r7, r8, r9, sl, fp, lr}
8780192c:	b087      	sub	sp, #28
8780192e:	f89d 7040 	ldrb.w	r7, [sp, #64]	; 0x40
87801932:	2b00      	cmp	r3, #0
87801934:	d045      	beq.n	878019c2 <lcd_shownum+0x9a>
87801936:	4693      	mov	fp, r2
87801938:	1e5a      	subs	r2, r3, #1
8780193a:	fa5f f982 	uxtb.w	r9, r2
8780193e:	2500      	movs	r5, #0
87801940:	f64c 48cd 	movw	r8, #52429	; 0xcccd
87801944:	9205      	str	r2, [sp, #20]
87801946:	3b02      	subs	r3, #2
87801948:	087a      	lsrs	r2, r7, #1
8780194a:	4604      	mov	r4, r0
8780194c:	9304      	str	r3, [sp, #16]
8780194e:	468a      	mov	sl, r1
87801950:	462e      	mov	r6, r5
87801952:	f6cc 48cc 	movt	r8, #52428	; 0xcccc
87801956:	f109 0301 	add.w	r3, r9, #1
8780195a:	9202      	str	r2, [sp, #8]
8780195c:	9303      	str	r3, [sp, #12]
8780195e:	b2ea      	uxtb	r2, r5
87801960:	9b04      	ldr	r3, [sp, #16]
87801962:	454a      	cmp	r2, r9
87801964:	eba3 0302 	sub.w	r3, r3, r2
87801968:	bf08      	it	eq
8780196a:	4658      	moveq	r0, fp
8780196c:	b2db      	uxtb	r3, r3
8780196e:	d00a      	beq.n	87801986 <lcd_shownum+0x5e>
87801970:	2101      	movs	r1, #1
87801972:	3b01      	subs	r3, #1
87801974:	eb01 0181 	add.w	r1, r1, r1, lsl #2
87801978:	b2db      	uxtb	r3, r3
8780197a:	0049      	lsls	r1, r1, #1
8780197c:	2bff      	cmp	r3, #255	; 0xff
8780197e:	d1f8      	bne.n	87801972 <lcd_shownum+0x4a>
87801980:	4658      	mov	r0, fp
87801982:	f002 f921 	bl	87803bc8 <__udivsi3>
87801986:	fba0 2308 	umull	r2, r3, r0, r8
8780198a:	08db      	lsrs	r3, r3, #3
8780198c:	eb03 0383 	add.w	r3, r3, r3, lsl #2
87801990:	eba0 0343 	sub.w	r3, r0, r3, lsl #1
87801994:	b2da      	uxtb	r2, r3
87801996:	b926      	cbnz	r6, 878019a2 <lcd_shownum+0x7a>
87801998:	9905      	ldr	r1, [sp, #20]
8780199a:	42a9      	cmp	r1, r5
8780199c:	dd01      	ble.n	878019a2 <lcd_shownum+0x7a>
8780199e:	b19b      	cbz	r3, 878019c8 <lcd_shownum+0xa0>
878019a0:	2601      	movs	r6, #1
878019a2:	2300      	movs	r3, #0
878019a4:	3230      	adds	r2, #48	; 0x30
878019a6:	9300      	str	r3, [sp, #0]
878019a8:	b2d2      	uxtb	r2, r2
878019aa:	463b      	mov	r3, r7
878019ac:	4651      	mov	r1, sl
878019ae:	4620      	mov	r0, r4
878019b0:	f7ff ff1e 	bl	878017f0 <lcd_showchar>
878019b4:	9b02      	ldr	r3, [sp, #8]
878019b6:	3501      	adds	r5, #1
878019b8:	441c      	add	r4, r3
878019ba:	9b03      	ldr	r3, [sp, #12]
878019bc:	b2a4      	uxth	r4, r4
878019be:	42ab      	cmp	r3, r5
878019c0:	d1cd      	bne.n	8780195e <lcd_shownum+0x36>
878019c2:	b007      	add	sp, #28
878019c4:	e8bd 8ff0 	ldmia.w	sp!, {r4, r5, r6, r7, r8, r9, sl, fp, pc}
878019c8:	9600      	str	r6, [sp, #0]
878019ca:	463b      	mov	r3, r7
878019cc:	2220      	movs	r2, #32
878019ce:	4651      	mov	r1, sl
878019d0:	4620      	mov	r0, r4
878019d2:	f7ff ff0d 	bl	878017f0 <lcd_showchar>
878019d6:	e7ed      	b.n	878019b4 <lcd_shownum+0x8c>

878019d8 <lcd_showxnum>:
878019d8:	e92d 4ff0 	stmdb	sp!, {r4, r5, r6, r7, r8, r9, sl, fp, lr}
878019dc:	b089      	sub	sp, #36	; 0x24
878019de:	4693      	mov	fp, r2
878019e0:	f89d 7048 	ldrb.w	r7, [sp, #72]	; 0x48
878019e4:	f89d 204c 	ldrb.w	r2, [sp, #76]	; 0x4c
878019e8:	2b00      	cmp	r3, #0
878019ea:	d049      	beq.n	87801a80 <lcd_showxnum+0xa8>
878019ec:	468a      	mov	sl, r1
878019ee:	1e59      	subs	r1, r3, #1
878019f0:	fa5f f981 	uxtb.w	r9, r1
878019f4:	9106      	str	r1, [sp, #24]
878019f6:	0879      	lsrs	r1, r7, #1
878019f8:	3b02      	subs	r3, #2
878019fa:	2500      	movs	r5, #0
878019fc:	9304      	str	r3, [sp, #16]
878019fe:	f64c 48cd 	movw	r8, #52429	; 0xcccd
87801a02:	f109 0301 	add.w	r3, r9, #1
87801a06:	9102      	str	r1, [sp, #8]
87801a08:	4604      	mov	r4, r0
87801a0a:	b251      	sxtb	r1, r2
87801a0c:	462e      	mov	r6, r5
87801a0e:	f6cc 48cc 	movt	r8, #52428	; 0xcccc
87801a12:	9303      	str	r3, [sp, #12]
87801a14:	f002 0301 	and.w	r3, r2, #1
87801a18:	9107      	str	r1, [sp, #28]
87801a1a:	9305      	str	r3, [sp, #20]
87801a1c:	b2ea      	uxtb	r2, r5
87801a1e:	9b04      	ldr	r3, [sp, #16]
87801a20:	454a      	cmp	r2, r9
87801a22:	eba3 0302 	sub.w	r3, r3, r2
87801a26:	bf08      	it	eq
87801a28:	4658      	moveq	r0, fp
87801a2a:	b2db      	uxtb	r3, r3
87801a2c:	d00a      	beq.n	87801a44 <lcd_showxnum+0x6c>
87801a2e:	2101      	movs	r1, #1
87801a30:	3b01      	subs	r3, #1
87801a32:	eb01 0181 	add.w	r1, r1, r1, lsl #2
87801a36:	b2db      	uxtb	r3, r3
87801a38:	0049      	lsls	r1, r1, #1
87801a3a:	2bff      	cmp	r3, #255	; 0xff
87801a3c:	d1f8      	bne.n	87801a30 <lcd_showxnum+0x58>
87801a3e:	4658      	mov	r0, fp
87801a40:	f002 f8c2 	bl	87803bc8 <__udivsi3>
87801a44:	fba0 2308 	umull	r2, r3, r0, r8
87801a48:	08db      	lsrs	r3, r3, #3
87801a4a:	eb03 0383 	add.w	r3, r3, r3, lsl #2
87801a4e:	eba0 0343 	sub.w	r3, r0, r3, lsl #1
87801a52:	b2da      	uxtb	r2, r3
87801a54:	b926      	cbnz	r6, 87801a60 <lcd_showxnum+0x88>
87801a56:	9906      	ldr	r1, [sp, #24]
87801a58:	42a9      	cmp	r1, r5
87801a5a:	dd01      	ble.n	87801a60 <lcd_showxnum+0x88>
87801a5c:	b19b      	cbz	r3, 87801a86 <lcd_showxnum+0xae>
87801a5e:	2601      	movs	r6, #1
87801a60:	9b05      	ldr	r3, [sp, #20]
87801a62:	3230      	adds	r2, #48	; 0x30
87801a64:	b2d2      	uxtb	r2, r2
87801a66:	4651      	mov	r1, sl
87801a68:	4620      	mov	r0, r4
87801a6a:	9300      	str	r3, [sp, #0]
87801a6c:	463b      	mov	r3, r7
87801a6e:	f7ff febf 	bl	878017f0 <lcd_showchar>
87801a72:	9b02      	ldr	r3, [sp, #8]
87801a74:	3501      	adds	r5, #1
87801a76:	441c      	add	r4, r3
87801a78:	9b03      	ldr	r3, [sp, #12]
87801a7a:	b2a4      	uxth	r4, r4
87801a7c:	42ab      	cmp	r3, r5
87801a7e:	d1cd      	bne.n	87801a1c <lcd_showxnum+0x44>
87801a80:	b009      	add	sp, #36	; 0x24
87801a82:	e8bd 8ff0 	ldmia.w	sp!, {r4, r5, r6, r7, r8, r9, sl, fp, pc}
87801a86:	9b07      	ldr	r3, [sp, #28]
87801a88:	4651      	mov	r1, sl
87801a8a:	4620      	mov	r0, r4
87801a8c:	2b00      	cmp	r3, #0
87801a8e:	9b05      	ldr	r3, [sp, #20]
87801a90:	bfb4      	ite	lt
87801a92:	2230      	movlt	r2, #48	; 0x30
87801a94:	2220      	movge	r2, #32
87801a96:	9300      	str	r3, [sp, #0]
87801a98:	463b      	mov	r3, r7
87801a9a:	f7ff fea9 	bl	878017f0 <lcd_showchar>
87801a9e:	e7e8      	b.n	87801a72 <lcd_showxnum+0x9a>

87801aa0 <lcd_show_string>:
87801aa0:	e92d 4ff0 	stmdb	sp!, {r4, r5, r6, r7, r8, r9, sl, fp, lr}
87801aa4:	b085      	sub	sp, #20
87801aa6:	9f0f      	ldr	r7, [sp, #60]	; 0x3c
87801aa8:	4402      	add	r2, r0
87801aaa:	fa1f f882 	uxth.w	r8, r2
87801aae:	440b      	add	r3, r1
87801ab0:	fa1f f983 	uxth.w	r9, r3
87801ab4:	f89d 6038 	ldrb.w	r6, [sp, #56]	; 0x38
87801ab8:	783a      	ldrb	r2, [r7, #0]
87801aba:	f1a2 0320 	sub.w	r3, r2, #32
87801abe:	2b5e      	cmp	r3, #94	; 0x5e
87801ac0:	d81f      	bhi.n	87801b02 <lcd_show_string+0x62>
87801ac2:	b2c3      	uxtb	r3, r0
87801ac4:	460d      	mov	r5, r1
87801ac6:	4604      	mov	r4, r0
87801ac8:	ea4f 0b56 	mov.w	fp, r6, lsr #1
87801acc:	9303      	str	r3, [sp, #12]
87801ace:	f04f 0a00 	mov.w	sl, #0
87801ad2:	e00b      	b.n	87801aec <lcd_show_string+0x4c>
87801ad4:	f8cd a000 	str.w	sl, [sp]
87801ad8:	445c      	add	r4, fp
87801ada:	f7ff fe89 	bl	878017f0 <lcd_showchar>
87801ade:	f817 2f01 	ldrb.w	r2, [r7, #1]!
87801ae2:	b2a4      	uxth	r4, r4
87801ae4:	f1a2 0320 	sub.w	r3, r2, #32
87801ae8:	2b5e      	cmp	r3, #94	; 0x5e
87801aea:	d80a      	bhi.n	87801b02 <lcd_show_string+0x62>
87801aec:	45a0      	cmp	r8, r4
87801aee:	eb05 0106 	add.w	r1, r5, r6
87801af2:	bf9c      	itt	ls
87801af4:	b28d      	uxthls	r5, r1
87801af6:	9c03      	ldrls	r4, [sp, #12]
87801af8:	4633      	mov	r3, r6
87801afa:	454d      	cmp	r5, r9
87801afc:	4629      	mov	r1, r5
87801afe:	4620      	mov	r0, r4
87801b00:	d3e8      	bcc.n	87801ad4 <lcd_show_string+0x34>
87801b02:	b005      	add	sp, #20
87801b04:	e8bd 8ff0 	ldmia.w	sp!, {r4, r5, r6, r7, r8, r9, sl, fp, pc}

87801b08 <rtc_isleapyear.part.0>:
87801b08:	0783      	lsls	r3, r0, #30
87801b0a:	d10e      	bne.n	87801b2a <rtc_isleapyear.part.0+0x22>
87801b0c:	f248 521f 	movw	r2, #34079	; 0x851f
87801b10:	2164      	movs	r1, #100	; 0x64
87801b12:	f2c5 12eb 	movt	r2, #20971	; 0x51eb
87801b16:	fba0 2302 	umull	r2, r3, r0, r2
87801b1a:	095b      	lsrs	r3, r3, #5
87801b1c:	fb01 0013 	mls	r0, r1, r3, r0
87801b20:	b280      	uxth	r0, r0
87801b22:	3000      	adds	r0, #0
87801b24:	bf18      	it	ne
87801b26:	2001      	movne	r0, #1
87801b28:	4770      	bx	lr
87801b2a:	2000      	movs	r0, #0
87801b2c:	4770      	bx	lr
87801b2e:	bf00      	nop

87801b30 <rtc_init>:
87801b30:	f44f 4340 	mov.w	r3, #49152	; 0xc000
87801b34:	f2c0 230c 	movt	r3, #524	; 0x20c
87801b38:	6859      	ldr	r1, [r3, #4]
87801b3a:	461a      	mov	r2, r3
87801b3c:	f041 4100 	orr.w	r1, r1, #2147483648	; 0x80000000
87801b40:	f441 7180 	orr.w	r1, r1, #256	; 0x100
87801b44:	6059      	str	r1, [r3, #4]
87801b46:	6b99      	ldr	r1, [r3, #56]	; 0x38
87801b48:	f041 0101 	orr.w	r1, r1, #1
87801b4c:	6399      	str	r1, [r3, #56]	; 0x38
87801b4e:	6b93      	ldr	r3, [r2, #56]	; 0x38
87801b50:	07db      	lsls	r3, r3, #31
87801b52:	d5fc      	bpl.n	87801b4e <rtc_init+0x1e>
87801b54:	4770      	bx	lr
87801b56:	bf00      	nop

87801b58 <rtc_enable>:
87801b58:	f44f 4340 	mov.w	r3, #49152	; 0xc000
87801b5c:	f2c0 230c 	movt	r3, #524	; 0x20c
87801b60:	6b99      	ldr	r1, [r3, #56]	; 0x38
87801b62:	461a      	mov	r2, r3
87801b64:	f041 0101 	orr.w	r1, r1, #1
87801b68:	6399      	str	r1, [r3, #56]	; 0x38
87801b6a:	6b93      	ldr	r3, [r2, #56]	; 0x38
87801b6c:	07db      	lsls	r3, r3, #31
87801b6e:	d5fc      	bpl.n	87801b6a <rtc_enable+0x12>
87801b70:	4770      	bx	lr
87801b72:	bf00      	nop

87801b74 <rtc_disable>:
87801b74:	f44f 4340 	mov.w	r3, #49152	; 0xc000
87801b78:	f2c0 230c 	movt	r3, #524	; 0x20c
87801b7c:	6b99      	ldr	r1, [r3, #56]	; 0x38
87801b7e:	461a      	mov	r2, r3
87801b80:	f021 0101 	bic.w	r1, r1, #1
87801b84:	6399      	str	r1, [r3, #56]	; 0x38
87801b86:	6b93      	ldr	r3, [r2, #56]	; 0x38
87801b88:	07db      	lsls	r3, r3, #31
87801b8a:	d4fc      	bmi.n	87801b86 <rtc_disable+0x12>
87801b8c:	4770      	bx	lr
87801b8e:	bf00      	nop

87801b90 <rtc_coverdate_to_seconds>:
87801b90:	f648 1cd4 	movw	ip, #35284	; 0x89d4
87801b94:	e92d 47f0 	stmdb	sp!, {r4, r5, r6, r7, r8, r9, sl, lr}
87801b98:	f2c8 7c80 	movt	ip, #34688	; 0x8780
87801b9c:	4607      	mov	r7, r0
87801b9e:	b088      	sub	sp, #32
87801ba0:	f240 74b2 	movw	r4, #1970	; 0x7b2
87801ba4:	e8bc 000f 	ldmia.w	ip!, {r0, r1, r2, r3}
87801ba8:	ad01      	add	r5, sp, #4
87801baa:	883e      	ldrh	r6, [r7, #0]
87801bac:	f897 8002 	ldrb.w	r8, [r7, #2]
87801bb0:	c50f      	stmia	r5!, {r0, r1, r2, r3}
87801bb2:	42a6      	cmp	r6, r4
87801bb4:	e89c 0007 	ldmia.w	ip, {r0, r1, r2}
87801bb8:	c503      	stmia	r5!, {r0, r1}
87801bba:	802a      	strh	r2, [r5, #0]
87801bbc:	d94e      	bls.n	87801c5c <rtc_coverdate_to_seconds+0xcc>
87801bbe:	f248 591f 	movw	r9, #34079	; 0x851f
87801bc2:	2500      	movs	r5, #0
87801bc4:	f2c5 19eb 	movt	r9, #20971	; 0x51eb
87801bc8:	f44f 7ac8 	mov.w	sl, #400	; 0x190
87801bcc:	e008      	b.n	87801be0 <rtc_coverdate_to_seconds+0x50>
87801bce:	f7ff ff9b 	bl	87801b08 <rtc_isleapyear.part.0>
87801bd2:	b970      	cbnz	r0, 87801bf2 <rtc_coverdate_to_seconds+0x62>
87801bd4:	3401      	adds	r4, #1
87801bd6:	f205 156d 	addw	r5, r5, #365	; 0x16d
87801bda:	b2a4      	uxth	r4, r4
87801bdc:	42b4      	cmp	r4, r6
87801bde:	d00e      	beq.n	87801bfe <rtc_coverdate_to_seconds+0x6e>
87801be0:	fba4 2309 	umull	r2, r3, r4, r9
87801be4:	4620      	mov	r0, r4
87801be6:	09db      	lsrs	r3, r3, #7
87801be8:	fb0a 4313 	mls	r3, sl, r3, r4
87801bec:	b29b      	uxth	r3, r3
87801bee:	2b00      	cmp	r3, #0
87801bf0:	d1ed      	bne.n	87801bce <rtc_coverdate_to_seconds+0x3e>
87801bf2:	3401      	adds	r4, #1
87801bf4:	f505 75b7 	add.w	r5, r5, #366	; 0x16e
87801bf8:	b2a4      	uxth	r4, r4
87801bfa:	42b4      	cmp	r4, r6
87801bfc:	d1f0      	bne.n	87801be0 <rtc_coverdate_to_seconds+0x50>
87801bfe:	f248 521f 	movw	r2, #34079	; 0x851f
87801c02:	f44f 71c8 	mov.w	r1, #400	; 0x190
87801c06:	f2c5 12eb 	movt	r2, #20971	; 0x51eb
87801c0a:	a808      	add	r0, sp, #32
87801c0c:	fba4 2302 	umull	r2, r3, r4, r2
87801c10:	eb00 0048 	add.w	r0, r0, r8, lsl #1
87801c14:	f830 0c1c 	ldrh.w	r0, [r0, #-28]
87801c18:	09db      	lsrs	r3, r3, #7
87801c1a:	4405      	add	r5, r0
87801c1c:	fb01 4313 	mls	r3, r1, r3, r4
87801c20:	b29b      	uxth	r3, r3
87801c22:	bb03      	cbnz	r3, 87801c66 <rtc_coverdate_to_seconds+0xd6>
87801c24:	f1b8 0f02 	cmp.w	r8, #2
87801c28:	bf88      	it	hi
87801c2a:	3501      	addhi	r5, #1
87801c2c:	797b      	ldrb	r3, [r7, #5]
87801c2e:	f44f 6661 	mov.w	r6, #3600	; 0xe10
87801c32:	793a      	ldrb	r2, [r7, #4]
87801c34:	f44f 41a3 	mov.w	r1, #20864	; 0x5180
87801c38:	78f8      	ldrb	r0, [r7, #3]
87801c3a:	f2c0 0101 	movt	r1, #1
87801c3e:	79bc      	ldrb	r4, [r7, #6]
87801c40:	ebc3 1303 	rsb	r3, r3, r3, lsl #4
87801c44:	3801      	subs	r0, #1
87801c46:	009b      	lsls	r3, r3, #2
87801c48:	4405      	add	r5, r0
87801c4a:	fb06 3002 	mla	r0, r6, r2, r3
87801c4e:	4420      	add	r0, r4
87801c50:	fb01 0005 	mla	r0, r1, r5, r0
87801c54:	2100      	movs	r1, #0
87801c56:	b008      	add	sp, #32
87801c58:	e8bd 87f0 	ldmia.w	sp!, {r4, r5, r6, r7, r8, r9, sl, pc}
87801c5c:	ab08      	add	r3, sp, #32
87801c5e:	eb03 0348 	add.w	r3, r3, r8, lsl #1
87801c62:	f833 5c1c 	ldrh.w	r5, [r3, #-28]
87801c66:	4620      	mov	r0, r4
87801c68:	f7ff ff4e 	bl	87801b08 <rtc_isleapyear.part.0>
87801c6c:	2800      	cmp	r0, #0
87801c6e:	d1d9      	bne.n	87801c24 <rtc_coverdate_to_seconds+0x94>
87801c70:	e7dc      	b.n	87801c2c <rtc_coverdate_to_seconds+0x9c>
87801c72:	bf00      	nop

87801c74 <rtc_setdatetime>:
87801c74:	b538      	push	{r3, r4, r5, lr}
87801c76:	f44f 4340 	mov.w	r3, #49152	; 0xc000
87801c7a:	f2c0 230c 	movt	r3, #524	; 0x20c
87801c7e:	461c      	mov	r4, r3
87801c80:	6b9d      	ldr	r5, [r3, #56]	; 0x38
87801c82:	6b9a      	ldr	r2, [r3, #56]	; 0x38
87801c84:	f022 0201 	bic.w	r2, r2, #1
87801c88:	639a      	str	r2, [r3, #56]	; 0x38
87801c8a:	6ba3      	ldr	r3, [r4, #56]	; 0x38
87801c8c:	07d9      	lsls	r1, r3, #31
87801c8e:	d4fc      	bmi.n	87801c8a <rtc_setdatetime+0x16>
87801c90:	f7ff ff7e 	bl	87801b90 <rtc_coverdate_to_seconds>
87801c94:	0c43      	lsrs	r3, r0, #17
87801c96:	07ea      	lsls	r2, r5, #31
87801c98:	ea4f 30c0 	mov.w	r0, r0, lsl #15
87801c9c:	ea43 33c1 	orr.w	r3, r3, r1, lsl #15
87801ca0:	6523      	str	r3, [r4, #80]	; 0x50
87801ca2:	6560      	str	r0, [r4, #84]	; 0x54
87801ca4:	d50a      	bpl.n	87801cbc <rtc_setdatetime+0x48>
87801ca6:	6ba3      	ldr	r3, [r4, #56]	; 0x38
87801ca8:	f44f 4240 	mov.w	r2, #49152	; 0xc000
87801cac:	f2c0 220c 	movt	r2, #524	; 0x20c
87801cb0:	f043 0301 	orr.w	r3, r3, #1
87801cb4:	63a3      	str	r3, [r4, #56]	; 0x38
87801cb6:	6b93      	ldr	r3, [r2, #56]	; 0x38
87801cb8:	07db      	lsls	r3, r3, #31
87801cba:	d5fc      	bpl.n	87801cb6 <rtc_setdatetime+0x42>
87801cbc:	bd38      	pop	{r3, r4, r5, pc}
87801cbe:	bf00      	nop

87801cc0 <rtc_getseconds>:
87801cc0:	f44f 4340 	mov.w	r3, #49152	; 0xc000
87801cc4:	f2c0 230c 	movt	r3, #524	; 0x20c
87801cc8:	6d18      	ldr	r0, [r3, #80]	; 0x50
87801cca:	6d5b      	ldr	r3, [r3, #84]	; 0x54
87801ccc:	0bdb      	lsrs	r3, r3, #15
87801cce:	ea43 4040 	orr.w	r0, r3, r0, lsl #17
87801cd2:	4770      	bx	lr

87801cd4 <rtc_convertseconds_to_datetime>:
87801cd4:	4b51      	ldr	r3, [pc, #324]	; (87801e1c <rtc_convertseconds_to_datetime+0x148>)
87801cd6:	e92d 47f0 	stmdb	sp!, {r4, r5, r6, r7, r8, r9, sl, lr}
87801cda:	4616      	mov	r6, r2
87801cdc:	4680      	mov	r8, r0
87801cde:	4689      	mov	r9, r1
87801ce0:	b084      	sub	sp, #16
87801ce2:	f248 571f 	movw	r7, #34079	; 0x851f
87801ce6:	cb0f      	ldmia	r3, {r0, r1, r2, r3}
87801ce8:	46ec      	mov	ip, sp
87801cea:	f2c5 17eb 	movt	r7, #20971	; 0x51eb
87801cee:	f44f 7ac8 	mov.w	sl, #400	; 0x190
87801cf2:	e8ac 0007 	stmia.w	ip!, {r0, r1, r2}
87801cf6:	f44f 42a3 	mov.w	r2, #20864	; 0x5180
87801cfa:	f88c 3000 	strb.w	r3, [ip]
87801cfe:	4640      	mov	r0, r8
87801d00:	4649      	mov	r1, r9
87801d02:	f2c0 0201 	movt	r2, #1
87801d06:	2300      	movs	r3, #0
87801d08:	f002 f8ea 	bl	87803ee0 <__aeabi_uldivmod>
87801d0c:	f44f 42a3 	mov.w	r2, #20864	; 0x5180
87801d10:	1c44      	adds	r4, r0, #1
87801d12:	f141 0500 	adc.w	r5, r1, #0
87801d16:	4640      	mov	r0, r8
87801d18:	4649      	mov	r1, r9
87801d1a:	f2c0 0201 	movt	r2, #1
87801d1e:	2300      	movs	r3, #0
87801d20:	f002 f8de 	bl	87803ee0 <__aeabi_uldivmod>
87801d24:	4690      	mov	r8, r2
87801d26:	4699      	mov	r9, r3
87801d28:	f44f 6261 	mov.w	r2, #3600	; 0xe10
87801d2c:	2300      	movs	r3, #0
87801d2e:	4640      	mov	r0, r8
87801d30:	4649      	mov	r1, r9
87801d32:	f002 f8d5 	bl	87803ee0 <__aeabi_uldivmod>
87801d36:	4649      	mov	r1, r9
87801d38:	7130      	strb	r0, [r6, #4]
87801d3a:	f44f 6261 	mov.w	r2, #3600	; 0xe10
87801d3e:	4640      	mov	r0, r8
87801d40:	2300      	movs	r3, #0
87801d42:	f002 f8cd 	bl	87803ee0 <__aeabi_uldivmod>
87801d46:	4690      	mov	r8, r2
87801d48:	4699      	mov	r9, r3
87801d4a:	223c      	movs	r2, #60	; 0x3c
87801d4c:	2300      	movs	r3, #0
87801d4e:	4640      	mov	r0, r8
87801d50:	4649      	mov	r1, r9
87801d52:	f002 f8c5 	bl	87803ee0 <__aeabi_uldivmod>
87801d56:	4649      	mov	r1, r9
87801d58:	7170      	strb	r0, [r6, #5]
87801d5a:	223c      	movs	r2, #60	; 0x3c
87801d5c:	4640      	mov	r0, r8
87801d5e:	2300      	movs	r3, #0
87801d60:	f002 f8be 	bl	87803ee0 <__aeabi_uldivmod>
87801d64:	f240 73b2 	movw	r3, #1970	; 0x7b2
87801d68:	f240 116d 	movw	r1, #365	; 0x16d
87801d6c:	4698      	mov	r8, r3
87801d6e:	4689      	mov	r9, r1
87801d70:	71b2      	strb	r2, [r6, #6]
87801d72:	8033      	strh	r3, [r6, #0]
87801d74:	b28a      	uxth	r2, r1
87801d76:	2300      	movs	r3, #0
87801d78:	42ab      	cmp	r3, r5
87801d7a:	bf08      	it	eq
87801d7c:	42a2      	cmpeq	r2, r4
87801d7e:	f108 0001 	add.w	r0, r8, #1
87801d82:	f44f 71b7 	mov.w	r1, #366	; 0x16e
87801d86:	d217      	bcs.n	87801db8 <rtc_convertseconds_to_datetime+0xe4>
87801d88:	fa1f f880 	uxth.w	r8, r0
87801d8c:	1aa4      	subs	r4, r4, r2
87801d8e:	eb65 0503 	sbc.w	r5, r5, r3
87801d92:	fba8 2307 	umull	r2, r3, r8, r7
87801d96:	4640      	mov	r0, r8
87801d98:	f8a6 8000 	strh.w	r8, [r6]
87801d9c:	09db      	lsrs	r3, r3, #7
87801d9e:	fb0a 8313 	mls	r3, sl, r3, r8
87801da2:	b29b      	uxth	r3, r3
87801da4:	2b00      	cmp	r3, #0
87801da6:	d0e5      	beq.n	87801d74 <rtc_convertseconds_to_datetime+0xa0>
87801da8:	f7ff feae 	bl	87801b08 <rtc_isleapyear.part.0>
87801dac:	2800      	cmp	r0, #0
87801dae:	bf14      	ite	ne
87801db0:	f44f 71b7 	movne.w	r1, #366	; 0x16e
87801db4:	4649      	moveq	r1, r9
87801db6:	e7dd      	b.n	87801d74 <rtc_convertseconds_to_datetime+0xa0>
87801db8:	f248 521f 	movw	r2, #34079	; 0x851f
87801dbc:	f44f 71c8 	mov.w	r1, #400	; 0x190
87801dc0:	f2c5 12eb 	movt	r2, #20971	; 0x51eb
87801dc4:	fba8 2302 	umull	r2, r3, r8, r2
87801dc8:	09db      	lsrs	r3, r3, #7
87801dca:	fb01 8313 	mls	r3, r1, r3, r8
87801dce:	b29b      	uxth	r3, r3
87801dd0:	b1db      	cbz	r3, 87801e0a <rtc_convertseconds_to_datetime+0x136>
87801dd2:	4640      	mov	r0, r8
87801dd4:	f7ff fe98 	bl	87801b08 <rtc_isleapyear.part.0>
87801dd8:	b9b8      	cbnz	r0, 87801e0a <rtc_convertseconds_to_datetime+0x136>
87801dda:	466f      	mov	r7, sp
87801ddc:	2201      	movs	r2, #1
87801dde:	2300      	movs	r3, #0
87801de0:	f817 0f01 	ldrb.w	r0, [r7, #1]!
87801de4:	2100      	movs	r1, #0
87801de6:	42a9      	cmp	r1, r5
87801de8:	bf08      	it	eq
87801dea:	42a0      	cmpeq	r0, r4
87801dec:	d211      	bcs.n	87801e12 <rtc_convertseconds_to_datetime+0x13e>
87801dee:	1a24      	subs	r4, r4, r0
87801df0:	eb65 0501 	sbc.w	r5, r5, r1
87801df4:	3201      	adds	r2, #1
87801df6:	f143 0300 	adc.w	r3, r3, #0
87801dfa:	2b00      	cmp	r3, #0
87801dfc:	bf08      	it	eq
87801dfe:	2a0d      	cmpeq	r2, #13
87801e00:	d1ee      	bne.n	87801de0 <rtc_convertseconds_to_datetime+0x10c>
87801e02:	70f4      	strb	r4, [r6, #3]
87801e04:	b004      	add	sp, #16
87801e06:	e8bd 87f0 	ldmia.w	sp!, {r4, r5, r6, r7, r8, r9, sl, pc}
87801e0a:	231d      	movs	r3, #29
87801e0c:	f88d 3002 	strb.w	r3, [sp, #2]
87801e10:	e7e3      	b.n	87801dda <rtc_convertseconds_to_datetime+0x106>
87801e12:	70b2      	strb	r2, [r6, #2]
87801e14:	70f4      	strb	r4, [r6, #3]
87801e16:	b004      	add	sp, #16
87801e18:	e8bd 87f0 	ldmia.w	sp!, {r4, r5, r6, r7, r8, r9, sl, pc}
87801e1c:	878089f0 			; <UNDEFINED> instruction: 0x878089f0

87801e20 <rtc_getdatetime>:
87801e20:	f44f 4340 	mov.w	r3, #49152	; 0xc000
87801e24:	4602      	mov	r2, r0
87801e26:	f2c0 230c 	movt	r3, #524	; 0x20c
87801e2a:	2100      	movs	r1, #0
87801e2c:	6d18      	ldr	r0, [r3, #80]	; 0x50
87801e2e:	6d5b      	ldr	r3, [r3, #84]	; 0x54
87801e30:	0bdb      	lsrs	r3, r3, #15
87801e32:	ea43 4040 	orr.w	r0, r3, r0, lsl #17
87801e36:	f7ff bf4d 	b.w	87801cd4 <rtc_convertseconds_to_datetime>
87801e3a:	bf00      	nop

87801e3c <rtc_isleapyear>:
87801e3c:	f248 521f 	movw	r2, #34079	; 0x851f
87801e40:	b410      	push	{r4}
87801e42:	f2c5 12eb 	movt	r2, #20971	; 0x51eb
87801e46:	f44f 74c8 	mov.w	r4, #400	; 0x190
87801e4a:	fba0 2302 	umull	r2, r3, r0, r2
87801e4e:	09db      	lsrs	r3, r3, #7
87801e50:	fb04 0313 	mls	r3, r4, r3, r0
87801e54:	b29b      	uxth	r3, r3
87801e56:	b113      	cbz	r3, 87801e5e <rtc_isleapyear+0x22>
87801e58:	f85d 4b04 	ldr.w	r4, [sp], #4
87801e5c:	e654      	b.n	87801b08 <rtc_isleapyear.part.0>
87801e5e:	2001      	movs	r0, #1
87801e60:	f85d 4b04 	ldr.w	r4, [sp], #4
87801e64:	4770      	bx	lr
87801e66:	bf00      	nop

87801e68 <i2c_check_and_clear_error.part.1>:
87801e68:	4602      	mov	r2, r0
87801e6a:	2004      	movs	r0, #4
87801e6c:	8993      	ldrh	r3, [r2, #12]
87801e6e:	f023 0310 	bic.w	r3, r3, #16
87801e72:	041b      	lsls	r3, r3, #16
87801e74:	0c1b      	lsrs	r3, r3, #16
87801e76:	8193      	strh	r3, [r2, #12]
87801e78:	8913      	ldrh	r3, [r2, #8]
87801e7a:	f023 0380 	bic.w	r3, r3, #128	; 0x80
87801e7e:	041b      	lsls	r3, r3, #16
87801e80:	0c1b      	lsrs	r3, r3, #16
87801e82:	8113      	strh	r3, [r2, #8]
87801e84:	8913      	ldrh	r3, [r2, #8]
87801e86:	b29b      	uxth	r3, r3
87801e88:	f043 0380 	orr.w	r3, r3, #128	; 0x80
87801e8c:	8113      	strh	r3, [r2, #8]
87801e8e:	4770      	bx	lr

87801e90 <i2c_init>:
87801e90:	8903      	ldrh	r3, [r0, #8]
87801e92:	2215      	movs	r2, #21
87801e94:	f023 0380 	bic.w	r3, r3, #128	; 0x80
87801e98:	041b      	lsls	r3, r3, #16
87801e9a:	0c1b      	lsrs	r3, r3, #16
87801e9c:	8103      	strh	r3, [r0, #8]
87801e9e:	8082      	strh	r2, [r0, #4]
87801ea0:	8903      	ldrh	r3, [r0, #8]
87801ea2:	b29b      	uxth	r3, r3
87801ea4:	f043 0380 	orr.w	r3, r3, #128	; 0x80
87801ea8:	8103      	strh	r3, [r0, #8]
87801eaa:	4770      	bx	lr

87801eac <i2c_master_repeated_start>:
87801eac:	4603      	mov	r3, r0
87801eae:	8980      	ldrh	r0, [r0, #12]
87801eb0:	0680      	lsls	r0, r0, #26
87801eb2:	d502      	bpl.n	87801eba <i2c_master_repeated_start+0xe>
87801eb4:	8918      	ldrh	r0, [r3, #8]
87801eb6:	0680      	lsls	r0, r0, #26
87801eb8:	d511      	bpl.n	87801ede <i2c_master_repeated_start+0x32>
87801eba:	b410      	push	{r4}
87801ebc:	f1a2 0201 	sub.w	r2, r2, #1
87801ec0:	891c      	ldrh	r4, [r3, #8]
87801ec2:	fab2 f282 	clz	r2, r2
87801ec6:	0952      	lsrs	r2, r2, #5
87801ec8:	2000      	movs	r0, #0
87801eca:	ea42 0141 	orr.w	r1, r2, r1, lsl #1
87801ece:	b2a2      	uxth	r2, r4
87801ed0:	f85d 4b04 	ldr.w	r4, [sp], #4
87801ed4:	f042 0214 	orr.w	r2, r2, #20
87801ed8:	811a      	strh	r2, [r3, #8]
87801eda:	8219      	strh	r1, [r3, #16]
87801edc:	4770      	bx	lr
87801ede:	2001      	movs	r0, #1
87801ee0:	4770      	bx	lr
87801ee2:	bf00      	nop

87801ee4 <i2c_master_start>:
87801ee4:	8983      	ldrh	r3, [r0, #12]
87801ee6:	f013 0320 	ands.w	r3, r3, #32
87801eea:	d110      	bne.n	87801f0e <i2c_master_start+0x2a>
87801eec:	b410      	push	{r4}
87801eee:	0049      	lsls	r1, r1, #1
87801ef0:	8904      	ldrh	r4, [r0, #8]
87801ef2:	2a01      	cmp	r2, #1
87801ef4:	bf14      	ite	ne
87801ef6:	460a      	movne	r2, r1
87801ef8:	f041 0201 	orreq.w	r2, r1, #1
87801efc:	b2a1      	uxth	r1, r4
87801efe:	f85d 4b04 	ldr.w	r4, [sp], #4
87801f02:	f041 0130 	orr.w	r1, r1, #48	; 0x30
87801f06:	8101      	strh	r1, [r0, #8]
87801f08:	8202      	strh	r2, [r0, #16]
87801f0a:	4618      	mov	r0, r3
87801f0c:	4770      	bx	lr
87801f0e:	2301      	movs	r3, #1
87801f10:	4618      	mov	r0, r3
87801f12:	4770      	bx	lr

87801f14 <i2c_check_and_clear_error>:
87801f14:	06cb      	lsls	r3, r1, #27
87801f16:	d405      	bmi.n	87801f24 <i2c_check_and_clear_error+0x10>
87801f18:	f011 0f01 	tst.w	r1, #1
87801f1c:	bf14      	ite	ne
87801f1e:	2003      	movne	r0, #3
87801f20:	2000      	moveq	r0, #0
87801f22:	4770      	bx	lr
87801f24:	e7a0      	b.n	87801e68 <i2c_check_and_clear_error.part.1>
87801f26:	bf00      	nop

87801f28 <i2c_master_stop>:
87801f28:	8902      	ldrh	r2, [r0, #8]
87801f2a:	f64f 73ff 	movw	r3, #65535	; 0xffff
87801f2e:	f022 0238 	bic.w	r2, r2, #56	; 0x38
87801f32:	0412      	lsls	r2, r2, #16
87801f34:	0c12      	lsrs	r2, r2, #16
87801f36:	8102      	strh	r2, [r0, #8]
87801f38:	e000      	b.n	87801f3c <i2c_master_stop+0x14>
87801f3a:	b13b      	cbz	r3, 87801f4c <i2c_master_stop+0x24>
87801f3c:	8982      	ldrh	r2, [r0, #12]
87801f3e:	3b01      	subs	r3, #1
87801f40:	b29b      	uxth	r3, r3
87801f42:	f012 0220 	ands.w	r2, r2, #32
87801f46:	d1f8      	bne.n	87801f3a <i2c_master_stop+0x12>
87801f48:	4610      	mov	r0, r2
87801f4a:	4770      	bx	lr
87801f4c:	2005      	movs	r0, #5
87801f4e:	4770      	bx	lr

87801f50 <i2c_master_write>:
87801f50:	b538      	push	{r3, r4, r5, lr}
87801f52:	4604      	mov	r4, r0
87801f54:	89a3      	ldrh	r3, [r4, #12]
87801f56:	061d      	lsls	r5, r3, #24
87801f58:	d5fc      	bpl.n	87801f54 <i2c_master_write+0x4>
87801f5a:	89a3      	ldrh	r3, [r4, #12]
87801f5c:	188d      	adds	r5, r1, r2
87801f5e:	f023 0302 	bic.w	r3, r3, #2
87801f62:	041b      	lsls	r3, r3, #16
87801f64:	0c1b      	lsrs	r3, r3, #16
87801f66:	81a3      	strh	r3, [r4, #12]
87801f68:	8923      	ldrh	r3, [r4, #8]
87801f6a:	b29b      	uxth	r3, r3
87801f6c:	f043 0310 	orr.w	r3, r3, #16
87801f70:	8123      	strh	r3, [r4, #8]
87801f72:	42a9      	cmp	r1, r5
87801f74:	d011      	beq.n	87801f9a <i2c_master_write+0x4a>
87801f76:	f811 3b01 	ldrb.w	r3, [r1], #1
87801f7a:	8223      	strh	r3, [r4, #16]
87801f7c:	89a3      	ldrh	r3, [r4, #12]
87801f7e:	0798      	lsls	r0, r3, #30
87801f80:	d5fc      	bpl.n	87801f7c <i2c_master_write+0x2c>
87801f82:	89a3      	ldrh	r3, [r4, #12]
87801f84:	f023 0302 	bic.w	r3, r3, #2
87801f88:	041b      	lsls	r3, r3, #16
87801f8a:	0c1b      	lsrs	r3, r3, #16
87801f8c:	81a3      	strh	r3, [r4, #12]
87801f8e:	89a3      	ldrh	r3, [r4, #12]
87801f90:	b29b      	uxth	r3, r3
87801f92:	06da      	lsls	r2, r3, #27
87801f94:	d417      	bmi.n	87801fc6 <i2c_master_write+0x76>
87801f96:	07d8      	lsls	r0, r3, #31
87801f98:	d5eb      	bpl.n	87801f72 <i2c_master_write+0x22>
87801f9a:	89a2      	ldrh	r2, [r4, #12]
87801f9c:	f64f 73ff 	movw	r3, #65535	; 0xffff
87801fa0:	f022 0202 	bic.w	r2, r2, #2
87801fa4:	0412      	lsls	r2, r2, #16
87801fa6:	0c12      	lsrs	r2, r2, #16
87801fa8:	81a2      	strh	r2, [r4, #12]
87801faa:	8922      	ldrh	r2, [r4, #8]
87801fac:	f022 0238 	bic.w	r2, r2, #56	; 0x38
87801fb0:	0412      	lsls	r2, r2, #16
87801fb2:	0c12      	lsrs	r2, r2, #16
87801fb4:	8122      	strh	r2, [r4, #8]
87801fb6:	e000      	b.n	87801fba <i2c_master_write+0x6a>
87801fb8:	b123      	cbz	r3, 87801fc4 <i2c_master_write+0x74>
87801fba:	89a2      	ldrh	r2, [r4, #12]
87801fbc:	3b01      	subs	r3, #1
87801fbe:	b29b      	uxth	r3, r3
87801fc0:	0692      	lsls	r2, r2, #26
87801fc2:	d4f9      	bmi.n	87801fb8 <i2c_master_write+0x68>
87801fc4:	bd38      	pop	{r3, r4, r5, pc}
87801fc6:	4620      	mov	r0, r4
87801fc8:	f7ff ff4e 	bl	87801e68 <i2c_check_and_clear_error.part.1>
87801fcc:	2800      	cmp	r0, #0
87801fce:	d0d0      	beq.n	87801f72 <i2c_master_write+0x22>
87801fd0:	e7e3      	b.n	87801f9a <i2c_master_write+0x4a>
87801fd2:	bf00      	nop

87801fd4 <i2c_master_read>:
87801fd4:	b430      	push	{r4, r5}
87801fd6:	2300      	movs	r3, #0
87801fd8:	b082      	sub	sp, #8
87801fda:	f88d 3007 	strb.w	r3, [sp, #7]
87801fde:	f89d 3007 	ldrb.w	r3, [sp, #7]
87801fe2:	3301      	adds	r3, #1
87801fe4:	b2db      	uxtb	r3, r3
87801fe6:	f88d 3007 	strb.w	r3, [sp, #7]
87801fea:	8983      	ldrh	r3, [r0, #12]
87801fec:	061c      	lsls	r4, r3, #24
87801fee:	d5fc      	bpl.n	87801fea <i2c_master_read+0x16>
87801ff0:	8983      	ldrh	r3, [r0, #12]
87801ff2:	2a01      	cmp	r2, #1
87801ff4:	f102 35ff 	add.w	r5, r2, #4294967295	; 0xffffffff
87801ff8:	f023 0302 	bic.w	r3, r3, #2
87801ffc:	ea4f 4303 	mov.w	r3, r3, lsl #16
87802000:	ea4f 4313 	mov.w	r3, r3, lsr #16
87802004:	8183      	strh	r3, [r0, #12]
87802006:	8903      	ldrh	r3, [r0, #8]
87802008:	f023 0318 	bic.w	r3, r3, #24
8780200c:	ea4f 4303 	mov.w	r3, r3, lsl #16
87802010:	ea4f 4313 	mov.w	r3, r3, lsr #16
87802014:	8103      	strh	r3, [r0, #8]
87802016:	d02b      	beq.n	87802070 <i2c_master_read+0x9c>
87802018:	8a03      	ldrh	r3, [r0, #16]
8780201a:	b2db      	uxtb	r3, r3
8780201c:	f88d 3007 	strb.w	r3, [sp, #7]
87802020:	b31a      	cbz	r2, 8780206a <i2c_master_read+0x96>
87802022:	462a      	mov	r2, r5
87802024:	460c      	mov	r4, r1
87802026:	8983      	ldrh	r3, [r0, #12]
87802028:	079b      	lsls	r3, r3, #30
8780202a:	d5fc      	bpl.n	87802026 <i2c_master_read+0x52>
8780202c:	8983      	ldrh	r3, [r0, #12]
8780202e:	f023 0302 	bic.w	r3, r3, #2
87802032:	041b      	lsls	r3, r3, #16
87802034:	0c1b      	lsrs	r3, r3, #16
87802036:	8183      	strh	r3, [r0, #12]
87802038:	b132      	cbz	r2, 87802048 <i2c_master_read+0x74>
8780203a:	2a01      	cmp	r2, #1
8780203c:	d022      	beq.n	87802084 <i2c_master_read+0xb0>
8780203e:	8a03      	ldrh	r3, [r0, #16]
87802040:	3a01      	subs	r2, #1
87802042:	f804 3b01 	strb.w	r3, [r4], #1
87802046:	e7ee      	b.n	87802026 <i2c_master_read+0x52>
87802048:	8902      	ldrh	r2, [r0, #8]
8780204a:	f64f 73ff 	movw	r3, #65535	; 0xffff
8780204e:	f022 0238 	bic.w	r2, r2, #56	; 0x38
87802052:	0412      	lsls	r2, r2, #16
87802054:	0c12      	lsrs	r2, r2, #16
87802056:	8102      	strh	r2, [r0, #8]
87802058:	e000      	b.n	8780205c <i2c_master_read+0x88>
8780205a:	b123      	cbz	r3, 87802066 <i2c_master_read+0x92>
8780205c:	8982      	ldrh	r2, [r0, #12]
8780205e:	3b01      	subs	r3, #1
87802060:	b29b      	uxth	r3, r3
87802062:	0692      	lsls	r2, r2, #26
87802064:	d4f9      	bmi.n	8780205a <i2c_master_read+0x86>
87802066:	8a03      	ldrh	r3, [r0, #16]
87802068:	554b      	strb	r3, [r1, r5]
8780206a:	b002      	add	sp, #8
8780206c:	bc30      	pop	{r4, r5}
8780206e:	4770      	bx	lr
87802070:	8903      	ldrh	r3, [r0, #8]
87802072:	b29b      	uxth	r3, r3
87802074:	f043 0308 	orr.w	r3, r3, #8
87802078:	8103      	strh	r3, [r0, #8]
8780207a:	8a03      	ldrh	r3, [r0, #16]
8780207c:	b2db      	uxtb	r3, r3
8780207e:	f88d 3007 	strb.w	r3, [sp, #7]
87802082:	e7ce      	b.n	87802022 <i2c_master_read+0x4e>
87802084:	8903      	ldrh	r3, [r0, #8]
87802086:	b29b      	uxth	r3, r3
87802088:	f043 0308 	orr.w	r3, r3, #8
8780208c:	8103      	strh	r3, [r0, #8]
8780208e:	e7d6      	b.n	8780203e <i2c_master_read+0x6a>

87802090 <i2c_master_transfer>:
87802090:	b538      	push	{r3, r4, r5, lr}
87802092:	8983      	ldrh	r3, [r0, #12]
87802094:	684c      	ldr	r4, [r1, #4]
87802096:	f023 0312 	bic.w	r3, r3, #18
8780209a:	041b      	lsls	r3, r3, #16
8780209c:	0c1b      	lsrs	r3, r3, #16
8780209e:	8183      	strh	r3, [r0, #12]
878020a0:	8983      	ldrh	r3, [r0, #12]
878020a2:	061b      	lsls	r3, r3, #24
878020a4:	d5fc      	bpl.n	878020a0 <i2c_master_transfer+0x10>
878020a6:	7b0a      	ldrb	r2, [r1, #12]
878020a8:	780b      	ldrb	r3, [r1, #0]
878020aa:	b922      	cbnz	r2, 878020b6 <i2c_master_transfer+0x26>
878020ac:	8985      	ldrh	r5, [r0, #12]
878020ae:	06ad      	lsls	r5, r5, #26
878020b0:	d528      	bpl.n	87802104 <i2c_master_transfer+0x74>
878020b2:	2001      	movs	r0, #1
878020b4:	bd38      	pop	{r3, r4, r5, pc}
878020b6:	8984      	ldrh	r4, [r0, #12]
878020b8:	06a4      	lsls	r4, r4, #26
878020ba:	d4fa      	bmi.n	878020b2 <i2c_master_transfer+0x22>
878020bc:	8904      	ldrh	r4, [r0, #8]
878020be:	005b      	lsls	r3, r3, #1
878020c0:	b2a4      	uxth	r4, r4
878020c2:	f044 0430 	orr.w	r4, r4, #48	; 0x30
878020c6:	8104      	strh	r4, [r0, #8]
878020c8:	8203      	strh	r3, [r0, #16]
878020ca:	8983      	ldrh	r3, [r0, #12]
878020cc:	079c      	lsls	r4, r3, #30
878020ce:	d5fc      	bpl.n	878020ca <i2c_master_transfer+0x3a>
878020d0:	8983      	ldrh	r3, [r0, #12]
878020d2:	4604      	mov	r4, r0
878020d4:	460d      	mov	r5, r1
878020d6:	b29b      	uxth	r3, r3
878020d8:	06d8      	lsls	r0, r3, #27
878020da:	d41e      	bmi.n	8780211a <i2c_master_transfer+0x8a>
878020dc:	07d9      	lsls	r1, r3, #31
878020de:	d522      	bpl.n	87802126 <i2c_master_transfer+0x96>
878020e0:	2003      	movs	r0, #3
878020e2:	8922      	ldrh	r2, [r4, #8]
878020e4:	f64f 73ff 	movw	r3, #65535	; 0xffff
878020e8:	f022 0238 	bic.w	r2, r2, #56	; 0x38
878020ec:	0412      	lsls	r2, r2, #16
878020ee:	0c12      	lsrs	r2, r2, #16
878020f0:	8122      	strh	r2, [r4, #8]
878020f2:	e001      	b.n	878020f8 <i2c_master_transfer+0x68>
878020f4:	2b00      	cmp	r3, #0
878020f6:	d0dd      	beq.n	878020b4 <i2c_master_transfer+0x24>
878020f8:	89a2      	ldrh	r2, [r4, #12]
878020fa:	3b01      	subs	r3, #1
878020fc:	b29b      	uxth	r3, r3
878020fe:	0692      	lsls	r2, r2, #26
87802100:	d4f8      	bmi.n	878020f4 <i2c_master_transfer+0x64>
87802102:	bd38      	pop	{r3, r4, r5, pc}
87802104:	8905      	ldrh	r5, [r0, #8]
87802106:	005b      	lsls	r3, r3, #1
87802108:	2c01      	cmp	r4, #1
8780210a:	bf08      	it	eq
8780210c:	f043 0301 	orreq.w	r3, r3, #1
87802110:	b2ac      	uxth	r4, r5
87802112:	f044 0430 	orr.w	r4, r4, #48	; 0x30
87802116:	8104      	strh	r4, [r0, #8]
87802118:	e7d6      	b.n	878020c8 <i2c_master_transfer+0x38>
8780211a:	4620      	mov	r0, r4
8780211c:	f7ff fea4 	bl	87801e68 <i2c_check_and_clear_error.part.1>
87802120:	2800      	cmp	r0, #0
87802122:	d1de      	bne.n	878020e2 <i2c_master_transfer+0x52>
87802124:	7b0a      	ldrb	r2, [r1, #12]
87802126:	b33a      	cbz	r2, 87802178 <i2c_master_transfer+0xe8>
87802128:	68a8      	ldr	r0, [r5, #8]
8780212a:	3a01      	subs	r2, #1
8780212c:	89a3      	ldrh	r3, [r4, #12]
8780212e:	b2d2      	uxtb	r2, r2
87802130:	00d1      	lsls	r1, r2, #3
87802132:	f023 0302 	bic.w	r3, r3, #2
87802136:	041b      	lsls	r3, r3, #16
87802138:	fa20 f101 	lsr.w	r1, r0, r1
8780213c:	0c1b      	lsrs	r3, r3, #16
8780213e:	b289      	uxth	r1, r1
87802140:	81a3      	strh	r3, [r4, #12]
87802142:	732a      	strb	r2, [r5, #12]
87802144:	8221      	strh	r1, [r4, #16]
87802146:	89a3      	ldrh	r3, [r4, #12]
87802148:	079b      	lsls	r3, r3, #30
8780214a:	d5fc      	bpl.n	87802146 <i2c_master_transfer+0xb6>
8780214c:	89a3      	ldrh	r3, [r4, #12]
8780214e:	b29b      	uxth	r3, r3
87802150:	06d9      	lsls	r1, r3, #27
87802152:	d41f      	bmi.n	87802194 <i2c_master_transfer+0x104>
87802154:	07d9      	lsls	r1, r3, #31
87802156:	d425      	bmi.n	878021a4 <i2c_master_transfer+0x114>
87802158:	2a00      	cmp	r2, #0
8780215a:	d1e6      	bne.n	8780212a <i2c_master_transfer+0x9a>
8780215c:	686b      	ldr	r3, [r5, #4]
8780215e:	2b01      	cmp	r3, #1
87802160:	d03a      	beq.n	878021d8 <i2c_master_transfer+0x148>
87802162:	b913      	cbnz	r3, 8780216a <i2c_master_transfer+0xda>
87802164:	696b      	ldr	r3, [r5, #20]
87802166:	2b00      	cmp	r3, #0
87802168:	d12f      	bne.n	878021ca <i2c_master_transfer+0x13a>
8780216a:	2000      	movs	r0, #0
8780216c:	bd38      	pop	{r3, r4, r5, pc}
8780216e:	4620      	mov	r0, r4
87802170:	f7ff fe7a 	bl	87801e68 <i2c_check_and_clear_error.part.1>
87802174:	2800      	cmp	r0, #0
87802176:	d14e      	bne.n	87802216 <i2c_master_transfer+0x186>
87802178:	686b      	ldr	r3, [r5, #4]
8780217a:	2b00      	cmp	r3, #0
8780217c:	d0f2      	beq.n	87802164 <i2c_master_transfer+0xd4>
8780217e:	2b01      	cmp	r3, #1
87802180:	d1f3      	bne.n	8780216a <i2c_master_transfer+0xda>
87802182:	696b      	ldr	r3, [r5, #20]
87802184:	2b00      	cmp	r3, #0
87802186:	d0f0      	beq.n	8780216a <i2c_master_transfer+0xda>
87802188:	6929      	ldr	r1, [r5, #16]
8780218a:	4620      	mov	r0, r4
8780218c:	696a      	ldr	r2, [r5, #20]
8780218e:	f7ff ff21 	bl	87801fd4 <i2c_master_read>
87802192:	e7ea      	b.n	8780216a <i2c_master_transfer+0xda>
87802194:	4620      	mov	r0, r4
87802196:	f7ff fe67 	bl	87801e68 <i2c_check_and_clear_error.part.1>
8780219a:	b920      	cbnz	r0, 878021a6 <i2c_master_transfer+0x116>
8780219c:	7b2a      	ldrb	r2, [r5, #12]
8780219e:	2a00      	cmp	r2, #0
878021a0:	d1c2      	bne.n	87802128 <i2c_master_transfer+0x98>
878021a2:	e7db      	b.n	8780215c <i2c_master_transfer+0xcc>
878021a4:	2003      	movs	r0, #3
878021a6:	8922      	ldrh	r2, [r4, #8]
878021a8:	f64f 73ff 	movw	r3, #65535	; 0xffff
878021ac:	f022 0238 	bic.w	r2, r2, #56	; 0x38
878021b0:	0412      	lsls	r2, r2, #16
878021b2:	0c12      	lsrs	r2, r2, #16
878021b4:	8122      	strh	r2, [r4, #8]
878021b6:	e002      	b.n	878021be <i2c_master_transfer+0x12e>
878021b8:	2b00      	cmp	r3, #0
878021ba:	f43f af7b 	beq.w	878020b4 <i2c_master_transfer+0x24>
878021be:	89a2      	ldrh	r2, [r4, #12]
878021c0:	3b01      	subs	r3, #1
878021c2:	b29b      	uxth	r3, r3
878021c4:	0692      	lsls	r2, r2, #26
878021c6:	d4f7      	bmi.n	878021b8 <i2c_master_transfer+0x128>
878021c8:	bd38      	pop	{r3, r4, r5, pc}
878021ca:	6929      	ldr	r1, [r5, #16]
878021cc:	4620      	mov	r0, r4
878021ce:	696a      	ldr	r2, [r5, #20]
878021d0:	f7ff febe 	bl	87801f50 <i2c_master_write>
878021d4:	686b      	ldr	r3, [r5, #4]
878021d6:	e7d2      	b.n	8780217e <i2c_master_transfer+0xee>
878021d8:	89a3      	ldrh	r3, [r4, #12]
878021da:	f023 0302 	bic.w	r3, r3, #2
878021de:	041b      	lsls	r3, r3, #16
878021e0:	0c1b      	lsrs	r3, r3, #16
878021e2:	81a3      	strh	r3, [r4, #12]
878021e4:	89a3      	ldrh	r3, [r4, #12]
878021e6:	069b      	lsls	r3, r3, #26
878021e8:	d502      	bpl.n	878021f0 <i2c_master_transfer+0x160>
878021ea:	8923      	ldrh	r3, [r4, #8]
878021ec:	0698      	lsls	r0, r3, #26
878021ee:	d509      	bpl.n	87802204 <i2c_master_transfer+0x174>
878021f0:	8922      	ldrh	r2, [r4, #8]
878021f2:	782b      	ldrb	r3, [r5, #0]
878021f4:	b292      	uxth	r2, r2
878021f6:	005b      	lsls	r3, r3, #1
878021f8:	f042 0214 	orr.w	r2, r2, #20
878021fc:	f043 0301 	orr.w	r3, r3, #1
87802200:	8122      	strh	r2, [r4, #8]
87802202:	8223      	strh	r3, [r4, #16]
87802204:	89a3      	ldrh	r3, [r4, #12]
87802206:	0799      	lsls	r1, r3, #30
87802208:	d5fc      	bpl.n	87802204 <i2c_master_transfer+0x174>
8780220a:	89a3      	ldrh	r3, [r4, #12]
8780220c:	b29b      	uxth	r3, r3
8780220e:	06da      	lsls	r2, r3, #27
87802210:	d4ad      	bmi.n	8780216e <i2c_master_transfer+0xde>
87802212:	07db      	lsls	r3, r3, #31
87802214:	d5b5      	bpl.n	87802182 <i2c_master_transfer+0xf2>
87802216:	8922      	ldrh	r2, [r4, #8]
87802218:	f64f 73ff 	movw	r3, #65535	; 0xffff
8780221c:	f022 0238 	bic.w	r2, r2, #56	; 0x38
87802220:	0412      	lsls	r2, r2, #16
87802222:	0c12      	lsrs	r2, r2, #16
87802224:	8122      	strh	r2, [r4, #8]
87802226:	e000      	b.n	8780222a <i2c_master_transfer+0x19a>
87802228:	b123      	cbz	r3, 87802234 <i2c_master_transfer+0x1a4>
8780222a:	89a2      	ldrh	r2, [r4, #12]
8780222c:	3b01      	subs	r3, #1
8780222e:	b29b      	uxth	r3, r3
87802230:	0695      	lsls	r5, r2, #26
87802232:	d4f9      	bmi.n	87802228 <i2c_master_transfer+0x198>
87802234:	2006      	movs	r0, #6
87802236:	bd38      	pop	{r3, r4, r5, pc}

87802238 <ap3216c_readonebyte>:
87802238:	b510      	push	{r4, lr}
8780223a:	b088      	sub	sp, #32
8780223c:	f88d 0008 	strb.w	r0, [sp, #8]
87802240:	2000      	movs	r0, #0
87802242:	2301      	movs	r3, #1
87802244:	2200      	movs	r2, #0
87802246:	9104      	str	r1, [sp, #16]
87802248:	f10d 0407 	add.w	r4, sp, #7
8780224c:	a902      	add	r1, sp, #8
8780224e:	f2c0 201a 	movt	r0, #538	; 0x21a
87802252:	9406      	str	r4, [sp, #24]
87802254:	f88d 2007 	strb.w	r2, [sp, #7]
87802258:	9303      	str	r3, [sp, #12]
8780225a:	f88d 3014 	strb.w	r3, [sp, #20]
8780225e:	9307      	str	r3, [sp, #28]
87802260:	f7ff ff16 	bl	87802090 <i2c_master_transfer>
87802264:	f89d 0007 	ldrb.w	r0, [sp, #7]
87802268:	b008      	add	sp, #32
8780226a:	bd10      	pop	{r4, pc}

8780226c <ap3216c_writeonebyte>:
8780226c:	b530      	push	{r4, r5, lr}
8780226e:	b089      	sub	sp, #36	; 0x24
87802270:	f88d 0008 	strb.w	r0, [sp, #8]
87802274:	2000      	movs	r0, #0
87802276:	2301      	movs	r3, #1
87802278:	2400      	movs	r4, #0
8780227a:	9104      	str	r1, [sp, #16]
8780227c:	f10d 0507 	add.w	r5, sp, #7
87802280:	a902      	add	r1, sp, #8
87802282:	f2c0 201a 	movt	r0, #538	; 0x21a
87802286:	9506      	str	r5, [sp, #24]
87802288:	f88d 2007 	strb.w	r2, [sp, #7]
8780228c:	9403      	str	r4, [sp, #12]
8780228e:	f88d 3014 	strb.w	r3, [sp, #20]
87802292:	9307      	str	r3, [sp, #28]
87802294:	f7ff fefc 	bl	87802090 <i2c_master_transfer>
87802298:	1b00      	subs	r0, r0, r4
8780229a:	bf18      	it	ne
8780229c:	2001      	movne	r0, #1
8780229e:	b009      	add	sp, #36	; 0x24
878022a0:	bd30      	pop	{r4, r5, pc}
878022a2:	bf00      	nop

878022a4 <ap3216c_init>:
878022a4:	b570      	push	{r4, r5, r6, lr}
878022a6:	23b4      	movs	r3, #180	; 0xb4
878022a8:	f240 56a4 	movw	r6, #1444	; 0x5a4
878022ac:	20b8      	movs	r0, #184	; 0xb8
878022ae:	2401      	movs	r4, #1
878022b0:	2512      	movs	r5, #18
878022b2:	f2c0 230e 	movt	r3, #526	; 0x20e
878022b6:	f2c0 260e 	movt	r6, #526	; 0x20e
878022ba:	f2c0 200e 	movt	r0, #526	; 0x20e
878022be:	f44f 62b5 	mov.w	r2, #1448	; 0x5a8
878022c2:	601d      	str	r5, [r3, #0]
878022c4:	f2c0 220e 	movt	r2, #526	; 0x20e
878022c8:	6034      	str	r4, [r6, #0]
878022ca:	f44f 7150 	mov.w	r1, #832	; 0x340
878022ce:	6005      	str	r5, [r0, #0]
878022d0:	f44f 7351 	mov.w	r3, #836	; 0x344
878022d4:	2002      	movs	r0, #2
878022d6:	2500      	movs	r5, #0
878022d8:	f2c0 230e 	movt	r3, #526	; 0x20e
878022dc:	6010      	str	r0, [r2, #0]
878022de:	f2c0 210e 	movt	r1, #526	; 0x20e
878022e2:	f247 02b0 	movw	r2, #28848	; 0x70b0
878022e6:	f2c0 251a 	movt	r5, #538	; 0x21a
878022ea:	b088      	sub	sp, #32
878022ec:	600a      	str	r2, [r1, #0]
878022ee:	4628      	mov	r0, r5
878022f0:	601a      	str	r2, [r3, #0]
878022f2:	f7ff fdcd 	bl	87801e90 <i2c_init>
878022f6:	2204      	movs	r2, #4
878022f8:	2100      	movs	r1, #0
878022fa:	201e      	movs	r0, #30
878022fc:	f7ff ffb6 	bl	8780226c <ap3216c_writeonebyte>
87802300:	2032      	movs	r0, #50	; 0x32
87802302:	f7fe f8e5 	bl	878004d0 <delay_ms>
87802306:	2203      	movs	r2, #3
87802308:	2100      	movs	r1, #0
8780230a:	201e      	movs	r0, #30
8780230c:	f7ff ffae 	bl	8780226c <ap3216c_writeonebyte>
87802310:	2300      	movs	r3, #0
87802312:	221e      	movs	r2, #30
87802314:	a902      	add	r1, sp, #8
87802316:	4628      	mov	r0, r5
87802318:	f10d 0507 	add.w	r5, sp, #7
8780231c:	9403      	str	r4, [sp, #12]
8780231e:	f88d 4014 	strb.w	r4, [sp, #20]
87802322:	9506      	str	r5, [sp, #24]
87802324:	f88d 3007 	strb.w	r3, [sp, #7]
87802328:	9407      	str	r4, [sp, #28]
8780232a:	9304      	str	r3, [sp, #16]
8780232c:	f88d 2008 	strb.w	r2, [sp, #8]
87802330:	f7ff feae 	bl	87802090 <i2c_master_transfer>
87802334:	f89d 4007 	ldrb.w	r4, [sp, #7]
87802338:	f648 2000 	movw	r0, #35328	; 0x8a00
8780233c:	f2c8 7080 	movt	r0, #34688	; 0x8780
87802340:	4621      	mov	r1, r4
87802342:	f000 f885 	bl	87802450 <printf>
87802346:	1ee0      	subs	r0, r4, #3
87802348:	bf18      	it	ne
8780234a:	2001      	movne	r0, #1
8780234c:	b008      	add	sp, #32
8780234e:	bd70      	pop	{r4, r5, r6, pc}

87802350 <ap3216c_readdata>:
87802350:	e92d 4ff0 	stmdb	sp!, {r4, r5, r6, r7, r8, r9, sl, fp, lr}
87802354:	2500      	movs	r5, #0
87802356:	b08d      	sub	sp, #52	; 0x34
87802358:	4683      	mov	fp, r0
8780235a:	4689      	mov	r9, r1
8780235c:	f2c0 251a 	movt	r5, #538	; 0x21a
87802360:	f10d 0a10 	add.w	sl, sp, #16
87802364:	240a      	movs	r4, #10
87802366:	f10d 080f 	add.w	r8, sp, #15
8780236a:	2600      	movs	r6, #0
8780236c:	271e      	movs	r7, #30
8780236e:	9201      	str	r2, [sp, #4]
87802370:	2301      	movs	r3, #1
87802372:	a906      	add	r1, sp, #24
87802374:	4628      	mov	r0, r5
87802376:	f8cd 8028 	str.w	r8, [sp, #40]	; 0x28
8780237a:	9408      	str	r4, [sp, #32]
8780237c:	441c      	add	r4, r3
8780237e:	9307      	str	r3, [sp, #28]
87802380:	f88d 3024 	strb.w	r3, [sp, #36]	; 0x24
87802384:	930b      	str	r3, [sp, #44]	; 0x2c
87802386:	f88d 600f 	strb.w	r6, [sp, #15]
8780238a:	f88d 7018 	strb.w	r7, [sp, #24]
8780238e:	f7ff fe7f 	bl	87802090 <i2c_master_transfer>
87802392:	f89d 300f 	ldrb.w	r3, [sp, #15]
87802396:	2c10      	cmp	r4, #16
87802398:	f80a 3b01 	strb.w	r3, [sl], #1
8780239c:	d1e8      	bne.n	87802370 <ap3216c_readdata+0x20>
8780239e:	f89d 2010 	ldrb.w	r2, [sp, #16]
878023a2:	f89d 3014 	ldrb.w	r3, [sp, #20]
878023a6:	0611      	lsls	r1, r2, #24
878023a8:	bf44      	itt	mi
878023aa:	f8ab 6000 	strhmi.w	r6, [fp]
878023ae:	f8a9 6000 	strhmi.w	r6, [r9]
878023b2:	d411      	bmi.n	878023d8 <ap3216c_readdata+0x88>
878023b4:	f89d 0015 	ldrb.w	r0, [sp, #21]
878023b8:	f002 0203 	and.w	r2, r2, #3
878023bc:	f89d 4011 	ldrb.w	r4, [sp, #17]
878023c0:	f003 010f 	and.w	r1, r3, #15
878023c4:	0100      	lsls	r0, r0, #4
878023c6:	ea42 0284 	orr.w	r2, r2, r4, lsl #2
878023ca:	f400 707c 	and.w	r0, r0, #1008	; 0x3f0
878023ce:	4301      	orrs	r1, r0
878023d0:	f8ab 2000 	strh.w	r2, [fp]
878023d4:	f8a9 1000 	strh.w	r1, [r9]
878023d8:	f89d 1013 	ldrb.w	r1, [sp, #19]
878023dc:	f89d 2012 	ldrb.w	r2, [sp, #18]
878023e0:	ea42 2201 	orr.w	r2, r2, r1, lsl #8
878023e4:	9901      	ldr	r1, [sp, #4]
878023e6:	800a      	strh	r2, [r1, #0]
878023e8:	065a      	lsls	r2, r3, #25
878023ea:	bf5b      	ittet	pl
878023ec:	f89d 2015 	ldrbpl.w	r2, [sp, #21]
878023f0:	f003 030f 	andpl.w	r3, r3, #15
878023f4:	2300      	movmi	r3, #0
878023f6:	0112      	lslpl	r2, r2, #4
878023f8:	bf5c      	itt	pl
878023fa:	f402 727c 	andpl.w	r2, r2, #1008	; 0x3f0
878023fe:	4313      	orrpl	r3, r2
87802400:	f8a9 3000 	strh.w	r3, [r9]
87802404:	b00d      	add	sp, #52	; 0x34
87802406:	e8bd 8ff0 	ldmia.w	sp!, {r4, r5, r6, r7, r8, r9, sl, fp, pc}
8780240a:	bf00      	nop

8780240c <__muldi3>:
8780240c:	b4f0      	push	{r4, r5, r6, r7}
8780240e:	4604      	mov	r4, r0
87802410:	ea4f 4610 	mov.w	r6, r0, lsr #16
87802414:	ea4f 4512 	mov.w	r5, r2, lsr #16
87802418:	ea20 4706 	bic.w	r7, r0, r6, lsl #16
8780241c:	ea22 4c05 	bic.w	ip, r2, r5, lsl #16
87802420:	fb07 f00c 	mul.w	r0, r7, ip
87802424:	fb06 fc0c 	mul.w	ip, r6, ip
87802428:	fb05 f707 	mul.w	r7, r5, r7
8780242c:	fb06 f505 	mul.w	r5, r6, r5
87802430:	eb1c 0707 	adds.w	r7, ip, r7
87802434:	bf28      	it	cs
87802436:	f505 3580 	addcs.w	r5, r5, #65536	; 0x10000
8780243a:	eb10 4007 	adds.w	r0, r0, r7, lsl #16
8780243e:	eb45 4517 	adc.w	r5, r5, r7, lsr #16
87802442:	fb03 5304 	mla	r3, r3, r4, r5
87802446:	bcf0      	pop	{r4, r5, r6, r7}
87802448:	fb02 3101 	mla	r1, r2, r1, r3
8780244c:	4770      	bx	lr
8780244e:	bf00      	nop

87802450 <printf>:
87802450:	b40f      	push	{r0, r1, r2, r3}
87802452:	f249 0050 	movw	r0, #36944	; 0x9050
87802456:	b5f8      	push	{r3, r4, r5, r6, r7, lr}
87802458:	f2c8 7080 	movt	r0, #34688	; 0x8780
8780245c:	4605      	mov	r5, r0
8780245e:	aa07      	add	r2, sp, #28
87802460:	462e      	mov	r6, r5
87802462:	2400      	movs	r4, #0
87802464:	9906      	ldr	r1, [sp, #24]
87802466:	f001 f91b 	bl	878036a0 <vsprintf>
8780246a:	4607      	mov	r7, r0
8780246c:	e003      	b.n	87802476 <printf+0x26>
8780246e:	f815 0b01 	ldrb.w	r0, [r5], #1
87802472:	f7fe fcc7 	bl	87800e04 <putc>
87802476:	4630      	mov	r0, r6
87802478:	f000 f950 	bl	8780271c <strlen>
8780247c:	42a0      	cmp	r0, r4
8780247e:	f104 0401 	add.w	r4, r4, #1
87802482:	d8f4      	bhi.n	8780246e <printf+0x1e>
87802484:	4638      	mov	r0, r7
87802486:	e8bd 40f8 	ldmia.w	sp!, {r3, r4, r5, r6, r7, lr}
8780248a:	b004      	add	sp, #16
8780248c:	4770      	bx	lr
8780248e:	bf00      	nop

87802490 <scanf>:
87802490:	b40f      	push	{r0, r1, r2, r3}
87802492:	b570      	push	{r4, r5, r6, lr}
87802494:	2500      	movs	r5, #0
87802496:	4e10      	ldr	r6, [pc, #64]	; (878024d8 <scanf+0x48>)
87802498:	e002      	b.n	878024a0 <scanf+0x10>
8780249a:	3501      	adds	r5, #1
8780249c:	f806 4b01 	strb.w	r4, [r6], #1
878024a0:	f7fe fcca 	bl	87800e38 <getc>
878024a4:	4604      	mov	r4, r0
878024a6:	f7fe fcad 	bl	87800e04 <putc>
878024aa:	2c0a      	cmp	r4, #10
878024ac:	bf18      	it	ne
878024ae:	2c0d      	cmpne	r4, #13
878024b0:	d1f3      	bne.n	8780249a <scanf+0xa>
878024b2:	f249 0050 	movw	r0, #36944	; 0x9050
878024b6:	2300      	movs	r3, #0
878024b8:	f2c8 7080 	movt	r0, #34688	; 0x8780
878024bc:	aa05      	add	r2, sp, #20
878024be:	4405      	add	r5, r0
878024c0:	9904      	ldr	r1, [sp, #16]
878024c2:	f500 6080 	add.w	r0, r0, #1024	; 0x400
878024c6:	f885 3400 	strb.w	r3, [r5, #1024]	; 0x400
878024ca:	f001 f8fb 	bl	878036c4 <vsscanf>
878024ce:	e8bd 4070 	ldmia.w	sp!, {r4, r5, r6, lr}
878024d2:	b004      	add	sp, #16
878024d4:	4770      	bx	lr
878024d6:	bf00      	nop
878024d8:	87809450 			; <UNDEFINED> instruction: 0x87809450

878024dc <__div64_32>:
878024dc:	e92d 43f8 	stmdb	sp!, {r3, r4, r5, r6, r7, r8, r9, lr}
878024e0:	4680      	mov	r8, r0
878024e2:	e9d0 6700 	ldrd	r6, r7, [r0]
878024e6:	4689      	mov	r9, r1
878024e8:	460c      	mov	r4, r1
878024ea:	2500      	movs	r5, #0
878024ec:	42b9      	cmp	r1, r7
878024ee:	bf84      	itt	hi
878024f0:	f04f 0c00 	movhi.w	ip, #0
878024f4:	46e6      	movhi	lr, ip
878024f6:	d80c      	bhi.n	87802512 <__div64_32+0x36>
878024f8:	4638      	mov	r0, r7
878024fa:	f001 fb65 	bl	87803bc8 <__udivsi3>
878024fe:	fb00 f209 	mul.w	r2, r0, r9
87802502:	f04f 0c00 	mov.w	ip, #0
87802506:	ebb6 060c 	subs.w	r6, r6, ip
8780250a:	4663      	mov	r3, ip
8780250c:	4686      	mov	lr, r0
8780250e:	eb67 0702 	sbc.w	r7, r7, r2
87802512:	42bd      	cmp	r5, r7
87802514:	f04f 0201 	mov.w	r2, #1
87802518:	bf08      	it	eq
8780251a:	42b4      	cmpeq	r4, r6
8780251c:	bf34      	ite	cc
8780251e:	2301      	movcc	r3, #1
87802520:	2300      	movcs	r3, #0
87802522:	f1b9 0f00 	cmp.w	r9, #0
87802526:	bf08      	it	eq
87802528:	2300      	moveq	r3, #0
8780252a:	b373      	cbz	r3, 8780258a <__div64_32+0xae>
8780252c:	2300      	movs	r3, #0
8780252e:	1924      	adds	r4, r4, r4
87802530:	416d      	adcs	r5, r5
87802532:	1892      	adds	r2, r2, r2
87802534:	415b      	adcs	r3, r3
87802536:	2c01      	cmp	r4, #1
87802538:	f175 0100 	sbcs.w	r1, r5, #0
8780253c:	bfac      	ite	ge
8780253e:	2101      	movge	r1, #1
87802540:	2100      	movlt	r1, #0
87802542:	42bd      	cmp	r5, r7
87802544:	f001 0101 	and.w	r1, r1, #1
87802548:	bf08      	it	eq
8780254a:	42b4      	cmpeq	r4, r6
8780254c:	bf28      	it	cs
8780254e:	2100      	movcs	r1, #0
87802550:	2900      	cmp	r1, #0
87802552:	d1ec      	bne.n	8780252e <__div64_32+0x52>
87802554:	42af      	cmp	r7, r5
87802556:	bf08      	it	eq
87802558:	42a6      	cmpeq	r6, r4
8780255a:	d306      	bcc.n	8780256a <__div64_32+0x8e>
8780255c:	1b36      	subs	r6, r6, r4
8780255e:	eb67 0705 	sbc.w	r7, r7, r5
87802562:	eb1c 0c02 	adds.w	ip, ip, r2
87802566:	eb4e 0e03 	adc.w	lr, lr, r3
8780256a:	085b      	lsrs	r3, r3, #1
8780256c:	ea4f 0232 	mov.w	r2, r2, rrx
87802570:	086d      	lsrs	r5, r5, #1
87802572:	ea4f 0434 	mov.w	r4, r4, rrx
87802576:	ea52 0103 	orrs.w	r1, r2, r3
8780257a:	d1eb      	bne.n	87802554 <__div64_32+0x78>
8780257c:	f8c8 c000 	str.w	ip, [r8]
87802580:	4630      	mov	r0, r6
87802582:	f8c8 e004 	str.w	lr, [r8, #4]
87802586:	e8bd 83f8 	ldmia.w	sp!, {r3, r4, r5, r6, r7, r8, r9, pc}
8780258a:	2300      	movs	r3, #0
8780258c:	e7e2      	b.n	87802554 <__div64_32+0x78>
8780258e:	bf00      	nop

87802590 <strnicmp>:
87802590:	b332      	cbz	r2, 878025e0 <strnicmp+0x50>
87802592:	b5f0      	push	{r4, r5, r6, r7, lr}
87802594:	f648 2548 	movw	r5, #35400	; 0x8a48
87802598:	1e44      	subs	r4, r0, #1
8780259a:	eb01 0e02 	add.w	lr, r1, r2
8780259e:	f2c8 7580 	movt	r5, #34688	; 0x8780
878025a2:	e006      	b.n	878025b2 <strnicmp+0x22>
878025a4:	fa5f f08c 	uxtb.w	r0, ip
878025a8:	b9b3      	cbnz	r3, 878025d8 <strnicmp+0x48>
878025aa:	4282      	cmp	r2, r0
878025ac:	d11c      	bne.n	878025e8 <strnicmp+0x58>
878025ae:	4571      	cmp	r1, lr
878025b0:	d014      	beq.n	878025dc <strnicmp+0x4c>
878025b2:	f814 0f01 	ldrb.w	r0, [r4, #1]!
878025b6:	f811 2b01 	ldrb.w	r2, [r1], #1
878025ba:	b198      	cbz	r0, 878025e4 <strnicmp+0x54>
878025bc:	b17a      	cbz	r2, 878025de <strnicmp+0x4e>
878025be:	4290      	cmp	r0, r2
878025c0:	d0f5      	beq.n	878025ae <strnicmp+0x1e>
878025c2:	5c2e      	ldrb	r6, [r5, r0]
878025c4:	f102 0720 	add.w	r7, r2, #32
878025c8:	5cab      	ldrb	r3, [r5, r2]
878025ca:	f100 0c20 	add.w	ip, r0, #32
878025ce:	07f6      	lsls	r6, r6, #31
878025d0:	f003 0301 	and.w	r3, r3, #1
878025d4:	d4e6      	bmi.n	878025a4 <strnicmp+0x14>
878025d6:	b13b      	cbz	r3, 878025e8 <strnicmp+0x58>
878025d8:	b2fa      	uxtb	r2, r7
878025da:	e7e6      	b.n	878025aa <strnicmp+0x1a>
878025dc:	2000      	movs	r0, #0
878025de:	bdf0      	pop	{r4, r5, r6, r7, pc}
878025e0:	4610      	mov	r0, r2
878025e2:	4770      	bx	lr
878025e4:	4250      	negs	r0, r2
878025e6:	bdf0      	pop	{r4, r5, r6, r7, pc}
878025e8:	1a80      	subs	r0, r0, r2
878025ea:	bdf0      	pop	{r4, r5, r6, r7, pc}

878025ec <strcpy>:
878025ec:	1e42      	subs	r2, r0, #1
878025ee:	f811 3b01 	ldrb.w	r3, [r1], #1
878025f2:	f802 3f01 	strb.w	r3, [r2, #1]!
878025f6:	2b00      	cmp	r3, #0
878025f8:	d1f9      	bne.n	878025ee <strcpy+0x2>
878025fa:	4770      	bx	lr

878025fc <strncpy>:
878025fc:	b410      	push	{r4}
878025fe:	440a      	add	r2, r1
87802600:	1e44      	subs	r4, r0, #1
87802602:	e004      	b.n	8780260e <strncpy+0x12>
87802604:	f811 3b01 	ldrb.w	r3, [r1], #1
87802608:	f804 3f01 	strb.w	r3, [r4, #1]!
8780260c:	b10b      	cbz	r3, 87802612 <strncpy+0x16>
8780260e:	4291      	cmp	r1, r2
87802610:	d1f8      	bne.n	87802604 <strncpy+0x8>
87802612:	f85d 4b04 	ldr.w	r4, [sp], #4
87802616:	4770      	bx	lr

87802618 <strcat>:
87802618:	7803      	ldrb	r3, [r0, #0]
8780261a:	b163      	cbz	r3, 87802636 <strcat+0x1e>
8780261c:	4603      	mov	r3, r0
8780261e:	f813 2f01 	ldrb.w	r2, [r3, #1]!
87802622:	2a00      	cmp	r2, #0
87802624:	d1fb      	bne.n	8780261e <strcat+0x6>
87802626:	3b01      	subs	r3, #1
87802628:	f811 2b01 	ldrb.w	r2, [r1], #1
8780262c:	f803 2f01 	strb.w	r2, [r3, #1]!
87802630:	2a00      	cmp	r2, #0
87802632:	d1f9      	bne.n	87802628 <strcat+0x10>
87802634:	4770      	bx	lr
87802636:	4603      	mov	r3, r0
87802638:	e7f5      	b.n	87802626 <strcat+0xe>
8780263a:	bf00      	nop

8780263c <strncat>:
8780263c:	b1a2      	cbz	r2, 87802668 <strncat+0x2c>
8780263e:	7803      	ldrb	r3, [r0, #0]
87802640:	b430      	push	{r4, r5}
87802642:	b1b3      	cbz	r3, 87802672 <strncat+0x36>
87802644:	4603      	mov	r3, r0
87802646:	f813 4f01 	ldrb.w	r4, [r3, #1]!
8780264a:	2c00      	cmp	r4, #0
8780264c:	d1fb      	bne.n	87802646 <strncat+0xa>
8780264e:	441a      	add	r2, r3
87802650:	e001      	b.n	87802656 <strncat+0x1a>
87802652:	4293      	cmp	r3, r2
87802654:	d009      	beq.n	8780266a <strncat+0x2e>
87802656:	f811 4b01 	ldrb.w	r4, [r1], #1
8780265a:	461d      	mov	r5, r3
8780265c:	f803 4b01 	strb.w	r4, [r3], #1
87802660:	2c00      	cmp	r4, #0
87802662:	d1f6      	bne.n	87802652 <strncat+0x16>
87802664:	bc30      	pop	{r4, r5}
87802666:	4770      	bx	lr
87802668:	4770      	bx	lr
8780266a:	2300      	movs	r3, #0
8780266c:	706b      	strb	r3, [r5, #1]
8780266e:	bc30      	pop	{r4, r5}
87802670:	4770      	bx	lr
87802672:	4603      	mov	r3, r0
87802674:	e7eb      	b.n	8780264e <strncat+0x12>
87802676:	bf00      	nop

87802678 <strcmp>:
87802678:	1e42      	subs	r2, r0, #1
8780267a:	e000      	b.n	8780267e <strcmp+0x6>
8780267c:	b148      	cbz	r0, 87802692 <strcmp+0x1a>
8780267e:	f812 0f01 	ldrb.w	r0, [r2, #1]!
87802682:	f811 3b01 	ldrb.w	r3, [r1], #1
87802686:	1ac3      	subs	r3, r0, r3
87802688:	b25b      	sxtb	r3, r3
8780268a:	2b00      	cmp	r3, #0
8780268c:	d0f6      	beq.n	8780267c <strcmp+0x4>
8780268e:	4618      	mov	r0, r3
87802690:	4770      	bx	lr
87802692:	4770      	bx	lr

87802694 <strncmp>:
87802694:	b1e2      	cbz	r2, 878026d0 <strncmp+0x3c>
87802696:	b430      	push	{r4, r5}
87802698:	1c4c      	adds	r4, r1, #1
8780269a:	7805      	ldrb	r5, [r0, #0]
8780269c:	780b      	ldrb	r3, [r1, #0]
8780269e:	1aeb      	subs	r3, r5, r3
878026a0:	b25b      	sxtb	r3, r3
878026a2:	b97b      	cbnz	r3, 878026c4 <strncmp+0x30>
878026a4:	b15d      	cbz	r5, 878026be <strncmp+0x2a>
878026a6:	4411      	add	r1, r2
878026a8:	e007      	b.n	878026ba <strncmp+0x26>
878026aa:	f810 2f01 	ldrb.w	r2, [r0, #1]!
878026ae:	f814 3b01 	ldrb.w	r3, [r4], #1
878026b2:	1ad3      	subs	r3, r2, r3
878026b4:	b25b      	sxtb	r3, r3
878026b6:	b92b      	cbnz	r3, 878026c4 <strncmp+0x30>
878026b8:	b13a      	cbz	r2, 878026ca <strncmp+0x36>
878026ba:	42a1      	cmp	r1, r4
878026bc:	d1f5      	bne.n	878026aa <strncmp+0x16>
878026be:	2000      	movs	r0, #0
878026c0:	bc30      	pop	{r4, r5}
878026c2:	4770      	bx	lr
878026c4:	4618      	mov	r0, r3
878026c6:	bc30      	pop	{r4, r5}
878026c8:	4770      	bx	lr
878026ca:	4610      	mov	r0, r2
878026cc:	bc30      	pop	{r4, r5}
878026ce:	4770      	bx	lr
878026d0:	4610      	mov	r0, r2
878026d2:	4770      	bx	lr

878026d4 <strchr>:
878026d4:	7803      	ldrb	r3, [r0, #0]
878026d6:	b2c9      	uxtb	r1, r1
878026d8:	428b      	cmp	r3, r1
878026da:	d006      	beq.n	878026ea <strchr+0x16>
878026dc:	b123      	cbz	r3, 878026e8 <strchr+0x14>
878026de:	f810 3f01 	ldrb.w	r3, [r0, #1]!
878026e2:	428b      	cmp	r3, r1
878026e4:	d1fa      	bne.n	878026dc <strchr+0x8>
878026e6:	4770      	bx	lr
878026e8:	4618      	mov	r0, r3
878026ea:	4770      	bx	lr

878026ec <strrchr>:
878026ec:	7803      	ldrb	r3, [r0, #0]
878026ee:	b193      	cbz	r3, 87802716 <strrchr+0x2a>
878026f0:	4603      	mov	r3, r0
878026f2:	f813 2f01 	ldrb.w	r2, [r3, #1]!
878026f6:	2a00      	cmp	r2, #0
878026f8:	d1fb      	bne.n	878026f2 <strrchr+0x6>
878026fa:	b2c9      	uxtb	r1, r1
878026fc:	2200      	movs	r2, #0
878026fe:	e003      	b.n	87802708 <strrchr+0x1c>
87802700:	3b01      	subs	r3, #1
87802702:	4298      	cmp	r0, r3
87802704:	d804      	bhi.n	87802710 <strrchr+0x24>
87802706:	781a      	ldrb	r2, [r3, #0]
87802708:	428a      	cmp	r2, r1
8780270a:	d1f9      	bne.n	87802700 <strrchr+0x14>
8780270c:	4618      	mov	r0, r3
8780270e:	4770      	bx	lr
87802710:	2300      	movs	r3, #0
87802712:	4618      	mov	r0, r3
87802714:	4770      	bx	lr
87802716:	4603      	mov	r3, r0
87802718:	e7ef      	b.n	878026fa <strrchr+0xe>
8780271a:	bf00      	nop

8780271c <strlen>:
8780271c:	7803      	ldrb	r3, [r0, #0]
8780271e:	4602      	mov	r2, r0
87802720:	b12b      	cbz	r3, 8780272e <strlen+0x12>
87802722:	f810 3f01 	ldrb.w	r3, [r0, #1]!
87802726:	2b00      	cmp	r3, #0
87802728:	d1fb      	bne.n	87802722 <strlen+0x6>
8780272a:	1a80      	subs	r0, r0, r2
8780272c:	4770      	bx	lr
8780272e:	4618      	mov	r0, r3
87802730:	4770      	bx	lr
87802732:	bf00      	nop

87802734 <strnlen>:
87802734:	b1d1      	cbz	r1, 8780276c <strnlen+0x38>
87802736:	7803      	ldrb	r3, [r0, #0]
87802738:	b1d3      	cbz	r3, 87802770 <strnlen+0x3c>
8780273a:	1c43      	adds	r3, r0, #1
8780273c:	4401      	add	r1, r0
8780273e:	4299      	cmp	r1, r3
87802740:	f103 0201 	add.w	r2, r3, #1
87802744:	d016      	beq.n	87802774 <strnlen+0x40>
87802746:	b410      	push	{r4}
87802748:	781c      	ldrb	r4, [r3, #0]
8780274a:	b13c      	cbz	r4, 8780275c <strnlen+0x28>
8780274c:	4291      	cmp	r1, r2
8780274e:	4613      	mov	r3, r2
87802750:	f102 0201 	add.w	r2, r2, #1
87802754:	d006      	beq.n	87802764 <strnlen+0x30>
87802756:	781c      	ldrb	r4, [r3, #0]
87802758:	2c00      	cmp	r4, #0
8780275a:	d1f7      	bne.n	8780274c <strnlen+0x18>
8780275c:	1a18      	subs	r0, r3, r0
8780275e:	f85d 4b04 	ldr.w	r4, [sp], #4
87802762:	4770      	bx	lr
87802764:	1a08      	subs	r0, r1, r0
87802766:	f85d 4b04 	ldr.w	r4, [sp], #4
8780276a:	4770      	bx	lr
8780276c:	4608      	mov	r0, r1
8780276e:	4770      	bx	lr
87802770:	4618      	mov	r0, r3
87802772:	4770      	bx	lr
87802774:	1a08      	subs	r0, r1, r0
87802776:	4770      	bx	lr

87802778 <strspn>:
87802778:	b470      	push	{r4, r5, r6}
8780277a:	7804      	ldrb	r4, [r0, #0]
8780277c:	4625      	mov	r5, r4
8780277e:	b164      	cbz	r4, 8780279a <strspn+0x22>
87802780:	780e      	ldrb	r6, [r1, #0]
87802782:	2500      	movs	r5, #0
87802784:	b14e      	cbz	r6, 8780279a <strspn+0x22>
87802786:	42a6      	cmp	r6, r4
87802788:	d00a      	beq.n	878027a0 <strspn+0x28>
8780278a:	460a      	mov	r2, r1
8780278c:	e001      	b.n	87802792 <strspn+0x1a>
8780278e:	42a3      	cmp	r3, r4
87802790:	d006      	beq.n	878027a0 <strspn+0x28>
87802792:	f812 3f01 	ldrb.w	r3, [r2, #1]!
87802796:	2b00      	cmp	r3, #0
87802798:	d1f9      	bne.n	8780278e <strspn+0x16>
8780279a:	4628      	mov	r0, r5
8780279c:	bc70      	pop	{r4, r5, r6}
8780279e:	4770      	bx	lr
878027a0:	f810 4f01 	ldrb.w	r4, [r0, #1]!
878027a4:	3501      	adds	r5, #1
878027a6:	2c00      	cmp	r4, #0
878027a8:	d1ec      	bne.n	87802784 <strspn+0xc>
878027aa:	4628      	mov	r0, r5
878027ac:	bc70      	pop	{r4, r5, r6}
878027ae:	4770      	bx	lr

878027b0 <strpbrk>:
878027b0:	b430      	push	{r4, r5}
878027b2:	7804      	ldrb	r4, [r0, #0]
878027b4:	b17c      	cbz	r4, 878027d6 <strpbrk+0x26>
878027b6:	780d      	ldrb	r5, [r1, #0]
878027b8:	b14d      	cbz	r5, 878027ce <strpbrk+0x1e>
878027ba:	42a5      	cmp	r5, r4
878027bc:	d00c      	beq.n	878027d8 <strpbrk+0x28>
878027be:	460a      	mov	r2, r1
878027c0:	e001      	b.n	878027c6 <strpbrk+0x16>
878027c2:	42a3      	cmp	r3, r4
878027c4:	d008      	beq.n	878027d8 <strpbrk+0x28>
878027c6:	f812 3f01 	ldrb.w	r3, [r2, #1]!
878027ca:	2b00      	cmp	r3, #0
878027cc:	d1f9      	bne.n	878027c2 <strpbrk+0x12>
878027ce:	f810 4f01 	ldrb.w	r4, [r0, #1]!
878027d2:	2c00      	cmp	r4, #0
878027d4:	d1f0      	bne.n	878027b8 <strpbrk+0x8>
878027d6:	4620      	mov	r0, r4
878027d8:	bc30      	pop	{r4, r5}
878027da:	4770      	bx	lr

878027dc <strtok>:
878027dc:	f649 0c74 	movw	ip, #39028	; 0x9874
878027e0:	f2c8 7c80 	movt	ip, #34688	; 0x8780
878027e4:	2800      	cmp	r0, #0
878027e6:	d03c      	beq.n	87802862 <strtok+0x86>
878027e8:	b4f0      	push	{r4, r5, r6, r7}
878027ea:	7804      	ldrb	r4, [r0, #0]
878027ec:	2c00      	cmp	r4, #0
878027ee:	d03d      	beq.n	8780286c <strtok+0x90>
878027f0:	780d      	ldrb	r5, [r1, #0]
878027f2:	4607      	mov	r7, r0
878027f4:	2600      	movs	r6, #0
878027f6:	b14d      	cbz	r5, 8780280c <strtok+0x30>
878027f8:	42ac      	cmp	r4, r5
878027fa:	d01f      	beq.n	8780283c <strtok+0x60>
878027fc:	460a      	mov	r2, r1
878027fe:	e001      	b.n	87802804 <strtok+0x28>
87802800:	42a3      	cmp	r3, r4
87802802:	d01b      	beq.n	8780283c <strtok+0x60>
87802804:	f812 3f01 	ldrb.w	r3, [r2, #1]!
87802808:	2b00      	cmp	r3, #0
8780280a:	d1f9      	bne.n	87802800 <strtok+0x24>
8780280c:	5d84      	ldrb	r4, [r0, r6]
8780280e:	4430      	add	r0, r6
87802810:	4606      	mov	r6, r0
87802812:	b35c      	cbz	r4, 8780286c <strtok+0x90>
87802814:	b14d      	cbz	r5, 8780282a <strtok+0x4e>
87802816:	42ac      	cmp	r4, r5
87802818:	d01b      	beq.n	87802852 <strtok+0x76>
8780281a:	460a      	mov	r2, r1
8780281c:	e001      	b.n	87802822 <strtok+0x46>
8780281e:	42a3      	cmp	r3, r4
87802820:	d017      	beq.n	87802852 <strtok+0x76>
87802822:	f812 3f01 	ldrb.w	r3, [r2, #1]!
87802826:	2b00      	cmp	r3, #0
87802828:	d1f9      	bne.n	8780281e <strtok+0x42>
8780282a:	f816 4f01 	ldrb.w	r4, [r6, #1]!
8780282e:	2c00      	cmp	r4, #0
87802830:	d1f0      	bne.n	87802814 <strtok+0x38>
87802832:	4626      	mov	r6, r4
87802834:	f8cc 6000 	str.w	r6, [ip]
87802838:	bcf0      	pop	{r4, r5, r6, r7}
8780283a:	4770      	bx	lr
8780283c:	f817 4f01 	ldrb.w	r4, [r7, #1]!
87802840:	3601      	adds	r6, #1
87802842:	2c00      	cmp	r4, #0
87802844:	d1d7      	bne.n	878027f6 <strtok+0x1a>
87802846:	5d84      	ldrb	r4, [r0, r6]
87802848:	4430      	add	r0, r6
8780284a:	4606      	mov	r6, r0
8780284c:	2c00      	cmp	r4, #0
8780284e:	d1e1      	bne.n	87802814 <strtok+0x38>
87802850:	e00c      	b.n	8780286c <strtok+0x90>
87802852:	7833      	ldrb	r3, [r6, #0]
87802854:	2b00      	cmp	r3, #0
87802856:	d0ed      	beq.n	87802834 <strtok+0x58>
87802858:	2300      	movs	r3, #0
8780285a:	3601      	adds	r6, #1
8780285c:	f806 3c01 	strb.w	r3, [r6, #-1]
87802860:	e7e8      	b.n	87802834 <strtok+0x58>
87802862:	f8dc 0000 	ldr.w	r0, [ip]
87802866:	2800      	cmp	r0, #0
87802868:	d1be      	bne.n	878027e8 <strtok+0xc>
8780286a:	4770      	bx	lr
8780286c:	2000      	movs	r0, #0
8780286e:	f8cc 0000 	str.w	r0, [ip]
87802872:	e7e1      	b.n	87802838 <strtok+0x5c>

87802874 <strsep>:
87802874:	b4f0      	push	{r4, r5, r6, r7}
87802876:	4607      	mov	r7, r0
87802878:	6800      	ldr	r0, [r0, #0]
8780287a:	b198      	cbz	r0, 878028a4 <strsep+0x30>
8780287c:	7804      	ldrb	r4, [r0, #0]
8780287e:	b184      	cbz	r4, 878028a2 <strsep+0x2e>
87802880:	780e      	ldrb	r6, [r1, #0]
87802882:	4605      	mov	r5, r0
87802884:	b14e      	cbz	r6, 8780289a <strsep+0x26>
87802886:	42a6      	cmp	r6, r4
87802888:	d00e      	beq.n	878028a8 <strsep+0x34>
8780288a:	460a      	mov	r2, r1
8780288c:	e001      	b.n	87802892 <strsep+0x1e>
8780288e:	42a3      	cmp	r3, r4
87802890:	d00a      	beq.n	878028a8 <strsep+0x34>
87802892:	f812 3f01 	ldrb.w	r3, [r2, #1]!
87802896:	2b00      	cmp	r3, #0
87802898:	d1f9      	bne.n	8780288e <strsep+0x1a>
8780289a:	f815 4f01 	ldrb.w	r4, [r5, #1]!
8780289e:	2c00      	cmp	r4, #0
878028a0:	d1f0      	bne.n	87802884 <strsep+0x10>
878028a2:	603c      	str	r4, [r7, #0]
878028a4:	bcf0      	pop	{r4, r5, r6, r7}
878028a6:	4770      	bx	lr
878028a8:	2300      	movs	r3, #0
878028aa:	1c6c      	adds	r4, r5, #1
878028ac:	702b      	strb	r3, [r5, #0]
878028ae:	e7f8      	b.n	878028a2 <strsep+0x2e>

878028b0 <memset>:
878028b0:	b132      	cbz	r2, 878028c0 <memset+0x10>
878028b2:	b2c9      	uxtb	r1, r1
878028b4:	4402      	add	r2, r0
878028b6:	4603      	mov	r3, r0
878028b8:	f803 1b01 	strb.w	r1, [r3], #1
878028bc:	4293      	cmp	r3, r2
878028be:	d1fb      	bne.n	878028b8 <memset+0x8>
878028c0:	4770      	bx	lr
878028c2:	bf00      	nop

878028c4 <bcopy>:
878028c4:	b13a      	cbz	r2, 878028d6 <bcopy+0x12>
878028c6:	3901      	subs	r1, #1
878028c8:	4402      	add	r2, r0
878028ca:	f810 3b01 	ldrb.w	r3, [r0], #1
878028ce:	4290      	cmp	r0, r2
878028d0:	f801 3f01 	strb.w	r3, [r1, #1]!
878028d4:	d1f9      	bne.n	878028ca <bcopy+0x6>
878028d6:	4770      	bx	lr

878028d8 <memcpy>:
878028d8:	b15a      	cbz	r2, 878028f2 <memcpy+0x1a>
878028da:	440a      	add	r2, r1
878028dc:	1e43      	subs	r3, r0, #1
878028de:	b410      	push	{r4}
878028e0:	f811 4b01 	ldrb.w	r4, [r1], #1
878028e4:	4291      	cmp	r1, r2
878028e6:	f803 4f01 	strb.w	r4, [r3, #1]!
878028ea:	d1f9      	bne.n	878028e0 <memcpy+0x8>
878028ec:	f85d 4b04 	ldr.w	r4, [sp], #4
878028f0:	4770      	bx	lr
878028f2:	4770      	bx	lr

878028f4 <memmove>:
878028f4:	4288      	cmp	r0, r1
878028f6:	b410      	push	{r4}
878028f8:	d80b      	bhi.n	87802912 <memmove+0x1e>
878028fa:	b13a      	cbz	r2, 8780290c <memmove+0x18>
878028fc:	440a      	add	r2, r1
878028fe:	1e43      	subs	r3, r0, #1
87802900:	f811 4b01 	ldrb.w	r4, [r1], #1
87802904:	428a      	cmp	r2, r1
87802906:	f803 4f01 	strb.w	r4, [r3, #1]!
8780290a:	d1f9      	bne.n	87802900 <memmove+0xc>
8780290c:	f85d 4b04 	ldr.w	r4, [sp], #4
87802910:	4770      	bx	lr
87802912:	1884      	adds	r4, r0, r2
87802914:	188b      	adds	r3, r1, r2
87802916:	2a00      	cmp	r2, #0
87802918:	d0f8      	beq.n	8780290c <memmove+0x18>
8780291a:	4622      	mov	r2, r4
8780291c:	f813 4d01 	ldrb.w	r4, [r3, #-1]!
87802920:	4299      	cmp	r1, r3
87802922:	f802 4d01 	strb.w	r4, [r2, #-1]!
87802926:	d1f9      	bne.n	8780291c <memmove+0x28>
87802928:	f85d 4b04 	ldr.w	r4, [sp], #4
8780292c:	4770      	bx	lr
8780292e:	bf00      	nop

87802930 <memcmp>:
87802930:	b1aa      	cbz	r2, 8780295e <memcmp+0x2e>
87802932:	b430      	push	{r4, r5}
87802934:	4604      	mov	r4, r0
87802936:	780b      	ldrb	r3, [r1, #0]
87802938:	7800      	ldrb	r0, [r0, #0]
8780293a:	1ac0      	subs	r0, r0, r3
8780293c:	d10a      	bne.n	87802954 <memcmp+0x24>
8780293e:	3a01      	subs	r2, #1
87802940:	188d      	adds	r5, r1, r2
87802942:	e005      	b.n	87802950 <memcmp+0x20>
87802944:	f814 3f01 	ldrb.w	r3, [r4, #1]!
87802948:	f811 2f01 	ldrb.w	r2, [r1, #1]!
8780294c:	1a9b      	subs	r3, r3, r2
8780294e:	d103      	bne.n	87802958 <memcmp+0x28>
87802950:	42a9      	cmp	r1, r5
87802952:	d1f7      	bne.n	87802944 <memcmp+0x14>
87802954:	bc30      	pop	{r4, r5}
87802956:	4770      	bx	lr
87802958:	4618      	mov	r0, r3
8780295a:	bc30      	pop	{r4, r5}
8780295c:	4770      	bx	lr
8780295e:	4610      	mov	r0, r2
87802960:	4770      	bx	lr
87802962:	bf00      	nop

87802964 <memscan>:
87802964:	b1c2      	cbz	r2, 87802998 <memscan+0x34>
87802966:	7803      	ldrb	r3, [r0, #0]
87802968:	4299      	cmp	r1, r3
8780296a:	d015      	beq.n	87802998 <memscan+0x34>
8780296c:	1c43      	adds	r3, r0, #1
8780296e:	4402      	add	r2, r0
87802970:	4293      	cmp	r3, r2
87802972:	4618      	mov	r0, r3
87802974:	f103 0301 	add.w	r3, r3, #1
87802978:	d00f      	beq.n	8780299a <memscan+0x36>
8780297a:	b410      	push	{r4}
8780297c:	7804      	ldrb	r4, [r0, #0]
8780297e:	428c      	cmp	r4, r1
87802980:	d007      	beq.n	87802992 <memscan+0x2e>
87802982:	4293      	cmp	r3, r2
87802984:	4618      	mov	r0, r3
87802986:	f103 0301 	add.w	r3, r3, #1
8780298a:	d002      	beq.n	87802992 <memscan+0x2e>
8780298c:	7804      	ldrb	r4, [r0, #0]
8780298e:	428c      	cmp	r4, r1
87802990:	d1f7      	bne.n	87802982 <memscan+0x1e>
87802992:	f85d 4b04 	ldr.w	r4, [sp], #4
87802996:	4770      	bx	lr
87802998:	4770      	bx	lr
8780299a:	4770      	bx	lr

8780299c <strstr>:
8780299c:	e92d 43f0 	stmdb	sp!, {r4, r5, r6, r7, r8, r9, lr}
878029a0:	f891 8000 	ldrb.w	r8, [r1]
878029a4:	f1b8 0f00 	cmp.w	r8, #0
878029a8:	d027      	beq.n	878029fa <strstr+0x5e>
878029aa:	460b      	mov	r3, r1
878029ac:	f813 2f01 	ldrb.w	r2, [r3, #1]!
878029b0:	2a00      	cmp	r2, #0
878029b2:	d1fb      	bne.n	878029ac <strstr+0x10>
878029b4:	ebb3 0e01 	subs.w	lr, r3, r1
878029b8:	d01f      	beq.n	878029fa <strstr+0x5e>
878029ba:	7802      	ldrb	r2, [r0, #0]
878029bc:	4694      	mov	ip, r2
878029be:	b132      	cbz	r2, 878029ce <strstr+0x32>
878029c0:	4684      	mov	ip, r0
878029c2:	f81c 3f01 	ldrb.w	r3, [ip, #1]!
878029c6:	2b00      	cmp	r3, #0
878029c8:	d1fb      	bne.n	878029c2 <strstr+0x26>
878029ca:	ebac 0c00 	sub.w	ip, ip, r0
878029ce:	45e6      	cmp	lr, ip
878029d0:	dc1a      	bgt.n	87802a08 <strstr+0x6c>
878029d2:	4607      	mov	r7, r0
878029d4:	f10e 39ff 	add.w	r9, lr, #4294967295	; 0xffffffff
878029d8:	f10c 3cff 	add.w	ip, ip, #4294967295	; 0xffffffff
878029dc:	4638      	mov	r0, r7
878029de:	460d      	mov	r5, r1
878029e0:	eb09 0607 	add.w	r6, r9, r7
878029e4:	463b      	mov	r3, r7
878029e6:	4644      	mov	r4, r8
878029e8:	e003      	b.n	878029f2 <strstr+0x56>
878029ea:	f813 2f01 	ldrb.w	r2, [r3, #1]!
878029ee:	f815 4f01 	ldrb.w	r4, [r5, #1]!
878029f2:	42a2      	cmp	r2, r4
878029f4:	d103      	bne.n	878029fe <strstr+0x62>
878029f6:	429e      	cmp	r6, r3
878029f8:	d1f7      	bne.n	878029ea <strstr+0x4e>
878029fa:	e8bd 83f0 	ldmia.w	sp!, {r4, r5, r6, r7, r8, r9, pc}
878029fe:	45f4      	cmp	ip, lr
87802a00:	db02      	blt.n	87802a08 <strstr+0x6c>
87802a02:	f817 2f01 	ldrb.w	r2, [r7, #1]!
87802a06:	e7e7      	b.n	878029d8 <strstr+0x3c>
87802a08:	2000      	movs	r0, #0
87802a0a:	e8bd 83f0 	ldmia.w	sp!, {r4, r5, r6, r7, r8, r9, pc}
87802a0e:	bf00      	nop

87802a10 <memchr>:
87802a10:	4402      	add	r2, r0
87802a12:	b2c9      	uxtb	r1, r1
87802a14:	4290      	cmp	r0, r2
87802a16:	4603      	mov	r3, r0
87802a18:	d012      	beq.n	87802a40 <memchr+0x30>
87802a1a:	b410      	push	{r4}
87802a1c:	f813 4b01 	ldrb.w	r4, [r3], #1
87802a20:	428c      	cmp	r4, r1
87802a22:	d006      	beq.n	87802a32 <memchr+0x22>
87802a24:	4293      	cmp	r3, r2
87802a26:	4618      	mov	r0, r3
87802a28:	d006      	beq.n	87802a38 <memchr+0x28>
87802a2a:	f813 4b01 	ldrb.w	r4, [r3], #1
87802a2e:	428c      	cmp	r4, r1
87802a30:	d1f8      	bne.n	87802a24 <memchr+0x14>
87802a32:	f85d 4b04 	ldr.w	r4, [sp], #4
87802a36:	4770      	bx	lr
87802a38:	2000      	movs	r0, #0
87802a3a:	f85d 4b04 	ldr.w	r4, [sp], #4
87802a3e:	4770      	bx	lr
87802a40:	2000      	movs	r0, #0
87802a42:	4770      	bx	lr

87802a44 <number>:
87802a44:	e92d 4ff0 	stmdb	sp!, {r4, r5, r6, r7, r8, r9, sl, fp, lr}
87802a48:	b0a5      	sub	sp, #148	; 0x94
87802a4a:	460d      	mov	r5, r1
87802a4c:	992e      	ldr	r1, [sp, #184]	; 0xb8
87802a4e:	4604      	mov	r4, r0
87802a50:	f8dd 90c4 	ldr.w	r9, [sp, #196]	; 0xc4
87802a54:	390a      	subs	r1, #10
87802a56:	bf18      	it	ne
87802a58:	2101      	movne	r1, #1
87802a5a:	f009 0020 	and.w	r0, r9, #32
87802a5e:	ea01 1159 	and.w	r1, r1, r9, lsr #5
87802a62:	9003      	str	r0, [sp, #12]
87802a64:	9100      	str	r1, [sp, #0]
87802a66:	f019 0110 	ands.w	r1, r9, #16
87802a6a:	bf18      	it	ne
87802a6c:	f029 0901 	bicne.w	r9, r9, #1
87802a70:	9101      	str	r1, [sp, #4]
87802a72:	f019 0102 	ands.w	r1, r9, #2
87802a76:	d011      	beq.n	87802a9c <number+0x58>
87802a78:	2a00      	cmp	r2, #0
87802a7a:	f173 0100 	sbcs.w	r1, r3, #0
87802a7e:	f2c0 816e 	blt.w	87802d5e <number+0x31a>
87802a82:	f019 0f04 	tst.w	r9, #4
87802a86:	f040 8188 	bne.w	87802d9a <number+0x356>
87802a8a:	f019 0108 	ands.w	r1, r9, #8
87802a8e:	d005      	beq.n	87802a9c <number+0x58>
87802a90:	992f      	ldr	r1, [sp, #188]	; 0xbc
87802a92:	3901      	subs	r1, #1
87802a94:	912f      	str	r1, [sp, #188]	; 0xbc
87802a96:	2120      	movs	r1, #32
87802a98:	9102      	str	r1, [sp, #8]
87802a9a:	e000      	b.n	87802a9e <number+0x5a>
87802a9c:	9102      	str	r1, [sp, #8]
87802a9e:	9900      	ldr	r1, [sp, #0]
87802aa0:	2900      	cmp	r1, #0
87802aa2:	d048      	beq.n	87802b36 <number+0xf2>
87802aa4:	992e      	ldr	r1, [sp, #184]	; 0xb8
87802aa6:	2910      	cmp	r1, #16
87802aa8:	992f      	ldr	r1, [sp, #188]	; 0xbc
87802aaa:	f000 8161 	beq.w	87802d70 <number+0x32c>
87802aae:	3901      	subs	r1, #1
87802ab0:	912f      	str	r1, [sp, #188]	; 0xbc
87802ab2:	ea52 0103 	orrs.w	r1, r2, r3
87802ab6:	d042      	beq.n	87802b3e <number+0xfa>
87802ab8:	992e      	ldr	r1, [sp, #184]	; 0xb8
87802aba:	2910      	cmp	r1, #16
87802abc:	f101 3aff 	add.w	sl, r1, #4294967295	; 0xffffffff
87802ac0:	bf0a      	itet	eq
87802ac2:	2004      	moveq	r0, #4
87802ac4:	2003      	movne	r0, #3
87802ac6:	f04f 0a0f 	moveq.w	sl, #15
87802aca:	f648 2824 	movw	r8, #35364	; 0x8a24
87802ace:	f1c0 0120 	rsb	r1, r0, #32
87802ad2:	9506      	str	r5, [sp, #24]
87802ad4:	f10d 0c2c 	add.w	ip, sp, #44	; 0x2c
87802ad8:	f8cd 90c4 	str.w	r9, [sp, #196]	; 0xc4
87802adc:	f2c8 7880 	movt	r8, #34688	; 0x8780
87802ae0:	2600      	movs	r6, #0
87802ae2:	9404      	str	r4, [sp, #16]
87802ae4:	f8dd 900c 	ldr.w	r9, [sp, #12]
87802ae8:	460d      	mov	r5, r1
87802aea:	e000      	b.n	87802aee <number+0xaa>
87802aec:	463e      	mov	r6, r7
87802aee:	fa03 f705 	lsl.w	r7, r3, r5
87802af2:	f1b0 0e20 	subs.w	lr, r0, #32
87802af6:	b2d4      	uxtb	r4, r2
87802af8:	fa22 f100 	lsr.w	r1, r2, r0
87802afc:	fa43 fe0e 	asr.w	lr, r3, lr
87802b00:	fa43 fb00 	asr.w	fp, r3, r0
87802b04:	ea41 0107 	orr.w	r1, r1, r7
87802b08:	ea04 040a 	and.w	r4, r4, sl
87802b0c:	bf58      	it	pl
87802b0e:	ea41 010e 	orrpl.w	r1, r1, lr
87802b12:	f818 4004 	ldrb.w	r4, [r8, r4]
87802b16:	460a      	mov	r2, r1
87802b18:	465b      	mov	r3, fp
87802b1a:	ea52 0103 	orrs.w	r1, r2, r3
87802b1e:	f106 0701 	add.w	r7, r6, #1
87802b22:	ea49 0404 	orr.w	r4, r9, r4
87802b26:	f80c 4b01 	strb.w	r4, [ip], #1
87802b2a:	d1df      	bne.n	87802aec <number+0xa8>
87802b2c:	9c04      	ldr	r4, [sp, #16]
87802b2e:	9d06      	ldr	r5, [sp, #24]
87802b30:	f8dd 90c4 	ldr.w	r9, [sp, #196]	; 0xc4
87802b34:	e008      	b.n	87802b48 <number+0x104>
87802b36:	ea52 0103 	orrs.w	r1, r2, r3
87802b3a:	f040 8081 	bne.w	87802c40 <number+0x1fc>
87802b3e:	2600      	movs	r6, #0
87802b40:	2701      	movs	r7, #1
87802b42:	2330      	movs	r3, #48	; 0x30
87802b44:	f88d 302c 	strb.w	r3, [sp, #44]	; 0x2c
87802b48:	9b30      	ldr	r3, [sp, #192]	; 0xc0
87802b4a:	42bb      	cmp	r3, r7
87802b4c:	bfb8      	it	lt
87802b4e:	463b      	movlt	r3, r7
87802b50:	f019 0f11 	tst.w	r9, #17
87802b54:	461a      	mov	r2, r3
87802b56:	9b2f      	ldr	r3, [sp, #188]	; 0xbc
87802b58:	eba3 0302 	sub.w	r3, r3, r2
87802b5c:	f103 31ff 	add.w	r1, r3, #4294967295	; 0xffffffff
87802b60:	d10f      	bne.n	87802b82 <number+0x13e>
87802b62:	2900      	cmp	r1, #0
87802b64:	bfb8      	it	lt
87802b66:	1e99      	sublt	r1, r3, #2
87802b68:	db0b      	blt.n	87802b82 <number+0x13e>
87802b6a:	4423      	add	r3, r4
87802b6c:	2120      	movs	r1, #32
87802b6e:	42a5      	cmp	r5, r4
87802b70:	f104 0401 	add.w	r4, r4, #1
87802b74:	bf88      	it	hi
87802b76:	f804 1c01 	strbhi.w	r1, [r4, #-1]
87802b7a:	429c      	cmp	r4, r3
87802b7c:	d1f7      	bne.n	87802b6e <number+0x12a>
87802b7e:	f06f 0101 	mvn.w	r1, #1
87802b82:	9b02      	ldr	r3, [sp, #8]
87802b84:	b12b      	cbz	r3, 87802b92 <number+0x14e>
87802b86:	42ac      	cmp	r4, r5
87802b88:	f104 0401 	add.w	r4, r4, #1
87802b8c:	bf38      	it	cc
87802b8e:	f804 3c01 	strbcc.w	r3, [r4, #-1]
87802b92:	9b00      	ldr	r3, [sp, #0]
87802b94:	b153      	cbz	r3, 87802bac <number+0x168>
87802b96:	982e      	ldr	r0, [sp, #184]	; 0xb8
87802b98:	42ac      	cmp	r4, r5
87802b9a:	bf3c      	itt	cc
87802b9c:	2330      	movcc	r3, #48	; 0x30
87802b9e:	7023      	strbcc	r3, [r4, #0]
87802ba0:	1c63      	adds	r3, r4, #1
87802ba2:	2810      	cmp	r0, #16
87802ba4:	bf18      	it	ne
87802ba6:	461c      	movne	r4, r3
87802ba8:	f000 80ed 	beq.w	87802d86 <number+0x342>
87802bac:	9b01      	ldr	r3, [sp, #4]
87802bae:	b9ab      	cbnz	r3, 87802bdc <number+0x198>
87802bb0:	f019 0f01 	tst.w	r9, #1
87802bb4:	bf0c      	ite	eq
87802bb6:	2320      	moveq	r3, #32
87802bb8:	2330      	movne	r3, #48	; 0x30
87802bba:	2900      	cmp	r1, #0
87802bbc:	bfb8      	it	lt
87802bbe:	f101 31ff 	addlt.w	r1, r1, #4294967295	; 0xffffffff
87802bc2:	db0b      	blt.n	87802bdc <number+0x198>
87802bc4:	3101      	adds	r1, #1
87802bc6:	4421      	add	r1, r4
87802bc8:	42a5      	cmp	r5, r4
87802bca:	f104 0401 	add.w	r4, r4, #1
87802bce:	bf88      	it	hi
87802bd0:	f804 3c01 	strbhi.w	r3, [r4, #-1]
87802bd4:	428c      	cmp	r4, r1
87802bd6:	d1f7      	bne.n	87802bc8 <number+0x184>
87802bd8:	f06f 0101 	mvn.w	r1, #1
87802bdc:	4297      	cmp	r7, r2
87802bde:	bfbe      	ittt	lt
87802be0:	1bd7      	sublt	r7, r2, r7
87802be2:	2330      	movlt	r3, #48	; 0x30
87802be4:	193f      	addlt	r7, r7, r4
87802be6:	da07      	bge.n	87802bf8 <number+0x1b4>
87802be8:	42a5      	cmp	r5, r4
87802bea:	f104 0401 	add.w	r4, r4, #1
87802bee:	bf88      	it	hi
87802bf0:	f804 3c01 	strbhi.w	r3, [r4, #-1]
87802bf4:	42bc      	cmp	r4, r7
87802bf6:	d1f7      	bne.n	87802be8 <number+0x1a4>
87802bf8:	2e00      	cmp	r6, #0
87802bfa:	f2c0 80d4 	blt.w	87802da6 <number+0x362>
87802bfe:	4632      	mov	r2, r6
87802c00:	4623      	mov	r3, r4
87802c02:	af0b      	add	r7, sp, #44	; 0x2c
87802c04:	429d      	cmp	r5, r3
87802c06:	f103 0301 	add.w	r3, r3, #1
87802c0a:	bf88      	it	hi
87802c0c:	5dd0      	ldrbhi	r0, [r2, r7]
87802c0e:	f102 32ff 	add.w	r2, r2, #4294967295	; 0xffffffff
87802c12:	bf88      	it	hi
87802c14:	f803 0c01 	strbhi.w	r0, [r3, #-1]
87802c18:	1c50      	adds	r0, r2, #1
87802c1a:	d1f3      	bne.n	87802c04 <number+0x1c0>
87802c1c:	1c70      	adds	r0, r6, #1
87802c1e:	4420      	add	r0, r4
87802c20:	2900      	cmp	r1, #0
87802c22:	db0a      	blt.n	87802c3a <number+0x1f6>
87802c24:	1c4b      	adds	r3, r1, #1
87802c26:	2220      	movs	r2, #32
87802c28:	4403      	add	r3, r0
87802c2a:	4285      	cmp	r5, r0
87802c2c:	f100 0001 	add.w	r0, r0, #1
87802c30:	bf88      	it	hi
87802c32:	f800 2c01 	strbhi.w	r2, [r0, #-1]
87802c36:	4298      	cmp	r0, r3
87802c38:	d1f7      	bne.n	87802c2a <number+0x1e6>
87802c3a:	b025      	add	sp, #148	; 0x94
87802c3c:	e8bd 8ff0 	ldmia.w	sp!, {r4, r5, r6, r7, r8, r9, sl, fp, pc}
87802c40:	992e      	ldr	r1, [sp, #184]	; 0xb8
87802c42:	290a      	cmp	r1, #10
87802c44:	f47f af38 	bne.w	87802ab8 <number+0x74>
87802c48:	4692      	mov	sl, r2
87802c4a:	469b      	mov	fp, r3
87802c4c:	f248 629f 	movw	r2, #34463	; 0x869f
87802c50:	2300      	movs	r3, #0
87802c52:	f2c0 0201 	movt	r2, #1
87802c56:	455b      	cmp	r3, fp
87802c58:	bf08      	it	eq
87802c5a:	4552      	cmpeq	r2, sl
87802c5c:	e9cd ab08 	strd	sl, fp, [sp, #32]
87802c60:	f080 8109 	bcs.w	87802e76 <number+0x432>
87802c64:	f248 61a0 	movw	r1, #34464	; 0x86a0
87802c68:	f645 20c5 	movw	r0, #23237	; 0x5ac5
87802c6c:	f2c0 0101 	movt	r1, #1
87802c70:	f6c0 207c 	movt	r0, #2684	; 0xa7c
87802c74:	e9cd 4506 	strd	r4, r5, [sp, #24]
87802c78:	460f      	mov	r7, r1
87802c7a:	e9cd 2304 	strd	r2, r3, [sp, #16]
87802c7e:	f10d 0631 	add.w	r6, sp, #49	; 0x31
87802c82:	4604      	mov	r4, r0
87802c84:	e05c      	b.n	87802d40 <number+0x2fc>
87802c86:	09d8      	lsrs	r0, r3, #7
87802c88:	f04f 0b00 	mov.w	fp, #0
87802c8c:	4603      	mov	r3, r0
87802c8e:	fb07 a010 	mls	r0, r7, r0, sl
87802c92:	469a      	mov	sl, r3
87802c94:	e9cd ab08 	strd	sl, fp, [sp, #32]
87802c98:	f3c0 2303 	ubfx	r3, r0, #8, #4
87802c9c:	f3c0 1203 	ubfx	r2, r0, #4, #4
87802ca0:	0b01      	lsrs	r1, r0, #12
87802ca2:	eb02 0c03 	add.w	ip, r2, r3
87802ca6:	f000 080f 	and.w	r8, r0, #15
87802caa:	eb03 0e83 	add.w	lr, r3, r3, lsl #2
87802cae:	448c      	add	ip, r1
87802cb0:	eb01 00c1 	add.w	r0, r1, r1, lsl #3
87802cb4:	eb0c 0c4c 	add.w	ip, ip, ip, lsl #1
87802cb8:	4635      	mov	r5, r6
87802cba:	4402      	add	r2, r0
87802cbc:	eb08 004c 	add.w	r0, r8, ip, lsl #1
87802cc0:	f04f 0ccd 	mov.w	ip, #205	; 0xcd
87802cc4:	4472      	add	r2, lr
87802cc6:	fb0c f800 	mul.w	r8, ip, r0
87802cca:	3605      	adds	r6, #5
87802ccc:	ea4f 28d8 	mov.w	r8, r8, lsr #11
87802cd0:	4442      	add	r2, r8
87802cd2:	eb08 0888 	add.w	r8, r8, r8, lsl #2
87802cd6:	fb0c fe02 	mul.w	lr, ip, r2
87802cda:	eba0 0048 	sub.w	r0, r0, r8, lsl #1
87802cde:	3030      	adds	r0, #48	; 0x30
87802ce0:	ea4f 2ede 	mov.w	lr, lr, lsr #11
87802ce4:	f806 0c0a 	strb.w	r0, [r6, #-10]
87802ce8:	eb0e 0343 	add.w	r3, lr, r3, lsl #1
87802cec:	eb0e 0e8e 	add.w	lr, lr, lr, lsl #2
87802cf0:	eb03 0043 	add.w	r0, r3, r3, lsl #1
87802cf4:	eba2 024e 	sub.w	r2, r2, lr, lsl #1
87802cf8:	eb03 0080 	add.w	r0, r3, r0, lsl #2
87802cfc:	3230      	adds	r2, #48	; 0x30
87802cfe:	f806 2c09 	strb.w	r2, [r6, #-9]
87802d02:	09c2      	lsrs	r2, r0, #7
87802d04:	eb02 0181 	add.w	r1, r2, r1, lsl #2
87802d08:	eb02 0282 	add.w	r2, r2, r2, lsl #2
87802d0c:	fb0c fc01 	mul.w	ip, ip, r1
87802d10:	eba3 0342 	sub.w	r3, r3, r2, lsl #1
87802d14:	3330      	adds	r3, #48	; 0x30
87802d16:	f806 3c08 	strb.w	r3, [r6, #-8]
87802d1a:	ea4f 2cdc 	mov.w	ip, ip, lsr #11
87802d1e:	eb0c 038c 	add.w	r3, ip, ip, lsl #2
87802d22:	f10c 0c30 	add.w	ip, ip, #48	; 0x30
87802d26:	f806 cc06 	strb.w	ip, [r6, #-6]
87802d2a:	eba1 0143 	sub.w	r1, r1, r3, lsl #1
87802d2e:	e9dd 2304 	ldrd	r2, r3, [sp, #16]
87802d32:	3130      	adds	r1, #48	; 0x30
87802d34:	455b      	cmp	r3, fp
87802d36:	f806 1c07 	strb.w	r1, [r6, #-7]
87802d3a:	bf08      	it	eq
87802d3c:	4552      	cmpeq	r2, sl
87802d3e:	d234      	bcs.n	87802daa <number+0x366>
87802d40:	4658      	mov	r0, fp
87802d42:	2100      	movs	r1, #0
87802d44:	ea4f 125a 	mov.w	r2, sl, lsr #5
87802d48:	4301      	orrs	r1, r0
87802d4a:	fba2 2304 	umull	r2, r3, r2, r4
87802d4e:	d09a      	beq.n	87802c86 <number+0x242>
87802d50:	4639      	mov	r1, r7
87802d52:	a808      	add	r0, sp, #32
87802d54:	f7ff fbc2 	bl	878024dc <__div64_32>
87802d58:	e9dd ab08 	ldrd	sl, fp, [sp, #32]
87802d5c:	e79c      	b.n	87802c98 <number+0x254>
87802d5e:	992f      	ldr	r1, [sp, #188]	; 0xbc
87802d60:	4252      	negs	r2, r2
87802d62:	eb63 0343 	sbc.w	r3, r3, r3, lsl #1
87802d66:	3901      	subs	r1, #1
87802d68:	912f      	str	r1, [sp, #188]	; 0xbc
87802d6a:	212d      	movs	r1, #45	; 0x2d
87802d6c:	9102      	str	r1, [sp, #8]
87802d6e:	e696      	b.n	87802a9e <number+0x5a>
87802d70:	3902      	subs	r1, #2
87802d72:	912f      	str	r1, [sp, #188]	; 0xbc
87802d74:	ea52 0103 	orrs.w	r1, r2, r3
87802d78:	bf1c      	itt	ne
87802d7a:	f04f 0a0f 	movne.w	sl, #15
87802d7e:	2004      	movne	r0, #4
87802d80:	f47f aea3 	bne.w	87802aca <number+0x86>
87802d84:	e6db      	b.n	87802b3e <number+0xfa>
87802d86:	429d      	cmp	r5, r3
87802d88:	f104 0402 	add.w	r4, r4, #2
87802d8c:	bf82      	ittt	hi
87802d8e:	9b03      	ldrhi	r3, [sp, #12]
87802d90:	f043 0358 	orrhi.w	r3, r3, #88	; 0x58
87802d94:	f804 3c01 	strbhi.w	r3, [r4, #-1]
87802d98:	e708      	b.n	87802bac <number+0x168>
87802d9a:	992f      	ldr	r1, [sp, #188]	; 0xbc
87802d9c:	3901      	subs	r1, #1
87802d9e:	912f      	str	r1, [sp, #188]	; 0xbc
87802da0:	212b      	movs	r1, #43	; 0x2b
87802da2:	9102      	str	r1, [sp, #8]
87802da4:	e67b      	b.n	87802a9e <number+0x5a>
87802da6:	4620      	mov	r0, r4
87802da8:	e73a      	b.n	87802c20 <number+0x1dc>
87802daa:	46a8      	mov	r8, r5
87802dac:	e9dd 4506 	ldrd	r4, r5, [sp, #24]
87802db0:	f10d 0e2c 	add.w	lr, sp, #44	; 0x2c
87802db4:	f3ca 1003 	ubfx	r0, sl, #4, #4
87802db8:	ea4f 371a 	mov.w	r7, sl, lsr #12
87802dbc:	f3ca 2103 	ubfx	r1, sl, #8, #4
87802dc0:	1843      	adds	r3, r0, r1
87802dc2:	eb07 02c7 	add.w	r2, r7, r7, lsl #3
87802dc6:	443b      	add	r3, r7
87802dc8:	eb01 0681 	add.w	r6, r1, r1, lsl #2
87802dcc:	eb03 0343 	add.w	r3, r3, r3, lsl #1
87802dd0:	f00a 0a0f 	and.w	sl, sl, #15
87802dd4:	4402      	add	r2, r0
87802dd6:	eb0a 0343 	add.w	r3, sl, r3, lsl #1
87802dda:	f04f 0ccd 	mov.w	ip, #205	; 0xcd
87802dde:	1990      	adds	r0, r2, r6
87802de0:	fb0c f203 	mul.w	r2, ip, r3
87802de4:	0ad2      	lsrs	r2, r2, #11
87802de6:	eb02 0682 	add.w	r6, r2, r2, lsl #2
87802dea:	1812      	adds	r2, r2, r0
87802dec:	bf08      	it	eq
87802dee:	f108 0701 	addeq.w	r7, r8, #1
87802df2:	eba3 0346 	sub.w	r3, r3, r6, lsl #1
87802df6:	f103 0330 	add.w	r3, r3, #48	; 0x30
87802dfa:	f888 3000 	strb.w	r3, [r8]
87802dfe:	d036      	beq.n	87802e6e <number+0x42a>
87802e00:	fb0c f302 	mul.w	r3, ip, r2
87802e04:	0adb      	lsrs	r3, r3, #11
87802e06:	eb03 0083 	add.w	r0, r3, r3, lsl #2
87802e0a:	eb03 0341 	add.w	r3, r3, r1, lsl #1
87802e0e:	eba2 0240 	sub.w	r2, r2, r0, lsl #1
87802e12:	3230      	adds	r2, #48	; 0x30
87802e14:	f888 2001 	strb.w	r2, [r8, #1]
87802e18:	ea57 0203 	orrs.w	r2, r7, r3
87802e1c:	bf08      	it	eq
87802e1e:	f108 0702 	addeq.w	r7, r8, #2
87802e22:	d024      	beq.n	87802e6e <number+0x42a>
87802e24:	eb03 0243 	add.w	r2, r3, r3, lsl #1
87802e28:	eb03 0282 	add.w	r2, r3, r2, lsl #2
87802e2c:	09d2      	lsrs	r2, r2, #7
87802e2e:	eb02 0182 	add.w	r1, r2, r2, lsl #2
87802e32:	eb12 0287 	adds.w	r2, r2, r7, lsl #2
87802e36:	eba3 0341 	sub.w	r3, r3, r1, lsl #1
87802e3a:	bf08      	it	eq
87802e3c:	f108 0703 	addeq.w	r7, r8, #3
87802e40:	f103 0330 	add.w	r3, r3, #48	; 0x30
87802e44:	f888 3002 	strb.w	r3, [r8, #2]
87802e48:	d011      	beq.n	87802e6e <number+0x42a>
87802e4a:	fb0c f302 	mul.w	r3, ip, r2
87802e4e:	f108 0704 	add.w	r7, r8, #4
87802e52:	0adb      	lsrs	r3, r3, #11
87802e54:	eb03 0183 	add.w	r1, r3, r3, lsl #2
87802e58:	eba2 0241 	sub.w	r2, r2, r1, lsl #1
87802e5c:	3230      	adds	r2, #48	; 0x30
87802e5e:	f888 2003 	strb.w	r2, [r8, #3]
87802e62:	b123      	cbz	r3, 87802e6e <number+0x42a>
87802e64:	f108 0705 	add.w	r7, r8, #5
87802e68:	3330      	adds	r3, #48	; 0x30
87802e6a:	f888 3004 	strb.w	r3, [r8, #4]
87802e6e:	eba7 070e 	sub.w	r7, r7, lr
87802e72:	1e7e      	subs	r6, r7, #1
87802e74:	e668      	b.n	87802b48 <number+0x104>
87802e76:	f10d 0e2c 	add.w	lr, sp, #44	; 0x2c
87802e7a:	46f0      	mov	r8, lr
87802e7c:	e79a      	b.n	87802db4 <number+0x370>
87802e7e:	bf00      	nop

87802e80 <simple_strtoul>:
87802e80:	b4f0      	push	{r4, r5, r6, r7}
87802e82:	4607      	mov	r7, r0
87802e84:	7804      	ldrb	r4, [r0, #0]
87802e86:	bb52      	cbnz	r2, 87802ede <simple_strtoul+0x5e>
87802e88:	2c30      	cmp	r4, #48	; 0x30
87802e8a:	d04f      	beq.n	87802f2c <simple_strtoul+0xac>
87802e8c:	f648 2c48 	movw	ip, #35400	; 0x8a48
87802e90:	4623      	mov	r3, r4
87802e92:	f2c8 7c80 	movt	ip, #34688	; 0x8780
87802e96:	220a      	movs	r2, #10
87802e98:	f81c 5004 	ldrb.w	r5, [ip, r4]
87802e9c:	f005 0044 	and.w	r0, r5, #68	; 0x44
87802ea0:	b1c8      	cbz	r0, 87802ed6 <simple_strtoul+0x56>
87802ea2:	2000      	movs	r0, #0
87802ea4:	e009      	b.n	87802eba <simple_strtoul+0x3a>
87802ea6:	f817 4f01 	ldrb.w	r4, [r7, #1]!
87802eaa:	fb02 3000 	mla	r0, r2, r0, r3
87802eae:	f81c 5004 	ldrb.w	r5, [ip, r4]
87802eb2:	4623      	mov	r3, r4
87802eb4:	f015 0f44 	tst.w	r5, #68	; 0x44
87802eb8:	d00d      	beq.n	87802ed6 <simple_strtoul+0x56>
87802eba:	f015 0f04 	tst.w	r5, #4
87802ebe:	f1a3 0330 	sub.w	r3, r3, #48	; 0x30
87802ec2:	d106      	bne.n	87802ed2 <simple_strtoul+0x52>
87802ec4:	f1a4 0320 	sub.w	r3, r4, #32
87802ec8:	07ad      	lsls	r5, r5, #30
87802eca:	bf48      	it	mi
87802ecc:	b2dc      	uxtbmi	r4, r3
87802ece:	f1a4 0337 	sub.w	r3, r4, #55	; 0x37
87802ed2:	4293      	cmp	r3, r2
87802ed4:	d3e7      	bcc.n	87802ea6 <simple_strtoul+0x26>
87802ed6:	b101      	cbz	r1, 87802eda <simple_strtoul+0x5a>
87802ed8:	600f      	str	r7, [r1, #0]
87802eda:	bcf0      	pop	{r4, r5, r6, r7}
87802edc:	4770      	bx	lr
87802ede:	2a10      	cmp	r2, #16
87802ee0:	d009      	beq.n	87802ef6 <simple_strtoul+0x76>
87802ee2:	f648 2c48 	movw	ip, #35400	; 0x8a48
87802ee6:	4623      	mov	r3, r4
87802ee8:	f2c8 7c80 	movt	ip, #34688	; 0x8780
87802eec:	f81c 5004 	ldrb.w	r5, [ip, r4]
87802ef0:	f005 0044 	and.w	r0, r5, #68	; 0x44
87802ef4:	e7d4      	b.n	87802ea0 <simple_strtoul+0x20>
87802ef6:	2c30      	cmp	r4, #48	; 0x30
87802ef8:	d1f3      	bne.n	87802ee2 <simple_strtoul+0x62>
87802efa:	7843      	ldrb	r3, [r0, #1]
87802efc:	f648 2c48 	movw	ip, #35400	; 0x8a48
87802f00:	f2c8 7c80 	movt	ip, #34688	; 0x8780
87802f04:	f81c 0003 	ldrb.w	r0, [ip, r3]
87802f08:	0786      	lsls	r6, r0, #30
87802f0a:	bf44      	itt	mi
87802f0c:	3b20      	submi	r3, #32
87802f0e:	b2db      	uxtbmi	r3, r3
87802f10:	2b58      	cmp	r3, #88	; 0x58
87802f12:	bf0d      	iteet	eq
87802f14:	78bc      	ldrbeq	r4, [r7, #2]
87802f16:	2330      	movne	r3, #48	; 0x30
87802f18:	f89c 5030 	ldrbne.w	r5, [ip, #48]	; 0x30
87802f1c:	3702      	addeq	r7, #2
87802f1e:	bf04      	itt	eq
87802f20:	f81c 5004 	ldrbeq.w	r5, [ip, r4]
87802f24:	4623      	moveq	r3, r4
87802f26:	f005 0044 	and.w	r0, r5, #68	; 0x44
87802f2a:	e7b9      	b.n	87802ea0 <simple_strtoul+0x20>
87802f2c:	7844      	ldrb	r4, [r0, #1]
87802f2e:	f648 2c48 	movw	ip, #35400	; 0x8a48
87802f32:	f2c8 7c80 	movt	ip, #34688	; 0x8780
87802f36:	3001      	adds	r0, #1
87802f38:	f81c 5004 	ldrb.w	r5, [ip, r4]
87802f3c:	4623      	mov	r3, r4
87802f3e:	07aa      	lsls	r2, r5, #30
87802f40:	bf4a      	itet	mi
87802f42:	f1a4 0220 	submi.w	r2, r4, #32
87802f46:	4622      	movpl	r2, r4
87802f48:	b2d2      	uxtbmi	r2, r2
87802f4a:	2a58      	cmp	r2, #88	; 0x58
87802f4c:	d004      	beq.n	87802f58 <simple_strtoul+0xd8>
87802f4e:	4607      	mov	r7, r0
87802f50:	2208      	movs	r2, #8
87802f52:	f005 0044 	and.w	r0, r5, #68	; 0x44
87802f56:	e7a3      	b.n	87802ea0 <simple_strtoul+0x20>
87802f58:	78be      	ldrb	r6, [r7, #2]
87802f5a:	f81c 2006 	ldrb.w	r2, [ip, r6]
87802f5e:	f012 0f44 	tst.w	r2, #68	; 0x44
87802f62:	d0f4      	beq.n	87802f4e <simple_strtoul+0xce>
87802f64:	4615      	mov	r5, r2
87802f66:	4633      	mov	r3, r6
87802f68:	3702      	adds	r7, #2
87802f6a:	4634      	mov	r4, r6
87802f6c:	2210      	movs	r2, #16
87802f6e:	e798      	b.n	87802ea2 <simple_strtoul+0x22>

87802f70 <simple_strtol>:
87802f70:	b510      	push	{r4, lr}
87802f72:	7804      	ldrb	r4, [r0, #0]
87802f74:	2c2d      	cmp	r4, #45	; 0x2d
87802f76:	d003      	beq.n	87802f80 <simple_strtol+0x10>
87802f78:	e8bd 4010 	ldmia.w	sp!, {r4, lr}
87802f7c:	f7ff bf80 	b.w	87802e80 <simple_strtoul>
87802f80:	3001      	adds	r0, #1
87802f82:	f7ff ff7d 	bl	87802e80 <simple_strtoul>
87802f86:	4240      	negs	r0, r0
87802f88:	bd10      	pop	{r4, pc}
87802f8a:	bf00      	nop

87802f8c <simple_strtoull>:
87802f8c:	e92d 4ff0 	stmdb	sp!, {r4, r5, r6, r7, r8, r9, sl, fp, lr}
87802f90:	7803      	ldrb	r3, [r0, #0]
87802f92:	2a00      	cmp	r2, #0
87802f94:	d140      	bne.n	87803018 <simple_strtoull+0x8c>
87802f96:	2b30      	cmp	r3, #48	; 0x30
87802f98:	d066      	beq.n	87803068 <simple_strtoull+0xdc>
87802f9a:	f648 2e48 	movw	lr, #35400	; 0x8a48
87802f9e:	469b      	mov	fp, r3
87802fa0:	f2c8 7e80 	movt	lr, #34688	; 0x8780
87802fa4:	220a      	movs	r2, #10
87802fa6:	f81e c003 	ldrb.w	ip, [lr, r3]
87802faa:	f00c 0444 	and.w	r4, ip, #68	; 0x44
87802fae:	2c00      	cmp	r4, #0
87802fb0:	d071      	beq.n	87803096 <simple_strtoull+0x10a>
87802fb2:	f04f 0a00 	mov.w	sl, #0
87802fb6:	4690      	mov	r8, r2
87802fb8:	f04f 0900 	mov.w	r9, #0
87802fbc:	4652      	mov	r2, sl
87802fbe:	e00e      	b.n	87802fde <simple_strtoull+0x52>
87802fc0:	fb08 3202 	mla	r2, r8, r2, r3
87802fc4:	f810 3f01 	ldrb.w	r3, [r0, #1]!
87802fc8:	eb16 0a04 	adds.w	sl, r6, r4
87802fcc:	f81e c003 	ldrb.w	ip, [lr, r3]
87802fd0:	469b      	mov	fp, r3
87802fd2:	4417      	add	r7, r2
87802fd4:	eb47 0205 	adc.w	r2, r7, r5
87802fd8:	f01c 0f44 	tst.w	ip, #68	; 0x44
87802fdc:	d016      	beq.n	8780300c <simple_strtoull+0x80>
87802fde:	f01c 0f04 	tst.w	ip, #4
87802fe2:	f1ab 0430 	sub.w	r4, fp, #48	; 0x30
87802fe6:	d108      	bne.n	87802ffa <simple_strtoull+0x6e>
87802fe8:	3b20      	subs	r3, #32
87802fea:	f01c 0f02 	tst.w	ip, #2
87802fee:	b2db      	uxtb	r3, r3
87802ff0:	f1ab 0437 	sub.w	r4, fp, #55	; 0x37
87802ff4:	bf18      	it	ne
87802ff6:	f1a3 0437 	subne.w	r4, r3, #55	; 0x37
87802ffa:	17e5      	asrs	r5, r4, #31
87802ffc:	fb0a f309 	mul.w	r3, sl, r9
87803000:	454d      	cmp	r5, r9
87803002:	fbaa 6708 	umull	r6, r7, sl, r8
87803006:	bf08      	it	eq
87803008:	4544      	cmpeq	r4, r8
8780300a:	d3d9      	bcc.n	87802fc0 <simple_strtoull+0x34>
8780300c:	b101      	cbz	r1, 87803010 <simple_strtoull+0x84>
8780300e:	6008      	str	r0, [r1, #0]
87803010:	4650      	mov	r0, sl
87803012:	4611      	mov	r1, r2
87803014:	e8bd 8ff0 	ldmia.w	sp!, {r4, r5, r6, r7, r8, r9, sl, fp, pc}
87803018:	2a10      	cmp	r2, #16
8780301a:	d009      	beq.n	87803030 <simple_strtoull+0xa4>
8780301c:	f648 2e48 	movw	lr, #35400	; 0x8a48
87803020:	469b      	mov	fp, r3
87803022:	f2c8 7e80 	movt	lr, #34688	; 0x8780
87803026:	f81e c003 	ldrb.w	ip, [lr, r3]
8780302a:	f00c 0444 	and.w	r4, ip, #68	; 0x44
8780302e:	e7be      	b.n	87802fae <simple_strtoull+0x22>
87803030:	2b30      	cmp	r3, #48	; 0x30
87803032:	d1f3      	bne.n	8780301c <simple_strtoull+0x90>
87803034:	7844      	ldrb	r4, [r0, #1]
87803036:	f648 2e48 	movw	lr, #35400	; 0x8a48
8780303a:	f2c8 7e80 	movt	lr, #34688	; 0x8780
8780303e:	f81e 5004 	ldrb.w	r5, [lr, r4]
87803042:	07ad      	lsls	r5, r5, #30
87803044:	bf44      	itt	mi
87803046:	3c20      	submi	r4, #32
87803048:	b2e4      	uxtbmi	r4, r4
8780304a:	2c58      	cmp	r4, #88	; 0x58
8780304c:	bf0d      	iteet	eq
8780304e:	7883      	ldrbeq	r3, [r0, #2]
87803050:	f04f 0b30 	movne.w	fp, #48	; 0x30
87803054:	f89e c030 	ldrbne.w	ip, [lr, #48]	; 0x30
87803058:	3002      	addeq	r0, #2
8780305a:	bf04      	itt	eq
8780305c:	f81e c003 	ldrbeq.w	ip, [lr, r3]
87803060:	469b      	moveq	fp, r3
87803062:	f00c 0444 	and.w	r4, ip, #68	; 0x44
87803066:	e7a2      	b.n	87802fae <simple_strtoull+0x22>
87803068:	7843      	ldrb	r3, [r0, #1]
8780306a:	f648 2e48 	movw	lr, #35400	; 0x8a48
8780306e:	f2c8 7e80 	movt	lr, #34688	; 0x8780
87803072:	1c44      	adds	r4, r0, #1
87803074:	f81e c003 	ldrb.w	ip, [lr, r3]
87803078:	469b      	mov	fp, r3
8780307a:	f01c 0f02 	tst.w	ip, #2
8780307e:	bf16      	itet	ne
87803080:	f1a3 0220 	subne.w	r2, r3, #32
87803084:	461a      	moveq	r2, r3
87803086:	b2d2      	uxtbne	r2, r2
87803088:	2a58      	cmp	r2, #88	; 0x58
8780308a:	d008      	beq.n	8780309e <simple_strtoull+0x112>
8780308c:	4620      	mov	r0, r4
8780308e:	2208      	movs	r2, #8
87803090:	f00c 0444 	and.w	r4, ip, #68	; 0x44
87803094:	e78b      	b.n	87802fae <simple_strtoull+0x22>
87803096:	f04f 0a00 	mov.w	sl, #0
8780309a:	4652      	mov	r2, sl
8780309c:	e7b6      	b.n	8780300c <simple_strtoull+0x80>
8780309e:	7885      	ldrb	r5, [r0, #2]
878030a0:	f81e 2005 	ldrb.w	r2, [lr, r5]
878030a4:	f012 0f44 	tst.w	r2, #68	; 0x44
878030a8:	d0f0      	beq.n	8780308c <simple_strtoull+0x100>
878030aa:	4694      	mov	ip, r2
878030ac:	46ab      	mov	fp, r5
878030ae:	3002      	adds	r0, #2
878030b0:	462b      	mov	r3, r5
878030b2:	2210      	movs	r2, #16
878030b4:	e77d      	b.n	87802fb2 <simple_strtoull+0x26>
878030b6:	bf00      	nop

878030b8 <simple_strtoll>:
878030b8:	b510      	push	{r4, lr}
878030ba:	7804      	ldrb	r4, [r0, #0]
878030bc:	2c2d      	cmp	r4, #45	; 0x2d
878030be:	d003      	beq.n	878030c8 <simple_strtoll+0x10>
878030c0:	e8bd 4010 	ldmia.w	sp!, {r4, lr}
878030c4:	f7ff bf62 	b.w	87802f8c <simple_strtoull>
878030c8:	3001      	adds	r0, #1
878030ca:	f7ff ff5f 	bl	87802f8c <simple_strtoull>
878030ce:	4240      	negs	r0, r0
878030d0:	eb61 0141 	sbc.w	r1, r1, r1, lsl #1
878030d4:	bd10      	pop	{r4, pc}
878030d6:	bf00      	nop

878030d8 <vsnprintf>:
878030d8:	e92d 4ff0 	stmdb	sp!, {r4, r5, r6, r7, r8, r9, sl, fp, lr}
878030dc:	469a      	mov	sl, r3
878030de:	1e0b      	subs	r3, r1, #0
878030e0:	b089      	sub	sp, #36	; 0x24
878030e2:	9305      	str	r3, [sp, #20]
878030e4:	f2c0 826a 	blt.w	878035bc <vsnprintf+0x4e4>
878030e8:	f103 38ff 	add.w	r8, r3, #4294967295	; 0xffffffff
878030ec:	1e43      	subs	r3, r0, #1
878030ee:	4480      	add	r8, r0
878030f0:	4605      	mov	r5, r0
878030f2:	4598      	cmp	r8, r3
878030f4:	9006      	str	r0, [sp, #24]
878030f6:	4614      	mov	r4, r2
878030f8:	7810      	ldrb	r0, [r2, #0]
878030fa:	f0c0 80c9 	bcc.w	87803290 <vsnprintf+0x1b8>
878030fe:	2800      	cmp	r0, #0
87803100:	f000 80d1 	beq.w	878032a6 <vsnprintf+0x1ce>
87803104:	f648 2334 	movw	r3, #35380	; 0x8a34
87803108:	f648 2948 	movw	r9, #35400	; 0x8a48
8780310c:	f2c8 7380 	movt	r3, #34688	; 0x8780
87803110:	f2c8 7980 	movt	r9, #34688	; 0x8780
87803114:	9307      	str	r3, [sp, #28]
87803116:	e008      	b.n	8780312a <vsnprintf+0x52>
87803118:	45a8      	cmp	r8, r5
8780311a:	bf28      	it	cs
8780311c:	7028      	strbcs	r0, [r5, #0]
8780311e:	7860      	ldrb	r0, [r4, #1]
87803120:	3501      	adds	r5, #1
87803122:	3401      	adds	r4, #1
87803124:	2800      	cmp	r0, #0
87803126:	f000 80bc 	beq.w	878032a2 <vsnprintf+0x1ca>
8780312a:	2825      	cmp	r0, #37	; 0x25
8780312c:	d1f4      	bne.n	87803118 <vsnprintf+0x40>
8780312e:	2700      	movs	r7, #0
87803130:	7863      	ldrb	r3, [r4, #1]
87803132:	1c62      	adds	r2, r4, #1
87803134:	f1a3 0120 	sub.w	r1, r3, #32
87803138:	2910      	cmp	r1, #16
8780313a:	d81e      	bhi.n	8780317a <vsnprintf+0xa2>
8780313c:	e8df f001 	tbb	[pc, r1]
87803140:	151d1d19 	ldrne	r1, [sp, #-3353]	; 0xfffff2e7
87803144:	1d1d1d1d 	ldcne	13, cr1, [sp, #-116]	; 0xffffff8c
87803148:	111d1d1d 	tstne	sp, sp, lsl sp
8780314c:	1d1d0d1d 	ldcne	13, cr0, [sp, #-116]	; 0xffffff8c
87803150:	f0470009 			; <UNDEFINED> instruction: 0xf0470009
87803154:	0701      	lsls	r1, r0, #28
87803156:	4614      	mov	r4, r2
87803158:	e7ea      	b.n	87803130 <vsnprintf+0x58>
8780315a:	f047 0710 	orr.w	r7, r7, #16
8780315e:	4614      	mov	r4, r2
87803160:	e7e6      	b.n	87803130 <vsnprintf+0x58>
87803162:	f047 0704 	orr.w	r7, r7, #4
87803166:	4614      	mov	r4, r2
87803168:	e7e2      	b.n	87803130 <vsnprintf+0x58>
8780316a:	f047 0720 	orr.w	r7, r7, #32
8780316e:	4614      	mov	r4, r2
87803170:	e7de      	b.n	87803130 <vsnprintf+0x58>
87803172:	f047 0708 	orr.w	r7, r7, #8
87803176:	4614      	mov	r4, r2
87803178:	e7da      	b.n	87803130 <vsnprintf+0x58>
8780317a:	f819 0003 	ldrb.w	r0, [r9, r3]
8780317e:	4619      	mov	r1, r3
87803180:	0746      	lsls	r6, r0, #29
87803182:	f100 809b 	bmi.w	878032bc <vsnprintf+0x1e4>
87803186:	2b2a      	cmp	r3, #42	; 0x2a
87803188:	bf18      	it	ne
8780318a:	f04f 36ff 	movne.w	r6, #4294967295	; 0xffffffff
8780318e:	d10a      	bne.n	878031a6 <vsnprintf+0xce>
87803190:	f8da 6000 	ldr.w	r6, [sl]
87803194:	1ca2      	adds	r2, r4, #2
87803196:	78a3      	ldrb	r3, [r4, #2]
87803198:	f10a 0a04 	add.w	sl, sl, #4
8780319c:	2e00      	cmp	r6, #0
8780319e:	bfbc      	itt	lt
878031a0:	4276      	neglt	r6, r6
878031a2:	f047 0710 	orrlt.w	r7, r7, #16
878031a6:	2b2e      	cmp	r3, #46	; 0x2e
878031a8:	bf18      	it	ne
878031aa:	f04f 31ff 	movne.w	r1, #4294967295	; 0xffffffff
878031ae:	f000 8098 	beq.w	878032e2 <vsnprintf+0x20a>
878031b2:	f003 00df 	and.w	r0, r3, #223	; 0xdf
878031b6:	285a      	cmp	r0, #90	; 0x5a
878031b8:	bf18      	it	ne
878031ba:	284c      	cmpne	r0, #76	; 0x4c
878031bc:	bf0c      	ite	eq
878031be:	2001      	moveq	r0, #1
878031c0:	2000      	movne	r0, #0
878031c2:	2b68      	cmp	r3, #104	; 0x68
878031c4:	bf08      	it	eq
878031c6:	f040 0001 	orreq.w	r0, r0, #1
878031ca:	2800      	cmp	r0, #0
878031cc:	f000 8100 	beq.w	878033d0 <vsnprintf+0x2f8>
878031d0:	4618      	mov	r0, r3
878031d2:	1c54      	adds	r4, r2, #1
878031d4:	286c      	cmp	r0, #108	; 0x6c
878031d6:	7853      	ldrb	r3, [r2, #1]
878031d8:	f000 8098 	beq.w	8780330c <vsnprintf+0x234>
878031dc:	3b25      	subs	r3, #37	; 0x25
878031de:	2b53      	cmp	r3, #83	; 0x53
878031e0:	f200 81b8 	bhi.w	87803554 <vsnprintf+0x47c>
878031e4:	e8df f013 	tbh	[pc, r3, lsl #1]
878031e8:	01b60175 			; <UNDEFINED> instruction: 0x01b60175
878031ec:	01b601b6 			; <UNDEFINED> instruction: 0x01b601b6
878031f0:	01b601b6 			; <UNDEFINED> instruction: 0x01b601b6
878031f4:	01b601b6 			; <UNDEFINED> instruction: 0x01b601b6
878031f8:	01b601b6 			; <UNDEFINED> instruction: 0x01b601b6
878031fc:	01b601b6 			; <UNDEFINED> instruction: 0x01b601b6
87803200:	01b601b6 			; <UNDEFINED> instruction: 0x01b601b6
87803204:	01b601b6 			; <UNDEFINED> instruction: 0x01b601b6
87803208:	01b601b6 			; <UNDEFINED> instruction: 0x01b601b6
8780320c:	01b601b6 			; <UNDEFINED> instruction: 0x01b601b6
87803210:	01b601b6 			; <UNDEFINED> instruction: 0x01b601b6
87803214:	01b601b6 			; <UNDEFINED> instruction: 0x01b601b6
87803218:	01b601b6 			; <UNDEFINED> instruction: 0x01b601b6
8780321c:	01b601b6 			; <UNDEFINED> instruction: 0x01b601b6
87803220:	01b601b6 			; <UNDEFINED> instruction: 0x01b601b6
87803224:	01b601b6 			; <UNDEFINED> instruction: 0x01b601b6
87803228:	01b601b6 			; <UNDEFINED> instruction: 0x01b601b6
8780322c:	01b601b6 			; <UNDEFINED> instruction: 0x01b601b6
87803230:	01b601b6 			; <UNDEFINED> instruction: 0x01b601b6
87803234:	01b601b6 			; <UNDEFINED> instruction: 0x01b601b6
87803238:	01b601b6 			; <UNDEFINED> instruction: 0x01b601b6
8780323c:	01b601b6 			; <UNDEFINED> instruction: 0x01b601b6
87803240:	01b601b6 			; <UNDEFINED> instruction: 0x01b601b6
87803244:	01b601b6 			; <UNDEFINED> instruction: 0x01b601b6
87803248:	01b601b6 			; <UNDEFINED> instruction: 0x01b601b6
8780324c:	019601b6 			; <UNDEFINED> instruction: 0x019601b6
87803250:	01b601b6 			; <UNDEFINED> instruction: 0x01b601b6
87803254:	01b601b6 			; <UNDEFINED> instruction: 0x01b601b6
87803258:	01b601b6 			; <UNDEFINED> instruction: 0x01b601b6
8780325c:	01b601b6 			; <UNDEFINED> instruction: 0x01b601b6
87803260:	01b601b6 			; <UNDEFINED> instruction: 0x01b601b6
87803264:	01a10153 			; <UNDEFINED> instruction: 0x01a10153
87803268:	01b601b6 			; <UNDEFINED> instruction: 0x01b601b6
8780326c:	01b601b6 			; <UNDEFINED> instruction: 0x01b601b6
87803270:	01b601a1 			; <UNDEFINED> instruction: 0x01b601a1
87803274:	01b601b6 			; <UNDEFINED> instruction: 0x01b601b6
87803278:	01ac01b6 			; <UNDEFINED> instruction: 0x01ac01b6
8780327c:	013d01a6 	teqeq	sp, r6, lsr #3
87803280:	01b601b6 			; <UNDEFINED> instruction: 0x01b601b6
87803284:	01b60109 			; <UNDEFINED> instruction: 0x01b60109
87803288:	01b6017a 			; <UNDEFINED> instruction: 0x01b6017a
8780328c:	01a901b6 			; <UNDEFINED> instruction: 0x01a901b6
87803290:	426b      	negs	r3, r5
87803292:	9305      	str	r3, [sp, #20]
87803294:	2800      	cmp	r0, #0
87803296:	f000 8096 	beq.w	878033c6 <vsnprintf+0x2ee>
8780329a:	f04f 38ff 	mov.w	r8, #4294967295	; 0xffffffff
8780329e:	e731      	b.n	87803104 <vsnprintf+0x2c>
878032a0:	4615      	mov	r5, r2
878032a2:	9b06      	ldr	r3, [sp, #24]
878032a4:	1ae8      	subs	r0, r5, r3
878032a6:	45a8      	cmp	r8, r5
878032a8:	f080 808d 	bcs.w	878033c6 <vsnprintf+0x2ee>
878032ac:	9b05      	ldr	r3, [sp, #20]
878032ae:	b113      	cbz	r3, 878032b6 <vsnprintf+0x1de>
878032b0:	2300      	movs	r3, #0
878032b2:	f888 3000 	strb.w	r3, [r8]
878032b6:	b009      	add	sp, #36	; 0x24
878032b8:	e8bd 8ff0 	ldmia.w	sp!, {r4, r5, r6, r7, r8, r9, sl, fp, pc}
878032bc:	2600      	movs	r6, #0
878032be:	eb06 0686 	add.w	r6, r6, r6, lsl #2
878032c2:	eb01 0646 	add.w	r6, r1, r6, lsl #1
878032c6:	f812 1f01 	ldrb.w	r1, [r2, #1]!
878032ca:	3e30      	subs	r6, #48	; 0x30
878032cc:	f819 0001 	ldrb.w	r0, [r9, r1]
878032d0:	460b      	mov	r3, r1
878032d2:	0740      	lsls	r0, r0, #29
878032d4:	d4f3      	bmi.n	878032be <vsnprintf+0x1e6>
878032d6:	2b2e      	cmp	r3, #46	; 0x2e
878032d8:	bf18      	it	ne
878032da:	f04f 31ff 	movne.w	r1, #4294967295	; 0xffffffff
878032de:	f47f af68 	bne.w	878031b2 <vsnprintf+0xda>
878032e2:	7850      	ldrb	r0, [r2, #1]
878032e4:	1c54      	adds	r4, r2, #1
878032e6:	f819 1000 	ldrb.w	r1, [r9, r0]
878032ea:	4603      	mov	r3, r0
878032ec:	f011 0104 	ands.w	r1, r1, #4
878032f0:	d172      	bne.n	878033d8 <vsnprintf+0x300>
878032f2:	282a      	cmp	r0, #42	; 0x2a
878032f4:	bf09      	itett	eq
878032f6:	f8da 1000 	ldreq.w	r1, [sl]
878032fa:	4622      	movne	r2, r4
878032fc:	7893      	ldrbeq	r3, [r2, #2]
878032fe:	f10a 0a04 	addeq.w	sl, sl, #4
87803302:	bf04      	itt	eq
87803304:	3202      	addeq	r2, #2
87803306:	ea21 71e1 	biceq.w	r1, r1, r1, asr #31
8780330a:	e752      	b.n	878031b2 <vsnprintf+0xda>
8780330c:	2b6c      	cmp	r3, #108	; 0x6c
8780330e:	f000 8147 	beq.w	878035a0 <vsnprintf+0x4c8>
87803312:	3b25      	subs	r3, #37	; 0x25
87803314:	2b53      	cmp	r3, #83	; 0x53
87803316:	f200 811d 	bhi.w	87803554 <vsnprintf+0x47c>
8780331a:	e8df f013 	tbh	[pc, r3, lsl #1]
8780331e:	011b00da 	ldrsbeq	r0, [fp, -sl]
87803322:	011b011b 	tsteq	fp, fp, lsl r1
87803326:	011b011b 	tsteq	fp, fp, lsl r1
8780332a:	011b011b 	tsteq	fp, fp, lsl r1
8780332e:	011b011b 	tsteq	fp, fp, lsl r1
87803332:	011b011b 	tsteq	fp, fp, lsl r1
87803336:	011b011b 	tsteq	fp, fp, lsl r1
8780333a:	011b011b 	tsteq	fp, fp, lsl r1
8780333e:	011b011b 	tsteq	fp, fp, lsl r1
87803342:	011b011b 	tsteq	fp, fp, lsl r1
87803346:	011b011b 	tsteq	fp, fp, lsl r1
8780334a:	011b011b 	tsteq	fp, fp, lsl r1
8780334e:	011b011b 	tsteq	fp, fp, lsl r1
87803352:	011b011b 	tsteq	fp, fp, lsl r1
87803356:	011b011b 	tsteq	fp, fp, lsl r1
8780335a:	011b011b 	tsteq	fp, fp, lsl r1
8780335e:	011b011b 	tsteq	fp, fp, lsl r1
87803362:	011b011b 	tsteq	fp, fp, lsl r1
87803366:	011b011b 	tsteq	fp, fp, lsl r1
8780336a:	011b011b 	tsteq	fp, fp, lsl r1
8780336e:	011b011b 	tsteq	fp, fp, lsl r1
87803372:	011b011b 	tsteq	fp, fp, lsl r1
87803376:	011b011b 	tsteq	fp, fp, lsl r1
8780337a:	011b011b 	tsteq	fp, fp, lsl r1
8780337e:	011b011b 	tsteq	fp, fp, lsl r1
87803382:	0188011b 	orreq	r0, r8, fp, lsl r1
87803386:	011b011b 	tsteq	fp, fp, lsl r1
8780338a:	011b011b 	tsteq	fp, fp, lsl r1
8780338e:	011b011b 	tsteq	fp, fp, lsl r1
87803392:	011b011b 	tsteq	fp, fp, lsl r1
87803396:	011b011b 	tsteq	fp, fp, lsl r1
8780339a:	018100b8 	strheq	r0, [r1, r8]
8780339e:	011b011b 	tsteq	fp, fp, lsl r1
878033a2:	011b011b 	tsteq	fp, fp, lsl r1
878033a6:	011b0181 	tsteq	fp, r1, lsl #3
878033aa:	011b011b 	tsteq	fp, fp, lsl r1
878033ae:	012d011b 			; <UNDEFINED> instruction: 0x012d011b
878033b2:	00a2018f 	adceq	r0, r2, pc, lsl #3
878033b6:	011b011b 	tsteq	fp, fp, lsl r1
878033ba:	011b006e 	tsteq	fp, lr, rrx
878033be:	011b0194 			; <UNDEFINED> instruction: 0x011b0194
878033c2:	0136011b 	teqeq	r6, fp, lsl r1
878033c6:	2300      	movs	r3, #0
878033c8:	702b      	strb	r3, [r5, #0]
878033ca:	b009      	add	sp, #36	; 0x24
878033cc:	e8bd 8ff0 	ldmia.w	sp!, {r4, r5, r6, r7, r8, r9, sl, fp, pc}
878033d0:	4614      	mov	r4, r2
878033d2:	f04f 30ff 	mov.w	r0, #4294967295	; 0xffffffff
878033d6:	e701      	b.n	878031dc <vsnprintf+0x104>
878033d8:	2100      	movs	r1, #0
878033da:	f814 3f01 	ldrb.w	r3, [r4, #1]!
878033de:	eb01 0181 	add.w	r1, r1, r1, lsl #2
878033e2:	eb00 0141 	add.w	r1, r0, r1, lsl #1
878033e6:	f819 2003 	ldrb.w	r2, [r9, r3]
878033ea:	4618      	mov	r0, r3
878033ec:	3930      	subs	r1, #48	; 0x30
878033ee:	0752      	lsls	r2, r2, #29
878033f0:	d4f3      	bmi.n	878033da <vsnprintf+0x302>
878033f2:	ea21 71e1 	bic.w	r1, r1, r1, asr #31
878033f6:	4622      	mov	r2, r4
878033f8:	e6db      	b.n	878031b2 <vsnprintf+0xda>
878033fa:	f8da b000 	ldr.w	fp, [sl]
878033fe:	f10a 0a04 	add.w	sl, sl, #4
87803402:	9b07      	ldr	r3, [sp, #28]
87803404:	f5bb 6f80 	cmp.w	fp, #1024	; 0x400
87803408:	bf38      	it	cc
8780340a:	469b      	movcc	fp, r3
8780340c:	4658      	mov	r0, fp
8780340e:	f7ff f991 	bl	87802734 <strnlen>
87803412:	06f9      	lsls	r1, r7, #27
87803414:	f106 33ff 	add.w	r3, r6, #4294967295	; 0xffffffff
87803418:	f140 80d8 	bpl.w	878035cc <vsnprintf+0x4f4>
8780341c:	2800      	cmp	r0, #0
8780341e:	bfd8      	it	le
87803420:	462a      	movle	r2, r5
87803422:	dd0d      	ble.n	87803440 <vsnprintf+0x368>
87803424:	182a      	adds	r2, r5, r0
87803426:	4545      	cmp	r5, r8
87803428:	f105 0501 	add.w	r5, r5, #1
8780342c:	bf98      	it	ls
8780342e:	f89b 1000 	ldrbls.w	r1, [fp]
87803432:	f10b 0b01 	add.w	fp, fp, #1
87803436:	bf98      	it	ls
87803438:	f805 1c01 	strbls.w	r1, [r5, #-1]
8780343c:	4295      	cmp	r5, r2
8780343e:	d1f2      	bne.n	87803426 <vsnprintf+0x34e>
87803440:	4286      	cmp	r6, r0
87803442:	4615      	mov	r5, r2
87803444:	bfc2      	ittt	gt
87803446:	3301      	addgt	r3, #1
87803448:	2120      	movgt	r1, #32
8780344a:	18d2      	addgt	r2, r2, r3
8780344c:	dd60      	ble.n	87803510 <vsnprintf+0x438>
8780344e:	4545      	cmp	r5, r8
87803450:	f105 0501 	add.w	r5, r5, #1
87803454:	bf98      	it	ls
87803456:	f805 1c01 	strbls.w	r1, [r5, #-1]
8780345a:	1b53      	subs	r3, r2, r5
8780345c:	4298      	cmp	r0, r3
8780345e:	dbf6      	blt.n	8780344e <vsnprintf+0x376>
87803460:	e056      	b.n	87803510 <vsnprintf+0x438>
87803462:	1c72      	adds	r2, r6, #1
87803464:	f8da 2000 	ldr.w	r2, [sl]
87803468:	bf04      	itt	eq
8780346a:	f047 0701 	orreq.w	r7, r7, #1
8780346e:	2608      	moveq	r6, #8
87803470:	9102      	str	r1, [sp, #8]
87803472:	2110      	movs	r1, #16
87803474:	4628      	mov	r0, r5
87803476:	9100      	str	r1, [sp, #0]
87803478:	9703      	str	r7, [sp, #12]
8780347a:	2300      	movs	r3, #0
8780347c:	9601      	str	r6, [sp, #4]
8780347e:	4641      	mov	r1, r8
87803480:	f7ff fae0 	bl	87802a44 <number>
87803484:	f10a 0a04 	add.w	sl, sl, #4
87803488:	4605      	mov	r5, r0
8780348a:	7860      	ldrb	r0, [r4, #1]
8780348c:	e649      	b.n	87803122 <vsnprintf+0x4a>
8780348e:	06f8      	lsls	r0, r7, #27
87803490:	f106 31ff 	add.w	r1, r6, #4294967295	; 0xffffffff
87803494:	f140 80af 	bpl.w	878035f6 <vsnprintf+0x51e>
87803498:	4545      	cmp	r5, r8
8780349a:	f10a 0604 	add.w	r6, sl, #4
8780349e:	bf98      	it	ls
878034a0:	f8da 3000 	ldrls.w	r3, [sl]
878034a4:	f105 0001 	add.w	r0, r5, #1
878034a8:	bf98      	it	ls
878034aa:	702b      	strbls	r3, [r5, #0]
878034ac:	2900      	cmp	r1, #0
878034ae:	f340 80cf 	ble.w	87803650 <vsnprintf+0x578>
878034b2:	1c4a      	adds	r2, r1, #1
878034b4:	4603      	mov	r3, r0
878034b6:	4415      	add	r5, r2
878034b8:	2220      	movs	r2, #32
878034ba:	4543      	cmp	r3, r8
878034bc:	f103 0301 	add.w	r3, r3, #1
878034c0:	bf98      	it	ls
878034c2:	f803 2c01 	strbls.w	r2, [r3, #-1]
878034c6:	42ab      	cmp	r3, r5
878034c8:	d1f7      	bne.n	878034ba <vsnprintf+0x3e2>
878034ca:	1845      	adds	r5, r0, r1
878034cc:	46b2      	mov	sl, r6
878034ce:	7860      	ldrb	r0, [r4, #1]
878034d0:	e627      	b.n	87803122 <vsnprintf+0x4a>
878034d2:	45a8      	cmp	r8, r5
878034d4:	bf24      	itt	cs
878034d6:	2325      	movcs	r3, #37	; 0x25
878034d8:	702b      	strbcs	r3, [r5, #0]
878034da:	e620      	b.n	8780311e <vsnprintf+0x46>
878034dc:	f04f 0c0a 	mov.w	ip, #10
878034e0:	284c      	cmp	r0, #76	; 0x4c
878034e2:	d01d      	beq.n	87803520 <vsnprintf+0x448>
878034e4:	286c      	cmp	r0, #108	; 0x6c
878034e6:	f10a 0e04 	add.w	lr, sl, #4
878034ea:	d052      	beq.n	87803592 <vsnprintf+0x4ba>
878034ec:	f020 0320 	bic.w	r3, r0, #32
878034f0:	2b5a      	cmp	r3, #90	; 0x5a
878034f2:	d159      	bne.n	878035a8 <vsnprintf+0x4d0>
878034f4:	f8da 2000 	ldr.w	r2, [sl]
878034f8:	46f2      	mov	sl, lr
878034fa:	2300      	movs	r3, #0
878034fc:	e9cd 1702 	strd	r1, r7, [sp, #8]
87803500:	4628      	mov	r0, r5
87803502:	9601      	str	r6, [sp, #4]
87803504:	4641      	mov	r1, r8
87803506:	f8cd c000 	str.w	ip, [sp]
8780350a:	f7ff fa9b 	bl	87802a44 <number>
8780350e:	4605      	mov	r5, r0
87803510:	7860      	ldrb	r0, [r4, #1]
87803512:	e606      	b.n	87803122 <vsnprintf+0x4a>
87803514:	284c      	cmp	r0, #76	; 0x4c
87803516:	f047 0740 	orr.w	r7, r7, #64	; 0x40
8780351a:	f04f 0c10 	mov.w	ip, #16
8780351e:	d1e1      	bne.n	878034e4 <vsnprintf+0x40c>
87803520:	e9da 2300 	ldrd	r2, r3, [sl]
87803524:	f10a 0a08 	add.w	sl, sl, #8
87803528:	e7e8      	b.n	878034fc <vsnprintf+0x424>
8780352a:	f047 0702 	orr.w	r7, r7, #2
8780352e:	f04f 0c0a 	mov.w	ip, #10
87803532:	e7d5      	b.n	878034e0 <vsnprintf+0x408>
87803534:	f04f 0c08 	mov.w	ip, #8
87803538:	e7d2      	b.n	878034e0 <vsnprintf+0x408>
8780353a:	f04f 0c10 	mov.w	ip, #16
8780353e:	e7cf      	b.n	878034e0 <vsnprintf+0x408>
87803540:	9b06      	ldr	r3, [sp, #24]
87803542:	f8da 2000 	ldr.w	r2, [sl]
87803546:	1ae9      	subs	r1, r5, r3
87803548:	f10a 0304 	add.w	r3, sl, #4
8780354c:	6011      	str	r1, [r2, #0]
8780354e:	469a      	mov	sl, r3
87803550:	7860      	ldrb	r0, [r4, #1]
87803552:	e5e6      	b.n	87803122 <vsnprintf+0x4a>
87803554:	45a8      	cmp	r8, r5
87803556:	f105 0201 	add.w	r2, r5, #1
8780355a:	bf24      	itt	cs
8780355c:	2325      	movcs	r3, #37	; 0x25
8780355e:	702b      	strbcs	r3, [r5, #0]
87803560:	7823      	ldrb	r3, [r4, #0]
87803562:	2b00      	cmp	r3, #0
87803564:	f43f ae9c 	beq.w	878032a0 <vsnprintf+0x1c8>
87803568:	4542      	cmp	r2, r8
8780356a:	f105 0502 	add.w	r5, r5, #2
8780356e:	bf98      	it	ls
87803570:	f805 3c01 	strbls.w	r3, [r5, #-1]
87803574:	7860      	ldrb	r0, [r4, #1]
87803576:	e5d4      	b.n	87803122 <vsnprintf+0x4a>
87803578:	9906      	ldr	r1, [sp, #24]
8780357a:	f10a 0a04 	add.w	sl, sl, #4
8780357e:	f85a 3c04 	ldr.w	r3, [sl, #-4]
87803582:	1a69      	subs	r1, r5, r1
87803584:	6019      	str	r1, [r3, #0]
87803586:	7890      	ldrb	r0, [r2, #2]
87803588:	e5cb      	b.n	87803122 <vsnprintf+0x4a>
8780358a:	f10a 0e04 	add.w	lr, sl, #4
8780358e:	f04f 0c10 	mov.w	ip, #16
87803592:	07bb      	lsls	r3, r7, #30
87803594:	f8da 2000 	ldr.w	r2, [sl]
87803598:	46f2      	mov	sl, lr
8780359a:	d5ae      	bpl.n	878034fa <vsnprintf+0x422>
8780359c:	17d3      	asrs	r3, r2, #31
8780359e:	e7ad      	b.n	878034fc <vsnprintf+0x424>
878035a0:	1c94      	adds	r4, r2, #2
878035a2:	7893      	ldrb	r3, [r2, #2]
878035a4:	204c      	movs	r0, #76	; 0x4c
878035a6:	e619      	b.n	878031dc <vsnprintf+0x104>
878035a8:	2868      	cmp	r0, #104	; 0x68
878035aa:	f8da 2000 	ldr.w	r2, [sl]
878035ae:	f007 0302 	and.w	r3, r7, #2
878035b2:	46f2      	mov	sl, lr
878035b4:	d006      	beq.n	878035c4 <vsnprintf+0x4ec>
878035b6:	2b00      	cmp	r3, #0
878035b8:	d1f0      	bne.n	8780359c <vsnprintf+0x4c4>
878035ba:	e79e      	b.n	878034fa <vsnprintf+0x422>
878035bc:	2000      	movs	r0, #0
878035be:	b009      	add	sp, #36	; 0x24
878035c0:	e8bd 8ff0 	ldmia.w	sp!, {r4, r5, r6, r7, r8, r9, sl, fp, pc}
878035c4:	b34b      	cbz	r3, 8780361a <vsnprintf+0x542>
878035c6:	b212      	sxth	r2, r2
878035c8:	17d3      	asrs	r3, r2, #31
878035ca:	e797      	b.n	878034fc <vsnprintf+0x424>
878035cc:	4286      	cmp	r6, r0
878035ce:	bfde      	ittt	le
878035d0:	1eb2      	suble	r2, r6, #2
878035d2:	461e      	movle	r6, r3
878035d4:	4613      	movle	r3, r2
878035d6:	f77f af21 	ble.w	8780341c <vsnprintf+0x344>
878035da:	1a33      	subs	r3, r6, r0
878035dc:	2220      	movs	r2, #32
878035de:	442b      	add	r3, r5
878035e0:	4545      	cmp	r5, r8
878035e2:	f105 0501 	add.w	r5, r5, #1
878035e6:	bf98      	it	ls
878035e8:	f805 2c01 	strbls.w	r2, [r5, #-1]
878035ec:	429d      	cmp	r5, r3
878035ee:	d1f7      	bne.n	878035e0 <vsnprintf+0x508>
878035f0:	1e46      	subs	r6, r0, #1
878035f2:	1e73      	subs	r3, r6, #1
878035f4:	e712      	b.n	8780341c <vsnprintf+0x344>
878035f6:	2900      	cmp	r1, #0
878035f8:	bfd8      	it	le
878035fa:	1eb1      	suble	r1, r6, #2
878035fc:	f77f af4c 	ble.w	87803498 <vsnprintf+0x3c0>
87803600:	4429      	add	r1, r5
87803602:	2320      	movs	r3, #32
87803604:	4545      	cmp	r5, r8
87803606:	f105 0501 	add.w	r5, r5, #1
8780360a:	bf98      	it	ls
8780360c:	f805 3c01 	strbls.w	r3, [r5, #-1]
87803610:	428d      	cmp	r5, r1
87803612:	d1f7      	bne.n	87803604 <vsnprintf+0x52c>
87803614:	f04f 31ff 	mov.w	r1, #4294967295	; 0xffffffff
87803618:	e73e      	b.n	87803498 <vsnprintf+0x3c0>
8780361a:	b292      	uxth	r2, r2
8780361c:	2300      	movs	r3, #0
8780361e:	e76d      	b.n	878034fc <vsnprintf+0x424>
87803620:	f047 0702 	orr.w	r7, r7, #2
87803624:	f10a 0e04 	add.w	lr, sl, #4
87803628:	f04f 0c0a 	mov.w	ip, #10
8780362c:	e7b1      	b.n	87803592 <vsnprintf+0x4ba>
8780362e:	f047 0740 	orr.w	r7, r7, #64	; 0x40
87803632:	f10a 0e04 	add.w	lr, sl, #4
87803636:	f04f 0c10 	mov.w	ip, #16
8780363a:	e7aa      	b.n	87803592 <vsnprintf+0x4ba>
8780363c:	f10a 0e04 	add.w	lr, sl, #4
87803640:	f04f 0c08 	mov.w	ip, #8
87803644:	e7a5      	b.n	87803592 <vsnprintf+0x4ba>
87803646:	f10a 0e04 	add.w	lr, sl, #4
8780364a:	f04f 0c0a 	mov.w	ip, #10
8780364e:	e7a0      	b.n	87803592 <vsnprintf+0x4ba>
87803650:	4605      	mov	r5, r0
87803652:	46b2      	mov	sl, r6
87803654:	7860      	ldrb	r0, [r4, #1]
87803656:	e564      	b.n	87803122 <vsnprintf+0x4a>

87803658 <vscnprintf>:
87803658:	b510      	push	{r4, lr}
8780365a:	460c      	mov	r4, r1
8780365c:	f7ff fd3c 	bl	878030d8 <vsnprintf>
87803660:	42a0      	cmp	r0, r4
87803662:	bf28      	it	cs
87803664:	f104 30ff 	addcs.w	r0, r4, #4294967295	; 0xffffffff
87803668:	bd10      	pop	{r4, pc}
8780366a:	bf00      	nop

8780366c <snprintf>:
8780366c:	b40c      	push	{r2, r3}
8780366e:	b508      	push	{r3, lr}
87803670:	ab03      	add	r3, sp, #12
87803672:	9a02      	ldr	r2, [sp, #8]
87803674:	f7ff fd30 	bl	878030d8 <vsnprintf>
87803678:	e8bd 4008 	ldmia.w	sp!, {r3, lr}
8780367c:	b002      	add	sp, #8
8780367e:	4770      	bx	lr

87803680 <scnprintf>:
87803680:	b40c      	push	{r2, r3}
87803682:	b510      	push	{r4, lr}
87803684:	460c      	mov	r4, r1
87803686:	ab03      	add	r3, sp, #12
87803688:	9a02      	ldr	r2, [sp, #8]
8780368a:	f7ff fd25 	bl	878030d8 <vsnprintf>
8780368e:	42a0      	cmp	r0, r4
87803690:	bf28      	it	cs
87803692:	f104 30ff 	addcs.w	r0, r4, #4294967295	; 0xffffffff
87803696:	e8bd 4010 	ldmia.w	sp!, {r4, lr}
8780369a:	b002      	add	sp, #8
8780369c:	4770      	bx	lr
8780369e:	bf00      	nop

878036a0 <vsprintf>:
878036a0:	4613      	mov	r3, r2
878036a2:	460a      	mov	r2, r1
878036a4:	f06f 4100 	mvn.w	r1, #2147483648	; 0x80000000
878036a8:	f7ff bd16 	b.w	878030d8 <vsnprintf>

878036ac <sprintf>:
878036ac:	b40e      	push	{r1, r2, r3}
878036ae:	f06f 4100 	mvn.w	r1, #2147483648	; 0x80000000
878036b2:	b500      	push	{lr}
878036b4:	ab02      	add	r3, sp, #8
878036b6:	9a01      	ldr	r2, [sp, #4]
878036b8:	f7ff fd0e 	bl	878030d8 <vsnprintf>
878036bc:	f85d eb04 	ldr.w	lr, [sp], #4
878036c0:	b003      	add	sp, #12
878036c2:	4770      	bx	lr

878036c4 <vsscanf>:
878036c4:	e92d 47f0 	stmdb	sp!, {r4, r5, r6, r7, r8, r9, sl, lr}
878036c8:	f648 2448 	movw	r4, #35400	; 0x8a48
878036cc:	780b      	ldrb	r3, [r1, #0]
878036ce:	b082      	sub	sp, #8
878036d0:	4680      	mov	r8, r0
878036d2:	460d      	mov	r5, r1
878036d4:	f2c8 7480 	movt	r4, #34688	; 0x8780
878036d8:	2700      	movs	r7, #0
878036da:	b143      	cbz	r3, 878036ee <vsscanf+0x2a>
878036dc:	7806      	ldrb	r6, [r0, #0]
878036de:	b136      	cbz	r6, 878036ee <vsscanf+0x2a>
878036e0:	5ce1      	ldrb	r1, [r4, r3]
878036e2:	0689      	lsls	r1, r1, #26
878036e4:	d407      	bmi.n	878036f6 <vsscanf+0x32>
878036e6:	2b25      	cmp	r3, #37	; 0x25
878036e8:	d01f      	beq.n	8780372a <vsscanf+0x66>
878036ea:	42b3      	cmp	r3, r6
878036ec:	d017      	beq.n	8780371e <vsscanf+0x5a>
878036ee:	4638      	mov	r0, r7
878036f0:	b002      	add	sp, #8
878036f2:	e8bd 87f0 	ldmia.w	sp!, {r4, r5, r6, r7, r8, r9, sl, pc}
878036f6:	f815 3f01 	ldrb.w	r3, [r5, #1]!
878036fa:	5ce1      	ldrb	r1, [r4, r3]
878036fc:	0689      	lsls	r1, r1, #26
878036fe:	d4fa      	bmi.n	878036f6 <vsscanf+0x32>
87803700:	5da1      	ldrb	r1, [r4, r6]
87803702:	068e      	lsls	r6, r1, #26
87803704:	d504      	bpl.n	87803710 <vsscanf+0x4c>
87803706:	f810 1f01 	ldrb.w	r1, [r0, #1]!
8780370a:	5c61      	ldrb	r1, [r4, r1]
8780370c:	0689      	lsls	r1, r1, #26
8780370e:	d4fa      	bmi.n	87803706 <vsscanf+0x42>
87803710:	2b25      	cmp	r3, #37	; 0x25
87803712:	bf18      	it	ne
87803714:	2b00      	cmpne	r3, #0
87803716:	d006      	beq.n	87803726 <vsscanf+0x62>
87803718:	7806      	ldrb	r6, [r0, #0]
8780371a:	42b3      	cmp	r3, r6
8780371c:	d1e7      	bne.n	878036ee <vsscanf+0x2a>
8780371e:	786b      	ldrb	r3, [r5, #1]
87803720:	3001      	adds	r0, #1
87803722:	3501      	adds	r5, #1
87803724:	e7d9      	b.n	878036da <vsscanf+0x16>
87803726:	2b00      	cmp	r3, #0
87803728:	d0e1      	beq.n	878036ee <vsscanf+0x2a>
8780372a:	786b      	ldrb	r3, [r5, #1]
8780372c:	3501      	adds	r5, #1
8780372e:	2b2a      	cmp	r3, #42	; 0x2a
87803730:	461e      	mov	r6, r3
87803732:	5ce1      	ldrb	r1, [r4, r3]
87803734:	f000 81f5 	beq.w	87803b22 <vsscanf+0x45e>
87803738:	0749      	lsls	r1, r1, #29
8780373a:	bf58      	it	pl
8780373c:	f04f 31ff 	movpl.w	r1, #4294967295	; 0xffffffff
87803740:	f100 80d0 	bmi.w	878038e4 <vsscanf+0x220>
87803744:	f003 06df 	and.w	r6, r3, #223	; 0xdf
87803748:	2e5a      	cmp	r6, #90	; 0x5a
8780374a:	bf18      	it	ne
8780374c:	2e4c      	cmpne	r6, #76	; 0x4c
8780374e:	bf0c      	ite	eq
87803750:	2601      	moveq	r6, #1
87803752:	2600      	movne	r6, #0
87803754:	2b68      	cmp	r3, #104	; 0x68
87803756:	bf08      	it	eq
87803758:	f046 0601 	orreq.w	r6, r6, #1
8780375c:	2e00      	cmp	r6, #0
8780375e:	f000 81db 	beq.w	87803b18 <vsscanf+0x454>
87803762:	f895 c001 	ldrb.w	ip, [r5, #1]
87803766:	f105 0901 	add.w	r9, r5, #1
8780376a:	459c      	cmp	ip, r3
8780376c:	f000 8193 	beq.w	87803a96 <vsscanf+0x3d2>
87803770:	f1bc 0f00 	cmp.w	ip, #0
87803774:	d0bb      	beq.n	878036ee <vsscanf+0x2a>
87803776:	7806      	ldrb	r6, [r0, #0]
87803778:	2e00      	cmp	r6, #0
8780377a:	d0b8      	beq.n	878036ee <vsscanf+0x2a>
8780377c:	f1ac 0c25 	sub.w	ip, ip, #37	; 0x25
87803780:	f109 0501 	add.w	r5, r9, #1
87803784:	f1bc 0f53 	cmp.w	ip, #83	; 0x53
87803788:	d8b1      	bhi.n	878036ee <vsscanf+0x2a>
8780378a:	f20f 0e08 	addw	lr, pc, #8
8780378e:	f85e f02c 	ldr.w	pc, [lr, ip, lsl #2]
87803792:	bf00      	nop
87803794:	878039cf 	strhi	r3, [r0, pc, asr #19]
87803798:	878036ef 	strhi	r3, [r0, pc, ror #13]
8780379c:	878036ef 	strhi	r3, [r0, pc, ror #13]
878037a0:	878036ef 	strhi	r3, [r0, pc, ror #13]
878037a4:	878036ef 	strhi	r3, [r0, pc, ror #13]
878037a8:	878036ef 	strhi	r3, [r0, pc, ror #13]
878037ac:	878036ef 	strhi	r3, [r0, pc, ror #13]
878037b0:	878036ef 	strhi	r3, [r0, pc, ror #13]
878037b4:	878036ef 	strhi	r3, [r0, pc, ror #13]
878037b8:	878036ef 	strhi	r3, [r0, pc, ror #13]
878037bc:	878036ef 	strhi	r3, [r0, pc, ror #13]
878037c0:	878036ef 	strhi	r3, [r0, pc, ror #13]
878037c4:	878036ef 	strhi	r3, [r0, pc, ror #13]
878037c8:	878036ef 	strhi	r3, [r0, pc, ror #13]
878037cc:	878036ef 	strhi	r3, [r0, pc, ror #13]
878037d0:	878036ef 	strhi	r3, [r0, pc, ror #13]
878037d4:	878036ef 	strhi	r3, [r0, pc, ror #13]
878037d8:	878036ef 	strhi	r3, [r0, pc, ror #13]
878037dc:	878036ef 	strhi	r3, [r0, pc, ror #13]
878037e0:	878036ef 	strhi	r3, [r0, pc, ror #13]
878037e4:	878036ef 	strhi	r3, [r0, pc, ror #13]
878037e8:	878036ef 	strhi	r3, [r0, pc, ror #13]
878037ec:	878036ef 	strhi	r3, [r0, pc, ror #13]
878037f0:	878036ef 	strhi	r3, [r0, pc, ror #13]
878037f4:	878036ef 	strhi	r3, [r0, pc, ror #13]
878037f8:	878036ef 	strhi	r3, [r0, pc, ror #13]
878037fc:	878036ef 	strhi	r3, [r0, pc, ror #13]
87803800:	878036ef 	strhi	r3, [r0, pc, ror #13]
87803804:	878036ef 	strhi	r3, [r0, pc, ror #13]
87803808:	878036ef 	strhi	r3, [r0, pc, ror #13]
8780380c:	878036ef 	strhi	r3, [r0, pc, ror #13]
87803810:	878036ef 	strhi	r3, [r0, pc, ror #13]
87803814:	878036ef 	strhi	r3, [r0, pc, ror #13]
87803818:	878036ef 	strhi	r3, [r0, pc, ror #13]
8780381c:	878036ef 	strhi	r3, [r0, pc, ror #13]
87803820:	878036ef 	strhi	r3, [r0, pc, ror #13]
87803824:	878036ef 	strhi	r3, [r0, pc, ror #13]
87803828:	878036ef 	strhi	r3, [r0, pc, ror #13]
8780382c:	878036ef 	strhi	r3, [r0, pc, ror #13]
87803830:	878036ef 	strhi	r3, [r0, pc, ror #13]
87803834:	878036ef 	strhi	r3, [r0, pc, ror #13]
87803838:	878036ef 	strhi	r3, [r0, pc, ror #13]
8780383c:	878036ef 	strhi	r3, [r0, pc, ror #13]
87803840:	878036ef 	strhi	r3, [r0, pc, ror #13]
87803844:	878036ef 	strhi	r3, [r0, pc, ror #13]
87803848:	878036ef 	strhi	r3, [r0, pc, ror #13]
8780384c:	878036ef 	strhi	r3, [r0, pc, ror #13]
87803850:	878036ef 	strhi	r3, [r0, pc, ror #13]
87803854:	878036ef 	strhi	r3, [r0, pc, ror #13]
87803858:	878036ef 	strhi	r3, [r0, pc, ror #13]
8780385c:	878036ef 	strhi	r3, [r0, pc, ror #13]
87803860:	87803a7f 			; <UNDEFINED> instruction: 0x87803a7f
87803864:	878036ef 	strhi	r3, [r0, pc, ror #13]
87803868:	878036ef 	strhi	r3, [r0, pc, ror #13]
8780386c:	878036ef 	strhi	r3, [r0, pc, ror #13]
87803870:	878036ef 	strhi	r3, [r0, pc, ror #13]
87803874:	878036ef 	strhi	r3, [r0, pc, ror #13]
87803878:	878036ef 	strhi	r3, [r0, pc, ror #13]
8780387c:	878036ef 	strhi	r3, [r0, pc, ror #13]
87803880:	878036ef 	strhi	r3, [r0, pc, ror #13]
87803884:	878036ef 	strhi	r3, [r0, pc, ror #13]
87803888:	878036ef 	strhi	r3, [r0, pc, ror #13]
8780388c:	87803a53 			; <UNDEFINED> instruction: 0x87803a53
87803890:	87803903 	strhi	r3, [r0, r3, lsl #18]
87803894:	878036ef 	strhi	r3, [r0, pc, ror #13]
87803898:	878036ef 	strhi	r3, [r0, pc, ror #13]
8780389c:	878036ef 	strhi	r3, [r0, pc, ror #13]
878038a0:	878036ef 	strhi	r3, [r0, pc, ror #13]
878038a4:	87803a8b 	strhi	r3, [r0, fp, lsl #21]
878038a8:	878036ef 	strhi	r3, [r0, pc, ror #13]
878038ac:	878036ef 	strhi	r3, [r0, pc, ror #13]
878038b0:	878036ef 	strhi	r3, [r0, pc, ror #13]
878038b4:	878036ef 	strhi	r3, [r0, pc, ror #13]
878038b8:	878039dd 			; <UNDEFINED> instruction: 0x878039dd
878038bc:	878039ed 	strhi	r3, [r0, sp, ror #19]
878038c0:	878036ef 	strhi	r3, [r0, pc, ror #13]
878038c4:	878036ef 	strhi	r3, [r0, pc, ror #13]
878038c8:	878036ef 	strhi	r3, [r0, pc, ror #13]
878038cc:	878039f9 			; <UNDEFINED> instruction: 0x878039f9
878038d0:	878036ef 	strhi	r3, [r0, pc, ror #13]
878038d4:	87803a47 	strhi	r3, [r0, r7, asr #20]
878038d8:	878036ef 	strhi	r3, [r0, pc, ror #13]
878038dc:	878036ef 	strhi	r3, [r0, pc, ror #13]
878038e0:	87803a7f 			; <UNDEFINED> instruction: 0x87803a7f
878038e4:	2100      	movs	r1, #0
878038e6:	eb01 0181 	add.w	r1, r1, r1, lsl #2
878038ea:	eb06 0141 	add.w	r1, r6, r1, lsl #1
878038ee:	f815 6f01 	ldrb.w	r6, [r5, #1]!
878038f2:	3930      	subs	r1, #48	; 0x30
878038f4:	f814 c006 	ldrb.w	ip, [r4, r6]
878038f8:	4633      	mov	r3, r6
878038fa:	f01c 0f04 	tst.w	ip, #4
878038fe:	d1f2      	bne.n	878038e6 <vsscanf+0x222>
87803900:	e720      	b.n	87803744 <vsscanf+0x80>
87803902:	f04f 0a01 	mov.w	sl, #1
87803906:	f04f 0c0a 	mov.w	ip, #10
8780390a:	46d6      	mov	lr, sl
8780390c:	5da1      	ldrb	r1, [r4, r6]
8780390e:	0689      	lsls	r1, r1, #26
87803910:	f140 8127 	bpl.w	87803b62 <vsscanf+0x49e>
87803914:	f810 6f01 	ldrb.w	r6, [r0, #1]!
87803918:	5da1      	ldrb	r1, [r4, r6]
8780391a:	0689      	lsls	r1, r1, #26
8780391c:	d4fa      	bmi.n	87803914 <vsscanf+0x250>
8780391e:	2e2d      	cmp	r6, #45	; 0x2d
87803920:	bf14      	ite	ne
87803922:	2100      	movne	r1, #0
87803924:	f00a 0101 	andeq.w	r1, sl, #1
87803928:	b101      	cbz	r1, 8780392c <vsscanf+0x268>
8780392a:	7846      	ldrb	r6, [r0, #1]
8780392c:	2e00      	cmp	r6, #0
8780392e:	f43f aede 	beq.w	878036ee <vsscanf+0x2a>
87803932:	f1bc 0f10 	cmp.w	ip, #16
87803936:	f000 80e9 	beq.w	87803b0c <vsscanf+0x448>
8780393a:	f1bc 0f0a 	cmp.w	ip, #10
8780393e:	f000 80e0 	beq.w	87803b02 <vsscanf+0x43e>
87803942:	f1bc 0f08 	cmp.w	ip, #8
87803946:	f040 80d8 	bne.w	87803afa <vsscanf+0x436>
8780394a:	5da1      	ldrb	r1, [r4, r6]
8780394c:	f081 0104 	eor.w	r1, r1, #4
87803950:	f3c1 0180 	ubfx	r1, r1, #2, #1
87803954:	2e37      	cmp	r6, #55	; 0x37
87803956:	bf94      	ite	ls
87803958:	460e      	movls	r6, r1
8780395a:	f041 0601 	orrhi.w	r6, r1, #1
8780395e:	2e00      	cmp	r6, #0
87803960:	f47f aec5 	bne.w	878036ee <vsscanf+0x2a>
87803964:	3b48      	subs	r3, #72	; 0x48
87803966:	1d16      	adds	r6, r2, #4
87803968:	f8d2 a000 	ldr.w	sl, [r2]
8780396c:	2b32      	cmp	r3, #50	; 0x32
8780396e:	d81b      	bhi.n	878039a8 <vsscanf+0x2e4>
87803970:	e8df f003 	tbb	[pc, r3]
87803974:	1a1a1ab9 	bne	87e8a460 <__bss_end+0x680be8>
87803978:	1a1a1aaf 	bne	87e8a43c <__bss_end+0x680bc4>
8780397c:	1a1a1a1a 	bne	87e8a1ec <__bss_end+0x680974>
87803980:	1a1a1a1a 	bne	87e8a1f0 <__bss_end+0x680978>
87803984:	1aa81a1a 	bne	8620a1f4 <shift+0x8620a1f4>
87803988:	1a1a1a1a 	bne	87e8a1f8 <__bss_end+0x680980>
8780398c:	1a1a1a1a 	bne	87e8a1fc <__bss_end+0x680984>
87803990:	1a1a1a1a 	bne	87e8a200 <__bss_end+0x680988>
87803994:	1a1a1a9e 	bne	87e8a414 <__bss_end+0x680b9c>
87803998:	1a1a1a1a 	bne	87e8a208 <__bss_end+0x680990>
8780399c:	1a1a1a1a 	bne	87e8a20c <__bss_end+0x680994>
878039a0:	1a1a1a1a 	bne	87e8a210 <__bss_end+0x680998>
878039a4:	00a81a1a 	adceq	r1, r8, sl, lsl sl
878039a8:	4662      	mov	r2, ip
878039aa:	a901      	add	r1, sp, #4
878039ac:	f1be 0f00 	cmp.w	lr, #0
878039b0:	f000 80d2 	beq.w	87803b58 <vsscanf+0x494>
878039b4:	f7ff fadc 	bl	87802f70 <simple_strtol>
878039b8:	f8ca 0000 	str.w	r0, [sl]
878039bc:	9801      	ldr	r0, [sp, #4]
878039be:	3701      	adds	r7, #1
878039c0:	2800      	cmp	r0, #0
878039c2:	f43f ae94 	beq.w	878036ee <vsscanf+0x2a>
878039c6:	f899 3001 	ldrb.w	r3, [r9, #1]
878039ca:	4632      	mov	r2, r6
878039cc:	e685      	b.n	878036da <vsscanf+0x16>
878039ce:	2e25      	cmp	r6, #37	; 0x25
878039d0:	f47f ae8d 	bne.w	878036ee <vsscanf+0x2a>
878039d4:	3001      	adds	r0, #1
878039d6:	f899 3001 	ldrb.w	r3, [r9, #1]
878039da:	e67e      	b.n	878036da <vsscanf+0x16>
878039dc:	6813      	ldr	r3, [r2, #0]
878039de:	eba0 0108 	sub.w	r1, r0, r8
878039e2:	3204      	adds	r2, #4
878039e4:	6019      	str	r1, [r3, #0]
878039e6:	f899 3001 	ldrb.w	r3, [r9, #1]
878039ea:	e676      	b.n	878036da <vsscanf+0x16>
878039ec:	f04f 0a00 	mov.w	sl, #0
878039f0:	f04f 0c08 	mov.w	ip, #8
878039f4:	46d6      	mov	lr, sl
878039f6:	e789      	b.n	8780390c <vsscanf+0x248>
878039f8:	f102 0e04 	add.w	lr, r2, #4
878039fc:	f8d2 c000 	ldr.w	ip, [r2]
87803a00:	1c4a      	adds	r2, r1, #1
87803a02:	5da3      	ldrb	r3, [r4, r6]
87803a04:	f000 80cb 	beq.w	87803b9e <vsscanf+0x4da>
87803a08:	069b      	lsls	r3, r3, #26
87803a0a:	d505      	bpl.n	87803a18 <vsscanf+0x354>
87803a0c:	f810 6f01 	ldrb.w	r6, [r0, #1]!
87803a10:	5da3      	ldrb	r3, [r4, r6]
87803a12:	069a      	lsls	r2, r3, #26
87803a14:	d4fa      	bmi.n	87803a0c <vsscanf+0x348>
87803a16:	b176      	cbz	r6, 87803a36 <vsscanf+0x372>
87803a18:	b169      	cbz	r1, 87803a36 <vsscanf+0x372>
87803a1a:	1c43      	adds	r3, r0, #1
87803a1c:	e004      	b.n	87803a28 <vsscanf+0x364>
87803a1e:	5da2      	ldrb	r2, [r4, r6]
87803a20:	0692      	lsls	r2, r2, #26
87803a22:	d408      	bmi.n	87803a36 <vsscanf+0x372>
87803a24:	3901      	subs	r1, #1
87803a26:	d006      	beq.n	87803a36 <vsscanf+0x372>
87803a28:	f80c 6b01 	strb.w	r6, [ip], #1
87803a2c:	4618      	mov	r0, r3
87803a2e:	f813 6b01 	ldrb.w	r6, [r3], #1
87803a32:	2e00      	cmp	r6, #0
87803a34:	d1f3      	bne.n	87803a1e <vsscanf+0x35a>
87803a36:	2300      	movs	r3, #0
87803a38:	3701      	adds	r7, #1
87803a3a:	f88c 3000 	strb.w	r3, [ip]
87803a3e:	4672      	mov	r2, lr
87803a40:	f899 3001 	ldrb.w	r3, [r9, #1]
87803a44:	e649      	b.n	878036da <vsscanf+0x16>
87803a46:	f04f 0a00 	mov.w	sl, #0
87803a4a:	f04f 0c0a 	mov.w	ip, #10
87803a4e:	46d6      	mov	lr, sl
87803a50:	e75c      	b.n	8780390c <vsscanf+0x248>
87803a52:	1c4b      	adds	r3, r1, #1
87803a54:	f102 0c04 	add.w	ip, r2, #4
87803a58:	6812      	ldr	r2, [r2, #0]
87803a5a:	f000 80a6 	beq.w	87803baa <vsscanf+0x4e6>
87803a5e:	1c43      	adds	r3, r0, #1
87803a60:	3901      	subs	r1, #1
87803a62:	f802 6b01 	strb.w	r6, [r2], #1
87803a66:	2900      	cmp	r1, #0
87803a68:	4618      	mov	r0, r3
87803a6a:	dd03      	ble.n	87803a74 <vsscanf+0x3b0>
87803a6c:	f813 6b01 	ldrb.w	r6, [r3], #1
87803a70:	2e00      	cmp	r6, #0
87803a72:	d1f5      	bne.n	87803a60 <vsscanf+0x39c>
87803a74:	3701      	adds	r7, #1
87803a76:	f899 3001 	ldrb.w	r3, [r9, #1]
87803a7a:	4662      	mov	r2, ip
87803a7c:	e62d      	b.n	878036da <vsscanf+0x16>
87803a7e:	f04f 0a00 	mov.w	sl, #0
87803a82:	f04f 0c10 	mov.w	ip, #16
87803a86:	46d6      	mov	lr, sl
87803a88:	e740      	b.n	8780390c <vsscanf+0x248>
87803a8a:	f04f 0a01 	mov.w	sl, #1
87803a8e:	f04f 0c00 	mov.w	ip, #0
87803a92:	46d6      	mov	lr, sl
87803a94:	e73a      	b.n	8780390c <vsscanf+0x248>
87803a96:	2b68      	cmp	r3, #104	; 0x68
87803a98:	d07b      	beq.n	87803b92 <vsscanf+0x4ce>
87803a9a:	2b6c      	cmp	r3, #108	; 0x6c
87803a9c:	bf18      	it	ne
87803a9e:	469c      	movne	ip, r3
87803aa0:	f47f ae66 	bne.w	87803770 <vsscanf+0xac>
87803aa4:	f105 0902 	add.w	r9, r5, #2
87803aa8:	f895 c002 	ldrb.w	ip, [r5, #2]
87803aac:	234c      	movs	r3, #76	; 0x4c
87803aae:	e65f      	b.n	87803770 <vsscanf+0xac>
87803ab0:	4662      	mov	r2, ip
87803ab2:	a901      	add	r1, sp, #4
87803ab4:	f1be 0f00 	cmp.w	lr, #0
87803ab8:	d066      	beq.n	87803b88 <vsscanf+0x4c4>
87803aba:	f7ff fa59 	bl	87802f70 <simple_strtol>
87803abe:	f8aa 0000 	strh.w	r0, [sl]
87803ac2:	e77b      	b.n	878039bc <vsscanf+0x2f8>
87803ac4:	4662      	mov	r2, ip
87803ac6:	a901      	add	r1, sp, #4
87803ac8:	f7ff f9da 	bl	87802e80 <simple_strtoul>
87803acc:	f8ca 0000 	str.w	r0, [sl]
87803ad0:	e774      	b.n	878039bc <vsscanf+0x2f8>
87803ad2:	4662      	mov	r2, ip
87803ad4:	a901      	add	r1, sp, #4
87803ad6:	f1be 0f00 	cmp.w	lr, #0
87803ada:	d050      	beq.n	87803b7e <vsscanf+0x4ba>
87803adc:	f7ff faec 	bl	878030b8 <simple_strtoll>
87803ae0:	e9ca 0100 	strd	r0, r1, [sl]
87803ae4:	e76a      	b.n	878039bc <vsscanf+0x2f8>
87803ae6:	4662      	mov	r2, ip
87803ae8:	a901      	add	r1, sp, #4
87803aea:	f1be 0f00 	cmp.w	lr, #0
87803aee:	d041      	beq.n	87803b74 <vsscanf+0x4b0>
87803af0:	f7ff fa3e 	bl	87802f70 <simple_strtol>
87803af4:	f88a 0000 	strb.w	r0, [sl]
87803af8:	e760      	b.n	878039bc <vsscanf+0x2f8>
87803afa:	f1bc 0f00 	cmp.w	ip, #0
87803afe:	f47f af31 	bne.w	87803964 <vsscanf+0x2a0>
87803b02:	5da1      	ldrb	r1, [r4, r6]
87803b04:	0749      	lsls	r1, r1, #29
87803b06:	f57f adf2 	bpl.w	878036ee <vsscanf+0x2a>
87803b0a:	e72b      	b.n	87803964 <vsscanf+0x2a0>
87803b0c:	5da1      	ldrb	r1, [r4, r6]
87803b0e:	f011 0f44 	tst.w	r1, #68	; 0x44
87803b12:	f47f af27 	bne.w	87803964 <vsscanf+0x2a0>
87803b16:	e5ea      	b.n	878036ee <vsscanf+0x2a>
87803b18:	469c      	mov	ip, r3
87803b1a:	46a9      	mov	r9, r5
87803b1c:	f04f 33ff 	mov.w	r3, #4294967295	; 0xffffffff
87803b20:	e626      	b.n	87803770 <vsscanf+0xac>
87803b22:	068e      	lsls	r6, r1, #26
87803b24:	d40a      	bmi.n	87803b3c <vsscanf+0x478>
87803b26:	f815 3f01 	ldrb.w	r3, [r5, #1]!
87803b2a:	5ce1      	ldrb	r1, [r4, r3]
87803b2c:	1c1e      	adds	r6, r3, #0
87803b2e:	bf18      	it	ne
87803b30:	2601      	movne	r6, #1
87803b32:	f081 0120 	eor.w	r1, r1, #32
87803b36:	ea16 1151 	ands.w	r1, r6, r1, lsr #5
87803b3a:	d1f4      	bne.n	87803b26 <vsscanf+0x462>
87803b3c:	7801      	ldrb	r1, [r0, #0]
87803b3e:	e001      	b.n	87803b44 <vsscanf+0x480>
87803b40:	f810 1f01 	ldrb.w	r1, [r0, #1]!
87803b44:	5c66      	ldrb	r6, [r4, r1]
87803b46:	3100      	adds	r1, #0
87803b48:	bf18      	it	ne
87803b4a:	2101      	movne	r1, #1
87803b4c:	f086 0620 	eor.w	r6, r6, #32
87803b50:	ea11 1156 	ands.w	r1, r1, r6, lsr #5
87803b54:	d1f4      	bne.n	87803b40 <vsscanf+0x47c>
87803b56:	e5c0      	b.n	878036da <vsscanf+0x16>
87803b58:	f7ff f992 	bl	87802e80 <simple_strtoul>
87803b5c:	f8ca 0000 	str.w	r0, [sl]
87803b60:	e72c      	b.n	878039bc <vsscanf+0x2f8>
87803b62:	2e2d      	cmp	r6, #45	; 0x2d
87803b64:	bf14      	ite	ne
87803b66:	2100      	movne	r1, #0
87803b68:	f00a 0101 	andeq.w	r1, sl, #1
87803b6c:	2900      	cmp	r1, #0
87803b6e:	f47f aedc 	bne.w	8780392a <vsscanf+0x266>
87803b72:	e6de      	b.n	87803932 <vsscanf+0x26e>
87803b74:	f7ff f984 	bl	87802e80 <simple_strtoul>
87803b78:	f88a 0000 	strb.w	r0, [sl]
87803b7c:	e71e      	b.n	878039bc <vsscanf+0x2f8>
87803b7e:	f7ff fa05 	bl	87802f8c <simple_strtoull>
87803b82:	e9ca 0100 	strd	r0, r1, [sl]
87803b86:	e719      	b.n	878039bc <vsscanf+0x2f8>
87803b88:	f7ff f97a 	bl	87802e80 <simple_strtoul>
87803b8c:	f8aa 0000 	strh.w	r0, [sl]
87803b90:	e714      	b.n	878039bc <vsscanf+0x2f8>
87803b92:	f105 0902 	add.w	r9, r5, #2
87803b96:	f895 c002 	ldrb.w	ip, [r5, #2]
87803b9a:	2348      	movs	r3, #72	; 0x48
87803b9c:	e5e8      	b.n	87803770 <vsscanf+0xac>
87803b9e:	069b      	lsls	r3, r3, #26
87803ba0:	f06f 4100 	mvn.w	r1, #2147483648	; 0x80000000
87803ba4:	f57f af39 	bpl.w	87803a1a <vsscanf+0x356>
87803ba8:	e730      	b.n	87803a0c <vsscanf+0x348>
87803baa:	3001      	adds	r0, #1
87803bac:	7016      	strb	r6, [r2, #0]
87803bae:	e761      	b.n	87803a74 <vsscanf+0x3b0>

87803bb0 <sscanf>:
87803bb0:	b40e      	push	{r1, r2, r3}
87803bb2:	b500      	push	{lr}
87803bb4:	aa02      	add	r2, sp, #8
87803bb6:	9901      	ldr	r1, [sp, #4]
87803bb8:	f7ff fd84 	bl	878036c4 <vsscanf>
87803bbc:	f85d eb04 	ldr.w	lr, [sp], #4
87803bc0:	b003      	add	sp, #12
87803bc2:	4770      	bx	lr
87803bc4:	0000      	movs	r0, r0
	...

87803bc8 <__udivsi3>:
87803bc8:	1e4a      	subs	r2, r1, #1
87803bca:	bf08      	it	eq
87803bcc:	4770      	bxeq	lr
87803bce:	f0c0 8124 	bcc.w	87803e1a <__udivsi3+0x252>
87803bd2:	4288      	cmp	r0, r1
87803bd4:	f240 8116 	bls.w	87803e04 <__udivsi3+0x23c>
87803bd8:	4211      	tst	r1, r2
87803bda:	f000 8117 	beq.w	87803e0c <__udivsi3+0x244>
87803bde:	fab0 f380 	clz	r3, r0
87803be2:	fab1 f281 	clz	r2, r1
87803be6:	eba2 0303 	sub.w	r3, r2, r3
87803bea:	f1c3 031f 	rsb	r3, r3, #31
87803bee:	a204      	add	r2, pc, #16	; (adr r2, 87803c00 <__udivsi3+0x38>)
87803bf0:	eb02 1303 	add.w	r3, r2, r3, lsl #4
87803bf4:	f04f 0200 	mov.w	r2, #0
87803bf8:	469f      	mov	pc, r3
87803bfa:	bf00      	nop
87803bfc:	f3af 8000 	nop.w
87803c00:	ebb0 7fc1 	cmp.w	r0, r1, lsl #31
87803c04:	bf00      	nop
87803c06:	eb42 0202 	adc.w	r2, r2, r2
87803c0a:	bf28      	it	cs
87803c0c:	eba0 70c1 	subcs.w	r0, r0, r1, lsl #31
87803c10:	ebb0 7f81 	cmp.w	r0, r1, lsl #30
87803c14:	bf00      	nop
87803c16:	eb42 0202 	adc.w	r2, r2, r2
87803c1a:	bf28      	it	cs
87803c1c:	eba0 7081 	subcs.w	r0, r0, r1, lsl #30
87803c20:	ebb0 7f41 	cmp.w	r0, r1, lsl #29
87803c24:	bf00      	nop
87803c26:	eb42 0202 	adc.w	r2, r2, r2
87803c2a:	bf28      	it	cs
87803c2c:	eba0 7041 	subcs.w	r0, r0, r1, lsl #29
87803c30:	ebb0 7f01 	cmp.w	r0, r1, lsl #28
87803c34:	bf00      	nop
87803c36:	eb42 0202 	adc.w	r2, r2, r2
87803c3a:	bf28      	it	cs
87803c3c:	eba0 7001 	subcs.w	r0, r0, r1, lsl #28
87803c40:	ebb0 6fc1 	cmp.w	r0, r1, lsl #27
87803c44:	bf00      	nop
87803c46:	eb42 0202 	adc.w	r2, r2, r2
87803c4a:	bf28      	it	cs
87803c4c:	eba0 60c1 	subcs.w	r0, r0, r1, lsl #27
87803c50:	ebb0 6f81 	cmp.w	r0, r1, lsl #26
87803c54:	bf00      	nop
87803c56:	eb42 0202 	adc.w	r2, r2, r2
87803c5a:	bf28      	it	cs
87803c5c:	eba0 6081 	subcs.w	r0, r0, r1, lsl #26
87803c60:	ebb0 6f41 	cmp.w	r0, r1, lsl #25
87803c64:	bf00      	nop
87803c66:	eb42 0202 	adc.w	r2, r2, r2
87803c6a:	bf28      	it	cs
87803c6c:	eba0 6041 	subcs.w	r0, r0, r1, lsl #25
87803c70:	ebb0 6f01 	cmp.w	r0, r1, lsl #24
87803c74:	bf00      	nop
87803c76:	eb42 0202 	adc.w	r2, r2, r2
87803c7a:	bf28      	it	cs
87803c7c:	eba0 6001 	subcs.w	r0, r0, r1, lsl #24
87803c80:	ebb0 5fc1 	cmp.w	r0, r1, lsl #23
87803c84:	bf00      	nop
87803c86:	eb42 0202 	adc.w	r2, r2, r2
87803c8a:	bf28      	it	cs
87803c8c:	eba0 50c1 	subcs.w	r0, r0, r1, lsl #23
87803c90:	ebb0 5f81 	cmp.w	r0, r1, lsl #22
87803c94:	bf00      	nop
87803c96:	eb42 0202 	adc.w	r2, r2, r2
87803c9a:	bf28      	it	cs
87803c9c:	eba0 5081 	subcs.w	r0, r0, r1, lsl #22
87803ca0:	ebb0 5f41 	cmp.w	r0, r1, lsl #21
87803ca4:	bf00      	nop
87803ca6:	eb42 0202 	adc.w	r2, r2, r2
87803caa:	bf28      	it	cs
87803cac:	eba0 5041 	subcs.w	r0, r0, r1, lsl #21
87803cb0:	ebb0 5f01 	cmp.w	r0, r1, lsl #20
87803cb4:	bf00      	nop
87803cb6:	eb42 0202 	adc.w	r2, r2, r2
87803cba:	bf28      	it	cs
87803cbc:	eba0 5001 	subcs.w	r0, r0, r1, lsl #20
87803cc0:	ebb0 4fc1 	cmp.w	r0, r1, lsl #19
87803cc4:	bf00      	nop
87803cc6:	eb42 0202 	adc.w	r2, r2, r2
87803cca:	bf28      	it	cs
87803ccc:	eba0 40c1 	subcs.w	r0, r0, r1, lsl #19
87803cd0:	ebb0 4f81 	cmp.w	r0, r1, lsl #18
87803cd4:	bf00      	nop
87803cd6:	eb42 0202 	adc.w	r2, r2, r2
87803cda:	bf28      	it	cs
87803cdc:	eba0 4081 	subcs.w	r0, r0, r1, lsl #18
87803ce0:	ebb0 4f41 	cmp.w	r0, r1, lsl #17
87803ce4:	bf00      	nop
87803ce6:	eb42 0202 	adc.w	r2, r2, r2
87803cea:	bf28      	it	cs
87803cec:	eba0 4041 	subcs.w	r0, r0, r1, lsl #17
87803cf0:	ebb0 4f01 	cmp.w	r0, r1, lsl #16
87803cf4:	bf00      	nop
87803cf6:	eb42 0202 	adc.w	r2, r2, r2
87803cfa:	bf28      	it	cs
87803cfc:	eba0 4001 	subcs.w	r0, r0, r1, lsl #16
87803d00:	ebb0 3fc1 	cmp.w	r0, r1, lsl #15
87803d04:	bf00      	nop
87803d06:	eb42 0202 	adc.w	r2, r2, r2
87803d0a:	bf28      	it	cs
87803d0c:	eba0 30c1 	subcs.w	r0, r0, r1, lsl #15
87803d10:	ebb0 3f81 	cmp.w	r0, r1, lsl #14
87803d14:	bf00      	nop
87803d16:	eb42 0202 	adc.w	r2, r2, r2
87803d1a:	bf28      	it	cs
87803d1c:	eba0 3081 	subcs.w	r0, r0, r1, lsl #14
87803d20:	ebb0 3f41 	cmp.w	r0, r1, lsl #13
87803d24:	bf00      	nop
87803d26:	eb42 0202 	adc.w	r2, r2, r2
87803d2a:	bf28      	it	cs
87803d2c:	eba0 3041 	subcs.w	r0, r0, r1, lsl #13
87803d30:	ebb0 3f01 	cmp.w	r0, r1, lsl #12
87803d34:	bf00      	nop
87803d36:	eb42 0202 	adc.w	r2, r2, r2
87803d3a:	bf28      	it	cs
87803d3c:	eba0 3001 	subcs.w	r0, r0, r1, lsl #12
87803d40:	ebb0 2fc1 	cmp.w	r0, r1, lsl #11
87803d44:	bf00      	nop
87803d46:	eb42 0202 	adc.w	r2, r2, r2
87803d4a:	bf28      	it	cs
87803d4c:	eba0 20c1 	subcs.w	r0, r0, r1, lsl #11
87803d50:	ebb0 2f81 	cmp.w	r0, r1, lsl #10
87803d54:	bf00      	nop
87803d56:	eb42 0202 	adc.w	r2, r2, r2
87803d5a:	bf28      	it	cs
87803d5c:	eba0 2081 	subcs.w	r0, r0, r1, lsl #10
87803d60:	ebb0 2f41 	cmp.w	r0, r1, lsl #9
87803d64:	bf00      	nop
87803d66:	eb42 0202 	adc.w	r2, r2, r2
87803d6a:	bf28      	it	cs
87803d6c:	eba0 2041 	subcs.w	r0, r0, r1, lsl #9
87803d70:	ebb0 2f01 	cmp.w	r0, r1, lsl #8
87803d74:	bf00      	nop
87803d76:	eb42 0202 	adc.w	r2, r2, r2
87803d7a:	bf28      	it	cs
87803d7c:	eba0 2001 	subcs.w	r0, r0, r1, lsl #8
87803d80:	ebb0 1fc1 	cmp.w	r0, r1, lsl #7
87803d84:	bf00      	nop
87803d86:	eb42 0202 	adc.w	r2, r2, r2
87803d8a:	bf28      	it	cs
87803d8c:	eba0 10c1 	subcs.w	r0, r0, r1, lsl #7
87803d90:	ebb0 1f81 	cmp.w	r0, r1, lsl #6
87803d94:	bf00      	nop
87803d96:	eb42 0202 	adc.w	r2, r2, r2
87803d9a:	bf28      	it	cs
87803d9c:	eba0 1081 	subcs.w	r0, r0, r1, lsl #6
87803da0:	ebb0 1f41 	cmp.w	r0, r1, lsl #5
87803da4:	bf00      	nop
87803da6:	eb42 0202 	adc.w	r2, r2, r2
87803daa:	bf28      	it	cs
87803dac:	eba0 1041 	subcs.w	r0, r0, r1, lsl #5
87803db0:	ebb0 1f01 	cmp.w	r0, r1, lsl #4
87803db4:	bf00      	nop
87803db6:	eb42 0202 	adc.w	r2, r2, r2
87803dba:	bf28      	it	cs
87803dbc:	eba0 1001 	subcs.w	r0, r0, r1, lsl #4
87803dc0:	ebb0 0fc1 	cmp.w	r0, r1, lsl #3
87803dc4:	bf00      	nop
87803dc6:	eb42 0202 	adc.w	r2, r2, r2
87803dca:	bf28      	it	cs
87803dcc:	eba0 00c1 	subcs.w	r0, r0, r1, lsl #3
87803dd0:	ebb0 0f81 	cmp.w	r0, r1, lsl #2
87803dd4:	bf00      	nop
87803dd6:	eb42 0202 	adc.w	r2, r2, r2
87803dda:	bf28      	it	cs
87803ddc:	eba0 0081 	subcs.w	r0, r0, r1, lsl #2
87803de0:	ebb0 0f41 	cmp.w	r0, r1, lsl #1
87803de4:	bf00      	nop
87803de6:	eb42 0202 	adc.w	r2, r2, r2
87803dea:	bf28      	it	cs
87803dec:	eba0 0041 	subcs.w	r0, r0, r1, lsl #1
87803df0:	ebb0 0f01 	cmp.w	r0, r1
87803df4:	bf00      	nop
87803df6:	eb42 0202 	adc.w	r2, r2, r2
87803dfa:	bf28      	it	cs
87803dfc:	eba0 0001 	subcs.w	r0, r0, r1
87803e00:	4610      	mov	r0, r2
87803e02:	4770      	bx	lr
87803e04:	bf0c      	ite	eq
87803e06:	2001      	moveq	r0, #1
87803e08:	2000      	movne	r0, #0
87803e0a:	4770      	bx	lr
87803e0c:	fab1 f281 	clz	r2, r1
87803e10:	f1c2 021f 	rsb	r2, r2, #31
87803e14:	fa20 f002 	lsr.w	r0, r0, r2
87803e18:	4770      	bx	lr
87803e1a:	b108      	cbz	r0, 87803e20 <__udivsi3+0x258>
87803e1c:	f04f 30ff 	mov.w	r0, #4294967295	; 0xffffffff
87803e20:	f000 b876 	b.w	87803f10 <__aeabi_idiv0>

87803e24 <__aeabi_uidivmod>:
87803e24:	2900      	cmp	r1, #0
87803e26:	d0f8      	beq.n	87803e1a <__udivsi3+0x252>
87803e28:	e92d 4003 	stmdb	sp!, {r0, r1, lr}
87803e2c:	f7ff fecc 	bl	87803bc8 <__udivsi3>
87803e30:	e8bd 4006 	ldmia.w	sp!, {r1, r2, lr}
87803e34:	fb02 f300 	mul.w	r3, r2, r0
87803e38:	eba1 0103 	sub.w	r1, r1, r3
87803e3c:	4770      	bx	lr
87803e3e:	bf00      	nop

87803e40 <__aeabi_ldivmod>:
87803e40:	b97b      	cbnz	r3, 87803e62 <__aeabi_ldivmod+0x22>
87803e42:	b972      	cbnz	r2, 87803e62 <__aeabi_ldivmod+0x22>
87803e44:	2900      	cmp	r1, #0
87803e46:	bfbe      	ittt	lt
87803e48:	2000      	movlt	r0, #0
87803e4a:	f04f 4100 	movlt.w	r1, #2147483648	; 0x80000000
87803e4e:	e006      	blt.n	87803e5e <__aeabi_ldivmod+0x1e>
87803e50:	bf08      	it	eq
87803e52:	2800      	cmpeq	r0, #0
87803e54:	bf1c      	itt	ne
87803e56:	f06f 4100 	mvnne.w	r1, #2147483648	; 0x80000000
87803e5a:	f04f 30ff 	movne.w	r0, #4294967295	; 0xffffffff
87803e5e:	f000 b857 	b.w	87803f10 <__aeabi_idiv0>
87803e62:	f1ad 0c08 	sub.w	ip, sp, #8
87803e66:	e96d ce04 	strd	ip, lr, [sp, #-16]!
87803e6a:	2900      	cmp	r1, #0
87803e6c:	db09      	blt.n	87803e82 <__aeabi_ldivmod+0x42>
87803e6e:	2b00      	cmp	r3, #0
87803e70:	db1a      	blt.n	87803ea8 <__aeabi_ldivmod+0x68>
87803e72:	f000 f853 	bl	87803f1c <__udivmoddi4>
87803e76:	f8dd e004 	ldr.w	lr, [sp, #4]
87803e7a:	e9dd 2302 	ldrd	r2, r3, [sp, #8]
87803e7e:	b004      	add	sp, #16
87803e80:	4770      	bx	lr
87803e82:	4240      	negs	r0, r0
87803e84:	eb61 0141 	sbc.w	r1, r1, r1, lsl #1
87803e88:	2b00      	cmp	r3, #0
87803e8a:	db1b      	blt.n	87803ec4 <__aeabi_ldivmod+0x84>
87803e8c:	f000 f846 	bl	87803f1c <__udivmoddi4>
87803e90:	f8dd e004 	ldr.w	lr, [sp, #4]
87803e94:	e9dd 2302 	ldrd	r2, r3, [sp, #8]
87803e98:	b004      	add	sp, #16
87803e9a:	4240      	negs	r0, r0
87803e9c:	eb61 0141 	sbc.w	r1, r1, r1, lsl #1
87803ea0:	4252      	negs	r2, r2
87803ea2:	eb63 0343 	sbc.w	r3, r3, r3, lsl #1
87803ea6:	4770      	bx	lr
87803ea8:	4252      	negs	r2, r2
87803eaa:	eb63 0343 	sbc.w	r3, r3, r3, lsl #1
87803eae:	f000 f835 	bl	87803f1c <__udivmoddi4>
87803eb2:	f8dd e004 	ldr.w	lr, [sp, #4]
87803eb6:	e9dd 2302 	ldrd	r2, r3, [sp, #8]
87803eba:	b004      	add	sp, #16
87803ebc:	4240      	negs	r0, r0
87803ebe:	eb61 0141 	sbc.w	r1, r1, r1, lsl #1
87803ec2:	4770      	bx	lr
87803ec4:	4252      	negs	r2, r2
87803ec6:	eb63 0343 	sbc.w	r3, r3, r3, lsl #1
87803eca:	f000 f827 	bl	87803f1c <__udivmoddi4>
87803ece:	f8dd e004 	ldr.w	lr, [sp, #4]
87803ed2:	e9dd 2302 	ldrd	r2, r3, [sp, #8]
87803ed6:	b004      	add	sp, #16
87803ed8:	4252      	negs	r2, r2
87803eda:	eb63 0343 	sbc.w	r3, r3, r3, lsl #1
87803ede:	4770      	bx	lr

87803ee0 <__aeabi_uldivmod>:
87803ee0:	b953      	cbnz	r3, 87803ef8 <__aeabi_uldivmod+0x18>
87803ee2:	b94a      	cbnz	r2, 87803ef8 <__aeabi_uldivmod+0x18>
87803ee4:	2900      	cmp	r1, #0
87803ee6:	bf08      	it	eq
87803ee8:	2800      	cmpeq	r0, #0
87803eea:	bf1c      	itt	ne
87803eec:	f04f 31ff 	movne.w	r1, #4294967295	; 0xffffffff
87803ef0:	f04f 30ff 	movne.w	r0, #4294967295	; 0xffffffff
87803ef4:	f000 b80c 	b.w	87803f10 <__aeabi_idiv0>
87803ef8:	f1ad 0c08 	sub.w	ip, sp, #8
87803efc:	e96d ce04 	strd	ip, lr, [sp, #-16]!
87803f00:	f000 f80c 	bl	87803f1c <__udivmoddi4>
87803f04:	f8dd e004 	ldr.w	lr, [sp, #4]
87803f08:	e9dd 2302 	ldrd	r2, r3, [sp, #8]
87803f0c:	b004      	add	sp, #16
87803f0e:	4770      	bx	lr

87803f10 <__aeabi_idiv0>:
87803f10:	b502      	push	{r1, lr}
87803f12:	f04f 0008 	mov.w	r0, #8
87803f16:	f7fc ff99 	bl	87800e4c <raise>
87803f1a:	bd02      	pop	{r1, pc}

87803f1c <__udivmoddi4>:
87803f1c:	4299      	cmp	r1, r3
87803f1e:	e92d 4ff0 	stmdb	sp!, {r4, r5, r6, r7, r8, r9, sl, fp, lr}
87803f22:	bf08      	it	eq
87803f24:	4290      	cmpeq	r0, r2
87803f26:	4604      	mov	r4, r0
87803f28:	bf38      	it	cc
87803f2a:	2000      	movcc	r0, #0
87803f2c:	460d      	mov	r5, r1
87803f2e:	f8dd e024 	ldr.w	lr, [sp, #36]	; 0x24
87803f32:	bf38      	it	cc
87803f34:	4601      	movcc	r1, r0
87803f36:	d368      	bcc.n	8780400a <__udivmoddi4+0xee>
87803f38:	4692      	mov	sl, r2
87803f3a:	469b      	mov	fp, r3
87803f3c:	fab3 fc83 	clz	ip, r3
87803f40:	2b00      	cmp	r3, #0
87803f42:	d06d      	beq.n	87804020 <__udivmoddi4+0x104>
87803f44:	fab5 f185 	clz	r1, r5
87803f48:	2d00      	cmp	r5, #0
87803f4a:	d065      	beq.n	87804018 <__udivmoddi4+0xfc>
87803f4c:	ebac 0c01 	sub.w	ip, ip, r1
87803f50:	f1ac 0820 	sub.w	r8, ip, #32
87803f54:	fa0b f70c 	lsl.w	r7, fp, ip
87803f58:	fa0a f108 	lsl.w	r1, sl, r8
87803f5c:	f1cc 0920 	rsb	r9, ip, #32
87803f60:	fa2a f309 	lsr.w	r3, sl, r9
87803f64:	fa0a f60c 	lsl.w	r6, sl, ip
87803f68:	430f      	orrs	r7, r1
87803f6a:	431f      	orrs	r7, r3
87803f6c:	42bd      	cmp	r5, r7
87803f6e:	bf08      	it	eq
87803f70:	42b4      	cmpeq	r4, r6
87803f72:	bf3c      	itt	cc
87803f74:	2000      	movcc	r0, #0
87803f76:	4601      	movcc	r1, r0
87803f78:	d30a      	bcc.n	87803f90 <__udivmoddi4+0x74>
87803f7a:	2001      	movs	r0, #1
87803f7c:	1ba4      	subs	r4, r4, r6
87803f7e:	fa00 f108 	lsl.w	r1, r0, r8
87803f82:	fa20 f309 	lsr.w	r3, r0, r9
87803f86:	fa00 f00c 	lsl.w	r0, r0, ip
87803f8a:	eb65 0507 	sbc.w	r5, r5, r7
87803f8e:	4319      	orrs	r1, r3
87803f90:	f1bc 0f00 	cmp.w	ip, #0
87803f94:	d039      	beq.n	8780400a <__udivmoddi4+0xee>
87803f96:	087f      	lsrs	r7, r7, #1
87803f98:	ea4f 0636 	mov.w	r6, r6, rrx
87803f9c:	4662      	mov	r2, ip
87803f9e:	e00a      	b.n	87803fb6 <__udivmoddi4+0x9a>
87803fa0:	1ba3      	subs	r3, r4, r6
87803fa2:	eb65 0a07 	sbc.w	sl, r5, r7
87803fa6:	18db      	adds	r3, r3, r3
87803fa8:	eb4a 0a0a 	adc.w	sl, sl, sl
87803fac:	1c5c      	adds	r4, r3, #1
87803fae:	f14a 0500 	adc.w	r5, sl, #0
87803fb2:	3a01      	subs	r2, #1
87803fb4:	d007      	beq.n	87803fc6 <__udivmoddi4+0xaa>
87803fb6:	42bd      	cmp	r5, r7
87803fb8:	bf08      	it	eq
87803fba:	42b4      	cmpeq	r4, r6
87803fbc:	d2f0      	bcs.n	87803fa0 <__udivmoddi4+0x84>
87803fbe:	1924      	adds	r4, r4, r4
87803fc0:	416d      	adcs	r5, r5
87803fc2:	3a01      	subs	r2, #1
87803fc4:	d1f7      	bne.n	87803fb6 <__udivmoddi4+0x9a>
87803fc6:	fa24 f30c 	lsr.w	r3, r4, ip
87803fca:	fa05 f909 	lsl.w	r9, r5, r9
87803fce:	fa25 f20c 	lsr.w	r2, r5, ip
87803fd2:	fa25 f808 	lsr.w	r8, r5, r8
87803fd6:	1900      	adds	r0, r0, r4
87803fd8:	ea43 0309 	orr.w	r3, r3, r9
87803fdc:	ea43 0408 	orr.w	r4, r3, r8
87803fe0:	eb45 0101 	adc.w	r1, r5, r1
87803fe4:	4615      	mov	r5, r2
87803fe6:	f1ac 0220 	sub.w	r2, ip, #32
87803fea:	fa05 f30c 	lsl.w	r3, r5, ip
87803fee:	fa04 f60c 	lsl.w	r6, r4, ip
87803ff2:	fa04 f202 	lsl.w	r2, r4, r2
87803ff6:	f1cc 0c20 	rsb	ip, ip, #32
87803ffa:	fa24 fc0c 	lsr.w	ip, r4, ip
87803ffe:	4313      	orrs	r3, r2
87804000:	1b80      	subs	r0, r0, r6
87804002:	ea43 030c 	orr.w	r3, r3, ip
87804006:	eb61 0103 	sbc.w	r1, r1, r3
8780400a:	f1be 0f00 	cmp.w	lr, #0
8780400e:	d001      	beq.n	87804014 <__udivmoddi4+0xf8>
87804010:	e9ce 4500 	strd	r4, r5, [lr]
87804014:	e8bd 8ff0 	ldmia.w	sp!, {r4, r5, r6, r7, r8, r9, sl, fp, pc}
87804018:	fab4 f184 	clz	r1, r4
8780401c:	3120      	adds	r1, #32
8780401e:	e795      	b.n	87803f4c <__udivmoddi4+0x30>
87804020:	fab2 fc82 	clz	ip, r2
87804024:	fab5 f185 	clz	r1, r5
87804028:	f10c 0c20 	add.w	ip, ip, #32
8780402c:	2d00      	cmp	r5, #0
8780402e:	d18d      	bne.n	87803f4c <__udivmoddi4+0x30>
87804030:	e7f2      	b.n	87804018 <__udivmoddi4+0xfc>
87804032:	bf00      	nop
87804034:	0000      	movs	r0, r0
	...

87804038 <__main_from_arm>:
87804038:	e51ff004 	ldr	pc, [pc, #-4]	; 8780403c <__main_from_arm+0x4>
8780403c:	87804041 	strhi	r4, [r0, r1, asr #32]

Disassembly of section .text.startup:

87804040 <main>:
87804040:	e92d 41f0 	stmdb	sp!, {r4, r5, r6, r7, r8, lr}
87804044:	b084      	sub	sp, #16
87804046:	f7fc fb99 	bl	8780077c <int_init>
8780404a:	f649 0750 	movw	r7, #38992	; 0x9850
8780404e:	f06f 457f 	mvn.w	r5, #4278190080	; 0xff000000
87804052:	f7fc f965 	bl	87800320 <imx6u_clkinit>
87804056:	f7fc fa07 	bl	87800468 <delay_init>
8780405a:	f7fc fe5b 	bl	87800d14 <uart_init>
8780405e:	f7fc f94f 	bl	87800300 <clk_enable>
87804062:	f7fc f9bf 	bl	878003e4 <led_init>
87804066:	f7fc fa71 	bl	8780054c <beep_init>
8780406a:	f7fc fa9f 	bl	878005ac <key_init>
8780406e:	f7fd f939 	bl	878012e4 <lcd_init>
87804072:	f7fd fd5d 	bl	87801b30 <rtc_init>
87804076:	f7fe f915 	bl	878022a4 <ap3216c_init>
8780407a:	f244 12e0 	movw	r2, #16864	; 0x41e0
8780407e:	2318      	movs	r3, #24
87804080:	f2c8 7280 	movt	r2, #34688	; 0x8780
87804084:	f44f 047f 	mov.w	r4, #16711680	; 0xff0000
87804088:	f2c8 7780 	movt	r7, #34688	; 0x8780
8780408c:	9201      	str	r2, [sp, #4]
8780408e:	9300      	str	r3, [sp, #0]
87804090:	f44f 72c8 	mov.w	r2, #400	; 0x190
87804094:	e9c7 4506 	strd	r4, r5, [r7, #24]
87804098:	210a      	movs	r1, #10
8780409a:	2032      	movs	r0, #50	; 0x32
8780409c:	2410      	movs	r4, #16
8780409e:	f7fd fcff 	bl	87801aa0 <lcd_show_string>
878040a2:	f244 12f8 	movw	r2, #16888	; 0x41f8
878040a6:	4623      	mov	r3, r4
878040a8:	f2c8 7280 	movt	r2, #34688	; 0x8780
878040ac:	2128      	movs	r1, #40	; 0x28
878040ae:	9201      	str	r2, [sp, #4]
878040b0:	2032      	movs	r0, #50	; 0x32
878040b2:	22c8      	movs	r2, #200	; 0xc8
878040b4:	9400      	str	r4, [sp, #0]
878040b6:	f7fd fcf3 	bl	87801aa0 <lcd_show_string>
878040ba:	f244 2208 	movw	r2, #16904	; 0x4208
878040be:	9400      	str	r4, [sp, #0]
878040c0:	f2c8 7280 	movt	r2, #34688	; 0x8780
878040c4:	4623      	mov	r3, r4
878040c6:	9201      	str	r2, [sp, #4]
878040c8:	213c      	movs	r1, #60	; 0x3c
878040ca:	22c8      	movs	r2, #200	; 0xc8
878040cc:	2032      	movs	r0, #50	; 0x32
878040ce:	f244 2614 	movw	r6, #16916	; 0x4214
878040d2:	f244 252c 	movw	r5, #16940	; 0x422c
878040d6:	46a0      	mov	r8, r4
878040d8:	f2c8 7680 	movt	r6, #34688	; 0x8780
878040dc:	f7fd fce0 	bl	87801aa0 <lcd_show_string>
878040e0:	f2c8 7580 	movt	r5, #34688	; 0x8780
878040e4:	e019      	b.n	8780411a <main+0xda>
878040e6:	2310      	movs	r3, #16
878040e8:	22c8      	movs	r2, #200	; 0xc8
878040ea:	2182      	movs	r1, #130	; 0x82
878040ec:	201e      	movs	r0, #30
878040ee:	9601      	str	r6, [sp, #4]
878040f0:	f8cd 8000 	str.w	r8, [sp]
878040f4:	f7fd fcd4 	bl	87801aa0 <lcd_show_string>
878040f8:	f44f 70fa 	mov.w	r0, #500	; 0x1f4
878040fc:	f7fc f9e8 	bl	878004d0 <delay_ms>
87804100:	201e      	movs	r0, #30
87804102:	9501      	str	r5, [sp, #4]
87804104:	2310      	movs	r3, #16
87804106:	f8cd 8000 	str.w	r8, [sp]
8780410a:	22c8      	movs	r2, #200	; 0xc8
8780410c:	2182      	movs	r1, #130	; 0x82
8780410e:	f7fd fcc7 	bl	87801aa0 <lcd_show_string>
87804112:	f44f 70fa 	mov.w	r0, #500	; 0x1f4
87804116:	f7fc f9db 	bl	878004d0 <delay_ms>
8780411a:	f7fe f8c3 	bl	878022a4 <ap3216c_init>
8780411e:	4604      	mov	r4, r0
87804120:	2800      	cmp	r0, #0
87804122:	d1e0      	bne.n	878040e6 <main+0xa6>
87804124:	f244 2344 	movw	r3, #16964	; 0x4244
87804128:	2610      	movs	r6, #16
8780412a:	f2c8 7380 	movt	r3, #34688	; 0x8780
8780412e:	22c8      	movs	r2, #200	; 0xc8
87804130:	e9cd 6300 	strd	r6, r3, [sp]
87804134:	2182      	movs	r1, #130	; 0x82
87804136:	4633      	mov	r3, r6
87804138:	201e      	movs	r0, #30
8780413a:	f7fd fcb1 	bl	87801aa0 <lcd_show_string>
8780413e:	f244 2254 	movw	r2, #16980	; 0x4254
87804142:	4633      	mov	r3, r6
87804144:	f2c8 7280 	movt	r2, #34688	; 0x8780
87804148:	21a0      	movs	r1, #160	; 0xa0
8780414a:	9201      	str	r2, [sp, #4]
8780414c:	201e      	movs	r0, #30
8780414e:	22c8      	movs	r2, #200	; 0xc8
87804150:	9600      	str	r6, [sp, #0]
87804152:	f7fd fca5 	bl	87801aa0 <lcd_show_string>
87804156:	f244 225c 	movw	r2, #16988	; 0x425c
8780415a:	4633      	mov	r3, r6
8780415c:	f2c8 7280 	movt	r2, #34688	; 0x8780
87804160:	21b4      	movs	r1, #180	; 0xb4
87804162:	9201      	str	r2, [sp, #4]
87804164:	201e      	movs	r0, #30
87804166:	22c8      	movs	r2, #200	; 0xc8
87804168:	9600      	str	r6, [sp, #0]
8780416a:	f7fd fc99 	bl	87801aa0 <lcd_show_string>
8780416e:	f244 2364 	movw	r3, #16996	; 0x4264
87804172:	22c8      	movs	r2, #200	; 0xc8
87804174:	f2c8 7380 	movt	r3, #34688	; 0x8780
87804178:	4611      	mov	r1, r2
8780417a:	e9cd 6300 	strd	r6, r3, [sp]
8780417e:	201e      	movs	r0, #30
87804180:	4633      	mov	r3, r6
87804182:	4635      	mov	r5, r6
87804184:	f7fd fc8c 	bl	87801aa0 <lcd_show_string>
87804188:	23ff      	movs	r3, #255	; 0xff
8780418a:	61bb      	str	r3, [r7, #24]
8780418c:	aa03      	add	r2, sp, #12
8780418e:	f10d 010e 	add.w	r1, sp, #14
87804192:	f10d 000a 	add.w	r0, sp, #10
87804196:	f084 0401 	eor.w	r4, r4, #1
8780419a:	f7fe f8d9 	bl	87802350 <ap3216c_readdata>
8780419e:	f8bd 200a 	ldrh.w	r2, [sp, #10]
878041a2:	2305      	movs	r3, #5
878041a4:	9500      	str	r5, [sp, #0]
878041a6:	21a0      	movs	r1, #160	; 0xa0
878041a8:	203e      	movs	r0, #62	; 0x3e
878041aa:	b2e4      	uxtb	r4, r4
878041ac:	f7fd fbbc 	bl	87801928 <lcd_shownum>
878041b0:	f8bd 200e 	ldrh.w	r2, [sp, #14]
878041b4:	2305      	movs	r3, #5
878041b6:	9500      	str	r5, [sp, #0]
878041b8:	21b4      	movs	r1, #180	; 0xb4
878041ba:	203e      	movs	r0, #62	; 0x3e
878041bc:	f7fd fbb4 	bl	87801928 <lcd_shownum>
878041c0:	f8bd 200c 	ldrh.w	r2, [sp, #12]
878041c4:	2305      	movs	r3, #5
878041c6:	21c8      	movs	r1, #200	; 0xc8
878041c8:	9500      	str	r5, [sp, #0]
878041ca:	203e      	movs	r0, #62	; 0x3e
878041cc:	f7fd fbac 	bl	87801928 <lcd_shownum>
878041d0:	2078      	movs	r0, #120	; 0x78
878041d2:	f7fc f97d 	bl	878004d0 <delay_ms>
878041d6:	2000      	movs	r0, #0
878041d8:	4621      	mov	r1, r4
878041da:	f7fc f92f 	bl	8780043c <led_switch>
878041de:	e7d5      	b.n	8780418c <main+0x14c>

Disassembly of section .rodata:

878041e0 <CSWTCH.8-0x8c>:
878041e0:	48504c41 	ldmdami	r0, {r0, r6, sl, fp, lr}^
878041e4:	4d492d41 	stclmi	13, cr2, [r9, #-260]	; 0xfffffefc
878041e8:	4c553658 	mrrcmi	6, 5, r3, r5, cr8
878041ec:	43324920 	teqmi	r2, #32, 18	; 0x80000
878041f0:	53455420 	movtpl	r5, #21536	; 0x5420
878041f4:	00000054 	andeq	r0, r0, r4, asr r0
878041f8:	4d4f5441 	cfstrdmi	mvd5, [pc, #-260]	; 878040fc <main+0xbc>
878041fc:	494c4140 	stmdbmi	ip, {r6, r8, lr}^
87804200:	45544e45 	ldrbmi	r4, [r4, #-3653]	; 0xfffff1bb
87804204:	0000004b 	andeq	r0, r0, fp, asr #32
87804208:	35323032 	ldrcc	r3, [r2, #-50]!	; 0xffffffce
8780420c:	372f312f 	strcc	r3, [pc, -pc, lsr #2]!
87804210:	00000000 	andeq	r0, r0, r0
87804214:	32335041 	eorscc	r5, r3, #65	; 0x41
87804218:	20433631 	subcs	r3, r3, r1, lsr r6
8780421c:	63656843 	cmnvs	r5, #4390912	; 0x430000
87804220:	6146206b 	cmpvs	r6, fp, rrx
87804224:	64656c69 	strbtvs	r6, [r5], #-3177	; 0xfffff397
87804228:	00000021 	andeq	r0, r0, r1, lsr #32
8780422c:	61656c50 	cmnvs	r5, r0, asr ip
87804230:	43206573 			; <UNDEFINED> instruction: 0x43206573
87804234:	6b636568 	blvs	890dd7dc <__bss_end+0x18d3f64>
87804238:	20202021 	eorcs	r2, r0, r1, lsr #32
8780423c:	20202020 	eorcs	r2, r0, r0, lsr #32
87804240:	00000020 	andeq	r0, r0, r0, lsr #32
87804244:	32335041 	eorscc	r5, r3, #65	; 0x41
87804248:	20433631 	subcs	r3, r3, r1, lsr r6
8780424c:	64616552 	strbtvs	r6, [r1], #-1362	; 0xfffffaae
87804250:	00002179 	andeq	r2, r0, r9, ror r1
87804254:	3a524920 	bcc	88c966dc <__bss_end+0x148ce64>
87804258:	00000000 	andeq	r0, r0, r0
8780425c:	3a535020 	bcc	88cd82e4 <__bss_end+0x14cea6c>
87804260:	00000000 	andeq	r0, r0, r0
87804264:	3a534c41 	bcc	88cd7370 <__bss_end+0x14cdaf8>
87804268:	00000000 	andeq	r0, r0, r0

8780426c <CSWTCH.8>:
8780426c:	00000004 	andeq	r0, r0, r4
87804270:	00000003 	andeq	r0, r0, r3
87804274:	00000002 	andeq	r0, r0, r2
87804278:	00000001 	andeq	r0, r0, r1
8780427c:	00000000 	andeq	r0, r0, r0
87804280:	00000006 	andeq	r0, r0, r6
87804284:	2044434c 	subcs	r4, r4, ip, asr #6
87804288:	253d4449 	ldrcs	r4, [sp, #-1097]!	; 0xfffffbb7
8780428c:	0a0d5823 	beq	87b5a320 <__bss_end+0x350aa8>
87804290:	00000000 	andeq	r0, r0, r0

87804294 <asc2_2412>:
	...
878042c4:	0f000000 	svceq	0x00000000
878042c8:	fe0f3880 	vcmla.f16	d3, d31, d0[0], #0
878042cc:	38800f38 	stmcc	r0, {r3, r4, r5, r8, r9, sl, fp}
	...
878042e0:	00010000 	andeq	r0, r1, r0
878042e4:	00000600 	andeq	r0, r0, r0, lsl #12
878042e8:	3800000c 	stmdacc	r0, {r2, r3}
878042ec:	00310000 	eorseq	r0, r1, r0
878042f0:	00000600 	andeq	r0, r0, r0, lsl #12
878042f4:	3800000c 	stmdacc	r0, {r2, r3}
878042f8:	00300000 	eorseq	r0, r0, r0
	...
87804304:	67008061 	strvs	r8, [r0, -r1, rrx]
87804308:	80f907f8 	ldrshthi	r0, [r9], #120	; 0x78
8780430c:	00806100 	addeq	r6, r0, r0, lsl #2
87804310:	61008061 	tstvs	r0, r1, rrx
87804314:	80610080 	rsbhi	r0, r1, r0, lsl #1
87804318:	07f86700 	ldrbeq	r6, [r8, r0, lsl #14]!
8780431c:	610080f9 	strdvs	r8, [r0, -r9]
87804320:	00000080 	andeq	r0, r0, r0, lsl #1
87804324:	00000000 	andeq	r0, r0, r0
87804328:	c0010000 	andgt	r0, r1, r0
8780432c:	f0e003e0 			; <UNDEFINED> instruction: 0xf0e003e0
87804330:	04083006 	streq	r3, [r8], #-6
87804334:	ff1f0818 			; <UNDEFINED> instruction: 0xff1f0818
87804338:	080e04fe 	stmdaeq	lr, {r1, r2, r3, r4, r5, r6, r7, sl}
8780433c:	03f08707 	mvnseq	r8, #1835008	; 0x1c0000
87804340:	0000e081 	andeq	lr, r0, r1, lsl #1
87804344:	00000000 	andeq	r0, r0, r0
87804348:	0600f001 	streq	pc, [r0], -r1
8780434c:	0404000c 	streq	r0, [r4], #-12
87804350:	700c0608 	andvc	r0, ip, r8, lsl #12
87804354:	00c0f901 	sbceq	pc, r0, r1, lsl #18
87804358:	3b00000e 	blcc	87804398 <asc2_2412+0x104>
8780435c:	18ec00e0 	stmiane	ip!, {r5, r6, r7}^
87804360:	04080807 	streq	r0, [r8], #-2055	; 0xfffff7f9
87804364:	0300180c 	movweq	r1, #2060	; 0x80c
87804368:	000000e0 	andeq	r0, r0, r0, ror #1
8780436c:	00e00100 	rsceq	r0, r0, r0, lsl #2
87804370:	f803f007 			; <UNDEFINED> instruction: 0xf803f007
87804374:	081c0418 	ldmdaeq	ip, {r3, r4, sl}
87804378:	07081704 	streq	r1, [r8, -r4, lsl #14]
8780437c:	c003d0e1 	andgt	sp, r3, r1, ror #1
87804380:	b02300e0 	eorlt	r0, r3, r0, ror #1
87804384:	00083c00 	andeq	r3, r8, r0, lsl #24
87804388:	00000820 	andeq	r0, r0, r0, lsr #16
8780438c:	00000010 	andeq	r0, r0, r0, lsl r0
87804390:	01000000 	mrseq	r0, (UNDEF: 0)
87804394:	00310000 	eorseq	r0, r1, r0
87804398:	00003200 	andeq	r3, r0, r0, lsl #4
8780439c:	0000001c 	andeq	r0, r0, ip, lsl r0
	...
878043c4:	ff01007f 			; <UNDEFINED> instruction: 0xff01007f
878043c8:	f08007c0 			; <UNDEFINED> instruction: 0xf08007c0
878043cc:	1018000c 	andsne	r0, r8, ip
878043d0:	00200400 	eoreq	r0, r0, r0, lsl #8
878043d4:	00000002 	andeq	r0, r0, r2
878043d8:	20000000 	andcs	r0, r0, r0
878043dc:	00100200 	andseq	r0, r0, r0, lsl #4
878043e0:	18000c04 	stmdane	r0, {r2, sl, fp}
878043e4:	01f08007 	mvnseq	r8, r7
878043e8:	7f00c0ff 	svcvc	0x0000c0ff
	...
87804400:	66000042 	strvs	r0, [r0], -r2, asr #32
87804404:	00660000 	rsbeq	r0, r6, r0
87804408:	00003c00 	andeq	r3, r0, r0, lsl #24
8780440c:	ff030018 			; <UNDEFINED> instruction: 0xff030018
87804410:	001800c0 	andseq	r0, r8, r0, asr #1
87804414:	00003c00 	andeq	r3, r0, r0, lsl #24
87804418:	66000066 	strvs	r0, [r0], -r6, rrx
8780441c:	00420000 	subeq	r0, r2, r0
87804420:	00000000 	andeq	r0, r0, r0
87804424:	08000008 	stmdaeq	r0, {r3}
87804428:	00080000 	andeq	r0, r8, r0
8780442c:	00000800 	andeq	r0, r0, r0, lsl #16
87804430:	ff010008 			; <UNDEFINED> instruction: 0xff010008
87804434:	000800c0 	andeq	r0, r8, r0, asr #1
87804438:	00000800 	andeq	r0, r0, r0, lsl #16
8780443c:	08000008 	stmdaeq	r0, {r3}
87804440:	00080000 	andeq	r0, r8, r0
87804444:	00000000 	andeq	r0, r0, r0
87804448:	00000100 	andeq	r0, r0, r0, lsl #2
8780444c:	32000031 	andcc	r0, r0, #49	; 0x31
87804450:	001c0000 	andseq	r0, ip, r0
	...
8780446c:	08000008 	stmdaeq	r0, {r3}
87804470:	00080000 	andeq	r0, r8, r0
87804474:	00000800 	andeq	r0, r0, r0, lsl #16
87804478:	08000008 	stmdaeq	r0, {r3}
8780447c:	00080000 	andeq	r0, r8, r0
87804480:	00000800 	andeq	r0, r0, r0, lsl #16
87804484:	08000008 	stmdaeq	r0, {r3}
	...
87804494:	38000038 	stmdacc	r0, {r3, r4, r5}
87804498:	00380000 	eorseq	r0, r8, r0
	...
878044b4:	00000600 	andeq	r0, r0, r0, lsl #12
878044b8:	7000001c 	andvc	r0, r0, ip, lsl r0
878044bc:	00800100 	addeq	r0, r0, r0, lsl #2
878044c0:	3800000e 	stmdacc	r0, {r1, r2, r3}
878044c4:	00c00000 	sbceq	r0, r0, r0
878044c8:	1c000007 	stcne	0, cr0, [r0], {7}
878044cc:	00300000 	eorseq	r0, r0, r0
	...
878044d8:	ff01807f 			; <UNDEFINED> instruction: 0xff01807f
878044dc:	708003e0 	addvc	r0, r0, r0, ror #7
878044e0:	04180006 	ldreq	r0, [r8], #-6
878044e4:	00040800 	andeq	r0, r4, r0, lsl #16
878044e8:	18000608 	stmdane	r0, {r3, r9, sl}
878044ec:	01708003 	cmneq	r0, r3
878044f0:	7f00e0ff 	svcvc	0x0000e0ff
878044f4:	00000080 	andeq	r0, r0, r0, lsl #1
878044f8:	00000000 	andeq	r0, r0, r0
878044fc:	00010000 	andeq	r0, r1, r0
87804500:	08000108 	stmdaeq	r0, {r3, r8}
87804504:	03080001 	movweq	r0, #32769	; 0x8001
87804508:	ff07f8ff 			; <UNDEFINED> instruction: 0xff07f8ff
8780450c:	080000f8 	stmdaeq	r0, {r3, r4, r5, r6, r7}
87804510:	00080000 	andeq	r0, r8, r0
87804514:	00000800 	andeq	r0, r0, r0, lsl #16
87804518:	00000000 	andeq	r0, r0, r0
8780451c:	01000000 	mrseq	r0, (UNDEF: 0)
87804520:	c00238c0 	andgt	r3, r2, r0, asr #17
87804524:	98000458 	stmdals	r0, {r3, r4, r6, sl}
87804528:	04180104 	ldreq	r0, [r8], #-260	; 0xfffffefc
8780452c:	04041802 	streq	r1, [r4], #-2050	; 0xfffff7fe
87804530:	181c0618 	ldmdane	ip, {r3, r4, r9, sl}
87804534:	0118f803 	tsteq	r8, r3, lsl #16	; <UNPREDICTABLE>
87804538:	0000f8e0 	andeq	pc, r0, r0, ror #17
8780453c:	00000000 	andeq	r0, r0, r0
87804540:	01000000 	mrseq	r0, (UNDEF: 0)
87804544:	c003e0c0 	andgt	lr, r3, r0, asr #1
87804548:	080004f0 	stmdaeq	r0, {r4, r5, r6, r7, sl}
8780454c:	04080804 	streq	r0, [r8], #-2052	; 0xfffff7fc
87804550:	18060808 	stmdane	r6, {r3, fp}
87804554:	18f40308 	ldmne	r4!, {r3, r8, r9}^
87804558:	00f0e701 	rscseq	lr, r0, r1, lsl #14
8780455c:	0000e001 	andeq	lr, r0, r1
	...
87804568:	0d000003 	stceq	0, cr0, [r0, #-12]
8780456c:	00110000 	andseq	r0, r1, r0
87804570:	00006100 	andeq	r6, r0, r0, lsl #2
87804574:	01030881 	smlabbeq	r3, r1, r8, r0
87804578:	f8ff0708 			; <UNDEFINED> instruction: 0xf8ff0708
8780457c:	00f8ff0f 	rscseq	pc, r8, pc, lsl #30
87804580:	01000801 	tsteq	r0, r1, lsl #16
87804584:	00000008 	andeq	r0, r0, r8
87804588:	00000000 	andeq	r0, r0, r0
8780458c:	fc07e000 	stc2	0, cr14, [r7], {-0}
87804590:	080806d0 	stmdaeq	r8, {r4, r6, r7, r9, sl}
87804594:	06081006 	streq	r1, [r8], -r6
87804598:	10060810 	andne	r0, r6, r0, lsl r8
8780459c:	38180608 	ldmdacc	r8, {r3, r9, sl}
878045a0:	06f00f06 	ldrbteq	r0, [r0], r6, lsl #30
878045a4:	0000c007 	andeq	ip, r0, r7
	...
878045b0:	ff01803f 			; <UNDEFINED> instruction: 0xff01803f
878045b4:	308403e0 	addcc	r0, r4, r0, ror #7
878045b8:	04180802 	ldreq	r0, [r8], #-2050	; 0xfffff7fe
878045bc:	10040810 	andne	r0, r4, r0, lsl r8
878045c0:	08100408 	ldmdaeq	r0, {r3, sl}
878045c4:	03101807 	tsteq	r0, #458752	; 0x70000
878045c8:	0700f00f 	streq	pc, [r0, -pc]
878045cc:	000000c0 	andeq	r0, r0, r0, asr #1
878045d0:	00000000 	andeq	r0, r0, r0
878045d4:	c0030000 	andgt	r0, r3, r0
878045d8:	00000700 	andeq	r0, r0, r0, lsl #14
878045dc:	06000006 	streq	r0, [r0], -r6
878045e0:	0706f800 	streq	pc, [r6, -r0, lsl #16]
878045e4:	001806f8 			; <UNDEFINED> instruction: 0x001806f8
878045e8:	0700e006 	streq	lr, [r0, -r6]
878045ec:	00060000 	andeq	r0, r6, r0
878045f0:	00000000 	andeq	r0, r0, r0
878045f4:	01000000 	mrseq	r0, (UNDEF: 0)
878045f8:	f703e0e1 			; <UNDEFINED> instruction: 0xf703e0e1
878045fc:	103406f0 	ldrshtne	r0, [r4], -r0
87804600:	04081804 	streq	r1, [r8], #-2052	; 0xfffff7fc
87804604:	0c040818 	stceq	8, cr0, [r4], {24}
87804608:	080c0408 	stmdaeq	ip, {r3, sl}
8780460c:	03181606 	tsteq	r8, #6291456	; 0x600000
87804610:	c101f0f3 	strdgt	pc, [r1, -r3]
87804614:	000000e0 	andeq	r0, r0, r0, ror #1
87804618:	00000000 	andeq	r0, r0, r0
8780461c:	fc0300f8 	stc2	0, cr0, [r3], {248}	; 0xf8
87804620:	38060330 	stmdacc	r6, {r4, r5, r8, r9}
87804624:	04080204 	streq	r0, [r8], #-516	; 0xfffffdfc
87804628:	02040802 	andeq	r0, r4, #131072	; 0x20000
8780462c:	10040408 	andne	r0, r4, r8, lsl #8
87804630:	01f00803 	mvnseq	r0, r3, lsl #16
87804634:	7f00c0ff 	svcvc	0x0000c0ff
	...
8780464c:	70003870 	andvc	r3, r0, r0, ror r8
87804650:	38700038 	ldmdacc	r0!, {r3, r4, r5}^
	...
87804670:	30001a30 	andcc	r1, r0, r0, lsr sl
87804674:	0000001c 	andeq	r0, r0, ip, lsl r0
	...
87804688:	08000000 	stmdaeq	r0, {}	; <UNPREDICTABLE>
8780468c:	00140000 	andseq	r0, r4, r0
87804690:	00002200 	andeq	r2, r0, r0, lsl #4
87804694:	80000041 	andhi	r0, r0, r1, asr #32
87804698:	40000180 	andmi	r0, r0, r0, lsl #3
8780469c:	04200002 	strteq	r0, [r0], #-2
878046a0:	00081000 	andeq	r1, r8, r0
878046a4:	00000008 	andeq	r0, r0, r8
878046a8:	00000000 	andeq	r0, r0, r0
878046ac:	21000021 	tstcs	r0, r1, lsr #32
878046b0:	00210000 	eoreq	r0, r1, r0
878046b4:	00002100 	andeq	r2, r0, r0, lsl #2
878046b8:	21000021 	tstcs	r0, r1, lsr #32
878046bc:	00210000 	eoreq	r0, r1, r0
878046c0:	00002100 	andeq	r2, r0, r0, lsl #2
878046c4:	21000021 	tstcs	r0, r1, lsr #32
	...
878046d0:	00080000 	andeq	r0, r8, r0
878046d4:	10000408 	andne	r0, r0, r8, lsl #8
878046d8:	01200002 			; <UNDEFINED> instruction: 0x01200002
878046dc:	80004000 	andhi	r4, r0, r0
878046e0:	00410080 	subeq	r0, r1, r0, lsl #1
878046e4:	00002200 	andeq	r2, r0, r0, lsl #4
878046e8:	08000014 	stmdaeq	r0, {r2, r4}
878046ec:	00000000 	andeq	r0, r0, r0
878046f0:	03000000 	movweq	r0, #0
878046f4:	c00400c0 	andgt	r0, r4, r0, asr #1
878046f8:	00000400 	andeq	r0, r0, r0, lsl #8
878046fc:	08380008 	ldmdaeq	r8!, {r3}
87804700:	0808380f 	stmdaeq	r8, {r0, r1, r2, r3, fp, ip, sp}
87804704:	00100838 	andseq	r0, r0, r8, lsr r8
87804708:	0700300c 	streq	r3, [r0, -ip]
8780470c:	c00300e0 	andgt	r0, r3, r0, ror #1
	...
87804718:	ff00803f 			; <UNDEFINED> instruction: 0xff00803f
8780471c:	708003e0 	addvc	r0, r0, r0, ror #7
87804720:	06100f02 	ldreq	r0, [r0], -r2, lsl #30
87804724:	c0048870 	andgt	r8, r4, r0, ror r8
87804728:	08830488 	stmeq	r3, {r3, r7, sl}
8780472c:	02887f04 	addeq	r7, r8, #4, 30
87804730:	010390c0 	smlabteq	r3, r0, r0, r9
87804734:	40fe0020 	rscsmi	r0, lr, r0, lsr #32
87804738:	00080000 	andeq	r0, r8, r0
8780473c:	01001800 	tsteq	r0, r0, lsl #16
87804740:	083e00f8 	ldmdaeq	lr!, {r3, r4, r5, r6, r7}
87804744:	0700c201 	streq	ip, [r0, -r1, lsl #4]
87804748:	e2070002 	and	r0, r7, #2
8780474c:	00fe0000 	rscseq	r0, lr, r0
87804750:	00c81f00 	sbceq	r1, r8, r0, lsl #30
87804754:	0000f801 	andeq	pc, r0, r1, lsl #16
87804758:	08000038 	stmdaeq	r0, {r3, r4, r5}
8780475c:	07080004 	streq	r0, [r8, -r4]
87804760:	ff07f8ff 			; <UNDEFINED> instruction: 0xff07f8ff
87804764:	080804f8 	stmdaeq	r8, {r3, r4, r5, r6, r7, sl}
87804768:	04080804 	streq	r0, [r8], #-2052	; 0xfffff7fc
8780476c:	08040808 	stmdaeq	r4, {r3, fp}
87804770:	08180608 	ldmdaeq	r8, {r3, r9, sl}
87804774:	0118f403 	tsteq	r8, r3, lsl #8	; <UNPREDICTABLE>
87804778:	0100f0e7 	smlatteq	r0, r7, r0, pc	; <UNPREDICTABLE>
8780477c:	000000e0 	andeq	r0, r0, r0, ror #1
87804780:	00000000 	andeq	r0, r0, r0
87804784:	ff01803f 			; <UNDEFINED> instruction: 0xff01803f
87804788:	708003e0 	addvc	r0, r0, r0, ror #7
8780478c:	04180002 	ldreq	r0, [r8], #-2
87804790:	00040800 	andeq	r0, r4, r0, lsl #16
87804794:	08000408 	stmdaeq	r0, {r3, sl}
87804798:	06100004 	ldreq	r0, [r0], -r4
8780479c:	80072000 	andhi	r2, r7, r0
878047a0:	000000c0 	andeq	r0, r0, r0, asr #1
878047a4:	07080004 	streq	r0, [r8, -r4]
878047a8:	ff07f8ff 			; <UNDEFINED> instruction: 0xff07f8ff
878047ac:	080004f8 	stmdaeq	r0, {r3, r4, r5, r6, r7, sl}
878047b0:	04080004 	streq	r0, [r8], #-4
878047b4:	00040800 	andeq	r0, r4, r0, lsl #16
878047b8:	10000218 	andne	r0, r0, r8, lsl r2
878047bc:	01708003 	cmneq	r0, r3
878047c0:	7f00e0ff 	svcvc	0x0000e0ff
878047c4:	00000080 	andeq	r0, r0, r0, lsl #1
878047c8:	07080004 	streq	r0, [r8, -r4]
878047cc:	ff07f8ff 			; <UNDEFINED> instruction: 0xff07f8ff
878047d0:	080804f8 	stmdaeq	r8, {r3, r4, r5, r6, r7, sl}
878047d4:	04080804 	streq	r0, [r8], #-2052	; 0xfffff7fc
878047d8:	08040808 	stmdaeq	r4, {r3, fp}
878047dc:	083e0408 	ldmdaeq	lr!, {r3, sl}
878047e0:	06080004 	streq	r0, [r8], -r4
878047e4:	00011800 	andeq	r1, r1, r0, lsl #16
878047e8:	00000060 	andeq	r0, r0, r0, rrx
878047ec:	07080004 	streq	r0, [r8, -r4]
878047f0:	ff07f8ff 			; <UNDEFINED> instruction: 0xff07f8ff
878047f4:	080804f8 	stmdaeq	r8, {r3, r4, r5, r6, r7, sl}
878047f8:	04000804 	streq	r0, [r0], #-2052	; 0xfffff7fc
878047fc:	08040008 	stmdaeq	r4, {r3}
87804800:	003e0400 	eorseq	r0, lr, r0, lsl #8
87804804:	06000006 	streq	r0, [r0], -r6
87804808:	80010000 	andhi	r0, r1, r0
	...
87804814:	ff01803f 			; <UNDEFINED> instruction: 0xff01803f
87804818:	708003e0 	addvc	r0, r0, r0, ror #7
8780481c:	04180006 	ldreq	r0, [r8], #-6
87804820:	02040800 	andeq	r0, r4, #0, 16
87804824:	08020408 	stmdaeq	r2, {r3, sl}
87804828:	07f00302 	ldrbeq	r0, [r0, r2, lsl #6]!
8780482c:	0200f083 	andeq	pc, r0, #131	; 0x83
87804830:	00020000 	andeq	r0, r2, r0
87804834:	07080004 	streq	r0, [r8, -r4]
87804838:	ff07f8ff 			; <UNDEFINED> instruction: 0xff07f8ff
8780483c:	080804f8 	stmdaeq	r8, {r3, r4, r5, r6, r7, sl}
87804840:	00000800 	andeq	r0, r0, r0, lsl #16
87804844:	08000008 	stmdaeq	r0, {r3}
87804848:	00080000 	andeq	r0, r8, r0
8780484c:	07080804 	streq	r0, [r8, -r4, lsl #16]
87804850:	ff07f8ff 			; <UNDEFINED> instruction: 0xff07f8ff
87804854:	080004f8 	stmdaeq	r0, {r3, r4, r5, r6, r7, sl}
87804858:	00000000 	andeq	r0, r0, r0
8780485c:	00040000 	andeq	r0, r4, r0
87804860:	08000408 	stmdaeq	r0, {r3, sl}
87804864:	07080004 	streq	r0, [r8, -r4]
87804868:	ff07f8ff 			; <UNDEFINED> instruction: 0xff07f8ff
8780486c:	080004f8 	stmdaeq	r0, {r3, r4, r5, r6, r7, sl}
87804870:	04080004 	streq	r0, [r8], #-4
87804874:	00000800 	andeq	r0, r0, r0, lsl #16
	...
87804880:	00000600 	andeq	r0, r0, r0, lsl #12
87804884:	01000007 	tsteq	r0, r7
87804888:	04010004 	streq	r0, [r1], #-4
8780488c:	00040100 	andeq	r0, r4, r0, lsl #2
87804890:	feff0703 	cdp2	7, 15, cr0, cr15, cr3, {0}
87804894:	04fcff07 	ldrbteq	pc, [ip], #3847	; 0xf07	; <UNPREDICTABLE>
87804898:	00040000 	andeq	r0, r4, r0
8780489c:	00000400 	andeq	r0, r0, r0, lsl #8
878048a0:	07080004 	streq	r0, [r8, -r4]
878048a4:	ff07f8ff 			; <UNDEFINED> instruction: 0xff07f8ff
878048a8:	080c04f8 	stmdaeq	ip, {r3, r4, r5, r6, r7, sl}
878048ac:	00001800 	andeq	r1, r0, r0, lsl #16
878048b0:	c704003e 	smladxgt	r4, lr, r0, r0
878048b4:	c8030580 	stmdagt	r3, {r7, r8, sl}
878048b8:	04f80006 	ldrbteq	r0, [r8], #6
878048bc:	00043800 	andeq	r3, r4, r0, lsl #16
878048c0:	08000018 	stmdaeq	r0, {r3, r4}
878048c4:	07080004 	streq	r0, [r8, -r4]
878048c8:	ff07f8ff 			; <UNDEFINED> instruction: 0xff07f8ff
878048cc:	080004f8 	stmdaeq	r0, {r3, r4, r5, r6, r7, sl}
878048d0:	00080000 	andeq	r0, r8, r0
878048d4:	00000800 	andeq	r0, r0, r0, lsl #16
878048d8:	08000008 	stmdaeq	r0, {r3}
878048dc:	00080000 	andeq	r0, r8, r0
878048e0:	00001800 	andeq	r1, r0, r0, lsl #16
878048e4:	00000060 	andeq	r0, r0, r0, rrx
878048e8:	07080004 	streq	r0, [r8, -r4]
878048ec:	8007f8ff 	strdhi	pc, [r7], -pc	; <UNPREDICTABLE>
878048f0:	00fc0708 	rscseq	r0, ip, r8, lsl #14
878048f4:	00c07f00 	sbceq	r7, r0, r0, lsl #30
878048f8:	0700f803 	streq	pc, [r0, -r3, lsl #16]
878048fc:	007800c0 	rsbseq	r0, r8, r0, asr #1
87804900:	07088007 	streq	r8, [r8, -r7]
87804904:	ff07f8ff 			; <UNDEFINED> instruction: 0xff07f8ff
87804908:	080004f8 	stmdaeq	r0, {r3, r4, r5, r6, r7, sl}
8780490c:	07080004 	streq	r0, [r8, -r4]
87804910:	0007f8ff 	strdeq	pc, [r7], -pc	; <UNPREDICTABLE>
87804914:	00c00308 	sbceq	r0, r0, r8, lsl #6
87804918:	0000e000 	andeq	lr, r0, r0
8780491c:	1e000038 	mcrne	0, 0, r0, cr0, cr8, {1}
87804920:	00070000 	andeq	r0, r7, r0
87804924:	04c00100 	strbeq	r0, [r0], #256	; 0x100
87804928:	ff07f000 			; <UNDEFINED> instruction: 0xff07f000
8780492c:	000004f8 	strdeq	r0, [r0], -r8
87804930:	00000000 	andeq	r0, r0, r0
87804934:	ff01807f 			; <UNDEFINED> instruction: 0xff01807f
87804938:	708003e0 	addvc	r0, r0, r0, ror #7
8780493c:	04180006 	ldreq	r0, [r8], #-6
87804940:	00040800 	andeq	r0, r4, r0, lsl #16
87804944:	18000608 	stmdane	r0, {r3, r9, sl}
87804948:	01300003 	teqeq	r0, r3
8780494c:	7f00e0ff 	svcvc	0x0000e0ff
87804950:	00000080 	andeq	r0, r0, r0, lsl #1
87804954:	07080004 	streq	r0, [r8, -r4]
87804958:	ff07f8ff 			; <UNDEFINED> instruction: 0xff07f8ff
8780495c:	080404f8 	stmdaeq	r4, {r3, r4, r5, r6, r7, sl}
87804960:	04000404 	streq	r0, [r0], #-1028	; 0xfffffbfc
87804964:	04040004 	streq	r0, [r4], #-4
87804968:	00040400 	andeq	r0, r4, r0, lsl #8
8780496c:	03000c06 	movweq	r0, #3078	; 0xc06
87804970:	f00100f8 			; <UNDEFINED> instruction: 0xf00100f8
	...
8780497c:	ff01807f 			; <UNDEFINED> instruction: 0xff01807f
87804980:	708003e0 	addvc	r0, r0, r0, ror #7
87804984:	04880006 	streq	r0, [r8], #6
87804988:	00048800 	andeq	r8, r4, r0, lsl #16
8780498c:	3c0006c8 	stccc	6, cr0, [r0], {200}	; 0xc8
87804990:	013e0003 	teqeq	lr, r3
87804994:	7f00e6ff 	svcvc	0x0000e6ff
87804998:	00000084 	andeq	r0, r0, r4, lsl #1
8780499c:	07080004 	streq	r0, [r8, -r4]
878049a0:	ff07f8ff 			; <UNDEFINED> instruction: 0xff07f8ff
878049a4:	080804f8 	stmdaeq	r8, {r3, r4, r5, r6, r7, sl}
878049a8:	04000804 	streq	r0, [r0], #-2052	; 0xfffff7fc
878049ac:	0f04000c 	svceq	0x0004000c
878049b0:	c00b0400 	andgt	r0, fp, r0, lsl #8
878049b4:	03f01006 	mvnseq	r1, #6
878049b8:	e00138f0 	strd	r3, [r1], -r0
878049bc:	08000008 	stmdaeq	r0, {r3}
878049c0:	01000000 	mrseq	r0, (UNDEF: 0)
878049c4:	f003f8e0 			; <UNDEFINED> instruction: 0xf003f8e0
878049c8:	10300630 	eorsne	r0, r0, r0, lsr r6
878049cc:	04081804 	streq	r1, [r8], #-2052	; 0xfffff7fc
878049d0:	0c040818 	stceq	8, cr0, [r4], {24}
878049d4:	080c0408 	stmdaeq	ip, {r3, sl}
878049d8:	02180602 	andseq	r0, r8, #2097152	; 0x200000
878049dc:	8107f007 	tsthi	r7, r7	; <UNPREDICTABLE>
878049e0:	000000e0 	andeq	r0, r0, r0, ror #1
878049e4:	06008001 	streq	r8, [r0], -r1
878049e8:	00040000 	andeq	r0, r4, r0
878049ec:	00000400 	andeq	r0, r0, r0, lsl #8
878049f0:	07080004 	streq	r0, [r8, -r4]
878049f4:	ff07f8ff 			; <UNDEFINED> instruction: 0xff07f8ff
878049f8:	080004f8 	stmdaeq	r0, {r3, r4, r5, r6, r7, sl}
878049fc:	04000004 	streq	r0, [r0], #-4
87804a00:	00060000 	andeq	r0, r6, r0
87804a04:	00800100 	addeq	r0, r0, r0, lsl #2
87804a08:	07000004 	streq	r0, [r0, -r4]
87804a0c:	ff07e0ff 			; <UNDEFINED> instruction: 0xff07e0ff
87804a10:	180004f0 	stmdane	r0, {r4, r5, r6, r7, sl}
87804a14:	00080000 	andeq	r0, r8, r0
87804a18:	00000800 	andeq	r0, r0, r0, lsl #16
87804a1c:	08000008 	stmdaeq	r0, {r3}
87804a20:	04080000 	streq	r0, [r8], #-0
87804a24:	ff071000 			; <UNDEFINED> instruction: 0xff071000
87804a28:	000004e0 	andeq	r0, r0, r0, ror #9
87804a2c:	06000004 	streq	r0, [r0], -r4
87804a30:	e0070000 	and	r0, r7, r0
87804a34:	00fe0700 	rscseq	r0, lr, r0, lsl #14
87804a38:	00e01f04 	rsceq	r1, r0, r4, lsl #30
87804a3c:	0000f801 	andeq	pc, r0, r1, lsl #16
87804a40:	e0010038 	and	r0, r1, r8, lsr r0
87804a44:	07003e04 	streq	r3, [r0, -r4, lsl #28]
87804a48:	000600c0 	andeq	r0, r6, r0, asr #1
87804a4c:	00000400 	andeq	r0, r0, r0, lsl #8
87804a50:	07000004 	streq	r0, [r0, -r4]
87804a54:	ff0700e0 			; <UNDEFINED> instruction: 0xff0700e0
87804a58:	f81f04c0 			; <UNDEFINED> instruction: 0xf81f04c0
87804a5c:	07c00700 	strbeq	r0, [r0, r0, lsl #14]
87804a60:	ff0700f8 			; <UNDEFINED> instruction: 0xff0700f8
87804a64:	f83f0480 			; <UNDEFINED> instruction: 0xf83f0480
87804a68:	04c00700 	strbeq	r0, [r0], #1792	; 0x700
87804a6c:	000700f8 	strdeq	r0, [r7], -r8
87804a70:	00000400 	andeq	r0, r0, r0, lsl #8
87804a74:	04000000 	streq	r0, [r0], #-0
87804a78:	00060800 	andeq	r0, r6, r0, lsl #16
87804a7c:	78c00718 	stmiavc	r0, {r3, r4, r8, r9, sl}^
87804a80:	00c8f105 	sbceq	pc, r8, r5, lsl #2
87804a84:	1f00003e 	svcne	0x0000003e
87804a88:	e8630480 	stmda	r3!, {r7, sl}^
87804a8c:	06f88007 	ldrbteq	r8, [r8], r7
87804a90:	00041800 	andeq	r1, r4, r0, lsl #16
87804a94:	00000008 	andeq	r0, r0, r8
87804a98:	06000004 	streq	r0, [r0], -r4
87804a9c:	80070000 	andhi	r0, r7, r0
87804aa0:	08e00700 	stmiaeq	r0!, {r8, r9, sl}^
87804aa4:	00087c04 	andeq	r7, r8, r4, lsl #24
87804aa8:	0700f81f 	smuadeq	r0, pc, r8	; <UNPREDICTABLE>
87804aac:	081800f8 	ldmdaeq	r8, {r3, r4, r5, r6, r7}
87804ab0:	0708e004 	streq	lr, [r8, -r4]
87804ab4:	00060000 	andeq	r0, r6, r0
87804ab8:	00000400 	andeq	r0, r0, r0, lsl #8
87804abc:	01000000 	mrseq	r0, (UNDEF: 0)
87804ac0:	00060800 	andeq	r0, r6, r0, lsl #16
87804ac4:	f8000438 			; <UNDEFINED> instruction: 0xf8000438
87804ac8:	04e80304 	strbteq	r0, [r8], #772	; 0x304
87804acc:	7c04080f 	stcvc	8, cr0, [r4], {15}
87804ad0:	08f00508 	ldmeq	r0!, {r3, r8, sl}^
87804ad4:	0708c007 	streq	ip, [r8, -r7]
87804ad8:	00041800 	andeq	r1, r4, r0, lsl #16
87804adc:	00000060 	andeq	r0, r0, r0, rrx
	...
87804aec:	3f000000 	svccc	0x00000000
87804af0:	0020feff 	strdeq	pc, [r0], -pc	; <UNPREDICTABLE>
87804af4:	02002002 	andeq	r2, r0, #2
87804af8:	20020020 	andcs	r0, r2, r0, lsr #32
87804afc:	00200200 	eoreq	r0, r0, r0, lsl #4
87804b00:	00000002 	andeq	r0, r0, r2
87804b04:	00000000 	andeq	r0, r0, r0
87804b08:	00080000 	andeq	r0, r8, r0
87804b0c:	00000700 	andeq	r0, r0, r0, lsl #14
87804b10:	0000c000 	andeq	ip, r0, r0
87804b14:	06000038 			; <UNDEFINED> instruction: 0x06000038
87804b18:	c0010000 	andgt	r0, r1, r0
87804b1c:	00300000 	eorseq	r0, r0, r0
87804b20:	00000e00 	andeq	r0, r0, r0, lsl #28
87804b24:	00000001 	andeq	r0, r0, r1
87804b28:	00000000 	andeq	r0, r0, r0
87804b2c:	00200000 	eoreq	r0, r0, r0
87804b30:	02002002 	andeq	r2, r0, #2
87804b34:	20020020 	andcs	r0, r2, r0, lsr #32
87804b38:	00200200 	eoreq	r0, r0, r0, lsl #4
87804b3c:	feff3f02 	cdp2	15, 15, cr3, cr15, cr2, {0}
	...
87804b54:	00000800 	andeq	r0, r0, r0, lsl #16
87804b58:	30000010 	andcc	r0, r0, r0, lsl r0
87804b5c:	00200000 	eoreq	r0, r0, r0
87804b60:	00003000 	andeq	r3, r0, r0
87804b64:	08000010 	stmdaeq	r0, {r4}
	...
87804b70:	00010000 	andeq	r0, r1, r0
87804b74:	00000100 	andeq	r0, r0, r0, lsl #2
87804b78:	01000001 	tsteq	r0, r1
87804b7c:	00010000 	andeq	r0, r1, r0
87804b80:	00000100 	andeq	r0, r0, r0, lsl #2
87804b84:	01000001 	tsteq	r0, r1
87804b88:	00010000 	andeq	r0, r1, r0
87804b8c:	00000100 	andeq	r0, r0, r0, lsl #2
87804b90:	01000001 	tsteq	r0, r1
	...
87804b9c:	00002000 	andeq	r2, r0, r0
87804ba0:	10000020 	andne	r0, r0, r0, lsr #32
87804ba4:	00100000 	andseq	r0, r0, r0
	...
87804bbc:	1900f000 	stmdbne	r0, {ip, sp, lr, pc}
87804bc0:	181b00f8 	ldmdane	fp, {r3, r4, r5, r6, r7}
87804bc4:	00082200 	andeq	r2, r8, r0, lsl #4
87804bc8:	24000826 	strcs	r0, [r0], #-2086	; 0xfffff7da
87804bcc:	10240008 	eorne	r0, r4, r8
87804bd0:	00f83f00 	rscseq	r3, r8, r0, lsl #30
87804bd4:	0000f81f 	andeq	pc, r0, pc, lsl r8	; <UNPREDICTABLE>
87804bd8:	18000008 	stmdane	r0, {r3}
87804bdc:	04000000 	streq	r0, [r0], #-0
87804be0:	ff070000 			; <UNDEFINED> instruction: 0xff070000
87804be4:	f0ff0ff8 			; <UNDEFINED> instruction: 0xf0ff0ff8
87804be8:	00181800 	andseq	r1, r8, r0, lsl #16
87804bec:	20000810 	andcs	r0, r0, r0, lsl r8
87804bf0:	08200008 	stmdaeq	r0!, {r3}
87804bf4:	00183000 	andseq	r3, r8, r0
87804bf8:	0f00f01f 	svceq	0x0000f01f
87804bfc:	000000c0 	andeq	r0, r0, r0, asr #1
87804c00:	00000000 	andeq	r0, r0, r0
87804c04:	1f00c007 	svcne	0x0000c007
87804c08:	301800f0 	ldrshcc	r0, [r8], -r0	; <UNPREDICTABLE>
87804c0c:	00082000 	andeq	r2, r8, r0
87804c10:	20000820 	andcs	r0, r0, r0, lsr #16
87804c14:	083c0008 	ldmdaeq	ip!, {r3}
87804c18:	00101c00 	andseq	r1, r0, r0, lsl #24
87804c1c:	00006000 	andeq	r6, r0, r0
	...
87804c28:	1f00c007 	svcne	0x0000c007
87804c2c:	183800f0 	ldmdane	r8!, {r4, r5, r6, r7}
87804c30:	00082000 	andeq	r2, r8, r0
87804c34:	20000820 	andcs	r0, r0, r0, lsr #16
87804c38:	10100408 	andsne	r0, r0, r8, lsl #8
87804c3c:	0ff8ff07 	svceq	0x00f8ff07
87804c40:	0000f0ff 	strdeq	pc, [r0], -pc	; <UNPREDICTABLE>
87804c44:	00000010 	andeq	r0, r0, r0, lsl r0
87804c48:	00000000 	andeq	r0, r0, r0
87804c4c:	07000000 	streq	r0, [r0, -r0]
87804c50:	f01f00c0 			; <UNDEFINED> instruction: 0xf01f00c0
87804c54:	00301200 	eorseq	r1, r0, r0, lsl #4
87804c58:	22001822 	andcs	r1, r0, #2228224	; 0x220000
87804c5c:	08220008 	stmdaeq	r2!, {r3}
87804c60:	00083200 	andeq	r3, r8, r0, lsl #4
87804c64:	0e00101e 	mcreq	0, 0, r1, cr0, cr14, {0}
87804c68:	00000020 	andeq	r0, r0, r0, lsr #32
87804c6c:	00000000 	andeq	r0, r0, r0
87804c70:	20000020 	andcs	r0, r0, r0, lsr #32
87804c74:	08200008 	stmdaeq	r0!, {r3}
87804c78:	03f8ff01 	mvnseq	pc, #1, 30
87804c7c:	2006f8ff 	strdcs	pc, [r6], -pc	; <UNPREDICTABLE>
87804c80:	08200408 	stmdaeq	r0!, {r3, sl}
87804c84:	07082004 	streq	r2, [r8, -r4]
87804c88:	00030020 	andeq	r0, r3, r0, lsr #32
	...
87804c94:	0e000e00 	cdpeq	14, 0, cr0, cr0, cr0, {0}
87804c98:	f31f006e 	vhadd.u16	q0, <illegal reg q7.5>, q15
87804c9c:	00b13100 	adcseq	r3, r1, r0, lsl #2
87804ca0:	2000b120 	andcs	fp, r0, r0, lsr #2
87804ca4:	913100b1 	ldrhls	r0, [r1, -r1]!
87804ca8:	00131f00 	andseq	r1, r3, r0, lsl #30
87804cac:	20001e2e 	andcs	r1, r0, lr, lsr #28
87804cb0:	0030000e 	eorseq	r0, r0, lr
87804cb4:	04000000 	streq	r0, [r0], #-0
87804cb8:	ff070800 	vcmla.f16	d0, d7, d0[0], #0
87804cbc:	f8ff0ff8 			; <UNDEFINED> instruction: 0xf8ff0ff8
87804cc0:	00081000 	andeq	r1, r8, r0
87804cc4:	20000020 	andcs	r0, r0, r0, lsr #32
87804cc8:	08200000 	stmdaeq	r0!, {}	; <UNPREDICTABLE>
87804ccc:	00f83f00 	rscseq	r3, r8, r0, lsl #30
87804cd0:	0000f81f 	andeq	pc, r0, pc, lsl r8	; <UNPREDICTABLE>
87804cd4:	00000008 	andeq	r0, r0, r8
87804cd8:	00000000 	andeq	r0, r0, r0
87804cdc:	20000000 	andcs	r0, r0, r0
87804ce0:	08200008 	stmdaeq	r0!, {r3}
87804ce4:	06082000 	streq	r2, [r8], -r0
87804ce8:	3f06f83f 	svccc	0x0006f83f
87804cec:	080000f8 	stmdaeq	r0, {r3, r4, r5, r6, r7}
87804cf0:	00080000 	andeq	r0, r8, r0
87804cf4:	00000800 	andeq	r0, r0, r0, lsl #16
	...
87804d04:	03000003 	movweq	r0, #3
87804d08:	00012000 	andeq	r2, r1, r0
87804d0c:	20000120 	andcs	r0, r0, r0, lsr #2
87804d10:	fe3f0603 	cdp2	6, 3, cr0, cr15, cr3, {0}
87804d14:	00fc3f06 	rscseq	r3, ip, r6, lsl #30
	...
87804d20:	04000000 	streq	r0, [r0], #-0
87804d24:	ff070800 	vcmla.f16	d0, d7, d0[0], #0
87804d28:	f8ff0ff8 			; <UNDEFINED> instruction: 0xf8ff0ff8
87804d2c:	00880100 	addeq	r0, r8, r0, lsl #2
87804d30:	2f000003 	svccs	0x00000003
87804d34:	f83800c0 			; <UNDEFINED> instruction: 0xf83800c0
87804d38:	00382000 	eorseq	r2, r8, r0
87804d3c:	00000820 	andeq	r0, r0, r0, lsr #16
87804d40:	00000008 	andeq	r0, r0, r8
87804d44:	00000000 	andeq	r0, r0, r0
87804d48:	00040000 	andeq	r0, r4, r0
87804d4c:	08000408 	stmdaeq	r0, {r3, sl}
87804d50:	07080004 	streq	r0, [r8, -r4]
87804d54:	ff0ff8ff 			; <UNDEFINED> instruction: 0xff0ff8ff
87804d58:	080000f8 	stmdaeq	r0, {r3, r4, r5, r6, r7}
87804d5c:	00080000 	andeq	r0, r8, r0
87804d60:	00000800 	andeq	r0, r0, r0, lsl #16
87804d64:	00000000 	andeq	r0, r0, r0
87804d68:	00082000 	andeq	r2, r8, r0
87804d6c:	3f00f83f 	svccc	0x0000f83f
87804d70:	081000f8 	ldmdaeq	r0, {r3, r4, r5, r6, r7}
87804d74:	00002000 	andeq	r2, r0, r0
87804d78:	3f00f83f 	svccc	0x0000f83f
87804d7c:	081000f8 	ldmdaeq	r0, {r3, r4, r5, r6, r7}
87804d80:	00002000 	andeq	r2, r0, r0
87804d84:	3f00f83f 	svccc	0x0000f83f
87804d88:	080000f8 	stmdaeq	r0, {r3, r4, r5, r6, r7}
87804d8c:	00000000 	andeq	r0, r0, r0
87804d90:	3f000820 	svccc	0x00000820
87804d94:	f83f00f8 			; <UNDEFINED> instruction: 0xf83f00f8
87804d98:	00081000 	andeq	r1, r8, r0
87804d9c:	20000010 	andcs	r0, r0, r0, lsl r0
87804da0:	08200000 	stmdaeq	r0!, {}	; <UNPREDICTABLE>
87804da4:	00f83f00 	rscseq	r3, r8, r0, lsl #30
87804da8:	0000f81f 	andeq	pc, r0, pc, lsl r8	; <UNPREDICTABLE>
87804dac:	00000008 	andeq	r0, r0, r8
87804db0:	00000000 	andeq	r0, r0, r0
87804db4:	0f00c007 	svceq	0x0000c007
87804db8:	301800f0 	ldrshcc	r0, [r8], -r0	; <UNPREDICTABLE>
87804dbc:	00083000 	andeq	r3, r8, r0
87804dc0:	20000820 	andcs	r0, r0, r0, lsr #16
87804dc4:	08300008 	ldmdaeq	r0!, {r3}
87804dc8:	00301800 	eorseq	r1, r0, r0, lsl #16
87804dcc:	0700f00f 	streq	pc, [r0, -pc]
87804dd0:	000000c0 	andeq	r0, r0, r0, asr #1
87804dd4:	00000000 	andeq	r0, r0, r0
87804dd8:	3f000120 	svccc	0x00000120
87804ddc:	ff3f00ff 			; <UNDEFINED> instruction: 0xff3f00ff
87804de0:	00111000 	andseq	r1, r1, r0
87804de4:	20000920 	andcs	r0, r0, r0, lsr #18
87804de8:	08200008 	stmdaeq	r0!, {r3}
87804dec:	00383000 	eorseq	r3, r8, r0
87804df0:	0f00f01f 	svceq	0x0000f01f
87804df4:	000000c0 	andeq	r0, r0, r0, asr #1
87804df8:	00000000 	andeq	r0, r0, r0
87804dfc:	1f00c007 	svcne	0x0000c007
87804e00:	183800f0 	ldmdane	r8!, {r4, r5, r6, r7}
87804e04:	00082000 	andeq	r2, r8, r0
87804e08:	20000820 	andcs	r0, r0, r0, lsr #16
87804e0c:	11100009 	tstne	r0, r9
87804e10:	00ff1f00 	rscseq	r1, pc, r0, lsl #30
87804e14:	0000ff3f 	andeq	pc, r0, pc, lsr pc	; <UNPREDICTABLE>
87804e18:	00000001 	andeq	r0, r0, r1
87804e1c:	00082000 	andeq	r2, r8, r0
87804e20:	20000820 	andcs	r0, r0, r0, lsr #16
87804e24:	f83f0008 			; <UNDEFINED> instruction: 0xf83f0008
87804e28:	00f83f00 	rscseq	r3, r8, r0, lsl #30
87804e2c:	10000808 	andne	r0, r0, r8, lsl #16
87804e30:	08200008 	stmdaeq	r0!, {r3}
87804e34:	00002000 	andeq	r2, r0, r0
87804e38:	30000030 	andcc	r0, r0, r0, lsr r0
	...
87804e44:	0c000000 	stceq	0, cr0, [r0], {-0}
87804e48:	181e0078 	ldmdane	lr, {r3, r4, r5, r6}
87804e4c:	00083300 	andeq	r3, r8, r0, lsl #6
87804e50:	21000823 	tstcs	r0, r3, lsr #16
87804e54:	88210008 	stmdahi	r1!, {r3}
87804e58:	00982100 	addseq	r2, r8, r0, lsl #2
87804e5c:	3800f030 	stmdacc	r0, {r4, r5, ip, sp, lr, pc}
87804e60:	00000060 	andeq	r0, r0, r0, rrx
87804e64:	00000000 	andeq	r0, r0, r0
87804e68:	20000020 	andcs	r0, r0, r0, lsr #32
87804e6c:	00200000 	eoreq	r0, r0, r0
87804e70:	03f0ff00 	mvnseq	pc, #0, 30
87804e74:	2000f8ff 	strdcs	pc, [r0], -pc	; <UNPREDICTABLE>
87804e78:	08200008 	stmdaeq	r0!, {r3}
87804e7c:	00082000 	andeq	r2, r8, r0
87804e80:	00003000 	andeq	r3, r0, r0
	...
87804e8c:	3f000020 	svccc	0x00000020
87804e90:	f87f00f0 			; <UNDEFINED> instruction: 0xf87f00f0
87804e94:	00180000 	andseq	r0, r8, r0
87804e98:	00000800 	andeq	r0, r0, r0, lsl #16
87804e9c:	10200008 	eorne	r0, r0, r8
87804ea0:	00f83f00 	rscseq	r3, r8, r0, lsl #30
87804ea4:	0000f07f 	andeq	pc, r0, pc, ror r0	; <UNPREDICTABLE>
87804ea8:	00000010 	andeq	r0, r0, r0, lsl r0
87804eac:	00000000 	andeq	r0, r0, r0
87804eb0:	30000020 	andcc	r0, r0, r0, lsr #32
87804eb4:	003c0000 	eorseq	r0, ip, r0
87804eb8:	00803f00 	addeq	r3, r0, r0, lsl #30
87804ebc:	0000f023 	andeq	pc, r0, r3, lsr #32
87804ec0:	70000078 	andvc	r0, r0, r8, ror r0
87804ec4:	00802300 	addeq	r2, r0, r0, lsl #6
87804ec8:	3000003c 	andcc	r0, r0, ip, lsr r0
87804ecc:	00200000 	eoreq	r0, r0, r0
87804ed0:	00002000 	andeq	r2, r0, r0
87804ed4:	3f00003c 	svccc	0x0000003c
87804ed8:	f82300e0 			; <UNDEFINED> instruction: 0xf82300e0
87804edc:	00e00000 	rsceq	r0, r0, r0
87804ee0:	3e000027 	cdpcc	0, 0, cr0, cr0, cr7, {1}
87804ee4:	e03f0000 	eors	r0, pc, r0
87804ee8:	00f82100 	rscseq	r2, r8, r0, lsl #2
87804eec:	3e00e001 	cdpcc	0, 0, cr14, cr0, cr1, {0}
87804ef0:	00200000 	eoreq	r0, r0, r0
87804ef4:	00000000 	andeq	r0, r0, r0
87804ef8:	20000820 	andcs	r0, r0, r0, lsr #16
87804efc:	38380008 	ldmdacc	r8!, {r3}
87804f00:	00683e00 	rsbeq	r3, r8, r0, lsl #28
87804f04:	03008027 	movweq	r8, #39	; 0x27
87804f08:	f82c00c8 			; <UNDEFINED> instruction: 0xf82c00c8
87804f0c:	00383800 	eorseq	r3, r8, r0, lsl #16
87804f10:	20001820 	andcs	r1, r0, r0, lsr #16
87804f14:	00000008 	andeq	r0, r0, r8
87804f18:	00000000 	andeq	r0, r0, r0
87804f1c:	30000020 	andcc	r0, r0, r0, lsr #32
87804f20:	013c0003 	teqeq	ip, r3
87804f24:	00833f00 	addeq	r3, r3, r0, lsl #30
87804f28:	0000ec23 	andeq	lr, r0, r3, lsr #24
87804f2c:	80230070 	eorhi	r0, r3, r0, ror r0
87804f30:	00003c00 	andeq	r3, r0, r0, lsl #24
87804f34:	20000020 	andcs	r0, r0, r0, lsr #32
	...
87804f40:	38000000 	stmdacc	r0, {}	; <UNPREDICTABLE>
87804f44:	38200008 	stmdacc	r0!, {r3}
87804f48:	00f82000 	rscseq	r2, r8, r0
87804f4c:	2f00e823 	svccs	0x0000e823
87804f50:	083e0088 	ldmdaeq	lr!, {r3, r7}
87804f54:	00083800 	andeq	r3, r8, r0, lsl #16
87804f58:	00001820 	andeq	r1, r0, r0, lsr #16
87804f5c:	00000070 	andeq	r0, r0, r0, ror r0
	...
87804f70:	14000008 	strne	r0, [r0], #-8
87804f74:	fcf71f00 	ldc2l	15, cr1, [r7]
87804f78:	20060030 	andcs	r0, r6, r0, lsr r0
87804f7c:	00000200 	andeq	r0, r0, r0, lsl #4
	...
87804f94:	ffff0000 			; <UNDEFINED> instruction: 0xffff0000
87804f98:	000000ff 	strdeq	r0, [r0], -pc	; <UNPREDICTABLE>
	...
87804fac:	00200000 	eoreq	r0, r0, r0
87804fb0:	06003002 	streq	r3, [r0], -r2
87804fb4:	00fcf71f 	rscseq	pc, ip, pc, lsl r7	; <UNPREDICTABLE>
87804fb8:	08000014 	stmdaeq	r0, {r2, r4}
	...
87804fcc:	18000000 	stmdane	r0, {}	; <UNPREDICTABLE>
87804fd0:	00600000 	rsbeq	r0, r0, r0
87804fd4:	00004000 	andeq	r4, r0, r0
87804fd8:	20000040 	andcs	r0, r0, r0, asr #32
87804fdc:	00100000 	andseq	r0, r0, r0
87804fe0:	00000800 	andeq	r0, r0, r0, lsl #16
87804fe4:	04000004 	streq	r0, [r0], #-4
87804fe8:	000c0000 	andeq	r0, ip, r0
87804fec:	00001000 	andeq	r1, r0, r0

87804ff0 <asc2_1608>:
	...
87805004:	cc1f0000 	ldcgt	0, cr0, [pc], {-0}
87805008:	00000c00 	andeq	r0, r0, r0, lsl #24
8780500c:	00000000 	andeq	r0, r0, r0
87805010:	00080000 	andeq	r0, r8, r0
87805014:	00600030 	rsbeq	r0, r0, r0, lsr r0
87805018:	00300008 	eorseq	r0, r0, r8
8780501c:	00000060 	andeq	r0, r0, r0, rrx
87805020:	fc032002 	stc2	0, cr2, [r3], {2}
87805024:	2002201e 	andcs	r2, r2, lr, lsl r0
87805028:	201efc03 	andscs	pc, lr, r3, lsl #24
8780502c:	00002002 	andeq	r2, r0, r2
87805030:	180e0000 	stmdane	lr, {}	; <UNPREDICTABLE>
87805034:	ff3f0411 			; <UNDEFINED> instruction: 0xff3f0411
87805038:	780c8410 	stmdavc	ip, {r4, sl, pc}
8780503c:	00000000 	andeq	r0, r0, r0
87805040:	8410000f 	ldrhi	r0, [r0], #-15
87805044:	c000380f 	andgt	r3, r0, pc, lsl #16
87805048:	84187807 	ldrhi	r7, [r8], #-2055	; 0xfffff7f9
8780504c:	00007800 	andeq	r7, r0, r0, lsl #16
87805050:	840f7800 	strhi	r7, [pc], #-2048	; 87805058 <asc2_1608+0x68>
87805054:	2411c410 	ldrcs	ip, [r1], #-1040	; 0xfffffbf0
87805058:	e400980e 	str	r9, [r0], #-2062	; 0xfffff7f2
8780505c:	08008400 	stmdaeq	r0, {sl, pc}
87805060:	00680008 	rsbeq	r0, r8, r8
87805064:	00000070 	andeq	r0, r0, r0, ror r0
	...
87805074:	e0070000 	and	r0, r7, r0
87805078:	04201818 	strteq	r1, [r0], #-2072	; 0xfffff7e8
8780507c:	00000240 	andeq	r0, r0, r0, asr #4
87805080:	02400000 	subeq	r0, r0, #0
87805084:	18180420 	ldmdane	r8, {r5, sl}
87805088:	0000e007 	andeq	lr, r0, r7
8780508c:	00000000 	andeq	r0, r0, r0
87805090:	40024002 	andmi	r4, r2, r2
87805094:	f00f8001 			; <UNDEFINED> instruction: 0xf00f8001
87805098:	40028001 	andmi	r8, r2, r1
8780509c:	00004002 	andeq	r4, r0, r2
878050a0:	80008000 	andhi	r8, r0, r0
878050a4:	f80f8000 			; <UNDEFINED> instruction: 0xf80f8000
878050a8:	80008000 	andhi	r8, r0, r0
878050ac:	00008000 	andeq	r8, r0, r0
878050b0:	0d000100 	stfeqs	f0, [r0, #-0]
878050b4:	00000e00 	andeq	r0, r0, r0, lsl #28
	...
878050c0:	80000000 	andhi	r0, r0, r0
878050c4:	80008000 	andhi	r8, r0, r0
878050c8:	80008000 	andhi	r8, r0, r0
878050cc:	80008000 	andhi	r8, r0, r0
878050d0:	0c000000 	stceq	0, cr0, [r0], {-0}
878050d4:	00000c00 	andeq	r0, r0, r0, lsl #24
	...
878050e0:	06000000 	streq	r0, [r0], -r0
878050e4:	60001800 	andvs	r1, r0, r0, lsl #16
878050e8:	00068001 	andeq	r8, r6, r1
878050ec:	00200018 	eoreq	r0, r0, r8, lsl r0
878050f0:	f0070000 			; <UNDEFINED> instruction: 0xf0070000
878050f4:	04100808 	ldreq	r0, [r0], #-2056	; 0xfffff7f8
878050f8:	08080410 	stmdaeq	r8, {r4, sl}
878050fc:	0000f007 	andeq	pc, r0, r7
87805100:	04080000 	streq	r0, [r8], #-0
87805104:	fc1f0408 	ldc2	4, cr0, [pc], {8}
87805108:	04000400 	streq	r0, [r0], #-1024	; 0xfffffc00
8780510c:	00000000 	andeq	r0, r0, r0
87805110:	0c0e0000 	stceq	0, cr0, [lr], {-0}
87805114:	24101410 	ldrcs	r1, [r0], #-1040	; 0xfffffbf0
87805118:	84114410 	ldrhi	r4, [r1], #-1040	; 0xfffffbf0
8780511c:	00000c0e 	andeq	r0, r0, lr, lsl #24
87805120:	180c0000 	stmdane	ip, {}	; <UNPREDICTABLE>
87805124:	04110410 	ldreq	r0, [r1], #-1040	; 0xfffffbf0
87805128:	88120411 	ldmdahi	r2, {r0, r4, sl}
8780512c:	0000700c 	andeq	r7, r0, ip
87805130:	e0000000 	and	r0, r0, r0
87805134:	24042003 	strcs	r2, [r4], #-3
87805138:	fc1f2408 	ldc2	4, cr2, [pc], {8}
8780513c:	00002400 	andeq	r2, r0, r0, lsl #8
87805140:	981f0000 	ldmdals	pc, {}	; <UNPREDICTABLE>
87805144:	04118410 	ldreq	r8, [r1], #-1040	; 0xfffffbf0
87805148:	88100411 	ldmdahi	r0, {r0, r4, sl}
8780514c:	00007010 	andeq	r7, r0, r0, lsl r0
87805150:	f0070000 			; <UNDEFINED> instruction: 0xf0070000
87805154:	04118808 	ldreq	r8, [r1], #-2056	; 0xfffff7f8
87805158:	88180411 	ldmdahi	r8, {r0, r4, sl}
8780515c:	00007000 	andeq	r7, r0, r0
87805160:	001c0000 	andseq	r0, ip, r0
87805164:	fc100010 	ldc2	0, cr0, [r0], {16}
87805168:	001c0013 	andseq	r0, ip, r3, lsl r0
8780516c:	00000010 	andeq	r0, r0, r0, lsl r0
87805170:	380e0000 	stmdacc	lr, {}	; <UNPREDICTABLE>
87805174:	84104411 	ldrhi	r4, [r0], #-1041	; 0xfffffbef
87805178:	44118410 	ldrmi	r8, [r1], #-1040	; 0xfffffbf0
8780517c:	0000380e 	andeq	r3, r0, lr, lsl #16
87805180:	00070000 	andeq	r0, r7, r0
87805184:	44108c08 	ldrmi	r8, [r0], #-3080	; 0xfffff3f8
87805188:	88084410 	stmdahi	r8, {r4, sl, lr}
8780518c:	0000f007 	andeq	pc, r0, r7
87805190:	00000000 	andeq	r0, r0, r0
87805194:	0c030000 	stceq	0, cr0, [r3], {-0}
87805198:	00000c03 	andeq	r0, r0, r3, lsl #24
	...
878051a4:	06010100 	streq	r0, [r1], -r0, lsl #2
	...
878051b0:	80000000 	andhi	r0, r0, r0
878051b4:	20024001 	andcs	r4, r2, r1
878051b8:	08081004 	stmdaeq	r8, {r2, ip}
878051bc:	00000410 	andeq	r0, r0, r0, lsl r4
878051c0:	20022002 	andcs	r2, r2, r2
878051c4:	20022002 	andcs	r2, r2, r2
878051c8:	20022002 	andcs	r2, r2, r2
878051cc:	00002002 	andeq	r2, r0, r2
878051d0:	04100000 	ldreq	r0, [r0], #-0
878051d4:	10040808 	andne	r0, r4, r8, lsl #16
878051d8:	40012002 	andmi	r2, r1, r2
878051dc:	00008000 	andeq	r8, r0, r0
878051e0:	000e0000 	andeq	r0, lr, r0
878051e4:	0c100012 	ldceq	0, cr0, [r0], {18}
878051e8:	80106c10 	andshi	r6, r0, r0, lsl ip
878051ec:	0000000f 	andeq	r0, r0, pc
878051f0:	180ce003 	stmdane	ip, {r0, r1, sp, lr, pc}
878051f4:	2414e413 	ldrcs	lr, [r4], #-1043	; 0xfffffbed
878051f8:	2808c417 	stmdacs	r8, {r0, r1, r2, r4, sl, lr, pc}
878051fc:	0000d007 	andeq	sp, r0, r7
87805200:	3c000400 	cfstrscc	mvf0, [r0], {-0}
87805204:	401cc403 	andsmi	ip, ip, r3, lsl #8
87805208:	e4004007 	str	r4, [r0], #-7
8780520c:	04001c00 	streq	r1, [r0], #-3072	; 0xfffff400
87805210:	fc1f0410 	ldc2	4, cr0, [pc], {16}
87805214:	04110411 	ldreq	r0, [r1], #-1041	; 0xfffffbef
87805218:	880e0411 	stmdahi	lr, {r0, r4, sl}
8780521c:	00007000 	andeq	r7, r0, r0
87805220:	180ce003 	stmdane	ip, {r0, r1, sp, lr, pc}
87805224:	04100410 	ldreq	r0, [r0], #-1040	; 0xfffffbf0
87805228:	08100410 	ldmdaeq	r0, {r4, sl}
8780522c:	0000101c 	andeq	r1, r0, ip, lsl r0
87805230:	fc1f0410 	ldc2	4, cr0, [pc], {16}
87805234:	04100410 	ldreq	r0, [r0], #-1040	; 0xfffffbf0
87805238:	08080410 	stmdaeq	r8, {r4, sl}
8780523c:	0000f007 	andeq	pc, r0, r7
87805240:	fc1f0410 	ldc2	4, cr0, [pc], {16}
87805244:	04110411 	ldreq	r0, [r1], #-1041	; 0xfffffbef
87805248:	0410c417 	ldreq	ip, [r0], #-1047	; 0xfffffbe9
8780524c:	00001808 	andeq	r1, r0, r8, lsl #16
87805250:	fc1f0410 	ldc2	4, cr0, [pc], {16}
87805254:	00110411 	andseq	r0, r1, r1, lsl r4
87805258:	0010c017 	andseq	ip, r0, r7, lsl r0
8780525c:	00000008 	andeq	r0, r0, r8
87805260:	180ce003 	stmdane	ip, {r0, r1, sp, lr, pc}
87805264:	04100410 	ldreq	r0, [r0], #-1040	; 0xfffffbf0
87805268:	781c4410 	ldmdavc	ip, {r4, sl, lr}
8780526c:	00004000 	andeq	r4, r0, r0
87805270:	fc1f0410 	ldc2	4, cr0, [pc], {16}
87805274:	80008410 	andhi	r8, r0, r0, lsl r4
87805278:	84108000 	ldrhi	r8, [r0], #-0
8780527c:	0410fc1f 	ldreq	pc, [r0], #-3103	; 0xfffff3e1
87805280:	04100000 	ldreq	r0, [r0], #-0
87805284:	fc1f0410 	ldc2	4, cr0, [pc], {16}
87805288:	04100410 	ldreq	r0, [r0], #-1040	; 0xfffffbf0
8780528c:	00000000 	andeq	r0, r0, r0
87805290:	01000300 	mrseq	r0, LR_irq
87805294:	01100110 	tsteq	r0, r0, lsl r1
87805298:	0010fe1f 	andseq	pc, r0, pc, lsl lr	; <UNPREDICTABLE>
8780529c:	00000010 	andeq	r0, r0, r0, lsl r0
878052a0:	fc1f0410 	ldc2	4, cr0, [pc], {16}
878052a4:	80030411 	andhi	r0, r3, r1, lsl r4
878052a8:	1c186414 	cfldrsne	mvf6, [r8], {20}
878052ac:	00000410 	andeq	r0, r0, r0, lsl r4
878052b0:	fc1f0410 	ldc2	4, cr0, [pc], {16}
878052b4:	04000410 	streq	r0, [r0], #-1040	; 0xfffffbf0
878052b8:	04000400 	streq	r0, [r0], #-1024	; 0xfffffc00
878052bc:	00000c00 	andeq	r0, r0, r0, lsl #24
878052c0:	fc1f0410 	ldc2	4, cr0, [pc], {16}
878052c4:	fc00001f 	stc2	0, cr0, [r0], {31}
878052c8:	fc1f001f 	ldc2	0, cr0, [pc], {31}
878052cc:	00000410 	andeq	r0, r0, r0, lsl r4
878052d0:	fc1f0410 	ldc2	4, cr0, [pc], {16}
878052d4:	0003040c 	andeq	r0, r3, ip, lsl #8
878052d8:	1810e000 	ldmdane	r0, {sp, lr, pc}
878052dc:	0010fc1f 	andseq	pc, r0, pc, lsl ip	; <UNPREDICTABLE>
878052e0:	0808f007 	stmdaeq	r8, {r0, r1, r2, ip, sp, lr, pc}
878052e4:	04100410 	ldreq	r0, [r0], #-1040	; 0xfffffbf0
878052e8:	08080410 	stmdaeq	r8, {r4, sl}
878052ec:	0000f007 	andeq	pc, r0, r7
878052f0:	fc1f0410 	ldc2	4, cr0, [pc], {16}
878052f4:	80108410 	andshi	r8, r0, r0, lsl r4
878052f8:	80108010 	andshi	r8, r0, r0, lsl r0
878052fc:	0000000f 	andeq	r0, r0, pc
87805300:	1808f007 	stmdane	r8, {r0, r1, r2, ip, sp, lr, pc}
87805304:	24102410 	ldrcs	r2, [r0], #-1040	; 0xfffffbf0
87805308:	0a081c10 	beq	87a0c350 <__bss_end+0x202ad8>
8780530c:	0000f207 	andeq	pc, r0, r7, lsl #4
87805310:	fc1f0410 	ldc2	4, cr0, [pc], {16}
87805314:	00110411 	andseq	r0, r1, r1, lsl r4
87805318:	3011c011 	andscc	ip, r1, r1, lsl r0
8780531c:	04000c0e 	streq	r0, [r0], #-3086	; 0xfffff3f2
87805320:	1c0e0000 	stcne	0, cr0, [lr], {-0}
87805324:	84100411 	ldrhi	r0, [r0], #-1041	; 0xfffffbef
87805328:	44108410 	ldrmi	r8, [r0], #-1040	; 0xfffffbf0
8780532c:	0000381c 	andeq	r3, r0, ip, lsl r8
87805330:	00100018 	andseq	r0, r0, r8, lsl r0
87805334:	fc1f0410 	ldc2	4, cr0, [pc], {16}
87805338:	00100410 	andseq	r0, r0, r0, lsl r4
8780533c:	00000018 	andeq	r0, r0, r8, lsl r0
87805340:	f81f0010 			; <UNDEFINED> instruction: 0xf81f0010
87805344:	04000410 	streq	r0, [r0], #-1040	; 0xfffffbf0
87805348:	04100400 	ldreq	r0, [r0], #-1024	; 0xfffffc00
8780534c:	0010f81f 	andseq	pc, r0, pc, lsl r8	; <UNPREDICTABLE>
87805350:	001e0010 	andseq	r0, lr, r0, lsl r0
87805354:	1c00e011 	stcne	0, cr14, [r0], {17}
87805358:	80137000 	andshi	r7, r3, r0
8780535c:	0010001c 	andseq	r0, r0, ip, lsl r0
87805360:	3c10c01f 	ldccc	0, cr12, [r0], {31}
87805364:	001fe000 	andseq	lr, pc, r0
87805368:	3c10e000 	ldccc	0, cr14, [r0], {-0}
8780536c:	0000c01f 	andeq	ip, r0, pc, lsl r0
87805370:	0c180410 	cfldrseq	mvf0, [r8], {16}
87805374:	c0013416 	andgt	r3, r1, r6, lsl r4
87805378:	3416c001 	ldrcc	ip, [r6], #-1
8780537c:	04100c18 	ldreq	r0, [r0], #-3096	; 0xfffff3e8
87805380:	001c0010 	andseq	r0, ip, r0, lsl r0
87805384:	fc000413 	stc2	4, cr0, [r0], {19}
87805388:	001c0413 	andseq	r0, ip, r3, lsl r4
8780538c:	00000010 	andeq	r0, r0, r0, lsl r0
87805390:	1c100408 	cfldrsne	mvf0, [r0], {8}
87805394:	84106410 	ldrhi	r6, [r0], #-1040	; 0xfffffbf0
87805398:	041c0413 	ldreq	r0, [ip], #-1043	; 0xfffffbed
8780539c:	00001810 	andeq	r1, r0, r0, lsl r8
878053a0:	00000000 	andeq	r0, r0, r0
878053a4:	fe7f0000 	cdp2	0, 7, cr0, cr15, cr0, {0}
878053a8:	02400240 	subeq	r0, r0, #64, 4
878053ac:	00000240 	andeq	r0, r0, r0, asr #4
878053b0:	00300000 	eorseq	r0, r0, r0
878053b4:	8003000c 	andhi	r0, r3, ip
878053b8:	1c006000 	stcne	0, cr6, [r0], {-0}
878053bc:	00000300 	andeq	r0, r0, r0, lsl #6
878053c0:	02400000 	subeq	r0, r0, #0
878053c4:	02400240 	subeq	r0, r0, #64, 4
878053c8:	0000fe7f 	andeq	pc, r0, pc, ror lr	; <UNPREDICTABLE>
	...
878053d4:	00400020 	subeq	r0, r0, r0, lsr #32
878053d8:	00400040 	subeq	r0, r0, r0, asr #32
878053dc:	00000020 	andeq	r0, r0, r0, lsr #32
878053e0:	01000100 	mrseq	r0, (UNDEF: 16)
878053e4:	01000100 	mrseq	r0, (UNDEF: 16)
878053e8:	01000100 	mrseq	r0, (UNDEF: 16)
878053ec:	01000100 	mrseq	r0, (UNDEF: 16)
878053f0:	00400000 	subeq	r0, r0, r0
878053f4:	00200040 	eoreq	r0, r0, r0, asr #32
	...
87805400:	98000000 	stmdals	r0, {}	; <UNPREDICTABLE>
87805404:	44012401 	strmi	r2, [r1], #-1025	; 0xfffffbff
87805408:	44014401 	strmi	r4, [r1], #-1025	; 0xfffffbff
8780540c:	0400fc00 	streq	pc, [r0], #-3072	; 0xfffff400
87805410:	fc1f0010 	ldc2	0, cr0, [pc], {16}
87805414:	04018800 	streq	r8, [r1], #-2048	; 0xfffff800
87805418:	88000401 	stmdahi	r0, {r0, sl}
8780541c:	00007000 	andeq	r7, r0, r0
87805420:	70000000 	andvc	r0, r0, r0
87805424:	04018800 	streq	r8, [r1], #-2048	; 0xfffff800
87805428:	04010401 	streq	r0, [r1], #-1025	; 0xfffffbff
8780542c:	00008800 	andeq	r8, r0, r0, lsl #16
87805430:	70000000 	andvc	r0, r0, r0
87805434:	04018800 	streq	r8, [r1], #-2048	; 0xfffff800
87805438:	08110401 	ldmdaeq	r1, {r0, sl}
8780543c:	0400fc1f 	streq	pc, [r0], #-3103	; 0xfffff3e1
87805440:	f8000000 			; <UNDEFINED> instruction: 0xf8000000
87805444:	44014401 	strmi	r4, [r1], #-1025	; 0xfffffbff
87805448:	44014401 	strmi	r4, [r1], #-1025	; 0xfffffbff
8780544c:	0000c800 	andeq	ip, r0, r0, lsl #16
87805450:	04010000 	streq	r0, [r1], #-0
87805454:	fc0f0401 	stc2	4, cr0, [pc], {1}
87805458:	04110411 	ldreq	r0, [r1], #-1041	; 0xfffffbef
8780545c:	00180011 	andseq	r0, r8, r1, lsl r0
87805460:	d6000000 	strle	r0, [r0], -r0
87805464:	29012901 	stmdbcs	r1, {r0, r8, fp, sp}
87805468:	c9012901 	stmdbgt	r1, {r0, r8, fp, sp}
8780546c:	00000601 	andeq	r0, r0, r1, lsl #12
87805470:	fc1f0410 	ldc2	4, cr0, [pc], {16}
87805474:	00018400 	andeq	r8, r1, r0, lsl #8
87805478:	04010001 	streq	r0, [r1], #-1
8780547c:	0400fc00 	streq	pc, [r0], #-3072	; 0xfffff400
87805480:	04010000 	streq	r0, [r1], #-0
87805484:	fc190419 	ldc2	4, cr0, [r9], {25}
87805488:	04000400 	streq	r0, [r0], #-1024	; 0xfffffc00
8780548c:	00000000 	andeq	r0, r0, r0
87805490:	03000000 	movweq	r0, #0
87805494:	01010100 	mrseq	r0, (UNDEF: 17)
87805498:	fe190119 	mrc2	1, 0, r0, cr9, cr9, {0}
8780549c:	00000000 	andeq	r0, r0, r0
878054a0:	fc1f0410 	ldc2	4, cr0, [pc], {16}
878054a4:	40002400 	andmi	r2, r0, r0, lsl #8
878054a8:	0c01b401 	cfstrseq	mvf11, [r1], {1}
878054ac:	00000401 	andeq	r0, r0, r1, lsl #8
878054b0:	04100000 	ldreq	r0, [r0], #-0
878054b4:	fc1f0410 	ldc2	4, cr0, [pc], {16}
878054b8:	04000400 	streq	r0, [r0], #-1024	; 0xfffffc00
878054bc:	00000000 	andeq	r0, r0, r0
878054c0:	fc010401 	stc2	4, cr0, [r1], {1}
878054c4:	00010401 	andeq	r0, r1, r1, lsl #8
878054c8:	0401fc01 	streq	pc, [r1], #-3073	; 0xfffff3ff
878054cc:	fc000001 	stc2	0, cr0, [r0], {1}
878054d0:	fc010401 	stc2	4, cr0, [r1], {1}
878054d4:	00018400 	andeq	r8, r1, r0, lsl #8
878054d8:	04010001 	streq	r0, [r1], #-1
878054dc:	0400fc00 	streq	pc, [r0], #-3072	; 0xfffff400
878054e0:	f8000000 			; <UNDEFINED> instruction: 0xf8000000
878054e4:	04010401 	streq	r0, [r1], #-1025	; 0xfffffbff
878054e8:	04010401 	streq	r0, [r1], #-1025	; 0xfffffbff
878054ec:	0000f800 	andeq	pc, r0, r0, lsl #16
878054f0:	ff010101 			; <UNDEFINED> instruction: 0xff010101
878054f4:	04018500 	streq	r8, [r1], #-1280	; 0xfffffb00
878054f8:	88000401 	stmdahi	r0, {r0, sl}
878054fc:	00007000 	andeq	r7, r0, r0
87805500:	70000000 	andvc	r0, r0, r0
87805504:	04018800 	streq	r8, [r1], #-2048	; 0xfffff800
87805508:	05010401 	streq	r0, [r1, #-1025]	; 0xfffffbff
8780550c:	0100ff01 	tsteq	r0, r1, lsl #30	; <UNPREDICTABLE>
87805510:	04010401 	streq	r0, [r1], #-1025	; 0xfffffbff
87805514:	8400fc01 	strhi	pc, [r0], #-3073	; 0xfffff3ff
87805518:	00010401 	andeq	r0, r1, r1, lsl #8
8780551c:	00008001 	andeq	r8, r0, r1
87805520:	cc000000 	stcgt	0, cr0, [r0], {-0}
87805524:	24012401 	strcs	r2, [r1], #-1025	; 0xfffffbff
87805528:	24012401 	strcs	r2, [r1], #-1025	; 0xfffffbff
8780552c:	00009801 	andeq	r9, r0, r1, lsl #16
87805530:	00010000 	andeq	r0, r1, r0
87805534:	f8070001 			; <UNDEFINED> instruction: 0xf8070001
87805538:	04010401 	streq	r0, [r1], #-1025	; 0xfffffbff
8780553c:	00000000 	andeq	r0, r0, r0
87805540:	f8010001 			; <UNDEFINED> instruction: 0xf8010001
87805544:	04000400 	streq	r0, [r0], #-1024	; 0xfffffc00
87805548:	08010400 	stmdaeq	r1, {sl}
8780554c:	0400fc01 	streq	pc, [r0], #-3073	; 0xfffff3ff
87805550:	80010001 	andhi	r0, r1, r1
87805554:	0c007001 	stceq	0, cr7, [r0], {1}
87805558:	60011000 	andvs	r1, r1, r0
8780555c:	00018001 	andeq	r8, r1, r1
87805560:	0c01f001 	stceq	0, cr15, [r1], {1}
87805564:	c0013000 	andgt	r3, r1, r0
87805568:	0c013000 	stceq	0, cr3, [r1], {-0}
8780556c:	0001f001 	andeq	pc, r1, r1
87805570:	04010000 	streq	r0, [r1], #-0
87805574:	74008c01 	strvc	r8, [r0], #-3073	; 0xfffff3ff
87805578:	8c017001 	stchi	0, cr7, [r1], {1}
8780557c:	00000401 	andeq	r0, r0, r1, lsl #8
87805580:	81010101 	tsthi	r1, r1, lsl #2
87805584:	0e007101 	adfeqs	f7, f0, f1
87805588:	60011800 	andvs	r1, r1, r0, lsl #16
8780558c:	00018001 	andeq	r8, r1, r1
87805590:	84010000 	strhi	r0, [r1], #-0
87805594:	34010c01 	strcc	r0, [r1], #-3073	; 0xfffff3ff
87805598:	84014401 	strhi	r4, [r1], #-1025	; 0xfffffbff
8780559c:	00000c01 	andeq	r0, r0, r1, lsl #24
	...
878055a8:	fc3e0001 	ldc2	0, cr0, [lr], #-4
878055ac:	02400240 	subeq	r0, r0, #64, 4
	...
878055b8:	0000ffff 	strdeq	pc, [r0], -pc	; <UNPREDICTABLE>
878055bc:	00000000 	andeq	r0, r0, r0
878055c0:	02400000 	subeq	r0, r0, #0
878055c4:	fc3e0240 	ldc2	2, cr0, [lr], #-256	; 0xffffff00
878055c8:	00000001 	andeq	r0, r0, r1
878055cc:	00000000 	andeq	r0, r0, r0
878055d0:	00600000 	rsbeq	r0, r0, r0
878055d4:	00800080 	addeq	r0, r0, r0, lsl #1
878055d8:	00400040 	subeq	r0, r0, r0, asr #32
878055dc:	00200020 	eoreq	r0, r0, r0, lsr #32

878055e0 <asc2_1206>:
	...
878055f0:	0000403f 	andeq	r4, r0, pc, lsr r0
878055f4:	00000000 	andeq	r0, r0, r0
878055f8:	00300000 	eorseq	r0, r0, r0
878055fc:	00300040 	eorseq	r0, r0, r0, asr #32
87805600:	00000040 	andeq	r0, r0, r0, asr #32
87805604:	c00b0009 	andgt	r0, fp, r9
87805608:	c00b003d 	andgt	r0, fp, sp, lsr r0
8780560c:	0009003d 	andeq	r0, r9, sp, lsr r0
87805610:	4024c018 	eormi	ip, r4, r8, lsl r0
87805614:	4022e07f 	eormi	lr, r2, pc, ror r0
87805618:	00008031 	andeq	r8, r0, r1, lsr r0
8780561c:	c0240018 	eorgt	r0, r4, r8, lsl r0
87805620:	800d001b 	andhi	r0, sp, fp, lsl r0
87805624:	80014032 	andhi	r4, r1, r2, lsr r0
87805628:	401c8003 	andsmi	r8, ip, r3
8780562c:	801c4027 	andshi	r4, ip, r7, lsr #32
87805630:	40004007 	andmi	r4, r0, r7
87805634:	00600010 	rsbeq	r0, r0, r0, lsl r0
	...
87805644:	801f0000 	andshi	r0, pc, r0
87805648:	20404020 	subcs	r4, r0, r0, lsr #32
8780564c:	20400000 	subcs	r0, r0, r0
87805650:	801f4020 	andshi	r4, pc, r0, lsr #32
87805654:	00000000 	andeq	r0, r0, r0
87805658:	00060009 	andeq	r0, r6, r9
8780565c:	0006801f 	andeq	r8, r6, pc, lsl r0
87805660:	00000009 	andeq	r0, r0, r9
87805664:	00040004 	andeq	r0, r4, r4
87805668:	0004803f 	andeq	r8, r4, pc, lsr r0
8780566c:	00000004 	andeq	r0, r0, r4
87805670:	60001000 	andvs	r1, r0, r0
	...
8780567c:	00040004 	andeq	r0, r4, r4
87805680:	00040004 	andeq	r0, r4, r4
87805684:	00000004 	andeq	r0, r0, r4
87805688:	40000000 	andmi	r0, r0, r0
	...
87805694:	c0012000 	andgt	r2, r1, r0
87805698:	00380006 	eorseq	r0, r8, r6
8780569c:	00000040 	andeq	r0, r0, r0, asr #32
878056a0:	4020801f 	eormi	r8, r0, pc, lsl r0
878056a4:	40204020 	eormi	r4, r0, r0, lsr #32
878056a8:	0000801f 	andeq	r8, r0, pc, lsl r0
878056ac:	40100000 	andsmi	r0, r0, r0
878056b0:	4000c03f 	andmi	ip, r0, pc, lsr r0
878056b4:	00000000 	andeq	r0, r0, r0
878056b8:	4021c018 	eormi	ip, r1, r8, lsl r0
878056bc:	40244022 	eormi	r4, r4, r2, lsr #32
878056c0:	00004018 	andeq	r4, r0, r8, lsl r0
878056c4:	40208010 	eormi	r8, r0, r0, lsl r0
878056c8:	40244024 	eormi	r4, r4, r4, lsr #32
878056cc:	0000801b 	andeq	r8, r0, fp, lsl r0
878056d0:	000d0002 	andeq	r0, sp, r2
878056d4:	c03f0011 	eorsgt	r0, pc, r1, lsl r0	; <UNPREDICTABLE>
878056d8:	00004001 	andeq	r4, r0, r1
878056dc:	4024803c 	eormi	r8, r4, ip, lsr r0
878056e0:	40244024 	eormi	r4, r4, r4, lsr #32
878056e4:	00008023 	andeq	r8, r0, r3, lsr #32
878056e8:	4024801f 	eormi	r8, r4, pc, lsl r0
878056ec:	40344024 	eorsmi	r4, r4, r4, lsr #32
878056f0:	00008003 	andeq	r8, r0, r3
878056f4:	00200030 	eoreq	r0, r0, r0, lsr r0
878056f8:	0038c027 	eorseq	ip, r8, r7, lsr #32
878056fc:	00000020 	andeq	r0, r0, r0, lsr #32
87805700:	4024801b 	eormi	r8, r4, fp, lsl r0
87805704:	40244024 	eormi	r4, r4, r4, lsr #32
87805708:	0000801b 	andeq	r8, r0, fp, lsl r0
8780570c:	c022001c 	eorgt	r0, r2, ip, lsl r0
87805710:	40224022 	eormi	r4, r2, r2, lsr #32
87805714:	0000801f 	andeq	r8, r0, pc, lsl r0
87805718:	00000000 	andeq	r0, r0, r0
8780571c:	00004008 	andeq	r4, r0, r8
	...
87805728:	00006004 	andeq	r6, r0, r4
8780572c:	00000000 	andeq	r0, r0, r0
87805730:	00040000 	andeq	r0, r4, r0
87805734:	0011000a 	andseq	r0, r1, sl
87805738:	40408020 	submi	r8, r0, r0, lsr #32
8780573c:	00090009 	andeq	r0, r9, r9
87805740:	00090009 	andeq	r0, r9, r9
87805744:	00000009 	andeq	r0, r0, r9
87805748:	40400000 	submi	r0, r0, r0
8780574c:	00118020 	andseq	r8, r1, r0, lsr #32
87805750:	0004000a 	andeq	r0, r4, sl
87805754:	00200018 	eoreq	r0, r0, r8, lsl r0
87805758:	00244023 	eoreq	r4, r4, r3, lsr #32
8780575c:	00000018 	andeq	r0, r0, r8, lsl r0
87805760:	4020801f 	eormi	r8, r0, pc, lsl r0
87805764:	40294027 	eormi	r4, r9, r7, lsr #32
87805768:	0000401f 	andeq	r4, r0, pc, lsl r0
8780576c:	c0074000 	andgt	r4, r7, r0
87805770:	000f0039 	andeq	r0, pc, r9, lsr r0	; <UNPREDICTABLE>
87805774:	4000c001 	andmi	ip, r0, r1
87805778:	c03f4020 	eorsgt	r4, pc, r0, lsr #32
8780577c:	40244024 	eormi	r4, r4, r4, lsr #32
87805780:	0000801b 	andeq	r8, r0, fp, lsl r0
87805784:	4020801f 	eormi	r8, r0, pc, lsl r0
87805788:	40204020 	eormi	r4, r0, r0, lsr #32
8780578c:	00008030 	andeq	r8, r0, r0, lsr r0
87805790:	c03f4020 	eorsgt	r4, pc, r0, lsr #32
87805794:	40204020 	eormi	r4, r0, r0, lsr #32
87805798:	0000801f 	andeq	r8, r0, pc, lsl r0
8780579c:	c03f4020 	eorsgt	r4, pc, r0, lsr #32
878057a0:	402e4024 	eormi	r4, lr, r4, lsr #32
878057a4:	0000c030 	andeq	ip, r0, r0, lsr r0
878057a8:	c03f4020 	eorsgt	r4, pc, r0, lsr #32
878057ac:	002e4024 	eoreq	r4, lr, r4, lsr #32
878057b0:	00000030 	andeq	r0, r0, r0, lsr r0
878057b4:	8010000f 	andshi	r0, r0, pc
878057b8:	40224020 	eormi	r4, r2, r0, lsr #32
878057bc:	00028033 	andeq	r8, r2, r3, lsr r0
878057c0:	c03f4020 	eorsgt	r4, pc, r0, lsr #32
878057c4:	00040004 	andeq	r0, r4, r4
878057c8:	4020c03f 	eormi	ip, r0, pc, lsr r0
878057cc:	40204020 	eormi	r4, r0, r0, lsr #32
878057d0:	4020c03f 	eormi	ip, r0, pc, lsr r0
878057d4:	00004020 	andeq	r4, r0, r0, lsr #32
878057d8:	20206000 	eorcs	r6, r0, r0
878057dc:	c03f2020 	eorsgt	r2, pc, r0, lsr #32
878057e0:	00200020 	eoreq	r0, r0, r0, lsr #32
878057e4:	c03f4020 	eorsgt	r4, pc, r0, lsr #32
878057e8:	000b4024 	andeq	r4, fp, r4, lsr #32
878057ec:	4020c030 	eormi	ip, r0, r0, lsr r0
878057f0:	c03f4020 	eorsgt	r4, pc, r0, lsr #32
878057f4:	40004020 	andmi	r4, r0, r0, lsr #32
878057f8:	c0004000 	andgt	r4, r0, r0
878057fc:	003cc03f 	eorseq	ip, ip, pc, lsr r0
87805800:	003cc003 	eorseq	ip, ip, r3
87805804:	0000c03f 	andeq	ip, r0, pc, lsr r0
87805808:	c03f4020 	eorsgt	r4, pc, r0, lsr #32
8780580c:	0023400c 	eoreq	r4, r3, ip
87805810:	0020c03f 	eoreq	ip, r0, pc, lsr r0
87805814:	4020801f 	eormi	r8, r0, pc, lsl r0
87805818:	40204020 	eormi	r4, r0, r0, lsr #32
8780581c:	0000801f 	andeq	r8, r0, pc, lsl r0
87805820:	c03f4020 	eorsgt	r4, pc, r0, lsr #32
87805824:	00244024 	eoreq	r4, r4, r4, lsr #32
87805828:	00000018 	andeq	r0, r0, r8, lsl r0
8780582c:	4021801f 	eormi	r8, r1, pc, lsl r0
87805830:	e0204021 	eor	r4, r0, r1, lsr #32
87805834:	0000a01f 	andeq	sl, r0, pc, lsl r0
87805838:	c03f4020 	eorsgt	r4, pc, r0, lsr #32
8780583c:	00264024 	eoreq	r4, r6, r4, lsr #32
87805840:	4000c019 	andmi	ip, r0, r9, lsl r0
87805844:	4024c018 	eormi	ip, r4, r8, lsl r0
87805848:	40224024 	eormi	r4, r2, r4, lsr #32
8780584c:	00008031 	andeq	r8, r0, r1, lsr r0
87805850:	40200030 	eormi	r0, r0, r0, lsr r0
87805854:	4020c03f 	eormi	ip, r0, pc, lsr r0
87805858:	00000030 	andeq	r0, r0, r0, lsr r0
8780585c:	803f0020 	eorshi	r0, pc, r0, lsr #32
87805860:	40004000 	andmi	r4, r0, r0
87805864:	0020803f 	eoreq	r8, r0, pc, lsr r0
87805868:	003e0020 	eorseq	r0, lr, r0, lsr #32
8780586c:	0007c001 	andeq	ip, r7, r1
87805870:	00200038 	eoreq	r0, r0, r8, lsr r0
87805874:	c0070038 	andgt	r0, r7, r8, lsr r0
87805878:	c007003c 	andgt	r0, r7, ip, lsr r0
8780587c:	00000038 	andeq	r0, r0, r8, lsr r0
87805880:	c0394020 	eorsgt	r4, r9, r0, lsr #32
87805884:	c0390006 	eorsgt	r0, r9, r6
87805888:	00004020 	andeq	r4, r0, r0, lsr #32
8780588c:	40380020 	eorsmi	r0, r8, r0, lsr #32
87805890:	4038c007 	eorsmi	ip, r8, r7
87805894:	00000020 	andeq	r0, r0, r0, lsr #32
87805898:	c0214030 	eorgt	r4, r1, r0, lsr r0
8780589c:	40384026 	eorsmi	r4, r8, r6, lsr #32
878058a0:	0000c020 	andeq	ip, r0, r0, lsr #32
878058a4:	00000000 	andeq	r0, r0, r0
878058a8:	2040e07f 	subcs	lr, r0, pc, ror r0
878058ac:	00002040 	andeq	r2, r0, r0, asr #32
878058b0:	00700000 	rsbseq	r0, r0, r0
878058b4:	8003000c 	andhi	r0, r3, ip
878058b8:	00004000 	andeq	r4, r0, r0
878058bc:	20400000 	subcs	r0, r0, r0
878058c0:	e07f2040 	rsbs	r2, pc, r0, asr #32
878058c4:	00000000 	andeq	r0, r0, r0
878058c8:	00200000 	eoreq	r0, r0, r0
878058cc:	00200040 	eoreq	r0, r0, r0, asr #32
878058d0:	00000000 	andeq	r0, r0, r0
878058d4:	10001000 	andne	r1, r0, r0
878058d8:	10001000 	andne	r1, r0, r0
878058dc:	10001000 	andne	r1, r0, r0
878058e0:	00000000 	andeq	r0, r0, r0
878058e4:	00000040 	andeq	r0, r0, r0, asr #32
878058e8:	00000000 	andeq	r0, r0, r0
878058ec:	80020000 	andhi	r0, r2, r0
878058f0:	40054005 	andmi	r4, r5, r5
878058f4:	4000c003 	andmi	ip, r0, r3
878058f8:	c03f0020 	eorsgt	r0, pc, r0, lsr #32
878058fc:	40044004 	andmi	r4, r4, r4
87805900:	00008003 	andeq	r8, r0, r3
87805904:	80030000 	andhi	r0, r3, r0
87805908:	40044004 	andmi	r4, r4, r4
8780590c:	00004006 	andeq	r4, r0, r6
87805910:	80030000 	andhi	r0, r3, r0
87805914:	40244004 	eormi	r4, r4, r4
87805918:	4000c03f 	andmi	ip, r0, pc, lsr r0
8780591c:	80030000 	andhi	r0, r3, r0
87805920:	40054005 	andmi	r4, r5, r5
87805924:	00004003 	andeq	r4, r0, r3
87805928:	40040000 	andmi	r0, r4, r0
8780592c:	4024c01f 	eormi	ip, r4, pc, lsl r0
87805930:	00204024 	eoreq	r4, r0, r4, lsr #32
87805934:	e0020000 	and	r0, r2, r0
87805938:	50055005 	andpl	r5, r5, r5
8780593c:	20045006 	andcs	r5, r4, r6
87805940:	c03f4020 	eorsgt	r4, pc, r0, lsr #32
87805944:	00044004 	andeq	r4, r4, r4
87805948:	4000c003 	andmi	ip, r0, r3
8780594c:	40040000 	andmi	r0, r4, r0
87805950:	4000c027 	andmi	ip, r0, r7, lsr #32
87805954:	00000000 	andeq	r0, r0, r0
87805958:	10001000 	andne	r1, r0, r0
8780595c:	e0271004 	eor	r1, r7, r4
87805960:	00000000 	andeq	r0, r0, r0
87805964:	c03f4020 	eorsgt	r4, pc, r0, lsr #32
87805968:	00074001 	andeq	r4, r7, r1
8780596c:	4004c004 	andmi	ip, r4, r4
87805970:	40204020 	eormi	r4, r0, r0, lsr #32
87805974:	4000c03f 	andmi	ip, r0, pc, lsr r0
87805978:	00004000 	andeq	r4, r0, r0
8780597c:	0004c007 	andeq	ip, r4, r7
87805980:	0004c007 	andeq	ip, r4, r7
87805984:	0000c003 	andeq	ip, r0, r3
87805988:	c0074004 	andgt	r4, r7, r4
8780598c:	00044004 	andeq	r4, r4, r4
87805990:	4000c003 	andmi	ip, r0, r3
87805994:	80030000 	andhi	r0, r3, r0
87805998:	40044004 	andmi	r4, r4, r4
8780599c:	00008003 	andeq	r8, r0, r3
878059a0:	f0071004 			; <UNDEFINED> instruction: 0xf0071004
878059a4:	40045004 	andmi	r5, r4, r4
878059a8:	00008003 	andeq	r8, r0, r3
878059ac:	80030000 	andhi	r0, r3, r0
878059b0:	50044004 	andpl	r4, r4, r4
878059b4:	1000f007 	andne	pc, r0, r7
878059b8:	c0074004 	andgt	r4, r7, r4
878059bc:	00044002 	andeq	r4, r4, r2
878059c0:	00000004 	andeq	r0, r0, r4
878059c4:	40060000 	andmi	r0, r6, r0
878059c8:	40054005 	andmi	r4, r5, r5
878059cc:	0000c004 	andeq	ip, r0, r4
878059d0:	00040000 	andeq	r0, r4, r0
878059d4:	4004801f 	andmi	r8, r4, pc, lsl r0
878059d8:	00004000 	andeq	r4, r0, r0
878059dc:	80070004 	andhi	r0, r7, r4
878059e0:	40044000 	andmi	r4, r4, r0
878059e4:	4000c007 	andmi	ip, r0, r7
878059e8:	00070004 	andeq	r0, r7, r4
878059ec:	8001c004 	andhi	ip, r1, r4
878059f0:	00040006 	andeq	r0, r4, r6
878059f4:	c0010006 	andgt	r0, r1, r6
878059f8:	c0010007 	andgt	r0, r1, r7
878059fc:	00000006 	andeq	r0, r0, r6
87805a00:	c0064004 	andgt	r4, r6, r4
87805a04:	c0060001 	andgt	r0, r6, r1
87805a08:	00004004 	andeq	r4, r0, r4
87805a0c:	10071004 	andne	r1, r7, r4
87805a10:	8001e004 	andhi	lr, r1, r4
87805a14:	00040006 	andeq	r0, r4, r6
87805a18:	40040000 	andmi	r0, r4, r0
87805a1c:	4006c005 	andmi	ip, r6, r5
87805a20:	00004004 	andeq	r4, r0, r4
87805a24:	00000000 	andeq	r0, r0, r0
87805a28:	e07b0004 	rsbs	r0, fp, r4
87805a2c:	00002040 	andeq	r2, r0, r0, asr #32
87805a30:	00000000 	andeq	r0, r0, r0
87805a34:	f0ff0000 			; <UNDEFINED> instruction: 0xf0ff0000
87805a38:	00000000 	andeq	r0, r0, r0
87805a3c:	20400000 	subcs	r0, r0, r0
87805a40:	0004e07b 	andeq	lr, r4, fp, ror r0
87805a44:	00000000 	andeq	r0, r0, r0
87805a48:	00800040 	addeq	r0, r0, r0, asr #32
87805a4c:	00200040 	eoreq	r0, r0, r0, asr #32
87805a50:	00400020 	subeq	r0, r0, r0, lsr #32

87805a54 <asc2_3216>:
	...
87805aec:	c000f007 	andgt	pc, r0, r7
87805af0:	e0e1ff07 	rsc	pc, r1, r7, lsl #30
87805af4:	e001f007 	and	pc, r1, r7
87805af8:	c0000000 	andgt	r0, r0, r0
	...
87805b5c:	00002000 	andeq	r2, r0, r0
87805b60:	0000c001 	andeq	ip, r0, r1
87805b64:	00008007 	andeq	r8, r0, r7
87805b68:	0000001f 	andeq	r0, r0, pc, lsl r0
87805b6c:	0000001e 	andeq	r0, r0, lr, lsl r0
87805b70:	0000201c 	andeq	r2, r0, ip, lsl r0
87805b74:	0000c001 	andeq	ip, r0, r1
87805b78:	00008007 	andeq	r8, r0, r7
87805b7c:	0000001f 	andeq	r0, r0, pc, lsl r0
87805b80:	0000001e 	andeq	r0, r0, lr, lsl r0
87805b84:	0000001c 	andeq	r0, r0, ip, lsl r0
	...
87805bd8:	000c1800 	andeq	r1, ip, r0, lsl #16
87805bdc:	000c1800 	andeq	r1, ip, r0, lsl #16
87805be0:	e00f1800 	and	r1, pc, r0, lsl #16
87805be4:	00fc1f00 	rscseq	r1, ip, r0, lsl #30
87805be8:	000cf803 	andeq	pc, ip, r3, lsl #16
87805bec:	000c1800 	andeq	r1, ip, r0, lsl #16
87805bf0:	000c1800 	andeq	r1, ip, r0, lsl #16
87805bf4:	000c1800 	andeq	r1, ip, r0, lsl #16
87805bf8:	000c1800 	andeq	r1, ip, r0, lsl #16
87805bfc:	e00f1800 	and	r1, pc, r0, lsl #16
87805c00:	00fc1f00 	rscseq	r1, ip, r0, lsl #30
87805c04:	000cf803 	andeq	pc, ip, r3, lsl #16
87805c08:	000c1800 	andeq	r1, ip, r0, lsl #16
87805c0c:	000c1800 	andeq	r1, ip, r0, lsl #16
	...
87805c5c:	80070000 	andhi	r0, r7, r0
87805c60:	c0077800 	andgt	r7, r7, r0, lsl #16
87805c64:	4006fc00 	andmi	pc, r6, r0, lsl #24
87805c68:	20000e01 	andcs	r0, r0, r1, lsl #28
87805c6c:	20000703 	andcs	r0, r0, r3, lsl #14
87805c70:	20800302 	addcs	r0, r0, r2, lsl #6
87805c74:	fcffff0f 	ldc2l	15, cr15, [pc], #60	; 87805cb8 <asc2_3216+0x264>
87805c78:	20c00102 	sbccs	r0, r0, r2, lsl #2
87805c7c:	60e00002 	rscvs	r0, r0, r2
87805c80:	40703001 	rsbsmi	r3, r0, r1
87805c84:	803ff001 	eorshi	pc, pc, r1
87805c88:	001ff000 	andseq	pc, pc, r0
	...
87805cd4:	0000fe00 	andeq	pc, r0, r0, lsl #28
87805cd8:	0000ff01 	andeq	pc, r0, r1, lsl #30
87805cdc:	00800103 	addeq	r0, r0, r3, lsl #2
87805ce0:	60800002 	addvs	r0, r0, r2
87805ce4:	c0810103 	addgt	r0, r1, r3, lsl #2
87805ce8:	0007ff01 	andeq	pc, r7, r1, lsl #30
87805cec:	0018fe00 	andseq	pc, r8, r0, lsl #28
87805cf0:	00e00000 	rsceq	r0, r0, r0
87805cf4:	00bf0300 	adcseq	r0, pc, r0, lsl #6
87805cf8:	c0ff0c00 	rscsgt	r0, pc, r0, lsl #24
87805cfc:	60807100 	addvs	r7, r0, r0, lsl #2
87805d00:	2000c101 	andcs	ip, r0, r1, lsl #2
87805d04:	60800103 	addvs	r0, r0, r3, lsl #2
87805d08:	c0ff0000 	rscsgt	r0, pc, r0
87805d0c:	003f0000 	eorseq	r0, pc, r0
	...
87805d54:	001f0000 	andseq	r0, pc, r0
87805d58:	c07f0000 	rsbsgt	r0, pc, r0
87805d5c:	c0c0fc00 	sbcgt	pc, r0, r0, lsl #24
87805d60:	6080ff01 	addvs	pc, r0, r1, lsl #30
87805d64:	20e00303 	rsccs	r0, r0, r3, lsl #6
87805d68:	20780202 	rsbscs	r0, r8, r2, lsl #4
87805d6c:	201e0602 	andscs	r0, lr, r2, lsl #12
87805d70:	4007fc03 	andmi	pc, r7, r3, lsl #24
87805d74:	8003f001 	andhi	pc, r3, r1
87805d78:	c0030100 	andgt	r0, r3, r0, lsl #2
87805d7c:	601c0100 	andsvs	r0, ip, r0, lsl #2
87805d80:	20e00100 	rsccs	r0, r0, r0, lsl #2
87805d84:	20000100 	andcs	r0, r0, r0, lsl #2
87805d88:	40000100 	andmi	r0, r0, r0, lsl #2
87805d8c:	80010000 	andhi	r0, r1, r0
	...
87805dd8:	00002000 	andeq	r2, r0, r0
87805ddc:	0000601c 	andeq	r6, r0, ip, lsl r0
87805de0:	0000401c 	andeq	r4, r0, ip, lsl r0
87805de4:	0000801f 	andeq	r8, r0, pc, lsl r0
87805de8:	0000000f 	andeq	r0, r0, pc
	...
87805e70:	00f80700 	rscseq	r0, r8, r0, lsl #14
87805e74:	00ff3f00 	rscseq	r3, pc, r0, lsl #30
87805e78:	c0077800 	andgt	r7, r7, r0, lsl #16
87805e7c:	e000c001 	and	ip, r0, r1
87805e80:	30000003 	andcc	r0, r0, r3
87805e84:	08000004 	stmdaeq	r0, {r2}
87805e88:	04000008 	streq	r0, [r0], #-8
87805e8c:	02000010 	andeq	r0, r0, #16
	...
87805ed8:	02000010 	andeq	r0, r0, #16
87805edc:	04000008 	streq	r0, [r0], #-8
87805ee0:	08000004 	stmdaeq	r0, {r2}
87805ee4:	30000003 	andcc	r0, r0, r3
87805ee8:	e000c001 	and	ip, r0, r1
87805eec:	c0077800 	andgt	r7, r7, r0, lsl #16
87805ef0:	00ff3f00 	rscseq	r3, pc, r0, lsl #30
87805ef4:	00f80700 	rscseq	r0, r8, r0, lsl #14
	...
87805f5c:	00180c00 	andseq	r0, r8, r0, lsl #24
87805f60:	00380e00 	eorseq	r0, r8, r0, lsl #28
87805f64:	00380e00 	eorseq	r0, r8, r0, lsl #28
87805f68:	00300600 	eorseq	r0, r0, r0, lsl #12
87805f6c:	00600300 	rsbeq	r0, r0, r0, lsl #6
87805f70:	80436100 	subhi	r6, r3, r0, lsl #2
87805f74:	80ffff00 	rscshi	pc, pc, r0, lsl #30
87805f78:	00436100 	subeq	r6, r3, r0, lsl #2
87805f7c:	00600300 	rsbeq	r0, r0, r0, lsl #6
87805f80:	00300600 	eorseq	r0, r0, r0, lsl #12
87805f84:	00380e00 	eorseq	r0, r8, r0, lsl #28
87805f88:	00380e00 	eorseq	r0, r8, r0, lsl #28
87805f8c:	00180c00 	andseq	r0, r8, r0, lsl #24
	...
87805fdc:	00800000 	addeq	r0, r0, r0
87805fe0:	00800000 	addeq	r0, r0, r0
87805fe4:	00800000 	addeq	r0, r0, r0
87805fe8:	00800000 	addeq	r0, r0, r0
87805fec:	00800000 	addeq	r0, r0, r0
87805ff0:	00800000 	addeq	r0, r0, r0
87805ff4:	00ff7f00 	rscseq	r7, pc, r0, lsl #30
87805ff8:	00800000 	addeq	r0, r0, r0
87805ffc:	00800000 	addeq	r0, r0, r0
87806000:	00800000 	addeq	r0, r0, r0
87806004:	00800000 	addeq	r0, r0, r0
87806008:	00800000 	addeq	r0, r0, r0
8780600c:	00800000 	addeq	r0, r0, r0
	...
87806058:	01000000 	mrseq	r0, (UNDEF: 0)
8780605c:	e3000000 	movw	r0, #0
87806060:	e2000000 	and	r0, r0, #0
87806064:	fc000000 	stc2	0, cr0, [r0], {-0}
87806068:	78000000 	stmdavc	r0, {}	; <UNPREDICTABLE>
	...
878060d8:	00800000 	addeq	r0, r0, r0
878060dc:	00800000 	addeq	r0, r0, r0
878060e0:	00800000 	addeq	r0, r0, r0
878060e4:	00800000 	addeq	r0, r0, r0
878060e8:	00800000 	addeq	r0, r0, r0
878060ec:	00800000 	addeq	r0, r0, r0
878060f0:	00800000 	addeq	r0, r0, r0
878060f4:	00800000 	addeq	r0, r0, r0
878060f8:	00800000 	addeq	r0, r0, r0
878060fc:	00800000 	addeq	r0, r0, r0
87806100:	00800000 	addeq	r0, r0, r0
87806104:	00800000 	addeq	r0, r0, r0
87806108:	00800000 	addeq	r0, r0, r0
8780610c:	00800000 	addeq	r0, r0, r0
	...
8780615c:	c0000000 	andgt	r0, r0, r0
87806160:	e0010000 	and	r0, r1, r0
87806164:	e0010000 	and	r0, r1, r0
87806168:	c0000000 	andgt	r0, r0, r0
	...
878061d8:	0c000000 	stceq	0, cr0, [r0], {-0}
878061dc:	38000000 	stmdacc	r0, {}	; <UNPREDICTABLE>
878061e0:	e0000000 	and	r0, r0, r0
878061e4:	80030000 	andhi	r0, r3, r0
878061e8:	000e0000 	andeq	r0, lr, r0
878061ec:	00380000 	eorseq	r0, r8, r0
878061f0:	00e00000 	rsceq	r0, r0, r0
878061f4:	00800300 	addeq	r0, r0, r0, lsl #6
878061f8:	00000e00 	andeq	r0, r0, r0, lsl #28
878061fc:	00003800 	andeq	r3, r0, r0, lsl #16
87806200:	0000e000 	andeq	lr, r0, r0
87806204:	00008003 	andeq	r8, r0, r3
87806208:	0000000e 	andeq	r0, r0, lr
8780620c:	00000018 	andeq	r0, r0, r8, lsl r0
	...
8780625c:	00f80f00 	rscseq	r0, r8, r0, lsl #30
87806260:	00ff7f00 	rscseq	r7, pc, r0, lsl #30
87806264:	8007f000 	andhi	pc, r7, r0
87806268:	c0008001 	andgt	r8, r0, r1
8780626c:	60000003 	andvs	r0, r0, r3
87806270:	20000002 	andcs	r0, r0, r2
87806274:	20000002 	andcs	r0, r0, r2
87806278:	20000002 	andcs	r0, r0, r2
8780627c:	60000003 	andvs	r0, r0, r3
87806280:	c0008001 	andgt	r8, r0, r1
87806284:	8003e000 	andhi	lr, r3, r0
87806288:	00ff7f00 	rscseq	r7, pc, r0, lsl #30
8780628c:	00f80f00 	rscseq	r0, r8, r0, lsl #30
	...
878062e0:	20008000 	andcs	r8, r0, r0
878062e4:	20008000 	andcs	r8, r0, r0
878062e8:	20008000 	andcs	r8, r0, r0
878062ec:	60008000 	andvs	r8, r0, r0
878062f0:	e0ffff01 	rscs	pc, pc, r1, lsl #30
878062f4:	e0ffff03 	rscs	pc, pc, r3, lsl #30
878062f8:	60000000 	andvs	r0, r0, r0
878062fc:	20000000 	andcs	r0, r0, r0
87806300:	20000000 	andcs	r0, r0, r0
87806304:	20000000 	andcs	r0, r0, r0
	...
8780635c:	e0007800 	and	r7, r0, r0, lsl #16
87806360:	60019800 	andvs	r9, r1, r0, lsl #16
87806364:	60020001 	andvs	r0, r2, r1
87806368:	60040002 	andvs	r0, r4, r2
8780636c:	60080002 	andvs	r0, r8, r2
87806370:	60100002 	andsvs	r0, r0, r2
87806374:	60200002 	eorvs	r0, r0, r2
87806378:	60400002 	subvs	r0, r0, r2
8780637c:	60800003 	addvs	r0, r0, r3
87806380:	60008301 	andvs	r8, r0, r1, lsl #6
87806384:	e000fe01 	and	pc, r0, r1, lsl #28
87806388:	80077c00 	andhi	r7, r7, r0, lsl #24
	...
878063dc:	8007f000 	andhi	pc, r7, r0
878063e0:	c007f001 	andgt	pc, r7, r1
878063e4:	40000001 	andmi	r0, r0, r1
878063e8:	20000002 	andcs	r0, r0, r2
878063ec:	20000102 	andcs	r0, r0, r2, lsl #2
878063f0:	20000102 	andcs	r0, r0, r2, lsl #2
878063f4:	20000102 	andcs	r0, r0, r2, lsl #2
878063f8:	20800303 	addcs	r0, r0, r3, lsl #6
878063fc:	40808601 	addmi	r8, r0, r1, lsl #12
87806400:	c0c0fc01 	sbcgt	pc, r0, r1, lsl #24
87806404:	807f7800 	rsbshi	r7, pc, r0, lsl #16
87806408:	001e0000 	andseq	r0, lr, r0
	...
87806458:	00080000 	andeq	r0, r8, r0
8780645c:	00380000 	eorseq	r0, r8, r0
87806460:	00480000 	subeq	r0, r8, r0
87806464:	00880100 	addeq	r0, r8, r0, lsl #2
87806468:	00080600 	andeq	r0, r8, r0, lsl #12
8780646c:	10080c00 	andne	r0, r8, r0, lsl #24
87806470:	10083000 	andne	r3, r8, r0
87806474:	10084000 	andne	r4, r8, r0
87806478:	f0ffff01 			; <UNDEFINED> instruction: 0xf0ffff01
8780647c:	f0ffff03 			; <UNDEFINED> instruction: 0xf0ffff03
87806480:	f0ffff03 			; <UNDEFINED> instruction: 0xf0ffff03
87806484:	10080000 	andne	r0, r8, r0
87806488:	10080000 	andne	r0, r8, r0
8780648c:	10080000 	andne	r0, r8, r0
	...
878064dc:	80070000 	andhi	r0, r7, r0
878064e0:	40861f00 	addmi	r1, r6, r0, lsl #30
878064e4:	2000e103 	andcs	lr, r0, r3, lsl #2
878064e8:	20000203 	andcs	r0, r0, r3, lsl #4
878064ec:	20000403 	andcs	r0, r0, r3, lsl #8
878064f0:	20000403 	andcs	r0, r0, r3, lsl #8
878064f4:	20000403 	andcs	r0, r0, r3, lsl #8
878064f8:	20000403 	andcs	r0, r0, r3, lsl #8
878064fc:	40000603 	andmi	r0, r0, r3, lsl #12
87806500:	c0010303 	andgt	r0, r1, r3, lsl #6
87806504:	80ff0103 	rscshi	r0, pc, r3, lsl #2
87806508:	007e0003 	rsbseq	r0, lr, r3
	...
8780655c:	00fc0700 	rscseq	r0, ip, r0, lsl #14
87806560:	00ff3f00 	rscseq	r3, pc, r0, lsl #30
87806564:	80c37000 	sbchi	r7, r3, r0
87806568:	c0808100 	addgt	r8, r0, r0, lsl #2
8780656c:	60000101 	andvs	r0, r0, r1, lsl #2
87806570:	20000203 	andcs	r0, r0, r3, lsl #4
87806574:	20000202 	andcs	r0, r0, r2, lsl #4
87806578:	20000202 	andcs	r0, r0, r2, lsl #4
8780657c:	20000202 	andcs	r0, r0, r2, lsl #4
87806580:	40000302 	andmi	r0, r0, r2, lsl #6
87806584:	c080c101 	addgt	ip, r0, r1, lsl #2
87806588:	80ffc000 	rscshi	ip, pc, r0
8780658c:	007e0000 	rsbseq	r0, lr, r0
	...
878065dc:	0000f000 	andeq	pc, r0, r0
878065e0:	0000c003 	andeq	ip, r0, r3
878065e4:	00008003 	andeq	r8, r0, r3
878065e8:	00000003 	andeq	r0, r0, r3
878065ec:	e0070003 	and	r0, r7, r3
878065f0:	e03f0003 	eors	r0, pc, r3
878065f4:	00c00103 	sbceq	r0, r0, r3, lsl #2
878065f8:	00000603 	andeq	r0, r0, r3, lsl #12
878065fc:	00001803 	andeq	r1, r0, r3, lsl #16
87806600:	00006003 	andeq	r6, r0, r3
87806604:	00008003 	andeq	r8, r0, r3
87806608:	00000003 	andeq	r0, r0, r3
	...
87806658:	001f0000 	andseq	r0, pc, r0
8780665c:	803f7800 	eorshi	r7, pc, r0, lsl #16
87806660:	c060fc00 	rsbgt	pc, r0, r0, lsl #24
87806664:	40c08e01 	sbcmi	r8, r0, r1, lsl #28
87806668:	20800703 	addcs	r0, r0, r3, lsl #14
8780666c:	20000302 	andcs	r0, r0, r2, lsl #6
87806670:	20800102 	addcs	r0, r0, r2, lsl #2
87806674:	20800102 	addcs	r0, r0, r2, lsl #2
87806678:	20c00102 	sbccs	r0, r0, r2, lsl #2
8780667c:	40e00103 	rscmi	r0, r0, r3, lsl #2
87806680:	c0708601 	rsbsgt	r8, r0, r1, lsl #12
87806684:	803ffc00 	eorshi	pc, pc, r0, lsl #24
87806688:	001f7800 	andseq	r7, pc, r0, lsl #16
	...
878066d8:	00003f00 	andeq	r3, r0, r0, lsl #30
878066dc:	c081ff00 	addgt	pc, r1, r0, lsl #30
878066e0:	c0c1c001 	sbcgt	ip, r1, r1
878066e4:	20600001 	rsbcs	r0, r0, r1
878066e8:	20200002 	eorcs	r0, r0, r2
878066ec:	20200002 	eorcs	r0, r0, r2
878066f0:	20200002 	eorcs	r0, r0, r2
878066f4:	60200002 	eorvs	r0, r0, r2
878066f8:	c0400002 	subgt	r0, r0, r2
878066fc:	80c10001 	sbchi	r0, r1, r1
87806700:	008fc100 	addeq	ip, pc, r0, lsl #2
87806704:	00fe7f00 	rscseq	r7, lr, r0, lsl #30
87806708:	00f01f00 	rscseq	r1, r0, r0, lsl #30
	...
8780676c:	c0000300 	andgt	r0, r0, r0, lsl #6
87806770:	e0810700 	add	r0, r1, r0, lsl #14
87806774:	e0810700 	add	r0, r1, r0, lsl #14
87806778:	c0000300 	andgt	r0, r0, r0, lsl #6
	...
878067ec:	66000600 	strvs	r0, [r0], -r0, lsl #12
878067f0:	78000600 	stmdavc	r0, {r9, sl}
	...
8780685c:	00800000 	addeq	r0, r0, r0
87806860:	00c00100 	sbceq	r0, r0, r0, lsl #2
87806864:	00600300 	rsbeq	r0, r0, r0, lsl #6
87806868:	00300600 	eorseq	r0, r0, r0, lsl #12
8780686c:	00180c00 	andseq	r0, r8, r0, lsl #24
87806870:	000c1800 	andeq	r1, ip, r0, lsl #16
87806874:	00063000 	andeq	r3, r6, r0
87806878:	00036000 	andeq	r6, r3, r0
8780687c:	8001c000 	andhi	ip, r1, r0
87806880:	40000001 	andmi	r0, r0, r1
87806884:	20000002 	andcs	r0, r0, r2
87806888:	10000004 	andne	r0, r0, r4
	...
878068d8:	00100400 	andseq	r0, r0, r0, lsl #8
878068dc:	00100400 	andseq	r0, r0, r0, lsl #8
878068e0:	00100400 	andseq	r0, r0, r0, lsl #8
878068e4:	00100400 	andseq	r0, r0, r0, lsl #8
878068e8:	00100400 	andseq	r0, r0, r0, lsl #8
878068ec:	00100400 	andseq	r0, r0, r0, lsl #8
878068f0:	00100400 	andseq	r0, r0, r0, lsl #8
878068f4:	00100400 	andseq	r0, r0, r0, lsl #8
878068f8:	00100400 	andseq	r0, r0, r0, lsl #8
878068fc:	00100400 	andseq	r0, r0, r0, lsl #8
87806900:	00100400 	andseq	r0, r0, r0, lsl #8
87806904:	00100400 	andseq	r0, r0, r0, lsl #8
87806908:	00100400 	andseq	r0, r0, r0, lsl #8
8780690c:	00100400 	andseq	r0, r0, r0, lsl #8
	...
8780695c:	10000004 	andne	r0, r0, r4
87806960:	20000002 	andcs	r0, r0, r2
87806964:	40000001 	andmi	r0, r0, r1
87806968:	8001c000 	andhi	ip, r1, r0
8780696c:	00036000 	andeq	r6, r3, r0
87806970:	00063000 	andeq	r3, r6, r0
87806974:	000c1800 	andeq	r1, ip, r0, lsl #16
87806978:	00180c00 	andseq	r0, r8, r0, lsl #24
8780697c:	00300600 	eorseq	r0, r0, r0, lsl #12
87806980:	00600300 	rsbeq	r0, r0, r0, lsl #6
87806984:	00c00100 	sbceq	r0, r0, r0, lsl #2
87806988:	00800000 	addeq	r0, r0, r0
	...
878069dc:	00007800 	andeq	r7, r0, r0, lsl #16
878069e0:	0000f801 	andeq	pc, r0, r1, lsl #16
878069e4:	00003802 	andeq	r3, r0, r2, lsl #16
878069e8:	00000002 	andeq	r0, r0, r2
878069ec:	c0000004 	andgt	r0, r0, r4
878069f0:	e0790004 	rsbs	r0, r9, r4
878069f4:	e0810004 	add	r0, r1, r4
878069f8:	c0000104 	andgt	r0, r0, r4, lsl #2
878069fc:	00000304 	andeq	r0, r0, r4, lsl #6
87806a00:	00000202 	andeq	r0, r0, r2, lsl #4
87806a04:	00000603 	andeq	r0, r0, r3, lsl #12
87806a08:	0000fc01 	andeq	pc, r0, r1, lsl #24
87806a0c:	0000f800 	andeq	pc, r0, r0, lsl #16
	...
87806a58:	00f80f00 	rscseq	r0, r8, r0, lsl #30
87806a5c:	00fe3f00 	rscseq	r3, lr, r0, lsl #30
87806a60:	80077000 	andhi	r7, r7, r0
87806a64:	c000c000 	andgt	ip, r0, r0
87806a68:	40f80101 	rscsmi	r0, r8, r1, lsl #2
87806a6c:	20fc0703 	rscscs	r0, ip, r3, lsl #14
87806a70:	20041e02 	andcs	r1, r4, r2, lsl #28
87806a74:	20083002 	andcs	r3, r8, r2
87806a78:	20302002 	eorscs	r2, r0, r2
87806a7c:	20fc3f02 	rscscs	r3, ip, r2, lsl #30
87806a80:	40043f01 	andmi	r3, r4, r1, lsl #30
87806a84:	c00c8001 	andgt	r8, ip, r1
87806a88:	8031e000 	eorshi	lr, r1, r0
87806a8c:	00c21f00 	sbceq	r1, r2, r0, lsl #30
	...
87806ad4:	20000000 	andcs	r0, r0, r0
87806ad8:	60000000 	andvs	r0, r0, r0
87806adc:	e0030000 	and	r0, r3, r0
87806ae0:	203e0000 	eorscs	r0, lr, r0
87806ae4:	20e00300 	rsccs	r0, r0, r0, lsl #6
87806ae8:	00203e00 	eoreq	r3, r0, r0, lsl #28
87806aec:	0020e003 	eoreq	lr, r0, r3
87806af0:	00208003 	eoreq	r8, r0, r3
87806af4:	0020fc07 	eoreq	pc, r0, r7, lsl #24
87806af8:	00e03f00 	rsceq	r3, r0, r0, lsl #30
87806afc:	20fe0300 	rscscs	r0, lr, r0, lsl #6
87806b00:	e03f0000 	eors	r0, pc, r0
87806b04:	e0010000 	and	r0, r1, r0
87806b08:	20000000 	andcs	r0, r0, r0
87806b0c:	20000000 	andcs	r0, r0, r0
	...
87806b58:	20000002 	andcs	r0, r0, r2
87806b5c:	20000002 	andcs	r0, r0, r2
87806b60:	e0ffff03 	rscs	pc, pc, r3, lsl #30
87806b64:	e0ffff03 	rscs	pc, pc, r3, lsl #30
87806b68:	20000102 	andcs	r0, r0, r2, lsl #2
87806b6c:	20000102 	andcs	r0, r0, r2, lsl #2
87806b70:	20000102 	andcs	r0, r0, r2, lsl #2
87806b74:	20000102 	andcs	r0, r0, r2, lsl #2
87806b78:	20000102 	andcs	r0, r0, r2, lsl #2
87806b7c:	20000303 	andcs	r0, r0, r3, lsl #6
87806b80:	60808601 	addvs	r8, r0, r1, lsl #12
87806b84:	c0c0fc01 	sbcgt	pc, r0, r1, lsl #24
87806b88:	807ff800 	rsbshi	pc, pc, r0, lsl #16
87806b8c:	001f0000 	andseq	r0, pc, r0
	...
87806bd8:	00f80700 	rscseq	r0, r8, r0, lsl #14
87806bdc:	00ff3f00 	rscseq	r3, pc, r0, lsl #30
87806be0:	80077000 	andhi	r7, r7, r0
87806be4:	c000c000 	andgt	ip, r0, r0
87806be8:	40000001 	andmi	r0, r0, r1
87806bec:	20000003 	andcs	r0, r0, r3
87806bf0:	20000002 	andcs	r0, r0, r2
87806bf4:	20000002 	andcs	r0, r0, r2
87806bf8:	20000002 	andcs	r0, r0, r2
87806bfc:	20000002 	andcs	r0, r0, r2
87806c00:	40000001 	andmi	r0, r0, r1
87806c04:	c0008001 	andgt	r8, r0, r1
87806c08:	8001c003 	andhi	ip, r1, r3
87806c0c:	00063000 	andeq	r3, r6, r0
	...
87806c58:	20000002 	andcs	r0, r0, r2
87806c5c:	20000002 	andcs	r0, r0, r2
87806c60:	e0ffff03 	rscs	pc, pc, r3, lsl #30
87806c64:	e0ffff03 	rscs	pc, pc, r3, lsl #30
87806c68:	20000002 	andcs	r0, r0, r2
87806c6c:	20000002 	andcs	r0, r0, r2
87806c70:	20000002 	andcs	r0, r0, r2
87806c74:	20000002 	andcs	r0, r0, r2
87806c78:	60000003 	andvs	r0, r0, r3
87806c7c:	40000001 	andmi	r0, r0, r1
87806c80:	c0008001 	andgt	r8, r0, r1
87806c84:	8007f000 	andhi	pc, r7, r0
87806c88:	00fe7f00 	rscseq	r7, lr, r0, lsl #30
87806c8c:	00f80f00 	rscseq	r0, r8, r0, lsl #30
	...
87806cd8:	20000002 	andcs	r0, r0, r2
87806cdc:	20000002 	andcs	r0, r0, r2
87806ce0:	e0ffff03 	rscs	pc, pc, r3, lsl #30
87806ce4:	e0ffff03 	rscs	pc, pc, r3, lsl #30
87806ce8:	20000102 	andcs	r0, r0, r2, lsl #2
87806cec:	20000102 	andcs	r0, r0, r2, lsl #2
87806cf0:	20000102 	andcs	r0, r0, r2, lsl #2
87806cf4:	20000102 	andcs	r0, r0, r2, lsl #2
87806cf8:	20000102 	andcs	r0, r0, r2, lsl #2
87806cfc:	20800302 	addcs	r0, r0, r2, lsl #6
87806d00:	20e00f02 	rsccs	r0, r0, r2, lsl #30
87806d04:	60000003 	andvs	r0, r0, r3
87806d08:	e000c003 	and	ip, r0, r3
87806d0c:	00036000 	andeq	r6, r3, r0
	...
87806d58:	20000002 	andcs	r0, r0, r2
87806d5c:	20000002 	andcs	r0, r0, r2
87806d60:	e0ffff03 	rscs	pc, pc, r3, lsl #30
87806d64:	e0ffff03 	rscs	pc, pc, r3, lsl #30
87806d68:	20000102 	andcs	r0, r0, r2, lsl #2
87806d6c:	20000102 	andcs	r0, r0, r2, lsl #2
87806d70:	00000102 	andeq	r0, r0, r2, lsl #2
87806d74:	00000102 	andeq	r0, r0, r2, lsl #2
87806d78:	00000102 	andeq	r0, r0, r2, lsl #2
87806d7c:	00000102 	andeq	r0, r0, r2, lsl #2
87806d80:	00800302 	addeq	r0, r0, r2, lsl #6
87806d84:	00e00f03 	rsceq	r0, r0, r3, lsl #30
87806d88:	00000003 	andeq	r0, r0, r3
87806d8c:	0000c003 	andeq	ip, r0, r3
87806d90:	00006000 	andeq	r6, r0, r0
	...
87806dd8:	00f80700 	rscseq	r0, r8, r0, lsl #14
87806ddc:	00fe3f00 	rscseq	r3, lr, r0, lsl #30
87806de0:	80077000 	andhi	r7, r7, r0
87806de4:	c001c001 	andgt	ip, r1, r1
87806de8:	40000001 	andmi	r0, r0, r1
87806dec:	20000003 	andcs	r0, r0, r3
87806df0:	20000002 	andcs	r0, r0, r2
87806df4:	20000002 	andcs	r0, r0, r2
87806df8:	20000002 	andcs	r0, r0, r2
87806dfc:	20200001 	eorcs	r0, r0, r1
87806e00:	40200001 	eormi	r0, r0, r1
87806e04:	803fc003 	eorshi	ip, pc, r3
87806e08:	803f3000 	eorshi	r3, pc, r0
87806e0c:	00200000 	eoreq	r0, r0, r0
87806e10:	00200000 	eoreq	r0, r0, r0
	...
87806e54:	20000002 	andcs	r0, r0, r2
87806e58:	20000002 	andcs	r0, r0, r2
87806e5c:	e0ffff03 	rscs	pc, pc, r3, lsl #30
87806e60:	e0ffff03 	rscs	pc, pc, r3, lsl #30
87806e64:	20800002 	addcs	r0, r0, r2
87806e68:	20800002 	addcs	r0, r0, r2
87806e6c:	00800000 	addeq	r0, r0, r0
87806e70:	00800000 	addeq	r0, r0, r0
87806e74:	00800000 	addeq	r0, r0, r0
87806e78:	20800002 	addcs	r0, r0, r2
87806e7c:	20800002 	addcs	r0, r0, r2
87806e80:	e0ffff03 	rscs	pc, pc, r3, lsl #30
87806e84:	e0ffff03 	rscs	pc, pc, r3, lsl #30
87806e88:	20000002 	andcs	r0, r0, r2
87806e8c:	20000002 	andcs	r0, r0, r2
	...
87806ee0:	20000002 	andcs	r0, r0, r2
87806ee4:	20000002 	andcs	r0, r0, r2
87806ee8:	20000002 	andcs	r0, r0, r2
87806eec:	20000002 	andcs	r0, r0, r2
87806ef0:	e0ffff03 	rscs	pc, pc, r3, lsl #30
87806ef4:	e0ffff03 	rscs	pc, pc, r3, lsl #30
87806ef8:	20000002 	andcs	r0, r0, r2
87806efc:	20000002 	andcs	r0, r0, r2
87806f00:	20000002 	andcs	r0, r0, r2
87806f04:	20000002 	andcs	r0, r0, r2
	...
87806f58:	0e000000 	cdpeq	0, 0, cr0, cr0, cr0, {0}
87806f5c:	0f000000 	svceq	0x00000000
87806f60:	0f000000 	svceq	0x00000000
87806f64:	01000000 	mrseq	r0, (UNDEF: 0)
87806f68:	01000002 	tsteq	r0, r2
87806f6c:	01000002 	tsteq	r0, r2
87806f70:	03000002 	movweq	r0, #2
87806f74:	06000002 	streq	r0, [r0], -r2
87806f78:	fcffff03 	ldc2l	15, cr15, [pc], #12	; 87806f8c <asc2_3216+0x1538>
87806f7c:	f8ffff03 			; <UNDEFINED> instruction: 0xf8ffff03
87806f80:	00000002 	andeq	r0, r0, r2
87806f84:	00000002 	andeq	r0, r0, r2
87806f88:	00000002 	andeq	r0, r0, r2
87806f8c:	00000002 	andeq	r0, r0, r2
	...
87806fd8:	20000002 	andcs	r0, r0, r2
87806fdc:	20000002 	andcs	r0, r0, r2
87806fe0:	e0ffff03 	rscs	pc, pc, r3, lsl #30
87806fe4:	e0ffff03 	rscs	pc, pc, r3, lsl #30
87806fe8:	20c00002 	sbccs	r0, r0, r2
87806fec:	20000102 	andcs	r0, r0, r2, lsl #2
87806ff0:	00800700 	addeq	r0, r0, r0, lsl #14
87806ff4:	00e00f00 	rsceq	r0, r0, r0, lsl #30
87806ff8:	00f83000 	rscseq	r3, r8, r0
87806ffc:	203e6002 	eorscs	r6, lr, r2
87807000:	200f8003 	andcs	r8, pc, r3
87807004:	e0030003 	and	r0, r3, r3
87807008:	e0000002 	and	r0, r0, r2
8780700c:	20000002 	andcs	r0, r0, r2
87807010:	20000000 	andcs	r0, r0, r0
	...
87807058:	20000002 	andcs	r0, r0, r2
8780705c:	20000002 	andcs	r0, r0, r2
87807060:	e0ffff03 	rscs	pc, pc, r3, lsl #30
87807064:	e0ffff03 	rscs	pc, pc, r3, lsl #30
87807068:	20000002 	andcs	r0, r0, r2
8780706c:	20000002 	andcs	r0, r0, r2
87807070:	20000000 	andcs	r0, r0, r0
87807074:	20000000 	andcs	r0, r0, r0
87807078:	20000000 	andcs	r0, r0, r0
8780707c:	20000000 	andcs	r0, r0, r0
87807080:	20000000 	andcs	r0, r0, r0
87807084:	60000000 	andvs	r0, r0, r0
87807088:	e0000000 	and	r0, r0, r0
8780708c:	00030000 	andeq	r0, r3, r0
	...
878070d4:	20000002 	andcs	r0, r0, r2
878070d8:	20000002 	andcs	r0, r0, r2
878070dc:	e0ffff03 	rscs	pc, pc, r3, lsl #30
878070e0:	2000e003 	andcs	lr, r0, r3
878070e4:	2000ff03 	andcs	pc, r0, r3, lsl #30
878070e8:	00f01f00 	rscseq	r1, r0, r0, lsl #30
878070ec:	80ff0100 	rscshi	r0, pc, r0, lsl #2
878070f0:	e00f0000 	and	r0, pc, r0
878070f4:	001e0000 	andseq	r0, lr, r0
878070f8:	00e00300 	rsceq	r0, r0, r0, lsl #6
878070fc:	20003e00 	andcs	r3, r0, r0, lsl #28
87807100:	2000e003 	andcs	lr, r0, r3
87807104:	e0ffff03 	rscs	pc, pc, r3, lsl #30
87807108:	e0ffff03 	rscs	pc, pc, r3, lsl #30
8780710c:	20000002 	andcs	r0, r0, r2
87807110:	20000002 	andcs	r0, r0, r2
	...
87807154:	20000002 	andcs	r0, r0, r2
87807158:	20000002 	andcs	r0, r0, r2
8780715c:	e0ffff03 	rscs	pc, pc, r3, lsl #30
87807160:	20008003 	andcs	r8, r0, r3
87807164:	2000f003 	andcs	pc, r0, r3
87807168:	0000fc00 	andeq	pc, r0, r0, lsl #24
8780716c:	00001f00 	andeq	r1, r0, r0, lsl #30
87807170:	00c00700 	sbceq	r0, r0, r0, lsl #14
87807174:	00f00100 	rscseq	r0, r0, r0, lsl #2
87807178:	007c0000 	rsbseq	r0, ip, r0
8780717c:	801f0002 	andshi	r0, pc, r2
87807180:	e0070002 	and	r0, r7, r2
87807184:	e0ffff03 	rscs	pc, pc, r3, lsl #30
87807188:	00000002 	andeq	r0, r0, r2
8780718c:	00000002 	andeq	r0, r0, r2
	...
878071d8:	00f80f00 	rscseq	r0, r8, r0, lsl #30
878071dc:	00fe3f00 	rscseq	r3, lr, r0, lsl #30
878071e0:	8007f000 	andhi	pc, r7, r0
878071e4:	c0008001 	andgt	r8, r0, r1
878071e8:	40000001 	andmi	r0, r0, r1
878071ec:	20000002 	andcs	r0, r0, r2
878071f0:	20000002 	andcs	r0, r0, r2
878071f4:	20000002 	andcs	r0, r0, r2
878071f8:	20000002 	andcs	r0, r0, r2
878071fc:	40000001 	andmi	r0, r0, r1
87807200:	c0008001 	andgt	r8, r0, r1
87807204:	8003f000 	andhi	pc, r3, r0
87807208:	00fe3f00 	rscseq	r3, lr, r0, lsl #30
8780720c:	00f80f00 	rscseq	r0, r8, r0, lsl #30
	...
87807258:	20000002 	andcs	r0, r0, r2
8780725c:	20000002 	andcs	r0, r0, r2
87807260:	e0ffff03 	rscs	pc, pc, r3, lsl #30
87807264:	e0ffff03 	rscs	pc, pc, r3, lsl #30
87807268:	20800002 	addcs	r0, r0, r2
8780726c:	20800002 	addcs	r0, r0, r2
87807270:	00800002 	addeq	r0, r0, r2
87807274:	00800002 	addeq	r0, r0, r2
87807278:	00800002 	addeq	r0, r0, r2
8780727c:	00800002 	addeq	r0, r0, r2
87807280:	00800103 	addeq	r0, r0, r3, lsl #2
87807284:	00008301 	andeq	r8, r0, r1, lsl #6
87807288:	0000fe00 	andeq	pc, r0, r0, lsl #28
8780728c:	00007c00 	andeq	r7, r0, r0, lsl #24
	...
878072d8:	00f80f00 	rscseq	r0, r8, r0, lsl #30
878072dc:	00ff7f00 	rscseq	r7, pc, r0, lsl #30
878072e0:	8003f000 	andhi	pc, r3, r0
878072e4:	c0018001 	andgt	r8, r1, r1
878072e8:	40060001 	andmi	r0, r6, r1
878072ec:	20040002 	andcs	r0, r4, r2
878072f0:	20040002 	andcs	r0, r4, r2
878072f4:	20060002 	andcs	r0, r6, r2
878072f8:	e0030002 	and	r0, r3, r2
878072fc:	f8000001 			; <UNDEFINED> instruction: 0xf8000001
87807300:	5c008001 	stcpl	0, cr8, [r0], {1}
87807304:	8c03e000 	stchi	0, cr14, [r3], {-0}
87807308:	0cff3f00 	ldcleq	15, cr3, [pc]	; 87807310 <asc2_3216+0x18bc>
8780730c:	18fc0f00 	ldmne	ip!, {r8, r9, sl, fp}^
	...
87807358:	20000002 	andcs	r0, r0, r2
8780735c:	20000002 	andcs	r0, r0, r2
87807360:	e0ffff03 	rscs	pc, pc, r3, lsl #30
87807364:	e0ffff03 	rscs	pc, pc, r3, lsl #30
87807368:	20000102 	andcs	r0, r0, r2, lsl #2
8780736c:	20000102 	andcs	r0, r0, r2, lsl #2
87807370:	00800102 	addeq	r0, r0, r2, lsl #2
87807374:	00e00102 	rsceq	r0, r0, r2, lsl #2
87807378:	00fc0102 	rscseq	r0, ip, r2, lsl #2
8780737c:	803f0303 	eorshi	r0, pc, r3, lsl #6
87807380:	e0078601 	and	r8, r7, r1, lsl #12
87807384:	e000fc01 	and	pc, r0, r1, lsl #24
87807388:	2000f800 	andcs	pc, r0, r0, lsl #16
8780738c:	20000000 	andcs	r0, r0, r0
	...
878073dc:	00067800 	andeq	r7, r6, r0, lsl #16
878073e0:	e001fe00 	and	pc, r1, r0, lsl #28
878073e4:	c0008601 	andgt	r8, r0, r1, lsl #12
878073e8:	40000303 	andmi	r0, r0, r3, lsl #6
878073ec:	20000302 	andcs	r0, r0, r2, lsl #6
878073f0:	20800102 	addcs	r0, r0, r2, lsl #2
878073f4:	20800102 	addcs	r0, r0, r2, lsl #2
878073f8:	20c00102 	sbccs	r0, r0, r2, lsl #2
878073fc:	20c00002 	sbccs	r0, r0, r2
87807400:	60e00001 	rscvs	r0, r0, r1
87807404:	c0708001 	rsbsgt	r8, r0, r1
87807408:	803fe003 	eorshi	lr, pc, r3
8780740c:	001f0000 	andseq	r0, pc, r0
	...
87807458:	00006000 	andeq	r6, r0, r0
8780745c:	00008003 	andeq	r8, r0, r3
87807460:	00000003 	andeq	r0, r0, r3
87807464:	00000002 	andeq	r0, r0, r2
87807468:	20000002 	andcs	r0, r0, r2
8780746c:	20000002 	andcs	r0, r0, r2
87807470:	e0ffff03 	rscs	pc, pc, r3, lsl #30
87807474:	e0ffff03 	rscs	pc, pc, r3, lsl #30
87807478:	20000002 	andcs	r0, r0, r2
8780747c:	20000002 	andcs	r0, r0, r2
87807480:	00000002 	andeq	r0, r0, r2
87807484:	00000002 	andeq	r0, r0, r2
87807488:	00008003 	andeq	r8, r0, r3
8780748c:	0000e000 	andeq	lr, r0, r0
	...
878074d4:	00000002 	andeq	r0, r0, r2
878074d8:	00000002 	andeq	r0, r0, r2
878074dc:	00ffff03 	rscseq	pc, pc, r3, lsl #30
878074e0:	c0ffff03 	rscsgt	pc, pc, r3, lsl #30
878074e4:	40000002 	andmi	r0, r0, r2
878074e8:	60000002 	andvs	r0, r0, r2
878074ec:	20000000 	andcs	r0, r0, r0
878074f0:	20000000 	andcs	r0, r0, r0
878074f4:	20000000 	andcs	r0, r0, r0
878074f8:	20000000 	andcs	r0, r0, r0
878074fc:	40000002 	andmi	r0, r0, r2
87807500:	80000002 	andhi	r0, r0, r2
87807504:	00ffff03 	rscseq	pc, pc, r3, lsl #30
87807508:	00000002 	andeq	r0, r0, r2
8780750c:	00000002 	andeq	r0, r0, r2
	...
87807558:	00000002 	andeq	r0, r0, r2
8780755c:	00000002 	andeq	r0, r0, r2
87807560:	0000c003 	andeq	ip, r0, r3
87807564:	0000fc03 	andeq	pc, r0, r3, lsl #24
87807568:	00c03f02 	sbceq	r3, r0, r2, lsl #30
8780756c:	00f80300 	rscseq	r0, r8, r0, lsl #6
87807570:	807f0000 	rsbshi	r0, pc, r0
87807574:	e0070000 	and	r0, r7, r0
87807578:	80070000 	andhi	r0, r7, r0
8780757c:	00780000 	rsbseq	r0, r8, r0
87807580:	00c00302 	sbceq	r0, r0, r2, lsl #6
87807584:	00003c02 	andeq	r3, r0, r2, lsl #24
87807588:	0000c003 	andeq	ip, r0, r3
8780758c:	00000002 	andeq	r0, r0, r2
87807590:	00000002 	andeq	r0, r0, r2
	...
878075d4:	00000002 	andeq	r0, r0, r2
878075d8:	0000c003 	andeq	ip, r0, r3
878075dc:	0080ff03 	addeq	pc, r0, r3, lsl #30
878075e0:	00fe3f02 	rscseq	r3, lr, r2, lsl #30
878075e4:	e07f0002 	rsbs	r0, pc, r2
878075e8:	000f0000 	andeq	r0, pc, r0
878075ec:	00f00002 	rscseq	r0, r0, r2
878075f0:	0000ef03 	andeq	lr, r0, r3, lsl #30
878075f4:	0080ff03 	addeq	pc, r0, r3, lsl #30
878075f8:	00fe0f02 	rscseq	r0, lr, r2, lsl #30
878075fc:	e03f0000 	eors	r0, pc, r0
87807600:	001f0000 	andseq	r0, pc, r0
87807604:	00e00702 	rsceq	r0, r0, r2, lsl #14
87807608:	0000f803 	andeq	pc, r0, r3, lsl #16
8780760c:	00000003 	andeq	r0, r0, r3
87807610:	00000002 	andeq	r0, r0, r2
	...
87807658:	20000002 	andcs	r0, r0, r2
8780765c:	20000002 	andcs	r0, r0, r2
87807660:	e0008003 	and	r8, r0, r3
87807664:	2003f003 	andcs	pc, r3, r3
87807668:	200cfc02 	andcs	pc, ip, r2, lsl #24
8780766c:	00301f02 	eorseq	r1, r0, r2, lsl #30
87807670:	00c00700 	sbceq	r0, r0, r0, lsl #14
87807674:	00f00700 	rscseq	r0, r0, r0, lsl #14
87807678:	007c1802 	rsbseq	r1, ip, r2, lsl #16
8780767c:	201f6002 	andscs	r6, pc, r2
87807680:	e0038003 	and	r8, r3, r3
87807684:	e0000002 	and	r0, r0, r2
87807688:	20000002 	andcs	r0, r0, r2
8780768c:	20000000 	andcs	r0, r0, r0
	...
878076d8:	00000002 	andeq	r0, r0, r2
878076dc:	00000003 	andeq	r0, r0, r3
878076e0:	0000c003 	andeq	ip, r0, r3
878076e4:	0000f803 	andeq	pc, r0, r3, lsl #16
878076e8:	20003e02 	andcs	r3, r0, r2, lsl #28
878076ec:	20c00f02 	sbccs	r0, r0, r2, lsl #30
878076f0:	e0ff0100 	rscs	r0, pc, r0, lsl #2
878076f4:	e07f0000 	rsbs	r0, pc, r0
878076f8:	20800300 	addcs	r0, r0, r0, lsl #6
878076fc:	20001c02 	andcs	r1, r0, r2, lsl #24
87807700:	00007002 	andeq	r7, r0, r2
87807704:	00008003 	andeq	r8, r0, r3
87807708:	00000002 	andeq	r0, r0, r2
8780770c:	00000002 	andeq	r0, r0, r2
	...
87807758:	20000000 	andcs	r0, r0, r0
8780775c:	e0006000 	and	r6, r0, r0
87807760:	e0038003 	and	r8, r3, r3
87807764:	a00f0003 	andge	r0, pc, r3
87807768:	203e0002 	eorscs	r0, lr, r2
8780776c:	20f80002 	rscscs	r0, r8, r2
87807770:	20e00302 	rsccs	r0, r0, r2, lsl #6
87807774:	20800f02 	addcs	r0, r0, r2, lsl #30
87807778:	20003e02 	andcs	r3, r0, r2, lsl #28
8780777c:	20007802 	andcs	r7, r0, r2, lsl #16
87807780:	6000e003 	andvs	lr, r0, r3
87807784:	e0008003 	and	r8, r0, r3
87807788:	00030002 	andeq	r0, r3, r2
	...
878077ec:	fcffff1f 	ldc2l	15, cr15, [pc], #124	; 87807870 <asc2_3216+0x1e1c>
878077f0:	04000010 	streq	r0, [r0], #-16
878077f4:	04000010 	streq	r0, [r0], #-16
878077f8:	04000010 	streq	r0, [r0], #-16
878077fc:	04000010 	streq	r0, [r0], #-16
87807800:	04000010 	streq	r0, [r0], #-16
87807804:	04000010 	streq	r0, [r0], #-16
87807808:	04000010 	streq	r0, [r0], #-16
	...
87807860:	00000007 	andeq	r0, r0, r7
87807864:	0000c003 	andeq	ip, r0, r3
87807868:	00007800 	andeq	r7, r0, r0, lsl #16
8780786c:	00001e00 	andeq	r1, r0, r0, lsl #28
87807870:	00c00300 	sbceq	r0, r0, r0, lsl #6
87807874:	00f00000 	rscseq	r0, r0, r0
87807878:	001e0000 	andseq	r0, lr, r0
8780787c:	80070000 	andhi	r0, r7, r0
87807880:	f0000000 			; <UNDEFINED> instruction: 0xf0000000
87807884:	3c000000 	stccc	0, cr0, [r0], {-0}
87807888:	06000000 	streq	r0, [r0], -r0
	...
878078dc:	04000010 	streq	r0, [r0], #-16
878078e0:	04000010 	streq	r0, [r0], #-16
878078e4:	04000010 	streq	r0, [r0], #-16
878078e8:	04000010 	streq	r0, [r0], #-16
878078ec:	04000010 	streq	r0, [r0], #-16
878078f0:	04000010 	streq	r0, [r0], #-16
878078f4:	04000010 	streq	r0, [r0], #-16
878078f8:	fcffff1f 	ldc2l	15, cr15, [pc], #124	; 8780797c <asc2_3216+0x1f28>
	...
87807964:	00000002 	andeq	r0, r0, r2
87807968:	00000004 	andeq	r0, r0, r4
8780796c:	00000008 	andeq	r0, r0, r8
87807970:	00000018 	andeq	r0, r0, r8, lsl r0
87807974:	00000010 	andeq	r0, r0, r0, lsl r0
87807978:	00000018 	andeq	r0, r0, r8, lsl r0
8780797c:	00000018 	andeq	r0, r0, r8, lsl r0
87807980:	00000004 	andeq	r0, r0, r4
87807984:	00000002 	andeq	r0, r0, r2
	...
878079d4:	01000000 	mrseq	r0, (UNDEF: 0)
878079d8:	01000000 	mrseq	r0, (UNDEF: 0)
878079dc:	01000000 	mrseq	r0, (UNDEF: 0)
878079e0:	01000000 	mrseq	r0, (UNDEF: 0)
878079e4:	01000000 	mrseq	r0, (UNDEF: 0)
878079e8:	01000000 	mrseq	r0, (UNDEF: 0)
878079ec:	01000000 	mrseq	r0, (UNDEF: 0)
878079f0:	01000000 	mrseq	r0, (UNDEF: 0)
878079f4:	01000000 	mrseq	r0, (UNDEF: 0)
878079f8:	01000000 	mrseq	r0, (UNDEF: 0)
878079fc:	01000000 	mrseq	r0, (UNDEF: 0)
87807a00:	01000000 	mrseq	r0, (UNDEF: 0)
87807a04:	01000000 	mrseq	r0, (UNDEF: 0)
87807a08:	01000000 	mrseq	r0, (UNDEF: 0)
87807a0c:	01000000 	mrseq	r0, (UNDEF: 0)
87807a10:	01000000 	mrseq	r0, (UNDEF: 0)
	...
87807a60:	00000010 	andeq	r0, r0, r0, lsl r0
87807a64:	00000010 	andeq	r0, r0, r0, lsl r0
87807a68:	00000010 	andeq	r0, r0, r0, lsl r0
87807a6c:	00000018 	andeq	r0, r0, r8, lsl r0
87807a70:	00000008 	andeq	r0, r0, r8
87807a74:	00000004 	andeq	r0, r0, r4
	...
87807ad8:	80030000 	andhi	r0, r3, r0
87807adc:	c08f0100 	addgt	r0, pc, r0, lsl #2
87807ae0:	608c0300 	addvs	r0, ip, r0, lsl #6
87807ae4:	20180600 	andscs	r0, r8, r0, lsl #12
87807ae8:	20100400 	andscs	r0, r0, r0, lsl #8
87807aec:	20100400 	andscs	r0, r0, r0, lsl #8
87807af0:	20200400 	eorcs	r0, r0, r0, lsl #8
87807af4:	40200400 	eormi	r0, r0, r0, lsl #8
87807af8:	40200600 	eormi	r0, r0, r0, lsl #12
87807afc:	c0ff0300 	rscsgt	r0, pc, r0, lsl #6
87807b00:	e0ff0100 	rscs	r0, pc, r0, lsl #2
87807b04:	20000000 	andcs	r0, r0, r0
87807b08:	20000000 	andcs	r0, r0, r0
87807b0c:	c0000000 	andgt	r0, r0, r0
	...
87807b58:	00000002 	andeq	r0, r0, r2
87807b5c:	00000002 	andeq	r0, r0, r2
87807b60:	e0ffff03 	rscs	pc, pc, r3, lsl #30
87807b64:	c0ffff07 	rscsgt	pc, pc, r7, lsl #30
87807b68:	c0800100 	addgt	r0, r0, r0, lsl #2
87807b6c:	60000200 	andvs	r0, r0, r0, lsl #4
87807b70:	20000200 	andcs	r0, r0, r0, lsl #4
87807b74:	20000400 	andcs	r0, r0, r0, lsl #8
87807b78:	20000400 	andcs	r0, r0, r0, lsl #8
87807b7c:	20000400 	andcs	r0, r0, r0, lsl #8
87807b80:	40000600 	andmi	r0, r0, r0, lsl #12
87807b84:	c0000300 	andgt	r0, r0, r0, lsl #6
87807b88:	80ff0100 	rscshi	r0, pc, r0, lsl #2
87807b8c:	00fe0000 	rscseq	r0, lr, r0
	...
87807bdc:	007e0000 	rsbseq	r0, lr, r0
87807be0:	80ff0100 	rscshi	r0, pc, r0, lsl #2
87807be4:	c0810300 	addgt	r0, r1, r0, lsl #6
87807be8:	40000200 	andmi	r0, r0, r0, lsl #4
87807bec:	20000600 	andcs	r0, r0, r0, lsl #12
87807bf0:	20000400 	andcs	r0, r0, r0, lsl #8
87807bf4:	20000400 	andcs	r0, r0, r0, lsl #8
87807bf8:	20000400 	andcs	r0, r0, r0, lsl #8
87807bfc:	20000600 	andcs	r0, r0, r0, lsl #12
87807c00:	40c00300 	sbcmi	r0, r0, r0, lsl #6
87807c04:	80c00100 	sbchi	r0, r0, r0, lsl #2
87807c08:	00030000 	andeq	r0, r3, r0
	...
87807c5c:	007e0000 	rsbseq	r0, lr, r0
87807c60:	80ff0100 	rscshi	r0, pc, r0, lsl #2
87807c64:	c0800300 	addgt	r0, r0, r0, lsl #6
87807c68:	60000600 	andvs	r0, r0, r0, lsl #12
87807c6c:	20000400 	andcs	r0, r0, r0, lsl #8
87807c70:	20000400 	andcs	r0, r0, r0, lsl #8
87807c74:	20000400 	andcs	r0, r0, r0, lsl #8
87807c78:	40000402 	andmi	r0, r0, r2, lsl #8
87807c7c:	80000202 	andhi	r0, r0, r2, lsl #4
87807c80:	e0ffff03 	rscs	pc, pc, r3, lsl #30
87807c84:	c0ffff07 	rscsgt	pc, pc, r7, lsl #30
87807c88:	40000000 	andmi	r0, r0, r0
87807c8c:	40000000 	andmi	r0, r0, r0
	...
87807cdc:	007e0000 	rsbseq	r0, lr, r0
87807ce0:	80ff0100 	rscshi	r0, pc, r0, lsl #2
87807ce4:	c0110300 	andsgt	r0, r1, r0, lsl #6
87807ce8:	40100200 	andsmi	r0, r0, r0, lsl #4
87807cec:	60100400 	andsvs	r0, r0, r0, lsl #8
87807cf0:	20100400 	andscs	r0, r0, r0, lsl #8
87807cf4:	20100400 	andscs	r0, r0, r0, lsl #8
87807cf8:	20100400 	andscs	r0, r0, r0, lsl #8
87807cfc:	20100600 	andscs	r0, r0, r0, lsl #12
87807d00:	40100300 	andsmi	r0, r0, r0, lsl #6
87807d04:	c0f00100 	rscsgt	r0, r0, r0, lsl #2
87807d08:	00710000 	rsbseq	r0, r1, r0
	...
87807d5c:	00000400 	andeq	r0, r0, r0, lsl #8
87807d60:	20000400 	andcs	r0, r0, r0, lsl #8
87807d64:	20000400 	andcs	r0, r0, r0, lsl #8
87807d68:	20000400 	andcs	r0, r0, r0, lsl #8
87807d6c:	e0ff7f00 	rscs	r7, pc, r0, lsl #30
87807d70:	e0ffff01 	rscs	pc, pc, r1, lsl #30
87807d74:	20000401 	andcs	r0, r0, r1, lsl #8
87807d78:	20000403 	andcs	r0, r0, r3, lsl #8
87807d7c:	20000402 	andcs	r0, r0, r2, lsl #8
87807d80:	20000402 	andcs	r0, r0, r2, lsl #8
87807d84:	00000402 	andeq	r0, r0, r2, lsl #8
87807d88:	00000002 	andeq	r0, r0, r2
87807d8c:	0000c001 	andeq	ip, r0, r1
87807d90:	0000c001 	andeq	ip, r0, r1
	...
87807ddc:	1c000000 	stcne	0, cr0, [r0], {-0}
87807de0:	3ee30000 	cdpcc	0, 14, cr0, cr3, cr0, {0}
87807de4:	c2ff0300 	rscsgt	r0, pc, #0, 6
87807de8:	c30c0200 	movwgt	r0, #49664	; 0xc200
87807dec:	c1040400 	tstgt	r4, r0, lsl #8
87807df0:	c1040400 	tstgt	r4, r0, lsl #8
87807df4:	c1040400 	tstgt	r4, r0, lsl #8
87807df8:	c1040400 	tstgt	r4, r0, lsl #8
87807dfc:	c10c0600 	tstgt	ip, r0, lsl #12
87807e00:	c3f80300 	mvnsgt	r0, #0, 6
87807e04:	62f00500 	rscsvs	r0, r0, #0, 10
87807e08:	7e000600 	cfmadd32vc	mvax0, mvfx0, mvfx0, mvfx0
87807e0c:	3c000600 	stccc	6, cr0, [r0], {-0}
	...
87807e58:	20000002 	andcs	r0, r0, r2
87807e5c:	20000002 	andcs	r0, r0, r2
87807e60:	e0ffff03 	rscs	pc, pc, r3, lsl #30
87807e64:	e0ffff07 	rscs	pc, pc, r7, lsl #30
87807e68:	20000100 	andcs	r0, r0, r0, lsl #2
87807e6c:	20000200 	andcs	r0, r0, r0, lsl #4
87807e70:	00000600 	andeq	r0, r0, r0, lsl #12
87807e74:	00000400 	andeq	r0, r0, r0, lsl #8
87807e78:	00000400 	andeq	r0, r0, r0, lsl #8
87807e7c:	20000400 	andcs	r0, r0, r0, lsl #8
87807e80:	20000600 	andcs	r0, r0, r0, lsl #12
87807e84:	e0ff0300 	rscs	r0, pc, r0, lsl #6
87807e88:	e0ff0100 	rscs	r0, pc, r0, lsl #2
87807e8c:	20000000 	andcs	r0, r0, r0
87807e90:	20000000 	andcs	r0, r0, r0
	...
87807ee0:	20000400 	andcs	r0, r0, r0, lsl #8
87807ee4:	20000400 	andcs	r0, r0, r0, lsl #8
87807ee8:	20000400 	andcs	r0, r0, r0, lsl #8
87807eec:	20000400 	andcs	r0, r0, r0, lsl #8
87807ef0:	e0ff8703 	rscs	r8, pc, r3, lsl #14
87807ef4:	e0ff8f03 	rscs	r8, pc, r3, lsl #30
87807ef8:	20008003 	andcs	r8, r0, r3
87807efc:	20000000 	andcs	r0, r0, r0
87807f00:	20000000 	andcs	r0, r0, r0
87807f04:	20000000 	andcs	r0, r0, r0
	...
87807f60:	06000000 	streq	r0, [r0], -r0
87807f64:	07000000 	streq	r0, [r0, -r0]
87807f68:	01000000 	mrseq	r0, (UNDEF: 0)
87807f6c:	01000000 	mrseq	r0, (UNDEF: 0)
87807f70:	01000400 	tsteq	r0, r0, lsl #8
87807f74:	01000400 	tsteq	r0, r0, lsl #8
87807f78:	03000400 	movweq	r0, #1024	; 0x400
87807f7c:	06000400 	streq	r0, [r0], -r0, lsl #8
87807f80:	fcff8703 	ldc2l	7, cr8, [pc], #12	; 87807f94 <asc2_3216+0x2540>
87807f84:	f8ff8f03 			; <UNDEFINED> instruction: 0xf8ff8f03
87807f88:	00008003 	andeq	r8, r0, r3
	...
87807fd8:	20000002 	andcs	r0, r0, r2
87807fdc:	20000002 	andcs	r0, r0, r2
87807fe0:	e0ffff03 	rscs	pc, pc, r3, lsl #30
87807fe4:	e0ffff07 	rscs	pc, pc, r7, lsl #30
87807fe8:	20080000 	andcs	r0, r8, r0
87807fec:	20100000 	andscs	r0, r0, r0
87807ff0:	00300000 	eorseq	r0, r0, r0
87807ff4:	00fc0000 	rscseq	r0, ip, r0
87807ff8:	008e0500 	addeq	r0, lr, r0, lsl #10
87807ffc:	a0070700 	andge	r0, r7, r0, lsl #14
87808000:	e0010600 	and	r0, r1, r0, lsl #12
87808004:	e0000400 	and	r0, r0, r0, lsl #8
87808008:	20000400 	andcs	r0, r0, r0, lsl #8
8780800c:	20000000 	andcs	r0, r0, r0
	...
87808060:	20000002 	andcs	r0, r0, r2
87808064:	20000002 	andcs	r0, r0, r2
87808068:	20000002 	andcs	r0, r0, r2
8780806c:	20000002 	andcs	r0, r0, r2
87808070:	e0ffff03 	rscs	pc, pc, r3, lsl #30
87808074:	e0ffff07 	rscs	pc, pc, r7, lsl #30
87808078:	20000000 	andcs	r0, r0, r0
8780807c:	20000000 	andcs	r0, r0, r0
87808080:	20000000 	andcs	r0, r0, r0
87808084:	20000000 	andcs	r0, r0, r0
	...
878080d8:	20000400 	andcs	r0, r0, r0, lsl #8
878080dc:	e0ff0700 	rscs	r0, pc, r0, lsl #14
878080e0:	e0ff0f00 	rscs	r0, pc, r0, lsl #30
878080e4:	20000200 	andcs	r0, r0, r0, lsl #4
878080e8:	00000400 	andeq	r0, r0, r0, lsl #8
878080ec:	20000400 	andcs	r0, r0, r0, lsl #8
878080f0:	e0ff0700 	rscs	r0, pc, r0, lsl #14
878080f4:	e0ff0300 	rscs	r0, pc, r0, lsl #6
878080f8:	20000200 	andcs	r0, r0, r0, lsl #4
878080fc:	00000400 	andeq	r0, r0, r0, lsl #8
87808100:	20000400 	andcs	r0, r0, r0, lsl #8
87808104:	e0ff0700 	rscs	r0, pc, r0, lsl #14
87808108:	e0ff0300 	rscs	r0, pc, r0, lsl #6
8780810c:	20000000 	andcs	r0, r0, r0
	...
87808158:	20000400 	andcs	r0, r0, r0, lsl #8
8780815c:	20000400 	andcs	r0, r0, r0, lsl #8
87808160:	e0ff0700 	rscs	r0, pc, r0, lsl #14
87808164:	e0ff0f00 	rscs	r0, pc, r0, lsl #30
87808168:	20000100 	andcs	r0, r0, r0, lsl #2
8780816c:	20000200 	andcs	r0, r0, r0, lsl #4
87808170:	00000200 	andeq	r0, r0, r0, lsl #4
87808174:	00000400 	andeq	r0, r0, r0, lsl #8
87808178:	00000400 	andeq	r0, r0, r0, lsl #8
8780817c:	20000400 	andcs	r0, r0, r0, lsl #8
87808180:	20000600 	andcs	r0, r0, r0, lsl #12
87808184:	e0ff0300 	rscs	r0, pc, r0, lsl #6
87808188:	e0ff0100 	rscs	r0, pc, r0, lsl #2
8780818c:	20000000 	andcs	r0, r0, r0
87808190:	20000000 	andcs	r0, r0, r0
	...
878081dc:	007e0000 	rsbseq	r0, lr, r0
878081e0:	80ff0000 	rscshi	r0, pc, r0
878081e4:	c0810300 	addgt	r0, r1, r0, lsl #6
878081e8:	40000200 	andmi	r0, r0, r0, lsl #4
878081ec:	20000600 	andcs	r0, r0, r0, lsl #12
878081f0:	20000400 	andcs	r0, r0, r0, lsl #8
878081f4:	20000400 	andcs	r0, r0, r0, lsl #8
878081f8:	20000400 	andcs	r0, r0, r0, lsl #8
878081fc:	20000600 	andcs	r0, r0, r0, lsl #12
87808200:	40000200 	andmi	r0, r0, r0, lsl #4
87808204:	c0810300 	addgt	r0, r1, r0, lsl #6
87808208:	80ff0100 	rscshi	r0, pc, r0, lsl #2
8780820c:	007e0000 	rsbseq	r0, lr, r0
	...
87808258:	01000400 	tsteq	r0, r0, lsl #8
8780825c:	01000400 	tsteq	r0, r0, lsl #8
87808260:	ffff0700 			; <UNDEFINED> instruction: 0xffff0700
87808264:	ffff0f00 			; <UNDEFINED> instruction: 0xffff0f00
87808268:	c1000100 	mrsgt	r0, (UNDEF: 16)
8780826c:	41000200 	mrsmi	r0, R8_usr
87808270:	20000400 	andcs	r0, r0, r0, lsl #8
87808274:	20000400 	andcs	r0, r0, r0, lsl #8
87808278:	20000400 	andcs	r0, r0, r0, lsl #8
8780827c:	20000400 	andcs	r0, r0, r0, lsl #8
87808280:	40000600 	andmi	r0, r0, r0, lsl #12
87808284:	c0010300 	andgt	r0, r1, r0, lsl #6
87808288:	80ff0100 	rscshi	r0, pc, r0, lsl #2
8780828c:	007e0000 	rsbseq	r0, lr, r0
	...
878082dc:	007e0000 	rsbseq	r0, lr, r0
878082e0:	80ff0100 	rscshi	r0, pc, r0, lsl #2
878082e4:	c0800300 	addgt	r0, r0, r0, lsl #6
878082e8:	60000200 	andvs	r0, r0, r0, lsl #4
878082ec:	20000400 	andcs	r0, r0, r0, lsl #8
878082f0:	20000400 	andcs	r0, r0, r0, lsl #8
878082f4:	20000400 	andcs	r0, r0, r0, lsl #8
878082f8:	20000400 	andcs	r0, r0, r0, lsl #8
878082fc:	41000200 	mrsmi	r0, R8_usr
87808300:	c1000300 	mrsgt	r0, LR_irq
87808304:	ffff0300 			; <UNDEFINED> instruction: 0xffff0300
87808308:	ffff0700 			; <UNDEFINED> instruction: 0xffff0700
8780830c:	01000000 	mrseq	r0, (UNDEF: 0)
87808310:	01000000 	mrseq	r0, (UNDEF: 0)
	...
87808358:	20000400 	andcs	r0, r0, r0, lsl #8
8780835c:	20000400 	andcs	r0, r0, r0, lsl #8
87808360:	20000400 	andcs	r0, r0, r0, lsl #8
87808364:	20000400 	andcs	r0, r0, r0, lsl #8
87808368:	e0ff0f00 	rscs	r0, pc, r0, lsl #30
8780836c:	e0ff0f00 	rscs	r0, pc, r0, lsl #30
87808370:	20c00000 	sbccs	r0, r0, r0
87808374:	20000100 	andcs	r0, r0, r0, lsl #2
87808378:	20000200 	andcs	r0, r0, r0, lsl #4
8780837c:	20000600 	andcs	r0, r0, r0, lsl #12
87808380:	00000400 	andeq	r0, r0, r0, lsl #8
87808384:	00000400 	andeq	r0, r0, r0, lsl #8
87808388:	00000700 	andeq	r0, r0, r0, lsl #14
8780838c:	00000300 	andeq	r0, r0, r0, lsl #6
	...
878083dc:	e0030000 	and	r0, r3, r0
878083e0:	e0c00100 	sbc	r0, r0, r0, lsl #2
878083e4:	40e00300 	rscmi	r0, r0, r0, lsl #6
878083e8:	20300600 	eorscs	r0, r0, r0, lsl #12
878083ec:	20300400 	eorscs	r0, r0, r0, lsl #8
878083f0:	20180400 	andscs	r0, r8, r0, lsl #8
878083f4:	20180400 	andscs	r0, r8, r0, lsl #8
878083f8:	20180400 	andscs	r0, r8, r0, lsl #8
878083fc:	200c0400 	andcs	r0, ip, r0, lsl #8
87808400:	600c0200 	andvs	r0, ip, r0, lsl #4
87808404:	c0070300 	andgt	r0, r7, r0, lsl #6
87808408:	80830700 	addhi	r0, r3, r0, lsl #14
	...
8780845c:	00000400 	andeq	r0, r0, r0, lsl #8
87808460:	00000400 	andeq	r0, r0, r0, lsl #8
87808464:	00000400 	andeq	r0, r0, r0, lsl #8
87808468:	00000c00 	andeq	r0, r0, r0, lsl #24
8780846c:	80ff1f00 	rscshi	r1, pc, r0, lsl #30
87808470:	c0ffff00 	rscsgt	pc, pc, r0, lsl #30
87808474:	60000400 	andvs	r0, r0, r0, lsl #8
87808478:	20000400 	andcs	r0, r0, r0, lsl #8
8780847c:	20000400 	andcs	r0, r0, r0, lsl #8
87808480:	20000400 	andcs	r0, r0, r0, lsl #8
87808484:	40000400 	andmi	r0, r0, r0, lsl #8
87808488:	80010000 	andhi	r0, r1, r0
	...
878084d8:	00000400 	andeq	r0, r0, r0, lsl #8
878084dc:	00000400 	andeq	r0, r0, r0, lsl #8
878084e0:	80ff0700 	rscshi	r0, pc, r0, lsl #14
878084e4:	c0ff0f00 	rscsgt	r0, pc, r0, lsl #30
878084e8:	60000000 	andvs	r0, r0, r0
878084ec:	20000000 	andcs	r0, r0, r0
878084f0:	20000000 	andcs	r0, r0, r0
878084f4:	20000000 	andcs	r0, r0, r0
878084f8:	20000000 	andcs	r0, r0, r0
878084fc:	40000400 	andmi	r0, r0, r0, lsl #8
87808500:	80000400 	andhi	r0, r0, r0, lsl #8
87808504:	e0ff0700 	rscs	r0, pc, r0, lsl #14
87808508:	c0ff0f00 	rscsgt	r0, pc, r0, lsl #30
8780850c:	40000000 	andmi	r0, r0, r0
87808510:	40000000 	andmi	r0, r0, r0
	...
87808558:	00000400 	andeq	r0, r0, r0, lsl #8
8780855c:	00000400 	andeq	r0, r0, r0, lsl #8
87808560:	00800700 	addeq	r0, r0, r0, lsl #14
87808564:	00f00700 	rscseq	r0, r0, r0, lsl #14
87808568:	00fe0400 	rscseq	r0, lr, r0, lsl #8
8780856c:	c01f0400 	andsgt	r0, pc, r0, lsl #8
87808570:	e0030000 	and	r0, r3, r0
87808574:	80030000 	andhi	r0, r3, r0
87808578:	001c0000 	andseq	r0, ip, r0
8780857c:	00600400 	rsbeq	r0, r0, r0, lsl #8
87808580:	00800700 	addeq	r0, r0, r0, lsl #14
87808584:	00000600 	andeq	r0, r0, r0, lsl #12
87808588:	00000400 	andeq	r0, r0, r0, lsl #8
	...
878085d4:	00000400 	andeq	r0, r0, r0, lsl #8
878085d8:	00000600 	andeq	r0, r0, r0, lsl #12
878085dc:	00c00700 	sbceq	r0, r0, r0, lsl #14
878085e0:	00fc0700 	rscseq	r0, ip, r0, lsl #14
878085e4:	803f0400 	eorshi	r0, pc, r0, lsl #8
878085e8:	e0030000 	and	r0, r3, r0
878085ec:	800f0400 	andhi	r0, pc, r0, lsl #8
878085f0:	00f00600 	rscseq	r0, r0, r0, lsl #12
878085f4:	00f00700 	rscseq	r0, r0, r0, lsl #14
878085f8:	80ff0700 	rscshi	r0, pc, r0, lsl #14
878085fc:	e00f0400 	and	r0, pc, r0, lsl #8
87808600:	80030000 	andhi	r0, r3, r0
87808604:	003c0400 	eorseq	r0, ip, r0, lsl #8
87808608:	00c00700 	sbceq	r0, r0, r0, lsl #14
8780860c:	00000600 	andeq	r0, r0, r0, lsl #12
87808610:	00000400 	andeq	r0, r0, r0, lsl #8
	...
87808658:	20000000 	andcs	r0, r0, r0
8780865c:	20000400 	andcs	r0, r0, r0, lsl #8
87808660:	60000400 	andvs	r0, r0, r0, lsl #8
87808664:	e0000700 	and	r0, r0, r0, lsl #14
87808668:	20830700 	addcs	r0, r3, r0, lsl #14
8780866c:	00e60700 	rsceq	r0, r6, r0, lsl #14
87808670:	00f80400 	rscseq	r0, r8, r0, lsl #8
87808674:	003c0000 	eorseq	r0, ip, r0
87808678:	205e0400 	subscs	r0, lr, r0, lsl #8
8780867c:	a0870500 	addge	r0, r7, r0, lsl #10
87808680:	e0010600 	and	r0, r1, r0, lsl #12
87808684:	60000400 	andvs	r0, r0, r0, lsl #8
87808688:	20000400 	andcs	r0, r0, r0, lsl #8
8780868c:	20000000 	andcs	r0, r0, r0
	...
878086d8:	00000400 	andeq	r0, r0, r0, lsl #8
878086dc:	03000400 	movweq	r0, #1024	; 0x400
878086e0:	03000700 	movweq	r0, #1792	; 0x700
878086e4:	01e00700 	mvneq	r0, r0, lsl #14
878086e8:	01f80400 	mvnseq	r0, r0, lsl #8
878086ec:	021f0400 	andseq	r0, pc, #0, 8
878086f0:	fc070000 	stc2	0, cr0, [r7], {-0}
878086f4:	e0000000 	and	r0, r0, r0
878086f8:	00070000 	andeq	r0, r7, r0
878086fc:	00380400 	eorseq	r0, r8, r0, lsl #8
87808700:	00c00700 	sbceq	r0, r0, r0, lsl #14
87808704:	00000600 	andeq	r0, r0, r0, lsl #12
87808708:	00000400 	andeq	r0, r0, r0, lsl #8
8780870c:	00000400 	andeq	r0, r0, r0, lsl #8
	...
8780875c:	60800700 	addvs	r0, r0, r0, lsl #14
87808760:	e0000600 	and	r0, r0, r0, lsl #12
87808764:	e0030400 	and	r0, r3, r0, lsl #8
87808768:	a0070400 	andge	r0, r7, r0, lsl #8
8780876c:	200e0400 	andcs	r0, lr, r0, lsl #8
87808770:	203c0400 	eorscs	r0, ip, r0, lsl #8
87808774:	20700400 	rsbscs	r0, r0, r0, lsl #8
87808778:	20e00500 	rsccs	r0, r0, r0, lsl #10
8780877c:	20800700 	addcs	r0, r0, r0, lsl #14
87808780:	60000700 	andvs	r0, r0, r0, lsl #14
87808784:	e0000400 	and	r0, r0, r0, lsl #8
87808788:	80030000 	andhi	r0, r3, r0
	...
878087f0:	00800000 	addeq	r0, r0, r0
878087f4:	00800000 	addeq	r0, r0, r0
878087f8:	00400100 	subeq	r0, r0, r0, lsl #2
878087fc:	f83ffe07 			; <UNDEFINED> instruction: 0xf83ffe07
87808800:	04000008 	streq	r0, [r0], #-8
87808804:	02000010 	andeq	r0, r0, #16
87808808:	02000010 	andeq	r0, r0, #16
	...
87808874:	ffffffff 			; <UNDEFINED> instruction: 0xffffffff
	...
878088dc:	02000010 	andeq	r0, r0, #16
878088e0:	02000010 	andeq	r0, r0, #16
878088e4:	04000008 	streq	r0, [r0], #-8
878088e8:	f83ffe07 			; <UNDEFINED> instruction: 0xf83ffe07
878088ec:	00400100 	subeq	r0, r0, r0, lsl #2
878088f0:	00800000 	addeq	r0, r0, r0
878088f4:	00800000 	addeq	r0, r0, r0
	...
87808958:	00000018 	andeq	r0, r0, r8, lsl r0
8780895c:	00000030 	andeq	r0, r0, r0, lsr r0
87808960:	00000040 	andeq	r0, r0, r0, asr #32
87808964:	00000040 	andeq	r0, r0, r0, asr #32
87808968:	00000040 	andeq	r0, r0, r0, asr #32
8780896c:	00000020 	andeq	r0, r0, r0, lsr #32
87808970:	00000030 	andeq	r0, r0, r0, lsr r0
87808974:	00000008 	andeq	r0, r0, r8
87808978:	00000004 	andeq	r0, r0, r4
8780897c:	00000002 	andeq	r0, r0, r2
87808980:	00000002 	andeq	r0, r0, r2
87808984:	00000002 	andeq	r0, r0, r2
87808988:	0000000c 	andeq	r0, r0, ip
8780898c:	00000018 	andeq	r0, r0, r8, lsl r0
	...

878089d4 <.LANCHOR0>:
878089d4:	00000000 	andeq	r0, r0, r0
878089d8:	003b001f 	eorseq	r0, fp, pc, lsl r0
878089dc:	0078005a 	rsbseq	r0, r8, sl, asr r0
878089e0:	00b50097 	umlalseq	r0, r5, r7, r0
878089e4:	00f300d4 	ldrsbteq	r0, [r3], #4
878089e8:	01300111 	teqeq	r0, r1, lsl r1
878089ec:	0000014e 	andeq	r0, r0, lr, asr #2
878089f0:	1f1c1f00 	svcne	0x001c1f00
878089f4:	1f1e1f1e 	svcne	0x001e1f1e
878089f8:	1e1f1e1f 	mrcne	14, 0, r1, cr15, cr15, {0}
878089fc:	0000001f 	andeq	r0, r0, pc, lsl r0
87808a00:	32337061 	eorscc	r7, r3, #97	; 0x61
87808a04:	20633631 	rsbcs	r3, r3, r1, lsr r6
87808a08:	79737973 	ldmdbvc	r3!, {r0, r1, r4, r5, r6, r8, fp, ip, sp, lr}^
87808a0c:	206d6574 	rsbcs	r6, sp, r4, ror r5
87808a10:	666e6f63 	strbtvs	r6, [lr], -r3, ror #30
87808a14:	72206769 	eorvc	r6, r0, #27525120	; 0x1a40000
87808a18:	253d6765 	ldrcs	r6, [sp, #-1893]!	; 0xfffff89b
87808a1c:	0a0d7823 	beq	87b66ab0 <__bss_end+0x35d238>
87808a20:	00000000 	andeq	r0, r0, r0

87808a24 <digits.8944>:
87808a24:	33323130 	teqcc	r2, #48, 2
87808a28:	37363534 			; <UNDEFINED> instruction: 0x37363534
87808a2c:	42413938 	submi	r3, r1, #56, 18	; 0xe0000
87808a30:	46454443 	strbmi	r4, [r5], -r3, asr #8
87808a34:	4c554e3c 	mrrcmi	14, 3, r4, r5, cr12
87808a38:	00003e4c 	andeq	r3, r0, ip, asr #28

Disassembly of section .ARM.exidx:

87808a3c <.ARM.exidx>:
87808a3c:	7fffb4e0 	svcvc	0x00ffb4e0
87808a40:	00000001 	andeq	r0, r0, r1

Disassembly of section .data:

87808a44 <release.8799>:
87808a44:	00000001 	andeq	r0, r0, r1

87808a48 <_ctype>:
87808a48:	08080808 	stmdaeq	r8, {r3, fp}
87808a4c:	08080808 	stmdaeq	r8, {r3, fp}
87808a50:	28282808 	stmdacs	r8!, {r3, fp, sp}
87808a54:	08082828 	stmdaeq	r8, {r3, r5, fp, sp}
87808a58:	08080808 	stmdaeq	r8, {r3, fp}
87808a5c:	08080808 	stmdaeq	r8, {r3, fp}
87808a60:	08080808 	stmdaeq	r8, {r3, fp}
87808a64:	08080808 	stmdaeq	r8, {r3, fp}
87808a68:	101010a0 	andsne	r1, r0, r0, lsr #1
87808a6c:	10101010 	andsne	r1, r0, r0, lsl r0
87808a70:	10101010 	andsne	r1, r0, r0, lsl r0
87808a74:	10101010 	andsne	r1, r0, r0, lsl r0
87808a78:	04040404 	streq	r0, [r4], #-1028	; 0xfffffbfc
87808a7c:	04040404 	streq	r0, [r4], #-1028	; 0xfffffbfc
87808a80:	10100404 	andsne	r0, r0, r4, lsl #8
87808a84:	10101010 	andsne	r1, r0, r0, lsl r0
87808a88:	41414110 	cmpmi	r1, r0, lsl r1
87808a8c:	01414141 	cmpeq	r1, r1, asr #2
87808a90:	01010101 	tsteq	r1, r1, lsl #2
87808a94:	01010101 	tsteq	r1, r1, lsl #2
87808a98:	01010101 	tsteq	r1, r1, lsl #2
87808a9c:	01010101 	tsteq	r1, r1, lsl #2
87808aa0:	10010101 	andne	r0, r1, r1, lsl #2
87808aa4:	10101010 	andsne	r1, r0, r0, lsl r0
87808aa8:	42424210 	submi	r4, r2, #16, 4
87808aac:	02424242 	subeq	r4, r2, #536870916	; 0x20000004
87808ab0:	02020202 	andeq	r0, r2, #536870912	; 0x20000000
87808ab4:	02020202 	andeq	r0, r2, #536870912	; 0x20000000
87808ab8:	02020202 	andeq	r0, r2, #536870912	; 0x20000000
87808abc:	02020202 	andeq	r0, r2, #536870912	; 0x20000000
87808ac0:	10020202 	andne	r0, r2, r2, lsl #4
87808ac4:	08101010 	ldmdaeq	r0, {r4, ip}
	...
87808ae8:	101010a0 	andsne	r1, r0, r0, lsr #1
87808aec:	10101010 	andsne	r1, r0, r0, lsl r0
87808af0:	10101010 	andsne	r1, r0, r0, lsl r0
87808af4:	10101010 	andsne	r1, r0, r0, lsl r0
87808af8:	10101010 	andsne	r1, r0, r0, lsl r0
87808afc:	10101010 	andsne	r1, r0, r0, lsl r0
87808b00:	10101010 	andsne	r1, r0, r0, lsl r0
87808b04:	10101010 	andsne	r1, r0, r0, lsl r0
87808b08:	01010101 	tsteq	r1, r1, lsl #2
87808b0c:	01010101 	tsteq	r1, r1, lsl #2
87808b10:	01010101 	tsteq	r1, r1, lsl #2
87808b14:	01010101 	tsteq	r1, r1, lsl #2
87808b18:	01010101 	tsteq	r1, r1, lsl #2
87808b1c:	10010101 	andne	r0, r1, r1, lsl #2
87808b20:	01010101 	tsteq	r1, r1, lsl #2
87808b24:	02010101 	andeq	r0, r1, #1073741824	; 0x40000000
87808b28:	02020202 	andeq	r0, r2, #536870912	; 0x20000000
87808b2c:	02020202 	andeq	r0, r2, #536870912	; 0x20000000
87808b30:	02020202 	andeq	r0, r2, #536870912	; 0x20000000
87808b34:	02020202 	andeq	r0, r2, #536870912	; 0x20000000
87808b38:	02020202 	andeq	r0, r2, #536870912	; 0x20000000
87808b3c:	10020202 	andne	r0, r2, r2, lsl #4
87808b40:	02020202 	andeq	r0, r2, #536870912	; 0x20000000
87808b44:	02020202 	andeq	r0, r2, #536870912	; 0x20000000

Disassembly of section .bss:

87808b48 <irqNesting>:
87808b48:	00000000 	andeq	r0, r0, r0

87808b4c <irqTable>:
	...

8780904c <state.8813>:
	...

8780904d <state.8768>:
	...

8780904e <state.8818>:
	...

87809050 <g_pcOutBuf>:
	...

87809450 <g_pcInBuf>:
	...

87809850 <tftlcd_dev>:
	...

87809874 <___strtok>:
87809874:	00000000 	andeq	r0, r0, r0

Disassembly of section .ARM.attributes:

00000000 <.ARM.attributes>:
   0:	00002e41 	andeq	r2, r0, r1, asr #28
   4:	61656100 	cmnvs	r5, r0, lsl #2
   8:	01006962 	tsteq	r0, r2, ror #18
   c:	00000024 	andeq	r0, r0, r4, lsr #32
  10:	412d3705 			; <UNDEFINED> instruction: 0x412d3705
  14:	070a0600 	streq	r0, [sl, -r0, lsl #12]
  18:	09010841 	stmdbeq	r1, {r0, r6, fp}
  1c:	12040a02 	andne	r0, r4, #8192	; 0x2000
  20:	15011404 	strne	r1, [r1, #-1028]	; 0xfffffbfc
  24:	18031701 	stmdane	r3, {r0, r8, r9, sl, ip}
  28:	1c021a01 			; <UNDEFINED> instruction: 0x1c021a01
  2c:	地址 0x000000000000002c 越界。


Disassembly of section .comment:

00000000 <.comment>:
   0:	3a434347 	bcc	10d0d24 <shift+0x10d0d24>
   4:	694c2820 	stmdbvs	ip, {r5, fp, sp}^
   8:	6f72616e 	svcvs	0x0072616e
   c:	43434720 	movtmi	r4, #14112	; 0x3720
  10:	352e3720 	strcc	r3, [lr, #-1824]!	; 0xfffff8e0
  14:	3130322d 	teqcc	r0, sp, lsr #4
  18:	32312e39 	eorscc	r2, r1, #912	; 0x390
  1c:	2e372029 	cdpcs	0, 3, cr2, cr7, cr9, {1}
  20:	00302e35 	eorseq	r2, r0, r5, lsr lr

Disassembly of section .debug_frame:

00000000 <.debug_frame>:
   0:	0000000c 	andeq	r0, r0, ip
   4:	ffffffff 			; <UNDEFINED> instruction: 0xffffffff
   8:	7c010001 	stcvc	0, cr0, [r1], {1}
   c:	000d0c0e 	andeq	r0, sp, lr, lsl #24
  10:	0000000c 	andeq	r0, r0, ip
  14:	00000000 	andeq	r0, r0, r0
  18:	87803bc9 	strhi	r3, [r0, r9, asr #23]
  1c:	0000025c 	andeq	r0, r0, ip, asr r2
  20:	0000000c 	andeq	r0, r0, ip
  24:	ffffffff 			; <UNDEFINED> instruction: 0xffffffff
  28:	7c020001 	stcvc	0, cr0, [r2], {1}
  2c:	000d0c0e 	andeq	r0, sp, lr, lsl #24
  30:	00000030 	andeq	r0, r0, r0, lsr r0
  34:	00000020 	andeq	r0, r0, r0, lsr #32
  38:	87803e40 	strhi	r3, [r0, r0, asr #28]
  3c:	000000a0 	andeq	r0, r0, r0, lsr #1
  40:	8e100e55 	mrchi	14, 0, r0, cr0, cr5, {2}
  44:	450a4603 	strmi	r4, [sl, #-1539]	; 0xfffff9fd
  48:	41100ece 	tstmi	r0, lr, asr #29
  4c:	450a470b 	strmi	r4, [sl, #-1803]	; 0xfffff8f5
  50:	47100ece 	ldrmi	r0, [r0, -lr, asr #29]
  54:	450a450b 	strmi	r4, [sl, #-1291]	; 0xfffffaf5
  58:	44100ece 	ldrmi	r0, [r0], #-3790	; 0xfffff132
  5c:	0ece4a0b 	vdiveq.f32	s9, s28, s22
  60:	00000010 	andeq	r0, r0, r0, lsl r0
  64:	0000000c 	andeq	r0, r0, ip
  68:	ffffffff 			; <UNDEFINED> instruction: 0xffffffff
  6c:	7c020001 	stcvc	0, cr0, [r2], {1}
  70:	000d0c0e 	andeq	r0, sp, lr, lsl #24
  74:	00000018 	andeq	r0, r0, r8, lsl r0
  78:	00000064 	andeq	r0, r0, r4, rrx
  7c:	87803ee0 	strhi	r3, [r0, r0, ror #29]
  80:	00000030 	andeq	r0, r0, r0, lsr r0
  84:	8e100e50 	mrchi	14, 0, r0, cr0, cr0, {2}
  88:	0ece4703 	cdpeq	7, 12, cr4, cr14, cr3, {0}
  8c:	00000010 	andeq	r0, r0, r0, lsl r0
  90:	0000000c 	andeq	r0, r0, ip
  94:	ffffffff 			; <UNDEFINED> instruction: 0xffffffff
  98:	7c010001 	stcvc	0, cr0, [r1], {1}
  9c:	000d0c0e 	andeq	r0, sp, lr, lsl #24
  a0:	00000014 	andeq	r0, r0, r4, lsl r0
  a4:	00000090 	muleq	r0, r0, r0
  a8:	87803f11 	usada8hi	r0, r1, pc, r3	; <UNPREDICTABLE>
  ac:	0000000c 	andeq	r0, r0, ip
  b0:	0e018e42 	cdpeq	14, 0, cr8, cr1, cr2, {2}
  b4:	00000008 	andeq	r0, r0, r8
  b8:	0000000c 	andeq	r0, r0, ip
  bc:	ffffffff 			; <UNDEFINED> instruction: 0xffffffff
  c0:	7c020001 	stcvc	0, cr0, [r2], {1}
  c4:	000d0c0e 	andeq	r0, sp, lr, lsl #24
  c8:	00000024 	andeq	r0, r0, r4, lsr #32
  cc:	000000b8 	strheq	r0, [r0], -r8
  d0:	87803f1c 	usada8hi	r0, ip, pc, r3	; <UNPREDICTABLE>
  d4:	00000116 	andeq	r0, r0, r6, lsl r1
  d8:	84240e43 	strthi	r0, [r4], #-3651	; 0xfffff1bd
  dc:	86088509 	strhi	r8, [r8], -r9, lsl #10
  e0:	88068707 	stmdahi	r6, {r0, r1, r2, r8, r9, sl, pc}
  e4:	8a048905 	bhi	122500 <shift+0x122500>
  e8:	8e028b03 	vmlahi.f64	d8, d2, d3
  ec:	00000001 	andeq	r0, r0, r1

Disassembly of section .debug_line:

00000000 <.debug_line>:
   0:	000000c2 	andeq	r0, r0, r2, asr #1
   4:	008d0002 	addeq	r0, sp, r2
   8:	01020000 	mrseq	r0, (UNDEF: 2)
   c:	000d0efb 	strdeq	r0, [sp], -fp
  10:	01010101 	tsteq	r1, r1, lsl #2
  14:	01000000 	mrseq	r0, (UNDEF: 0)
  18:	2f010000 	svccs	0x00010000
  1c:	656d6f68 	strbvs	r6, [sp, #-3944]!	; 0xfffff098
  20:	7763742f 	strbvc	r7, [r3, -pc, lsr #8]!
  24:	75622d67 	strbvc	r2, [r2, #-3431]!	; 0xfffff299
  28:	73646c69 	cmnvc	r4, #26880	; 0x6900
  2c:	6576616c 	ldrbvs	r6, [r6, #-364]!	; 0xfffffe94
  30:	726f772f 	rsbvc	r7, pc, #12320768	; 0xbc0000
  34:	6170736b 	cmnvs	r0, fp, ror #6
  38:	742f6563 	strtvc	r6, [pc], #-1379	; 40 <shift+0x40>
  3c:	2d677763 	stclcs	7, cr7, [r7, #-396]!	; 0xfffffe74
  40:	656b616d 	strbvs	r6, [fp, #-365]!	; 0xfffffe93
  44:	6c65722d 	sfmvs	f7, 2, [r5], #-180	; 0xffffff4c
  48:	65736165 	ldrbvs	r6, [r3, #-357]!	; 0xfffffe9b
  4c:	732f315f 			; <UNDEFINED> instruction: 0x732f315f
  50:	7370616e 	cmnvc	r0, #-2147483621	; 0x8000001b
  54:	73746f68 	cmnvc	r4, #104, 30	; 0x1a0
  58:	6363672f 	cmnvs	r3, #12320768	; 0xbc0000
  5c:	7469672e 	strbtvc	r6, [r9], #-1838	; 0xfffff8d2
  60:	6e696c7e 	mcrvs	12, 3, r6, cr9, cr14, {3}
  64:	2d6f7261 	sfmcs	f7, 2, [pc, #-388]!	; fffffee8 <__bss_end+0x787f6670>
  68:	2d352e37 	ldccs	14, cr2, [r5, #-220]!	; 0xffffff24
  6c:	39313032 	ldmdbcc	r1!, {r1, r4, r5, ip, sp}
  70:	2f32312e 	svccs	0x0032312e
  74:	6762696c 	strbvs	r6, [r2, -ip, ror #18]!
  78:	632f6363 			; <UNDEFINED> instruction: 0x632f6363
  7c:	69666e6f 	stmdbvs	r6!, {r0, r1, r2, r3, r5, r6, r9, sl, fp, sp, lr}^
  80:	72612f67 	rsbvc	r2, r1, #412	; 0x19c
  84:	6c00006d 	stcvs	0, cr0, [r0], {109}	; 0x6d
  88:	66316269 	ldrtvs	r6, [r1], -r9, ror #4
  8c:	73636e75 	cmnvc	r3, #1872	; 0x750
  90:	0100532e 	tsteq	r0, lr, lsr #6
  94:	00000000 	andeq	r0, r0, r0
  98:	3bc80205 	blcc	ff2008b4 <__bss_end+0x779f703c>
  9c:	fd038780 	stc2	7, cr8, [r3, #-512]	; 0xfffffe00
  a0:	21210108 			; <UNDEFINED> instruction: 0x21210108
  a4:	2f212f21 	svccs	0x00212f21
  a8:	91023021 	tstls	r2, r1, lsr #32
  ac:	22211402 	eorcs	r1, r1, #33554432	; 0x2000000
  b0:	22212121 	eorcs	r2, r1, #1073741832	; 0x40000008
  b4:	03242f4c 			; <UNDEFINED> instruction: 0x03242f4c
  b8:	2121581f 			; <UNDEFINED> instruction: 0x2121581f
  bc:	2f2f2f2f 	svccs	0x002f2f2f
  c0:	0001022f 	andeq	r0, r1, pc, lsr #4
  c4:	00c10101 	sbceq	r0, r1, r1, lsl #2
  c8:	00020000 	andeq	r0, r2, r0
  cc:	00000089 	andeq	r0, r0, r9, lsl #1
  d0:	0efb0102 	cdpeq	1, 15, cr0, cr11, cr2, {0}
  d4:	0101000d 	tsteq	r1, sp
  d8:	00000101 	andeq	r0, r0, r1, lsl #2
  dc:	00000100 	andeq	r0, r0, r0, lsl #2
  e0:	6f682f01 	svcvs	0x00682f01
  e4:	742f656d 	strtvc	r6, [pc], #-1389	; ec <shift+0xec>
  e8:	2d677763 	stclcs	7, cr7, [r7, #-396]!	; 0xfffffe74
  ec:	6c697562 	cfstr64vs	mvdx7, [r9], #-392	; 0xfffffe78
  f0:	616c7364 	cmnvs	ip, r4, ror #6
  f4:	772f6576 			; <UNDEFINED> instruction: 0x772f6576
  f8:	736b726f 	cmnvc	fp, #-268435450	; 0xf0000006
  fc:	65636170 	strbvs	r6, [r3, #-368]!	; 0xfffffe90
 100:	7763742f 	strbvc	r7, [r3, -pc, lsr #8]!
 104:	616d2d67 	cmnvs	sp, r7, ror #26
 108:	722d656b 	eorvc	r6, sp, #448790528	; 0x1ac00000
 10c:	61656c65 	cmnvs	r5, r5, ror #24
 110:	315f6573 	cmpcc	pc, r3, ror r5	; <UNPREDICTABLE>
 114:	616e732f 	cmnvs	lr, pc, lsr #6
 118:	6f687370 	svcvs	0x00687370
 11c:	672f7374 			; <UNDEFINED> instruction: 0x672f7374
 120:	672e6363 	strvs	r6, [lr, -r3, ror #6]!
 124:	6c7e7469 	cfldrdvs	mvd7, [lr], #-420	; 0xfffffe5c
 128:	72616e69 	rsbvc	r6, r1, #1680	; 0x690
 12c:	2e372d6f 	cdpcs	13, 3, cr2, cr7, cr15, {3}
 130:	30322d35 	eorscc	r2, r2, r5, lsr sp
 134:	312e3931 			; <UNDEFINED> instruction: 0x312e3931
 138:	696c2f32 	stmdbvs	ip!, {r1, r4, r5, r8, r9, sl, fp, sp}^
 13c:	63636762 	cmnvs	r3, #25690112	; 0x1880000
 140:	6e6f632f 	cdpvs	3, 6, cr6, cr15, cr15, {1}
 144:	2f676966 	svccs	0x00676966
 148:	006d7261 	rsbeq	r7, sp, r1, ror #4
 14c:	61706200 	cmnvs	r0, r0, lsl #4
 150:	532e6962 			; <UNDEFINED> instruction: 0x532e6962
 154:	00000100 	andeq	r0, r0, r0, lsl #2
 158:	02050000 	andeq	r0, r5, #0
 15c:	87803e40 	strhi	r3, [r0, r0, asr #28]
 160:	0101b903 	tsteq	r1, r3, lsl #18
 164:	214b1408 	cmpcs	fp, r8, lsl #8
 168:	30222121 	eorcc	r2, r2, r1, lsr #2
 16c:	2f212459 	svccs	0x00212459
 170:	59302221 	ldmdbpl	r0!, {r0, r5, r9, sp}
 174:	2f212f21 	svccs	0x00212f21
 178:	30302124 	eorscc	r2, r0, r4, lsr #2
 17c:	242f2159 	strtcs	r2, [pc], #-345	; 184 <shift+0x184>
 180:	592f3021 	stmdbpl	pc!, {r0, r5, ip, sp}	; <UNPREDICTABLE>
 184:	01022f21 	tsteq	r2, r1, lsr #30
 188:	a3010100 	movwge	r0, #4352	; 0x1100
 18c:	02000000 	andeq	r0, r0, #0
 190:	00008900 	andeq	r8, r0, r0, lsl #18
 194:	fb010200 	blx	4099e <shift+0x4099e>
 198:	01000d0e 	tsteq	r0, lr, lsl #26
 19c:	00010101 	andeq	r0, r1, r1, lsl #2
 1a0:	00010000 	andeq	r0, r1, r0
 1a4:	682f0100 	stmdavs	pc!, {r8}	; <UNPREDICTABLE>
 1a8:	2f656d6f 	svccs	0x00656d6f
 1ac:	67776374 			; <UNDEFINED> instruction: 0x67776374
 1b0:	6975622d 	ldmdbvs	r5!, {r0, r2, r3, r5, r9, sp, lr}^
 1b4:	6c73646c 	cfldrdvs	mvd6, [r3], #-432	; 0xfffffe50
 1b8:	2f657661 	svccs	0x00657661
 1bc:	6b726f77 	blvs	1c9bfa0 <shift+0x1c9bfa0>
 1c0:	63617073 	cmnvs	r1, #115	; 0x73
 1c4:	63742f65 	cmnvs	r4, #404	; 0x194
 1c8:	6d2d6777 	stcvs	7, cr6, [sp, #-476]!	; 0xfffffe24
 1cc:	2d656b61 	fstmdbxcs	r5!, {d22-d69}	;@ Deprecated
 1d0:	656c6572 	strbvs	r6, [ip, #-1394]!	; 0xfffffa8e
 1d4:	5f657361 	svcpl	0x00657361
 1d8:	6e732f31 	mrcvs	15, 3, r2, cr3, cr1, {1}
 1dc:	68737061 	ldmdavs	r3!, {r0, r5, r6, ip, sp, lr}^
 1e0:	2f73746f 	svccs	0x0073746f
 1e4:	2e636367 	cdpcs	3, 6, cr6, cr3, cr7, {3}
 1e8:	7e746967 	vsubvc.f16	s13, s8, s15	; <UNPREDICTABLE>
 1ec:	616e696c 	cmnvs	lr, ip, ror #18
 1f0:	372d6f72 			; <UNDEFINED> instruction: 0x372d6f72
 1f4:	322d352e 	eorcc	r3, sp, #192937984	; 0xb800000
 1f8:	2e393130 	mrccs	1, 1, r3, cr9, cr0, {1}
 1fc:	6c2f3231 	sfmvs	f3, 4, [pc], #-196	; 140 <shift+0x140>
 200:	63676269 	cmnvs	r7, #-1879048186	; 0x90000006
 204:	6f632f63 	svcvs	0x00632f63
 208:	6769666e 	strbvs	r6, [r9, -lr, ror #12]!
 20c:	6d72612f 	ldfvse	f6, [r2, #-188]!	; 0xffffff44
 210:	70620000 	rsbvc	r0, r2, r0
 214:	2e696261 	cdpcs	2, 6, cr6, cr9, cr1, {3}
 218:	00010053 	andeq	r0, r1, r3, asr r0
 21c:	05000000 	streq	r0, [r0, #-0]
 220:	803ee002 	eorshi	lr, lr, r2
 224:	01fd0387 	mvnseq	r0, r7, lsl #7
 228:	2f4cbc01 	svccs	0x004cbc01
 22c:	00010259 	andeq	r0, r1, r9, asr r2
 230:	00a80101 	adceq	r0, r8, r1, lsl #2
 234:	00020000 	andeq	r0, r2, r0
 238:	0000008d 	andeq	r0, r0, sp, lsl #1
 23c:	0efb0102 	cdpeq	1, 15, cr0, cr11, cr2, {0}
 240:	0101000d 	tsteq	r1, sp
 244:	00000101 	andeq	r0, r0, r1, lsl #2
 248:	00000100 	andeq	r0, r0, r0, lsl #2
 24c:	6f682f01 	svcvs	0x00682f01
 250:	742f656d 	strtvc	r6, [pc], #-1389	; 258 <shift+0x258>
 254:	2d677763 	stclcs	7, cr7, [r7, #-396]!	; 0xfffffe74
 258:	6c697562 	cfstr64vs	mvdx7, [r9], #-392	; 0xfffffe78
 25c:	616c7364 	cmnvs	ip, r4, ror #6
 260:	772f6576 			; <UNDEFINED> instruction: 0x772f6576
 264:	736b726f 	cmnvc	fp, #-268435450	; 0xf0000006
 268:	65636170 	strbvs	r6, [r3, #-368]!	; 0xfffffe90
 26c:	7763742f 	strbvc	r7, [r3, -pc, lsr #8]!
 270:	616d2d67 	cmnvs	sp, r7, ror #26
 274:	722d656b 	eorvc	r6, sp, #448790528	; 0x1ac00000
 278:	61656c65 	cmnvs	r5, r5, ror #24
 27c:	315f6573 	cmpcc	pc, r3, ror r5	; <UNPREDICTABLE>
 280:	616e732f 	cmnvs	lr, pc, lsr #6
 284:	6f687370 	svcvs	0x00687370
 288:	672f7374 			; <UNDEFINED> instruction: 0x672f7374
 28c:	672e6363 	strvs	r6, [lr, -r3, ror #6]!
 290:	6c7e7469 	cfldrdvs	mvd7, [lr], #-420	; 0xfffffe5c
 294:	72616e69 	rsbvc	r6, r1, #1680	; 0x690
 298:	2e372d6f 	cdpcs	13, 3, cr2, cr7, cr15, {3}
 29c:	30322d35 	eorscc	r2, r2, r5, lsr sp
 2a0:	312e3931 			; <UNDEFINED> instruction: 0x312e3931
 2a4:	696c2f32 	stmdbvs	ip!, {r1, r4, r5, r8, r9, sl, fp, sp}^
 2a8:	63636762 	cmnvs	r3, #25690112	; 0x1880000
 2ac:	6e6f632f 	cdpvs	3, 6, cr6, cr15, cr15, {1}
 2b0:	2f676966 	svccs	0x00676966
 2b4:	006d7261 	rsbeq	r7, sp, r1, ror #4
 2b8:	62696c00 	rsbvs	r6, r9, #0, 24
 2bc:	6e756631 	mrcvs	6, 3, r6, cr5, cr1, {1}
 2c0:	532e7363 			; <UNDEFINED> instruction: 0x532e7363
 2c4:	00000100 	andeq	r0, r0, r0, lsl #2
 2c8:	02050000 	andeq	r0, r5, #0
 2cc:	87803f10 	usada8hi	r0, r0, pc, r3	; <UNPREDICTABLE>
 2d0:	010bfe03 	tsteq	fp, r3, lsl #28	; <UNPREDICTABLE>
 2d4:	2f200903 	svccs	0x00200903
 2d8:	0001022f 	andeq	r0, r1, pc, lsr #4
 2dc:	03df0101 	bicseq	r0, pc, #1073741824	; 0x40000000
 2e0:	00020000 	andeq	r0, r2, r0
 2e4:	0000038f 	andeq	r0, r0, pc, lsl #7
 2e8:	0efb0102 	cdpeq	1, 15, cr0, cr11, cr2, {0}
 2ec:	0101000d 	tsteq	r1, sp
 2f0:	00000101 	andeq	r0, r0, r1, lsl #2
 2f4:	00000100 	andeq	r0, r0, r0, lsl #2
 2f8:	6f682f01 	svcvs	0x00682f01
 2fc:	742f656d 	strtvc	r6, [pc], #-1389	; 304 <shift+0x304>
 300:	2d677763 	stclcs	7, cr7, [r7, #-396]!	; 0xfffffe74
 304:	6c697562 	cfstr64vs	mvdx7, [r9], #-392	; 0xfffffe78
 308:	616c7364 	cmnvs	ip, r4, ror #6
 30c:	772f6576 			; <UNDEFINED> instruction: 0x772f6576
 310:	736b726f 	cmnvc	fp, #-268435450	; 0xf0000006
 314:	65636170 	strbvs	r6, [r3, #-368]!	; 0xfffffe90
 318:	7763742f 	strbvc	r7, [r3, -pc, lsr #8]!
 31c:	616d2d67 	cmnvs	sp, r7, ror #26
 320:	722d656b 	eorvc	r6, sp, #448790528	; 0x1ac00000
 324:	61656c65 	cmnvs	r5, r5, ror #24
 328:	315f6573 	cmpcc	pc, r3, ror r5	; <UNPREDICTABLE>
 32c:	616e732f 	cmnvs	lr, pc, lsr #6
 330:	6f687370 	svcvs	0x00687370
 334:	672f7374 			; <UNDEFINED> instruction: 0x672f7374
 338:	672e6363 	strvs	r6, [lr, -r3, ror #6]!
 33c:	6c7e7469 	cfldrdvs	mvd7, [lr], #-420	; 0xfffffe5c
 340:	72616e69 	rsbvc	r6, r1, #1680	; 0x690
 344:	2e372d6f 	cdpcs	13, 3, cr2, cr7, cr15, {3}
 348:	30322d35 	eorscc	r2, r2, r5, lsr sp
 34c:	312e3931 			; <UNDEFINED> instruction: 0x312e3931
 350:	696c2f32 	stmdbvs	ip!, {r1, r4, r5, r8, r9, sl, fp, sp}^
 354:	63636762 	cmnvs	r3, #25690112	; 0x1880000
 358:	6f682f00 	svcvs	0x00682f00
 35c:	742f656d 	strtvc	r6, [pc], #-1389	; 364 <shift+0x364>
 360:	2d677763 	stclcs	7, cr7, [r7, #-396]!	; 0xfffffe74
 364:	6c697562 	cfstr64vs	mvdx7, [r9], #-392	; 0xfffffe78
 368:	616c7364 	cmnvs	ip, r4, ror #6
 36c:	772f6576 			; <UNDEFINED> instruction: 0x772f6576
 370:	736b726f 	cmnvc	fp, #-268435450	; 0xf0000006
 374:	65636170 	strbvs	r6, [r3, #-368]!	; 0xfffffe90
 378:	7763742f 	strbvc	r7, [r3, -pc, lsr #8]!
 37c:	616d2d67 	cmnvs	sp, r7, ror #26
 380:	722d656b 	eorvc	r6, sp, #448790528	; 0x1ac00000
 384:	61656c65 	cmnvs	r5, r5, ror #24
 388:	315f6573 	cmpcc	pc, r3, ror r5	; <UNPREDICTABLE>
 38c:	75625f2f 	strbvc	r5, [r2, #-3887]!	; 0xfffff0d1
 390:	2f646c69 	svccs	0x00646c69
 394:	6c697562 	cfstr64vs	mvdx7, [r9], #-392	; 0xfffffe78
 398:	782f7364 	stmdavc	pc!, {r2, r5, r6, r8, r9, ip, sp, lr}	; <UNPREDICTABLE>
 39c:	365f3638 			; <UNDEFINED> instruction: 0x365f3638
 3a0:	6e752d34 	mrcvs	13, 3, r2, cr5, cr4, {1}
 3a4:	776f6e6b 	strbvc	r6, [pc, -fp, ror #28]!
 3a8:	696c2d6e 	stmdbvs	ip!, {r1, r2, r3, r5, r6, r8, sl, fp, sp}^
 3ac:	2d78756e 	cfldr64cs	mvdx7, [r8, #-440]!	; 0xfffffe48
 3b0:	2f756e67 	svccs	0x00756e67
 3b4:	2d6d7261 	sfmcs	f7, 2, [sp, #-388]!	; 0xfffffe7c
 3b8:	756e696c 	strbvc	r6, [lr, #-2412]!	; 0xfffff694
 3bc:	6e672d78 	mcrvs	13, 3, r2, cr7, cr8, {3}
 3c0:	62616575 	rsbvs	r6, r1, #490733568	; 0x1d400000
 3c4:	2f666869 	svccs	0x00666869
 3c8:	2e636367 	cdpcs	3, 6, cr6, cr3, cr7, {3}
 3cc:	7e746967 	vsubvc.f16	s13, s8, s15	; <UNPREDICTABLE>
 3d0:	616e696c 	cmnvs	lr, ip, ror #18
 3d4:	372d6f72 			; <UNDEFINED> instruction: 0x372d6f72
 3d8:	322d352e 	eorcc	r3, sp, #192937984	; 0xb800000
 3dc:	2e393130 	mrccs	1, 1, r3, cr9, cr0, {1}
 3e0:	732d3231 			; <UNDEFINED> instruction: 0x732d3231
 3e4:	65676174 	strbvs	r6, [r7, #-372]!	; 0xfffffe8c
 3e8:	63672f32 	cmnvs	r7, #50, 30	; 0xc8
 3ec:	6e692f63 	cdpvs	15, 6, cr2, cr9, cr3, {3}
 3f0:	64756c63 	ldrbtvs	r6, [r5], #-3171	; 0xfffff39d
 3f4:	682f0065 	stmdavs	pc!, {r0, r2, r5, r6}	; <UNPREDICTABLE>
 3f8:	2f656d6f 	svccs	0x00656d6f
 3fc:	67776374 			; <UNDEFINED> instruction: 0x67776374
 400:	6975622d 	ldmdbvs	r5!, {r0, r2, r3, r5, r9, sp, lr}^
 404:	6c73646c 	cfldrdvs	mvd6, [r3], #-432	; 0xfffffe50
 408:	2f657661 	svccs	0x00657661
 40c:	6b726f77 	blvs	1c9c1f0 <shift+0x1c9c1f0>
 410:	63617073 	cmnvs	r1, #115	; 0x73
 414:	63742f65 	cmnvs	r4, #404	; 0x194
 418:	6d2d6777 	stcvs	7, cr6, [sp, #-476]!	; 0xfffffe24
 41c:	2d656b61 	fstmdbxcs	r5!, {d22-d69}	;@ Deprecated
 420:	656c6572 	strbvs	r6, [ip, #-1394]!	; 0xfffffa8e
 424:	5f657361 	svcpl	0x00657361
 428:	625f2f31 	subsvs	r2, pc, #49, 30	; 0xc4
 42c:	646c6975 	strbtvs	r6, [ip], #-2421	; 0xfffff68b
 430:	7379732f 	cmnvc	r9, #-1140850688	; 0xbc000000
 434:	746f6f72 	strbtvc	r6, [pc], #-3954	; 43c <shift+0x43c>
 438:	72612f73 	rsbvc	r2, r1, #460	; 0x1cc
 43c:	696c2d6d 	stmdbvs	ip!, {r0, r2, r3, r5, r6, r8, sl, fp, sp}^
 440:	2d78756e 	cfldr64cs	mvdx7, [r8, #-440]!	; 0xfffffe48
 444:	65756e67 	ldrbvs	r6, [r5, #-3687]!	; 0xfffff199
 448:	68696261 	stmdavs	r9!, {r0, r5, r6, r9, sp, lr}^
 44c:	73752f66 	cmnvc	r5, #408	; 0x198
 450:	6e692f72 	mcrvs	15, 3, r2, cr9, cr2, {3}
 454:	64756c63 	ldrbtvs	r6, [r5], #-3171	; 0xfffff39d
 458:	69622f65 	stmdbvs	r2!, {r0, r2, r5, r6, r8, r9, sl, fp, sp}^
 45c:	2f007374 	svccs	0x00007374
 460:	656d6f68 	strbvs	r6, [sp, #-3944]!	; 0xfffff098
 464:	7763742f 	strbvc	r7, [r3, -pc, lsr #8]!
 468:	75622d67 	strbvc	r2, [r2, #-3431]!	; 0xfffff299
 46c:	73646c69 	cmnvc	r4, #26880	; 0x6900
 470:	6576616c 	ldrbvs	r6, [r6, #-364]!	; 0xfffffe94
 474:	726f772f 	rsbvc	r7, pc, #12320768	; 0xbc0000
 478:	6170736b 	cmnvs	r0, fp, ror #6
 47c:	742f6563 	strtvc	r6, [pc], #-1379	; 484 <shift+0x484>
 480:	2d677763 	stclcs	7, cr7, [r7, #-396]!	; 0xfffffe74
 484:	656b616d 	strbvs	r6, [fp, #-365]!	; 0xfffffe93
 488:	6c65722d 	sfmvs	f7, 2, [r5], #-180	; 0xffffff4c
 48c:	65736165 	ldrbvs	r6, [r3, #-357]!	; 0xfffffe9b
 490:	5f2f315f 	svcpl	0x002f315f
 494:	6c697562 	cfstr64vs	mvdx7, [r9], #-392	; 0xfffffe78
 498:	79732f64 	ldmdbvc	r3!, {r2, r5, r6, r8, r9, sl, fp, sp}^
 49c:	6f6f7273 	svcvs	0x006f7273
 4a0:	612f7374 			; <UNDEFINED> instruction: 0x612f7374
 4a4:	6c2d6d72 	stcvs	13, cr6, [sp], #-456	; 0xfffffe38
 4a8:	78756e69 	ldmdavc	r5!, {r0, r3, r5, r6, r9, sl, fp, sp, lr}^
 4ac:	756e672d 	strbvc	r6, [lr, #-1837]!	; 0xfffff8d3
 4b0:	69626165 	stmdbvs	r2!, {r0, r2, r5, r6, r8, sp, lr}^
 4b4:	752f6668 	strvc	r6, [pc, #-1640]!	; fffffe54 <__bss_end+0x787f65dc>
 4b8:	692f7273 	stmdbvs	pc!, {r0, r1, r4, r5, r6, r9, ip, sp, lr}	; <UNPREDICTABLE>
 4bc:	756c636e 	strbvc	r6, [ip, #-878]!	; 0xfffffc92
 4c0:	2f006564 	svccs	0x00006564
 4c4:	656d6f68 	strbvs	r6, [sp, #-3944]!	; 0xfffff098
 4c8:	7763742f 	strbvc	r7, [r3, -pc, lsr #8]!
 4cc:	75622d67 	strbvc	r2, [r2, #-3431]!	; 0xfffff299
 4d0:	73646c69 	cmnvc	r4, #26880	; 0x6900
 4d4:	6576616c 	ldrbvs	r6, [r6, #-364]!	; 0xfffffe94
 4d8:	726f772f 	rsbvc	r7, pc, #12320768	; 0xbc0000
 4dc:	6170736b 	cmnvs	r0, fp, ror #6
 4e0:	742f6563 	strtvc	r6, [pc], #-1379	; 4e8 <shift+0x4e8>
 4e4:	2d677763 	stclcs	7, cr7, [r7, #-396]!	; 0xfffffe74
 4e8:	656b616d 	strbvs	r6, [fp, #-365]!	; 0xfffffe93
 4ec:	6c65722d 	sfmvs	f7, 2, [r5], #-180	; 0xffffff4c
 4f0:	65736165 	ldrbvs	r6, [r3, #-357]!	; 0xfffffe9b
 4f4:	732f315f 			; <UNDEFINED> instruction: 0x732f315f
 4f8:	7370616e 	cmnvc	r0, #-2147483621	; 0x8000001b
 4fc:	73746f68 	cmnvc	r4, #104, 30	; 0x1a0
 500:	6363672f 	cmnvs	r3, #12320768	; 0xbc0000
 504:	7469672e 	strbtvc	r6, [r9], #-1838	; 0xfffff8d2
 508:	6e696c7e 	mcrvs	12, 3, r6, cr9, cr14, {3}
 50c:	2d6f7261 	sfmcs	f7, 2, [pc, #-388]!	; 390 <shift+0x390>
 510:	2d352e37 	ldccs	14, cr2, [r5, #-220]!	; 0xffffff24
 514:	39313032 	ldmdbcc	r1!, {r1, r4, r5, ip, sp}
 518:	2f32312e 	svccs	0x0032312e
 51c:	6762696c 	strbvs	r6, [r2, -ip, ror #18]!
 520:	2e2f6363 	cdpcs	3, 2, cr6, cr15, cr3, {3}
 524:	6e692f2e 	cdpvs	15, 6, cr2, cr9, cr14, {1}
 528:	64756c63 	ldrbtvs	r6, [r5], #-3171	; 0xfffff39d
 52c:	682f0065 	stmdavs	pc!, {r0, r2, r5, r6}	; <UNPREDICTABLE>
 530:	2f656d6f 	svccs	0x00656d6f
 534:	67776374 			; <UNDEFINED> instruction: 0x67776374
 538:	6975622d 	ldmdbvs	r5!, {r0, r2, r3, r5, r9, sp, lr}^
 53c:	6c73646c 	cfldrdvs	mvd6, [r3], #-432	; 0xfffffe50
 540:	2f657661 	svccs	0x00657661
 544:	6b726f77 	blvs	1c9c328 <shift+0x1c9c328>
 548:	63617073 	cmnvs	r1, #115	; 0x73
 54c:	63742f65 	cmnvs	r4, #404	; 0x194
 550:	6d2d6777 	stcvs	7, cr6, [sp, #-476]!	; 0xfffffe24
 554:	2d656b61 	fstmdbxcs	r5!, {d22-d69}	;@ Deprecated
 558:	656c6572 	strbvs	r6, [ip, #-1394]!	; 0xfffffa8e
 55c:	5f657361 	svcpl	0x00657361
 560:	6e732f31 	mrcvs	15, 3, r2, cr3, cr1, {1}
 564:	68737061 	ldmdavs	r3!, {r0, r5, r6, ip, sp, lr}^
 568:	2f73746f 	svccs	0x0073746f
 56c:	2e636367 	cdpcs	3, 6, cr6, cr3, cr7, {3}
 570:	7e746967 	vsubvc.f16	s13, s8, s15	; <UNPREDICTABLE>
 574:	616e696c 	cmnvs	lr, ip, ror #18
 578:	372d6f72 			; <UNDEFINED> instruction: 0x372d6f72
 57c:	322d352e 	eorcc	r3, sp, #192937984	; 0xb800000
 580:	2e393130 	mrccs	1, 1, r3, cr9, cr0, {1}
 584:	6c2f3231 	sfmvs	f3, 4, [pc], #-196	; 4c8 <shift+0x4c8>
 588:	63676269 	cmnvs	r7, #-1879048186	; 0x90000006
 58c:	2e2e2f63 	cdpcs	15, 2, cr2, cr14, cr3, {3}
 590:	6363672f 	cmnvs	r3, #12320768	; 0xbc0000
 594:	6e6f632f 	cdpvs	3, 6, cr6, cr15, cr15, {1}
 598:	2f676966 	svccs	0x00676966
 59c:	006d7261 	rsbeq	r7, sp, r1, ror #4
 5a0:	2e2f2e2e 	cdpcs	14, 2, cr2, cr15, cr14, {1}
 5a4:	2f2e2f2e 	svccs	0x002e2f2e
 5a8:	00636367 	rsbeq	r6, r3, r7, ror #6
 5ac:	62696c00 	rsbvs	r6, r9, #0, 24
 5b0:	32636367 	rsbcc	r6, r3, #-1677721599	; 0x9c000001
 5b4:	0100632e 	tsteq	r0, lr, lsr #6
 5b8:	74730000 	ldrbtvc	r0, [r3], #-0
 5bc:	66656464 	strbtvs	r6, [r5], -r4, ror #8
 5c0:	0200682e 	andeq	r6, r0, #3014656	; 0x2e0000
 5c4:	79740000 	ldmdbvc	r4!, {}^	; <UNPREDICTABLE>
 5c8:	2e736570 	mrccs	5, 3, r6, cr3, cr0, {3}
 5cc:	00030068 	andeq	r0, r3, r8, rrx
 5d0:	62696c00 	rsbvs	r6, r9, #0, 24
 5d4:	682e6f69 	stmdavs	lr!, {r0, r3, r5, r6, r8, r9, sl, fp, sp, lr}
 5d8:	00000400 	andeq	r0, r0, r0, lsl #8
 5dc:	69647473 	stmdbvs	r4!, {r0, r1, r4, r5, r6, sl, ip, sp, lr}^
 5e0:	00682e6f 	rsbeq	r2, r8, pc, ror #28
 5e4:	73000004 	movwvc	r0, #4
 5e8:	655f7379 	ldrbvs	r7, [pc, #-889]	; 277 <shift+0x277>
 5ec:	696c7272 	stmdbvs	ip!, {r1, r4, r5, r6, r9, ip, sp, lr}^
 5f0:	682e7473 	stmdavs	lr!, {r0, r1, r4, r5, r6, sl, ip, sp, lr}
 5f4:	00000300 	andeq	r0, r0, r0, lsl #6
 5f8:	6e727265 	cdpvs	2, 7, cr7, cr2, cr5, {3}
 5fc:	00682e6f 	rsbeq	r2, r8, pc, ror #28
 600:	75000004 	strvc	r0, [r0, #-4]
 604:	7473696e 	ldrbtvc	r6, [r3], #-2414	; 0xfffff692
 608:	00682e64 	rsbeq	r2, r8, r4, ror #28
 60c:	67000004 	strvs	r0, [r0, -r4]
 610:	706f7465 	rsbvc	r7, pc, r5, ror #8
 614:	00682e74 	rsbeq	r2, r8, r4, ror lr
 618:	74000005 	strvc	r0, [r0], #-5
 61c:	2e656d69 	cdpcs	13, 6, cr6, cr5, cr9, {3}
 620:	00040068 	andeq	r0, r4, r8, rrx
 624:	73616800 	cmnvc	r1, #0, 16
 628:	62617468 	rsbvs	r7, r1, #104, 8	; 0x68000000
 62c:	0500682e 	streq	r6, [r0, #-2094]	; 0xfffff7d2
 630:	72610000 	rsbvc	r0, r1, #0
 634:	73692d6d 	cmnvc	r9, #6976	; 0x1b40
 638:	00682e61 	rsbeq	r2, r8, r1, ror #28
 63c:	61000006 	tstvs	r0, r6
 640:	632d6d72 			; <UNDEFINED> instruction: 0x632d6d72
 644:	682e7570 	stmdavs	lr!, {r4, r5, r6, r8, sl, ip, sp, lr}
 648:	00000600 	andeq	r0, r0, r0, lsl #12
 64c:	6e736e69 	cdpvs	14, 7, cr6, cr3, cr9, {3}
 650:	6e6f632d 	cdpvs	3, 6, cr6, cr15, cr13, {1}
 654:	6e617473 	mcrvs	4, 3, r7, cr1, cr3, {3}
 658:	682e7374 	stmdavs	lr!, {r2, r4, r5, r6, r8, r9, ip, sp, lr}
 65c:	00000700 	andeq	r0, r0, r0, lsl #14
 660:	2e6d7261 	cdpcs	2, 6, cr7, cr13, cr1, {3}
 664:	00060068 	andeq	r0, r6, r8, rrx
 668:	62696c00 	rsbvs	r6, r9, #0, 24
 66c:	32636367 	rsbcc	r6, r3, #-1677721599	; 0x9c000001
 670:	0100682e 	tsteq	r0, lr, lsr #16
 674:	00000000 	andeq	r0, r0, r0
 678:	3f1c0205 	svccc	0x001c0205
 67c:	b3038780 	movwlt	r8, #14208	; 0x3780
 680:	0c030107 	stfeqs	f0, [r3], {7}
 684:	20740301 	rsbscs	r0, r4, r1, lsl #6
 688:	032e0c03 			; <UNDEFINED> instruction: 0x032e0c03
 68c:	2d212e74 	stccs	14, cr2, [r1, #-464]!	; 0xfffffe30
 690:	2e0b033d 	mcrcs	3, 0, r0, cr11, cr13, {1}
 694:	2f4c4b3e 	svccs	0x004c4b3e
 698:	3c6803dd 	stclcc	3, cr0, [r8], #-884	; 0xfffffc8c
 69c:	233c1803 	teqcs	ip, #196608	; 0x30000
 6a0:	2f65211f 	svccs	0x0065211f
 6a4:	94603e23 	strbtls	r3, [r0], #-3619	; 0xfffff1dd
 6a8:	33304d29 	teqcc	r0, #2624	; 0xa40
 6ac:	2f492181 	svccs	0x00492181
 6b0:	3d240821 	stccc	8, cr0, [r4, #-132]!	; 0xffffff7c
 6b4:	2e550330 	mrccs	3, 2, r0, cr5, cr0, {1}
 6b8:	2f2d2f49 	svccs	0x002d2f49
 6bc:	01000302 	tsteq	r0, r2, lsl #6
 6c0:	地址 0x00000000000006c0 越界。


Disassembly of section .debug_info:

00000000 <.debug_info>:
       0:	00000147 	andeq	r0, r0, r7, asr #2
       4:	00000002 	andeq	r0, r0, r2
       8:	01040000 	mrseq	r0, (UNDEF: 4)
       c:	00000000 	andeq	r0, r0, r0
      10:	87803bc8 	strhi	r3, [r0, r8, asr #23]
      14:	87803e3e 			; <UNDEFINED> instruction: 0x87803e3e
      18:	6d6f682f 	stclvs	8, cr6, [pc, #-188]!	; ffffff64 <__bss_end+0x787f66ec>
      1c:	63742f65 	cmnvs	r4, #404	; 0x194
      20:	622d6777 	eorvs	r6, sp, #31195136	; 0x1dc0000
      24:	646c6975 	strbtvs	r6, [ip], #-2421	; 0xfffff68b
      28:	76616c73 			; <UNDEFINED> instruction: 0x76616c73
      2c:	6f772f65 	svcvs	0x00772f65
      30:	70736b72 	rsbsvc	r6, r3, r2, ror fp
      34:	2f656361 	svccs	0x00656361
      38:	67776374 			; <UNDEFINED> instruction: 0x67776374
      3c:	6b616d2d 	blvs	185b4f8 <shift+0x185b4f8>
      40:	65722d65 	ldrbvs	r2, [r2, #-3429]!	; 0xfffff29b
      44:	7361656c 	cmnvc	r1, #108, 10	; 0x1b000000
      48:	2f315f65 	svccs	0x00315f65
      4c:	70616e73 	rsbvc	r6, r1, r3, ror lr
      50:	746f6873 	strbtvc	r6, [pc], #-2163	; 58 <shift+0x58>
      54:	63672f73 	cmnvs	r7, #460	; 0x1cc
      58:	69672e63 	stmdbvs	r7!, {r0, r1, r5, r6, r9, sl, fp, sp}^
      5c:	696c7e74 	stmdbvs	ip!, {r2, r4, r5, r6, r9, sl, fp, ip, sp, lr}^
      60:	6f72616e 	svcvs	0x0072616e
      64:	352e372d 	strcc	r3, [lr, #-1837]!	; 0xfffff8d3
      68:	3130322d 	teqcc	r0, sp, lsr #4
      6c:	32312e39 	eorscc	r2, r1, #912	; 0x390
      70:	62696c2f 	rsbvs	r6, r9, #12032	; 0x2f00
      74:	2f636367 	svccs	0x00636367
      78:	666e6f63 	strbtvs	r6, [lr], -r3, ror #30
      7c:	612f6769 			; <UNDEFINED> instruction: 0x612f6769
      80:	6c2f6d72 	stcvs	13, cr6, [pc], #-456	; fffffec0 <__bss_end+0x787f6648>
      84:	66316269 	ldrtvs	r6, [r1], -r9, ror #4
      88:	73636e75 	cmnvc	r3, #1872	; 0x750
      8c:	2f00532e 	svccs	0x0000532e
      90:	656d6f68 	strbvs	r6, [sp, #-3944]!	; 0xfffff098
      94:	7763742f 	strbvc	r7, [r3, -pc, lsr #8]!
      98:	75622d67 	strbvc	r2, [r2, #-3431]!	; 0xfffff299
      9c:	73646c69 	cmnvc	r4, #26880	; 0x6900
      a0:	6576616c 	ldrbvs	r6, [r6, #-364]!	; 0xfffffe94
      a4:	726f772f 	rsbvc	r7, pc, #12320768	; 0xbc0000
      a8:	6170736b 	cmnvs	r0, fp, ror #6
      ac:	742f6563 	strtvc	r6, [pc], #-1379	; b4 <shift+0xb4>
      b0:	2d677763 	stclcs	7, cr7, [r7, #-396]!	; 0xfffffe74
      b4:	656b616d 	strbvs	r6, [fp, #-365]!	; 0xfffffe93
      b8:	6c65722d 	sfmvs	f7, 2, [r5], #-180	; 0xffffff4c
      bc:	65736165 	ldrbvs	r6, [r3, #-357]!	; 0xfffffe9b
      c0:	5f2f315f 	svcpl	0x002f315f
      c4:	6c697562 	cfstr64vs	mvdx7, [r9], #-392	; 0xfffffe78
      c8:	75622f64 	strbvc	r2, [r2, #-3940]!	; 0xfffff09c
      cc:	73646c69 	cmnvc	r4, #26880	; 0x6900
      d0:	3638782f 	ldrtcc	r7, [r8], -pc, lsr #16
      d4:	2d34365f 	ldccs	6, cr3, [r4, #-380]!	; 0xfffffe84
      d8:	6e6b6e75 	mcrvs	14, 3, r6, cr11, cr5, {3}
      dc:	2d6e776f 	stclcs	7, cr7, [lr, #-444]!	; 0xfffffe44
      e0:	756e696c 	strbvc	r6, [lr, #-2412]!	; 0xfffff694
      e4:	6e672d78 	mcrvs	13, 3, r2, cr7, cr8, {3}
      e8:	72612f75 	rsbvc	r2, r1, #468	; 0x1d4
      ec:	696c2d6d 	stmdbvs	ip!, {r0, r2, r3, r5, r6, r8, sl, fp, sp}^
      f0:	2d78756e 	cfldr64cs	mvdx7, [r8, #-440]!	; 0xfffffe48
      f4:	65756e67 	ldrbvs	r6, [r5, #-3687]!	; 0xfffff199
      f8:	68696261 	stmdavs	r9!, {r0, r5, r6, r9, sp, lr}^
      fc:	63672f66 	cmnvs	r7, #408	; 0x198
     100:	69672e63 	stmdbvs	r7!, {r0, r1, r5, r6, r9, sl, fp, sp}^
     104:	696c7e74 	stmdbvs	ip!, {r2, r4, r5, r6, r9, sl, fp, ip, sp, lr}^
     108:	6f72616e 	svcvs	0x0072616e
     10c:	352e372d 	strcc	r3, [lr, #-1837]!	; 0xfffff8d3
     110:	3130322d 	teqcc	r0, sp, lsr #4
     114:	32312e39 	eorscc	r2, r1, #912	; 0x390
     118:	6174732d 	cmnvs	r4, sp, lsr #6
     11c:	2f326567 	svccs	0x00326567
     120:	2d6d7261 	sfmcs	f7, 2, [sp, #-388]!	; 0xfffffe7c
     124:	756e696c 	strbvc	r6, [lr, #-2412]!	; 0xfffff694
     128:	6e672d78 	mcrvs	13, 3, r2, cr7, cr8, {3}
     12c:	62616575 	rsbvs	r6, r1, #490733568	; 0x1d400000
     130:	2f666869 	svccs	0x00666869
     134:	6762696c 	strbvs	r6, [r2, -ip, ror #18]!
     138:	47006363 	strmi	r6, [r0, -r3, ror #6]
     13c:	4120554e 			; <UNDEFINED> instruction: 0x4120554e
     140:	2e322053 	mrccs	0, 1, r2, cr2, cr3, {2}
     144:	322e3832 	eorcc	r3, lr, #3276800	; 0x320000
     148:	43800100 	orrmi	r0, r0, #0, 2
     14c:	02000001 	andeq	r0, r0, #1
     150:	00001400 	andeq	r1, r0, r0, lsl #8
     154:	c6010400 	strgt	r0, [r1], -r0, lsl #8
     158:	40000000 	andmi	r0, r0, r0
     15c:	e087803e 	add	r8, r7, lr, lsr r0
     160:	2f87803e 	svccs	0x0087803e
     164:	656d6f68 	strbvs	r6, [sp, #-3944]!	; 0xfffff098
     168:	7763742f 	strbvc	r7, [r3, -pc, lsr #8]!
     16c:	75622d67 	strbvc	r2, [r2, #-3431]!	; 0xfffff299
     170:	73646c69 	cmnvc	r4, #26880	; 0x6900
     174:	6576616c 	ldrbvs	r6, [r6, #-364]!	; 0xfffffe94
     178:	726f772f 	rsbvc	r7, pc, #12320768	; 0xbc0000
     17c:	6170736b 	cmnvs	r0, fp, ror #6
     180:	742f6563 	strtvc	r6, [pc], #-1379	; 188 <shift+0x188>
     184:	2d677763 	stclcs	7, cr7, [r7, #-396]!	; 0xfffffe74
     188:	656b616d 	strbvs	r6, [fp, #-365]!	; 0xfffffe93
     18c:	6c65722d 	sfmvs	f7, 2, [r5], #-180	; 0xffffff4c
     190:	65736165 	ldrbvs	r6, [r3, #-357]!	; 0xfffffe9b
     194:	732f315f 			; <UNDEFINED> instruction: 0x732f315f
     198:	7370616e 	cmnvc	r0, #-2147483621	; 0x8000001b
     19c:	73746f68 	cmnvc	r4, #104, 30	; 0x1a0
     1a0:	6363672f 	cmnvs	r3, #12320768	; 0xbc0000
     1a4:	7469672e 	strbtvc	r6, [r9], #-1838	; 0xfffff8d2
     1a8:	6e696c7e 	mcrvs	12, 3, r6, cr9, cr14, {3}
     1ac:	2d6f7261 	sfmcs	f7, 2, [pc, #-388]!	; 30 <shift+0x30>
     1b0:	2d352e37 	ldccs	14, cr2, [r5, #-220]!	; 0xffffff24
     1b4:	39313032 	ldmdbcc	r1!, {r1, r4, r5, ip, sp}
     1b8:	2f32312e 	svccs	0x0032312e
     1bc:	6762696c 	strbvs	r6, [r2, -ip, ror #18]!
     1c0:	632f6363 			; <UNDEFINED> instruction: 0x632f6363
     1c4:	69666e6f 	stmdbvs	r6!, {r0, r1, r2, r3, r5, r6, r9, sl, fp, sp, lr}^
     1c8:	72612f67 	rsbvc	r2, r1, #412	; 0x19c
     1cc:	70622f6d 	rsbvc	r2, r2, sp, ror #30
     1d0:	2e696261 	cdpcs	2, 6, cr6, cr9, cr1, {3}
     1d4:	682f0053 	stmdavs	pc!, {r0, r1, r4, r6}	; <UNPREDICTABLE>
     1d8:	2f656d6f 	svccs	0x00656d6f
     1dc:	67776374 			; <UNDEFINED> instruction: 0x67776374
     1e0:	6975622d 	ldmdbvs	r5!, {r0, r2, r3, r5, r9, sp, lr}^
     1e4:	6c73646c 	cfldrdvs	mvd6, [r3], #-432	; 0xfffffe50
     1e8:	2f657661 	svccs	0x00657661
     1ec:	6b726f77 	blvs	1c9bfd0 <shift+0x1c9bfd0>
     1f0:	63617073 	cmnvs	r1, #115	; 0x73
     1f4:	63742f65 	cmnvs	r4, #404	; 0x194
     1f8:	6d2d6777 	stcvs	7, cr6, [sp, #-476]!	; 0xfffffe24
     1fc:	2d656b61 	fstmdbxcs	r5!, {d22-d69}	;@ Deprecated
     200:	656c6572 	strbvs	r6, [ip, #-1394]!	; 0xfffffa8e
     204:	5f657361 	svcpl	0x00657361
     208:	625f2f31 	subsvs	r2, pc, #49, 30	; 0xc4
     20c:	646c6975 	strbtvs	r6, [ip], #-2421	; 0xfffff68b
     210:	6975622f 	ldmdbvs	r5!, {r0, r1, r2, r3, r5, r9, sp, lr}^
     214:	2f73646c 	svccs	0x0073646c
     218:	5f363878 	svcpl	0x00363878
     21c:	752d3436 	strvc	r3, [sp, #-1078]!	; 0xfffffbca
     220:	6f6e6b6e 	svcvs	0x006e6b6e
     224:	6c2d6e77 	stcvs	14, cr6, [sp], #-476	; 0xfffffe24
     228:	78756e69 	ldmdavc	r5!, {r0, r3, r5, r6, r9, sl, fp, sp, lr}^
     22c:	756e672d 	strbvc	r6, [lr, #-1837]!	; 0xfffff8d3
     230:	6d72612f 	ldfvse	f6, [r2, #-188]!	; 0xffffff44
     234:	6e696c2d 	cdpvs	12, 6, cr6, cr9, cr13, {1}
     238:	672d7875 			; <UNDEFINED> instruction: 0x672d7875
     23c:	6165756e 	cmnvs	r5, lr, ror #10
     240:	66686962 	strbtvs	r6, [r8], -r2, ror #18
     244:	6363672f 	cmnvs	r3, #12320768	; 0xbc0000
     248:	7469672e 	strbtvc	r6, [r9], #-1838	; 0xfffff8d2
     24c:	6e696c7e 	mcrvs	12, 3, r6, cr9, cr14, {3}
     250:	2d6f7261 	sfmcs	f7, 2, [pc, #-388]!	; d4 <shift+0xd4>
     254:	2d352e37 	ldccs	14, cr2, [r5, #-220]!	; 0xffffff24
     258:	39313032 	ldmdbcc	r1!, {r1, r4, r5, ip, sp}
     25c:	2d32312e 	ldfcss	f3, [r2, #-184]!	; 0xffffff48
     260:	67617473 			; <UNDEFINED> instruction: 0x67617473
     264:	612f3265 			; <UNDEFINED> instruction: 0x612f3265
     268:	6c2d6d72 	stcvs	13, cr6, [sp], #-456	; 0xfffffe38
     26c:	78756e69 	ldmdavc	r5!, {r0, r3, r5, r6, r9, sl, fp, sp, lr}^
     270:	756e672d 	strbvc	r6, [lr, #-1837]!	; 0xfffff8d3
     274:	69626165 	stmdbvs	r2!, {r0, r2, r5, r6, r8, sp, lr}^
     278:	6c2f6668 	stcvs	6, cr6, [pc], #-416	; e0 <shift+0xe0>
     27c:	63676269 	cmnvs	r7, #-1879048186	; 0x90000006
     280:	4e470063 	cdpmi	0, 4, cr0, cr7, cr3, {3}
     284:	53412055 	movtpl	r2, #4181	; 0x1055
     288:	322e3220 	eorcc	r3, lr, #32, 4
     28c:	00322e38 	eorseq	r2, r2, r8, lsr lr
     290:	01438001 	cmpeq	r3, r1
     294:	00020000 	andeq	r0, r2, r0
     298:	00000028 	andeq	r0, r0, r8, lsr #32
     29c:	018b0104 	orreq	r0, fp, r4, lsl #2
     2a0:	3ee00000 	cdpcc	0, 14, cr0, cr0, cr0, {0}
     2a4:	3f108780 	svccc	0x00108780
     2a8:	682f8780 	stmdavs	pc!, {r7, r8, r9, sl, pc}	; <UNPREDICTABLE>
     2ac:	2f656d6f 	svccs	0x00656d6f
     2b0:	67776374 			; <UNDEFINED> instruction: 0x67776374
     2b4:	6975622d 	ldmdbvs	r5!, {r0, r2, r3, r5, r9, sp, lr}^
     2b8:	6c73646c 	cfldrdvs	mvd6, [r3], #-432	; 0xfffffe50
     2bc:	2f657661 	svccs	0x00657661
     2c0:	6b726f77 	blvs	1c9c0a4 <shift+0x1c9c0a4>
     2c4:	63617073 	cmnvs	r1, #115	; 0x73
     2c8:	63742f65 	cmnvs	r4, #404	; 0x194
     2cc:	6d2d6777 	stcvs	7, cr6, [sp, #-476]!	; 0xfffffe24
     2d0:	2d656b61 	fstmdbxcs	r5!, {d22-d69}	;@ Deprecated
     2d4:	656c6572 	strbvs	r6, [ip, #-1394]!	; 0xfffffa8e
     2d8:	5f657361 	svcpl	0x00657361
     2dc:	6e732f31 	mrcvs	15, 3, r2, cr3, cr1, {1}
     2e0:	68737061 	ldmdavs	r3!, {r0, r5, r6, ip, sp, lr}^
     2e4:	2f73746f 	svccs	0x0073746f
     2e8:	2e636367 	cdpcs	3, 6, cr6, cr3, cr7, {3}
     2ec:	7e746967 	vsubvc.f16	s13, s8, s15	; <UNPREDICTABLE>
     2f0:	616e696c 	cmnvs	lr, ip, ror #18
     2f4:	372d6f72 			; <UNDEFINED> instruction: 0x372d6f72
     2f8:	322d352e 	eorcc	r3, sp, #192937984	; 0xb800000
     2fc:	2e393130 	mrccs	1, 1, r3, cr9, cr0, {1}
     300:	6c2f3231 	sfmvs	f3, 4, [pc], #-196	; 244 <shift+0x244>
     304:	63676269 	cmnvs	r7, #-1879048186	; 0x90000006
     308:	6f632f63 	svcvs	0x00632f63
     30c:	6769666e 	strbvs	r6, [r9, -lr, ror #12]!
     310:	6d72612f 	ldfvse	f6, [r2, #-188]!	; 0xffffff44
     314:	6170622f 	cmnvs	r0, pc, lsr #4
     318:	532e6962 			; <UNDEFINED> instruction: 0x532e6962
     31c:	6f682f00 	svcvs	0x00682f00
     320:	742f656d 	strtvc	r6, [pc], #-1389	; 328 <shift+0x328>
     324:	2d677763 	stclcs	7, cr7, [r7, #-396]!	; 0xfffffe74
     328:	6c697562 	cfstr64vs	mvdx7, [r9], #-392	; 0xfffffe78
     32c:	616c7364 	cmnvs	ip, r4, ror #6
     330:	772f6576 			; <UNDEFINED> instruction: 0x772f6576
     334:	736b726f 	cmnvc	fp, #-268435450	; 0xf0000006
     338:	65636170 	strbvs	r6, [r3, #-368]!	; 0xfffffe90
     33c:	7763742f 	strbvc	r7, [r3, -pc, lsr #8]!
     340:	616d2d67 	cmnvs	sp, r7, ror #26
     344:	722d656b 	eorvc	r6, sp, #448790528	; 0x1ac00000
     348:	61656c65 	cmnvs	r5, r5, ror #24
     34c:	315f6573 	cmpcc	pc, r3, ror r5	; <UNPREDICTABLE>
     350:	75625f2f 	strbvc	r5, [r2, #-3887]!	; 0xfffff0d1
     354:	2f646c69 	svccs	0x00646c69
     358:	6c697562 	cfstr64vs	mvdx7, [r9], #-392	; 0xfffffe78
     35c:	782f7364 	stmdavc	pc!, {r2, r5, r6, r8, r9, ip, sp, lr}	; <UNPREDICTABLE>
     360:	365f3638 			; <UNDEFINED> instruction: 0x365f3638
     364:	6e752d34 	mrcvs	13, 3, r2, cr5, cr4, {1}
     368:	776f6e6b 	strbvc	r6, [pc, -fp, ror #28]!
     36c:	696c2d6e 	stmdbvs	ip!, {r1, r2, r3, r5, r6, r8, sl, fp, sp}^
     370:	2d78756e 	cfldr64cs	mvdx7, [r8, #-440]!	; 0xfffffe48
     374:	2f756e67 	svccs	0x00756e67
     378:	2d6d7261 	sfmcs	f7, 2, [sp, #-388]!	; 0xfffffe7c
     37c:	756e696c 	strbvc	r6, [lr, #-2412]!	; 0xfffff694
     380:	6e672d78 	mcrvs	13, 3, r2, cr7, cr8, {3}
     384:	62616575 	rsbvs	r6, r1, #490733568	; 0x1d400000
     388:	2f666869 	svccs	0x00666869
     38c:	2e636367 	cdpcs	3, 6, cr6, cr3, cr7, {3}
     390:	7e746967 	vsubvc.f16	s13, s8, s15	; <UNPREDICTABLE>
     394:	616e696c 	cmnvs	lr, ip, ror #18
     398:	372d6f72 			; <UNDEFINED> instruction: 0x372d6f72
     39c:	322d352e 	eorcc	r3, sp, #192937984	; 0xb800000
     3a0:	2e393130 	mrccs	1, 1, r3, cr9, cr0, {1}
     3a4:	732d3231 			; <UNDEFINED> instruction: 0x732d3231
     3a8:	65676174 	strbvs	r6, [r7, #-372]!	; 0xfffffe8c
     3ac:	72612f32 	rsbvc	r2, r1, #50, 30	; 0xc8
     3b0:	696c2d6d 	stmdbvs	ip!, {r0, r2, r3, r5, r6, r8, sl, fp, sp}^
     3b4:	2d78756e 	cfldr64cs	mvdx7, [r8, #-440]!	; 0xfffffe48
     3b8:	65756e67 	ldrbvs	r6, [r5, #-3687]!	; 0xfffff199
     3bc:	68696261 	stmdavs	r9!, {r0, r5, r6, r9, sp, lr}^
     3c0:	696c2f66 	stmdbvs	ip!, {r1, r2, r5, r6, r8, r9, sl, fp, sp}^
     3c4:	63636762 	cmnvs	r3, #25690112	; 0x1880000
     3c8:	554e4700 	strbpl	r4, [lr, #-1792]	; 0xfffff900
     3cc:	20534120 	subscs	r4, r3, r0, lsr #2
     3d0:	38322e32 	ldmdacc	r2!, {r1, r4, r5, r9, sl, fp, sp}
     3d4:	0100322e 	tsteq	r0, lr, lsr #4
     3d8:	00014780 	andeq	r4, r1, r0, lsl #15
     3dc:	3c000200 	sfmcc	f0, 4, [r0], {-0}
     3e0:	04000000 	streq	r0, [r0], #-0
     3e4:	00023201 	andeq	r3, r2, r1, lsl #4
     3e8:	803f1000 	eorshi	r1, pc, r0
     3ec:	803f1c87 	eorshi	r1, pc, r7, lsl #25
     3f0:	6f682f87 	svcvs	0x00682f87
     3f4:	742f656d 	strtvc	r6, [pc], #-1389	; 3fc <shift+0x3fc>
     3f8:	2d677763 	stclcs	7, cr7, [r7, #-396]!	; 0xfffffe74
     3fc:	6c697562 	cfstr64vs	mvdx7, [r9], #-392	; 0xfffffe78
     400:	616c7364 	cmnvs	ip, r4, ror #6
     404:	772f6576 			; <UNDEFINED> instruction: 0x772f6576
     408:	736b726f 	cmnvc	fp, #-268435450	; 0xf0000006
     40c:	65636170 	strbvs	r6, [r3, #-368]!	; 0xfffffe90
     410:	7763742f 	strbvc	r7, [r3, -pc, lsr #8]!
     414:	616d2d67 	cmnvs	sp, r7, ror #26
     418:	722d656b 	eorvc	r6, sp, #448790528	; 0x1ac00000
     41c:	61656c65 	cmnvs	r5, r5, ror #24
     420:	315f6573 	cmpcc	pc, r3, ror r5	; <UNPREDICTABLE>
     424:	616e732f 	cmnvs	lr, pc, lsr #6
     428:	6f687370 	svcvs	0x00687370
     42c:	672f7374 			; <UNDEFINED> instruction: 0x672f7374
     430:	672e6363 	strvs	r6, [lr, -r3, ror #6]!
     434:	6c7e7469 	cfldrdvs	mvd7, [lr], #-420	; 0xfffffe5c
     438:	72616e69 	rsbvc	r6, r1, #1680	; 0x690
     43c:	2e372d6f 	cdpcs	13, 3, cr2, cr7, cr15, {3}
     440:	30322d35 	eorscc	r2, r2, r5, lsr sp
     444:	312e3931 			; <UNDEFINED> instruction: 0x312e3931
     448:	696c2f32 	stmdbvs	ip!, {r1, r4, r5, r8, r9, sl, fp, sp}^
     44c:	63636762 	cmnvs	r3, #25690112	; 0x1880000
     450:	6e6f632f 	cdpvs	3, 6, cr6, cr15, cr15, {1}
     454:	2f676966 	svccs	0x00676966
     458:	2f6d7261 	svccs	0x006d7261
     45c:	3162696c 	cmncc	r2, ip, ror #18
     460:	636e7566 	cmnvs	lr, #427819008	; 0x19800000
     464:	00532e73 	subseq	r2, r3, r3, ror lr
     468:	6d6f682f 	stclvs	8, cr6, [pc, #-188]!	; 3b4 <shift+0x3b4>
     46c:	63742f65 	cmnvs	r4, #404	; 0x194
     470:	622d6777 	eorvs	r6, sp, #31195136	; 0x1dc0000
     474:	646c6975 	strbtvs	r6, [ip], #-2421	; 0xfffff68b
     478:	76616c73 			; <UNDEFINED> instruction: 0x76616c73
     47c:	6f772f65 	svcvs	0x00772f65
     480:	70736b72 	rsbsvc	r6, r3, r2, ror fp
     484:	2f656361 	svccs	0x00656361
     488:	67776374 			; <UNDEFINED> instruction: 0x67776374
     48c:	6b616d2d 	blvs	185b948 <shift+0x185b948>
     490:	65722d65 	ldrbvs	r2, [r2, #-3429]!	; 0xfffff29b
     494:	7361656c 	cmnvc	r1, #108, 10	; 0x1b000000
     498:	2f315f65 	svccs	0x00315f65
     49c:	6975625f 	ldmdbvs	r5!, {r0, r1, r2, r3, r4, r6, r9, sp, lr}^
     4a0:	622f646c 	eorvs	r6, pc, #108, 8	; 0x6c000000
     4a4:	646c6975 	strbtvs	r6, [ip], #-2421	; 0xfffff68b
     4a8:	38782f73 	ldmdacc	r8!, {r0, r1, r4, r5, r6, r8, r9, sl, fp, sp}^
     4ac:	34365f36 	ldrtcc	r5, [r6], #-3894	; 0xfffff0ca
     4b0:	6b6e752d 	blvs	1b9d96c <shift+0x1b9d96c>
     4b4:	6e776f6e 	cdpvs	15, 7, cr6, cr7, cr14, {3}
     4b8:	6e696c2d 	cdpvs	12, 6, cr6, cr9, cr13, {1}
     4bc:	672d7875 			; <UNDEFINED> instruction: 0x672d7875
     4c0:	612f756e 			; <UNDEFINED> instruction: 0x612f756e
     4c4:	6c2d6d72 	stcvs	13, cr6, [sp], #-456	; 0xfffffe38
     4c8:	78756e69 	ldmdavc	r5!, {r0, r3, r5, r6, r9, sl, fp, sp, lr}^
     4cc:	756e672d 	strbvc	r6, [lr, #-1837]!	; 0xfffff8d3
     4d0:	69626165 	stmdbvs	r2!, {r0, r2, r5, r6, r8, sp, lr}^
     4d4:	672f6668 	strvs	r6, [pc, -r8, ror #12]!
     4d8:	672e6363 	strvs	r6, [lr, -r3, ror #6]!
     4dc:	6c7e7469 	cfldrdvs	mvd7, [lr], #-420	; 0xfffffe5c
     4e0:	72616e69 	rsbvc	r6, r1, #1680	; 0x690
     4e4:	2e372d6f 	cdpcs	13, 3, cr2, cr7, cr15, {3}
     4e8:	30322d35 	eorscc	r2, r2, r5, lsr sp
     4ec:	312e3931 			; <UNDEFINED> instruction: 0x312e3931
     4f0:	74732d32 	ldrbtvc	r2, [r3], #-3378	; 0xfffff2ce
     4f4:	32656761 	rsbcc	r6, r5, #25427968	; 0x1840000
     4f8:	6d72612f 	ldfvse	f6, [r2, #-188]!	; 0xffffff44
     4fc:	6e696c2d 	cdpvs	12, 6, cr6, cr9, cr13, {1}
     500:	672d7875 			; <UNDEFINED> instruction: 0x672d7875
     504:	6165756e 	cmnvs	r5, lr, ror #10
     508:	66686962 	strbtvs	r6, [r8], -r2, ror #18
     50c:	62696c2f 	rsbvs	r6, r9, #12032	; 0x2f00
     510:	00636367 	rsbeq	r6, r3, r7, ror #6
     514:	20554e47 	subscs	r4, r5, r7, asr #28
     518:	32205341 	eorcc	r5, r0, #67108865	; 0x4000001
     51c:	2e38322e 	cdpcs	2, 3, cr3, cr8, cr14, {1}
     520:	80010032 	andhi	r0, r1, r2, lsr r0
     524:	00000d82 	andeq	r0, r0, r2, lsl #27
     528:	00500004 	subseq	r0, r0, r4
     52c:	01040000 	mrseq	r0, (UNDEF: 4)
     530:	000007a5 	andeq	r0, r0, r5, lsr #15
     534:	00139d0c 	andseq	r9, r3, ip, lsl #26
     538:	00018800 	andeq	r8, r1, r0, lsl #16
     53c:	803f1c00 	eorshi	r1, pc, r0, lsl #24
     540:	00011687 	andeq	r1, r1, r7, lsl #13
     544:	0002de00 	andeq	sp, r2, r0, lsl #28
     548:	07080200 	streq	r0, [r8, -r0, lsl #4]
     54c:	0000055e 	andeq	r0, r0, lr, asr r5
     550:	69050403 	stmdbvs	r5, {r0, r1, sl}
     554:	0400746e 	streq	r7, [r0], #-1134	; 0xfffffb92
     558:	00000759 	andeq	r0, r0, r9, asr r7
     55c:	003ed802 	eorseq	sp, lr, r2, lsl #16
     560:	04020000 	streq	r0, [r2], #-0
     564:	00056807 	andeq	r6, r5, r7, lsl #16
     568:	05080200 	streq	r0, [r8, #-512]	; 0xfffffe00
     56c:	00000c3b 	andeq	r0, r0, fp, lsr ip
     570:	00040802 	andeq	r0, r4, r2, lsl #16
     574:	0500000f 	streq	r0, [r0, #-15]
     578:	08010204 	stmdaeq	r1, {r2, r9}
     57c:	0000137c 	andeq	r1, r0, ip, ror r3
     580:	38070202 	stmdacc	r7, {r1, r9}
     584:	02000015 	andeq	r0, r0, #21
     588:	05630704 	strbeq	r0, [r3, #-1796]!	; 0xfffff8fc
     58c:	01020000 	mrseq	r0, (UNDEF: 2)
     590:	00137e06 	andseq	r7, r3, r6, lsl #28
     594:	05020200 	streq	r0, [r2, #-512]	; 0xfffffe00
     598:	00000ffa 	strdeq	r0, [r0], -sl
     59c:	000db904 	andeq	fp, sp, r4, lsl #18
     5a0:	45370300 	ldrmi	r0, [r7, #-768]!	; 0xfffffd00
     5a4:	04000000 	streq	r0, [r0], #-0
     5a8:	00001513 	andeq	r1, r0, r3, lsl r5
     5ac:	008e8c03 	addeq	r8, lr, r3, lsl #24
     5b0:	04020000 	streq	r0, [r2], #-0
     5b4:	000c4005 	andeq	r4, ip, r5
     5b8:	165c0400 	ldrbne	r0, [ip], -r0, lsl #8
     5bc:	8d030000 	stchi	0, cr0, [r3, #-0]
     5c0:	00000078 	andeq	r0, r0, r8, ror r0
     5c4:	00a60406 	adceq	r0, r6, r6, lsl #8
     5c8:	01020000 	mrseq	r0, (UNDEF: 2)
     5cc:	00138508 	andseq	r8, r3, r8, lsl #10
     5d0:	00a60700 	adceq	r0, r6, r0, lsl #14
     5d4:	ac080000 	stcge	0, cr0, [r8], {-0}
     5d8:	98000005 	stmdals	r0, {r0, r2}
     5dc:	022ff104 	eoreq	pc, pc, #4, 2
     5e0:	9d090000 	stcls	0, cr0, [r9, #-0]
     5e4:	04000002 	streq	r0, [r0], #-2
     5e8:	00002cf2 	strdeq	r2, [r0], -r2	; <UNPREDICTABLE>
     5ec:	4e090000 	cdpmi	0, 0, cr0, cr9, cr0, {0}
     5f0:	0400000a 	streq	r0, [r0], #-10
     5f4:	0000a0f7 	strdeq	sl, [r0], -r7
     5f8:	d2090400 	andle	r0, r9, #0, 8
     5fc:	0400000f 	streq	r0, [r0], #-15
     600:	0000a0f8 	strdeq	sl, [r0], -r8
     604:	8b090800 	blhi	24260c <shift+0x24260c>
     608:	04000007 	streq	r0, [r0], #-7
     60c:	0000a0f9 	strdeq	sl, [r0], -r9
     610:	ed090c00 	stc	12, cr0, [r9, #-0]
     614:	0400000b 	streq	r0, [r0], #-11
     618:	0000a0fa 	strdeq	sl, [r0], -sl	; <UNPREDICTABLE>
     61c:	2d091000 	stccs	0, cr1, [r9, #-0]
     620:	04000014 	streq	r0, [r0], #-20	; 0xffffffec
     624:	0000a0fb 	strdeq	sl, [r0], -fp
     628:	66091400 	strvs	r1, [r9], -r0, lsl #8
     62c:	04000002 	streq	r0, [r0], #-2
     630:	0000a0fc 	strdeq	sl, [r0], -ip
     634:	6f091800 	svcvs	0x00091800
     638:	04000016 	streq	r0, [r0], #-22	; 0xffffffea
     63c:	0000a0fd 	strdeq	sl, [r0], -sp
     640:	d5091c00 	strle	r1, [r9, #-3072]	; 0xfffff400
     644:	04000000 	streq	r0, [r0], #-0
     648:	0000a0fe 	strdeq	sl, [r0], -lr
     64c:	9c0a2000 	stcls	0, cr2, [sl], {-0}
     650:	0400000f 	streq	r0, [r0], #-15
     654:	00a00100 	adceq	r0, r0, r0, lsl #2
     658:	0a240000 	beq	900660 <shift+0x900660>
     65c:	0000063b 	andeq	r0, r0, fp, lsr r6
     660:	a0010104 	andge	r0, r1, r4, lsl #2
     664:	28000000 	stmdacs	r0, {}	; <UNPREDICTABLE>
     668:	0004d70a 	andeq	sp, r4, sl, lsl #14
     66c:	01020400 	tsteq	r2, r0, lsl #8
     670:	000000a0 	andeq	r0, r0, r0, lsr #1
     674:	07720a2c 	ldrbeq	r0, [r2, -ip, lsr #20]!
     678:	04040000 	streq	r0, [r4], #-0
     67c:	00026701 	andeq	r6, r2, r1, lsl #14
     680:	f30a3000 	vhadd.u8	d3, d10, d0
     684:	04000015 	streq	r0, [r0], #-21	; 0xffffffeb
     688:	026d0106 	rsbeq	r0, sp, #-2147483647	; 0x80000001
     68c:	0a340000 	beq	d00694 <shift+0xd00694>
     690:	000006b8 			; <UNDEFINED> instruction: 0x000006b8
     694:	2c010804 	stccs	8, cr0, [r1], {4}
     698:	38000000 	stmdacc	r0, {}	; <UNPREDICTABLE>
     69c:	0002d50a 	andeq	sp, r2, sl, lsl #10
     6a0:	010c0400 	tsteq	ip, r0, lsl #8
     6a4:	0000002c 	andeq	r0, r0, ip, lsr #32
     6a8:	12d80a3c 	sbcsne	r0, r8, #60, 20	; 0x3c000
     6ac:	0e040000 	cdpeq	0, 0, cr0, cr4, cr0, {0}
     6b0:	00008301 	andeq	r8, r0, r1, lsl #6
     6b4:	990a4000 	stmdbls	sl, {lr}
     6b8:	04000007 	streq	r0, [r0], #-7
     6bc:	005c0112 	subseq	r0, ip, r2, lsl r1
     6c0:	0a440000 	beq	11006c8 <shift+0x11006c8>
     6c4:	00000e7f 	andeq	r0, r0, pc, ror lr
     6c8:	6a011304 	bvs	452e0 <shift+0x452e0>
     6cc:	46000000 	strmi	r0, [r0], -r0
     6d0:	0000490a 	andeq	r4, r0, sl, lsl #18
     6d4:	01140400 	tsteq	r4, r0, lsl #8
     6d8:	00000273 	andeq	r0, r0, r3, ror r2
     6dc:	129e0a47 	addsne	r0, lr, #290816	; 0x47000
     6e0:	18040000 	stmdane	r4, {}	; <UNPREDICTABLE>
     6e4:	00028301 	andeq	r8, r2, r1, lsl #6
     6e8:	dc0a4800 	stcle	8, cr4, [sl], {-0}
     6ec:	04000012 	streq	r0, [r0], #-18	; 0xffffffee
     6f0:	00950121 	addseq	r0, r5, r1, lsr #2
     6f4:	0a500000 	beq	14006fc <shift+0x14006fc>
     6f8:	000006c0 	andeq	r0, r0, r0, asr #13
     6fc:	53012904 	movwpl	r2, #6404	; 0x1904
     700:	58000000 	stmdapl	r0, {}	; <UNPREDICTABLE>
     704:	000dd80a 	andeq	sp, sp, sl, lsl #16
     708:	012a0400 			; <UNDEFINED> instruction: 0x012a0400
     70c:	00000053 	andeq	r0, r0, r3, asr r0
     710:	0ddf0a5c 	vldreq	s1, [pc, #368]	; 888 <shift+0x888>
     714:	2b040000 	blcs	10071c <shift+0x10071c>
     718:	00005301 	andeq	r5, r0, r1, lsl #6
     71c:	e60a6000 	str	r6, [sl], -r0
     720:	0400000d 	streq	r0, [r0], #-13
     724:	0053012c 	subseq	r0, r3, ip, lsr #2
     728:	0a640000 	beq	1900730 <shift+0x1900730>
     72c:	00000ded 	andeq	r0, r0, sp, ror #27
     730:	33012e04 	movwcc	r2, #7684	; 0x1e04
     734:	68000000 	stmdavs	r0, {}	; <UNPREDICTABLE>
     738:	000a080a 	andeq	r0, sl, sl, lsl #16
     73c:	012f0400 			; <UNDEFINED> instruction: 0x012f0400
     740:	0000002c 	andeq	r0, r0, ip, lsr #32
     744:	16660a6c 	strbtne	r0, [r6], -ip, ror #20
     748:	31040000 	mrscc	r0, (UNDEF: 4)
     74c:	00028901 	andeq	r8, r2, r1, lsl #18
     750:	0b007000 	bleq	1c758 <shift+0x1c758>
     754:	0000005a 	andeq	r0, r0, sl, asr r0
     758:	1a089604 	bne	225f70 <shift+0x225f70>
     75c:	0c000009 	stceq	0, cr0, [r0], {9}
     760:	02679c04 	rsbeq	r9, r7, #4, 24	; 0x400
     764:	f1090000 			; <UNDEFINED> instruction: 0xf1090000
     768:	04000008 	streq	r0, [r0], #-8
     76c:	0002679d 	muleq	r2, sp, r7
     770:	5b090000 	blpl	240778 <shift+0x240778>
     774:	04000013 	streq	r0, [r0], #-19	; 0xffffffed
     778:	00026d9e 	muleq	r2, lr, sp
     77c:	b1090400 	tstlt	r9, r0, lsl #8
     780:	04000004 	streq	r0, [r0], #-4
     784:	00002ca2 	andeq	r2, r0, r2, lsr #25
     788:	06000800 	streq	r0, [r0], -r0, lsl #16
     78c:	00023604 	andeq	r3, r2, r4, lsl #12
     790:	b2040600 	andlt	r0, r4, #0, 12
     794:	0c000000 	stceq	0, cr0, [r0], {-0}
     798:	000000a6 	andeq	r0, r0, r6, lsr #1
     79c:	00000283 	andeq	r0, r0, r3, lsl #5
     7a0:	00003e0d 	andeq	r3, r0, sp, lsl #28
     7a4:	06000000 	streq	r0, [r0], -r0
     7a8:	00022f04 	andeq	r2, r2, r4, lsl #30
     7ac:	00a60c00 	adceq	r0, r6, r0, lsl #24
     7b0:	02990000 	addseq	r0, r9, #0
     7b4:	3e0d0000 	cdpcc	0, 0, cr0, cr13, cr0, {0}
     7b8:	27000000 	strcs	r0, [r0, -r0]
     7bc:	118a0e00 	orrne	r0, sl, r0, lsl #28
     7c0:	780f0000 	stmdavc	pc, {}	; <UNPREDICTABLE>
     7c4:	04000004 	streq	r0, [r0], #-4
     7c8:	0299013b 	addseq	r0, r9, #-1073741810	; 0xc000000e
     7cc:	630f0000 	movwvs	r0, #61440	; 0xf000
     7d0:	0400000c 	streq	r0, [r0], #-12
     7d4:	0299013c 	addseq	r0, r9, #60, 2
     7d8:	e10f0000 	mrs	r0, CPSR
     7dc:	04000009 	streq	r0, [r0], #-9
     7e0:	0299013d 	addseq	r0, r9, #1073741839	; 0x4000000f
     7e4:	04060000 	streq	r0, [r6], #-0
     7e8:	000000ad 	andeq	r0, r0, sp, lsr #1
     7ec:	0002c207 	andeq	ip, r2, r7, lsl #4
     7f0:	08ba1000 	ldmeq	sl!, {ip}
     7f4:	ab050000 	blge	1407fc <shift+0x1407fc>
     7f8:	0000026d 	andeq	r0, r0, sp, ror #4
     7fc:	0004c310 	andeq	ip, r4, r0, lsl r3
     800:	6dac0500 	cfstr32vs	mvfx0, [ip]
     804:	10000002 	andne	r0, r0, r2
     808:	000000a8 	andeq	r0, r0, r8, lsr #1
     80c:	026dad05 	rsbeq	sl, sp, #320	; 0x140
     810:	2c100000 	ldccs	0, cr0, [r0], {-0}
     814:	06000003 	streq	r0, [r0], -r3
     818:	00002c1a 	andeq	r2, r0, sl, lsl ip
     81c:	02c80c00 	sbceq	r0, r8, #0, 24
     820:	03040000 	movweq	r0, #16384	; 0x4000
     824:	00110000 	andseq	r0, r1, r0
     828:	0002f907 	andeq	pc, r2, r7, lsl #18
     82c:	155d1000 	ldrbne	r1, [sp, #-0]
     830:	1b060000 	blne	180838 <shift+0x180838>
     834:	00000304 	andeq	r0, r0, r4, lsl #6
     838:	00032b10 	andeq	r2, r3, r0, lsl fp
     83c:	2c1e0600 	ldccs	6, cr0, [lr], {-0}
     840:	10000000 	andne	r0, r0, r0
     844:	0000155c 	andeq	r1, r0, ip, asr r5
     848:	03041f06 	movweq	r1, #20230	; 0x4f06
     84c:	8f100000 	svchi	0x00100000
     850:	07000006 	streq	r0, [r0, -r6]
     854:	0000a036 	andeq	sl, r0, r6, lsr r0
     858:	008a1000 	addeq	r1, sl, r0
     85c:	36070000 	strcc	r0, [r7], -r0
     860:	000000a0 	andeq	r0, r0, r0, lsr #1
     864:	03460406 	movteq	r0, #25606	; 0x6406
     868:	2c120000 	ldccs	0, cr0, [r2], {-0}
     86c:	5a000000 	bpl	874 <shift+0x874>
     870:	13000003 	movwne	r0, #3
     874:	0000035a 	andeq	r0, r0, sl, asr r3
     878:	00035a13 	andeq	r5, r3, r3, lsl sl
     87c:	04060000 	streq	r0, [r6], #-0
     880:	00000360 	andeq	r0, r0, r0, ror #6
     884:	11720f14 	cmnne	r2, r4, lsl pc
     888:	22080000 	andcs	r0, r8, #0
     88c:	00036d02 	andeq	r6, r3, r2, lsl #26
     890:	a0040600 	andge	r0, r4, r0, lsl #12
     894:	0f000000 	svceq	0x00000000
     898:	00001174 	andeq	r1, r0, r4, ror r1
     89c:	6d022408 	cfstrsvs	mvf2, [r2, #-32]	; 0xffffffe0
     8a0:	10000003 	andne	r0, r0, r3
     8a4:	00000ec0 	andeq	r0, r0, r0, asr #29
     8a8:	00a02309 	adceq	r2, r0, r9, lsl #6
     8ac:	25100000 	ldrcs	r0, [r0, #-0]
     8b0:	0900000d 	stmdbeq	r0, {r0, r2, r3}
     8b4:	00002c31 	andeq	r2, r0, r1, lsr ip
     8b8:	0e8e1000 	cdpeq	0, 8, cr1, cr14, cr0, {0}
     8bc:	36090000 	strcc	r0, [r9], -r0
     8c0:	0000002c 	andeq	r0, r0, ip, lsr #32
     8c4:	00013910 	andeq	r3, r1, r0, lsl r9
     8c8:	2c3a0900 			; <UNDEFINED> instruction: 0x2c3a0900
     8cc:	0c000000 	stceq	0, cr0, [r0], {-0}
     8d0:	000000a0 	andeq	r0, r0, r0, lsr #1
     8d4:	000003bb 			; <UNDEFINED> instruction: 0x000003bb
     8d8:	00003e0d 	andeq	r3, r0, sp, lsl #28
     8dc:	10000100 	andne	r0, r0, r0, lsl #2
     8e0:	00000465 	andeq	r0, r0, r5, ror #8
     8e4:	03aba50a 			; <UNDEFINED> instruction: 0x03aba50a
     8e8:	2f100000 	svccs	0x00100000
     8ec:	0a000016 	beq	94c <shift+0x94c>
     8f0:	00002ca6 	andeq	r2, r0, r6, lsr #25
     8f4:	04101000 	ldreq	r1, [r0], #-0
     8f8:	a70a0000 	strge	r0, [sl, -r0]
     8fc:	0000008e 	andeq	r0, r0, lr, lsl #1
     900:	00046710 	andeq	r6, r4, r0, lsl r7
     904:	abac0a00 	blge	feb0310c <__bss_end+0x772f9894>
     908:	10000003 	andne	r0, r0, r3
     90c:	00001631 	andeq	r1, r0, r1, lsr r6
     910:	002cb40a 	eoreq	fp, ip, sl, lsl #8
     914:	12100000 	andsne	r0, r0, #0
     918:	0a000004 	beq	930 <shift+0x930>
     91c:	00008eb5 			; <UNDEFINED> instruction: 0x00008eb5
     920:	02890f00 	addeq	r0, r9, #0, 30
     924:	1e0a0000 	cdpne	0, 0, cr0, cr10, cr0, {0}
     928:	00002c01 	andeq	r2, r0, r1, lsl #24
     92c:	046e0400 	strbteq	r0, [lr], #-1024	; 0xfffffc00
     930:	2a0b0000 	bcs	2c0938 <shift+0x2c0938>
     934:	0000003e 	andeq	r0, r0, lr, lsr r0
     938:	000a4404 	andeq	r4, sl, r4, lsl #8
     93c:	1f2f0b00 	svcne	0x002f0b00
     940:	06000004 	streq	r0, [r0], -r4
     944:	00042504 	andeq	r2, r4, r4, lsl #10
     948:	04091200 	streq	r1, [r9], #-512	; 0xfffffe00
     94c:	04340000 	ldrteq	r0, [r4], #-0
     950:	5a130000 	bpl	4c0958 <shift+0x4c0958>
     954:	00000003 	andeq	r0, r0, r3
     958:	000dc204 	andeq	ip, sp, r4, lsl #4
     95c:	40360b00 	eorsmi	r0, r6, r0, lsl #22
     960:	10000003 	andne	r0, r0, r3
     964:	00000cae 	andeq	r0, r0, lr, lsr #25
     968:	0414bb0b 	ldreq	fp, [r4], #-2827	; 0xfffff4f5
     96c:	3b100000 	blcc	400974 <shift+0x400974>
     970:	0b000014 	bleq	9c8 <shift+0x9c8>
     974:	000434be 			; <UNDEFINED> instruction: 0x000434be
     978:	09371500 	ldmdbeq	r7!, {r8, sl, ip}
     97c:	04070000 	streq	r0, [r7], #-0
     980:	0000003e 	andeq	r0, r0, lr, lsr r0
     984:	057b1d0c 	ldrbeq	r1, [fp, #-3340]!	; 0xfffff2f4
     988:	a4160000 	ldrge	r0, [r6], #-0
     98c:	00000002 	andeq	r0, r0, r2
     990:	0012b116 	andseq	fp, r2, r6, lsl r1
     994:	86160100 	ldrhi	r0, [r6], -r0, lsl #2
     998:	02000010 	andeq	r0, r0, #16
     99c:	0011f616 	andseq	pc, r1, r6, lsl r6	; <UNPREDICTABLE>
     9a0:	ff160300 			; <UNDEFINED> instruction: 0xff160300
     9a4:	04000012 	streq	r0, [r0], #-18	; 0xffffffee
     9a8:	00130d16 	andseq	r0, r3, r6, lsl sp
     9ac:	7c160500 	cfldr32vc	mvfx0, [r6], {-0}
     9b0:	06000000 	streq	r0, [r0], -r0
     9b4:	00152916 	andseq	r2, r5, r6, lsl r9
     9b8:	95160700 	ldrls	r0, [r6, #-1792]	; 0xfffff900
     9bc:	08000010 	stmdaeq	r0, {r4}
     9c0:	00131b16 	andseq	r1, r3, r6, lsl fp
     9c4:	fd160900 	ldc2	9, cr0, [r6, #-0]	; <UNPREDICTABLE>
     9c8:	0a000002 	beq	9d8 <shift+0x9d8>
     9cc:	000d1616 	andeq	r1, sp, r6, lsl r6
     9d0:	e4160b00 	ldr	r0, [r6], #-2816	; 0xfffff500
     9d4:	0c000012 	stceq	0, cr0, [r0], {18}
     9d8:	00072016 	andeq	r2, r7, r6, lsl r0
     9dc:	5b160d00 	blpl	583de4 <shift+0x583de4>
     9e0:	0e00000a 	cdpeq	0, 0, cr0, cr0, cr10, {0}
     9e4:	00132916 	andseq	r2, r3, r6, lsl r9
     9e8:	d4160f00 	ldrle	r0, [r6], #-3840	; 0xfffff100
     9ec:	10000009 	andne	r0, r0, r9
     9f0:	00133716 	andseq	r3, r3, r6, lsl r7
     9f4:	7c161100 	ldfvcs	f1, [r6], {-0}
     9f8:	12000011 	andne	r0, r0, #17
     9fc:	000bad16 	andeq	sl, fp, r6, lsl sp
     a00:	e8161300 	ldmda	r6, {r8, r9, ip}
     a04:	1400000c 	strne	r0, [r0], #-12
     a08:	00095416 	andeq	r5, r9, r6, lsl r4
     a0c:	64161500 	ldrvs	r1, [r6], #-1280	; 0xfffffb00
     a10:	16000009 	strne	r0, [r0], -r9
     a14:	00039f16 	andeq	r9, r3, r6, lsl pc
     a18:	9f161700 	svcls	0x00161700
     a1c:	18000011 	stmdane	r0, {r0, r4}
     a20:	0011ad16 	andseq	sl, r1, r6, lsl sp
     a24:	bb161900 	bllt	586e2c <shift+0x586e2c>
     a28:	1a000011 	bne	a74 <shift+0xa74>
     a2c:	000c4916 	andeq	r4, ip, r6, lsl r9
     a30:	a4161b00 	ldrge	r1, [r6], #-2816	; 0xfffff500
     a34:	1c000012 	stcne	0, cr0, [r0], {18}
     a38:	0015fa16 	andseq	pc, r5, r6, lsl sl	; <UNPREDICTABLE>
     a3c:	2e161d00 	cdpcs	13, 1, cr1, cr6, cr0, {0}
     a40:	1e00000c 	cdpne	0, 0, cr0, cr0, cr12, {0}
     a44:	0003ff16 	andeq	pc, r3, r6, lsl pc	; <UNPREDICTABLE>
     a48:	00161f00 	andseq	r1, r6, r0, lsl #30
     a4c:	20000000 	andcs	r0, r0, r0
     a50:	00099b16 	andeq	r9, r9, r6, lsl fp
     a54:	e2162100 	ands	r2, r6, #0, 2
     a58:	22000008 	andcs	r0, r0, #8
     a5c:	0004ca16 	andeq	ip, r4, r6, lsl sl
     a60:	39162300 	ldmdbcc	r6, {r8, r9, sp}
     a64:	2400000d 	strcs	r0, [r0], #-13
     a68:	00059316 	andeq	r9, r5, r6, lsl r3
     a6c:	4f162500 	svcmi	0x00162500
     a70:	2600000f 	strcs	r0, [r0], -pc
     a74:	00037e16 	andeq	r7, r3, r6, lsl lr
     a78:	43162700 	tstmi	r6, #0, 14
     a7c:	28000009 	stmdacs	r0, {r0, r3}
     a80:	00163a16 	andseq	r3, r6, r6, lsl sl
     a84:	86162900 	ldrhi	r2, [r6], -r0, lsl #18
     a88:	2a00000c 	bcs	ac0 <shift+0xac0>
     a8c:	0005b516 	andeq	fp, r5, r6, lsl r5
     a90:	f1162b00 			; <UNDEFINED> instruction: 0xf1162b00
     a94:	2c000012 	stccs	0, cr0, [r0], {18}
     a98:	0006c716 	andeq	ip, r6, r6, lsl r7
     a9c:	15002d00 	strne	r2, [r0, #-3328]	; 0xfffff300
     aa0:	000009f1 	strdeq	r0, [r0], -r1
     aa4:	003e0407 	eorseq	r0, lr, r7, lsl #8
     aa8:	170d0000 	strne	r0, [sp, -r0]
     aac:	0000081b 	andeq	r0, r0, fp, lsl r8
     ab0:	0004eb16 	andeq	lr, r4, r6, lsl fp
     ab4:	69160000 	ldmdbvs	r6, {}	; <UNPREDICTABLE>
     ab8:	01000015 	tsteq	r0, r5, lsl r0
     abc:	0004fb16 	andeq	pc, r4, r6, lsl fp	; <UNPREDICTABLE>
     ac0:	1e160200 	cdpne	2, 1, cr0, cr6, cr0, {0}
     ac4:	03000005 	movweq	r0, #5
     ac8:	00144b16 	andseq	r4, r4, r6, lsl fp
     acc:	04160400 	ldreq	r0, [r6], #-1024	; 0xfffffc00
     ad0:	05000010 	streq	r0, [r0, #-16]
     ad4:	0005d316 	andeq	sp, r5, r6, lsl r3
     ad8:	60160600 	andsvs	r0, r6, r0, lsl #12
     adc:	07000007 	streq	r0, [r0, -r7]
     ae0:	00052e16 	andeq	r2, r5, r6, lsl lr
     ae4:	1e160800 	cdpne	8, 1, cr0, cr6, cr0, {0}
     ae8:	09000016 	stmdbeq	r0, {r1, r2, r4}
     aec:	00014016 	andeq	r4, r1, r6, lsl r0
     af0:	4b160a00 	blmi	5832f8 <shift+0x5832f8>
     af4:	0b000015 	bleq	b50 <shift+0xb50>
     af8:	000e1f16 	andeq	r1, lr, r6, lsl pc
     afc:	b9160c00 	ldmdblt	r6, {sl, fp}
     b00:	0d000014 	stceq	0, cr0, [r0, #-80]	; 0xffffffb0
     b04:	000f7616 	andeq	r7, pc, r6, lsl r6	; <UNPREDICTABLE>
     b08:	3c160e00 	ldccc	14, cr0, [r6], {-0}
     b0c:	0f000012 	svceq	0x00000012
     b10:	00060c16 	andeq	r0, r6, r6, lsl ip
     b14:	0b161000 	bleq	584b1c <shift+0x584b1c>
     b18:	11000005 	tstne	r0, r5
     b1c:	000f3c16 	andeq	r3, pc, r6, lsl ip	; <UNPREDICTABLE>
     b20:	f7161200 			; <UNDEFINED> instruction: 0xf7161200
     b24:	13000005 	movwne	r0, #5
     b28:	00164b16 	andseq	r4, r6, r6, lsl fp
     b2c:	6a161400 	bvs	585b34 <shift+0x585b34>
     b30:	15000001 	strne	r0, [r0, #-1]
     b34:	000b0616 	andeq	r0, fp, r6, lsl r6
     b38:	3e161600 	cfmsub32cc	mvax0, mvfx1, mvfx6, mvfx0
     b3c:	17000005 	strne	r0, [r0, -r5]
     b40:	00010016 	andeq	r0, r1, r6, lsl r0
     b44:	ac161800 	ldcge	8, cr1, [r6], {-0}
     b48:	19000015 	stmdbne	r0, {r0, r2, r4}
     b4c:	0012c016 	andseq	ip, r2, r6, lsl r0
     b50:	a4161a00 	ldrge	r1, [r6], #-2560	; 0xfffff600
     b54:	1b000010 	blne	b9c <shift+0xb9c>
     b58:	00122316 	andseq	r2, r2, r6, lsl r3
     b5c:	07161c00 	ldreq	r1, [r6, -r0, lsl #24]
     b60:	1d000014 	stcne	0, cr0, [r0, #-80]	; 0xffffffb0
     b64:	00057516 	andeq	r7, r5, r6, lsl r5
     b68:	c9161e00 	ldmdbgt	r6, {r9, sl, fp, ip}
     b6c:	1f00000a 	svcne	0x0000000a
     b70:	000e5616 	andeq	r5, lr, r6, lsl r6
     b74:	7c162000 	ldcvc	0, cr2, [r6], {-0}
     b78:	21000006 	tstcs	r0, r6
     b7c:	00101616 	andseq	r1, r0, r6, lsl r6
     b80:	8d162200 	lfmhi	f2, 4, [r6, #-0]
     b84:	2300000b 	movwcs	r0, #11
     b88:	00054e16 	andeq	r4, r5, r6, lsl lr
     b8c:	db162400 	blle	589b94 <shift+0x589b94>
     b90:	25000011 	strcs	r0, [r0, #-17]	; 0xffffffef
     b94:	00043016 	andeq	r3, r4, r6, lsl r0
     b98:	8a162600 	bhi	58a3a0 <shift+0x58a3a0>
     b9c:	27000013 	smladcs	r0, r3, r0, r0
     ba0:	00160b16 	andseq	r0, r6, r6, lsl fp
     ba4:	19162800 	ldmdbne	r6, {fp, sp}
     ba8:	2900000f 	stmdbcs	r0, {r0, r1, r2, r3}
     bac:	00092516 	andeq	r2, r9, r6, lsl r5
     bb0:	ea162a00 	b	58b3b8 <shift+0x58b3b8>
     bb4:	2b000010 	blcs	bfc <shift+0xbfc>
     bb8:	000bd916 	andeq	sp, fp, r6, lsl r9
     bbc:	dd162c00 	ldcle	12, cr2, [r6, #-0]
     bc0:	2d000002 	stccs	0, cr0, [r0, #-8]
     bc4:	00025216 	andeq	r5, r2, r6, lsl r2
     bc8:	8e162e00 	cdphi	14, 1, cr2, cr6, cr0, {0}
     bcc:	2f000014 	svccs	0x00000014
     bd0:	000b7916 	andeq	r7, fp, r6, lsl r9
     bd4:	e5163000 	ldr	r3, [r6, #-0]
     bd8:	31000005 	tstcc	r0, r5
     bdc:	000b5816 	andeq	r5, fp, r6, lsl r8
     be0:	6b163200 	blvs	58d3e8 <shift+0x58d3e8>
     be4:	3300000e 	movwcc	r0, #14
     be8:	00024016 	andeq	r4, r2, r6, lsl r0
     bec:	e1163400 	tst	r6, r0, lsl #8
     bf0:	35000015 	strcc	r0, [r0, #-21]	; 0xffffffeb
     bf4:	000c1b16 	andeq	r1, ip, r6, lsl fp
     bf8:	a7163600 	ldrge	r3, [r6, -r0, lsl #12]
     bfc:	37000008 	strcc	r0, [r0, -r8]
     c00:	000c7316 	andeq	r7, ip, r6, lsl r3
     c04:	ec163800 	ldc	8, cr3, [r6], {-0}
     c08:	39000014 	stmdbcc	r0, {r2, r4}
     c0c:	0003c916 	andeq	ip, r3, r6, lsl r9
     c10:	c0163a00 	andsgt	r3, r6, r0, lsl #20
     c14:	3b000008 	blcc	c3c <shift+0xc3c>
     c18:	00087d16 	andeq	r7, r8, r6, lsl sp
     c1c:	0f163c00 	svceq	0x00163c00
     c20:	3d000000 	stccc	0, cr0, [r0, #-0]
     c24:	000bbc16 	andeq	fp, fp, r6, lsl ip
     c28:	b1163e00 	tstlt	r6, r0, lsl #28
     c2c:	3f000009 	svccc	0x00000009
     c30:	0002ae16 	andeq	sl, r2, r6, lsl lr
     c34:	a2164000 	andsge	r4, r6, #0
     c38:	41000014 	tstmi	r0, r4, lsl r0
     c3c:	000b1916 	andeq	r1, fp, r6, lsl r9
     c40:	45164200 	ldrmi	r4, [r6, #-512]	; 0xfffffe00
     c44:	43000013 	movwmi	r0, #19
     c48:	00006516 	andeq	r6, r0, r6, lsl r5
     c4c:	7f164400 	svcvc	0x00164400
     c50:	4500000a 	strmi	r0, [r0, #-10]
     c54:	000a6b16 	andeq	r6, sl, r6, lsl fp
     c58:	bd164600 	ldclt	6, cr4, [r6, #-0]
     c5c:	47000010 	smladmi	r0, r0, r0, r0
     c60:	00111e16 	andseq	r1, r1, r6, lsl lr
     c64:	6d164800 	ldcvs	8, cr4, [r6, #-0]
     c68:	49000014 	stmdbmi	r0, {r2, r4}
     c6c:	0006d416 	andeq	sp, r6, r6, lsl r4
     c70:	09164a00 	ldmdbeq	r6, {r9, fp, lr}
     c74:	4b00000e 	blmi	cb4 <shift+0xcb4>
     c78:	000f8816 	andeq	r8, pc, r6, lsl r8	; <UNPREDICTABLE>
     c7c:	6b164c00 	blvs	593c84 <shift+0x593c84>
     c80:	4d000010 	stcmi	0, cr0, [r0, #-64]	; 0xffffffc0
     c84:	000faa16 	andeq	sl, pc, r6, lsl sl	; <UNPREDICTABLE>
     c88:	be164e00 	cdplt	14, 1, cr4, cr6, cr0, {0}
     c8c:	4f00000f 	svcmi	0x0000000f
     c90:	00045016 	andeq	r5, r4, r6, lsl r0
     c94:	ac165000 	ldcge	0, cr5, [r6], {-0}
     c98:	51000003 	tstpl	r0, r3
     c9c:	0003dc16 	andeq	sp, r3, r6, lsl ip
     ca0:	4e165200 	cdpmi	2, 1, cr5, cr6, cr0, {0}
     ca4:	53000012 	movwpl	r0, #18
     ca8:	00041b16 	andeq	r1, r4, r6, lsl fp
     cac:	62165400 	andsvs	r5, r6, #0, 8
     cb0:	55000012 	strpl	r0, [r0, #-18]	; 0xffffffee
     cb4:	00127616 	andseq	r7, r2, r6, lsl r6
     cb8:	8a165600 	bhi	5964c0 <shift+0x5964c0>
     cbc:	57000012 	smladpl	r0, r2, r0, r0
     cc0:	000add16 	andeq	sp, sl, r6, lsl sp
     cc4:	a7165800 	ldrge	r5, [r6, -r0, lsl #16]
     cc8:	5900000a 	stmdbpl	r0, {r1, r3}
     ccc:	000a9316 	andeq	r9, sl, r6, lsl r3
     cd0:	97165a00 	ldrls	r5, [r6, -r0, lsl #20]
     cd4:	5b00000c 	blpl	d0c <shift+0xd0c>
     cd8:	000a1916 	andeq	r1, sl, r6, lsl r9
     cdc:	5f165c00 	svcpl	0x00165c00
     ce0:	5d000006 	stcpl	0, cr0, [r0, #-24]	; 0xffffffe8
     ce4:	00074416 	andeq	r4, r7, r6, lsl r4
     ce8:	c0165e00 	andsgt	r5, r6, r0, lsl #28
     cec:	5f00000c 	svcpl	0x0000000c
     cf0:	000af116 	andeq	pc, sl, r6, lsl r1	; <UNPREDICTABLE>
     cf4:	29166000 	ldmdbcs	r6, {sp, lr}
     cf8:	61000010 	tstvs	r0, r0, lsl r0
     cfc:	00158716 	andseq	r8, r5, r6, lsl r7
     d00:	f4166200 			; <UNDEFINED> instruction: 0xf4166200
     d04:	6300000d 	movwvs	r0, #13
     d08:	0006f916 	andeq	pc, r6, r6, lsl r9	; <UNPREDICTABLE>
     d0c:	12166400 	andsne	r6, r6, #0, 8
     d10:	65000001 	strvs	r0, [r0, #-1]
     d14:	0000b716 	andeq	fp, r0, r6, lsl r7
     d18:	f8166600 			; <UNDEFINED> instruction: 0xf8166600
     d1c:	6700000c 	strvs	r0, [r0, -ip]
     d20:	000ea216 	andeq	sl, lr, r6, lsl r2
     d24:	4d166800 	ldcmi	8, cr6, [r6, #-0]
     d28:	69000010 	stmdbvs	r0, {r4}
     d2c:	00003416 	andeq	r3, r0, r6, lsl r4
     d30:	74166a00 	ldrvc	r6, [r6], #-2560	; 0xfffff600
     d34:	6b000002 	blvs	d44 <shift+0xd44>
     d38:	000b2b16 	andeq	r2, fp, r6, lsl fp
     d3c:	0f006c00 	svceq	0x00006c00
     d40:	0000031c 	andeq	r0, r0, ip, lsl r3
     d44:	0401410e 	streq	r4, [r1], #-270	; 0xfffffef2
     d48:	0f000003 	svceq	0x00000003
     d4c:	0000077b 	andeq	r0, r0, fp, ror r7
     d50:	0401760e 	streq	r7, [r1], #-1550	; 0xfffff9f2
     d54:	0c000003 	stceq	0, cr0, [r0], {3}
     d58:	000000a6 	andeq	r0, r0, r6, lsr #1
     d5c:	0000083e 	andeq	r0, r0, lr, lsr r8
     d60:	bb100011 	bllt	400dac <shift+0x400dac>
     d64:	0f00000a 	svceq	0x0000000a
     d68:	0008332d 	andeq	r3, r8, sp, lsr #6
     d6c:	13611000 	cmnne	r1, #0
     d70:	350f0000 	strcc	r0, [pc, #-0]	; d78 <shift+0xd78>
     d74:	0000057b 	andeq	r0, r0, fp, ror r5
     d78:	00061f15 	andeq	r1, r6, r5, lsl pc
     d7c:	3e040700 	cdpcc	7, 0, cr0, cr4, cr0, {0}
     d80:	0f000000 	svceq	0x00000000
     d84:	0008c637 	andeq	ip, r8, r7, lsr r6
     d88:	00531600 	subseq	r1, r3, r0, lsl #12
     d8c:	16000000 	strne	r0, [r0], -r0
     d90:	000009aa 	andeq	r0, r0, sl, lsr #19
     d94:	14fe1601 	ldrbtne	r1, [lr], #1537	; 0x601
     d98:	16020000 	strne	r0, [r2], -r0
     d9c:	000014cc 	andeq	r1, r0, ip, asr #9
     da0:	0d681603 	stcleq	6, cr1, [r8, #-12]!
     da4:	16040000 	strne	r0, [r4], -r0
     da8:	00001198 	muleq	r0, r8, r1
     dac:	035d1605 	cmpeq	sp, #5242880	; 0x500000
     db0:	16060000 	strne	r0, [r6], -r0
     db4:	0000033f 	andeq	r0, r0, pc, lsr r3
     db8:	04e41607 	strbteq	r1, [r4], #1543	; 0x607
     dbc:	16080000 	strne	r0, [r8], -r0
     dc0:	00000bd2 	ldrdeq	r0, [r0], -r2
     dc4:	03641609 	cmneq	r4, #9437184	; 0x900000
     dc8:	160a0000 	strne	r0, [sl], -r0
     dcc:	000003f8 	strdeq	r0, [r0], -r8
     dd0:	03f1160b 	mvnseq	r1, #11534336	; 0xb00000
     dd4:	160c0000 	strne	r0, [ip], -r0
     dd8:	00000356 	andeq	r0, r0, r6, asr r3
     ddc:	11ef160d 	mvnne	r1, sp, lsl #12
     de0:	160e0000 	strne	r0, [lr], -r0
     de4:	00000ec7 	andeq	r0, r0, r7, asr #29
     de8:	7f04000f 	svcvc	0x0004000f
     dec:	0f000010 	svceq	0x00000010
     df0:	0008543c 	andeq	r5, r8, ip, lsr r4
     df4:	113f1000 	teqne	pc, r0
     df8:	3e0f0000 	cdpcc	0, 0, cr0, cr15, cr0, {0}
     dfc:	000008c6 	andeq	r0, r0, r6, asr #17
     e00:	00121210 	andseq	r1, r2, r0, lsl r2
     e04:	2c470f00 	mcrrcs	15, 0, r0, r7, cr0
     e08:	10000000 	andne	r0, r0, r0
     e0c:	0000030c 	andeq	r0, r0, ip, lsl #6
     e10:	002c480f 	eoreq	r4, ip, pc, lsl #16
     e14:	5e0e0000 	cdppl	0, 0, cr0, cr14, cr0, {0}
     e18:	10000011 	andne	r0, r0, r1, lsl r0
     e1c:	0000114e 	andeq	r1, r0, lr, asr #2
     e20:	0902490f 	stmdbeq	r2, {r0, r1, r2, r3, r8, fp, lr}
     e24:	04060000 	streq	r0, [r6], #-0
     e28:	000008f2 	strdeq	r0, [r0], -r2
     e2c:	09741017 	ldmdbeq	r4!, {r0, r1, r2, r4, ip}^
     e30:	4b0f0000 	blmi	3c0e38 <shift+0x3c0e38>
     e34:	00000914 	andeq	r0, r0, r4, lsl r9
     e38:	09080406 	stmdbeq	r8, {r1, r2, sl}
     e3c:	d5180000 	ldrle	r0, [r8, #-0]
     e40:	10000010 	andne	r0, r0, r0, lsl r0
     e44:	00000d55 	andeq	r0, r0, r5, asr sp
     e48:	092a4f0f 	stmdbeq	sl!, {r0, r1, r2, r3, r8, r9, sl, fp, lr}
     e4c:	04060000 	streq	r0, [r6], #-0
     e50:	0000091a 	andeq	r0, r0, sl, lsl r9
     e54:	0004b619 	andeq	fp, r4, r9, lsl r6
     e58:	4f0fb800 	svcmi	0x000fb800
     e5c:	00095801 	andeq	r5, r9, r1, lsl #16
     e60:	0ac40a00 	beq	ff103668 <__bss_end+0x778f9df0>
     e64:	510f0000 	mrspl	r0, CPSR
     e68:	0002c201 	andeq	ip, r2, r1, lsl #4
     e6c:	950a0000 	strls	r0, [sl, #-0]
     e70:	0f000004 	svceq	0x00000004
     e74:	095d0152 	ldmdbeq	sp, {r1, r4, r6, r8}^
     e78:	00040000 	andeq	r0, r4, r0
     e7c:	00093007 	andeq	r3, r9, r7
     e80:	04550c00 	ldrbeq	r0, [r5], #-3072	; 0xfffff400
     e84:	096d0000 	stmdbeq	sp!, {}^	; <UNPREDICTABLE>
     e88:	3e0d0000 	cdpcc	0, 0, cr0, cr13, cr0, {0}
     e8c:	2c000000 	stccs	0, cr0, [r0], {-0}
     e90:	09580c00 	ldmdbeq	r8, {sl, fp}^
     e94:	09780000 	ldmdbeq	r8!, {}^	; <UNPREDICTABLE>
     e98:	00110000 	andseq	r0, r1, r0
     e9c:	00096d07 	andeq	r6, r9, r7, lsl #26
     ea0:	08930f00 	ldmeq	r3, {r8, r9, sl, fp}
     ea4:	530f0000 	movwpl	r0, #61440	; 0xf000
     ea8:	00097801 	andeq	r7, r9, r1, lsl #16
     eac:	0c560f00 	mrrceq	15, 0, r0, r6, cr0
     eb0:	560f0000 	strpl	r0, [pc], -r0
     eb4:	00002c01 	andeq	r2, r0, r1, lsl #24
     eb8:	10ff1a00 	rscsne	r1, pc, r0, lsl #20
     ebc:	04070000 	streq	r0, [r7], #-0
     ec0:	0000003e 	andeq	r0, r0, lr, lsr r0
     ec4:	4401690f 	strmi	r6, [r1], #-2319	; 0xfffff6f1
     ec8:	1600000a 	strne	r0, [r0], -sl
     ecc:	00000d49 	andeq	r0, r0, r9, asr #26
     ed0:	01521600 	cmpeq	r2, r0, lsl #12
     ed4:	16020000 	strne	r0, [r2], -r0
     ed8:	0000015e 	andeq	r0, r0, lr, asr r1
     edc:	05861603 	streq	r1, [r6, #1539]	; 0x603
     ee0:	16030000 	strne	r0, [r3], -r0
     ee4:	00000d85 	andeq	r0, r0, r5, lsl #27
     ee8:	08d51604 	ldmeq	r5, {r2, r9, sl, ip}^
     eec:	16040000 	strne	r0, [r4], -r0
     ef0:	0000017c 	andeq	r0, r0, ip, ror r1
     ef4:	09c71605 	stmibeq	r7, {r0, r2, r9, sl, ip}^
     ef8:	16050000 	strne	r0, [r5], -r0
     efc:	00000e95 	muleq	r0, r5, lr
     f00:	090c1605 	stmdbeq	ip, {r0, r2, r9, sl, ip}
     f04:	16050000 	strne	r0, [r5], -r0
     f08:	000002ee 	andeq	r0, r0, lr, ror #5
     f0c:	0d9e1605 	ldceq	6, cr1, [lr, #20]
     f10:	16060000 	strne	r0, [r6], -r0
     f14:	00000b6c 	andeq	r0, r0, ip, ror #22
     f18:	04871606 	streq	r1, [r7], #1542	; 0x606
     f1c:	16060000 	strne	r0, [r6], -r0
     f20:	00000f0c 	andeq	r0, r0, ip, lsl #30
     f24:	0dca1606 	stcleq	6, cr1, [sl, #24]
     f28:	16060000 	strne	r0, [r6], -r0
     f2c:	00000ba0 	andeq	r0, r0, r0, lsr #23
     f30:	0bfc1606 	bleq	fff06750 <__bss_end+0x786fced8>
     f34:	16060000 	strne	r0, [r6], -r0
     f38:	00000234 	andeq	r0, r0, r4, lsr r2
     f3c:	0d2c1607 	stceq	6, cr1, [ip, #-28]!	; 0xffffffe4
     f40:	16070000 	strne	r0, [r7], -r0
     f44:	00000d91 	muleq	r0, r1, sp
     f48:	12051607 	andne	r1, r5, #7340032	; 0x700000
     f4c:	16070000 	strne	r0, [r7], -r0
     f50:	00000442 	andeq	r0, r0, r2, asr #8
     f54:	0e491607 	cdpeq	6, 4, cr1, cr9, cr7, {0}
     f58:	16080000 	strne	r0, [r8], -r0
     f5c:	000000ee 	andeq	r0, r0, lr, ror #1
     f60:	11c91608 	bicne	r1, r9, r8, lsl #12
     f64:	00080000 	andeq	r0, r8, r0
     f68:	00151b0f 	andseq	r1, r5, pc, lsl #22
     f6c:	01880f00 	orreq	r0, r8, r0, lsl #30
     f70:	00000995 	muleq	r0, r5, r9
     f74:	00089c0f 	andeq	r9, r8, pc, lsl #24
     f78:	018b0f00 	orreq	r0, fp, r0, lsl #30
     f7c:	0000002c 	andeq	r0, r0, ip, lsr #32
     f80:	000ece0f 	andeq	ip, lr, pc, lsl #28
     f84:	018e0f00 	orreq	r0, lr, r0, lsl #30
     f88:	0000002c 	andeq	r0, r0, ip, lsr #32
     f8c:	000a0e0f 	andeq	r0, sl, pc, lsl #28
     f90:	01910f00 	orrseq	r0, r1, r0, lsl #30
     f94:	0000002c 	andeq	r0, r0, ip, lsr #32
     f98:	000ed80f 	andeq	sp, lr, pc, lsl #16
     f9c:	01940f00 	orrseq	r0, r4, r0, lsl #30
     fa0:	0000002c 	andeq	r0, r0, ip, lsr #32
     fa4:	000b4d0f 	andeq	r4, fp, pc, lsl #26
     fa8:	01970f00 	orrseq	r0, r7, r0, lsl #30
     fac:	0000002c 	andeq	r0, r0, ip, lsr #32
     fb0:	000ee20f 	andeq	lr, lr, pc, lsl #4
     fb4:	019a0f00 	orrseq	r0, sl, r0, lsl #30
     fb8:	0000002c 	andeq	r0, r0, ip, lsr #32
     fbc:	000d6f0f 	andeq	r6, sp, pc, lsl #30
     fc0:	019d0f00 	orrseq	r0, sp, r0, lsl #30
     fc4:	0000002c 	andeq	r0, r0, ip, lsr #32
     fc8:	000d7a0f 	andeq	r7, sp, pc, lsl #20
     fcc:	01a00f00 	lsleq	r0, r0, #30
     fd0:	0000002c 	andeq	r0, r0, ip, lsr #32
     fd4:	000eec0f 	andeq	lr, lr, pc, lsl #24
     fd8:	01a30f00 			; <UNDEFINED> instruction: 0x01a30f00
     fdc:	0000002c 	andeq	r0, r0, ip, lsr #32
     fe0:	000b3f0f 	andeq	r3, fp, pc, lsl #30
     fe4:	01a60f00 			; <UNDEFINED> instruction: 0x01a60f00
     fe8:	0000002c 	andeq	r0, r0, ip, lsr #32
     fec:	00157b0f 	andseq	r7, r5, pc, lsl #22
     ff0:	01a90f00 			; <UNDEFINED> instruction: 0x01a90f00
     ff4:	0000002c 	andeq	r0, r0, ip, lsr #32
     ff8:	000ef60f 	andeq	pc, lr, pc, lsl #12
     ffc:	01ac0f00 			; <UNDEFINED> instruction: 0x01ac0f00
    1000:	0000002c 	andeq	r0, r0, ip, lsr #32
    1004:	00167c0f 	andseq	r7, r6, pc, lsl #24
    1008:	01af0f00 			; <UNDEFINED> instruction: 0x01af0f00
    100c:	0000002c 	andeq	r0, r0, ip, lsr #32
    1010:	0014d30f 	andseq	sp, r4, pc, lsl #6
    1014:	01b20f00 			; <UNDEFINED> instruction: 0x01b20f00
    1018:	0000002c 	andeq	r0, r0, ip, lsr #32
    101c:	0015050f 	andseq	r0, r5, pc, lsl #10
    1020:	01b60f00 			; <UNDEFINED> instruction: 0x01b60f00
    1024:	0000002c 	andeq	r0, r0, ip, lsr #32
    1028:	0014df0f 	andseq	sp, r4, pc, lsl #30
    102c:	01b90f00 			; <UNDEFINED> instruction: 0x01b90f00
    1030:	0000002c 	andeq	r0, r0, ip, lsr #32
    1034:	00036b0f 	andeq	r6, r3, pc, lsl #22
    1038:	01bc0f00 			; <UNDEFINED> instruction: 0x01bc0f00
    103c:	0000002c 	andeq	r0, r0, ip, lsr #32
    1040:	0000240f 	andeq	r2, r0, pc, lsl #8
    1044:	01bf0f00 			; <UNDEFINED> instruction: 0x01bf0f00
    1048:	0000002c 	andeq	r0, r0, ip, lsr #32
    104c:	0006a70f 	andeq	sl, r6, pc, lsl #14
    1050:	01c20f00 	biceq	r0, r2, r0, lsl #30
    1054:	0000002c 	andeq	r0, r0, ip, lsr #32
    1058:	0003460f 	andeq	r4, r3, pc, lsl #12
    105c:	01c50f00 	biceq	r0, r5, r0, lsl #30
    1060:	0000002c 	andeq	r0, r0, ip, lsr #32
    1064:	000f2c0f 	andeq	r2, pc, pc, lsl #24
    1068:	01c80f00 	biceq	r0, r8, r0, lsl #30
    106c:	0000002c 	andeq	r0, r0, ip, lsr #32
    1070:	000a360f 	andeq	r3, sl, pc, lsl #12
    1074:	01cb0f00 	biceq	r0, fp, r0, lsl #30
    1078:	0000002c 	andeq	r0, r0, ip, lsr #32
    107c:	000cd50f 	andeq	sp, ip, pc, lsl #10
    1080:	01ce0f00 	biceq	r0, lr, r0, lsl #30
    1084:	0000002c 	andeq	r0, r0, ip, lsr #32
    1088:	00136a0f 	andseq	r6, r3, pc, lsl #20
    108c:	01d50f00 	bicseq	r0, r5, r0, lsl #30
    1090:	0000002c 	andeq	r0, r0, ip, lsr #32
    1094:	0015c10f 	andseq	ip, r5, pc, lsl #2
    1098:	01d80f00 	bicseq	r0, r8, r0, lsl #30
    109c:	0000002c 	andeq	r0, r0, ip, lsr #32
    10a0:	0015d10f 	andseq	sp, r5, pc, lsl #2
    10a4:	01db0f00 	bicseq	r0, fp, r0, lsl #30
    10a8:	0000002c 	andeq	r0, r0, ip, lsr #32
    10ac:	00049e0f 	andeq	r9, r4, pc, lsl #28
    10b0:	01de0f00 	bicseq	r0, lr, r0, lsl #30
    10b4:	0000002c 	andeq	r0, r0, ip, lsr #32
    10b8:	0014180f 	andseq	r1, r4, pc, lsl #16
    10bc:	01e10f00 	mvneq	r0, r0, lsl #30
    10c0:	0000002c 	andeq	r0, r0, ip, lsr #32
    10c4:	000e310f 	andeq	r3, lr, pc, lsl #2
    10c8:	01e40f00 	mvneq	r0, r0, lsl #30
    10cc:	0000002c 	andeq	r0, r0, ip, lsr #32
    10d0:	00072d0f 	andeq	r2, r7, pc, lsl #26
    10d4:	01e80f00 	mvneq	r0, r0, lsl #30
    10d8:	0000002c 	andeq	r0, r0, ip, lsr #32
    10dc:	0011110f 	andseq	r1, r1, pc, lsl #2
    10e0:	01f00f00 	mvnseq	r0, r0, lsl #30
    10e4:	0000002c 	andeq	r0, r0, ip, lsr #32
    10e8:	0005c50f 	andeq	ip, r5, pc, lsl #10
    10ec:	01f30f00 	mvnseq	r0, r0, lsl #30
    10f0:	0000002c 	andeq	r0, r0, ip, lsr #32
    10f4:	00002c0c 	andeq	r2, r0, ip, lsl #24
    10f8:	000bdb00 	andeq	sp, fp, r0, lsl #22
    10fc:	0f001100 	svceq	0x00001100
    1100:	000008f7 	strdeq	r0, [r0], -r7
    1104:	d003fe0f 	andle	pc, r3, pc, lsl #28
    1108:	0c00000b 	stceq	0, cr0, [r0], {11}
    110c:	00000902 	andeq	r0, r0, r2, lsl #18
    1110:	00000bf7 	strdeq	r0, [r0], -r7
    1114:	00003e0d 	andeq	r3, r0, sp, lsl #28
    1118:	0f000d00 	svceq	0x00000d00
    111c:	00000f61 	andeq	r0, r0, r1, ror #30
    1120:	e7059e0f 	str	r9, [r5, -pc, lsl #28]
    1124:	1a00000b 	bne	1158 <shift+0x1158>
    1128:	00000a00 	andeq	r0, r0, r0, lsl #20
    112c:	003e0407 	eorseq	r0, lr, r7, lsl #8
    1130:	a50f0000 	strge	r0, [pc, #-0]	; 1138 <shift+0x1138>
    1134:	000c4005 	andeq	r4, ip, r5
    1138:	062d1600 	strteq	r1, [sp], -r0, lsl #12
    113c:	16000000 	strne	r0, [r0], -r0
    1140:	00000c09 	andeq	r0, r0, r9, lsl #24
    1144:	01241601 			; <UNDEFINED> instruction: 0x01241601
    1148:	16020000 	strne	r0, [r2], -r0
    114c:	0000064b 	andeq	r0, r0, fp, asr #12
    1150:	0fec1603 	svceq	0x00ec1603
    1154:	16040000 	strne	r0, [r4], -r0
    1158:	00000fdf 	ldrdeq	r0, [r0], -pc	; <UNPREDICTABLE>
    115c:	02c51605 	sbceq	r1, r5, #5242880	; 0x500000
    1160:	00060000 	andeq	r0, r6, r0
    1164:	00159c0f 	andseq	r9, r5, pc, lsl #24
    1168:	05b20f00 	ldreq	r0, [r2, #3840]!	; 0xf00
    116c:	00000c03 	andeq	r0, r0, r3, lsl #24
    1170:	00145c0f 	andseq	r5, r4, pc, lsl #24
    1174:	07ba0f00 	ldreq	r0, [sl, r0, lsl #30]!
    1178:	0000003e 	andeq	r0, r0, lr, lsr r0
    117c:	00070d0f 	andeq	r0, r7, pc, lsl #26
    1180:	07cf0f00 	strbeq	r0, [pc, r0, lsl #30]
    1184:	0000002c 	andeq	r0, r0, ip, lsr #32
    1188:	0003c104 	andeq	ip, r3, r4, lsl #2
    118c:	557b1000 	ldrbpl	r1, [fp, #-0]!
    1190:	07000000 	streq	r0, [r0, -r0]
    1194:	00000c64 	andeq	r0, r0, r4, ror #24
    1198:	00029504 	andeq	r9, r2, r4, lsl #10
    119c:	3e811000 	cdpcc	0, 8, cr1, cr1, cr0, {0}
    11a0:	04000000 	streq	r0, [r0], #-0
    11a4:	000000af 	andeq	r0, r0, pc, lsr #1
    11a8:	00258510 	eoreq	r8, r5, r0, lsl r5
    11ac:	04020000 	streq	r0, [r2], #-0
    11b0:	00039904 	andeq	r9, r3, r4, lsl #18
    11b4:	03080200 	movweq	r0, #33280	; 0x8200
    11b8:	00000391 	muleq	r0, r1, r3
    11bc:	05040802 	streq	r0, [r4, #-2050]	; 0xfffff7fe
    11c0:	0200000f 	andeq	r0, r0, #15
    11c4:	103e0310 	eorsne	r0, lr, r0, lsl r3
    11c8:	6f0c0000 	svcvs	0x000c0000
    11cc:	b600000c 	strlt	r0, [r0], -ip
    11d0:	0d00000c 	stceq	0, cr0, [r0, #-48]	; 0xffffffd0
    11d4:	0000003e 	andeq	r0, r0, lr, lsr r0
    11d8:	a60700ff 			; <UNDEFINED> instruction: 0xa60700ff
    11dc:	0f00000c 	svceq	0x0000000c
    11e0:	00000daa 	andeq	r0, r0, sl, lsr #27
    11e4:	b601fc10 			; <UNDEFINED> instruction: 0xb601fc10
    11e8:	0f00000c 	svceq	0x0000000c
    11ec:	00000335 	andeq	r0, r0, r5, lsr r3
    11f0:	b6020210 			; <UNDEFINED> instruction: 0xb6020210
    11f4:	1b00000c 	blne	122c <shift+0x122c>
    11f8:	000000e1 	andeq	r0, r0, r1, ror #1
    11fc:	7f03b301 	svcvc	0x0003b301
    1200:	1c00000c 	stcne	0, cr0, [r0], {12}
    1204:	1687803f 			; <UNDEFINED> instruction: 0x1687803f
    1208:	01000001 	tsteq	r0, r1
    120c:	000d7f9c 	muleq	sp, ip, pc	; <UNPREDICTABLE>
    1210:	006e1c00 	rsbeq	r1, lr, r0, lsl #24
    1214:	7f03b301 	svcvc	0x0003b301
    1218:	0000000c 	andeq	r0, r0, ip
    121c:	1c000000 	stcne	0, cr0, [r0], {-0}
    1220:	b3010064 	movwlt	r0, #4196	; 0x1064
    1224:	000c7f03 	andeq	r7, ip, r3, lsl #30
    1228:	00002800 	andeq	r2, r0, r0, lsl #16
    122c:	70721c00 	rsbsvc	r1, r2, r0, lsl #24
    1230:	03b30100 			; <UNDEFINED> instruction: 0x03b30100
    1234:	00000d7f 	andeq	r0, r0, pc, ror sp
    1238:	00000060 	andeq	r0, r0, r0, rrx
    123c:	0100711d 	tsteq	r0, sp, lsl r1
    1240:	0c7f03b5 	ldcleq	3, cr0, [pc], #-724	; f74 <shift+0xf74>
    1244:	00800000 	addeq	r0, r0, r0
    1248:	721d0000 	andsvc	r0, sp, #0
    124c:	03b50100 			; <UNDEFINED> instruction: 0x03b50100
    1250:	00000c7f 	andeq	r0, r0, pc, ror ip
    1254:	000000e0 	andeq	r0, r0, r0, ror #1
    1258:	0100791d 	tsteq	r0, sp, lsl r9
    125c:	0c7f03b5 	ldcleq	3, cr0, [pc], #-724	; f90 <shift+0xf90>
    1260:	01380000 	teqeq	r8, r0
    1264:	6c1d0000 	ldcvs	0, cr0, [sp], {-0}
    1268:	0100317a 	tsteq	r0, sl, ror r1
    126c:	0c7403b6 	ldcleq	3, cr0, [r4], #-728	; 0xfffffd28
    1270:	01500000 	cmpeq	r0, r0
    1274:	6c1d0000 	ldcvs	0, cr0, [sp], {-0}
    1278:	0100327a 	tsteq	r0, sl, ror r2
    127c:	0c7403b6 	ldcleq	3, cr0, [r4], #-728	; 0xfffffd28
    1280:	01630000 	cmneq	r3, r0
    1284:	691d0000 	ldmdbvs	sp, {}	; <UNPREDICTABLE>
    1288:	03b60100 			; <UNDEFINED> instruction: 0x03b60100
    128c:	00000c74 	andeq	r0, r0, r4, ror ip
    1290:	00000176 	andeq	r0, r0, r6, ror r1
    1294:	01006b1d 	tsteq	r0, sp, lsl fp
    1298:	0c7403b6 	ldcleq	3, cr0, [r4], #-728	; 0xfffffd28
    129c:	01c40000 	biceq	r0, r4, r0
    12a0:	06000000 	streq	r0, [r0], -r0
    12a4:	000c7f04 	andeq	r7, ip, r4, lsl #30
	...

Disassembly of section .debug_abbrev:

00000000 <.debug_abbrev>:
   0:	10001101 	andne	r1, r0, r1, lsl #2
   4:	12011106 	andne	r1, r1, #-2147483647	; 0x80000001
   8:	1b080301 	blne	200c14 <shift+0x200c14>
   c:	13082508 	movwne	r2, #34056	; 0x8508
  10:	00000005 	andeq	r0, r0, r5
  14:	10001101 	andne	r1, r0, r1, lsl #2
  18:	12011106 	andne	r1, r1, #-2147483647	; 0x80000001
  1c:	1b080301 	blne	200c28 <shift+0x200c28>
  20:	13082508 	movwne	r2, #34056	; 0x8508
  24:	00000005 	andeq	r0, r0, r5
  28:	10001101 	andne	r1, r0, r1, lsl #2
  2c:	12011106 	andne	r1, r1, #-2147483647	; 0x80000001
  30:	1b080301 	blne	200c3c <shift+0x200c3c>
  34:	13082508 	movwne	r2, #34056	; 0x8508
  38:	00000005 	andeq	r0, r0, r5
  3c:	10001101 	andne	r1, r0, r1, lsl #2
  40:	12011106 	andne	r1, r1, #-2147483647	; 0x80000001
  44:	1b080301 	blne	200c50 <shift+0x200c50>
  48:	13082508 	movwne	r2, #34056	; 0x8508
  4c:	00000005 	andeq	r0, r0, r5
  50:	25011101 	strcs	r1, [r1, #-257]	; 0xfffffeff
  54:	030b130e 	movweq	r1, #45838	; 0xb30e
  58:	110e1b0e 	tstne	lr, lr, lsl #22
  5c:	10061201 	andne	r1, r6, r1, lsl #4
  60:	02000017 	andeq	r0, r0, #23
  64:	0b0b0024 	bleq	2c00fc <shift+0x2c00fc>
  68:	0e030b3e 	vmoveq.16	d3[0], r0
  6c:	24030000 	strcs	r0, [r3], #-0
  70:	3e0b0b00 	vmlacc.f64	d0, d11, d0
  74:	0008030b 	andeq	r0, r8, fp, lsl #6
  78:	00160400 	andseq	r0, r6, r0, lsl #8
  7c:	0b3a0e03 	bleq	e83890 <shift+0xe83890>
  80:	13490b3b 	movtne	r0, #39739	; 0x9b3b
  84:	0f050000 	svceq	0x00050000
  88:	000b0b00 	andeq	r0, fp, r0, lsl #22
  8c:	000f0600 	andeq	r0, pc, r0, lsl #12
  90:	13490b0b 	movtne	r0, #39691	; 0x9b0b
  94:	26070000 	strcs	r0, [r7], -r0
  98:	00134900 	andseq	r4, r3, r0, lsl #18
  9c:	01130800 	tsteq	r3, r0, lsl #16
  a0:	0b0b0e03 	bleq	2c38b4 <shift+0x2c38b4>
  a4:	0b3b0b3a 	bleq	ec2d94 <shift+0xec2d94>
  a8:	00001301 	andeq	r1, r0, r1, lsl #6
  ac:	03000d09 	movweq	r0, #3337	; 0xd09
  b0:	3b0b3a0e 	blcc	2ce8f0 <shift+0x2ce8f0>
  b4:	3813490b 	ldmdacc	r3, {r0, r1, r3, r8, fp, lr}
  b8:	0a00000b 	beq	ec <shift+0xec>
  bc:	0e03000d 	cdpeq	0, 0, cr0, cr3, cr13, {0}
  c0:	053b0b3a 	ldreq	r0, [fp, #-2874]!	; 0xfffff4c6
  c4:	0b381349 	bleq	e04df0 <shift+0xe04df0>
  c8:	160b0000 	strne	r0, [fp], -r0
  cc:	3a0e0300 	bcc	380cd4 <shift+0x380cd4>
  d0:	000b3b0b 	andeq	r3, fp, fp, lsl #22
  d4:	01010c00 	tsteq	r1, r0, lsl #24
  d8:	13011349 	movwne	r1, #4937	; 0x1349
  dc:	210d0000 	mrscs	r0, (UNDEF: 13)
  e0:	2f134900 	svccs	0x00134900
  e4:	0e00000b 	cdpeq	0, 0, cr0, cr0, cr11, {0}
  e8:	0e030013 	mcreq	0, 0, r0, cr3, cr3, {0}
  ec:	0000193c 	andeq	r1, r0, ip, lsr r9
  f0:	0300340f 	movweq	r3, #1039	; 0x40f
  f4:	3b0b3a0e 	blcc	2ce934 <shift+0x2ce934>
  f8:	3f134905 	svccc	0x00134905
  fc:	00193c19 	andseq	r3, r9, r9, lsl ip
 100:	00341000 	eorseq	r1, r4, r0
 104:	0b3a0e03 	bleq	e83918 <shift+0xe83918>
 108:	13490b3b 	movtne	r0, #39739	; 0x9b3b
 10c:	193c193f 	ldmdbne	ip!, {r0, r1, r2, r3, r4, r5, r8, fp, ip}
 110:	21110000 	tstcs	r1, r0
 114:	12000000 	andne	r0, r0, #0
 118:	19270115 	stmdbne	r7!, {r0, r2, r4, r8}
 11c:	13011349 	movwne	r1, #4937	; 0x1349
 120:	05130000 	ldreq	r0, [r3, #-0]
 124:	00134900 	andseq	r4, r3, r0, lsl #18
 128:	00261400 	eoreq	r1, r6, r0, lsl #8
 12c:	04150000 	ldreq	r0, [r5], #-0
 130:	3e0e0301 	cdpcc	3, 0, cr0, cr14, cr1, {0}
 134:	490b0b0b 	stmdbmi	fp, {r0, r1, r3, r8, r9, fp}
 138:	3b0b3a13 	blcc	2ce98c <shift+0x2ce98c>
 13c:	0013010b 	andseq	r0, r3, fp, lsl #2
 140:	00281600 	eoreq	r1, r8, r0, lsl #12
 144:	0b1c0e03 	bleq	703958 <shift+0x703958>
 148:	15170000 	ldrne	r0, [r7, #-0]
 14c:	00192700 	andseq	r2, r9, r0, lsl #14
 150:	00171800 	andseq	r1, r7, r0, lsl #16
 154:	193c0e03 	ldmdbne	ip!, {r0, r1, r9, sl, fp}
 158:	13190000 	tstne	r9, #0
 15c:	0b0e0301 	bleq	380d68 <shift+0x380d68>
 160:	3b0b3a0b 	blcc	2ce994 <shift+0x2ce994>
 164:	00130105 	andseq	r0, r3, r5, lsl #2
 168:	01041a00 	tsteq	r4, r0, lsl #20
 16c:	0b3e0e03 	bleq	f83980 <shift+0xf83980>
 170:	13490b0b 	movtne	r0, #39691	; 0x9b0b
 174:	053b0b3a 	ldreq	r0, [fp, #-2874]!	; 0xfffff4c6
 178:	00001301 	andeq	r1, r0, r1, lsl #6
 17c:	3f012e1b 	svccc	0x00012e1b
 180:	3a0e0319 	bcc	380dec <shift+0x380dec>
 184:	27053b0b 	strcs	r3, [r5, -fp, lsl #22]
 188:	11134919 	tstne	r3, r9, lsl r9
 18c:	40061201 	andmi	r1, r6, r1, lsl #4
 190:	19429718 	stmdbne	r2, {r3, r4, r8, r9, sl, ip, pc}^
 194:	00001301 	andeq	r1, r0, r1, lsl #6
 198:	0300051c 	movweq	r0, #1308	; 0x51c
 19c:	3b0b3a08 	blcc	2ce9c4 <shift+0x2ce9c4>
 1a0:	02134905 	andseq	r4, r3, #81920	; 0x14000
 1a4:	1d000017 	stcne	0, cr0, [r0, #-92]	; 0xffffffa4
 1a8:	08030034 	stmdaeq	r3, {r2, r4, r5}
 1ac:	053b0b3a 	ldreq	r0, [fp, #-2874]!	; 0xfffff4c6
 1b0:	17021349 	strne	r1, [r2, -r9, asr #6]
 1b4:	地址 0x00000000000001b4 越界。


Disassembly of section .debug_aranges:

00000000 <.debug_aranges>:
   0:	0000001c 	andeq	r0, r0, ip, lsl r0
   4:	00000002 	andeq	r0, r0, r2
   8:	00040000 	andeq	r0, r4, r0
   c:	00000000 	andeq	r0, r0, r0
  10:	87803bc8 	strhi	r3, [r0, r8, asr #23]
  14:	00000276 	andeq	r0, r0, r6, ror r2
	...
  20:	0000001c 	andeq	r0, r0, ip, lsl r0
  24:	014b0002 	cmpeq	fp, r2
  28:	00040000 	andeq	r0, r4, r0
  2c:	00000000 	andeq	r0, r0, r0
  30:	87803e40 	strhi	r3, [r0, r0, asr #28]
  34:	000000a0 	andeq	r0, r0, r0, lsr #1
	...
  40:	0000001c 	andeq	r0, r0, ip, lsl r0
  44:	02920002 	addseq	r0, r2, #2
  48:	00040000 	andeq	r0, r4, r0
  4c:	00000000 	andeq	r0, r0, r0
  50:	87803ee0 	strhi	r3, [r0, r0, ror #29]
  54:	00000030 	andeq	r0, r0, r0, lsr r0
	...
  60:	0000001c 	andeq	r0, r0, ip, lsl r0
  64:	03d90002 	bicseq	r0, r9, #2
  68:	00040000 	andeq	r0, r4, r0
  6c:	00000000 	andeq	r0, r0, r0
  70:	87803f10 	usada8hi	r0, r0, pc, r3	; <UNPREDICTABLE>
  74:	0000000c 	andeq	r0, r0, ip
	...
  80:	0000001c 	andeq	r0, r0, ip, lsl r0
  84:	05240002 	streq	r0, [r4, #-2]!
  88:	00040000 	andeq	r0, r4, r0
  8c:	00000000 	andeq	r0, r0, r0
  90:	87803f1c 	usada8hi	r0, ip, pc, r3	; <UNPREDICTABLE>
  94:	00000116 	andeq	r0, r0, r6, lsl r1
	...

Disassembly of section .debug_loc:

00000000 <.debug_loc>:
   0:	00000000 	andeq	r0, r0, r0
   4:	00000010 	andeq	r0, r0, r0, lsl r0
   8:	93500006 	cmpls	r0, #6
   c:	04935104 	ldreq	r5, [r3], #260	; 0x104
  10:	00000010 	andeq	r0, r0, r0, lsl r0
  14:	00000116 	andeq	r0, r0, r6, lsl r1
  18:	03f30006 	mvnseq	r0, #6
  1c:	9f2500f5 	svcls	0x002500f5
	...
  2c:	00000082 	andeq	r0, r0, r2, lsl #1
  30:	93520006 	cmpls	r2, #6
  34:	04935304 	ldreq	r5, [r3], #772	; 0x304
  38:	00000082 	andeq	r0, r0, r2, lsl #1
  3c:	000000fc 	strdeq	r0, [r0], -ip
  40:	03f30006 	mvnseq	r0, #6
  44:	9f2502f5 	svcls	0x002502f5
  48:	000000fc 	strdeq	r0, [r0], -ip
  4c:	00000116 	andeq	r0, r0, r6, lsl r1
  50:	93520006 	cmpls	r2, #6
  54:	04935304 	ldreq	r5, [r3], #772	; 0x304
	...
  64:	000000fc 	strdeq	r0, [r0], -ip
  68:	00910002 	addseq	r0, r1, r2
  6c:	000000fc 	strdeq	r0, [r0], -ip
  70:	00000116 	andeq	r0, r0, r6, lsl r1
  74:	00910002 	addseq	r0, r1, r2
	...
  84:	00000074 	andeq	r0, r0, r4, ror r0
  88:	089e000a 	ldmeq	lr, {r1, r3}
	...
  94:	00000074 	andeq	r0, r0, r4, ror r0
  98:	000000bc 	strheq	r0, [r0], -ip
  9c:	93500006 	cmpls	r0, #6
  a0:	04935104 	ldreq	r5, [r3], #260	; 0x104
  a4:	000000c8 	andeq	r0, r0, r8, asr #1
  a8:	000000e6 	andeq	r0, r0, r6, ror #1
  ac:	93500006 	cmpls	r0, #6
  b0:	04935104 	ldreq	r5, [r3], #260	; 0x104
  b4:	000000ee 	andeq	r0, r0, lr, ror #1
  b8:	000000fc 	strdeq	r0, [r0], -ip
  bc:	93500006 	cmpls	r0, #6
  c0:	04935104 	ldreq	r5, [r3], #260	; 0x104
  c4:	000000fc 	strdeq	r0, [r0], -ip
  c8:	00000116 	andeq	r0, r0, r6, lsl r1
  cc:	089e000a 	ldmeq	lr, {r1, r3}
	...
  e0:	00000012 	andeq	r0, r0, r2, lsl r0
  e4:	00000062 	andeq	r0, r0, r2, rrx
  e8:	93540006 	cmpls	r4, #6
  ec:	04935504 	ldreq	r5, [r3], #1284	; 0x504
  f0:	00000072 	andeq	r0, r0, r2, ror r0
  f4:	00000092 	muleq	r0, r2, r0
  f8:	93540006 	cmpls	r4, #6
  fc:	04935504 	ldreq	r5, [r3], #1284	; 0x504
 100:	00000096 	muleq	r0, r6, r0
 104:	000000a4 	andeq	r0, r0, r4, lsr #1
 108:	93540006 	cmpls	r4, #6
 10c:	04935504 	ldreq	r5, [r3], #1284	; 0x504
 110:	000000a6 	andeq	r0, r0, r6, lsr #1
 114:	000000c4 	andeq	r0, r0, r4, asr #1
 118:	93540006 	cmpls	r4, #6
 11c:	04935504 	ldreq	r5, [r3], #1284	; 0x504
 120:	000000ca 	andeq	r0, r0, sl, asr #1
 124:	00000116 	andeq	r0, r0, r6, lsl r1
 128:	93540006 	cmpls	r4, #6
 12c:	04935504 	ldreq	r5, [r3], #1284	; 0x504
	...
 138:	00000050 	andeq	r0, r0, r0, asr r0
 13c:	000000d6 	ldrdeq	r0, [r0], -r6
 140:	93560006 	cmpls	r6, #6
 144:	04935704 	ldreq	r5, [r3], #1796	; 0x704
	...
 150:	00000110 	andeq	r0, r0, r0, lsl r1
 154:	00000116 	andeq	r0, r0, r6, lsl r1
 158:	005c0001 	subseq	r0, ip, r1
 15c:	00000000 	andeq	r0, r0, r0
 160:	30000000 	andcc	r0, r0, r0
 164:	40000000 	andmi	r0, r0, r0
 168:	01000000 	mrseq	r0, (UNDEF: 0)
 16c:	00005100 	andeq	r5, r0, r0, lsl #2
 170:	00000000 	andeq	r0, r0, r0
 174:	00800000 	addeq	r0, r0, r0
 178:	00840000 	addeq	r0, r4, r0
 17c:	00010000 	andeq	r0, r1, r0
 180:	0000845c 	andeq	r8, r0, ip, asr r4
 184:	00009600 	andeq	r9, r0, r0, lsl #12
 188:	52000100 	andpl	r0, r0, #0, 2
 18c:	00000096 	muleq	r0, r6, r0
 190:	00000098 	muleq	r0, r8, r0
 194:	7f720003 	svcvc	0x00720003
 198:	0000989f 	muleq	r0, pc, r8	; <UNPREDICTABLE>
 19c:	0000a600 	andeq	sl, r0, r0, lsl #12
 1a0:	52000100 	andpl	r0, r0, #0, 2
 1a4:	000000a6 	andeq	r0, r0, r6, lsr #1
 1a8:	000000a8 	andeq	r0, r0, r8, lsr #1
 1ac:	7f720003 	svcvc	0x00720003
 1b0:	0000a89f 	muleq	r0, pc, r8	; <UNPREDICTABLE>
 1b4:	0000b600 	andeq	fp, r0, r0, lsl #12
 1b8:	52000100 	andpl	r0, r0, #0, 2
	...
 1c4:	00000034 	andeq	r0, r0, r4, lsr r0
 1c8:	000000de 	ldrdeq	r0, [r0], -lr
 1cc:	005c0001 	subseq	r0, ip, r1
 1d0:	00000000 	andeq	r0, r0, r0
 1d4:	地址 0x00000000000001d4 越界。


Disassembly of section .debug_str:

00000000 <.debug_str>:
       0:	5f617369 	svcpl	0x00617369
       4:	5f746962 	svcpl	0x00746962
       8:	645f7066 	ldrbvs	r7, [pc], #-102	; 10 <shift+0x10>
       c:	54006c62 	strpl	r6, [r0], #-3170	; 0xfffff39e
      10:	45475241 	strbmi	r5, [r7, #-577]	; 0xfffffdbf
      14:	50435f54 	subpl	r5, r3, r4, asr pc
      18:	72615f55 	rsbvc	r5, r1, #340	; 0x154
      1c:	3331316d 	teqcc	r1, #1073741851	; 0x4000001b
      20:	00736a36 	rsbseq	r6, r3, r6, lsr sl
      24:	5f6d7261 	svcpl	0x006d7261
      28:	68637261 	stmdavs	r3!, {r0, r5, r6, r9, ip, sp, lr}^
      2c:	6d77695f 			; <UNDEFINED> instruction: 0x6d77695f
      30:	0074786d 	rsbseq	r7, r4, sp, ror #16
      34:	47524154 			; <UNDEFINED> instruction: 0x47524154
      38:	435f5445 	cmpmi	pc, #1157627904	; 0x45000000
      3c:	635f5550 	cmpvs	pc, #80, 10	; 0x14000000
      40:	6574726f 	ldrbvs	r7, [r4, #-623]!	; 0xfffffd91
      44:	33326d78 	teqcc	r2, #120, 26	; 0x1e00
      48:	68735f00 	ldmdavs	r3!, {r8, r9, sl, fp, ip, lr}^
      4c:	6274726f 	rsbsvs	r7, r4, #-268435450	; 0xf0000006
      50:	41006675 	tstmi	r0, r5, ror r6
      54:	455f4d52 	ldrbmi	r4, [pc, #-3410]	; fffff30a <__bss_end+0x787f5a92>
      58:	495f0051 	ldmdbmi	pc, {r0, r4, r6}^	; <UNPREDICTABLE>
      5c:	6f6c5f4f 	svcvs	0x006c5f4f
      60:	745f6b63 	ldrbvc	r6, [pc], #-2915	; 68 <shift+0x68>
      64:	52415400 	subpl	r5, r1, #0, 8
      68:	5f544547 	svcpl	0x00544547
      6c:	5f555043 	svcpl	0x00555043
      70:	316d7261 	cmncc	sp, r1, ror #4
      74:	74363531 	ldrtvc	r3, [r6], #-1329	; 0xfffffacf
      78:	00736632 	rsbseq	r6, r3, r2, lsr r6
      7c:	5f617369 	svcpl	0x00617369
      80:	5f746962 	svcpl	0x00746962
      84:	6d756874 	ldclvs	8, cr6, [r5, #-464]!	; 0xfffffe30
      88:	72700062 	rsbsvc	r0, r0, #98	; 0x62
      8c:	6172676f 	cmnvs	r2, pc, ror #14
      90:	6e695f6d 	cdpvs	15, 6, cr5, cr9, cr13, {3}
      94:	61636f76 	smcvs	14070	; 0x36f6
      98:	6e6f6974 			; <UNDEFINED> instruction: 0x6e6f6974
      9c:	6f68735f 	svcvs	0x0068735f
      a0:	6e5f7472 	mrcvs	4, 2, r7, cr15, cr2, {3}
      a4:	00656d61 	rsbeq	r6, r5, r1, ror #26
      a8:	65647473 	strbvs	r7, [r4, #-1139]!	; 0xfffffb8d
      ac:	55007272 	strpl	r7, [r0, #-626]	; 0xfffffd8e
      b0:	79744944 	ldmdbvc	r4!, {r2, r6, r8, fp, lr}^
      b4:	54006570 	strpl	r6, [r0], #-1392	; 0xfffffa90
      b8:	45475241 	strbmi	r5, [r7, #-577]	; 0xfffffdbf
      bc:	50435f54 	subpl	r5, r3, r4, asr pc
      c0:	6f635f55 	svcvs	0x00635f55
      c4:	78657472 	stmdavc	r5!, {r1, r4, r5, r6, sl, ip, sp, lr}^
      c8:	63373561 	teqvs	r7, #406847488	; 0x18400000
      cc:	6574726f 	ldrbvs	r7, [r4, #-623]!	; 0xfffffd91
      d0:	33356178 	teqcc	r5, #120, 2
      d4:	4f495f00 	svcmi	0x00495f00
      d8:	6675625f 			; <UNDEFINED> instruction: 0x6675625f
      dc:	646e655f 	strbtvs	r6, [lr], #-1375	; 0xfffffaa1
      e0:	755f5f00 	ldrbvc	r5, [pc, #-3840]	; fffff1e8 <__bss_end+0x787f5970>
      e4:	6d766964 			; <UNDEFINED> instruction: 0x6d766964
      e8:	6964646f 	stmdbvs	r4!, {r0, r1, r2, r3, r5, r6, sl, sp, lr}^
      ec:	41420034 	cmpmi	r2, r4, lsr r0
      f0:	415f4553 	cmpmi	pc, r3, asr r5	; <UNPREDICTABLE>
      f4:	5f484352 	svcpl	0x00484352
      f8:	425f4d38 	subsmi	r4, pc, #56, 26	; 0xe00
      fc:	00455341 	subeq	r5, r5, r1, asr #6
     100:	47524154 			; <UNDEFINED> instruction: 0x47524154
     104:	435f5445 	cmpmi	pc, #1157627904	; 0x45000000
     108:	615f5550 	cmpvs	pc, r0, asr r5	; <UNPREDICTABLE>
     10c:	31386d72 	teqcc	r8, r2, ror sp
     110:	41540030 	cmpmi	r4, r0, lsr r0
     114:	54454752 	strbpl	r4, [r5], #-1874	; 0xfffff8ae
     118:	5550435f 	ldrbpl	r4, [r0, #-863]	; 0xfffffca1
     11c:	6567785f 	strbvs	r7, [r7, #-2143]!	; 0xfffff7a1
     120:	0031656e 	eorseq	r6, r1, lr, ror #10
     124:	5f4d5241 	svcpl	0x004d5241
     128:	5f534350 	svcpl	0x00534350
     12c:	43504141 	cmpmi	r0, #1073741840	; 0x40000010
     130:	57495f53 	smlsldpl	r5, r9, r3, pc	; <UNPREDICTABLE>
     134:	54584d4d 	ldrbpl	r4, [r8], #-3405	; 0xfffff2b3
     138:	74706f00 	ldrbtvc	r6, [r0], #-3840	; 0xfffff100
     13c:	0074706f 	rsbseq	r7, r4, pc, rrx
     140:	47524154 			; <UNDEFINED> instruction: 0x47524154
     144:	435f5445 	cmpmi	pc, #1157627904	; 0x45000000
     148:	615f5550 	cmpvs	pc, r0, asr r5	; <UNPREDICTABLE>
     14c:	64376d72 	ldrtvs	r6, [r7], #-3442	; 0xfffff28e
     150:	41420069 	cmpmi	r2, r9, rrx
     154:	415f4553 	cmpmi	pc, r3, asr r5	; <UNPREDICTABLE>
     158:	5f484352 	svcpl	0x00484352
     15c:	41420032 	cmpmi	r2, r2, lsr r0
     160:	415f4553 	cmpmi	pc, r3, asr r5	; <UNPREDICTABLE>
     164:	5f484352 	svcpl	0x00484352
     168:	41540033 	cmpmi	r4, r3, lsr r0
     16c:	54454752 	strbpl	r4, [r5], #-1874	; 0xfffff8ae
     170:	5550435f 	ldrbpl	r4, [r0, #-863]	; 0xfffffca1
     174:	6d72615f 	ldfvse	f6, [r2, #-380]!	; 0xfffffe84
     178:	006d6437 	rsbeq	r6, sp, r7, lsr r4
     17c:	45534142 	ldrbmi	r4, [r3, #-322]	; 0xfffffebe
     180:	4352415f 	cmpmi	r2, #-1073741801	; 0xc0000017
     184:	00355f48 	eorseq	r5, r5, r8, asr #30
     188:	6d6f682f 	stclvs	8, cr6, [pc, #-188]!	; d4 <shift+0xd4>
     18c:	63742f65 	cmnvs	r4, #404	; 0x194
     190:	622d6777 	eorvs	r6, sp, #31195136	; 0x1dc0000
     194:	646c6975 	strbtvs	r6, [ip], #-2421	; 0xfffff68b
     198:	76616c73 			; <UNDEFINED> instruction: 0x76616c73
     19c:	6f772f65 	svcvs	0x00772f65
     1a0:	70736b72 	rsbsvc	r6, r3, r2, ror fp
     1a4:	2f656361 	svccs	0x00656361
     1a8:	67776374 			; <UNDEFINED> instruction: 0x67776374
     1ac:	6b616d2d 	blvs	185b668 <shift+0x185b668>
     1b0:	65722d65 	ldrbvs	r2, [r2, #-3429]!	; 0xfffff29b
     1b4:	7361656c 	cmnvc	r1, #108, 10	; 0x1b000000
     1b8:	2f315f65 	svccs	0x00315f65
     1bc:	6975625f 	ldmdbvs	r5!, {r0, r1, r2, r3, r4, r6, r9, sp, lr}^
     1c0:	622f646c 	eorvs	r6, pc, #108, 8	; 0x6c000000
     1c4:	646c6975 	strbtvs	r6, [ip], #-2421	; 0xfffff68b
     1c8:	38782f73 	ldmdacc	r8!, {r0, r1, r4, r5, r6, r8, r9, sl, fp, sp}^
     1cc:	34365f36 	ldrtcc	r5, [r6], #-3894	; 0xfffff0ca
     1d0:	6b6e752d 	blvs	1b9d68c <shift+0x1b9d68c>
     1d4:	6e776f6e 	cdpvs	15, 7, cr6, cr7, cr14, {3}
     1d8:	6e696c2d 	cdpvs	12, 6, cr6, cr9, cr13, {1}
     1dc:	672d7875 			; <UNDEFINED> instruction: 0x672d7875
     1e0:	612f756e 			; <UNDEFINED> instruction: 0x612f756e
     1e4:	6c2d6d72 	stcvs	13, cr6, [sp], #-456	; 0xfffffe38
     1e8:	78756e69 	ldmdavc	r5!, {r0, r3, r5, r6, r9, sl, fp, sp, lr}^
     1ec:	756e672d 	strbvc	r6, [lr, #-1837]!	; 0xfffff8d3
     1f0:	69626165 	stmdbvs	r2!, {r0, r2, r5, r6, r8, sp, lr}^
     1f4:	672f6668 	strvs	r6, [pc, -r8, ror #12]!
     1f8:	672e6363 	strvs	r6, [lr, -r3, ror #6]!
     1fc:	6c7e7469 	cfldrdvs	mvd7, [lr], #-420	; 0xfffffe5c
     200:	72616e69 	rsbvc	r6, r1, #1680	; 0x690
     204:	2e372d6f 	cdpcs	13, 3, cr2, cr7, cr15, {3}
     208:	30322d35 	eorscc	r2, r2, r5, lsr sp
     20c:	312e3931 			; <UNDEFINED> instruction: 0x312e3931
     210:	74732d32 	ldrbtvc	r2, [r3], #-3378	; 0xfffff2ce
     214:	32656761 	rsbcc	r6, r5, #25427968	; 0x1840000
     218:	6d72612f 	ldfvse	f6, [r2, #-188]!	; 0xffffff44
     21c:	6e696c2d 	cdpvs	12, 6, cr6, cr9, cr13, {1}
     220:	672d7875 			; <UNDEFINED> instruction: 0x672d7875
     224:	6165756e 	cmnvs	r5, lr, ror #10
     228:	66686962 	strbtvs	r6, [r8], -r2, ror #18
     22c:	62696c2f 	rsbvs	r6, r9, #12032	; 0x2f00
     230:	00636367 	rsbeq	r6, r3, r7, ror #6
     234:	45534142 	ldrbmi	r4, [r3, #-322]	; 0xfffffebe
     238:	4352415f 	cmpmi	r2, #-1073741801	; 0xc0000017
     23c:	00375f48 	eorseq	r5, r7, r8, asr #30
     240:	47524154 			; <UNDEFINED> instruction: 0x47524154
     244:	435f5445 	cmpmi	pc, #1157627904	; 0x45000000
     248:	785f5550 	ldmdavc	pc, {r4, r6, r8, sl, ip, lr}^	; <UNPREDICTABLE>
     24c:	6c616373 	stclvs	3, cr6, [r1], #-460	; 0xfffffe34
     250:	41540065 	cmpmi	r4, r5, rrx
     254:	54454752 	strbpl	r4, [r5], #-1874	; 0xfffff8ae
     258:	5550435f 	ldrbpl	r4, [r0, #-863]	; 0xfffffca1
     25c:	6d72615f 	ldfvse	f6, [r2, #-380]!	; 0xfffffe84
     260:	65363439 	ldrvs	r3, [r6, #-1081]!	; 0xfffffbc7
     264:	495f0073 	ldmdbmi	pc, {r0, r1, r4, r5, r6}^	; <UNPREDICTABLE>
     268:	72775f4f 	rsbsvc	r5, r7, #316	; 0x13c
     26c:	5f657469 	svcpl	0x00657469
     270:	00646e65 	rsbeq	r6, r4, r5, ror #28
     274:	47524154 			; <UNDEFINED> instruction: 0x47524154
     278:	435f5445 	cmpmi	pc, #1157627904	; 0x45000000
     27c:	635f5550 	cmpvs	pc, #80, 10	; 0x14000000
     280:	6574726f 	ldrbvs	r7, [r4, #-623]!	; 0xfffffd91
     284:	33336d78 	teqcc	r3, #120, 26	; 0x1e00
     288:	74656700 	strbtvc	r6, [r5], #-1792	; 0xfffff900
     28c:	65746164 	ldrbvs	r6, [r4, #-356]!	; 0xfffffe9c
     290:	7272655f 	rsbsvc	r6, r2, #398458880	; 0x17c00000
     294:	49535500 	ldmdbmi	r3, {r8, sl, ip, lr}^
     298:	65707974 	ldrbvs	r7, [r0, #-2420]!	; 0xfffff68c
     29c:	6c665f00 	stclvs	15, cr5, [r6], #-0
     2a0:	00736761 	rsbseq	r6, r3, r1, ror #14
     2a4:	5f617369 	svcpl	0x00617369
     2a8:	69626f6e 	stmdbvs	r2!, {r1, r2, r3, r5, r6, r8, r9, sl, fp, sp, lr}^
     2ac:	41540074 	cmpmi	r4, r4, ror r0
     2b0:	54454752 	strbpl	r4, [r5], #-1874	; 0xfffff8ae
     2b4:	5550435f 	ldrbpl	r4, [r0, #-863]	; 0xfffffca1
     2b8:	6d72615f 	ldfvse	f6, [r2, #-380]!	; 0xfffffe84
     2bc:	36373131 			; <UNDEFINED> instruction: 0x36373131
     2c0:	73667a6a 	cmnvc	r6, #434176	; 0x6a000
     2c4:	4d524100 	ldfmie	f4, [r2, #-0]
     2c8:	5343505f 	movtpl	r5, #12383	; 0x305f
     2cc:	4b4e555f 	blmi	1395850 <shift+0x1395850>
     2d0:	4e574f4e 	cdpmi	15, 5, cr4, cr7, cr14, {2}
     2d4:	6c665f00 	stclvs	15, cr5, [r6], #-0
     2d8:	32736761 	rsbscc	r6, r3, #25427968	; 0x1840000
     2dc:	52415400 	subpl	r5, r1, #0, 8
     2e0:	5f544547 	svcpl	0x00544547
     2e4:	5f555043 	svcpl	0x00555043
     2e8:	396d7261 	stmdbcc	sp!, {r0, r5, r6, r9, ip, sp, lr}^
     2ec:	41420065 	cmpmi	r2, r5, rrx
     2f0:	415f4553 	cmpmi	pc, r3, asr r5	; <UNPREDICTABLE>
     2f4:	5f484352 	svcpl	0x00484352
     2f8:	4a455435 	bmi	11553d4 <shift+0x11553d4>
     2fc:	61736900 	cmnvs	r3, r0, lsl #18
     300:	7469625f 	strbtvc	r6, [r9], #-607	; 0xfffffda1
     304:	4d52415f 	ldfmie	f4, [r2, #-380]	; 0xfffffe84
     308:	006b3676 	rsbeq	r3, fp, r6, ror r6
     30c:	5f6d7261 	svcpl	0x006d7261
     310:	73666363 	cmnvc	r6, #-1946157055	; 0x8c000001
     314:	74735f6d 	ldrbtvc	r5, [r3], #-3949	; 0xfffff093
     318:	00657461 	rsbeq	r7, r5, r1, ror #8
     31c:	70736e75 	rsbsvc	r6, r3, r5, ror lr
     320:	735f6365 	cmpvc	pc, #-1811939327	; 0x94000001
     324:	6e697274 	mcrvs	2, 3, r7, cr9, cr4, {3}
     328:	5f007367 	svcpl	0x00007367
     32c:	5f737973 	svcpl	0x00737973
     330:	7272656e 	rsbsvc	r6, r2, #461373440	; 0x1b800000
     334:	635f5f00 	cmpvs	pc, #0, 30
     338:	745f7a6c 	ldrbvc	r7, [pc], #-2668	; 340 <shift+0x340>
     33c:	41006261 	tstmi	r0, r1, ror #4
     340:	565f4d52 			; <UNDEFINED> instruction: 0x565f4d52
     344:	72610043 	rsbvc	r0, r1, #67	; 0x43
     348:	72615f6d 	rsbvc	r5, r1, #436	; 0x1b4
     34c:	785f6863 	ldmdavc	pc, {r0, r1, r5, r6, fp, sp, lr}^	; <UNPREDICTABLE>
     350:	6c616373 	stclvs	3, cr6, [r1], #-460	; 0xfffffe34
     354:	52410065 	subpl	r0, r1, #101	; 0x65
     358:	454c5f4d 	strbmi	r5, [ip, #-3917]	; 0xfffff0b3
     35c:	4d524100 	ldfmie	f4, [r2, #-0]
     360:	0053565f 	subseq	r5, r3, pc, asr r6
     364:	5f4d5241 	svcpl	0x004d5241
     368:	61004547 	tstvs	r0, r7, asr #10
     36c:	745f6d72 	ldrbvc	r6, [pc], #-3442	; 374 <shift+0x374>
     370:	5f656e75 	svcpl	0x00656e75
     374:	6f727473 	svcvs	0x00727473
     378:	7261676e 	rsbvc	r6, r1, #28835840	; 0x1b80000
     37c:	7369006d 	cmnvc	r9, #109	; 0x6d
     380:	75715f61 	ldrbvc	r5, [r1, #-3937]!	; 0xfffff09f
     384:	5f6b7269 	svcpl	0x006b7269
     388:	5f336d63 	svcpl	0x00336d63
     38c:	6472646c 	ldrbtvs	r6, [r2], #-1132	; 0xfffffb94
     390:	6d6f6300 	stclvs	3, cr6, [pc, #-0]	; 398 <shift+0x398>
     394:	78656c70 	stmdavc	r5!, {r4, r5, r6, sl, fp, sp, lr}^
     398:	6f6c6620 	svcvs	0x006c6620
     39c:	69007461 	stmdbvs	r0, {r0, r5, r6, sl, ip, sp, lr}
     3a0:	625f6173 	subsvs	r6, pc, #-1073741796	; 0xc000001c
     3a4:	635f7469 	cmpvs	pc, #1761607680	; 0x69000000
     3a8:	0065736d 	rsbeq	r7, r5, sp, ror #6
     3ac:	47524154 			; <UNDEFINED> instruction: 0x47524154
     3b0:	435f5445 	cmpmi	pc, #1157627904	; 0x45000000
     3b4:	635f5550 	cmpvs	pc, #80, 10	; 0x14000000
     3b8:	6574726f 	ldrbvs	r7, [r4, #-623]!	; 0xfffffd91
     3bc:	35316178 	ldrcc	r6, [r1, #-376]!	; 0xfffffe88
     3c0:	49515500 	ldmdbmi	r1, {r8, sl, ip, lr}^
     3c4:	65707974 	ldrbvs	r7, [r0, #-2420]!	; 0xfffff68c
     3c8:	52415400 	subpl	r5, r1, #0, 8
     3cc:	5f544547 	svcpl	0x00544547
     3d0:	5f555043 	svcpl	0x00555043
     3d4:	32376166 	eorscc	r6, r7, #-2147483623	; 0x80000019
     3d8:	00657436 	rsbeq	r7, r5, r6, lsr r4
     3dc:	47524154 			; <UNDEFINED> instruction: 0x47524154
     3e0:	435f5445 	cmpmi	pc, #1157627904	; 0x45000000
     3e4:	635f5550 	cmpvs	pc, #80, 10	; 0x14000000
     3e8:	6574726f 	ldrbvs	r7, [r4, #-623]!	; 0xfffffd91
     3ec:	37316178 			; <UNDEFINED> instruction: 0x37316178
     3f0:	4d524100 	ldfmie	f4, [r2, #-0]
     3f4:	0054475f 	subseq	r4, r4, pc, asr r7
     3f8:	5f4d5241 	svcpl	0x004d5241
     3fc:	6900544c 	stmdbvs	r0, {r2, r3, r6, sl, ip, lr}
     400:	625f6173 	subsvs	r6, pc, #-1073741796	; 0xc000001c
     404:	665f7469 	ldrbvs	r7, [pc], -r9, ror #8
     408:	63363170 	teqvs	r6, #112, 2
     40c:	00766e6f 	rsbseq	r6, r6, pc, ror #28
     410:	69745f5f 	ldmdbvs	r4!, {r0, r1, r2, r3, r4, r6, r8, r9, sl, fp, ip, lr}^
     414:	6f7a656d 	svcvs	0x007a656d
     418:	5400656e 	strpl	r6, [r0], #-1390	; 0xfffffa92
     41c:	45475241 	strbmi	r5, [r7, #-577]	; 0xfffffdbf
     420:	50435f54 	subpl	r5, r3, r4, asr pc
     424:	6f635f55 	svcvs	0x00635f55
     428:	78657472 	stmdavc	r5!, {r1, r4, r5, r6, sl, ip, sp, lr}^
     42c:	00663472 	rsbeq	r3, r6, r2, ror r4
     430:	47524154 			; <UNDEFINED> instruction: 0x47524154
     434:	435f5445 	cmpmi	pc, #1157627904	; 0x45000000
     438:	615f5550 	cmpvs	pc, r0, asr r5	; <UNPREDICTABLE>
     43c:	32396d72 	eorscc	r6, r9, #7296	; 0x1c80
     440:	41420030 	cmpmi	r2, r0, lsr r0
     444:	415f4553 	cmpmi	pc, r3, asr r5	; <UNPREDICTABLE>
     448:	5f484352 	svcpl	0x00484352
     44c:	004d4537 	subeq	r4, sp, r7, lsr r5
     450:	47524154 			; <UNDEFINED> instruction: 0x47524154
     454:	435f5445 	cmpmi	pc, #1157627904	; 0x45000000
     458:	635f5550 	cmpvs	pc, #80, 10	; 0x14000000
     45c:	6574726f 	ldrbvs	r7, [r4, #-623]!	; 0xfffffd91
     460:	32316178 	eorscc	r6, r1, #120, 2
     464:	745f5f00 	ldrbvc	r5, [pc], #-3840	; 46c <shift+0x46c>
     468:	6d616e7a 	stclvs	14, cr6, [r1, #-488]!	; 0xfffffe18
     46c:	61680065 	cmnvs	r8, r5, rrx
     470:	61766873 	cmnvs	r6, r3, ror r8
     474:	00745f6c 	rsbseq	r5, r4, ip, ror #30
     478:	5f4f495f 	svcpl	0x004f495f
     47c:	5f315f32 	svcpl	0x00315f32
     480:	69647473 	stmdbvs	r4!, {r0, r1, r4, r5, r6, sl, ip, sp, lr}^
     484:	42005f6e 	andmi	r5, r0, #440	; 0x1b8
     488:	5f455341 	svcpl	0x00455341
     48c:	48435241 	stmdami	r3, {r0, r6, r9, ip, lr}^
     490:	5a4b365f 	bpl	12cde14 <shift+0x12cde14>
     494:	61736900 	cmnvs	r3, r0, lsl #18
     498:	7469625f 	strbtvc	r6, [r9], #-607	; 0xfffffda1
     49c:	72610073 	rsbvc	r0, r1, #115	; 0x73
     4a0:	72615f6d 	rsbvc	r5, r1, #436	; 0x1b4
     4a4:	615f6863 	cmpvs	pc, r3, ror #16
     4a8:	685f6d72 	ldmdavs	pc, {r1, r4, r5, r6, r8, sl, fp, sp, lr}^	; <UNPREDICTABLE>
     4ac:	76696477 			; <UNDEFINED> instruction: 0x76696477
     4b0:	6f705f00 	svcvs	0x00705f00
     4b4:	72610073 	rsbvc	r0, r1, #115	; 0x73
     4b8:	70665f6d 	rsbvc	r5, r6, sp, ror #30
     4bc:	65645f75 	strbvs	r5, [r4, #-3957]!	; 0xfffff08b
     4c0:	73006373 	movwvc	r6, #883	; 0x373
     4c4:	756f6474 	strbvc	r6, [pc, #-1140]!	; 58 <shift+0x58>
     4c8:	73690074 	cmnvc	r9, #116	; 0x74
     4cc:	69625f61 	stmdbvs	r2!, {r0, r5, r6, r8, r9, sl, fp, ip, lr}^
     4d0:	70665f74 	rsbvc	r5, r6, r4, ror pc
     4d4:	5f003631 	svcpl	0x00003631
     4d8:	735f4f49 	cmpvc	pc, #292	; 0x124
     4dc:	5f657661 	svcpl	0x00657661
     4e0:	00646e65 	rsbeq	r6, r4, r5, ror #28
     4e4:	5f4d5241 	svcpl	0x004d5241
     4e8:	54004948 	strpl	r4, [r0], #-2376	; 0xfffff6b8
     4ec:	45475241 	strbmi	r5, [r7, #-577]	; 0xfffffdbf
     4f0:	50435f54 	subpl	r5, r3, r4, asr pc
     4f4:	72615f55 	rsbvc	r5, r1, #340	; 0x154
     4f8:	5400326d 	strpl	r3, [r0], #-621	; 0xfffffd93
     4fc:	45475241 	strbmi	r5, [r7, #-577]	; 0xfffffdbf
     500:	50435f54 	subpl	r5, r3, r4, asr pc
     504:	72615f55 	rsbvc	r5, r1, #340	; 0x154
     508:	5400336d 	strpl	r3, [r0], #-877	; 0xfffffc93
     50c:	45475241 	strbmi	r5, [r7, #-577]	; 0xfffffdbf
     510:	50435f54 	subpl	r5, r3, r4, asr pc
     514:	72615f55 	rsbvc	r5, r1, #340	; 0x154
     518:	3031376d 	eorscc	r3, r1, sp, ror #14
     51c:	41540030 	cmpmi	r4, r0, lsr r0
     520:	54454752 	strbpl	r4, [r5], #-1874	; 0xfffff8ae
     524:	5550435f 	ldrbpl	r4, [r0, #-863]	; 0xfffffca1
     528:	6d72615f 	ldfvse	f6, [r2, #-380]!	; 0xfffffe84
     52c:	41540036 	cmpmi	r4, r6, lsr r0
     530:	54454752 	strbpl	r4, [r5], #-1874	; 0xfffff8ae
     534:	5550435f 	ldrbpl	r4, [r0, #-863]	; 0xfffffca1
     538:	6d72615f 	ldfvse	f6, [r2, #-380]!	; 0xfffffe84
     53c:	41540037 	cmpmi	r4, r7, lsr r0
     540:	54454752 	strbpl	r4, [r5], #-1874	; 0xfffff8ae
     544:	5550435f 	ldrbpl	r4, [r0, #-863]	; 0xfffffca1
     548:	6d72615f 	ldfvse	f6, [r2, #-380]!	; 0xfffffe84
     54c:	41540038 	cmpmi	r4, r8, lsr r0
     550:	54454752 	strbpl	r4, [r5], #-1874	; 0xfffff8ae
     554:	5550435f 	ldrbpl	r4, [r0, #-863]	; 0xfffffca1
     558:	6d72615f 	ldfvse	f6, [r2, #-380]!	; 0xfffffe84
     55c:	6f6c0039 	svcvs	0x006c0039
     560:	6c20676e 	stcvs	7, cr6, [r0], #-440	; 0xfffffe48
     564:	20676e6f 	rsbcs	r6, r7, pc, ror #28
     568:	69736e75 	ldmdbvs	r3!, {r0, r2, r4, r5, r6, r9, sl, fp, sp, lr}^
     56c:	64656e67 	strbtvs	r6, [r5], #-3687	; 0xfffff199
     570:	746e6920 	strbtvc	r6, [lr], #-2336	; 0xfffff6e0
     574:	52415400 	subpl	r5, r1, #0, 8
     578:	5f544547 	svcpl	0x00544547
     57c:	5f555043 	svcpl	0x00555043
     580:	32366166 	eorscc	r6, r6, #-2147483623	; 0x80000019
     584:	41420036 	cmpmi	r2, r6, lsr r0
     588:	415f4553 	cmpmi	pc, r3, asr r5	; <UNPREDICTABLE>
     58c:	5f484352 	svcpl	0x00484352
     590:	69004d33 	stmdbvs	r0, {r0, r1, r4, r5, r8, sl, fp, lr}
     594:	715f6173 	cmpvc	pc, r3, ror r1	; <UNPREDICTABLE>
     598:	6b726975 	blvs	1c9ab74 <shift+0x1c9ab74>
     59c:	5f6f6e5f 	svcpl	0x006f6e5f
     5a0:	616c6f76 	smcvs	50934	; 0xc6f6
     5a4:	656c6974 	strbvs	r6, [ip, #-2420]!	; 0xfffff68c
     5a8:	0065635f 	rsbeq	r6, r5, pc, asr r3
     5ac:	5f4f495f 	svcpl	0x004f495f
     5b0:	454c4946 	strbmi	r4, [ip, #-2374]	; 0xfffff6ba
     5b4:	61736900 	cmnvs	r3, r0, lsl #18
     5b8:	6e75745f 	mrcvs	4, 3, r7, cr5, cr15, {2}
     5bc:	74735f65 	ldrbtvc	r5, [r3], #-3941	; 0xfffff09b
     5c0:	676e6f72 			; <UNDEFINED> instruction: 0x676e6f72
     5c4:	6d726100 	ldfvse	f6, [r2, #-0]
     5c8:	6372615f 	cmnvs	r2, #-1073741801	; 0xc0000017
     5cc:	6d635f68 	stclvs	15, cr5, [r3, #-416]!	; 0xfffffe60
     5d0:	54006573 	strpl	r6, [r0], #-1395	; 0xfffffa8d
     5d4:	45475241 	strbmi	r5, [r7, #-577]	; 0xfffffdbf
     5d8:	50435f54 	subpl	r5, r3, r4, asr pc
     5dc:	72615f55 	rsbvc	r5, r1, #340	; 0x154
     5e0:	3031366d 	eorscc	r3, r1, sp, ror #12
     5e4:	52415400 	subpl	r5, r1, #0, 8
     5e8:	5f544547 	svcpl	0x00544547
     5ec:	5f555043 	svcpl	0x00555043
     5f0:	316d7261 	cmncc	sp, r1, ror #4
     5f4:	54006530 	strpl	r6, [r0], #-1328	; 0xfffffad0
     5f8:	45475241 	strbmi	r5, [r7, #-577]	; 0xfffffdbf
     5fc:	50435f54 	subpl	r5, r3, r4, asr pc
     600:	72615f55 	rsbvc	r5, r1, #340	; 0x154
     604:	3035376d 	eorscc	r3, r5, sp, ror #14
     608:	00656630 	rsbeq	r6, r5, r0, lsr r6
     60c:	47524154 			; <UNDEFINED> instruction: 0x47524154
     610:	435f5445 	cmpmi	pc, #1157627904	; 0x45000000
     614:	615f5550 	cmpvs	pc, r0, asr r5	; <UNPREDICTABLE>
     618:	31376d72 	teqcc	r7, r2, ror sp
     61c:	61006330 	tstvs	r0, r0, lsr r3
     620:	635f6d72 	cmpvs	pc, #7296	; 0x1c80
     624:	5f646e6f 	svcpl	0x00646e6f
     628:	65646f63 	strbvs	r6, [r4, #-3939]!	; 0xfffff09d
     62c:	4d524100 	ldfmie	f4, [r2, #-0]
     630:	5343505f 	movtpl	r5, #12383	; 0x305f
     634:	5041415f 	subpl	r4, r1, pc, asr r1
     638:	5f005343 	svcpl	0x00005343
     63c:	625f4f49 	subsvs	r4, pc, #292	; 0x124
     640:	756b6361 	strbvc	r6, [fp, #-865]!	; 0xfffffc9f
     644:	61625f70 	smcvs	9712	; 0x25f0
     648:	41006573 	tstmi	r0, r3, ror r5
     64c:	505f4d52 	subspl	r4, pc, r2, asr sp	; <UNPREDICTABLE>
     650:	415f5343 	cmpmi	pc, r3, asr #6
     654:	53435041 	movtpl	r5, #12353	; 0x3041
     658:	434f4c5f 	movtmi	r4, #64607	; 0xfc5f
     65c:	54004c41 	strpl	r4, [r0], #-3137	; 0xfffff3bf
     660:	45475241 	strbmi	r5, [r7, #-577]	; 0xfffffdbf
     664:	50435f54 	subpl	r5, r3, r4, asr pc
     668:	6f635f55 	svcvs	0x00635f55
     66c:	78657472 	stmdavc	r5!, {r1, r4, r5, r6, sl, ip, sp, lr}^
     670:	63373161 	teqvs	r7, #1073741848	; 0x40000018
     674:	6574726f 	ldrbvs	r7, [r4, #-623]!	; 0xfffffd91
     678:	00376178 	eorseq	r6, r7, r8, ror r1
     67c:	47524154 			; <UNDEFINED> instruction: 0x47524154
     680:	435f5445 	cmpmi	pc, #1157627904	; 0x45000000
     684:	615f5550 	cmpvs	pc, r0, asr r5	; <UNPREDICTABLE>
     688:	31376d72 	teqcc	r7, r2, ror sp
     68c:	70007430 	andvc	r7, r0, r0, lsr r4
     690:	72676f72 	rsbvc	r6, r7, #456	; 0x1c8
     694:	695f6d61 	ldmdbvs	pc, {r0, r5, r6, r8, sl, fp, sp, lr}^	; <UNPREDICTABLE>
     698:	636f766e 	cmnvs	pc, #115343360	; 0x6e00000
     69c:	6f697461 	svcvs	0x00697461
     6a0:	616e5f6e 	cmnvs	lr, lr, ror #30
     6a4:	6100656d 	tstvs	r0, sp, ror #10
     6a8:	615f6d72 	cmpvs	pc, r2, ror sp	; <UNPREDICTABLE>
     6ac:	5f686372 	svcpl	0x00686372
     6b0:	6d6d7769 	stclvs	7, cr7, [sp, #-420]!	; 0xfffffe5c
     6b4:	00327478 	eorseq	r7, r2, r8, ror r4
     6b8:	6c69665f 	stclvs	6, cr6, [r9], #-380	; 0xfffffe84
     6bc:	006f6e65 	rsbeq	r6, pc, r5, ror #28
     6c0:	61705f5f 	cmnvs	r0, pc, asr pc
     6c4:	69003164 	stmdbvs	r0, {r2, r5, r6, r8, ip, sp}
     6c8:	6e5f6173 	mrcvs	1, 2, r6, cr15, cr3, {3}
     6cc:	625f6d75 	subsvs	r6, pc, #7488	; 0x1d40
     6d0:	00737469 	rsbseq	r7, r3, r9, ror #8
     6d4:	47524154 			; <UNDEFINED> instruction: 0x47524154
     6d8:	435f5445 	cmpmi	pc, #1157627904	; 0x45000000
     6dc:	635f5550 	cmpvs	pc, #80, 10	; 0x14000000
     6e0:	6574726f 	ldrbvs	r7, [r4, #-623]!	; 0xfffffd91
     6e4:	70306d78 	eorsvc	r6, r0, r8, ror sp
     6e8:	7373756c 	cmnvc	r3, #108, 10	; 0x1b000000
     6ec:	6c6c616d 	stfvse	f6, [ip], #-436	; 0xfffffe4c
     6f0:	746c756d 	strbtvc	r7, [ip], #-1389	; 0xfffffa93
     6f4:	796c7069 	stmdbvc	ip!, {r0, r3, r5, r6, ip, sp, lr}^
     6f8:	52415400 	subpl	r5, r1, #0, 8
     6fc:	5f544547 	svcpl	0x00544547
     700:	5f555043 	svcpl	0x00555043
     704:	6e797865 	cdpvs	8, 7, cr7, cr9, cr5, {3}
     708:	316d736f 	cmncc	sp, pc, ror #6
     70c:	6b616d00 	blvs	185bb14 <shift+0x185bb14>
     710:	5f676e69 	svcpl	0x00676e69
     714:	736e6f63 	cmnvc	lr, #396	; 0x18c
     718:	61745f74 	cmnvs	r4, r4, ror pc
     71c:	00656c62 	rsbeq	r6, r5, r2, ror #24
     720:	5f617369 	svcpl	0x00617369
     724:	5f746962 	svcpl	0x00746962
     728:	76696474 			; <UNDEFINED> instruction: 0x76696474
     72c:	65727000 	ldrbvs	r7, [r2, #-0]!
     730:	5f726566 	svcpl	0x00726566
     734:	6e6f656e 	cdpvs	5, 6, cr6, cr15, cr14, {3}
     738:	726f665f 	rsbvc	r6, pc, #99614720	; 0x5f00000
     73c:	6234365f 	eorsvs	r3, r4, #99614720	; 0x5f00000
     740:	00737469 	rsbseq	r7, r3, r9, ror #8
     744:	47524154 			; <UNDEFINED> instruction: 0x47524154
     748:	435f5445 	cmpmi	pc, #1157627904	; 0x45000000
     74c:	635f5550 	cmpvs	pc, #80, 10	; 0x14000000
     750:	6574726f 	ldrbvs	r7, [r4, #-623]!	; 0xfffffd91
     754:	32336178 	eorscc	r6, r3, #120, 2
     758:	7a697300 	bvc	1a5d360 <shift+0x1a5d360>
     75c:	00745f65 	rsbseq	r5, r4, r5, ror #30
     760:	47524154 			; <UNDEFINED> instruction: 0x47524154
     764:	435f5445 	cmpmi	pc, #1157627904	; 0x45000000
     768:	615f5550 	cmpvs	pc, r0, asr r5	; <UNPREDICTABLE>
     76c:	32366d72 	eorscc	r6, r6, #7296	; 0x1c80
     770:	6d5f0030 	ldclvs	0, cr0, [pc, #-192]	; 6b8 <shift+0x6b8>
     774:	656b7261 	strbvs	r7, [fp, #-609]!	; 0xfffffd9f
     778:	75007372 	strvc	r7, [r0, #-882]	; 0xfffffc8e
     77c:	6570736e 	ldrbvs	r7, [r0, #-878]!	; 0xfffffc92
     780:	735f7663 	cmpvc	pc, #103809024	; 0x6300000
     784:	6e697274 	mcrvs	2, 3, r7, cr9, cr4, {3}
     788:	5f007367 	svcpl	0x00007367
     78c:	725f4f49 	subsvc	r4, pc, #292	; 0x124
     790:	5f646165 	svcpl	0x00646165
     794:	65736162 	ldrbvs	r6, [r3, #-354]!	; 0xfffffe9e
     798:	75635f00 	strbvc	r5, [r3, #-3840]!	; 0xfffff100
     79c:	6f635f72 	svcvs	0x00635f72
     7a0:	6e6d756c 	cdpvs	5, 6, cr7, cr13, cr12, {3}
     7a4:	554e4700 	strbpl	r4, [lr, #-1792]	; 0xfffff900
     7a8:	31314320 	teqcc	r1, r0, lsr #6
     7ac:	352e3720 	strcc	r3, [lr, #-1824]!	; 0xfffff8e0
     7b0:	2d20302e 	stccs	0, cr3, [r0, #-184]!	; 0xffffff48
     7b4:	6372616d 	cmnvs	r2, #1073741851	; 0x4000001b
     7b8:	72613d68 	rsbvc	r3, r1, #104, 26	; 0x1a00
     7bc:	2d37766d 	ldccs	6, cr7, [r7, #-436]!	; 0xfffffe4c
     7c0:	6d2d2061 	stcvs	0, cr2, [sp, #-388]!	; 0xfffffe7c
     7c4:	656e7574 	strbvs	r7, [lr, #-1396]!	; 0xfffffa8c
     7c8:	726f633d 	rsbvc	r6, pc, #-201326592	; 0xf4000000
     7cc:	2d786574 	cfldr64cs	mvdx6, [r8, #-464]!	; 0xfffffe30
     7d0:	2d203961 			; <UNDEFINED> instruction: 0x2d203961
     7d4:	6f6c666d 	svcvs	0x006c666d
     7d8:	612d7461 			; <UNDEFINED> instruction: 0x612d7461
     7dc:	683d6962 	ldmdavs	sp!, {r1, r5, r6, r8, fp, sp, lr}
     7e0:	20647261 	rsbcs	r7, r4, r1, ror #4
     7e4:	70666d2d 	rsbvc	r6, r6, sp, lsr #26
     7e8:	66763d75 			; <UNDEFINED> instruction: 0x66763d75
     7ec:	2d337670 	ldccs	6, cr7, [r3, #-448]!	; 0xfffffe40
     7f0:	20363164 	eorscs	r3, r6, r4, ror #2
     7f4:	68746d2d 	ldmdavs	r4!, {r0, r2, r3, r5, r8, sl, fp, sp, lr}^
     7f8:	20626d75 	rsbcs	r6, r2, r5, ror sp
     7fc:	6c746d2d 	ldclvs	13, cr6, [r4], #-180	; 0xffffff4c
     800:	69642d73 	stmdbvs	r4!, {r0, r1, r4, r5, r6, r8, sl, fp, sp}^
     804:	63656c61 	cmnvs	r5, #24832	; 0x6100
     808:	6e673d74 	mcrvs	13, 3, r3, cr7, cr4, {3}
     80c:	672d2075 			; <UNDEFINED> instruction: 0x672d2075
     810:	20672d20 	rsbcs	r2, r7, r0, lsr #26
     814:	2d20672d 	stccs	7, cr6, [r0, #-180]!	; 0xffffff4c
     818:	2d20324f 	sfmcs	f3, 4, [r0, #-316]!	; 0xfffffec4
     81c:	2d20324f 	sfmcs	f3, 4, [r0, #-316]!	; 0xfffffec4
     820:	2d20324f 	sfmcs	f3, 4, [r0, #-316]!	; 0xfffffec4
     824:	69756266 	ldmdbvs	r5!, {r1, r2, r5, r6, r9, sp, lr}^
     828:	6e69646c 	cdpvs	4, 6, cr6, cr9, cr12, {3}
     82c:	696c2d67 	stmdbvs	ip!, {r0, r1, r2, r5, r6, r8, sl, fp, sp}^
     830:	63636762 	cmnvs	r3, #25690112	; 0x1880000
     834:	6e662d20 	cdpvs	13, 6, cr2, cr6, cr0, {1}
     838:	74732d6f 	ldrbtvc	r2, [r3], #-3439	; 0xfffff291
     83c:	2d6b6361 	stclcs	3, cr6, [fp, #-388]!	; 0xfffffe7c
     840:	746f7270 	strbtvc	r7, [pc], #-624	; 848 <shift+0x848>
     844:	6f746365 	svcvs	0x00746365
     848:	662d2072 			; <UNDEFINED> instruction: 0x662d2072
     84c:	20434950 	subcs	r4, r3, r0, asr r9
     850:	6f6e662d 	svcvs	0x006e662d
     854:	6c6e692d 			; <UNDEFINED> instruction: 0x6c6e692d
     858:	20656e69 	rsbcs	r6, r5, r9, ror #28
     85c:	7865662d 	stmdavc	r5!, {r0, r2, r3, r5, r9, sl, sp, lr}^
     860:	74706563 	ldrbtvc	r6, [r0], #-1379	; 0xfffffa9d
     864:	736e6f69 	cmnvc	lr, #420	; 0x1a4
     868:	76662d20 	strbtvc	r2, [r6], -r0, lsr #26
     86c:	62697369 	rsbvs	r7, r9, #-1543503871	; 0xa4000001
     870:	74696c69 	strbtvc	r6, [r9], #-3177	; 0xfffff397
     874:	69683d79 	stmdbvs	r8!, {r0, r3, r4, r5, r6, r8, sl, fp, ip, sp}^
     878:	6e656464 	cdpvs	4, 6, cr6, cr5, cr4, {3}
     87c:	52415400 	subpl	r5, r1, #0, 8
     880:	5f544547 	svcpl	0x00544547
     884:	5f555043 	svcpl	0x00555043
     888:	316d7261 	cmncc	sp, r1, ror #4
     88c:	65363230 	ldrvs	r3, [r6, #-560]!	; 0xfffffdd0
     890:	6100736a 	tstvs	r0, sl, ror #6
     894:	665f6c6c 	ldrbvs	r6, [pc], -ip, ror #24
     898:	00737570 	rsbseq	r7, r3, r0, ror r5
     89c:	5f6d7261 	svcpl	0x006d7261
     8a0:	68637261 	stmdavs	r3!, {r0, r5, r6, r9, ip, sp, lr}^
     8a4:	54006d33 	strpl	r6, [r0], #-3379	; 0xfffff2cd
     8a8:	45475241 	strbmi	r5, [r7, #-577]	; 0xfffffdbf
     8ac:	50435f54 	subpl	r5, r3, r4, asr pc
     8b0:	61665f55 	cmnvs	r6, r5, asr pc
     8b4:	74363036 	ldrtvc	r3, [r6], #-54	; 0xffffffca
     8b8:	74730065 	ldrbtvc	r0, [r3], #-101	; 0xffffff9b
     8bc:	006e6964 	rsbeq	r6, lr, r4, ror #18
     8c0:	47524154 			; <UNDEFINED> instruction: 0x47524154
     8c4:	435f5445 	cmpmi	pc, #1157627904	; 0x45000000
     8c8:	615f5550 	cmpvs	pc, r0, asr r5	; <UNPREDICTABLE>
     8cc:	32396d72 	eorscc	r6, r9, #7296	; 0x1c80
     8d0:	736a6536 	cmnvc	sl, #226492416	; 0xd800000
     8d4:	53414200 	movtpl	r4, #4608	; 0x1200
     8d8:	52415f45 	subpl	r5, r1, #276	; 0x114
     8dc:	345f4843 	ldrbcc	r4, [pc], #-2115	; 8e4 <shift+0x8e4>
     8e0:	73690054 	cmnvc	r9, #84	; 0x54
     8e4:	69625f61 	stmdbvs	r2!, {r0, r5, r6, r8, r9, sl, fp, ip, lr}^
     8e8:	72635f74 	rsbvc	r5, r3, #116, 30	; 0x1d0
     8ec:	6f747079 	svcvs	0x00747079
     8f0:	656e5f00 	strbvs	r5, [lr, #-3840]!	; 0xfffff100
     8f4:	61007478 	tstvs	r0, r8, ror r4
     8f8:	725f6d72 	subsvc	r6, pc, #7296	; 0x1c80
     8fc:	5f736765 	svcpl	0x00736765
     900:	735f6e69 	cmpvc	pc, #1680	; 0x690
     904:	65757165 	ldrbvs	r7, [r5, #-357]!	; 0xfffffe9b
     908:	0065636e 	rsbeq	r6, r5, lr, ror #6
     90c:	45534142 	ldrbmi	r4, [r3, #-322]	; 0xfffffebe
     910:	4352415f 	cmpmi	r2, #-1073741801	; 0xc0000017
     914:	54355f48 	ldrtpl	r5, [r5], #-3912	; 0xfffff0b8
     918:	495f0045 	ldmdbmi	pc, {r0, r2, r6}^	; <UNPREDICTABLE>
     91c:	616d5f4f 	cmnvs	sp, pc, asr #30
     920:	72656b72 	rsbvc	r6, r5, #116736	; 0x1c800
     924:	52415400 	subpl	r5, r1, #0, 8
     928:	5f544547 	svcpl	0x00544547
     92c:	5f555043 	svcpl	0x00555043
     930:	33397065 	teqcc	r9, #101	; 0x65
     934:	69003231 	stmdbvs	r0, {r0, r4, r5, r9, ip, sp}
     938:	665f6173 			; <UNDEFINED> instruction: 0x665f6173
     93c:	75746165 	ldrbvc	r6, [r4, #-357]!	; 0xfffffe9b
     940:	69006572 	stmdbvs	r0, {r1, r4, r5, r6, r8, sl, sp, lr}
     944:	625f6173 	subsvs	r6, pc, #-1073741796	; 0xc000001c
     948:	735f7469 	cmpvc	pc, #1761607680	; 0x69000000
     94c:	6c6c616d 	stfvse	f6, [ip], #-436	; 0xfffffe4c
     950:	006c756d 	rsbeq	r7, ip, sp, ror #10
     954:	5f617369 	svcpl	0x00617369
     958:	5f746962 	svcpl	0x00746962
     95c:	764d5241 	strbvc	r5, [sp], -r1, asr #4
     960:	00315f38 	eorseq	r5, r1, r8, lsr pc
     964:	5f617369 	svcpl	0x00617369
     968:	5f746962 	svcpl	0x00746962
     96c:	764d5241 	strbvc	r5, [sp], -r1, asr #4
     970:	00325f38 	eorseq	r5, r2, r8, lsr pc
     974:	5f6d7261 	svcpl	0x006d7261
     978:	676e616c 	strbvs	r6, [lr, -ip, ror #2]!
     97c:	74756f5f 	ldrbtvc	r6, [r5], #-3935	; 0xfffff0a1
     980:	5f747570 	svcpl	0x00747570
     984:	656a626f 	strbvs	r6, [sl, #-623]!	; 0xfffffd91
     988:	615f7463 	cmpvs	pc, r3, ror #8
     98c:	69727474 	ldmdbvs	r2!, {r2, r4, r5, r6, sl, ip, sp, lr}^
     990:	65747562 	ldrbvs	r7, [r4, #-1378]!	; 0xfffffa9e
     994:	6f685f73 	svcvs	0x00685f73
     998:	69006b6f 	stmdbvs	r0, {r0, r1, r2, r3, r5, r6, r8, r9, fp, sp, lr}
     99c:	625f6173 	subsvs	r6, pc, #-1073741796	; 0xc000001c
     9a0:	665f7469 	ldrbvs	r7, [pc], -r9, ror #8
     9a4:	33645f70 	cmncc	r4, #112, 30	; 0x1c0
     9a8:	52410032 	subpl	r0, r1, #50	; 0x32
     9ac:	454e5f4d 	strbmi	r5, [lr, #-3917]	; 0xfffff0b3
     9b0:	52415400 	subpl	r5, r1, #0, 8
     9b4:	5f544547 	svcpl	0x00544547
     9b8:	5f555043 	svcpl	0x00555043
     9bc:	316d7261 	cmncc	sp, r1, ror #4
     9c0:	6a363731 	bvs	d8e68c <shift+0xd8e68c>
     9c4:	4200737a 	andmi	r7, r0, #-402653183	; 0xe8000001
     9c8:	5f455341 	svcpl	0x00455341
     9cc:	48435241 	stmdami	r3, {r0, r6, r9, ip, lr}^
     9d0:	0045355f 	subeq	r3, r5, pc, asr r5
     9d4:	5f617369 	svcpl	0x00617369
     9d8:	5f746962 	svcpl	0x00746962
     9dc:	76696461 	strbtvc	r6, [r9], -r1, ror #8
     9e0:	4f495f00 	svcmi	0x00495f00
     9e4:	315f325f 	cmpcc	pc, pc, asr r2	; <UNPREDICTABLE>
     9e8:	6474735f 	ldrbtvs	r7, [r4], #-863	; 0xfffffca1
     9ec:	5f727265 	svcpl	0x00727265
     9f0:	6f727000 	svcvs	0x00727000
     9f4:	73736563 	cmnvc	r3, #415236096	; 0x18c00000
     9f8:	745f726f 	ldrbvc	r7, [pc], #-623	; a00 <shift+0xa00>
     9fc:	00657079 	rsbeq	r7, r5, r9, ror r0
     a00:	5f6d7261 	svcpl	0x006d7261
     a04:	00736370 	rsbseq	r6, r3, r0, ror r3
     a08:	646f6d5f 	strbtvs	r6, [pc], #-3423	; a10 <shift+0xa10>
     a0c:	72610065 	rsbvc	r0, r1, #101	; 0x65
     a10:	72615f6d 	rsbvc	r5, r1, #436	; 0x1b4
     a14:	74346863 	ldrtvc	r6, [r4], #-2147	; 0xfffff79d
     a18:	52415400 	subpl	r5, r1, #0, 8
     a1c:	5f544547 	svcpl	0x00544547
     a20:	5f555043 	svcpl	0x00555043
     a24:	74726f63 	ldrbtvc	r6, [r2], #-3939	; 0xfffff09d
     a28:	31617865 	cmncc	r1, r5, ror #16
     a2c:	726f6335 	rsbvc	r6, pc, #-738197504	; 0xd4000000
     a30:	61786574 	cmnvs	r8, r4, ror r5
     a34:	72610037 	rsbvc	r0, r1, #55	; 0x37
     a38:	75745f6d 	ldrbvc	r5, [r4, #-3949]!	; 0xfffff093
     a3c:	775f656e 	ldrbvc	r6, [pc, -lr, ror #10]
     a40:	00667562 	rsbeq	r7, r6, r2, ror #10
     a44:	62617468 	rsbvs	r7, r1, #104, 8	; 0x68000000
     a48:	7361685f 	cmnvc	r1, #6225920	; 0x5f0000
     a4c:	495f0068 	ldmdbmi	pc, {r3, r5, r6}^	; <UNPREDICTABLE>
     a50:	65725f4f 	ldrbvs	r5, [r2, #-3919]!	; 0xfffff0b1
     a54:	705f6461 	subsvc	r6, pc, r1, ror #8
     a58:	69007274 	stmdbvs	r0, {r2, r4, r5, r6, r9, ip, sp, lr}
     a5c:	625f6173 	subsvs	r6, pc, #-1073741796	; 0xc000001c
     a60:	415f7469 	cmpmi	pc, r9, ror #8
     a64:	37764d52 			; <UNDEFINED> instruction: 0x37764d52
     a68:	54006d65 	strpl	r6, [r0], #-3429	; 0xfffff29b
     a6c:	45475241 	strbmi	r5, [r7, #-577]	; 0xfffffdbf
     a70:	50435f54 	subpl	r5, r3, r4, asr pc
     a74:	6f635f55 	svcvs	0x00635f55
     a78:	78657472 	stmdavc	r5!, {r1, r4, r5, r6, sl, ip, sp, lr}^
     a7c:	5400306d 	strpl	r3, [r0], #-109	; 0xffffff93
     a80:	45475241 	strbmi	r5, [r7, #-577]	; 0xfffffdbf
     a84:	50435f54 	subpl	r5, r3, r4, asr pc
     a88:	6f635f55 	svcvs	0x00635f55
     a8c:	78657472 	stmdavc	r5!, {r1, r4, r5, r6, sl, ip, sp, lr}^
     a90:	5400316d 	strpl	r3, [r0], #-365	; 0xfffffe93
     a94:	45475241 	strbmi	r5, [r7, #-577]	; 0xfffffdbf
     a98:	50435f54 	subpl	r5, r3, r4, asr pc
     a9c:	6f635f55 	svcvs	0x00635f55
     aa0:	78657472 	stmdavc	r5!, {r1, r4, r5, r6, sl, ip, sp, lr}^
     aa4:	5400336d 	strpl	r3, [r0], #-877	; 0xfffffc93
     aa8:	45475241 	strbmi	r5, [r7, #-577]	; 0xfffffdbf
     aac:	50435f54 	subpl	r5, r3, r4, asr pc
     ab0:	6f635f55 	svcvs	0x00635f55
     ab4:	78657472 	stmdavc	r5!, {r1, r4, r5, r6, sl, ip, sp, lr}^
     ab8:	6100346d 	tstvs	r0, sp, ror #8
     abc:	615f6d72 	cmpvs	pc, r2, ror sp	; <UNPREDICTABLE>
     ac0:	5f686372 	svcpl	0x00686372
     ac4:	656d616e 	strbvs	r6, [sp, #-366]!	; 0xfffffe92
     ac8:	52415400 	subpl	r5, r1, #0, 8
     acc:	5f544547 	svcpl	0x00544547
     ad0:	5f555043 	svcpl	0x00555043
     ad4:	376d7261 	strbcc	r7, [sp, -r1, ror #4]!
     ad8:	696d6474 	stmdbvs	sp!, {r2, r4, r5, r6, sl, sp, lr}^
     adc:	52415400 	subpl	r5, r1, #0, 8
     ae0:	5f544547 	svcpl	0x00544547
     ae4:	5f555043 	svcpl	0x00555043
     ae8:	74726f63 	ldrbtvc	r6, [r2], #-3939	; 0xfffff09d
     aec:	376d7865 	strbcc	r7, [sp, -r5, ror #16]!
     af0:	52415400 	subpl	r5, r1, #0, 8
     af4:	5f544547 	svcpl	0x00544547
     af8:	5f555043 	svcpl	0x00555043
     afc:	74726f63 	ldrbtvc	r6, [r2], #-3939	; 0xfffff09d
     b00:	35617865 	strbcc	r7, [r1, #-2149]!	; 0xfffff79b
     b04:	41540033 	cmpmi	r4, r3, lsr r0
     b08:	54454752 	strbpl	r4, [r5], #-1874	; 0xfffff8ae
     b0c:	5550435f 	ldrbpl	r4, [r0, #-863]	; 0xfffffca1
     b10:	6d72615f 	ldfvse	f6, [r2, #-380]!	; 0xfffffe84
     b14:	696d6437 	stmdbvs	sp!, {r0, r1, r2, r4, r5, sl, sp, lr}^
     b18:	52415400 	subpl	r5, r1, #0, 8
     b1c:	5f544547 	svcpl	0x00544547
     b20:	5f555043 	svcpl	0x00555043
     b24:	6f63706d 	svcvs	0x0063706d
     b28:	54006572 	strpl	r6, [r0], #-1394	; 0xfffffa8e
     b2c:	45475241 	strbmi	r5, [r7, #-577]	; 0xfffffdbf
     b30:	50435f54 	subpl	r5, r3, r4, asr pc
     b34:	72615f55 	rsbvc	r5, r1, #340	; 0x154
     b38:	6f6e5f6d 	svcvs	0x006e5f6d
     b3c:	6100656e 	tstvs	r0, lr, ror #10
     b40:	615f6d72 	cmpvs	pc, r2, ror sp	; <UNPREDICTABLE>
     b44:	5f686372 	svcpl	0x00686372
     b48:	6d746f6e 	ldclvs	15, cr6, [r4, #-440]!	; 0xfffffe48
     b4c:	6d726100 	ldfvse	f6, [r2, #-0]
     b50:	6372615f 	cmnvs	r2, #-1073741801	; 0xc0000017
     b54:	00653568 	rsbeq	r3, r5, r8, ror #10
     b58:	47524154 			; <UNDEFINED> instruction: 0x47524154
     b5c:	435f5445 	cmpmi	pc, #1157627904	; 0x45000000
     b60:	615f5550 	cmpvs	pc, r0, asr r5	; <UNPREDICTABLE>
     b64:	30316d72 	eorscc	r6, r1, r2, ror sp
     b68:	00653032 	rsbeq	r3, r5, r2, lsr r0
     b6c:	45534142 	ldrbmi	r4, [r3, #-322]	; 0xfffffebe
     b70:	4352415f 	cmpmi	r2, #-1073741801	; 0xc0000017
     b74:	4a365f48 	bmi	d9889c <shift+0xd9889c>
     b78:	52415400 	subpl	r5, r1, #0, 8
     b7c:	5f544547 	svcpl	0x00544547
     b80:	5f555043 	svcpl	0x00555043
     b84:	396d7261 	stmdbcc	sp!, {r0, r5, r6, r9, ip, sp, lr}^
     b88:	73653836 	cmnvc	r5, #3538944	; 0x360000
     b8c:	52415400 	subpl	r5, r1, #0, 8
     b90:	5f544547 	svcpl	0x00544547
     b94:	5f555043 	svcpl	0x00555043
     b98:	376d7261 	strbcc	r7, [sp, -r1, ror #4]!
     b9c:	00743034 	rsbseq	r3, r4, r4, lsr r0
     ba0:	45534142 	ldrbmi	r4, [r3, #-322]	; 0xfffffebe
     ba4:	4352415f 	cmpmi	r2, #-1073741801	; 0xc0000017
     ba8:	4d365f48 	ldcmi	15, cr5, [r6, #-288]!	; 0xfffffee0
     bac:	61736900 	cmnvs	r3, r0, lsl #18
     bb0:	7469625f 	strbtvc	r6, [r9], #-607	; 0xfffffda1
     bb4:	6d77695f 			; <UNDEFINED> instruction: 0x6d77695f
     bb8:	0074786d 	rsbseq	r7, r4, sp, ror #16
     bbc:	47524154 			; <UNDEFINED> instruction: 0x47524154
     bc0:	435f5445 	cmpmi	pc, #1157627904	; 0x45000000
     bc4:	615f5550 	cmpvs	pc, r0, asr r5	; <UNPREDICTABLE>
     bc8:	31316d72 	teqcc	r1, r2, ror sp
     bcc:	666a3633 			; <UNDEFINED> instruction: 0x666a3633
     bd0:	52410073 	subpl	r0, r1, #115	; 0x73
     bd4:	534c5f4d 	movtpl	r5, #53069	; 0xcf4d
     bd8:	52415400 	subpl	r5, r1, #0, 8
     bdc:	5f544547 	svcpl	0x00544547
     be0:	5f555043 	svcpl	0x00555043
     be4:	316d7261 	cmncc	sp, r1, ror #4
     be8:	74303230 	ldrtvc	r3, [r0], #-560	; 0xfffffdd0
     bec:	4f495f00 	svcmi	0x00495f00
     bf0:	6972775f 	ldmdbvs	r2!, {r0, r1, r2, r3, r4, r6, r8, r9, sl, ip, sp, lr}^
     bf4:	625f6574 	subsvs	r6, pc, #116, 10	; 0x1d000000
     bf8:	00657361 	rsbeq	r7, r5, r1, ror #6
     bfc:	45534142 	ldrbmi	r4, [r3, #-322]	; 0xfffffebe
     c00:	4352415f 	cmpmi	r2, #-1073741801	; 0xc0000017
     c04:	5a365f48 	bpl	d9892c <shift+0xd9892c>
     c08:	4d524100 	ldfmie	f4, [r2, #-0]
     c0c:	5343505f 	movtpl	r5, #12383	; 0x305f
     c10:	5041415f 	subpl	r4, r1, pc, asr r1
     c14:	565f5343 	ldrbpl	r5, [pc], -r3, asr #6
     c18:	54005046 	strpl	r5, [r0], #-70	; 0xffffffba
     c1c:	45475241 	strbmi	r5, [r7, #-577]	; 0xfffffdbf
     c20:	50435f54 	subpl	r5, r3, r4, asr pc
     c24:	77695f55 			; <UNDEFINED> instruction: 0x77695f55
     c28:	74786d6d 	ldrbtvc	r6, [r8], #-3437	; 0xfffff293
     c2c:	73690032 	cmnvc	r9, #50	; 0x32
     c30:	69625f61 	stmdbvs	r2!, {r0, r5, r6, r8, r9, sl, fp, ip, lr}^
     c34:	656e5f74 	strbvs	r5, [lr, #-3956]!	; 0xfffff08c
     c38:	6c006e6f 	stcvs	14, cr6, [r0], {111}	; 0x6f
     c3c:	20676e6f 	rsbcs	r6, r7, pc, ror #28
     c40:	676e6f6c 	strbvs	r6, [lr, -ip, ror #30]!
     c44:	746e6920 	strbtvc	r6, [lr], #-2336	; 0xfffff6e0
     c48:	61736900 	cmnvs	r3, r0, lsl #18
     c4c:	7469625f 	strbtvc	r6, [r9], #-607	; 0xfffffda1
     c50:	7650465f 			; <UNDEFINED> instruction: 0x7650465f
     c54:	72610035 	rsbvc	r0, r1, #53	; 0x35
     c58:	70665f6d 	rsbvc	r5, r6, sp, ror #30
     c5c:	74615f75 	strbtvc	r5, [r1], #-3957	; 0xfffff08b
     c60:	5f007274 	svcpl	0x00007274
     c64:	325f4f49 	subscc	r4, pc, #292	; 0x124
     c68:	735f315f 	cmpvc	pc, #-1073741801	; 0xc0000017
     c6c:	756f6474 	strbvc	r6, [pc, #-1140]!	; 800 <shift+0x800>
     c70:	54005f74 	strpl	r5, [r0], #-3956	; 0xfffff08c
     c74:	45475241 	strbmi	r5, [r7, #-577]	; 0xfffffdbf
     c78:	50435f54 	subpl	r5, r3, r4, asr pc
     c7c:	61665f55 	cmnvs	r6, r5, asr pc
     c80:	74363236 	ldrtvc	r3, [r6], #-566	; 0xfffffdca
     c84:	73690065 	cmnvc	r9, #101	; 0x65
     c88:	75745f61 	ldrbvc	r5, [r4, #-3937]!	; 0xfffff09f
     c8c:	6c5f656e 	cfldr64vs	mvdx6, [pc], {110}	; 0x6e
     c90:	68637364 	stmdavs	r3!, {r2, r5, r6, r8, r9, ip, sp, lr}^
     c94:	54006465 	strpl	r6, [r0], #-1125	; 0xfffffb9b
     c98:	45475241 	strbmi	r5, [r7, #-577]	; 0xfffffdbf
     c9c:	50435f54 	subpl	r5, r3, r4, asr pc
     ca0:	616d5f55 	cmnvs	sp, r5, asr pc
     ca4:	6c657672 	stclvs	6, cr7, [r5], #-456	; 0xfffffe38
     ca8:	6a705f6c 	bvs	1c18a60 <shift+0x1c18a60>
     cac:	74680034 	strbtvc	r0, [r8], #-52	; 0xffffffcc
     cb0:	685f6261 	ldmdavs	pc, {r0, r5, r6, r9, sp, lr}^	; <UNPREDICTABLE>
     cb4:	5f687361 	svcpl	0x00687361
     cb8:	6e696f70 	mcrvs	15, 3, r6, cr9, cr0, {3}
     cbc:	00726574 	rsbseq	r6, r2, r4, ror r5
     cc0:	47524154 			; <UNDEFINED> instruction: 0x47524154
     cc4:	435f5445 	cmpmi	pc, #1157627904	; 0x45000000
     cc8:	635f5550 	cmpvs	pc, #80, 10	; 0x14000000
     ccc:	6574726f 	ldrbvs	r7, [r4, #-623]!	; 0xfffffd91
     cd0:	35336178 	ldrcc	r6, [r3, #-376]!	; 0xfffffe88
     cd4:	6d726100 	ldfvse	f6, [r2, #-0]
     cd8:	6e75745f 	mrcvs	4, 3, r7, cr5, cr15, {2}
     cdc:	6f635f65 	svcvs	0x00635f65
     ce0:	78657472 	stmdavc	r5!, {r1, r4, r5, r6, sl, ip, sp, lr}^
     ce4:	0039615f 	eorseq	r6, r9, pc, asr r1
     ce8:	5f617369 	svcpl	0x00617369
     cec:	5f746962 	svcpl	0x00746962
     cf0:	6d6d7769 	stclvs	7, cr7, [sp, #-420]!	; 0xfffffe5c
     cf4:	00327478 	eorseq	r7, r2, r8, ror r4
     cf8:	47524154 			; <UNDEFINED> instruction: 0x47524154
     cfc:	435f5445 	cmpmi	pc, #1157627904	; 0x45000000
     d00:	635f5550 	cmpvs	pc, #80, 10	; 0x14000000
     d04:	6574726f 	ldrbvs	r7, [r4, #-623]!	; 0xfffffd91
     d08:	32376178 	eorscc	r6, r7, #120, 2
     d0c:	74726f63 	ldrbtvc	r6, [r2], #-3939	; 0xfffff09d
     d10:	35617865 	strbcc	r7, [r1, #-2149]!	; 0xfffff79b
     d14:	73690033 	cmnvc	r9, #51	; 0x33
     d18:	69625f61 	stmdbvs	r2!, {r0, r5, r6, r8, r9, sl, fp, ip, lr}^
     d1c:	68745f74 	ldmdavs	r4!, {r2, r4, r5, r6, r8, r9, sl, fp, ip, lr}^
     d20:	32626d75 	rsbcc	r6, r2, #7488	; 0x1d40
     d24:	74706f00 	ldrbtvc	r6, [r0], #-3840	; 0xfffff100
     d28:	00646e69 	rsbeq	r6, r4, r9, ror #28
     d2c:	45534142 	ldrbmi	r4, [r3, #-322]	; 0xfffffebe
     d30:	4352415f 	cmpmi	r2, #-1073741801	; 0xc0000017
     d34:	41375f48 	teqmi	r7, r8, asr #30
     d38:	61736900 	cmnvs	r3, r0, lsl #18
     d3c:	7469625f 	strbtvc	r6, [r9], #-607	; 0xfffffda1
     d40:	746f645f 	strbtvc	r6, [pc], #-1119	; d48 <shift+0xd48>
     d44:	646f7270 	strbtvs	r7, [pc], #-624	; d4c <shift+0xd4c>
     d48:	53414200 	movtpl	r4, #4608	; 0x1200
     d4c:	52415f45 	subpl	r5, r1, #276	; 0x114
     d50:	305f4843 	subscc	r4, pc, r3, asr #16
     d54:	6d726100 	ldfvse	f6, [r2, #-0]
     d58:	3170665f 	cmncc	r0, pc, asr r6
     d5c:	79745f36 	ldmdbvc	r4!, {r1, r2, r4, r5, r8, r9, sl, fp, ip, lr}^
     d60:	6e5f6570 	mrcvs	5, 2, r6, cr15, cr0, {3}
     d64:	0065646f 	rsbeq	r6, r5, pc, ror #8
     d68:	5f4d5241 	svcpl	0x004d5241
     d6c:	6100494d 	tstvs	r0, sp, asr #18
     d70:	615f6d72 	cmpvs	pc, r2, ror sp	; <UNPREDICTABLE>
     d74:	36686372 			; <UNDEFINED> instruction: 0x36686372
     d78:	7261006b 	rsbvc	r0, r1, #107	; 0x6b
     d7c:	72615f6d 	rsbvc	r5, r1, #436	; 0x1b4
     d80:	6d366863 	ldcvs	8, cr6, [r6, #-396]!	; 0xfffffe74
     d84:	53414200 	movtpl	r4, #4608	; 0x1200
     d88:	52415f45 	subpl	r5, r1, #276	; 0x114
     d8c:	345f4843 	ldrbcc	r4, [pc], #-2115	; d94 <shift+0xd94>
     d90:	53414200 	movtpl	r4, #4608	; 0x1200
     d94:	52415f45 	subpl	r5, r1, #276	; 0x114
     d98:	375f4843 	ldrbcc	r4, [pc, -r3, asr #16]
     d9c:	41420052 	qdaddmi	r0, r2, r2
     da0:	415f4553 	cmpmi	pc, r3, asr r5	; <UNPREDICTABLE>
     da4:	5f484352 	svcpl	0x00484352
     da8:	5f5f0036 	svcpl	0x005f0036
     dac:	63706f70 	cmnvs	r0, #112, 30	; 0x1c0
     db0:	746e756f 	strbtvc	r7, [lr], #-1391	; 0xfffffa91
     db4:	6261745f 	rsbvs	r7, r1, #1593835520	; 0x5f000000
     db8:	715f5f00 	cmpvc	pc, r0, lsl #30
     dbc:	5f646175 	svcpl	0x00646175
     dc0:	74680074 	strbtvc	r0, [r8], #-116	; 0xffffff8c
     dc4:	655f6261 	ldrbvs	r6, [pc, #-609]	; b6b <shift+0xb6b>
     dc8:	41420071 	hvcmi	8193	; 0x2001
     dcc:	415f4553 	cmpmi	pc, r3, asr r5	; <UNPREDICTABLE>
     dd0:	5f484352 	svcpl	0x00484352
     dd4:	00325436 	eorseq	r5, r2, r6, lsr r4
     dd8:	61705f5f 	cmnvs	r0, pc, asr pc
     ddc:	5f003264 	svcpl	0x00003264
     de0:	6461705f 	strbtvs	r7, [r1], #-95	; 0xffffffa1
     de4:	5f5f0033 	svcpl	0x005f0033
     de8:	34646170 	strbtcc	r6, [r4], #-368	; 0xfffffe90
     dec:	705f5f00 	subsvc	r5, pc, r0, lsl #30
     df0:	00356461 	eorseq	r6, r5, r1, ror #8
     df4:	47524154 			; <UNDEFINED> instruction: 0x47524154
     df8:	435f5445 	cmpmi	pc, #1157627904	; 0x45000000
     dfc:	635f5550 	cmpvs	pc, #80, 10	; 0x14000000
     e00:	6574726f 	ldrbvs	r7, [r4, #-623]!	; 0xfffffd91
     e04:	33376178 	teqcc	r7, #120, 2
     e08:	52415400 	subpl	r5, r1, #0, 8
     e0c:	5f544547 	svcpl	0x00544547
     e10:	5f555043 	svcpl	0x00555043
     e14:	656e6567 	strbvs	r6, [lr, #-1383]!	; 0xfffffa99
     e18:	76636972 			; <UNDEFINED> instruction: 0x76636972
     e1c:	54006137 	strpl	r6, [r0], #-311	; 0xfffffec9
     e20:	45475241 	strbmi	r5, [r7, #-577]	; 0xfffffdbf
     e24:	50435f54 	subpl	r5, r3, r4, asr pc
     e28:	72615f55 	rsbvc	r5, r1, #340	; 0x154
     e2c:	3030376d 	eorscc	r3, r0, sp, ror #14
     e30:	6d726100 	ldfvse	f6, [r2, #-0]
     e34:	6372615f 	cmnvs	r2, #-1073741801	; 0xc0000017
     e38:	6f6e5f68 	svcvs	0x006e5f68
     e3c:	6c6f765f 	stclvs	6, cr7, [pc], #-380	; cc8 <shift+0xcc8>
     e40:	6c697461 	cfstrdvs	mvd7, [r9], #-388	; 0xfffffe7c
     e44:	65635f65 	strbvs	r5, [r3, #-3941]!	; 0xfffff09b
     e48:	53414200 	movtpl	r4, #4608	; 0x1200
     e4c:	52415f45 	subpl	r5, r1, #276	; 0x114
     e50:	385f4843 	ldmdacc	pc, {r0, r1, r6, fp, lr}^	; <UNPREDICTABLE>
     e54:	41540041 	cmpmi	r4, r1, asr #32
     e58:	54454752 	strbpl	r4, [r5], #-1874	; 0xfffff8ae
     e5c:	5550435f 	ldrbpl	r4, [r0, #-863]	; 0xfffffca1
     e60:	6d72615f 	ldfvse	f6, [r2, #-380]!	; 0xfffffe84
     e64:	6d647437 	cfstrdvs	mvd7, [r4, #-220]!	; 0xffffff24
     e68:	54007369 	strpl	r7, [r0], #-873	; 0xfffffc97
     e6c:	45475241 	strbmi	r5, [r7, #-577]	; 0xfffffdbf
     e70:	50435f54 	subpl	r5, r3, r4, asr pc
     e74:	72615f55 	rsbvc	r5, r1, #340	; 0x154
     e78:	3230316d 	eorscc	r3, r0, #1073741851	; 0x4000001b
     e7c:	5f006532 	svcpl	0x00006532
     e80:	62617476 	rsbvs	r7, r1, #1979711488	; 0x76000000
     e84:	6f5f656c 	svcvs	0x005f656c
     e88:	65736666 	ldrbvs	r6, [r3, #-1638]!	; 0xfffff99a
     e8c:	706f0074 	rsbvc	r0, pc, r4, ror r0	; <UNPREDICTABLE>
     e90:	72726574 	rsbsvc	r6, r2, #116, 10	; 0x1d000000
     e94:	53414200 	movtpl	r4, #4608	; 0x1200
     e98:	52415f45 	subpl	r5, r1, #276	; 0x114
     e9c:	355f4843 	ldrbcc	r4, [pc, #-2115]	; 661 <shift+0x661>
     ea0:	41540054 	cmpmi	r4, r4, asr r0
     ea4:	54454752 	strbpl	r4, [r5], #-1874	; 0xfffff8ae
     ea8:	5550435f 	ldrbpl	r4, [r0, #-863]	; 0xfffffca1
     eac:	726f635f 	rsbvc	r6, pc, #2080374785	; 0x7c000001
     eb0:	61786574 	cmnvs	r8, r4, ror r5
     eb4:	6f633337 	svcvs	0x00633337
     eb8:	78657472 	stmdavc	r5!, {r1, r4, r5, r6, sl, ip, sp, lr}^
     ebc:	00353361 	eorseq	r3, r5, r1, ror #6
     ec0:	6174706f 	cmnvs	r4, pc, rrx
     ec4:	41006772 	tstmi	r0, r2, ror r7
     ec8:	4e5f4d52 	mrcmi	13, 2, r4, cr15, cr2, {2}
     ecc:	72610056 	rsbvc	r0, r1, #86	; 0x56
     ed0:	72615f6d 	rsbvc	r5, r1, #436	; 0x1b4
     ed4:	00346863 	eorseq	r6, r4, r3, ror #16
     ed8:	5f6d7261 	svcpl	0x006d7261
     edc:	68637261 	stmdavs	r3!, {r0, r5, r6, r9, ip, sp, lr}^
     ee0:	72610035 	rsbvc	r0, r1, #53	; 0x35
     ee4:	72615f6d 	rsbvc	r5, r1, #436	; 0x1b4
     ee8:	00366863 	eorseq	r6, r6, r3, ror #16
     eec:	5f6d7261 	svcpl	0x006d7261
     ef0:	68637261 	stmdavs	r3!, {r0, r5, r6, r9, ip, sp, lr}^
     ef4:	72610037 	rsbvc	r0, r1, #55	; 0x37
     ef8:	72615f6d 	rsbvc	r5, r1, #436	; 0x1b4
     efc:	00386863 	eorseq	r6, r8, r3, ror #16
     f00:	676e6f6c 	strbvs	r6, [lr, -ip, ror #30]!
     f04:	756f6420 	strbvc	r6, [pc, #-1056]!	; aec <shift+0xaec>
     f08:	00656c62 	rsbeq	r6, r5, r2, ror #24
     f0c:	45534142 	ldrbmi	r4, [r3, #-322]	; 0xfffffebe
     f10:	4352415f 	cmpmi	r2, #-1073741801	; 0xc0000017
     f14:	4b365f48 	blmi	d98c3c <shift+0xd98c3c>
     f18:	52415400 	subpl	r5, r1, #0, 8
     f1c:	5f544547 	svcpl	0x00544547
     f20:	5f555043 	svcpl	0x00555043
     f24:	396d7261 	stmdbcc	sp!, {r0, r5, r6, r9, ip, sp, lr}^
     f28:	00743034 	rsbseq	r3, r4, r4, lsr r0
     f2c:	5f6d7261 	svcpl	0x006d7261
     f30:	656e7574 	strbvs	r7, [lr, #-1396]!	; 0xfffffa8c
     f34:	6373785f 	cmnvs	r3, #6225920	; 0x5f0000
     f38:	00656c61 	rsbeq	r6, r5, r1, ror #24
     f3c:	47524154 			; <UNDEFINED> instruction: 0x47524154
     f40:	435f5445 	cmpmi	pc, #1157627904	; 0x45000000
     f44:	615f5550 	cmpvs	pc, r0, asr r5	; <UNPREDICTABLE>
     f48:	35376d72 	ldrcc	r6, [r7, #-3442]!	; 0xfffff28e
     f4c:	69003030 	stmdbvs	r0, {r4, r5, ip, sp}
     f50:	715f6173 	cmpvc	pc, r3, ror r1	; <UNPREDICTABLE>
     f54:	6b726975 	blvs	1c9b530 <shift+0x1c9b530>
     f58:	4d52415f 	ldfmie	f4, [r2, #-380]	; 0xfffffe84
     f5c:	7a6b3676 	bvc	1ace93c <shift+0x1ace93c>
     f60:	75687400 	strbvc	r7, [r8, #-1024]!	; 0xfffffc00
     f64:	635f626d 	cmpvs	pc, #-805306362	; 0xd0000006
     f68:	5f6c6c61 	svcpl	0x006c6c61
     f6c:	5f616976 	svcpl	0x00616976
     f70:	6562616c 	strbvs	r6, [r2, #-364]!	; 0xfffffe94
     f74:	4154006c 	cmpmi	r4, ip, rrx
     f78:	54454752 	strbpl	r4, [r5], #-1874	; 0xfffff8ae
     f7c:	5550435f 	ldrbpl	r4, [r0, #-863]	; 0xfffffca1
     f80:	6d72615f 	ldfvse	f6, [r2, #-380]!	; 0xfffffe84
     f84:	00303137 	eorseq	r3, r0, r7, lsr r1
     f88:	47524154 			; <UNDEFINED> instruction: 0x47524154
     f8c:	435f5445 	cmpmi	pc, #1157627904	; 0x45000000
     f90:	635f5550 	cmpvs	pc, #80, 10	; 0x14000000
     f94:	6574726f 	ldrbvs	r7, [r4, #-623]!	; 0xfffffd91
     f98:	00356178 	eorseq	r6, r5, r8, ror r1
     f9c:	5f4f495f 	svcpl	0x004f495f
     fa0:	65766173 	ldrbvs	r6, [r6, #-371]!	; 0xfffffe8d
     fa4:	7361625f 	cmnvc	r1, #-268435451	; 0xf0000005
     fa8:	41540065 	cmpmi	r4, r5, rrx
     fac:	54454752 	strbpl	r4, [r5], #-1874	; 0xfffff8ae
     fb0:	5550435f 	ldrbpl	r4, [r0, #-863]	; 0xfffffca1
     fb4:	726f635f 	rsbvc	r6, pc, #2080374785	; 0x7c000001
     fb8:	61786574 	cmnvs	r8, r4, ror r5
     fbc:	41540038 	cmpmi	r4, r8, lsr r0
     fc0:	54454752 	strbpl	r4, [r5], #-1874	; 0xfffff8ae
     fc4:	5550435f 	ldrbpl	r4, [r0, #-863]	; 0xfffffca1
     fc8:	726f635f 	rsbvc	r6, pc, #2080374785	; 0x7c000001
     fcc:	61786574 	cmnvs	r8, r4, ror r5
     fd0:	495f0039 	ldmdbmi	pc, {r0, r3, r4, r5}^	; <UNPREDICTABLE>
     fd4:	65725f4f 	ldrbvs	r5, [r2, #-3919]!	; 0xfffff0b1
     fd8:	655f6461 	ldrbvs	r6, [pc, #-1121]	; b7f <shift+0xb7f>
     fdc:	4100646e 	tstmi	r0, lr, ror #8
     fe0:	505f4d52 	subspl	r4, pc, r2, asr sp	; <UNPREDICTABLE>
     fe4:	415f5343 	cmpmi	pc, r3, asr #6
     fe8:	00534350 	subseq	r4, r3, r0, asr r3
     fec:	5f4d5241 	svcpl	0x004d5241
     ff0:	5f534350 	svcpl	0x00534350
     ff4:	43505441 	cmpmi	r0, #1090519040	; 0x41000000
     ff8:	68730053 	ldmdavs	r3!, {r0, r1, r4, r6}^
     ffc:	2074726f 	rsbscs	r7, r4, pc, ror #4
    1000:	00746e69 	rsbseq	r6, r4, r9, ror #28
    1004:	47524154 			; <UNDEFINED> instruction: 0x47524154
    1008:	435f5445 	cmpmi	pc, #1157627904	; 0x45000000
    100c:	615f5550 	cmpvs	pc, r0, asr r5	; <UNPREDICTABLE>
    1010:	30366d72 	eorscc	r6, r6, r2, ror sp
    1014:	41540030 	cmpmi	r4, r0, lsr r0
    1018:	54454752 	strbpl	r4, [r5], #-1874	; 0xfffff8ae
    101c:	5550435f 	ldrbpl	r4, [r0, #-863]	; 0xfffffca1
    1020:	6d72615f 	ldfvse	f6, [r2, #-380]!	; 0xfffffe84
    1024:	74303237 	ldrtvc	r3, [r0], #-567	; 0xfffffdc9
    1028:	52415400 	subpl	r5, r1, #0, 8
    102c:	5f544547 	svcpl	0x00544547
    1030:	5f555043 	svcpl	0x00555043
    1034:	74726f63 	ldrbtvc	r6, [r2], #-3939	; 0xfffff09d
    1038:	35617865 	strbcc	r7, [r1, #-2149]!	; 0xfffff79b
    103c:	6f630037 	svcvs	0x00630037
    1040:	656c706d 	strbvs	r7, [ip, #-109]!	; 0xffffff93
    1044:	6f642078 	svcvs	0x00642078
    1048:	656c6275 	strbvs	r6, [ip, #-629]!	; 0xfffffd8b
    104c:	52415400 	subpl	r5, r1, #0, 8
    1050:	5f544547 	svcpl	0x00544547
    1054:	5f555043 	svcpl	0x00555043
    1058:	74726f63 	ldrbtvc	r6, [r2], #-3939	; 0xfffff09d
    105c:	37617865 	strbcc	r7, [r1, -r5, ror #16]!
    1060:	726f6333 	rsbvc	r6, pc, #-872415232	; 0xcc000000
    1064:	61786574 	cmnvs	r8, r4, ror r5
    1068:	54003335 	strpl	r3, [r0], #-821	; 0xfffffccb
    106c:	45475241 	strbmi	r5, [r7, #-577]	; 0xfffffdbf
    1070:	50435f54 	subpl	r5, r3, r4, asr pc
    1074:	6f635f55 	svcvs	0x00635f55
    1078:	78657472 	stmdavc	r5!, {r1, r4, r5, r6, sl, ip, sp, lr}^
    107c:	61003761 	tstvs	r0, r1, ror #14
    1080:	635f6d72 	cmpvs	pc, #7296	; 0x1c80
    1084:	73690063 	cmnvc	r9, #99	; 0x63
    1088:	69625f61 	stmdbvs	r2!, {r0, r5, r6, r8, r9, sl, fp, ip, lr}^
    108c:	6f6d5f74 	svcvs	0x006d5f74
    1090:	36326564 	ldrtcc	r6, [r2], -r4, ror #10
    1094:	61736900 	cmnvs	r3, r0, lsl #18
    1098:	7469625f 	strbtvc	r6, [r9], #-607	; 0xfffffda1
    109c:	6373785f 	cmnvs	r3, #6225920	; 0x5f0000
    10a0:	00656c61 	rsbeq	r6, r5, r1, ror #24
    10a4:	47524154 			; <UNDEFINED> instruction: 0x47524154
    10a8:	435f5445 	cmpmi	pc, #1157627904	; 0x45000000
    10ac:	735f5550 	cmpvc	pc, #80, 10	; 0x14000000
    10b0:	6e6f7274 	mcrvs	2, 3, r7, cr15, cr4, {3}
    10b4:	6d726167 	ldfvse	f6, [r2, #-412]!	; 0xfffffe64
    10b8:	30303131 	eorscc	r3, r0, r1, lsr r1
    10bc:	52415400 	subpl	r5, r1, #0, 8
    10c0:	5f544547 	svcpl	0x00544547
    10c4:	5f555043 	svcpl	0x00555043
    10c8:	74726f63 	ldrbtvc	r6, [r2], #-3939	; 0xfffff09d
    10cc:	306d7865 	rsbcc	r7, sp, r5, ror #16
    10d0:	73756c70 	cmnvc	r5, #112, 24	; 0x7000
    10d4:	6f645f00 	svcvs	0x00645f00
    10d8:	755f746e 	ldrbvc	r7, [pc, #-1134]	; c72 <shift+0xc72>
    10dc:	745f6573 	ldrbvc	r6, [pc], #-1395	; 10e4 <shift+0x10e4>
    10e0:	5f656572 	svcpl	0x00656572
    10e4:	65726568 	ldrbvs	r6, [r2, #-1384]!	; 0xfffffa98
    10e8:	4154005f 	cmpmi	r4, pc, asr r0
    10ec:	54454752 	strbpl	r4, [r5], #-1874	; 0xfffff8ae
    10f0:	5550435f 	ldrbpl	r4, [r0, #-863]	; 0xfffffca1
    10f4:	6d72615f 	ldfvse	f6, [r2, #-380]!	; 0xfffffe84
    10f8:	64743031 	ldrbtvs	r3, [r4], #-49	; 0xffffffcf
    10fc:	6200696d 	andvs	r6, r0, #1785856	; 0x1b4000
    1100:	5f657361 	svcpl	0x00657361
    1104:	68637261 	stmdavs	r3!, {r0, r5, r6, r9, ip, sp, lr}^
    1108:	63657469 	cmnvs	r5, #1761607680	; 0x69000000
    110c:	65727574 	ldrbvs	r7, [r2, #-1396]!	; 0xfffffa8c
    1110:	6d726100 	ldfvse	f6, [r2, #-0]
    1114:	6372615f 	cmnvs	r2, #-1073741801	; 0xc0000017
    1118:	72635f68 	rsbvc	r5, r3, #104, 30	; 0x1a0
    111c:	41540063 	cmpmi	r4, r3, rrx
    1120:	54454752 	strbpl	r4, [r5], #-1874	; 0xfffff8ae
    1124:	5550435f 	ldrbpl	r4, [r0, #-863]	; 0xfffffca1
    1128:	726f635f 	rsbvc	r6, pc, #2080374785	; 0x7c000001
    112c:	6d786574 	cfldr64vs	mvdx6, [r8, #-464]!	; 0xfffffe30
    1130:	616d7331 	cmnvs	sp, r1, lsr r3
    1134:	756d6c6c 	strbvc	r6, [sp, #-3180]!	; 0xfffff394
    1138:	7069746c 	rsbvc	r7, r9, ip, ror #8
    113c:	6100796c 	tstvs	r0, ip, ror #18
    1140:	635f6d72 	cmpvs	pc, #7296	; 0x1c80
    1144:	65727275 	ldrbvs	r7, [r2, #-629]!	; 0xfffffd8b
    1148:	635f746e 	cmpvs	pc, #1845493760	; 0x6e000000
    114c:	72610063 	rsbvc	r0, r1, #99	; 0x63
    1150:	61745f6d 	cmnvs	r4, sp, ror #30
    1154:	74656772 	strbtvc	r6, [r5], #-1906	; 0xfffff88e
    1158:	736e695f 	cmnvc	lr, #1556480	; 0x17c000
    115c:	645f006e 	ldrbvs	r0, [pc], #-110	; 1164 <shift+0x1164>
    1160:	5f746e6f 	svcpl	0x00746e6f
    1164:	5f657375 	svcpl	0x00657375
    1168:	5f787472 	svcpl	0x00787472
    116c:	65726568 	ldrbvs	r6, [r2, #-1384]!	; 0xfffffa98
    1170:	5f5f005f 	svcpl	0x005f005f
    1174:	69766e65 	ldmdbvs	r6!, {r0, r2, r5, r6, r9, sl, fp, sp, lr}^
    1178:	006e6f72 	rsbeq	r6, lr, r2, ror pc
    117c:	5f617369 	svcpl	0x00617369
    1180:	5f746962 	svcpl	0x00746962
    1184:	33637263 	cmncc	r3, #805306374	; 0x30000006
    1188:	495f0032 	ldmdbmi	pc, {r1, r4, r5}^	; <UNPREDICTABLE>
    118c:	49465f4f 	stmdbmi	r6, {r0, r1, r2, r3, r6, r8, r9, sl, fp, ip, lr}^
    1190:	705f454c 	subsvc	r4, pc, ip, asr #10
    1194:	0073756c 	rsbseq	r7, r3, ip, ror #10
    1198:	5f4d5241 	svcpl	0x004d5241
    119c:	69004c50 	stmdbvs	r0, {r4, r6, sl, fp, lr}
    11a0:	625f6173 	subsvs	r6, pc, #-1073741796	; 0xc000001c
    11a4:	565f7469 	ldrbpl	r7, [pc], -r9, ror #8
    11a8:	32765046 	rsbscc	r5, r6, #70	; 0x46
    11ac:	61736900 	cmnvs	r3, r0, lsl #18
    11b0:	7469625f 	strbtvc	r6, [r9], #-607	; 0xfffffda1
    11b4:	5046565f 	subpl	r5, r6, pc, asr r6
    11b8:	69003376 	stmdbvs	r0, {r1, r2, r4, r5, r6, r8, r9, ip, sp}
    11bc:	625f6173 	subsvs	r6, pc, #-1073741796	; 0xc000001c
    11c0:	565f7469 	ldrbpl	r7, [pc], -r9, ror #8
    11c4:	34765046 	ldrbtcc	r5, [r6], #-70	; 0xffffffba
    11c8:	53414200 	movtpl	r4, #4608	; 0x1200
    11cc:	52415f45 	subpl	r5, r1, #276	; 0x114
    11d0:	385f4843 	ldmdacc	pc, {r0, r1, r6, fp, lr}^	; <UNPREDICTABLE>
    11d4:	414d5f4d 	cmpmi	sp, sp, asr #30
    11d8:	54004e49 	strpl	r4, [r0], #-3657	; 0xfffff1b7
    11dc:	45475241 	strbmi	r5, [r7, #-577]	; 0xfffffdbf
    11e0:	50435f54 	subpl	r5, r3, r4, asr pc
    11e4:	72615f55 	rsbvc	r5, r1, #340	; 0x154
    11e8:	6474396d 	ldrbtvs	r3, [r4], #-2413	; 0xfffff693
    11ec:	4100696d 	tstmi	r0, sp, ror #18
    11f0:	415f4d52 	cmpmi	pc, r2, asr sp	; <UNPREDICTABLE>
    11f4:	7369004c 	cmnvc	r9, #76	; 0x4c
    11f8:	69625f61 	stmdbvs	r2!, {r0, r5, r6, r8, r9, sl, fp, ip, lr}^
    11fc:	6f6d5f74 	svcvs	0x006d5f74
    1200:	32336564 	eorscc	r6, r3, #100, 10	; 0x19000000
    1204:	53414200 	movtpl	r4, #4608	; 0x1200
    1208:	52415f45 	subpl	r5, r1, #276	; 0x114
    120c:	375f4843 	ldrbcc	r4, [pc, -r3, asr #16]
    1210:	7261004d 	rsbvc	r0, r1, #77	; 0x4d
    1214:	61745f6d 	cmnvs	r4, sp, ror #30
    1218:	74656772 	strbtvc	r6, [r5], #-1906	; 0xfffff88e
    121c:	62616c5f 	rsbvs	r6, r1, #24320	; 0x5f00
    1220:	54006c65 	strpl	r6, [r0], #-3173	; 0xfffff39b
    1224:	45475241 	strbmi	r5, [r7, #-577]	; 0xfffffdbf
    1228:	50435f54 	subpl	r5, r3, r4, asr pc
    122c:	74735f55 	ldrbtvc	r5, [r3], #-3925	; 0xfffff0ab
    1230:	676e6f72 			; <UNDEFINED> instruction: 0x676e6f72
    1234:	316d7261 	cmncc	sp, r1, ror #4
    1238:	00303131 	eorseq	r3, r0, r1, lsr r1
    123c:	47524154 			; <UNDEFINED> instruction: 0x47524154
    1240:	435f5445 	cmpmi	pc, #1157627904	; 0x45000000
    1244:	615f5550 	cmpvs	pc, r0, asr r5	; <UNPREDICTABLE>
    1248:	32376d72 	eorscc	r6, r7, #7296	; 0x1c80
    124c:	41540030 	cmpmi	r4, r0, lsr r0
    1250:	54454752 	strbpl	r4, [r5], #-1874	; 0xfffff8ae
    1254:	5550435f 	ldrbpl	r4, [r0, #-863]	; 0xfffffca1
    1258:	726f635f 	rsbvc	r6, pc, #2080374785	; 0x7c000001
    125c:	72786574 	rsbsvc	r6, r8, #116, 10	; 0x1d000000
    1260:	41540034 	cmpmi	r4, r4, lsr r0
    1264:	54454752 	strbpl	r4, [r5], #-1874	; 0xfffff8ae
    1268:	5550435f 	ldrbpl	r4, [r0, #-863]	; 0xfffffca1
    126c:	726f635f 	rsbvc	r6, pc, #2080374785	; 0x7c000001
    1270:	72786574 	rsbsvc	r6, r8, #116, 10	; 0x1d000000
    1274:	41540035 	cmpmi	r4, r5, lsr r0
    1278:	54454752 	strbpl	r4, [r5], #-1874	; 0xfffff8ae
    127c:	5550435f 	ldrbpl	r4, [r0, #-863]	; 0xfffffca1
    1280:	726f635f 	rsbvc	r6, pc, #2080374785	; 0x7c000001
    1284:	72786574 	rsbsvc	r6, r8, #116, 10	; 0x1d000000
    1288:	41540037 	cmpmi	r4, r7, lsr r0
    128c:	54454752 	strbpl	r4, [r5], #-1874	; 0xfffff8ae
    1290:	5550435f 	ldrbpl	r4, [r0, #-863]	; 0xfffffca1
    1294:	726f635f 	rsbvc	r6, pc, #2080374785	; 0x7c000001
    1298:	72786574 	rsbsvc	r6, r8, #116, 10	; 0x1d000000
    129c:	6c5f0038 	mrrcvs	0, 3, r0, pc, cr8	; <UNPREDICTABLE>
    12a0:	006b636f 	rsbeq	r6, fp, pc, ror #6
    12a4:	5f617369 	svcpl	0x00617369
    12a8:	5f746962 	svcpl	0x00746962
    12ac:	6561706c 	strbvs	r7, [r1, #-108]!	; 0xffffff94
    12b0:	61736900 	cmnvs	r3, r0, lsl #18
    12b4:	7469625f 	strbtvc	r6, [r9], #-607	; 0xfffffda1
    12b8:	4d52415f 	ldfmie	f4, [r2, #-380]	; 0xfffffe84
    12bc:	006d3376 	rsbeq	r3, sp, r6, ror r3
    12c0:	47524154 			; <UNDEFINED> instruction: 0x47524154
    12c4:	435f5445 	cmpmi	pc, #1157627904	; 0x45000000
    12c8:	735f5550 	cmpvc	pc, #80, 10	; 0x14000000
    12cc:	6e6f7274 	mcrvs	2, 3, r7, cr15, cr4, {3}
    12d0:	6d726167 	ldfvse	f6, [r2, #-412]!	; 0xfffffe64
    12d4:	00303131 	eorseq	r3, r0, r1, lsr r1
    12d8:	646c6f5f 	strbtvs	r6, [ip], #-3935	; 0xfffff0a1
    12dc:	66666f5f 	uqsaxvs	r6, r6, pc	; <UNPREDICTABLE>
    12e0:	00746573 	rsbseq	r6, r4, r3, ror r5
    12e4:	5f617369 	svcpl	0x00617369
    12e8:	5f746962 	svcpl	0x00746962
    12ec:	6d746f6e 	ldclvs	15, cr6, [r4, #-440]!	; 0xfffffe48
    12f0:	61736900 	cmnvs	r3, r0, lsl #18
    12f4:	6e75745f 	mrcvs	4, 3, r7, cr5, cr15, {2}
    12f8:	62775f65 	rsbsvs	r5, r7, #404	; 0x194
    12fc:	69006675 	stmdbvs	r0, {r0, r2, r4, r5, r6, r9, sl, sp, lr}
    1300:	625f6173 	subsvs	r6, pc, #-1073741796	; 0xc000001c
    1304:	415f7469 	cmpmi	pc, r9, ror #8
    1308:	34764d52 	ldrbtcc	r4, [r6], #-3410	; 0xfffff2ae
    130c:	61736900 	cmnvs	r3, r0, lsl #18
    1310:	7469625f 	strbtvc	r6, [r9], #-607	; 0xfffffda1
    1314:	4d52415f 	ldfmie	f4, [r2, #-380]	; 0xfffffe84
    1318:	69003576 	stmdbvs	r0, {r1, r2, r4, r5, r6, r8, sl, ip, sp}
    131c:	625f6173 	subsvs	r6, pc, #-1073741796	; 0xc000001c
    1320:	415f7469 	cmpmi	pc, r9, ror #8
    1324:	36764d52 			; <UNDEFINED> instruction: 0x36764d52
    1328:	61736900 	cmnvs	r3, r0, lsl #18
    132c:	7469625f 	strbtvc	r6, [r9], #-607	; 0xfffffda1
    1330:	4d52415f 	ldfmie	f4, [r2, #-380]	; 0xfffffe84
    1334:	69003776 	stmdbvs	r0, {r1, r2, r4, r5, r6, r8, r9, sl, ip, sp}
    1338:	625f6173 	subsvs	r6, pc, #-1073741796	; 0xc000001c
    133c:	415f7469 	cmpmi	pc, r9, ror #8
    1340:	38764d52 	ldmdacc	r6!, {r1, r4, r6, r8, sl, fp, lr}^
    1344:	52415400 	subpl	r5, r1, #0, 8
    1348:	5f544547 	svcpl	0x00544547
    134c:	5f555043 	svcpl	0x00555043
    1350:	316d7261 	cmncc	sp, r1, ror #4
    1354:	74363531 	ldrtvc	r3, [r6], #-1329	; 0xfffffacf
    1358:	5f007332 	svcpl	0x00007332
    135c:	66756273 			; <UNDEFINED> instruction: 0x66756273
    1360:	6d726100 	ldfvse	f6, [r2, #-0]
    1364:	6e75745f 	mrcvs	4, 3, r7, cr5, cr15, {2}
    1368:	72610065 	rsbvc	r0, r1, #101	; 0x65
    136c:	70635f6d 	rsbvc	r5, r3, sp, ror #30
    1370:	6e695f70 	mcrvs	15, 3, r5, cr9, cr0, {3}
    1374:	77726574 			; <UNDEFINED> instruction: 0x77726574
    1378:	006b726f 	rsbeq	r7, fp, pc, ror #4
    137c:	69736e75 	ldmdbvs	r3!, {r0, r2, r4, r5, r6, r9, sl, fp, sp, lr}^
    1380:	64656e67 	strbtvs	r6, [r5], #-3687	; 0xfffff199
    1384:	61686320 	cmnvs	r8, r0, lsr #6
    1388:	41540072 	cmpmi	r4, r2, ror r0
    138c:	54454752 	strbpl	r4, [r5], #-1874	; 0xfffff8ae
    1390:	5550435f 	ldrbpl	r4, [r0, #-863]	; 0xfffffca1
    1394:	6d72615f 	ldfvse	f6, [r2, #-380]!	; 0xfffffe84
    1398:	74303239 	ldrtvc	r3, [r0], #-569	; 0xfffffdc7
    139c:	6f682f00 	svcvs	0x00682f00
    13a0:	742f656d 	strtvc	r6, [pc], #-1389	; 13a8 <shift+0x13a8>
    13a4:	2d677763 	stclcs	7, cr7, [r7, #-396]!	; 0xfffffe74
    13a8:	6c697562 	cfstr64vs	mvdx7, [r9], #-392	; 0xfffffe78
    13ac:	616c7364 	cmnvs	ip, r4, ror #6
    13b0:	772f6576 			; <UNDEFINED> instruction: 0x772f6576
    13b4:	736b726f 	cmnvc	fp, #-268435450	; 0xf0000006
    13b8:	65636170 	strbvs	r6, [r3, #-368]!	; 0xfffffe90
    13bc:	7763742f 	strbvc	r7, [r3, -pc, lsr #8]!
    13c0:	616d2d67 	cmnvs	sp, r7, ror #26
    13c4:	722d656b 	eorvc	r6, sp, #448790528	; 0x1ac00000
    13c8:	61656c65 	cmnvs	r5, r5, ror #24
    13cc:	315f6573 	cmpcc	pc, r3, ror r5	; <UNPREDICTABLE>
    13d0:	616e732f 	cmnvs	lr, pc, lsr #6
    13d4:	6f687370 	svcvs	0x00687370
    13d8:	672f7374 			; <UNDEFINED> instruction: 0x672f7374
    13dc:	672e6363 	strvs	r6, [lr, -r3, ror #6]!
    13e0:	6c7e7469 	cfldrdvs	mvd7, [lr], #-420	; 0xfffffe5c
    13e4:	72616e69 	rsbvc	r6, r1, #1680	; 0x690
    13e8:	2e372d6f 	cdpcs	13, 3, cr2, cr7, cr15, {3}
    13ec:	30322d35 	eorscc	r2, r2, r5, lsr sp
    13f0:	312e3931 			; <UNDEFINED> instruction: 0x312e3931
    13f4:	696c2f32 	stmdbvs	ip!, {r1, r4, r5, r8, r9, sl, fp, sp}^
    13f8:	63636762 	cmnvs	r3, #25690112	; 0x1880000
    13fc:	62696c2f 	rsbvs	r6, r9, #12032	; 0x2f00
    1400:	32636367 	rsbcc	r6, r3, #-1677721599	; 0x9c000001
    1404:	5400632e 	strpl	r6, [r0], #-814	; 0xfffffcd2
    1408:	45475241 	strbmi	r5, [r7, #-577]	; 0xfffffdbf
    140c:	50435f54 	subpl	r5, r3, r4, asr pc
    1410:	61665f55 	cmnvs	r6, r5, asr pc
    1414:	00363235 	eorseq	r3, r6, r5, lsr r2
    1418:	5f6d7261 	svcpl	0x006d7261
    141c:	68637261 	stmdavs	r3!, {r0, r5, r6, r9, ip, sp, lr}^
    1420:	7568745f 	strbvc	r7, [r8, #-1119]!	; 0xfffffba1
    1424:	685f626d 	ldmdavs	pc, {r0, r2, r3, r5, r6, r9, sp, lr}^	; <UNPREDICTABLE>
    1428:	76696477 			; <UNDEFINED> instruction: 0x76696477
    142c:	4f495f00 	svcmi	0x00495f00
    1430:	6972775f 	ldmdbvs	r2!, {r0, r1, r2, r3, r4, r6, r8, r9, sl, ip, sp, lr}^
    1434:	705f6574 	subsvc	r6, pc, r4, ror r5	; <UNPREDICTABLE>
    1438:	68007274 	stmdavs	r0, {r2, r4, r5, r6, r9, ip, sp, lr}
    143c:	5f626174 	svcpl	0x00626174
    1440:	705f7165 	subsvc	r7, pc, r5, ror #2
    1444:	746e696f 	strbtvc	r6, [lr], #-2415	; 0xfffff691
    1448:	54007265 	strpl	r7, [r0], #-613	; 0xfffffd9b
    144c:	45475241 	strbmi	r5, [r7, #-577]	; 0xfffffdbf
    1450:	50435f54 	subpl	r5, r3, r4, asr pc
    1454:	72615f55 	rsbvc	r5, r1, #340	; 0x154
    1458:	0030366d 	eorseq	r3, r0, sp, ror #12
    145c:	5f6d7261 	svcpl	0x006d7261
    1460:	5f636970 	svcpl	0x00636970
    1464:	69676572 	stmdbvs	r7!, {r1, r4, r5, r6, r8, sl, sp, lr}^
    1468:	72657473 	rsbvc	r7, r5, #1929379840	; 0x73000000
    146c:	52415400 	subpl	r5, r1, #0, 8
    1470:	5f544547 	svcpl	0x00544547
    1474:	5f555043 	svcpl	0x00555043
    1478:	74726f63 	ldrbtvc	r6, [r2], #-3939	; 0xfffff09d
    147c:	306d7865 	rsbcc	r7, sp, r5, ror #16
    1480:	6c616d73 	stclvs	13, cr6, [r1], #-460	; 0xfffffe34
    1484:	6c756d6c 	ldclvs	13, cr6, [r5], #-432	; 0xfffffe50
    1488:	6c706974 			; <UNDEFINED> instruction: 0x6c706974
    148c:	41540079 	cmpmi	r4, r9, ror r0
    1490:	54454752 	strbpl	r4, [r5], #-1874	; 0xfffff8ae
    1494:	5550435f 	ldrbpl	r4, [r0, #-863]	; 0xfffffca1
    1498:	6d72615f 	ldfvse	f6, [r2, #-380]!	; 0xfffffe84
    149c:	65363639 	ldrvs	r3, [r6, #-1593]!	; 0xfffff9c7
    14a0:	41540073 	cmpmi	r4, r3, ror r0
    14a4:	54454752 	strbpl	r4, [r5], #-1874	; 0xfffff8ae
    14a8:	5550435f 	ldrbpl	r4, [r0, #-863]	; 0xfffffca1
    14ac:	63706d5f 	cmnvs	r0, #6080	; 0x17c0
    14b0:	6e65726f 	cdpvs	2, 6, cr7, cr5, cr15, {3}
    14b4:	7066766f 	rsbvc	r7, r6, pc, ror #12
    14b8:	52415400 	subpl	r5, r1, #0, 8
    14bc:	5f544547 	svcpl	0x00544547
    14c0:	5f555043 	svcpl	0x00555043
    14c4:	376d7261 	strbcc	r7, [sp, -r1, ror #4]!
    14c8:	00693030 	rsbeq	r3, r9, r0, lsr r0
    14cc:	5f4d5241 	svcpl	0x004d5241
    14d0:	61004343 	tstvs	r0, r3, asr #6
    14d4:	615f6d72 	cmpvs	pc, r2, ror sp	; <UNPREDICTABLE>
    14d8:	38686372 	stmdacc	r8!, {r1, r4, r5, r6, r8, r9, sp, lr}^
    14dc:	6100325f 	tstvs	r0, pc, asr r2
    14e0:	6c5f6d72 	mrrcvs	13, 7, r6, pc, cr2	; <UNPREDICTABLE>
    14e4:	63735f64 	cmnvs	r3, #100, 30	; 0x190
    14e8:	00646568 	rsbeq	r6, r4, r8, ror #10
    14ec:	47524154 			; <UNDEFINED> instruction: 0x47524154
    14f0:	435f5445 	cmpmi	pc, #1157627904	; 0x45000000
    14f4:	665f5550 			; <UNDEFINED> instruction: 0x665f5550
    14f8:	3236706d 	eorscc	r7, r6, #109	; 0x6d
    14fc:	52410036 	subpl	r0, r1, #54	; 0x36
    1500:	53435f4d 	movtpl	r5, #16205	; 0x3f4d
    1504:	6d726100 	ldfvse	f6, [r2, #-0]
    1508:	3170665f 	cmncc	r0, pc, asr r6
    150c:	6e695f36 	mcrvs	15, 3, r5, cr9, cr6, {1}
    1510:	5f007473 	svcpl	0x00007473
    1514:	66666f5f 	uqsaxvs	r6, r6, pc	; <UNPREDICTABLE>
    1518:	6100745f 	tstvs	r0, pc, asr r4
    151c:	625f6d72 	subsvs	r6, pc, #7296	; 0x1c80
    1520:	5f657361 	svcpl	0x00657361
    1524:	68637261 	stmdavs	r3!, {r0, r5, r6, r9, ip, sp, lr}^
    1528:	61736900 	cmnvs	r3, r0, lsl #18
    152c:	7469625f 	strbtvc	r6, [r9], #-607	; 0xfffffda1
    1530:	4d52415f 	ldfmie	f4, [r2, #-380]	; 0xfffffe84
    1534:	00653576 	rsbeq	r3, r5, r6, ror r5
    1538:	726f6873 	rsbvc	r6, pc, #7536640	; 0x730000
    153c:	6e752074 	mrcvs	0, 3, r2, cr5, cr4, {3}
    1540:	6e676973 			; <UNDEFINED> instruction: 0x6e676973
    1544:	69206465 	stmdbvs	r0!, {r0, r2, r5, r6, sl, sp, lr}
    1548:	5400746e 	strpl	r7, [r0], #-1134	; 0xfffffb92
    154c:	45475241 	strbmi	r5, [r7, #-577]	; 0xfffffdbf
    1550:	50435f54 	subpl	r5, r3, r4, asr pc
    1554:	72615f55 	rsbvc	r5, r1, #340	; 0x154
    1558:	0030376d 	eorseq	r3, r0, sp, ror #14
    155c:	7379735f 	cmnvc	r9, #2080374785	; 0x7c000001
    1560:	7272655f 	rsbsvc	r6, r2, #398458880	; 0x17c00000
    1564:	7473696c 	ldrbtvc	r6, [r3], #-2412	; 0xfffff694
    1568:	52415400 	subpl	r5, r1, #0, 8
    156c:	5f544547 	svcpl	0x00544547
    1570:	5f555043 	svcpl	0x00555043
    1574:	326d7261 	rsbcc	r7, sp, #268435462	; 0x10000006
    1578:	61003035 	tstvs	r0, r5, lsr r0
    157c:	615f6d72 	cmpvs	pc, r2, ror sp	; <UNPREDICTABLE>
    1580:	37686372 			; <UNDEFINED> instruction: 0x37686372
    1584:	54006d65 	strpl	r6, [r0], #-3429	; 0xfffff29b
    1588:	45475241 	strbmi	r5, [r7, #-577]	; 0xfffffdbf
    158c:	50435f54 	subpl	r5, r3, r4, asr pc
    1590:	6f635f55 	svcvs	0x00635f55
    1594:	78657472 	stmdavc	r5!, {r1, r4, r5, r6, sl, ip, sp, lr}^
    1598:	00323761 	eorseq	r3, r2, r1, ror #14
    159c:	5f6d7261 	svcpl	0x006d7261
    15a0:	5f736370 	svcpl	0x00736370
    15a4:	61666564 	cmnvs	r6, r4, ror #10
    15a8:	00746c75 	rsbseq	r6, r4, r5, ror ip
    15ac:	47524154 			; <UNDEFINED> instruction: 0x47524154
    15b0:	435f5445 	cmpmi	pc, #1157627904	; 0x45000000
    15b4:	735f5550 	cmpvc	pc, #80, 10	; 0x14000000
    15b8:	6e6f7274 	mcrvs	2, 3, r7, cr15, cr4, {3}
    15bc:	6d726167 	ldfvse	f6, [r2, #-412]!	; 0xfffffe64
    15c0:	6d726100 	ldfvse	f6, [r2, #-0]
    15c4:	6372615f 	cmnvs	r2, #-1073741801	; 0xc0000017
    15c8:	68745f68 	ldmdavs	r4!, {r3, r5, r6, r8, r9, sl, fp, ip, lr}^
    15cc:	31626d75 	smccc	9941	; 0x26d5
    15d0:	6d726100 	ldfvse	f6, [r2, #-0]
    15d4:	6372615f 	cmnvs	r2, #-1073741801	; 0xc0000017
    15d8:	68745f68 	ldmdavs	r4!, {r3, r5, r6, r8, r9, sl, fp, ip, lr}^
    15dc:	32626d75 	rsbcc	r6, r2, #7488	; 0x1d40
    15e0:	52415400 	subpl	r5, r1, #0, 8
    15e4:	5f544547 	svcpl	0x00544547
    15e8:	5f555043 	svcpl	0x00555043
    15ec:	6d6d7769 	stclvs	7, cr7, [sp, #-420]!	; 0xfffffe5c
    15f0:	5f007478 	svcpl	0x00007478
    15f4:	69616863 	stmdbvs	r1!, {r0, r1, r5, r6, fp, sp, lr}^
    15f8:	7369006e 	cmnvc	r9, #110	; 0x6e
    15fc:	69625f61 	stmdbvs	r2!, {r0, r5, r6, r8, r9, sl, fp, ip, lr}^
    1600:	50465f74 	subpl	r5, r6, r4, ror pc
    1604:	4d52415f 	ldfmie	f4, [r2, #-380]	; 0xfffffe84
    1608:	54003876 	strpl	r3, [r0], #-2166	; 0xfffff78a
    160c:	45475241 	strbmi	r5, [r7, #-577]	; 0xfffffdbf
    1610:	50435f54 	subpl	r5, r3, r4, asr pc
    1614:	72615f55 	rsbvc	r5, r1, #340	; 0x154
    1618:	3232396d 	eorscc	r3, r2, #1785856	; 0x1b4000
    161c:	41540074 	cmpmi	r4, r4, ror r0
    1620:	54454752 	strbpl	r4, [r5], #-1874	; 0xfffff8ae
    1624:	5550435f 	ldrbpl	r4, [r0, #-863]	; 0xfffffca1
    1628:	6d72615f 	ldfvse	f6, [r2, #-380]!	; 0xfffffe84
    162c:	5f006437 	svcpl	0x00006437
    1630:	7961645f 	stmdbvc	r1!, {r0, r1, r2, r3, r4, r6, sl, sp, lr}^
    1634:	6867696c 	stmdavs	r7!, {r2, r3, r5, r6, r8, fp, sp, lr}^
    1638:	73690074 	cmnvc	r9, #116	; 0x74
    163c:	75745f61 	ldrbvc	r5, [r4, #-3937]!	; 0xfffff09f
    1640:	635f656e 	cmpvs	pc, #461373440	; 0x1b800000
    1644:	72705f6f 	rsbsvc	r5, r0, #444	; 0x1bc
    1648:	5400636f 	strpl	r6, [r0], #-879	; 0xfffffc91
    164c:	45475241 	strbmi	r5, [r7, #-577]	; 0xfffffdbf
    1650:	50435f54 	subpl	r5, r3, r4, asr pc
    1654:	72615f55 	rsbvc	r5, r1, #340	; 0x154
    1658:	006d376d 	rsbeq	r3, sp, sp, ror #14
    165c:	666f5f5f 	uqsaxvs	r5, pc, pc	; <UNPREDICTABLE>
    1660:	5f343666 	svcpl	0x00343666
    1664:	755f0074 	ldrbvc	r0, [pc, #-116]	; 15f8 <shift+0x15f8>
    1668:	6573756e 	ldrbvs	r7, [r3, #-1390]!	; 0xfffffa92
    166c:	5f003264 	svcpl	0x00003264
    1670:	625f4f49 	subsvs	r4, pc, #292	; 0x124
    1674:	625f6675 	subsvs	r6, pc, #122683392	; 0x7500000
    1678:	00657361 	rsbeq	r7, r5, r1, ror #6
    167c:	5f6d7261 	svcpl	0x006d7261
    1680:	68637261 	stmdavs	r3!, {r0, r5, r6, r9, ip, sp, lr}^
    1684:	00315f38 	eorseq	r5, r1, r8, lsr pc
