
touchscreen.elf：     文件格式 elf32-littlearm


Disassembly of section .text:

87800000 <_start>:
87800000:	e59ff100 	ldr	pc, [pc, #256]	; 87800108 <FIQ_Handler+0x8>
87800004:	e59ff100 	ldr	pc, [pc, #256]	; 8780010c <FIQ_Handler+0xc>
87800008:	e59ff100 	ldr	pc, [pc, #256]	; 87800110 <FIQ_Handler+0x10>
8780000c:	e59ff100 	ldr	pc, [pc, #256]	; 87800114 <FIQ_Handler+0x14>
87800010:	e59ff100 	ldr	pc, [pc, #256]	; 87800118 <FIQ_Handler+0x18>
87800014:	e59ff100 	ldr	pc, [pc, #256]	; 8780011c <FIQ_Handler+0x1c>
87800018:	e59ff100 	ldr	pc, [pc, #256]	; 87800120 <FIQ_Handler+0x20>
8780001c:	e59ff100 	ldr	pc, [pc, #256]	; 87800124 <FIQ_Handler+0x24>

87800020 <Reset_Handler>:
87800020:	f10c0080 	cpsid	i
87800024:	ee110f10 	mrc	15, 0, r0, cr1, cr0, {0}
87800028:	e3c00a01 	bic	r0, r0, #4096	; 0x1000
8780002c:	e3c00004 	bic	r0, r0, #4
87800030:	e3c00002 	bic	r0, r0, #2
87800034:	e3c00b02 	bic	r0, r0, #2048	; 0x800
87800038:	e3c00001 	bic	r0, r0, #1
8780003c:	ee010f10 	mcr	15, 0, r0, cr1, cr0, {0}
87800040:	e10f0000 	mrs	r0, CPSR
87800044:	e3c0001f 	bic	r0, r0, #31
87800048:	e3800012 	orr	r0, r0, #18
8780004c:	e129f000 	msr	CPSR_fc, r0
87800050:	e59fd0d0 	ldr	sp, [pc, #208]	; 87800128 <FIQ_Handler+0x28>
87800054:	e10f0000 	mrs	r0, CPSR
87800058:	e3c0001f 	bic	r0, r0, #31
8780005c:	e380001f 	orr	r0, r0, #31
87800060:	e129f000 	msr	CPSR_fc, r0
87800064:	e59fd0c0 	ldr	sp, [pc, #192]	; 8780012c <FIQ_Handler+0x2c>
87800068:	e10f0000 	mrs	r0, CPSR
8780006c:	e3c0001f 	bic	r0, r0, #31
87800070:	e3800013 	orr	r0, r0, #19
87800074:	e129f000 	msr	CPSR_fc, r0
87800078:	e59fd0b0 	ldr	sp, [pc, #176]	; 87800130 <FIQ_Handler+0x30>
8780007c:	f1080080 	cpsie	i
87800080:	ea0012d8 	b	87804be8 <__main_from_arm>

87800084 <Undefined_Handler>:
87800084:	e59f0080 	ldr	r0, [pc, #128]	; 8780010c <FIQ_Handler+0xc>
87800088:	e12fff10 	bx	r0

8780008c <SVC_Handler>:
8780008c:	e59f007c 	ldr	r0, [pc, #124]	; 87800110 <FIQ_Handler+0x10>
87800090:	e12fff10 	bx	r0

87800094 <PrefAbort_Handler>:
87800094:	e59f0078 	ldr	r0, [pc, #120]	; 87800114 <FIQ_Handler+0x14>
87800098:	e12fff10 	bx	r0

8780009c <DataAbort_Handler>:
8780009c:	e59f0074 	ldr	r0, [pc, #116]	; 87800118 <FIQ_Handler+0x18>
878000a0:	e12fff10 	bx	r0

878000a4 <NotUsed_Handler>:
878000a4:	e59f0070 	ldr	r0, [pc, #112]	; 8780011c <FIQ_Handler+0x1c>
878000a8:	e12fff10 	bx	r0

878000ac <IRQ_Handler>:
878000ac:	e52de004 	push	{lr}		; (str lr, [sp, #-4]!)
878000b0:	e92d100f 	push	{r0, r1, r2, r3, ip}
878000b4:	e14f0000 	mrs	r0, SPSR
878000b8:	e52d0004 	push	{r0}		; (str r0, [sp, #-4]!)
878000bc:	ee9f1f10 	mrc	15, 4, r1, cr15, cr0, {0}
878000c0:	e2811a02 	add	r1, r1, #8192	; 0x2000
878000c4:	e591000c 	ldr	r0, [r1, #12]
878000c8:	e92d0003 	push	{r0, r1}
878000cc:	f1020013 	cps	#19
878000d0:	e52de004 	push	{lr}		; (str lr, [sp, #-4]!)
878000d4:	e59f2058 	ldr	r2, [pc, #88]	; 87800134 <FIQ_Handler+0x34>
878000d8:	e12fff32 	blx	r2
878000dc:	e49de004 	pop	{lr}		; (ldr lr, [sp], #4)
878000e0:	f1020012 	cps	#18
878000e4:	e8bd0003 	pop	{r0, r1}
878000e8:	e5810010 	str	r0, [r1, #16]
878000ec:	e49d0004 	pop	{r0}		; (ldr r0, [sp], #4)
878000f0:	e16ff000 	msr	SPSR_fsxc, r0
878000f4:	e8bd100f 	pop	{r0, r1, r2, r3, ip}
878000f8:	e49de004 	pop	{lr}		; (ldr lr, [sp], #4)
878000fc:	e25ef004 	subs	pc, lr, #4

87800100 <FIQ_Handler>:
87800100:	e59f001c 	ldr	r0, [pc, #28]	; 87800124 <FIQ_Handler+0x24>
87800104:	e12fff10 	bx	r0
87800108:	87800020 	strhi	r0, [r0, r0, lsr #32]
8780010c:	87800084 	strhi	r0, [r0, r4, lsl #1]
87800110:	8780008c 	strhi	r0, [r0, ip, lsl #1]
87800114:	87800094 			; <UNDEFINED> instruction: 0x87800094
87800118:	8780009c 			; <UNDEFINED> instruction: 0x8780009c
8780011c:	878000a4 	strhi	r0, [r0, r4, lsr #1]
87800120:	878000ac 	strhi	r0, [r0, ip, lsr #1]
87800124:	87800100 	strhi	r0, [r0, r0, lsl #2]
87800128:	80600000 	rsbhi	r0, r0, r0
8780012c:	80400000 	subhi	r0, r0, r0
87800130:	80200000 	eorhi	r0, r0, r0
87800134:	87800821 	strhi	r0, [r0, r1, lsr #16]
87800138:	00001e41 	andeq	r1, r0, r1, asr #28
8780013c:	61656100 	cmnvs	r5, r0, lsl #2
87800140:	01006962 	tsteq	r0, r2, ror #18
87800144:	00000014 	andeq	r0, r0, r4, lsl r0
87800148:	412d3705 			; <UNDEFINED> instruction: 0x412d3705
8780014c:	070a0600 	streq	r0, [sl, -r0, lsl #12]
87800150:	09010841 	stmdbeq	r1, {r0, r6, fp}
87800154:	00040a02 	andeq	r0, r4, r2, lsl #20
	...

87800160 <__umodsi3>:
87800160:	e2512001 	subs	r2, r1, #1
87800164:	3a000062 	bcc	878002f4 <Ldiv0>
87800168:	11500001 	cmpne	r0, r1
8780016c:	03a00000 	moveq	r0, #0
87800170:	81110002 	tsthi	r1, r2
87800174:	00000002 	andeq	r0, r0, r2
87800178:	91a0f00e 	movls	pc, lr
8780017c:	e3a02000 	mov	r2, #0
87800180:	e3510201 	cmp	r1, #268435456	; 0x10000000
87800184:	31510000 	cmpcc	r1, r0
87800188:	31a01201 	lslcc	r1, r1, #4
8780018c:	32822004 	addcc	r2, r2, #4
87800190:	3afffffa 	bcc	87800180 <__umodsi3+0x20>
87800194:	e3510102 	cmp	r1, #-2147483648	; 0x80000000
87800198:	31510000 	cmpcc	r1, r0
8780019c:	31a01081 	lslcc	r1, r1, #1
878001a0:	32822001 	addcc	r2, r2, #1
878001a4:	3afffffa 	bcc	87800194 <__umodsi3+0x34>
878001a8:	e2522003 	subs	r2, r2, #3
878001ac:	ba00000e 	blt	878001ec <__umodsi3+0x8c>
878001b0:	e1500001 	cmp	r0, r1
878001b4:	20400001 	subcs	r0, r0, r1
878001b8:	e15000a1 	cmp	r0, r1, lsr #1
878001bc:	204000a1 	subcs	r0, r0, r1, lsr #1
878001c0:	e1500121 	cmp	r0, r1, lsr #2
878001c4:	20400121 	subcs	r0, r0, r1, lsr #2
878001c8:	e15001a1 	cmp	r0, r1, lsr #3
878001cc:	204001a1 	subcs	r0, r0, r1, lsr #3
878001d0:	e3500001 	cmp	r0, #1
878001d4:	e1a01221 	lsr	r1, r1, #4
878001d8:	a2522004 	subsge	r2, r2, #4
878001dc:	aafffff3 	bge	878001b0 <__umodsi3+0x50>
878001e0:	e3120003 	tst	r2, #3
878001e4:	13300000 	teqne	r0, #0
878001e8:	0a00000a 	beq	87800218 <__umodsi3+0xb8>
878001ec:	e3720002 	cmn	r2, #2
878001f0:	ba000006 	blt	87800210 <__umodsi3+0xb0>
878001f4:	0a000002 	beq	87800204 <__umodsi3+0xa4>
878001f8:	e1500001 	cmp	r0, r1
878001fc:	20400001 	subcs	r0, r0, r1
87800200:	e1a010a1 	lsr	r1, r1, #1
87800204:	e1500001 	cmp	r0, r1
87800208:	20400001 	subcs	r0, r0, r1
8780020c:	e1a010a1 	lsr	r1, r1, #1
87800210:	e1500001 	cmp	r0, r1
87800214:	20400001 	subcs	r0, r0, r1
87800218:	e1a0f00e 	mov	pc, lr
8780021c:	90909090 	umullsls	r9, r0, r0, r0

87800220 <__modsi3>:
87800220:	e3510000 	cmp	r1, #0
87800224:	0a000032 	beq	878002f4 <Ldiv0>
87800228:	42611000 	rsbmi	r1, r1, #0
8780022c:	e1b0c000 	movs	ip, r0
87800230:	42600000 	rsbmi	r0, r0, #0
87800234:	e2512001 	subs	r2, r1, #1
87800238:	11500001 	cmpne	r0, r1
8780023c:	03a00000 	moveq	r0, #0
87800240:	81110002 	tsthi	r1, r2
87800244:	00000002 	andeq	r0, r0, r2
87800248:	9a000026 	bls	878002e8 <__modsi3+0xc8>
8780024c:	e3a02000 	mov	r2, #0
87800250:	e3510201 	cmp	r1, #268435456	; 0x10000000
87800254:	31510000 	cmpcc	r1, r0
87800258:	31a01201 	lslcc	r1, r1, #4
8780025c:	32822004 	addcc	r2, r2, #4
87800260:	3afffffa 	bcc	87800250 <__modsi3+0x30>
87800264:	e3510102 	cmp	r1, #-2147483648	; 0x80000000
87800268:	31510000 	cmpcc	r1, r0
8780026c:	31a01081 	lslcc	r1, r1, #1
87800270:	32822001 	addcc	r2, r2, #1
87800274:	3afffffa 	bcc	87800264 <__modsi3+0x44>
87800278:	e2522003 	subs	r2, r2, #3
8780027c:	ba00000e 	blt	878002bc <__modsi3+0x9c>
87800280:	e1500001 	cmp	r0, r1
87800284:	20400001 	subcs	r0, r0, r1
87800288:	e15000a1 	cmp	r0, r1, lsr #1
8780028c:	204000a1 	subcs	r0, r0, r1, lsr #1
87800290:	e1500121 	cmp	r0, r1, lsr #2
87800294:	20400121 	subcs	r0, r0, r1, lsr #2
87800298:	e15001a1 	cmp	r0, r1, lsr #3
8780029c:	204001a1 	subcs	r0, r0, r1, lsr #3
878002a0:	e3500001 	cmp	r0, #1
878002a4:	e1a01221 	lsr	r1, r1, #4
878002a8:	a2522004 	subsge	r2, r2, #4
878002ac:	aafffff3 	bge	87800280 <__modsi3+0x60>
878002b0:	e3120003 	tst	r2, #3
878002b4:	13300000 	teqne	r0, #0
878002b8:	0a00000a 	beq	878002e8 <__modsi3+0xc8>
878002bc:	e3720002 	cmn	r2, #2
878002c0:	ba000006 	blt	878002e0 <__modsi3+0xc0>
878002c4:	0a000002 	beq	878002d4 <__modsi3+0xb4>
878002c8:	e1500001 	cmp	r0, r1
878002cc:	20400001 	subcs	r0, r0, r1
878002d0:	e1a010a1 	lsr	r1, r1, #1
878002d4:	e1500001 	cmp	r0, r1
878002d8:	20400001 	subcs	r0, r0, r1
878002dc:	e1a010a1 	lsr	r1, r1, #1
878002e0:	e1500001 	cmp	r0, r1
878002e4:	20400001 	subcs	r0, r0, r1
878002e8:	e35c0000 	cmp	ip, #0
878002ec:	42600000 	rsbmi	r0, r0, #0
878002f0:	e1a0f00e 	mov	pc, lr

878002f4 <Ldiv0>:
878002f4:	e52de004 	push	{lr}		; (str lr, [sp, #-4]!)
878002f8:	e3a00000 	mov	r0, #0
878002fc:	e49df004 	pop	{pc}		; (ldr pc, [sp], #4)

87800300 <imx6ul_hardfpu_enable>:
87800300:	ee11 3f50 	mrc	15, 0, r3, cr1, cr0, {2}
87800304:	f023 4340 	bic.w	r3, r3, #3221225472	; 0xc0000000
87800308:	f423 0370 	bic.w	r3, r3, #15728640	; 0xf00000
8780030c:	f443 0370 	orr.w	r3, r3, #15728640	; 0xf00000
87800310:	ee01 3f50 	mcr	15, 0, r3, cr1, cr0, {2}
87800314:	eef8 3a10 	vmrs	r3, fpexc
87800318:	f043 4380 	orr.w	r3, r3, #1073741824	; 0x40000000
8780031c:	eee8 3a10 	vmsr	fpexc, r3
87800320:	4770      	bx	lr
87800322:	bf00      	nop

87800324 <clk_enable>:
87800324:	f44f 4380 	mov.w	r3, #16384	; 0x4000
87800328:	f04f 32ff 	mov.w	r2, #4294967295	; 0xffffffff
8780032c:	f2c0 230c 	movt	r3, #524	; 0x20c
87800330:	669a      	str	r2, [r3, #104]	; 0x68
87800332:	66da      	str	r2, [r3, #108]	; 0x6c
87800334:	671a      	str	r2, [r3, #112]	; 0x70
87800336:	675a      	str	r2, [r3, #116]	; 0x74
87800338:	679a      	str	r2, [r3, #120]	; 0x78
8780033a:	67da      	str	r2, [r3, #124]	; 0x7c
8780033c:	f8c3 2080 	str.w	r2, [r3, #128]	; 0x80
87800340:	4770      	bx	lr
87800342:	bf00      	nop

87800344 <imx6u_clkinit>:
87800344:	f44f 4380 	mov.w	r3, #16384	; 0x4000
87800348:	b430      	push	{r4, r5}
8780034a:	f2c0 230c 	movt	r3, #524	; 0x20c
8780034e:	68da      	ldr	r2, [r3, #12]
87800350:	0751      	lsls	r1, r2, #29
87800352:	d407      	bmi.n	87800364 <imx6u_clkinit+0x20>
87800354:	68da      	ldr	r2, [r3, #12]
87800356:	f422 7280 	bic.w	r2, r2, #256	; 0x100
8780035a:	60da      	str	r2, [r3, #12]
8780035c:	68da      	ldr	r2, [r3, #12]
8780035e:	f042 0204 	orr.w	r2, r2, #4
87800362:	60da      	str	r2, [r3, #12]
87800364:	f44f 4100 	mov.w	r1, #32768	; 0x8000
87800368:	f44f 4280 	mov.w	r2, #16384	; 0x4000
8780036c:	f2c0 220c 	movt	r2, #524	; 0x20c
87800370:	f2c0 210c 	movt	r1, #524	; 0x20c
87800374:	f242 0342 	movw	r3, #8258	; 0x2042
87800378:	2500      	movs	r5, #0
8780037a:	600b      	str	r3, [r1, #0]
8780037c:	f241 041b 	movw	r4, #4123	; 0x101b
87800380:	68d3      	ldr	r3, [r2, #12]
87800382:	f2c2 0418 	movt	r4, #8216	; 0x2018
87800386:	f241 000c 	movw	r0, #4108	; 0x100c
8780038a:	f2c1 3011 	movt	r0, #4881	; 0x1311
8780038e:	f023 0304 	bic.w	r3, r3, #4
87800392:	60d3      	str	r3, [r2, #12]
87800394:	4613      	mov	r3, r2
87800396:	6115      	str	r5, [r2, #16]
87800398:	f8d1 5100 	ldr.w	r5, [r1, #256]	; 0x100
8780039c:	f005 35c0 	and.w	r5, r5, #3233857728	; 0xc0c0c0c0
878003a0:	432c      	orrs	r4, r5
878003a2:	f8c1 4100 	str.w	r4, [r1, #256]	; 0x100
878003a6:	f8d1 40f0 	ldr.w	r4, [r1, #240]	; 0xf0
878003aa:	f004 34c0 	and.w	r4, r4, #3233857728	; 0xc0c0c0c0
878003ae:	4320      	orrs	r0, r4
878003b0:	f8c1 00f0 	str.w	r0, [r1, #240]	; 0xf0
878003b4:	6991      	ldr	r1, [r2, #24]
878003b6:	f421 2140 	bic.w	r1, r1, #786432	; 0xc0000
878003ba:	6191      	str	r1, [r2, #24]
878003bc:	6991      	ldr	r1, [r2, #24]
878003be:	f441 2180 	orr.w	r1, r1, #262144	; 0x40000
878003c2:	6191      	str	r1, [r2, #24]
878003c4:	6951      	ldr	r1, [r2, #20]
878003c6:	f021 7100 	bic.w	r1, r1, #33554432	; 0x2000000
878003ca:	6151      	str	r1, [r2, #20]
878003cc:	6c9a      	ldr	r2, [r3, #72]	; 0x48
878003ce:	0692      	lsls	r2, r2, #26
878003d0:	d4fc      	bmi.n	878003cc <imx6u_clkinit+0x88>
878003d2:	695a      	ldr	r2, [r3, #20]
878003d4:	bc30      	pop	{r4, r5}
878003d6:	f422 7240 	bic.w	r2, r2, #768	; 0x300
878003da:	615a      	str	r2, [r3, #20]
878003dc:	695a      	ldr	r2, [r3, #20]
878003de:	f442 7280 	orr.w	r2, r2, #256	; 0x100
878003e2:	615a      	str	r2, [r3, #20]
878003e4:	69da      	ldr	r2, [r3, #28]
878003e6:	f022 0240 	bic.w	r2, r2, #64	; 0x40
878003ea:	61da      	str	r2, [r3, #28]
878003ec:	69da      	ldr	r2, [r3, #28]
878003ee:	f022 0207 	bic.w	r2, r2, #7
878003f2:	61da      	str	r2, [r3, #28]
878003f4:	4770      	bx	lr
878003f6:	bf00      	nop

878003f8 <led_init>:
878003f8:	2168      	movs	r1, #104	; 0x68
878003fa:	f44f 723d 	mov.w	r2, #756	; 0x2f4
878003fe:	f44f 4340 	mov.w	r3, #49152	; 0xc000
87800402:	b410      	push	{r4}
87800404:	f2c0 2309 	movt	r3, #521	; 0x209
87800408:	2405      	movs	r4, #5
8780040a:	f2c0 220e 	movt	r2, #526	; 0x20e
8780040e:	f2c0 210e 	movt	r1, #526	; 0x20e
87800412:	f241 00b0 	movw	r0, #4272	; 0x10b0
87800416:	600c      	str	r4, [r1, #0]
87800418:	6010      	str	r0, [r2, #0]
8780041a:	685a      	ldr	r2, [r3, #4]
8780041c:	f85d 4b04 	ldr.w	r4, [sp], #4
87800420:	f042 0208 	orr.w	r2, r2, #8
87800424:	605a      	str	r2, [r3, #4]
87800426:	681a      	ldr	r2, [r3, #0]
87800428:	f022 0208 	bic.w	r2, r2, #8
8780042c:	601a      	str	r2, [r3, #0]
8780042e:	4770      	bx	lr

87800430 <led_switch>:
87800430:	b950      	cbnz	r0, 87800448 <led_switch+0x18>
87800432:	2901      	cmp	r1, #1
87800434:	d009      	beq.n	8780044a <led_switch+0x1a>
87800436:	b939      	cbnz	r1, 87800448 <led_switch+0x18>
87800438:	f44f 4340 	mov.w	r3, #49152	; 0xc000
8780043c:	f2c0 2309 	movt	r3, #521	; 0x209
87800440:	681a      	ldr	r2, [r3, #0]
87800442:	f042 0208 	orr.w	r2, r2, #8
87800446:	601a      	str	r2, [r3, #0]
87800448:	4770      	bx	lr
8780044a:	f44f 4340 	mov.w	r3, #49152	; 0xc000
8780044e:	f2c0 2309 	movt	r3, #521	; 0x209
87800452:	681a      	ldr	r2, [r3, #0]
87800454:	f022 0208 	bic.w	r2, r2, #8
87800458:	601a      	str	r2, [r3, #0]
8780045a:	4770      	bx	lr

8780045c <delay_init>:
8780045c:	f44f 4300 	mov.w	r3, #32768	; 0x8000
87800460:	2000      	movs	r0, #0
87800462:	f2c0 2309 	movt	r3, #521	; 0x209
87800466:	f44f 4100 	mov.w	r1, #32768	; 0x8000
8780046a:	461a      	mov	r2, r3
8780046c:	6018      	str	r0, [r3, #0]
8780046e:	6019      	str	r1, [r3, #0]
87800470:	6813      	ldr	r3, [r2, #0]
87800472:	041b      	lsls	r3, r3, #16
87800474:	d4fc      	bmi.n	87800470 <delay_init+0x14>
87800476:	f04f 33ff 	mov.w	r3, #4294967295	; 0xffffffff
8780047a:	2040      	movs	r0, #64	; 0x40
8780047c:	2141      	movs	r1, #65	; 0x41
8780047e:	6010      	str	r0, [r2, #0]
87800480:	6051      	str	r1, [r2, #4]
87800482:	6113      	str	r3, [r2, #16]
87800484:	6813      	ldr	r3, [r2, #0]
87800486:	f043 0301 	orr.w	r3, r3, #1
8780048a:	6013      	str	r3, [r2, #0]
8780048c:	4770      	bx	lr
8780048e:	bf00      	nop

87800490 <delayus>:
87800490:	f44f 4100 	mov.w	r1, #32768	; 0x8000
87800494:	b430      	push	{r4, r5}
87800496:	f2c0 2109 	movt	r1, #521	; 0x209
8780049a:	2400      	movs	r4, #0
8780049c:	6a4a      	ldr	r2, [r1, #36]	; 0x24
8780049e:	6a4b      	ldr	r3, [r1, #36]	; 0x24
878004a0:	429a      	cmp	r2, r3
878004a2:	d0fc      	beq.n	8780049e <delayus+0xe>
878004a4:	f104 35ff 	add.w	r5, r4, #4294967295	; 0xffffffff
878004a8:	eba4 0402 	sub.w	r4, r4, r2
878004ac:	eba5 0202 	sub.w	r2, r5, r2
878004b0:	bf34      	ite	cc
878004b2:	18e4      	addcc	r4, r4, r3
878004b4:	18d4      	addcs	r4, r2, r3
878004b6:	461a      	mov	r2, r3
878004b8:	4284      	cmp	r4, r0
878004ba:	d3f0      	bcc.n	8780049e <delayus+0xe>
878004bc:	bc30      	pop	{r4, r5}
878004be:	4770      	bx	lr

878004c0 <delayms>:
878004c0:	b1e0      	cbz	r0, 878004fc <delayms+0x3c>
878004c2:	f44f 4100 	mov.w	r1, #32768	; 0x8000
878004c6:	b470      	push	{r4, r5, r6}
878004c8:	f2c0 2109 	movt	r1, #521	; 0x209
878004cc:	2600      	movs	r6, #0
878004ce:	2400      	movs	r4, #0
878004d0:	6a4a      	ldr	r2, [r1, #36]	; 0x24
878004d2:	6a4b      	ldr	r3, [r1, #36]	; 0x24
878004d4:	4293      	cmp	r3, r2
878004d6:	d0fc      	beq.n	878004d2 <delayms+0x12>
878004d8:	f104 35ff 	add.w	r5, r4, #4294967295	; 0xffffffff
878004dc:	eba4 0402 	sub.w	r4, r4, r2
878004e0:	eba5 0202 	sub.w	r2, r5, r2
878004e4:	bf8c      	ite	hi
878004e6:	18e4      	addhi	r4, r4, r3
878004e8:	189c      	addls	r4, r3, r2
878004ea:	461a      	mov	r2, r3
878004ec:	f5b4 7f7a 	cmp.w	r4, #1000	; 0x3e8
878004f0:	d3ef      	bcc.n	878004d2 <delayms+0x12>
878004f2:	3601      	adds	r6, #1
878004f4:	4286      	cmp	r6, r0
878004f6:	d1ea      	bne.n	878004ce <delayms+0xe>
878004f8:	bc70      	pop	{r4, r5, r6}
878004fa:	4770      	bx	lr
878004fc:	4770      	bx	lr
878004fe:	bf00      	nop

87800500 <delay_short>:
87800500:	b082      	sub	sp, #8
87800502:	9001      	str	r0, [sp, #4]
87800504:	9b01      	ldr	r3, [sp, #4]
87800506:	1e5a      	subs	r2, r3, #1
87800508:	9201      	str	r2, [sp, #4]
8780050a:	2b00      	cmp	r3, #0
8780050c:	d1fa      	bne.n	87800504 <delay_short+0x4>
8780050e:	b002      	add	sp, #8
87800510:	4770      	bx	lr
87800512:	bf00      	nop

87800514 <delay>:
87800514:	b082      	sub	sp, #8
87800516:	9001      	str	r0, [sp, #4]
87800518:	9b01      	ldr	r3, [sp, #4]
8780051a:	1e5a      	subs	r2, r3, #1
8780051c:	9201      	str	r2, [sp, #4]
8780051e:	b153      	cbz	r3, 87800536 <delay+0x22>
87800520:	f240 73ff 	movw	r3, #2047	; 0x7ff
87800524:	461a      	mov	r2, r3
87800526:	3b01      	subs	r3, #1
87800528:	2a00      	cmp	r2, #0
8780052a:	d1fb      	bne.n	87800524 <delay+0x10>
8780052c:	9b01      	ldr	r3, [sp, #4]
8780052e:	1e5a      	subs	r2, r3, #1
87800530:	9201      	str	r2, [sp, #4]
87800532:	2b00      	cmp	r3, #0
87800534:	d1f4      	bne.n	87800520 <delay+0xc>
87800536:	b002      	add	sp, #8
87800538:	4770      	bx	lr
8780053a:	bf00      	nop

8780053c <beep_init>:
8780053c:	210c      	movs	r1, #12
8780053e:	2250      	movs	r2, #80	; 0x50
87800540:	f44f 4340 	mov.w	r3, #49152	; 0xc000
87800544:	b410      	push	{r4}
87800546:	f2c0 230a 	movt	r3, #522	; 0x20a
8780054a:	2405      	movs	r4, #5
8780054c:	f2c0 2229 	movt	r2, #553	; 0x229
87800550:	f2c0 2129 	movt	r1, #553	; 0x229
87800554:	f241 00b0 	movw	r0, #4272	; 0x10b0
87800558:	600c      	str	r4, [r1, #0]
8780055a:	6010      	str	r0, [r2, #0]
8780055c:	685a      	ldr	r2, [r3, #4]
8780055e:	f85d 4b04 	ldr.w	r4, [sp], #4
87800562:	f042 0202 	orr.w	r2, r2, #2
87800566:	605a      	str	r2, [r3, #4]
87800568:	681a      	ldr	r2, [r3, #0]
8780056a:	f042 0202 	orr.w	r2, r2, #2
8780056e:	601a      	str	r2, [r3, #0]
87800570:	4770      	bx	lr
87800572:	bf00      	nop

87800574 <beep_switch>:
87800574:	2801      	cmp	r0, #1
87800576:	d009      	beq.n	8780058c <beep_switch+0x18>
87800578:	b938      	cbnz	r0, 8780058a <beep_switch+0x16>
8780057a:	f44f 4340 	mov.w	r3, #49152	; 0xc000
8780057e:	f2c0 230a 	movt	r3, #522	; 0x20a
87800582:	681a      	ldr	r2, [r3, #0]
87800584:	f042 0202 	orr.w	r2, r2, #2
87800588:	601a      	str	r2, [r3, #0]
8780058a:	4770      	bx	lr
8780058c:	f44f 4340 	mov.w	r3, #49152	; 0xc000
87800590:	f2c0 230a 	movt	r3, #522	; 0x20a
87800594:	681a      	ldr	r2, [r3, #0]
87800596:	f022 0202 	bic.w	r2, r2, #2
8780059a:	601a      	str	r2, [r3, #0]
8780059c:	4770      	bx	lr
8780059e:	bf00      	nop

878005a0 <key_init>:
878005a0:	218c      	movs	r1, #140	; 0x8c
878005a2:	b530      	push	{r4, r5, lr}
878005a4:	f2c0 210e 	movt	r1, #526	; 0x20e
878005a8:	b085      	sub	sp, #20
878005aa:	2005      	movs	r0, #5
878005ac:	f44f 7346 	mov.w	r3, #792	; 0x318
878005b0:	6008      	str	r0, [r1, #0]
878005b2:	f2c0 230e 	movt	r3, #526	; 0x20e
878005b6:	aa04      	add	r2, sp, #16
878005b8:	f24f 0580 	movw	r5, #61568	; 0xf080
878005bc:	2400      	movs	r4, #0
878005be:	f44f 4040 	mov.w	r0, #49152	; 0xc000
878005c2:	601d      	str	r5, [r3, #0]
878005c4:	f2c0 2009 	movt	r0, #521	; 0x209
878005c8:	f842 4d0c 	str.w	r4, [r2, #-12]!
878005cc:	2112      	movs	r1, #18
878005ce:	f000 f889 	bl	878006e4 <gpio_init>
878005d2:	b005      	add	sp, #20
878005d4:	bd30      	pop	{r4, r5, pc}
878005d6:	bf00      	nop

878005d8 <key_getvalue>:
878005d8:	b538      	push	{r3, r4, r5, lr}
878005da:	f649 04b4 	movw	r4, #39092	; 0x98b4
878005de:	f2c8 7480 	movt	r4, #34688	; 0x8780
878005e2:	7823      	ldrb	r3, [r4, #0]
878005e4:	2b01      	cmp	r3, #1
878005e6:	d00b      	beq.n	87800600 <key_getvalue+0x28>
878005e8:	f44f 4040 	mov.w	r0, #49152	; 0xc000
878005ec:	2112      	movs	r1, #18
878005ee:	f2c0 2009 	movt	r0, #521	; 0x209
878005f2:	f000 f81f 	bl	87800634 <gpio_pinread>
878005f6:	2801      	cmp	r0, #1
878005f8:	bf08      	it	eq
878005fa:	7020      	strbeq	r0, [r4, #0]
878005fc:	2000      	movs	r0, #0
878005fe:	bd38      	pop	{r3, r4, r5, pc}
87800600:	f44f 4040 	mov.w	r0, #49152	; 0xc000
87800604:	2112      	movs	r1, #18
87800606:	f2c0 2009 	movt	r0, #521	; 0x209
8780060a:	f000 f813 	bl	87800634 <gpio_pinread>
8780060e:	4605      	mov	r5, r0
87800610:	2800      	cmp	r0, #0
87800612:	d1e9      	bne.n	878005e8 <key_getvalue+0x10>
87800614:	200a      	movs	r0, #10
87800616:	f7ff ff7d 	bl	87800514 <delay>
8780061a:	f44f 4040 	mov.w	r0, #49152	; 0xc000
8780061e:	2112      	movs	r1, #18
87800620:	f2c0 2009 	movt	r0, #521	; 0x209
87800624:	7025      	strb	r5, [r4, #0]
87800626:	f000 f805 	bl	87800634 <gpio_pinread>
8780062a:	fab0 f080 	clz	r0, r0
8780062e:	0940      	lsrs	r0, r0, #5
87800630:	bd38      	pop	{r3, r4, r5, pc}
87800632:	bf00      	nop

87800634 <gpio_pinread>:
87800634:	6800      	ldr	r0, [r0, #0]
87800636:	40c8      	lsrs	r0, r1
87800638:	f000 0001 	and.w	r0, r0, #1
8780063c:	4770      	bx	lr
8780063e:	bf00      	nop

87800640 <gpio_pinwrite>:
87800640:	2301      	movs	r3, #1
87800642:	fa03 f101 	lsl.w	r1, r3, r1
87800646:	6803      	ldr	r3, [r0, #0]
87800648:	b112      	cbz	r2, 87800650 <gpio_pinwrite+0x10>
8780064a:	4319      	orrs	r1, r3
8780064c:	6001      	str	r1, [r0, #0]
8780064e:	4770      	bx	lr
87800650:	ea23 0101 	bic.w	r1, r3, r1
87800654:	6001      	str	r1, [r0, #0]
87800656:	4770      	bx	lr

87800658 <gpio_intconfig>:
87800658:	b410      	push	{r4}
8780065a:	2301      	movs	r3, #1
8780065c:	69c4      	ldr	r4, [r0, #28]
8780065e:	408b      	lsls	r3, r1
87800660:	290f      	cmp	r1, #15
87800662:	f102 32ff 	add.w	r2, r2, #4294967295	; 0xffffffff
87800666:	bf88      	it	hi
87800668:	3910      	subhi	r1, #16
8780066a:	ea24 0403 	bic.w	r4, r4, r3
8780066e:	61c4      	str	r4, [r0, #28]
87800670:	bf94      	ite	ls
87800672:	f100 040c 	addls.w	r4, r0, #12
87800676:	f100 0410 	addhi.w	r4, r0, #16
8780067a:	2a04      	cmp	r2, #4
8780067c:	d80e      	bhi.n	8780069c <gpio_intconfig+0x44>
8780067e:	e8df f002 	tbb	[pc, r2]
87800682:	26210316 			; <UNDEFINED> instruction: 0x26210316
87800686:	68230010 	stmdavs	r3!, {r4}
8780068a:	0049      	lsls	r1, r1, #1
8780068c:	2003      	movs	r0, #3
8780068e:	2201      	movs	r2, #1
87800690:	4088      	lsls	r0, r1
87800692:	408a      	lsls	r2, r1
87800694:	ea23 0100 	bic.w	r1, r3, r0
87800698:	4311      	orrs	r1, r2
8780069a:	6021      	str	r1, [r4, #0]
8780069c:	f85d 4b04 	ldr.w	r4, [sp], #4
878006a0:	4770      	bx	lr
878006a2:	69c2      	ldr	r2, [r0, #28]
878006a4:	f85d 4b04 	ldr.w	r4, [sp], #4
878006a8:	4313      	orrs	r3, r2
878006aa:	61c3      	str	r3, [r0, #28]
878006ac:	4770      	bx	lr
878006ae:	0049      	lsls	r1, r1, #1
878006b0:	6823      	ldr	r3, [r4, #0]
878006b2:	2203      	movs	r2, #3
878006b4:	fa02 f101 	lsl.w	r1, r2, r1
878006b8:	ea23 0101 	bic.w	r1, r3, r1
878006bc:	6021      	str	r1, [r4, #0]
878006be:	f85d 4b04 	ldr.w	r4, [sp], #4
878006c2:	4770      	bx	lr
878006c4:	0049      	lsls	r1, r1, #1
878006c6:	2003      	movs	r0, #3
878006c8:	6823      	ldr	r3, [r4, #0]
878006ca:	2202      	movs	r2, #2
878006cc:	e7e0      	b.n	87800690 <gpio_intconfig+0x38>
878006ce:	0049      	lsls	r1, r1, #1
878006d0:	6822      	ldr	r2, [r4, #0]
878006d2:	2303      	movs	r3, #3
878006d4:	fa03 f101 	lsl.w	r1, r3, r1
878006d8:	4311      	orrs	r1, r2
878006da:	6021      	str	r1, [r4, #0]
878006dc:	f85d 4b04 	ldr.w	r4, [sp], #4
878006e0:	4770      	bx	lr
878006e2:	bf00      	nop

878006e4 <gpio_init>:
878006e4:	2301      	movs	r3, #1
878006e6:	b470      	push	{r4, r5, r6}
878006e8:	408b      	lsls	r3, r1
878006ea:	6944      	ldr	r4, [r0, #20]
878006ec:	6816      	ldr	r6, [r2, #0]
878006ee:	43dd      	mvns	r5, r3
878006f0:	402c      	ands	r4, r5
878006f2:	6144      	str	r4, [r0, #20]
878006f4:	b15e      	cbz	r6, 8780070e <gpio_init+0x2a>
878006f6:	6844      	ldr	r4, [r0, #4]
878006f8:	431c      	orrs	r4, r3
878006fa:	6044      	str	r4, [r0, #4]
878006fc:	7914      	ldrb	r4, [r2, #4]
878006fe:	b16c      	cbz	r4, 8780071c <gpio_init+0x38>
87800700:	6804      	ldr	r4, [r0, #0]
87800702:	6892      	ldr	r2, [r2, #8]
87800704:	4323      	orrs	r3, r4
87800706:	bc70      	pop	{r4, r5, r6}
87800708:	6003      	str	r3, [r0, #0]
8780070a:	f7ff bfa5 	b.w	87800658 <gpio_intconfig>
8780070e:	6843      	ldr	r3, [r0, #4]
87800710:	6892      	ldr	r2, [r2, #8]
87800712:	401d      	ands	r5, r3
87800714:	6045      	str	r5, [r0, #4]
87800716:	bc70      	pop	{r4, r5, r6}
87800718:	f7ff bf9e 	b.w	87800658 <gpio_intconfig>
8780071c:	6803      	ldr	r3, [r0, #0]
8780071e:	6892      	ldr	r2, [r2, #8]
87800720:	401d      	ands	r5, r3
87800722:	6005      	str	r5, [r0, #0]
87800724:	bc70      	pop	{r4, r5, r6}
87800726:	f7ff bf97 	b.w	87800658 <gpio_intconfig>
8780072a:	bf00      	nop

8780072c <gpio_enableint>:
8780072c:	6942      	ldr	r2, [r0, #20]
8780072e:	2301      	movs	r3, #1
87800730:	fa03 f101 	lsl.w	r1, r3, r1
87800734:	4311      	orrs	r1, r2
87800736:	6141      	str	r1, [r0, #20]
87800738:	4770      	bx	lr
8780073a:	bf00      	nop

8780073c <gpio_disableint>:
8780073c:	6943      	ldr	r3, [r0, #20]
8780073e:	2201      	movs	r2, #1
87800740:	fa02 f101 	lsl.w	r1, r2, r1
87800744:	ea23 0301 	bic.w	r3, r3, r1
87800748:	6143      	str	r3, [r0, #20]
8780074a:	4770      	bx	lr

8780074c <gpio_clearintflags>:
8780074c:	6982      	ldr	r2, [r0, #24]
8780074e:	2301      	movs	r3, #1
87800750:	fa03 f101 	lsl.w	r1, r3, r1
87800754:	4311      	orrs	r1, r2
87800756:	6181      	str	r1, [r0, #24]
87800758:	4770      	bx	lr
8780075a:	bf00      	nop

8780075c <default_irqhandler>:
8780075c:	e7fe      	b.n	8780075c <default_irqhandler>
8780075e:	bf00      	nop

87800760 <int_init>:
87800760:	b470      	push	{r4, r5, r6}
87800762:	ee9f 4f10 	mrc	15, 4, r4, cr15, cr0, {0}
87800766:	0c24      	lsrs	r4, r4, #16
87800768:	f241 0204 	movw	r2, #4100	; 0x1004
8780076c:	2300      	movs	r3, #0
8780076e:	0424      	lsls	r4, r4, #16
87800770:	f04f 30ff 	mov.w	r0, #4294967295	; 0xffffffff
87800774:	58a1      	ldr	r1, [r4, r2]
87800776:	f001 011f 	and.w	r1, r1, #31
8780077a:	3101      	adds	r1, #1
8780077c:	f503 628c 	add.w	r2, r3, #1120	; 0x460
87800780:	3301      	adds	r3, #1
87800782:	4299      	cmp	r1, r3
87800784:	f844 0022 	str.w	r0, [r4, r2, lsl #2]
87800788:	d1f8      	bne.n	8780077c <int_init+0x1c>
8780078a:	f649 2370 	movw	r3, #39536	; 0x9a70
8780078e:	2500      	movs	r5, #0
87800790:	f2c8 7380 	movt	r3, #34688	; 0x8780
87800794:	f242 0104 	movw	r1, #8196	; 0x2004
87800798:	26f8      	movs	r6, #248	; 0xf8
8780079a:	f240 725d 	movw	r2, #1885	; 0x75d
8780079e:	5066      	str	r6, [r4, r1]
878007a0:	f203 5004 	addw	r0, r3, #1284	; 0x504
878007a4:	f242 0608 	movw	r6, #8200	; 0x2008
878007a8:	4629      	mov	r1, r5
878007aa:	f843 5b04 	str.w	r5, [r3], #4
878007ae:	f2c8 7280 	movt	r2, #34688	; 0x8780
878007b2:	2502      	movs	r5, #2
878007b4:	51a5      	str	r5, [r4, r6]
878007b6:	f504 5680 	add.w	r6, r4, #4096	; 0x1000
878007ba:	2501      	movs	r5, #1
878007bc:	f504 5400 	add.w	r4, r4, #8192	; 0x2000
878007c0:	6035      	str	r5, [r6, #0]
878007c2:	6025      	str	r5, [r4, #0]
878007c4:	e9c3 2100 	strd	r2, r1, [r3]
878007c8:	3308      	adds	r3, #8
878007ca:	4298      	cmp	r0, r3
878007cc:	d1fa      	bne.n	878007c4 <int_init+0x64>
878007ce:	2300      	movs	r3, #0
878007d0:	f2c8 7380 	movt	r3, #34688	; 0x8780
878007d4:	ee0c 3f10 	mcr	15, 0, r3, cr12, cr0, {0}
878007d8:	bc70      	pop	{r4, r5, r6}
878007da:	4770      	bx	lr

878007dc <system_irqtable_init>:
878007dc:	b410      	push	{r4}
878007de:	f240 725d 	movw	r2, #1885	; 0x75d
878007e2:	2400      	movs	r4, #0
878007e4:	f649 2370 	movw	r3, #39536	; 0x9a70
878007e8:	4621      	mov	r1, r4
878007ea:	f2c8 7280 	movt	r2, #34688	; 0x8780
878007ee:	f2c8 7380 	movt	r3, #34688	; 0x8780
878007f2:	f203 5004 	addw	r0, r3, #1284	; 0x504
878007f6:	f843 4b04 	str.w	r4, [r3], #4
878007fa:	e9c3 2100 	strd	r2, r1, [r3]
878007fe:	3308      	adds	r3, #8
87800800:	4283      	cmp	r3, r0
87800802:	d1fa      	bne.n	878007fa <system_irqtable_init+0x1e>
87800804:	f85d 4b04 	ldr.w	r4, [sp], #4
87800808:	4770      	bx	lr
8780080a:	bf00      	nop

8780080c <system_register_irqhandler>:
8780080c:	f649 2370 	movw	r3, #39536	; 0x9a70
87800810:	f2c8 7380 	movt	r3, #34688	; 0x8780
87800814:	eb03 00c0 	add.w	r0, r3, r0, lsl #3
87800818:	e9c0 1201 	strd	r1, r2, [r0, #4]
8780081c:	4770      	bx	lr
8780081e:	bf00      	nop

87800820 <system_irqhandler>:
87800820:	b538      	push	{r3, r4, r5, lr}
87800822:	f3c0 0309 	ubfx	r3, r0, #0, #10
87800826:	2b9f      	cmp	r3, #159	; 0x9f
87800828:	d80f      	bhi.n	8780084a <system_irqhandler+0x2a>
8780082a:	f649 2470 	movw	r4, #39536	; 0x9a70
8780082e:	4618      	mov	r0, r3
87800830:	f2c8 7480 	movt	r4, #34688	; 0x8780
87800834:	6822      	ldr	r2, [r4, #0]
87800836:	eb04 03c3 	add.w	r3, r4, r3, lsl #3
8780083a:	685d      	ldr	r5, [r3, #4]
8780083c:	3201      	adds	r2, #1
8780083e:	6899      	ldr	r1, [r3, #8]
87800840:	6022      	str	r2, [r4, #0]
87800842:	47a8      	blx	r5
87800844:	6823      	ldr	r3, [r4, #0]
87800846:	3b01      	subs	r3, #1
87800848:	6023      	str	r3, [r4, #0]
8780084a:	bd38      	pop	{r3, r4, r5, pc}

8780084c <gpio1_io18_irqhandler>:
8780084c:	b508      	push	{r3, lr}
8780084e:	200a      	movs	r0, #10
87800850:	f7ff fe60 	bl	87800514 <delay>
87800854:	f44f 4040 	mov.w	r0, #49152	; 0xc000
87800858:	2112      	movs	r1, #18
8780085a:	f2c0 2009 	movt	r0, #521	; 0x209
8780085e:	f7ff fee9 	bl	87800634 <gpio_pinread>
87800862:	b958      	cbnz	r0, 8780087c <gpio1_io18_irqhandler+0x30>
87800864:	f649 7274 	movw	r2, #40820	; 0x9f74
87800868:	f2c8 7280 	movt	r2, #34688	; 0x8780
8780086c:	7813      	ldrb	r3, [r2, #0]
8780086e:	fab3 f383 	clz	r3, r3
87800872:	095b      	lsrs	r3, r3, #5
87800874:	4618      	mov	r0, r3
87800876:	7013      	strb	r3, [r2, #0]
87800878:	f7ff fe7c 	bl	87800574 <beep_switch>
8780087c:	f44f 4040 	mov.w	r0, #49152	; 0xc000
87800880:	2112      	movs	r1, #18
87800882:	f2c0 2009 	movt	r0, #521	; 0x209
87800886:	e8bd 4008 	ldmia.w	sp!, {r3, lr}
8780088a:	f7ff bf5f 	b.w	8780074c <gpio_clearintflags>
8780088e:	bf00      	nop

87800890 <exit_init>:
87800890:	228c      	movs	r2, #140	; 0x8c
87800892:	f44f 7346 	mov.w	r3, #792	; 0x318
87800896:	b570      	push	{r4, r5, r6, lr}
87800898:	f2c0 220e 	movt	r2, #526	; 0x20e
8780089c:	2005      	movs	r0, #5
8780089e:	f2c0 230e 	movt	r3, #526	; 0x20e
878008a2:	f24f 0180 	movw	r1, #61568	; 0xf080
878008a6:	f44f 4440 	mov.w	r4, #49152	; 0xc000
878008aa:	b084      	sub	sp, #16
878008ac:	6010      	str	r0, [r2, #0]
878008ae:	f2c0 2409 	movt	r4, #521	; 0x209
878008b2:	6019      	str	r1, [r3, #0]
878008b4:	2104      	movs	r1, #4
878008b6:	2301      	movs	r3, #1
878008b8:	eb0d 0201 	add.w	r2, sp, r1
878008bc:	9103      	str	r1, [sp, #12]
878008be:	4620      	mov	r0, r4
878008c0:	2500      	movs	r5, #0
878008c2:	2112      	movs	r1, #18
878008c4:	9501      	str	r5, [sp, #4]
878008c6:	f88d 3008 	strb.w	r3, [sp, #8]
878008ca:	f7ff ff0b 	bl	878006e4 <gpio_init>
878008ce:	ee9f 3f10 	mrc	15, 4, r3, cr15, cr0, {0}
878008d2:	0c1b      	lsrs	r3, r3, #16
878008d4:	f241 100c 	movw	r0, #4364	; 0x110c
878008d8:	2608      	movs	r6, #8
878008da:	041b      	lsls	r3, r3, #16
878008dc:	f640 014d 	movw	r1, #2125	; 0x84d
878008e0:	462a      	mov	r2, r5
878008e2:	501e      	str	r6, [r3, r0]
878008e4:	f2c8 7180 	movt	r1, #34688	; 0x8780
878008e8:	2063      	movs	r0, #99	; 0x63
878008ea:	f7ff ff8f 	bl	8780080c <system_register_irqhandler>
878008ee:	4620      	mov	r0, r4
878008f0:	2112      	movs	r1, #18
878008f2:	f7ff ff1b 	bl	8780072c <gpio_enableint>
878008f6:	b004      	add	sp, #16
878008f8:	bd70      	pop	{r4, r5, r6, pc}
878008fa:	bf00      	nop

878008fc <filtertimer_irqhandler>:
878008fc:	b508      	push	{r3, lr}
878008fe:	2300      	movs	r3, #0
87800900:	f2c0 230d 	movt	r3, #525	; 0x20d
87800904:	685a      	ldr	r2, [r3, #4]
87800906:	07d2      	lsls	r2, r2, #31
87800908:	d407      	bmi.n	8780091a <filtertimer_irqhandler+0x1e>
8780090a:	2300      	movs	r3, #0
8780090c:	f2c0 230d 	movt	r3, #525	; 0x20d
87800910:	685a      	ldr	r2, [r3, #4]
87800912:	f042 0201 	orr.w	r2, r2, #1
87800916:	605a      	str	r2, [r3, #4]
87800918:	bd08      	pop	{r3, pc}
8780091a:	681a      	ldr	r2, [r3, #0]
8780091c:	f44f 4040 	mov.w	r0, #49152	; 0xc000
87800920:	f2c0 2009 	movt	r0, #521	; 0x209
87800924:	2112      	movs	r1, #18
87800926:	f022 0201 	bic.w	r2, r2, #1
8780092a:	601a      	str	r2, [r3, #0]
8780092c:	f7ff fe82 	bl	87800634 <gpio_pinread>
87800930:	2800      	cmp	r0, #0
87800932:	d1ea      	bne.n	8780090a <filtertimer_irqhandler+0xe>
87800934:	f649 7275 	movw	r2, #40821	; 0x9f75
87800938:	f2c8 7280 	movt	r2, #34688	; 0x8780
8780093c:	7813      	ldrb	r3, [r2, #0]
8780093e:	fab3 f383 	clz	r3, r3
87800942:	095b      	lsrs	r3, r3, #5
87800944:	4618      	mov	r0, r3
87800946:	7013      	strb	r3, [r2, #0]
87800948:	f7ff fe14 	bl	87800574 <beep_switch>
8780094c:	e7dd      	b.n	8780090a <filtertimer_irqhandler+0xe>
8780094e:	bf00      	nop

87800950 <gpio1_16_31_irqhandler>:
87800950:	2300      	movs	r3, #0
87800952:	b410      	push	{r4}
87800954:	f2c0 230d 	movt	r3, #525	; 0x20d
87800958:	f44f 5491 	mov.w	r4, #4640	; 0x1220
8780095c:	f2c0 040a 	movt	r4, #10
87800960:	f44f 4040 	mov.w	r0, #49152	; 0xc000
87800964:	681a      	ldr	r2, [r3, #0]
87800966:	f2c0 2009 	movt	r0, #521	; 0x209
8780096a:	2112      	movs	r1, #18
8780096c:	f022 0201 	bic.w	r2, r2, #1
87800970:	601a      	str	r2, [r3, #0]
87800972:	609c      	str	r4, [r3, #8]
87800974:	681a      	ldr	r2, [r3, #0]
87800976:	f85d 4b04 	ldr.w	r4, [sp], #4
8780097a:	f042 0201 	orr.w	r2, r2, #1
8780097e:	601a      	str	r2, [r3, #0]
87800980:	f7ff bee4 	b.w	8780074c <gpio_clearintflags>

87800984 <filtertimer_init>:
87800984:	2300      	movs	r3, #0
87800986:	210e      	movs	r1, #14
87800988:	f2c0 230d 	movt	r3, #525	; 0x20d
8780098c:	2200      	movs	r2, #0
8780098e:	f2c0 1100 	movt	r1, #256	; 0x100
87800992:	b410      	push	{r4}
87800994:	601a      	str	r2, [r3, #0]
87800996:	6019      	str	r1, [r3, #0]
87800998:	6098      	str	r0, [r3, #8]
8780099a:	60da      	str	r2, [r3, #12]
8780099c:	ee9f 3f10 	mrc	15, 4, r3, cr15, cr0, {0}
878009a0:	0c1b      	lsrs	r3, r3, #16
878009a2:	f241 1008 	movw	r0, #4360	; 0x1108
878009a6:	f04f 7480 	mov.w	r4, #16777216	; 0x1000000
878009aa:	041b      	lsls	r3, r3, #16
878009ac:	f640 01fd 	movw	r1, #2301	; 0x8fd
878009b0:	f2c8 7180 	movt	r1, #34688	; 0x8780
878009b4:	501c      	str	r4, [r3, r0]
878009b6:	2058      	movs	r0, #88	; 0x58
878009b8:	f85d 4b04 	ldr.w	r4, [sp], #4
878009bc:	f7ff bf26 	b.w	8780080c <system_register_irqhandler>

878009c0 <filterkey_init>:
878009c0:	228c      	movs	r2, #140	; 0x8c
878009c2:	f44f 7346 	mov.w	r3, #792	; 0x318
878009c6:	b570      	push	{r4, r5, r6, lr}
878009c8:	f2c0 220e 	movt	r2, #526	; 0x20e
878009cc:	2005      	movs	r0, #5
878009ce:	f2c0 230e 	movt	r3, #526	; 0x20e
878009d2:	f24f 0180 	movw	r1, #61568	; 0xf080
878009d6:	f44f 4440 	mov.w	r4, #49152	; 0xc000
878009da:	b084      	sub	sp, #16
878009dc:	6010      	str	r0, [r2, #0]
878009de:	f2c0 2409 	movt	r4, #521	; 0x209
878009e2:	6019      	str	r1, [r3, #0]
878009e4:	2104      	movs	r1, #4
878009e6:	2301      	movs	r3, #1
878009e8:	eb0d 0201 	add.w	r2, sp, r1
878009ec:	9103      	str	r1, [sp, #12]
878009ee:	4620      	mov	r0, r4
878009f0:	2500      	movs	r5, #0
878009f2:	2112      	movs	r1, #18
878009f4:	9501      	str	r5, [sp, #4]
878009f6:	f88d 3008 	strb.w	r3, [sp, #8]
878009fa:	f7ff fe73 	bl	878006e4 <gpio_init>
878009fe:	ee9f 3f10 	mrc	15, 4, r3, cr15, cr0, {0}
87800a02:	0c1b      	lsrs	r3, r3, #16
87800a04:	f241 100c 	movw	r0, #4364	; 0x110c
87800a08:	2608      	movs	r6, #8
87800a0a:	041b      	lsls	r3, r3, #16
87800a0c:	f640 1151 	movw	r1, #2385	; 0x951
87800a10:	462a      	mov	r2, r5
87800a12:	501e      	str	r6, [r3, r0]
87800a14:	f2c8 7180 	movt	r1, #34688	; 0x8780
87800a18:	2063      	movs	r0, #99	; 0x63
87800a1a:	f7ff fef7 	bl	8780080c <system_register_irqhandler>
87800a1e:	4620      	mov	r0, r4
87800a20:	2112      	movs	r1, #18
87800a22:	f7ff fe83 	bl	8780072c <gpio_enableint>
87800a26:	f44f 5091 	mov.w	r0, #4640	; 0x1220
87800a2a:	f2c0 000a 	movt	r0, #10
87800a2e:	f7ff ffa9 	bl	87800984 <filtertimer_init>
87800a32:	b004      	add	sp, #16
87800a34:	bd70      	pop	{r4, r5, r6, pc}
87800a36:	bf00      	nop

87800a38 <filtertimer_stop>:
87800a38:	2300      	movs	r3, #0
87800a3a:	f2c0 230d 	movt	r3, #525	; 0x20d
87800a3e:	681a      	ldr	r2, [r3, #0]
87800a40:	f022 0201 	bic.w	r2, r2, #1
87800a44:	601a      	str	r2, [r3, #0]
87800a46:	4770      	bx	lr

87800a48 <filtertimer_restart>:
87800a48:	2300      	movs	r3, #0
87800a4a:	f2c0 230d 	movt	r3, #525	; 0x20d
87800a4e:	681a      	ldr	r2, [r3, #0]
87800a50:	f022 0201 	bic.w	r2, r2, #1
87800a54:	601a      	str	r2, [r3, #0]
87800a56:	6098      	str	r0, [r3, #8]
87800a58:	681a      	ldr	r2, [r3, #0]
87800a5a:	f042 0201 	orr.w	r2, r2, #1
87800a5e:	601a      	str	r2, [r3, #0]
87800a60:	4770      	bx	lr
87800a62:	bf00      	nop

87800a64 <uart_init>:
87800a64:	2284      	movs	r2, #132	; 0x84
87800a66:	b430      	push	{r4, r5}
87800a68:	f2c0 220e 	movt	r2, #526	; 0x20e
87800a6c:	2500      	movs	r5, #0
87800a6e:	2088      	movs	r0, #136	; 0x88
87800a70:	f240 6424 	movw	r4, #1572	; 0x624
87800a74:	6015      	str	r5, [r2, #0]
87800a76:	f2c0 200e 	movt	r0, #526	; 0x20e
87800a7a:	462a      	mov	r2, r5
87800a7c:	f44f 7344 	mov.w	r3, #784	; 0x310
87800a80:	f44f 7145 	mov.w	r1, #788	; 0x314
87800a84:	6005      	str	r5, [r0, #0]
87800a86:	f2c0 2202 	movt	r2, #514	; 0x202
87800a8a:	f2c0 230e 	movt	r3, #526	; 0x20e
87800a8e:	f2c0 210e 	movt	r1, #526	; 0x20e
87800a92:	f241 00b0 	movw	r0, #4272	; 0x10b0
87800a96:	f2c0 240e 	movt	r4, #526	; 0x20e
87800a9a:	2503      	movs	r5, #3
87800a9c:	6025      	str	r5, [r4, #0]
87800a9e:	6018      	str	r0, [r3, #0]
87800aa0:	4613      	mov	r3, r2
87800aa2:	6008      	str	r0, [r1, #0]
87800aa4:	f8d2 1080 	ldr.w	r1, [r2, #128]	; 0x80
87800aa8:	f021 0101 	bic.w	r1, r1, #1
87800aac:	f8c2 1080 	str.w	r1, [r2, #128]	; 0x80
87800ab0:	f8d2 1084 	ldr.w	r1, [r2, #132]	; 0x84
87800ab4:	f021 0101 	bic.w	r1, r1, #1
87800ab8:	f8c2 1084 	str.w	r1, [r2, #132]	; 0x84
87800abc:	f8d3 2084 	ldr.w	r2, [r3, #132]	; 0x84
87800ac0:	07d2      	lsls	r2, r2, #31
87800ac2:	d5fb      	bpl.n	87800abc <uart_init+0x58>
87800ac4:	2200      	movs	r2, #0
87800ac6:	f44f 7420 	mov.w	r4, #640	; 0x280
87800aca:	f8c3 2080 	str.w	r2, [r3, #128]	; 0x80
87800ace:	2047      	movs	r0, #71	; 0x47
87800ad0:	f8d3 2084 	ldr.w	r2, [r3, #132]	; 0x84
87800ad4:	f640 4134 	movw	r1, #3124	; 0xc34
87800ad8:	f442 4280 	orr.w	r2, r2, #16384	; 0x4000
87800adc:	f042 0226 	orr.w	r2, r2, #38	; 0x26
87800ae0:	f8c3 2084 	str.w	r2, [r3, #132]	; 0x84
87800ae4:	f8d3 2088 	ldr.w	r2, [r3, #136]	; 0x88
87800ae8:	f042 0204 	orr.w	r2, r2, #4
87800aec:	f8c3 2088 	str.w	r2, [r3, #136]	; 0x88
87800af0:	f8d3 2080 	ldr.w	r2, [r3, #128]	; 0x80
87800af4:	f422 4280 	bic.w	r2, r2, #16384	; 0x4000
87800af8:	f8c3 2080 	str.w	r2, [r3, #128]	; 0x80
87800afc:	f8c3 4090 	str.w	r4, [r3, #144]	; 0x90
87800b00:	f8c3 00a4 	str.w	r0, [r3, #164]	; 0xa4
87800b04:	f8c3 10a8 	str.w	r1, [r3, #168]	; 0xa8
87800b08:	f8d3 2080 	ldr.w	r2, [r3, #128]	; 0x80
87800b0c:	bc30      	pop	{r4, r5}
87800b0e:	f042 0201 	orr.w	r2, r2, #1
87800b12:	f8c3 2080 	str.w	r2, [r3, #128]	; 0x80
87800b16:	4770      	bx	lr

87800b18 <uart_io_init>:
87800b18:	b430      	push	{r4, r5}
87800b1a:	2288      	movs	r2, #136	; 0x88
87800b1c:	2584      	movs	r5, #132	; 0x84
87800b1e:	2400      	movs	r4, #0
87800b20:	f2c0 250e 	movt	r5, #526	; 0x20e
87800b24:	f2c0 220e 	movt	r2, #526	; 0x20e
87800b28:	f240 6024 	movw	r0, #1572	; 0x624
87800b2c:	f44f 7144 	mov.w	r1, #784	; 0x310
87800b30:	f44f 7345 	mov.w	r3, #788	; 0x314
87800b34:	602c      	str	r4, [r5, #0]
87800b36:	f2c0 200e 	movt	r0, #526	; 0x20e
87800b3a:	6014      	str	r4, [r2, #0]
87800b3c:	2503      	movs	r5, #3
87800b3e:	f241 02b0 	movw	r2, #4272	; 0x10b0
87800b42:	f2c0 210e 	movt	r1, #526	; 0x20e
87800b46:	f2c0 230e 	movt	r3, #526	; 0x20e
87800b4a:	6005      	str	r5, [r0, #0]
87800b4c:	600a      	str	r2, [r1, #0]
87800b4e:	bc30      	pop	{r4, r5}
87800b50:	601a      	str	r2, [r3, #0]
87800b52:	4770      	bx	lr

87800b54 <uart_setbaudrate>:
87800b54:	e92d 4ff0 	stmdb	sp!, {r4, r5, r6, r7, r8, r9, sl, fp, lr}
87800b58:	010c      	lsls	r4, r1, #4
87800b5a:	b087      	sub	sp, #28
87800b5c:	460e      	mov	r6, r1
87800b5e:	4680      	mov	r8, r0
87800b60:	4617      	mov	r7, r2
87800b62:	bf08      	it	eq
87800b64:	4615      	moveq	r5, r2
87800b66:	d013      	beq.n	87800b90 <uart_setbaudrate+0x3c>
87800b68:	46a1      	mov	r9, r4
87800b6a:	4610      	mov	r0, r2
87800b6c:	e000      	b.n	87800b70 <uart_setbaudrate+0x1c>
87800b6e:	4689      	mov	r9, r1
87800b70:	4649      	mov	r1, r9
87800b72:	f003 ff2f 	bl	878049d4 <__aeabi_uidivmod>
87800b76:	4648      	mov	r0, r9
87800b78:	2900      	cmp	r1, #0
87800b7a:	d1f8      	bne.n	87800b6e <uart_setbaudrate+0x1a>
87800b7c:	4649      	mov	r1, r9
87800b7e:	4638      	mov	r0, r7
87800b80:	f003 fdfa 	bl	87804778 <__udivsi3>
87800b84:	4649      	mov	r1, r9
87800b86:	4605      	mov	r5, r0
87800b88:	4620      	mov	r0, r4
87800b8a:	f003 fdf5 	bl	87804778 <__udivsi3>
87800b8e:	4604      	mov	r4, r0
87800b90:	f64f 79f9 	movw	r9, #65529	; 0xfff9
87800b94:	1e69      	subs	r1, r5, #1
87800b96:	f2c0 0906 	movt	r9, #6
87800b9a:	454d      	cmp	r5, r9
87800b9c:	bf98      	it	ls
87800b9e:	f5b4 3f80 	cmpls.w	r4, #65536	; 0x10000
87800ba2:	bf2c      	ite	cs
87800ba4:	f04f 0901 	movcs.w	r9, #1
87800ba8:	f04f 0900 	movcc.w	r9, #0
87800bac:	f080 8086 	bcs.w	87800cbc <uart_setbaudrate+0x168>
87800bb0:	f248 0201 	movw	r2, #32769	; 0x8001
87800bb4:	ea4f 1a05 	mov.w	sl, r5, lsl #4
87800bb8:	f2c8 0200 	movt	r2, #32768	; 0x8000
87800bbc:	f8cd 9000 	str.w	r9, [sp]
87800bc0:	fba1 2302 	umull	r2, r3, r1, r2
87800bc4:	4650      	mov	r0, sl
87800bc6:	46a3      	mov	fp, r4
87800bc8:	0bdb      	lsrs	r3, r3, #15
87800bca:	1e59      	subs	r1, r3, #1
87800bcc:	3301      	adds	r3, #1
87800bce:	9304      	str	r3, [sp, #16]
87800bd0:	2905      	cmp	r1, #5
87800bd2:	46b9      	mov	r9, r7
87800bd4:	bf97      	itett	ls
87800bd6:	f245 0304 	movwls	r3, #20484	; 0x5004
87800bda:	2305      	movhi	r3, #5
87800bdc:	f2c8 7380 	movtls	r3, #34688	; 0x8780
87800be0:	f853 3021 	ldrls.w	r3, [r3, r1, lsl #2]
87800be4:	9305      	str	r3, [sp, #20]
87800be6:	2300      	movs	r3, #0
87800be8:	f1ba 0f00 	cmp.w	sl, #0
87800bec:	d01d      	beq.n	87800c2a <uart_setbaudrate+0xd6>
87800bee:	46a1      	mov	r9, r4
87800bf0:	4638      	mov	r0, r7
87800bf2:	4654      	mov	r4, sl
87800bf4:	f8cd a008 	str.w	sl, [sp, #8]
87800bf8:	2300      	movs	r3, #0
87800bfa:	4622      	mov	r2, r4
87800bfc:	4619      	mov	r1, r3
87800bfe:	f003 ff47 	bl	87804a90 <__aeabi_uldivmod>
87800c02:	4620      	mov	r0, r4
87800c04:	2300      	movs	r3, #0
87800c06:	4614      	mov	r4, r2
87800c08:	2a00      	cmp	r2, #0
87800c0a:	d1f5      	bne.n	87800bf8 <uart_setbaudrate+0xa4>
87800c0c:	464c      	mov	r4, r9
87800c0e:	4681      	mov	r9, r0
87800c10:	4649      	mov	r1, r9
87800c12:	9802      	ldr	r0, [sp, #8]
87800c14:	9303      	str	r3, [sp, #12]
87800c16:	f003 fdaf 	bl	87804778 <__udivsi3>
87800c1a:	4649      	mov	r1, r9
87800c1c:	9002      	str	r0, [sp, #8]
87800c1e:	4638      	mov	r0, r7
87800c20:	f003 fdaa 	bl	87804778 <__udivsi3>
87800c24:	4681      	mov	r9, r0
87800c26:	e9dd 0302 	ldrd	r0, r3, [sp, #8]
87800c2a:	fb0b fc03 	mul.w	ip, fp, r3
87800c2e:	9f00      	ldr	r7, [sp, #0]
87800c30:	4602      	mov	r2, r0
87800c32:	2300      	movs	r3, #0
87800c34:	fbab 0109 	umull	r0, r1, fp, r9
87800c38:	fb09 c907 	mla	r9, r9, r7, ip
87800c3c:	4449      	add	r1, r9
87800c3e:	f003 ff27 	bl	87804a90 <__aeabi_uldivmod>
87800c42:	2300      	movs	r3, #0
87800c44:	4681      	mov	r9, r0
87800c46:	4299      	cmp	r1, r3
87800c48:	468a      	mov	sl, r1
87800c4a:	bf08      	it	eq
87800c4c:	42b0      	cmpeq	r0, r6
87800c4e:	4632      	mov	r2, r6
87800c50:	d32d      	bcc.n	87800cae <uart_setbaudrate+0x15a>
87800c52:	1a80      	subs	r0, r0, r2
87800c54:	eb61 0103 	sbc.w	r1, r1, r3
87800c58:	f248 531f 	movw	r3, #34079	; 0x851f
87800c5c:	f2c5 13eb 	movt	r3, #20971	; 0x51eb
87800c60:	fba6 6703 	umull	r6, r7, r6, r3
87800c64:	2300      	movs	r3, #0
87800c66:	4299      	cmp	r1, r3
87800c68:	ea4f 1257 	mov.w	r2, r7, lsr #5
87800c6c:	eb02 0242 	add.w	r2, r2, r2, lsl #1
87800c70:	bf08      	it	eq
87800c72:	4290      	cmpeq	r0, r2
87800c74:	d218      	bcs.n	87800ca8 <uart_setbaudrate+0x154>
87800c76:	f8d8 3090 	ldr.w	r3, [r8, #144]	; 0x90
87800c7a:	3c01      	subs	r4, #1
87800c7c:	9a05      	ldr	r2, [sp, #20]
87800c7e:	b2a4      	uxth	r4, r4
87800c80:	9904      	ldr	r1, [sp, #16]
87800c82:	4628      	mov	r0, r5
87800c84:	f423 7360 	bic.w	r3, r3, #896	; 0x380
87800c88:	f8c8 3090 	str.w	r3, [r8, #144]	; 0x90
87800c8c:	f8d8 3090 	ldr.w	r3, [r8, #144]	; 0x90
87800c90:	ea43 13c2 	orr.w	r3, r3, r2, lsl #7
87800c94:	f8c8 3090 	str.w	r3, [r8, #144]	; 0x90
87800c98:	f8c8 40a4 	str.w	r4, [r8, #164]	; 0xa4
87800c9c:	f003 fd6c 	bl	87804778 <__udivsi3>
87800ca0:	3801      	subs	r0, #1
87800ca2:	b280      	uxth	r0, r0
87800ca4:	f8c8 00a8 	str.w	r0, [r8, #168]	; 0xa8
87800ca8:	b007      	add	sp, #28
87800caa:	e8bd 8ff0 	ldmia.w	sp!, {r4, r5, r6, r7, r8, r9, sl, fp, pc}
87800cae:	ebb2 0209 	subs.w	r2, r2, r9
87800cb2:	eb63 030a 	sbc.w	r3, r3, sl
87800cb6:	4610      	mov	r0, r2
87800cb8:	4619      	mov	r1, r3
87800cba:	e7cd      	b.n	87800c58 <uart_setbaudrate+0x104>
87800cbc:	f646 52b9 	movw	r2, #28089	; 0x6db9
87800cc0:	f248 0901 	movw	r9, #32769	; 0x8001
87800cc4:	f2c2 4293 	movt	r2, #9363	; 0x2493
87800cc8:	f104 3aff 	add.w	sl, r4, #4294967295	; 0xffffffff
87800ccc:	fba1 2302 	umull	r2, r3, r1, r2
87800cd0:	f2c8 0900 	movt	r9, #32768	; 0x8000
87800cd4:	4628      	mov	r0, r5
87800cd6:	fbaa ab09 	umull	sl, fp, sl, r9
87800cda:	e9cd 2300 	strd	r2, r3, [sp]
87800cde:	1aca      	subs	r2, r1, r3
87800ce0:	9b01      	ldr	r3, [sp, #4]
87800ce2:	ea4f 3adb 	mov.w	sl, fp, lsr #15
87800ce6:	eb03 0352 	add.w	r3, r3, r2, lsr #1
87800cea:	f10a 0a01 	add.w	sl, sl, #1
87800cee:	0c9a      	lsrs	r2, r3, #18
87800cf0:	1c53      	adds	r3, r2, #1
87800cf2:	459a      	cmp	sl, r3
87800cf4:	bf38      	it	cc
87800cf6:	469a      	movcc	sl, r3
87800cf8:	4651      	mov	r1, sl
87800cfa:	f003 fd3d 	bl	87804778 <__udivsi3>
87800cfe:	4605      	mov	r5, r0
87800d00:	4651      	mov	r1, sl
87800d02:	4620      	mov	r0, r4
87800d04:	f003 fd38 	bl	87804778 <__udivsi3>
87800d08:	4604      	mov	r4, r0
87800d0a:	b96d      	cbnz	r5, 87800d28 <uart_setbaudrate+0x1d4>
87800d0c:	b1e0      	cbz	r0, 87800d48 <uart_setbaudrate+0x1f4>
87800d0e:	4683      	mov	fp, r0
87800d10:	9500      	str	r5, [sp, #0]
87800d12:	2310      	movs	r3, #16
87800d14:	2501      	movs	r5, #1
87800d16:	469a      	mov	sl, r3
87800d18:	9302      	str	r3, [sp, #8]
87800d1a:	2305      	movs	r3, #5
87800d1c:	46a1      	mov	r9, r4
87800d1e:	9504      	str	r5, [sp, #16]
87800d20:	4638      	mov	r0, r7
87800d22:	9305      	str	r3, [sp, #20]
87800d24:	4654      	mov	r4, sl
87800d26:	e767      	b.n	87800bf8 <uart_setbaudrate+0xa4>
87800d28:	1e6a      	subs	r2, r5, #1
87800d2a:	ea4f 1a05 	mov.w	sl, r5, lsl #4
87800d2e:	fba2 2309 	umull	r2, r3, r2, r9
87800d32:	4650      	mov	r0, sl
87800d34:	0bdb      	lsrs	r3, r3, #15
87800d36:	1e59      	subs	r1, r3, #1
87800d38:	3301      	adds	r3, #1
87800d3a:	9304      	str	r3, [sp, #16]
87800d3c:	b94c      	cbnz	r4, 87800d52 <uart_setbaudrate+0x1fe>
87800d3e:	f04f 0b01 	mov.w	fp, #1
87800d42:	9400      	str	r4, [sp, #0]
87800d44:	465c      	mov	r4, fp
87800d46:	e743      	b.n	87800bd0 <uart_setbaudrate+0x7c>
87800d48:	f04f 0b01 	mov.w	fp, #1
87800d4c:	9000      	str	r0, [sp, #0]
87800d4e:	465c      	mov	r4, fp
87800d50:	e7df      	b.n	87800d12 <uart_setbaudrate+0x1be>
87800d52:	2300      	movs	r3, #0
87800d54:	46a3      	mov	fp, r4
87800d56:	9300      	str	r3, [sp, #0]
87800d58:	e73a      	b.n	87800bd0 <uart_setbaudrate+0x7c>
87800d5a:	bf00      	nop

87800d5c <uart_disable>:
87800d5c:	f8d0 3080 	ldr.w	r3, [r0, #128]	; 0x80
87800d60:	f023 0301 	bic.w	r3, r3, #1
87800d64:	f8c0 3080 	str.w	r3, [r0, #128]	; 0x80
87800d68:	4770      	bx	lr
87800d6a:	bf00      	nop

87800d6c <uart_enable>:
87800d6c:	f8d0 3080 	ldr.w	r3, [r0, #128]	; 0x80
87800d70:	f043 0301 	orr.w	r3, r3, #1
87800d74:	f8c0 3080 	str.w	r3, [r0, #128]	; 0x80
87800d78:	4770      	bx	lr
87800d7a:	bf00      	nop

87800d7c <uart_softreset>:
87800d7c:	f8d0 3084 	ldr.w	r3, [r0, #132]	; 0x84
87800d80:	f023 0301 	bic.w	r3, r3, #1
87800d84:	f8c0 3084 	str.w	r3, [r0, #132]	; 0x84
87800d88:	f8d0 3084 	ldr.w	r3, [r0, #132]	; 0x84
87800d8c:	07db      	lsls	r3, r3, #31
87800d8e:	d5fb      	bpl.n	87800d88 <uart_softreset+0xc>
87800d90:	4770      	bx	lr
87800d92:	bf00      	nop

87800d94 <putc>:
87800d94:	2200      	movs	r2, #0
87800d96:	f2c0 2202 	movt	r2, #514	; 0x202
87800d9a:	f8d2 3098 	ldr.w	r3, [r2, #152]	; 0x98
87800d9e:	071b      	lsls	r3, r3, #28
87800da0:	d5fb      	bpl.n	87800d9a <putc+0x6>
87800da2:	6410      	str	r0, [r2, #64]	; 0x40
87800da4:	4770      	bx	lr
87800da6:	bf00      	nop

87800da8 <puts>:
87800da8:	7801      	ldrb	r1, [r0, #0]
87800daa:	b159      	cbz	r1, 87800dc4 <puts+0x1c>
87800dac:	2200      	movs	r2, #0
87800dae:	f2c0 2202 	movt	r2, #514	; 0x202
87800db2:	f8d2 3098 	ldr.w	r3, [r2, #152]	; 0x98
87800db6:	071b      	lsls	r3, r3, #28
87800db8:	d5fb      	bpl.n	87800db2 <puts+0xa>
87800dba:	6411      	str	r1, [r2, #64]	; 0x40
87800dbc:	f810 1f01 	ldrb.w	r1, [r0, #1]!
87800dc0:	2900      	cmp	r1, #0
87800dc2:	d1f6      	bne.n	87800db2 <puts+0xa>
87800dc4:	4770      	bx	lr
87800dc6:	bf00      	nop

87800dc8 <getc>:
87800dc8:	2200      	movs	r2, #0
87800dca:	f2c0 2202 	movt	r2, #514	; 0x202
87800dce:	f8d2 3098 	ldr.w	r3, [r2, #152]	; 0x98
87800dd2:	07db      	lsls	r3, r3, #31
87800dd4:	d5fb      	bpl.n	87800dce <getc+0x6>
87800dd6:	6810      	ldr	r0, [r2, #0]
87800dd8:	b2c0      	uxtb	r0, r0
87800dda:	4770      	bx	lr

87800ddc <raise>:
87800ddc:	4770      	bx	lr
87800dde:	bf00      	nop

87800de0 <lcd_read_panelid>:
87800de0:	f44f 7288 	mov.w	r2, #272	; 0x110
87800de4:	f44f 7367 	mov.w	r3, #924	; 0x39c
87800de8:	b530      	push	{r4, r5, lr}
87800dea:	f2c0 220e 	movt	r2, #526	; 0x20e
87800dee:	b085      	sub	sp, #20
87800df0:	2405      	movs	r4, #5
87800df2:	f2c0 230e 	movt	r3, #526	; 0x20e
87800df6:	f241 01b0 	movw	r1, #4272	; 0x10b0
87800dfa:	f44f 4080 	mov.w	r0, #16384	; 0x4000
87800dfe:	6014      	str	r4, [r2, #0]
87800e00:	f2c0 200a 	movt	r0, #522	; 0x20a
87800e04:	6019      	str	r1, [r3, #0]
87800e06:	aa01      	add	r2, sp, #4
87800e08:	2301      	movs	r3, #1
87800e0a:	2103      	movs	r1, #3
87800e0c:	9301      	str	r3, [sp, #4]
87800e0e:	f88d 3008 	strb.w	r3, [sp, #8]
87800e12:	f44f 7570 	mov.w	r5, #960	; 0x3c0
87800e16:	f7ff fc65 	bl	878006e4 <gpio_init>
87800e1a:	f44f 729a 	mov.w	r2, #308	; 0x134
87800e1e:	f44f 71aa 	mov.w	r1, #340	; 0x154
87800e22:	f2c0 220e 	movt	r2, #526	; 0x20e
87800e26:	f2c0 210e 	movt	r1, #526	; 0x20e
87800e2a:	f44f 73ba 	mov.w	r3, #372	; 0x174
87800e2e:	6014      	str	r4, [r2, #0]
87800e30:	f2c0 230e 	movt	r3, #526	; 0x20e
87800e34:	600c      	str	r4, [r1, #0]
87800e36:	f44f 7278 	mov.w	r2, #992	; 0x3e0
87800e3a:	f44f 6180 	mov.w	r1, #1024	; 0x400
87800e3e:	601c      	str	r4, [r3, #0]
87800e40:	f2c0 250e 	movt	r5, #526	; 0x20e
87800e44:	f24f 0380 	movw	r3, #61568	; 0xf080
87800e48:	f2c0 220e 	movt	r2, #526	; 0x20e
87800e4c:	f2c0 210e 	movt	r1, #526	; 0x20e
87800e50:	f44f 4080 	mov.w	r0, #16384	; 0x4000
87800e54:	602b      	str	r3, [r5, #0]
87800e56:	f2c0 200a 	movt	r0, #522	; 0x20a
87800e5a:	6013      	str	r3, [r2, #0]
87800e5c:	aa01      	add	r2, sp, #4
87800e5e:	600b      	str	r3, [r1, #0]
87800e60:	2300      	movs	r3, #0
87800e62:	210c      	movs	r1, #12
87800e64:	9301      	str	r3, [sp, #4]
87800e66:	f7ff fc3d 	bl	878006e4 <gpio_init>
87800e6a:	f44f 4080 	mov.w	r0, #16384	; 0x4000
87800e6e:	aa01      	add	r2, sp, #4
87800e70:	2114      	movs	r1, #20
87800e72:	f2c0 200a 	movt	r0, #522	; 0x20a
87800e76:	f7ff fc35 	bl	878006e4 <gpio_init>
87800e7a:	f44f 4080 	mov.w	r0, #16384	; 0x4000
87800e7e:	aa01      	add	r2, sp, #4
87800e80:	211c      	movs	r1, #28
87800e82:	f2c0 200a 	movt	r0, #522	; 0x20a
87800e86:	f7ff fc2d 	bl	878006e4 <gpio_init>
87800e8a:	f44f 4080 	mov.w	r0, #16384	; 0x4000
87800e8e:	211c      	movs	r1, #28
87800e90:	f2c0 200a 	movt	r0, #522	; 0x20a
87800e94:	f7ff fbce 	bl	87800634 <gpio_pinread>
87800e98:	4605      	mov	r5, r0
87800e9a:	f44f 4080 	mov.w	r0, #16384	; 0x4000
87800e9e:	2114      	movs	r1, #20
87800ea0:	f2c0 200a 	movt	r0, #522	; 0x20a
87800ea4:	f7ff fbc6 	bl	87800634 <gpio_pinread>
87800ea8:	4604      	mov	r4, r0
87800eaa:	f44f 4080 	mov.w	r0, #16384	; 0x4000
87800eae:	f2c0 200a 	movt	r0, #522	; 0x20a
87800eb2:	210c      	movs	r1, #12
87800eb4:	f7ff fbbe 	bl	87800634 <gpio_pinread>
87800eb8:	0064      	lsls	r4, r4, #1
87800eba:	0083      	lsls	r3, r0, #2
87800ebc:	f404 74ff 	and.w	r4, r4, #510	; 0x1fe
87800ec0:	f403 737f 	and.w	r3, r3, #1020	; 0x3fc
87800ec4:	4323      	orrs	r3, r4
87800ec6:	432b      	orrs	r3, r5
87800ec8:	f013 03ff 	ands.w	r3, r3, #255	; 0xff
87800ecc:	bf08      	it	eq
87800ece:	f244 3042 	movweq	r0, #17218	; 0x4342
87800ed2:	d018      	beq.n	87800f06 <lcd_read_panelid+0x126>
87800ed4:	2b01      	cmp	r3, #1
87800ed6:	bf08      	it	eq
87800ed8:	f247 0084 	movweq	r0, #28804	; 0x7084
87800edc:	d013      	beq.n	87800f06 <lcd_read_panelid+0x126>
87800ede:	2b02      	cmp	r3, #2
87800ee0:	bf08      	it	eq
87800ee2:	f247 0016 	movweq	r0, #28694	; 0x7016
87800ee6:	d00e      	beq.n	87800f06 <lcd_read_panelid+0x126>
87800ee8:	2b04      	cmp	r3, #4
87800eea:	bf08      	it	eq
87800eec:	f244 3084 	movweq	r0, #17284	; 0x4384
87800ef0:	d009      	beq.n	87800f06 <lcd_read_panelid+0x126>
87800ef2:	2b05      	cmp	r3, #5
87800ef4:	bf08      	it	eq
87800ef6:	f241 0018 	movweq	r0, #4120	; 0x1018
87800efa:	d004      	beq.n	87800f06 <lcd_read_panelid+0x126>
87800efc:	2b07      	cmp	r3, #7
87800efe:	bf0c      	ite	eq
87800f00:	f44f 407f 	moveq.w	r0, #65280	; 0xff00
87800f04:	2000      	movne	r0, #0
87800f06:	b005      	add	sp, #20
87800f08:	bd30      	pop	{r4, r5, pc}
87800f0a:	bf00      	nop

87800f0c <lcdgpio_init>:
87800f0c:	b530      	push	{r4, r5, lr}
87800f0e:	f44f 7090 	mov.w	r0, #288	; 0x120
87800f12:	f44f 748c 	mov.w	r4, #280	; 0x118
87800f16:	f44f 758e 	mov.w	r5, #284	; 0x11c
87800f1a:	f44f 7192 	mov.w	r1, #292	; 0x124
87800f1e:	2300      	movs	r3, #0
87800f20:	f2c0 240e 	movt	r4, #526	; 0x20e
87800f24:	f2c0 250e 	movt	r5, #526	; 0x20e
87800f28:	f2c0 200e 	movt	r0, #526	; 0x20e
87800f2c:	f2c0 210e 	movt	r1, #526	; 0x20e
87800f30:	f44f 7294 	mov.w	r2, #296	; 0x128
87800f34:	6023      	str	r3, [r4, #0]
87800f36:	f2c0 220e 	movt	r2, #526	; 0x20e
87800f3a:	602b      	str	r3, [r5, #0]
87800f3c:	f44f 7496 	mov.w	r4, #300	; 0x12c
87800f40:	6003      	str	r3, [r0, #0]
87800f42:	f44f 7598 	mov.w	r5, #304	; 0x130
87800f46:	600b      	str	r3, [r1, #0]
87800f48:	f44f 709a 	mov.w	r0, #308	; 0x134
87800f4c:	f44f 719c 	mov.w	r1, #312	; 0x138
87800f50:	6013      	str	r3, [r2, #0]
87800f52:	f2c0 240e 	movt	r4, #526	; 0x20e
87800f56:	f2c0 250e 	movt	r5, #526	; 0x20e
87800f5a:	f2c0 200e 	movt	r0, #526	; 0x20e
87800f5e:	f2c0 210e 	movt	r1, #526	; 0x20e
87800f62:	f44f 729e 	mov.w	r2, #316	; 0x13c
87800f66:	6023      	str	r3, [r4, #0]
87800f68:	f2c0 220e 	movt	r2, #526	; 0x20e
87800f6c:	602b      	str	r3, [r5, #0]
87800f6e:	f44f 74a0 	mov.w	r4, #320	; 0x140
87800f72:	6003      	str	r3, [r0, #0]
87800f74:	f44f 75a2 	mov.w	r5, #324	; 0x144
87800f78:	600b      	str	r3, [r1, #0]
87800f7a:	f44f 70a4 	mov.w	r0, #328	; 0x148
87800f7e:	f44f 71a6 	mov.w	r1, #332	; 0x14c
87800f82:	6013      	str	r3, [r2, #0]
87800f84:	f2c0 240e 	movt	r4, #526	; 0x20e
87800f88:	f2c0 250e 	movt	r5, #526	; 0x20e
87800f8c:	f2c0 200e 	movt	r0, #526	; 0x20e
87800f90:	f2c0 210e 	movt	r1, #526	; 0x20e
87800f94:	f44f 72a8 	mov.w	r2, #336	; 0x150
87800f98:	6023      	str	r3, [r4, #0]
87800f9a:	f2c0 220e 	movt	r2, #526	; 0x20e
87800f9e:	602b      	str	r3, [r5, #0]
87800fa0:	f44f 74aa 	mov.w	r4, #340	; 0x154
87800fa4:	6003      	str	r3, [r0, #0]
87800fa6:	f44f 75ac 	mov.w	r5, #344	; 0x158
87800faa:	600b      	str	r3, [r1, #0]
87800fac:	f44f 70ae 	mov.w	r0, #348	; 0x15c
87800fb0:	f44f 71b0 	mov.w	r1, #352	; 0x160
87800fb4:	6013      	str	r3, [r2, #0]
87800fb6:	f2c0 240e 	movt	r4, #526	; 0x20e
87800fba:	f2c0 250e 	movt	r5, #526	; 0x20e
87800fbe:	f2c0 200e 	movt	r0, #526	; 0x20e
87800fc2:	f2c0 210e 	movt	r1, #526	; 0x20e
87800fc6:	f44f 72b2 	mov.w	r2, #356	; 0x164
87800fca:	6023      	str	r3, [r4, #0]
87800fcc:	f2c0 220e 	movt	r2, #526	; 0x20e
87800fd0:	602b      	str	r3, [r5, #0]
87800fd2:	f44f 74b4 	mov.w	r4, #360	; 0x168
87800fd6:	6003      	str	r3, [r0, #0]
87800fd8:	f44f 75b6 	mov.w	r5, #364	; 0x16c
87800fdc:	600b      	str	r3, [r1, #0]
87800fde:	f44f 70b8 	mov.w	r0, #368	; 0x170
87800fe2:	f44f 71ba 	mov.w	r1, #372	; 0x174
87800fe6:	6013      	str	r3, [r2, #0]
87800fe8:	f2c0 240e 	movt	r4, #526	; 0x20e
87800fec:	f2c0 250e 	movt	r5, #526	; 0x20e
87800ff0:	f2c0 200e 	movt	r0, #526	; 0x20e
87800ff4:	f2c0 210e 	movt	r1, #526	; 0x20e
87800ff8:	f44f 7282 	mov.w	r2, #260	; 0x104
87800ffc:	6023      	str	r3, [r4, #0]
87800ffe:	f2c0 220e 	movt	r2, #526	; 0x20e
87801002:	602b      	str	r3, [r5, #0]
87801004:	f44f 7484 	mov.w	r4, #264	; 0x108
87801008:	6003      	str	r3, [r0, #0]
8780100a:	f44f 7586 	mov.w	r5, #268	; 0x10c
8780100e:	600b      	str	r3, [r1, #0]
87801010:	f240 50dc 	movw	r0, #1500	; 0x5dc
87801014:	f44f 7188 	mov.w	r1, #272	; 0x110
87801018:	6013      	str	r3, [r2, #0]
8780101a:	f2c0 240e 	movt	r4, #526	; 0x20e
8780101e:	f2c0 250e 	movt	r5, #526	; 0x20e
87801022:	f2c0 200e 	movt	r0, #526	; 0x20e
87801026:	f2c0 210e 	movt	r1, #526	; 0x20e
8780102a:	227c      	movs	r2, #124	; 0x7c
8780102c:	6023      	str	r3, [r4, #0]
8780102e:	f2c0 220e 	movt	r2, #526	; 0x20e
87801032:	602b      	str	r3, [r5, #0]
87801034:	f44f 7446 	mov.w	r4, #792	; 0x318
87801038:	6003      	str	r3, [r0, #0]
8780103a:	f2c0 240e 	movt	r4, #526	; 0x20e
8780103e:	600b      	str	r3, [r1, #0]
87801040:	2305      	movs	r3, #5
87801042:	6013      	str	r3, [r2, #0]
87801044:	f24f 0380 	movw	r3, #61568	; 0xf080
87801048:	6023      	str	r3, [r4, #0]
8780104a:	f44f 7569 	mov.w	r5, #932	; 0x3a4
8780104e:	f44f 706a 	mov.w	r0, #936	; 0x3a8
87801052:	f44f 716b 	mov.w	r1, #940	; 0x3ac
87801056:	f44f 726c 	mov.w	r2, #944	; 0x3b0
8780105a:	f44f 746d 	mov.w	r4, #948	; 0x3b4
8780105e:	23b9      	movs	r3, #185	; 0xb9
87801060:	f2c0 250e 	movt	r5, #526	; 0x20e
87801064:	f2c0 200e 	movt	r0, #526	; 0x20e
87801068:	f2c0 210e 	movt	r1, #526	; 0x20e
8780106c:	f2c0 220e 	movt	r2, #526	; 0x20e
87801070:	f2c0 240e 	movt	r4, #526	; 0x20e
87801074:	602b      	str	r3, [r5, #0]
87801076:	f44f 756e 	mov.w	r5, #952	; 0x3b8
8780107a:	6003      	str	r3, [r0, #0]
8780107c:	f44f 706f 	mov.w	r0, #956	; 0x3bc
87801080:	600b      	str	r3, [r1, #0]
87801082:	f44f 7170 	mov.w	r1, #960	; 0x3c0
87801086:	6013      	str	r3, [r2, #0]
87801088:	f44f 7271 	mov.w	r2, #964	; 0x3c4
8780108c:	6023      	str	r3, [r4, #0]
8780108e:	f44f 7472 	mov.w	r4, #968	; 0x3c8
87801092:	f2c0 250e 	movt	r5, #526	; 0x20e
87801096:	f2c0 200e 	movt	r0, #526	; 0x20e
8780109a:	f2c0 210e 	movt	r1, #526	; 0x20e
8780109e:	f2c0 220e 	movt	r2, #526	; 0x20e
878010a2:	f2c0 240e 	movt	r4, #526	; 0x20e
878010a6:	602b      	str	r3, [r5, #0]
878010a8:	6003      	str	r3, [r0, #0]
878010aa:	f44f 7573 	mov.w	r5, #972	; 0x3cc
878010ae:	600b      	str	r3, [r1, #0]
878010b0:	f44f 7074 	mov.w	r0, #976	; 0x3d0
878010b4:	6013      	str	r3, [r2, #0]
878010b6:	f44f 7175 	mov.w	r1, #980	; 0x3d4
878010ba:	6023      	str	r3, [r4, #0]
878010bc:	f44f 7276 	mov.w	r2, #984	; 0x3d8
878010c0:	f44f 7477 	mov.w	r4, #988	; 0x3dc
878010c4:	f2c0 250e 	movt	r5, #526	; 0x20e
878010c8:	f2c0 200e 	movt	r0, #526	; 0x20e
878010cc:	f2c0 210e 	movt	r1, #526	; 0x20e
878010d0:	f2c0 220e 	movt	r2, #526	; 0x20e
878010d4:	f2c0 240e 	movt	r4, #526	; 0x20e
878010d8:	602b      	str	r3, [r5, #0]
878010da:	f44f 7578 	mov.w	r5, #992	; 0x3e0
878010de:	6003      	str	r3, [r0, #0]
878010e0:	f44f 7079 	mov.w	r0, #996	; 0x3e4
878010e4:	600b      	str	r3, [r1, #0]
878010e6:	f44f 717a 	mov.w	r1, #1000	; 0x3e8
878010ea:	6013      	str	r3, [r2, #0]
878010ec:	f44f 727b 	mov.w	r2, #1004	; 0x3ec
878010f0:	6023      	str	r3, [r4, #0]
878010f2:	f44f 747c 	mov.w	r4, #1008	; 0x3f0
878010f6:	f2c0 250e 	movt	r5, #526	; 0x20e
878010fa:	f2c0 200e 	movt	r0, #526	; 0x20e
878010fe:	f2c0 210e 	movt	r1, #526	; 0x20e
87801102:	f2c0 220e 	movt	r2, #526	; 0x20e
87801106:	f2c0 240e 	movt	r4, #526	; 0x20e
8780110a:	602b      	str	r3, [r5, #0]
8780110c:	6003      	str	r3, [r0, #0]
8780110e:	f44f 757d 	mov.w	r5, #1012	; 0x3f4
87801112:	600b      	str	r3, [r1, #0]
87801114:	f44f 707e 	mov.w	r0, #1016	; 0x3f8
87801118:	6013      	str	r3, [r2, #0]
8780111a:	f44f 717f 	mov.w	r1, #1020	; 0x3fc
8780111e:	6023      	str	r3, [r4, #0]
87801120:	f44f 6280 	mov.w	r2, #1024	; 0x400
87801124:	f44f 7464 	mov.w	r4, #912	; 0x390
87801128:	f2c0 250e 	movt	r5, #526	; 0x20e
8780112c:	f2c0 200e 	movt	r0, #526	; 0x20e
87801130:	f2c0 210e 	movt	r1, #526	; 0x20e
87801134:	f2c0 220e 	movt	r2, #526	; 0x20e
87801138:	f2c0 240e 	movt	r4, #526	; 0x20e
8780113c:	602b      	str	r3, [r5, #0]
8780113e:	f44f 7565 	mov.w	r5, #916	; 0x394
87801142:	6003      	str	r3, [r0, #0]
87801144:	f44f 7066 	mov.w	r0, #920	; 0x398
87801148:	600b      	str	r3, [r1, #0]
8780114a:	f44f 7167 	mov.w	r1, #924	; 0x39c
8780114e:	6013      	str	r3, [r2, #0]
87801150:	f44f 7242 	mov.w	r2, #776	; 0x308
87801154:	6023      	str	r3, [r4, #0]
87801156:	f44f 4440 	mov.w	r4, #49152	; 0xc000
8780115a:	b085      	sub	sp, #20
8780115c:	f2c0 2409 	movt	r4, #521	; 0x209
87801160:	f2c0 250e 	movt	r5, #526	; 0x20e
87801164:	f2c0 200e 	movt	r0, #526	; 0x20e
87801168:	f2c0 210e 	movt	r1, #526	; 0x20e
8780116c:	f2c0 220e 	movt	r2, #526	; 0x20e
87801170:	602b      	str	r3, [r5, #0]
87801172:	2501      	movs	r5, #1
87801174:	6003      	str	r3, [r0, #0]
87801176:	4620      	mov	r0, r4
87801178:	600b      	str	r3, [r1, #0]
8780117a:	2108      	movs	r1, #8
8780117c:	6013      	str	r3, [r2, #0]
8780117e:	aa01      	add	r2, sp, #4
87801180:	9501      	str	r5, [sp, #4]
87801182:	f88d 5008 	strb.w	r5, [sp, #8]
87801186:	f7ff faad 	bl	878006e4 <gpio_init>
8780118a:	462a      	mov	r2, r5
8780118c:	4620      	mov	r0, r4
8780118e:	2108      	movs	r1, #8
87801190:	f7ff fa56 	bl	87800640 <gpio_pinwrite>
87801194:	b005      	add	sp, #20
87801196:	bd30      	pop	{r4, r5, pc}

87801198 <lcdclk_init>:
87801198:	b4f0      	push	{r4, r5, r6, r7}
8780119a:	f44f 4400 	mov.w	r4, #32768	; 0x8000
8780119e:	f2c0 240c 	movt	r4, #524	; 0x20c
878011a2:	2600      	movs	r6, #0
878011a4:	f440 1081 	orr.w	r0, r0, #1056768	; 0x102000
878011a8:	1e55      	subs	r5, r2, #1
878011aa:	f8c4 60b0 	str.w	r6, [r4, #176]	; 0xb0
878011ae:	f44f 4380 	mov.w	r3, #16384	; 0x4000
878011b2:	f8c4 60c0 	str.w	r6, [r4, #192]	; 0xc0
878011b6:	f2c0 230c 	movt	r3, #524	; 0x20c
878011ba:	f8c4 00a0 	str.w	r0, [r4, #160]	; 0xa0
878011be:	1e4f      	subs	r7, r1, #1
878011c0:	f8d4 2170 	ldr.w	r2, [r4, #368]	; 0x170
878011c4:	f022 4240 	bic.w	r2, r2, #3221225472	; 0xc0000000
878011c8:	f8c4 2170 	str.w	r2, [r4, #368]	; 0x170
878011cc:	f8c4 6170 	str.w	r6, [r4, #368]	; 0x170
878011d0:	6b98      	ldr	r0, [r3, #56]	; 0x38
878011d2:	f420 3060 	bic.w	r0, r0, #229376	; 0x38000
878011d6:	6398      	str	r0, [r3, #56]	; 0x38
878011d8:	6b98      	ldr	r0, [r3, #56]	; 0x38
878011da:	f440 3080 	orr.w	r0, r0, #65536	; 0x10000
878011de:	6398      	str	r0, [r3, #56]	; 0x38
878011e0:	6b98      	ldr	r0, [r3, #56]	; 0x38
878011e2:	f420 40e0 	bic.w	r0, r0, #28672	; 0x7000
878011e6:	6398      	str	r0, [r3, #56]	; 0x38
878011e8:	6b99      	ldr	r1, [r3, #56]	; 0x38
878011ea:	ea41 3107 	orr.w	r1, r1, r7, lsl #12
878011ee:	6399      	str	r1, [r3, #56]	; 0x38
878011f0:	6999      	ldr	r1, [r3, #24]
878011f2:	f021 7160 	bic.w	r1, r1, #58720256	; 0x3800000
878011f6:	6199      	str	r1, [r3, #24]
878011f8:	699a      	ldr	r2, [r3, #24]
878011fa:	ea42 52c5 	orr.w	r2, r2, r5, lsl #23
878011fe:	bcf0      	pop	{r4, r5, r6, r7}
87801200:	619a      	str	r2, [r3, #24]
87801202:	6b9a      	ldr	r2, [r3, #56]	; 0x38
87801204:	f422 6260 	bic.w	r2, r2, #3584	; 0xe00
87801208:	639a      	str	r2, [r3, #56]	; 0x38
8780120a:	6b9a      	ldr	r2, [r3, #56]	; 0x38
8780120c:	639a      	str	r2, [r3, #56]	; 0x38
8780120e:	4770      	bx	lr

87801210 <lcd_init>:
87801210:	b5f8      	push	{r3, r4, r5, r6, r7, lr}
87801212:	f24a 747c 	movw	r4, #42876	; 0xa77c
87801216:	f7ff fde3 	bl	87800de0 <lcd_read_panelid>
8780121a:	4605      	mov	r5, r0
8780121c:	f245 001c 	movw	r0, #20508	; 0x501c
87801220:	4629      	mov	r1, r5
87801222:	f2c8 7480 	movt	r4, #34688	; 0x8780
87801226:	f2c8 7080 	movt	r0, #34688	; 0x8780
8780122a:	f44f 4600 	mov.w	r6, #32768	; 0x8000
8780122e:	f2c0 261c 	movt	r6, #540	; 0x21c
87801232:	6225      	str	r5, [r4, #32]
87801234:	f001 feca 	bl	87802fcc <printf>
87801238:	f7ff fe68 	bl	87800f0c <lcdgpio_init>
8780123c:	f04f 4300 	mov.w	r3, #2147483648	; 0x80000000
87801240:	200a      	movs	r0, #10
87801242:	6033      	str	r3, [r6, #0]
87801244:	f7ff f93c 	bl	878004c0 <delayms>
87801248:	f244 3342 	movw	r3, #17218	; 0x4342
8780124c:	2200      	movs	r2, #0
8780124e:	429d      	cmp	r5, r3
87801250:	6032      	str	r2, [r6, #0]
87801252:	d07c      	beq.n	8780134e <lcd_init+0x13e>
87801254:	f244 3384 	movw	r3, #17284	; 0x4384
87801258:	429d      	cmp	r5, r3
8780125a:	f000 80a3 	beq.w	878013a4 <lcd_init+0x194>
8780125e:	f247 0384 	movw	r3, #28804	; 0x7084
87801262:	429d      	cmp	r5, r3
87801264:	f000 80b5 	beq.w	878013d2 <lcd_init+0x1c2>
87801268:	f247 0316 	movw	r3, #28694	; 0x7016
8780126c:	429d      	cmp	r5, r3
8780126e:	f000 8083 	beq.w	87801378 <lcd_init+0x168>
87801272:	f241 0318 	movw	r3, #4120	; 0x1018
87801276:	429d      	cmp	r5, r3
87801278:	f000 80c1 	beq.w	878013fe <lcd_init+0x1ee>
8780127c:	f5b5 4f7f 	cmp.w	r5, #65280	; 0xff00
87801280:	f000 80d2 	beq.w	87801428 <lcd_init+0x218>
87801284:	f44f 4200 	mov.w	r2, #32768	; 0x8000
87801288:	2000      	movs	r0, #0
8780128a:	f2c0 221c 	movt	r2, #540	; 0x21c
8780128e:	2704      	movs	r7, #4
87801290:	f04f 4609 	mov.w	r6, #2298478592	; 0x89000000
87801294:	f06f 417f 	mvn.w	r1, #4278190080	; 0xff000000
87801298:	e9c4 0106 	strd	r0, r1, [r4, #24]
8780129c:	f5b5 4f7f 	cmp.w	r5, #65280	; 0xff00
878012a0:	7127      	strb	r7, [r4, #4]
878012a2:	f44f 2ce0 	mov.w	ip, #458752	; 0x70000
878012a6:	6166      	str	r6, [r4, #20]
878012a8:	6811      	ldr	r1, [r2, #0]
878012aa:	8823      	ldrh	r3, [r4, #0]
878012ac:	8866      	ldrh	r6, [r4, #2]
878012ae:	f441 2120 	orr.w	r1, r1, #655360	; 0xa0000
878012b2:	89a5      	ldrh	r5, [r4, #12]
878012b4:	f441 6172 	orr.w	r1, r1, #3872	; 0xf20
878012b8:	f8b4 e00a 	ldrh.w	lr, [r4, #10]
878012bc:	6011      	str	r1, [r2, #0]
878012be:	88e1      	ldrh	r1, [r4, #6]
878012c0:	ea46 4703 	orr.w	r7, r6, r3, lsl #16
878012c4:	f8c2 c010 	str.w	ip, [r2, #16]
878012c8:	6317      	str	r7, [r2, #48]	; 0x30
878012ca:	6710      	str	r0, [r2, #112]	; 0x70
878012cc:	bf08      	it	eq
878012ce:	f041 5091 	orreq.w	r0, r1, #304087040	; 0x12200000
878012d2:	8a27      	ldrh	r7, [r4, #16]
878012d4:	bf18      	it	ne
878012d6:	f041 5089 	orrne.w	r0, r1, #287309824	; 0x11200000
878012da:	f440 1080 	orr.w	r0, r0, #1048576	; 0x100000
878012de:	f8b4 c008 	ldrh.w	ip, [r4, #8]
878012e2:	6710      	str	r0, [r2, #112]	; 0x70
878012e4:	1970      	adds	r0, r6, r5
878012e6:	4438      	add	r0, r7
878012e8:	89e7      	ldrh	r7, [r4, #14]
878012ea:	185a      	adds	r2, r3, r1
878012ec:	4461      	add	r1, ip
878012ee:	4472      	add	r2, lr
878012f0:	f44f 4300 	mov.w	r3, #32768	; 0x8000
878012f4:	4438      	add	r0, r7
878012f6:	442f      	add	r7, r5
878012f8:	f2c0 231c 	movt	r3, #540	; 0x21c
878012fc:	4462      	add	r2, ip
878012fe:	ea41 4107 	orr.w	r1, r1, r7, lsl #16
87801302:	ea40 4085 	orr.w	r0, r0, r5, lsl #18
87801306:	f8c3 2080 	str.w	r2, [r3, #128]	; 0x80
8780130a:	f446 2680 	orr.w	r6, r6, #262144	; 0x40000
8780130e:	f04f 4209 	mov.w	r2, #2298478592	; 0x89000000
87801312:	f8c3 0090 	str.w	r0, [r3, #144]	; 0x90
87801316:	200a      	movs	r0, #10
87801318:	f8c3 10a0 	str.w	r1, [r3, #160]	; 0xa0
8780131c:	f8c3 60b0 	str.w	r6, [r3, #176]	; 0xb0
87801320:	641a      	str	r2, [r3, #64]	; 0x40
87801322:	651a      	str	r2, [r3, #80]	; 0x50
87801324:	681a      	ldr	r2, [r3, #0]
87801326:	f042 0201 	orr.w	r2, r2, #1
8780132a:	601a      	str	r2, [r3, #0]
8780132c:	f7ff f8c8 	bl	878004c0 <delayms>
87801330:	8861      	ldrh	r1, [r4, #2]
87801332:	8822      	ldrh	r2, [r4, #0]
87801334:	6963      	ldr	r3, [r4, #20]
87801336:	fb02 f201 	mul.w	r2, r2, r1
8780133a:	b13a      	cbz	r2, 8780134c <lcd_init+0x13c>
8780133c:	eb03 0282 	add.w	r2, r3, r2, lsl #2
87801340:	f06f 417f 	mvn.w	r1, #4278190080	; 0xff000000
87801344:	f843 1b04 	str.w	r1, [r3], #4
87801348:	429a      	cmp	r2, r3
8780134a:	d1fb      	bne.n	87801344 <lcd_init+0x134>
8780134c:	bdf8      	pop	{r3, r4, r5, r6, r7, pc}
8780134e:	f44f 7088 	mov.w	r0, #272	; 0x110
87801352:	2308      	movs	r3, #8
87801354:	f2c0 10e0 	movt	r0, #480	; 0x1e0
87801358:	461a      	mov	r2, r3
8780135a:	6020      	str	r0, [r4, #0]
8780135c:	2001      	movs	r0, #1
8780135e:	4619      	mov	r1, r3
87801360:	8123      	strh	r3, [r4, #8]
87801362:	8163      	strh	r3, [r4, #10]
87801364:	2628      	movs	r6, #40	; 0x28
87801366:	80e0      	strh	r0, [r4, #6]
87801368:	2305      	movs	r3, #5
8780136a:	81a0      	strh	r0, [r4, #12]
8780136c:	201b      	movs	r0, #27
8780136e:	81e6      	strh	r6, [r4, #14]
87801370:	8223      	strh	r3, [r4, #16]
87801372:	f7ff ff11 	bl	87801198 <lcdclk_init>
87801376:	e785      	b.n	87801284 <lcd_init+0x74>
87801378:	f44f 7016 	mov.w	r0, #600	; 0x258
8780137c:	2203      	movs	r2, #3
8780137e:	f2c0 4000 	movt	r0, #1024	; 0x400
87801382:	2314      	movs	r3, #20
87801384:	6020      	str	r0, [r4, #0]
87801386:	208c      	movs	r0, #140	; 0x8c
87801388:	4611      	mov	r1, r2
8780138a:	260c      	movs	r6, #12
8780138c:	80e2      	strh	r2, [r4, #6]
8780138e:	2205      	movs	r2, #5
87801390:	8123      	strh	r3, [r4, #8]
87801392:	81a3      	strh	r3, [r4, #12]
87801394:	23a0      	movs	r3, #160	; 0xa0
87801396:	81e0      	strh	r0, [r4, #14]
87801398:	2020      	movs	r0, #32
8780139a:	8166      	strh	r6, [r4, #10]
8780139c:	8223      	strh	r3, [r4, #16]
8780139e:	f7ff fefb 	bl	87801198 <lcdclk_init>
878013a2:	e76f      	b.n	87801284 <lcd_init+0x74>
878013a4:	2003      	movs	r0, #3
878013a6:	f44f 73f0 	mov.w	r3, #480	; 0x1e0
878013aa:	f2c0 3320 	movt	r3, #800	; 0x320
878013ae:	220d      	movs	r2, #13
878013b0:	2130      	movs	r1, #48	; 0x30
878013b2:	80e0      	strh	r0, [r4, #6]
878013b4:	2058      	movs	r0, #88	; 0x58
878013b6:	2620      	movs	r6, #32
878013b8:	6023      	str	r3, [r4, #0]
878013ba:	2328      	movs	r3, #40	; 0x28
878013bc:	8162      	strh	r2, [r4, #10]
878013be:	2208      	movs	r2, #8
878013c0:	81a1      	strh	r1, [r4, #12]
878013c2:	2104      	movs	r1, #4
878013c4:	81e0      	strh	r0, [r4, #14]
878013c6:	202a      	movs	r0, #42	; 0x2a
878013c8:	8126      	strh	r6, [r4, #8]
878013ca:	8223      	strh	r3, [r4, #16]
878013cc:	f7ff fee4 	bl	87801198 <lcdclk_init>
878013d0:	e758      	b.n	87801284 <lcd_init+0x74>
878013d2:	f44f 72f0 	mov.w	r2, #480	; 0x1e0
878013d6:	2301      	movs	r3, #1
878013d8:	f2c0 3220 	movt	r2, #800	; 0x320
878013dc:	2116      	movs	r1, #22
878013de:	202e      	movs	r0, #46	; 0x2e
878013e0:	2617      	movs	r6, #23
878013e2:	6022      	str	r2, [r4, #0]
878013e4:	2207      	movs	r2, #7
878013e6:	80e3      	strh	r3, [r4, #6]
878013e8:	81a3      	strh	r3, [r4, #12]
878013ea:	23d2      	movs	r3, #210	; 0xd2
878013ec:	8161      	strh	r1, [r4, #10]
878013ee:	2103      	movs	r1, #3
878013f0:	81e0      	strh	r0, [r4, #14]
878013f2:	201e      	movs	r0, #30
878013f4:	8126      	strh	r6, [r4, #8]
878013f6:	8223      	strh	r3, [r4, #16]
878013f8:	f7ff fece 	bl	87801198 <lcdclk_init>
878013fc:	e742      	b.n	87801284 <lcd_init+0x74>
878013fe:	f44f 7048 	mov.w	r0, #800	; 0x320
87801402:	2203      	movs	r2, #3
87801404:	f2c0 5000 	movt	r0, #1280	; 0x500
87801408:	230a      	movs	r3, #10
8780140a:	4611      	mov	r1, r2
8780140c:	6020      	str	r0, [r4, #0]
8780140e:	2750      	movs	r7, #80	; 0x50
87801410:	80e2      	strh	r2, [r4, #6]
87801412:	2646      	movs	r6, #70	; 0x46
87801414:	2205      	movs	r2, #5
87801416:	2023      	movs	r0, #35	; 0x23
87801418:	8123      	strh	r3, [r4, #8]
8780141a:	8163      	strh	r3, [r4, #10]
8780141c:	81a3      	strh	r3, [r4, #12]
8780141e:	81e7      	strh	r7, [r4, #14]
87801420:	8226      	strh	r6, [r4, #16]
87801422:	f7ff feb9 	bl	87801198 <lcdclk_init>
87801426:	e72d      	b.n	87801284 <lcd_init+0x74>
87801428:	f44f 7040 	mov.w	r0, #768	; 0x300
8780142c:	2303      	movs	r3, #3
8780142e:	f2c0 5056 	movt	r0, #1366	; 0x556
87801432:	461a      	mov	r2, r3
87801434:	6020      	str	r0, [r4, #0]
87801436:	2018      	movs	r0, #24
87801438:	4619      	mov	r1, r3
8780143a:	80e3      	strh	r3, [r4, #6]
8780143c:	8163      	strh	r3, [r4, #10]
8780143e:	238f      	movs	r3, #143	; 0x8f
87801440:	8120      	strh	r0, [r4, #8]
87801442:	20d5      	movs	r0, #213	; 0xd5
87801444:	81a3      	strh	r3, [r4, #12]
87801446:	2346      	movs	r3, #70	; 0x46
87801448:	81e0      	strh	r0, [r4, #14]
8780144a:	2020      	movs	r0, #32
8780144c:	8223      	strh	r3, [r4, #16]
8780144e:	f7ff fea3 	bl	87801198 <lcdclk_init>
87801452:	e717      	b.n	87801284 <lcd_init+0x74>

87801454 <lcd_reset>:
87801454:	f44f 4300 	mov.w	r3, #32768	; 0x8000
87801458:	f04f 4200 	mov.w	r2, #2147483648	; 0x80000000
8780145c:	f2c0 231c 	movt	r3, #540	; 0x21c
87801460:	601a      	str	r2, [r3, #0]
87801462:	4770      	bx	lr

87801464 <lcd_noreset>:
87801464:	f44f 4300 	mov.w	r3, #32768	; 0x8000
87801468:	2200      	movs	r2, #0
8780146a:	f2c0 231c 	movt	r3, #540	; 0x21c
8780146e:	601a      	str	r2, [r3, #0]
87801470:	4770      	bx	lr
87801472:	bf00      	nop

87801474 <lcd_enable>:
87801474:	f44f 4300 	mov.w	r3, #32768	; 0x8000
87801478:	f2c0 231c 	movt	r3, #540	; 0x21c
8780147c:	681a      	ldr	r2, [r3, #0]
8780147e:	f042 0201 	orr.w	r2, r2, #1
87801482:	601a      	str	r2, [r3, #0]
87801484:	4770      	bx	lr
87801486:	bf00      	nop

87801488 <lcd_drawpoint>:
87801488:	f24a 737c 	movw	r3, #42876	; 0xa77c
8780148c:	b430      	push	{r4, r5}
8780148e:	f2c8 7380 	movt	r3, #34688	; 0x8780
87801492:	885d      	ldrh	r5, [r3, #2]
87801494:	791c      	ldrb	r4, [r3, #4]
87801496:	695b      	ldr	r3, [r3, #20]
87801498:	fb01 0005 	mla	r0, r1, r5, r0
8780149c:	fb04 f400 	mul.w	r4, r4, r0
878014a0:	50e2      	str	r2, [r4, r3]
878014a2:	bc30      	pop	{r4, r5}
878014a4:	4770      	bx	lr
878014a6:	bf00      	nop

878014a8 <lcd_readpoint>:
878014a8:	f24a 737c 	movw	r3, #42876	; 0xa77c
878014ac:	b410      	push	{r4}
878014ae:	f2c8 7380 	movt	r3, #34688	; 0x8780
878014b2:	885c      	ldrh	r4, [r3, #2]
878014b4:	791a      	ldrb	r2, [r3, #4]
878014b6:	695b      	ldr	r3, [r3, #20]
878014b8:	fb01 0004 	mla	r0, r1, r4, r0
878014bc:	f85d 4b04 	ldr.w	r4, [sp], #4
878014c0:	fb02 f200 	mul.w	r2, r2, r0
878014c4:	58d0      	ldr	r0, [r2, r3]
878014c6:	4770      	bx	lr

878014c8 <lcd_clear>:
878014c8:	f24a 737c 	movw	r3, #42876	; 0xa77c
878014cc:	f2c8 7380 	movt	r3, #34688	; 0x8780
878014d0:	8859      	ldrh	r1, [r3, #2]
878014d2:	881a      	ldrh	r2, [r3, #0]
878014d4:	695b      	ldr	r3, [r3, #20]
878014d6:	fb02 f201 	mul.w	r2, r2, r1
878014da:	b12a      	cbz	r2, 878014e8 <lcd_clear+0x20>
878014dc:	eb03 0282 	add.w	r2, r3, r2, lsl #2
878014e0:	f843 0b04 	str.w	r0, [r3], #4
878014e4:	429a      	cmp	r2, r3
878014e6:	d1fb      	bne.n	878014e0 <lcd_clear+0x18>
878014e8:	4770      	bx	lr
878014ea:	bf00      	nop

878014ec <lcd_fill>:
878014ec:	e92d 43f0 	stmdb	sp!, {r4, r5, r6, r7, r8, r9, lr}
878014f0:	f24a 767c 	movw	r6, #42876	; 0xa77c
878014f4:	f2c8 7680 	movt	r6, #34688	; 0x8780
878014f8:	4699      	mov	r9, r3
878014fa:	f8b6 8002 	ldrh.w	r8, [r6, #2]
878014fe:	8834      	ldrh	r4, [r6, #0]
87801500:	9b07      	ldr	r3, [sp, #28]
87801502:	4590      	cmp	r8, r2
87801504:	bf9c      	itt	ls
87801506:	f108 32ff 	addls.w	r2, r8, #4294967295	; 0xffffffff
8780150a:	b292      	uxthls	r2, r2
8780150c:	454c      	cmp	r4, r9
8780150e:	d802      	bhi.n	87801516 <lcd_fill+0x2a>
87801510:	3c01      	subs	r4, #1
87801512:	fa1f f984 	uxth.w	r9, r4
87801516:	4589      	cmp	r9, r1
87801518:	d314      	bcc.n	87801544 <lcd_fill+0x58>
8780151a:	4282      	cmp	r2, r0
8780151c:	d30e      	bcc.n	8780153c <lcd_fill+0x50>
8780151e:	fb01 fe08 	mul.w	lr, r1, r8
87801522:	4604      	mov	r4, r0
87801524:	f896 c004 	ldrb.w	ip, [r6, #4]
87801528:	eb04 050e 	add.w	r5, r4, lr
8780152c:	3401      	adds	r4, #1
8780152e:	6977      	ldr	r7, [r6, #20]
87801530:	b2a4      	uxth	r4, r4
87801532:	fb05 f50c 	mul.w	r5, r5, ip
87801536:	42a2      	cmp	r2, r4
87801538:	51eb      	str	r3, [r5, r7]
8780153a:	d2f3      	bcs.n	87801524 <lcd_fill+0x38>
8780153c:	3101      	adds	r1, #1
8780153e:	b289      	uxth	r1, r1
87801540:	4589      	cmp	r9, r1
87801542:	d2ea      	bcs.n	8780151a <lcd_fill+0x2e>
87801544:	e8bd 83f0 	ldmia.w	sp!, {r4, r5, r6, r7, r8, r9, pc}

87801548 <lcd_drawline>:
87801548:	e92d 4ff0 	stmdb	sp!, {r4, r5, r6, r7, r8, r9, sl, fp, lr}
8780154c:	eba2 0a00 	sub.w	sl, r2, r0
87801550:	f1ba 0f00 	cmp.w	sl, #0
87801554:	b085      	sub	sp, #20
87801556:	eba3 0901 	sub.w	r9, r3, r1
8780155a:	bfc8      	it	gt
8780155c:	2301      	movgt	r3, #1
8780155e:	4607      	mov	r7, r0
87801560:	4688      	mov	r8, r1
87801562:	bfc8      	it	gt
87801564:	9302      	strgt	r3, [sp, #8]
87801566:	dc07      	bgt.n	87801578 <lcd_drawline+0x30>
87801568:	bf1d      	ittte	ne
8780156a:	f1ca 0a00 	rsbne	sl, sl, #0
8780156e:	f04f 33ff 	movne.w	r3, #4294967295	; 0xffffffff
87801572:	9302      	strne	r3, [sp, #8]
87801574:	f8cd a008 	streq.w	sl, [sp, #8]
87801578:	f1b9 0f00 	cmp.w	r9, #0
8780157c:	bfc4      	itt	gt
8780157e:	2301      	movgt	r3, #1
87801580:	9303      	strgt	r3, [sp, #12]
87801582:	dd2d      	ble.n	878015e0 <lcd_drawline+0x98>
87801584:	2500      	movs	r5, #0
87801586:	45ca      	cmp	sl, r9
87801588:	46d3      	mov	fp, sl
8780158a:	f24a 737c 	movw	r3, #42876	; 0xa77c
8780158e:	bfb8      	it	lt
87801590:	46cb      	movlt	fp, r9
87801592:	462e      	mov	r6, r5
87801594:	462c      	mov	r4, r5
87801596:	f10b 0201 	add.w	r2, fp, #1
8780159a:	f2c8 7380 	movt	r3, #34688	; 0x8780
8780159e:	9200      	str	r2, [sp, #0]
878015a0:	9301      	str	r3, [sp, #4]
878015a2:	9b01      	ldr	r3, [sp, #4]
878015a4:	4456      	add	r6, sl
878015a6:	fa1f f188 	uxth.w	r1, r8
878015aa:	b2b8      	uxth	r0, r7
878015ac:	699a      	ldr	r2, [r3, #24]
878015ae:	444d      	add	r5, r9
878015b0:	f7ff ff6a 	bl	87801488 <lcd_drawpoint>
878015b4:	455e      	cmp	r6, fp
878015b6:	f104 0401 	add.w	r4, r4, #1
878015ba:	bfc4      	itt	gt
878015bc:	9b02      	ldrgt	r3, [sp, #8]
878015be:	eba6 060b 	subgt.w	r6, r6, fp
878015c2:	b2a4      	uxth	r4, r4
878015c4:	bfc8      	it	gt
878015c6:	18ff      	addgt	r7, r7, r3
878015c8:	455d      	cmp	r5, fp
878015ca:	bfc2      	ittt	gt
878015cc:	9b03      	ldrgt	r3, [sp, #12]
878015ce:	eba5 050b 	subgt.w	r5, r5, fp
878015d2:	4498      	addgt	r8, r3
878015d4:	9b00      	ldr	r3, [sp, #0]
878015d6:	429c      	cmp	r4, r3
878015d8:	dde3      	ble.n	878015a2 <lcd_drawline+0x5a>
878015da:	b005      	add	sp, #20
878015dc:	e8bd 8ff0 	ldmia.w	sp!, {r4, r5, r6, r7, r8, r9, sl, fp, pc}
878015e0:	bf08      	it	eq
878015e2:	f8cd 900c 	streq.w	r9, [sp, #12]
878015e6:	d0cd      	beq.n	87801584 <lcd_drawline+0x3c>
878015e8:	f04f 33ff 	mov.w	r3, #4294967295	; 0xffffffff
878015ec:	f1c9 0900 	rsb	r9, r9, #0
878015f0:	9303      	str	r3, [sp, #12]
878015f2:	e7c7      	b.n	87801584 <lcd_drawline+0x3c>

878015f4 <lcd_draw_rectangle>:
878015f4:	e92d 41f0 	stmdb	sp!, {r4, r5, r6, r7, r8, lr}
878015f8:	461c      	mov	r4, r3
878015fa:	4606      	mov	r6, r0
878015fc:	460d      	mov	r5, r1
878015fe:	460b      	mov	r3, r1
87801600:	4617      	mov	r7, r2
87801602:	f7ff ffa1 	bl	87801548 <lcd_drawline>
87801606:	4623      	mov	r3, r4
87801608:	4632      	mov	r2, r6
8780160a:	4629      	mov	r1, r5
8780160c:	4630      	mov	r0, r6
8780160e:	f7ff ff9b 	bl	87801548 <lcd_drawline>
87801612:	4623      	mov	r3, r4
87801614:	463a      	mov	r2, r7
87801616:	4621      	mov	r1, r4
87801618:	4630      	mov	r0, r6
8780161a:	f7ff ff95 	bl	87801548 <lcd_drawline>
8780161e:	4623      	mov	r3, r4
87801620:	463a      	mov	r2, r7
87801622:	4629      	mov	r1, r5
87801624:	4638      	mov	r0, r7
87801626:	e8bd 41f0 	ldmia.w	sp!, {r4, r5, r6, r7, r8, lr}
8780162a:	f7ff bf8d 	b.w	87801548 <lcd_drawline>
8780162e:	bf00      	nop

87801630 <lcd_draw_Circle>:
87801630:	4613      	mov	r3, r2
87801632:	e92d 4ff0 	stmdb	sp!, {r4, r5, r6, r7, r8, r9, sl, fp, lr}
87801636:	f1c2 0201 	rsb	r2, r2, #1
8780163a:	b085      	sub	sp, #20
8780163c:	9000      	str	r0, [sp, #0]
8780163e:	9201      	str	r2, [sp, #4]
87801640:	2b00      	cmp	r3, #0
87801642:	d066      	beq.n	87801712 <lcd_draw_Circle+0xe2>
87801644:	f24a 767c 	movw	r6, #42876	; 0xa77c
87801648:	2700      	movs	r7, #0
8780164a:	f2c8 7680 	movt	r6, #34688	; 0x8780
8780164e:	468b      	mov	fp, r1
87801650:	b29d      	uxth	r5, r3
87801652:	9303      	str	r3, [sp, #12]
87801654:	9b00      	ldr	r3, [sp, #0]
87801656:	b2bc      	uxth	r4, r7
87801658:	eb05 0a0b 	add.w	sl, r5, fp
8780165c:	69b2      	ldr	r2, [r6, #24]
8780165e:	fa1f fa8a 	uxth.w	sl, sl
87801662:	eb0b 0904 	add.w	r9, fp, r4
87801666:	1919      	adds	r1, r3, r4
87801668:	fa1f f989 	uxth.w	r9, r9
8780166c:	b289      	uxth	r1, r1
8780166e:	4608      	mov	r0, r1
87801670:	9102      	str	r1, [sp, #8]
87801672:	4651      	mov	r1, sl
87801674:	f7ff ff08 	bl	87801488 <lcd_drawpoint>
87801678:	9a00      	ldr	r2, [sp, #0]
8780167a:	4649      	mov	r1, r9
8780167c:	eb05 0802 	add.w	r8, r5, r2
87801680:	69b2      	ldr	r2, [r6, #24]
87801682:	fa1f f888 	uxth.w	r8, r8
87801686:	4640      	mov	r0, r8
87801688:	f7ff fefe 	bl	87801488 <lcd_drawpoint>
8780168c:	9a00      	ldr	r2, [sp, #0]
8780168e:	4651      	mov	r1, sl
87801690:	1b12      	subs	r2, r2, r4
87801692:	ebab 0404 	sub.w	r4, fp, r4
87801696:	fa1f fa82 	uxth.w	sl, r2
8780169a:	69b2      	ldr	r2, [r6, #24]
8780169c:	b2a4      	uxth	r4, r4
8780169e:	4650      	mov	r0, sl
878016a0:	f7ff fef2 	bl	87801488 <lcd_drawpoint>
878016a4:	9a00      	ldr	r2, [sp, #0]
878016a6:	4649      	mov	r1, r9
878016a8:	1b52      	subs	r2, r2, r5
878016aa:	ebab 0505 	sub.w	r5, fp, r5
878016ae:	fa1f f982 	uxth.w	r9, r2
878016b2:	b2ad      	uxth	r5, r5
878016b4:	69b2      	ldr	r2, [r6, #24]
878016b6:	4648      	mov	r0, r9
878016b8:	f7ff fee6 	bl	87801488 <lcd_drawpoint>
878016bc:	4650      	mov	r0, sl
878016be:	69b2      	ldr	r2, [r6, #24]
878016c0:	4629      	mov	r1, r5
878016c2:	f7ff fee1 	bl	87801488 <lcd_drawpoint>
878016c6:	4648      	mov	r0, r9
878016c8:	69b2      	ldr	r2, [r6, #24]
878016ca:	4621      	mov	r1, r4
878016cc:	f7ff fedc 	bl	87801488 <lcd_drawpoint>
878016d0:	4629      	mov	r1, r5
878016d2:	9802      	ldr	r0, [sp, #8]
878016d4:	69b2      	ldr	r2, [r6, #24]
878016d6:	f7ff fed7 	bl	87801488 <lcd_drawpoint>
878016da:	4621      	mov	r1, r4
878016dc:	69b2      	ldr	r2, [r6, #24]
878016de:	4640      	mov	r0, r8
878016e0:	f7ff fed2 	bl	87801488 <lcd_drawpoint>
878016e4:	9901      	ldr	r1, [sp, #4]
878016e6:	9b03      	ldr	r3, [sp, #12]
878016e8:	2900      	cmp	r1, #0
878016ea:	eba7 0203 	sub.w	r2, r7, r3
878016ee:	bfa8      	it	ge
878016f0:	f103 33ff 	addge.w	r3, r3, #4294967295	; 0xffffffff
878016f4:	eb01 0242 	add.w	r2, r1, r2, lsl #1
878016f8:	bfba      	itte	lt
878016fa:	460a      	movlt	r2, r1
878016fc:	eb02 0247 	addlt.w	r2, r2, r7, lsl #1
87801700:	3205      	addge	r2, #5
87801702:	f107 0701 	add.w	r7, r7, #1
87801706:	bfae      	itee	ge
87801708:	9201      	strge	r2, [sp, #4]
8780170a:	3203      	addlt	r2, #3
8780170c:	9201      	strlt	r2, [sp, #4]
8780170e:	42bb      	cmp	r3, r7
87801710:	dc9e      	bgt.n	87801650 <lcd_draw_Circle+0x20>
87801712:	b005      	add	sp, #20
87801714:	e8bd 8ff0 	ldmia.w	sp!, {r4, r5, r6, r7, r8, r9, sl, fp, pc}

87801718 <lcd_showchar>:
87801718:	e92d 4ff0 	stmdb	sp!, {r4, r5, r6, r7, r8, r9, sl, fp, lr}
8780171c:	461e      	mov	r6, r3
8780171e:	f013 0307 	ands.w	r3, r3, #7
87801722:	ea4f 0556 	mov.w	r5, r6, lsr #1
87801726:	bf18      	it	ne
87801728:	2301      	movne	r3, #1
8780172a:	eb03 04d6 	add.w	r4, r3, r6, lsr #3
8780172e:	b087      	sub	sp, #28
87801730:	f89d 3040 	ldrb.w	r3, [sp, #64]	; 0x40
87801734:	4689      	mov	r9, r1
87801736:	fb14 f105 	smulbb	r1, r4, r5
8780173a:	9300      	str	r3, [sp, #0]
8780173c:	f011 03ff 	ands.w	r3, r1, #255	; 0xff
87801740:	9301      	str	r3, [sp, #4]
87801742:	d04c      	beq.n	878017de <lcd_showchar+0xc6>
87801744:	3a20      	subs	r2, #32
87801746:	f245 012c 	movw	r1, #20524	; 0x502c
8780174a:	b2d2      	uxtb	r2, r2
8780174c:	f2c8 7180 	movt	r1, #34688	; 0x8780
87801750:	4c38      	ldr	r4, [pc, #224]	; (87801834 <lcd_showchar+0x11c>)
87801752:	f601 575c 	addw	r7, r1, #3420	; 0xd5c
87801756:	b212      	sxth	r2, r2
87801758:	4683      	mov	fp, r0
8780175a:	f246 70ec 	movw	r0, #26604	; 0x67ec
8780175e:	eb02 0cc2 	add.w	ip, r2, r2, lsl #3
87801762:	eb02 0542 	add.w	r5, r2, r2, lsl #1
87801766:	eb01 038c 	add.w	r3, r1, ip, lsl #2
8780176a:	f2c8 7080 	movt	r0, #34688	; 0x8780
8780176e:	f04f 0a00 	mov.w	sl, #0
87801772:	9305      	str	r3, [sp, #20]
87801774:	eb07 1302 	add.w	r3, r7, r2, lsl #4
87801778:	f24a 777c 	movw	r7, #42876	; 0xa77c
8780177c:	9304      	str	r3, [sp, #16]
8780177e:	eb04 0385 	add.w	r3, r4, r5, lsl #2
87801782:	f2c8 7780 	movt	r7, #34688	; 0x8780
87801786:	9302      	str	r3, [sp, #8]
87801788:	464c      	mov	r4, r9
8780178a:	eb00 13c2 	add.w	r3, r0, r2, lsl #7
8780178e:	9303      	str	r3, [sp, #12]
87801790:	2e0c      	cmp	r6, #12
87801792:	d033      	beq.n	878017fc <lcd_showchar+0xe4>
87801794:	2e10      	cmp	r6, #16
87801796:	d035      	beq.n	87801804 <lcd_showchar+0xec>
87801798:	2e18      	cmp	r6, #24
8780179a:	d047      	beq.n	8780182c <lcd_showchar+0x114>
8780179c:	2e20      	cmp	r6, #32
8780179e:	d11e      	bne.n	878017de <lcd_showchar+0xc6>
878017a0:	9b03      	ldr	r3, [sp, #12]
878017a2:	f813 500a 	ldrb.w	r5, [r3, sl]
878017a6:	f104 0808 	add.w	r8, r4, #8
878017aa:	fa1f f888 	uxth.w	r8, r8
878017ae:	062b      	lsls	r3, r5, #24
878017b0:	d41e      	bmi.n	878017f0 <lcd_showchar+0xd8>
878017b2:	9b00      	ldr	r3, [sp, #0]
878017b4:	b1b3      	cbz	r3, 878017e4 <lcd_showchar+0xcc>
878017b6:	3401      	adds	r4, #1
878017b8:	883a      	ldrh	r2, [r7, #0]
878017ba:	b2a4      	uxth	r4, r4
878017bc:	006d      	lsls	r5, r5, #1
878017be:	42a2      	cmp	r2, r4
878017c0:	eba4 0109 	sub.w	r1, r4, r9
878017c4:	b2ed      	uxtb	r5, r5
878017c6:	d90a      	bls.n	878017de <lcd_showchar+0xc6>
878017c8:	42b1      	cmp	r1, r6
878017ca:	d01f      	beq.n	8780180c <lcd_showchar+0xf4>
878017cc:	45a0      	cmp	r8, r4
878017ce:	d1ee      	bne.n	878017ae <lcd_showchar+0x96>
878017d0:	f10a 0a01 	add.w	sl, sl, #1
878017d4:	9b01      	ldr	r3, [sp, #4]
878017d6:	fa5f f28a 	uxtb.w	r2, sl
878017da:	429a      	cmp	r2, r3
878017dc:	d3d8      	bcc.n	87801790 <lcd_showchar+0x78>
878017de:	b007      	add	sp, #28
878017e0:	e8bd 8ff0 	ldmia.w	sp!, {r4, r5, r6, r7, r8, r9, sl, fp, pc}
878017e4:	69fa      	ldr	r2, [r7, #28]
878017e6:	4621      	mov	r1, r4
878017e8:	4658      	mov	r0, fp
878017ea:	f7ff fe4d 	bl	87801488 <lcd_drawpoint>
878017ee:	e7e2      	b.n	878017b6 <lcd_showchar+0x9e>
878017f0:	69ba      	ldr	r2, [r7, #24]
878017f2:	4621      	mov	r1, r4
878017f4:	4658      	mov	r0, fp
878017f6:	f7ff fe47 	bl	87801488 <lcd_drawpoint>
878017fa:	e7dc      	b.n	878017b6 <lcd_showchar+0x9e>
878017fc:	9b02      	ldr	r3, [sp, #8]
878017fe:	f813 500a 	ldrb.w	r5, [r3, sl]
87801802:	e7d0      	b.n	878017a6 <lcd_showchar+0x8e>
87801804:	9b04      	ldr	r3, [sp, #16]
87801806:	f813 500a 	ldrb.w	r5, [r3, sl]
8780180a:	e7cc      	b.n	878017a6 <lcd_showchar+0x8e>
8780180c:	f10b 0b01 	add.w	fp, fp, #1
87801810:	887a      	ldrh	r2, [r7, #2]
87801812:	fa1f fb8b 	uxth.w	fp, fp
87801816:	455a      	cmp	r2, fp
87801818:	d9e1      	bls.n	878017de <lcd_showchar+0xc6>
8780181a:	f10a 0a01 	add.w	sl, sl, #1
8780181e:	9b01      	ldr	r3, [sp, #4]
87801820:	fa5f f28a 	uxtb.w	r2, sl
87801824:	464c      	mov	r4, r9
87801826:	429a      	cmp	r2, r3
87801828:	d3b2      	bcc.n	87801790 <lcd_showchar+0x78>
8780182a:	e7d8      	b.n	878017de <lcd_showchar+0xc6>
8780182c:	9b05      	ldr	r3, [sp, #20]
8780182e:	f813 500a 	ldrb.w	r5, [r3, sl]
87801832:	e7b8      	b.n	878017a6 <lcd_showchar+0x8e>
87801834:	87806378 			; <UNDEFINED> instruction: 0x87806378

87801838 <lcd_pow>:
87801838:	1e4b      	subs	r3, r1, #1
8780183a:	2201      	movs	r2, #1
8780183c:	b2db      	uxtb	r3, r3
8780183e:	b129      	cbz	r1, 8780184c <lcd_pow+0x14>
87801840:	3b01      	subs	r3, #1
87801842:	fb00 f202 	mul.w	r2, r0, r2
87801846:	b2db      	uxtb	r3, r3
87801848:	2bff      	cmp	r3, #255	; 0xff
8780184a:	d1f9      	bne.n	87801840 <lcd_pow+0x8>
8780184c:	4610      	mov	r0, r2
8780184e:	4770      	bx	lr

87801850 <lcd_shownum>:
87801850:	e92d 4ff0 	stmdb	sp!, {r4, r5, r6, r7, r8, r9, sl, fp, lr}
87801854:	b087      	sub	sp, #28
87801856:	f89d 7040 	ldrb.w	r7, [sp, #64]	; 0x40
8780185a:	2b00      	cmp	r3, #0
8780185c:	d045      	beq.n	878018ea <lcd_shownum+0x9a>
8780185e:	4693      	mov	fp, r2
87801860:	1e5a      	subs	r2, r3, #1
87801862:	fa5f f982 	uxtb.w	r9, r2
87801866:	2500      	movs	r5, #0
87801868:	f64c 48cd 	movw	r8, #52429	; 0xcccd
8780186c:	9205      	str	r2, [sp, #20]
8780186e:	3b02      	subs	r3, #2
87801870:	087a      	lsrs	r2, r7, #1
87801872:	4604      	mov	r4, r0
87801874:	9304      	str	r3, [sp, #16]
87801876:	468a      	mov	sl, r1
87801878:	462e      	mov	r6, r5
8780187a:	f6cc 48cc 	movt	r8, #52428	; 0xcccc
8780187e:	f109 0301 	add.w	r3, r9, #1
87801882:	9202      	str	r2, [sp, #8]
87801884:	9303      	str	r3, [sp, #12]
87801886:	b2ea      	uxtb	r2, r5
87801888:	9b04      	ldr	r3, [sp, #16]
8780188a:	454a      	cmp	r2, r9
8780188c:	eba3 0302 	sub.w	r3, r3, r2
87801890:	bf08      	it	eq
87801892:	4658      	moveq	r0, fp
87801894:	b2db      	uxtb	r3, r3
87801896:	d00a      	beq.n	878018ae <lcd_shownum+0x5e>
87801898:	2101      	movs	r1, #1
8780189a:	3b01      	subs	r3, #1
8780189c:	eb01 0181 	add.w	r1, r1, r1, lsl #2
878018a0:	b2db      	uxtb	r3, r3
878018a2:	0049      	lsls	r1, r1, #1
878018a4:	2bff      	cmp	r3, #255	; 0xff
878018a6:	d1f8      	bne.n	8780189a <lcd_shownum+0x4a>
878018a8:	4658      	mov	r0, fp
878018aa:	f002 ff65 	bl	87804778 <__udivsi3>
878018ae:	fba0 2308 	umull	r2, r3, r0, r8
878018b2:	08db      	lsrs	r3, r3, #3
878018b4:	eb03 0383 	add.w	r3, r3, r3, lsl #2
878018b8:	eba0 0343 	sub.w	r3, r0, r3, lsl #1
878018bc:	b2da      	uxtb	r2, r3
878018be:	b926      	cbnz	r6, 878018ca <lcd_shownum+0x7a>
878018c0:	9905      	ldr	r1, [sp, #20]
878018c2:	42a9      	cmp	r1, r5
878018c4:	dd01      	ble.n	878018ca <lcd_shownum+0x7a>
878018c6:	b19b      	cbz	r3, 878018f0 <lcd_shownum+0xa0>
878018c8:	2601      	movs	r6, #1
878018ca:	2300      	movs	r3, #0
878018cc:	3230      	adds	r2, #48	; 0x30
878018ce:	9300      	str	r3, [sp, #0]
878018d0:	b2d2      	uxtb	r2, r2
878018d2:	463b      	mov	r3, r7
878018d4:	4651      	mov	r1, sl
878018d6:	4620      	mov	r0, r4
878018d8:	f7ff ff1e 	bl	87801718 <lcd_showchar>
878018dc:	9b02      	ldr	r3, [sp, #8]
878018de:	3501      	adds	r5, #1
878018e0:	441c      	add	r4, r3
878018e2:	9b03      	ldr	r3, [sp, #12]
878018e4:	b2a4      	uxth	r4, r4
878018e6:	42ab      	cmp	r3, r5
878018e8:	d1cd      	bne.n	87801886 <lcd_shownum+0x36>
878018ea:	b007      	add	sp, #28
878018ec:	e8bd 8ff0 	ldmia.w	sp!, {r4, r5, r6, r7, r8, r9, sl, fp, pc}
878018f0:	9600      	str	r6, [sp, #0]
878018f2:	463b      	mov	r3, r7
878018f4:	2220      	movs	r2, #32
878018f6:	4651      	mov	r1, sl
878018f8:	4620      	mov	r0, r4
878018fa:	f7ff ff0d 	bl	87801718 <lcd_showchar>
878018fe:	e7ed      	b.n	878018dc <lcd_shownum+0x8c>

87801900 <lcd_showxnum>:
87801900:	e92d 4ff0 	stmdb	sp!, {r4, r5, r6, r7, r8, r9, sl, fp, lr}
87801904:	b089      	sub	sp, #36	; 0x24
87801906:	4693      	mov	fp, r2
87801908:	f89d 7048 	ldrb.w	r7, [sp, #72]	; 0x48
8780190c:	f89d 204c 	ldrb.w	r2, [sp, #76]	; 0x4c
87801910:	2b00      	cmp	r3, #0
87801912:	d049      	beq.n	878019a8 <lcd_showxnum+0xa8>
87801914:	468a      	mov	sl, r1
87801916:	1e59      	subs	r1, r3, #1
87801918:	fa5f f981 	uxtb.w	r9, r1
8780191c:	9106      	str	r1, [sp, #24]
8780191e:	0879      	lsrs	r1, r7, #1
87801920:	3b02      	subs	r3, #2
87801922:	2500      	movs	r5, #0
87801924:	9304      	str	r3, [sp, #16]
87801926:	f64c 48cd 	movw	r8, #52429	; 0xcccd
8780192a:	f109 0301 	add.w	r3, r9, #1
8780192e:	9102      	str	r1, [sp, #8]
87801930:	4604      	mov	r4, r0
87801932:	b251      	sxtb	r1, r2
87801934:	462e      	mov	r6, r5
87801936:	f6cc 48cc 	movt	r8, #52428	; 0xcccc
8780193a:	9303      	str	r3, [sp, #12]
8780193c:	f002 0301 	and.w	r3, r2, #1
87801940:	9107      	str	r1, [sp, #28]
87801942:	9305      	str	r3, [sp, #20]
87801944:	b2ea      	uxtb	r2, r5
87801946:	9b04      	ldr	r3, [sp, #16]
87801948:	454a      	cmp	r2, r9
8780194a:	eba3 0302 	sub.w	r3, r3, r2
8780194e:	bf08      	it	eq
87801950:	4658      	moveq	r0, fp
87801952:	b2db      	uxtb	r3, r3
87801954:	d00a      	beq.n	8780196c <lcd_showxnum+0x6c>
87801956:	2101      	movs	r1, #1
87801958:	3b01      	subs	r3, #1
8780195a:	eb01 0181 	add.w	r1, r1, r1, lsl #2
8780195e:	b2db      	uxtb	r3, r3
87801960:	0049      	lsls	r1, r1, #1
87801962:	2bff      	cmp	r3, #255	; 0xff
87801964:	d1f8      	bne.n	87801958 <lcd_showxnum+0x58>
87801966:	4658      	mov	r0, fp
87801968:	f002 ff06 	bl	87804778 <__udivsi3>
8780196c:	fba0 2308 	umull	r2, r3, r0, r8
87801970:	08db      	lsrs	r3, r3, #3
87801972:	eb03 0383 	add.w	r3, r3, r3, lsl #2
87801976:	eba0 0343 	sub.w	r3, r0, r3, lsl #1
8780197a:	b2da      	uxtb	r2, r3
8780197c:	b926      	cbnz	r6, 87801988 <lcd_showxnum+0x88>
8780197e:	9906      	ldr	r1, [sp, #24]
87801980:	42a9      	cmp	r1, r5
87801982:	dd01      	ble.n	87801988 <lcd_showxnum+0x88>
87801984:	b19b      	cbz	r3, 878019ae <lcd_showxnum+0xae>
87801986:	2601      	movs	r6, #1
87801988:	9b05      	ldr	r3, [sp, #20]
8780198a:	3230      	adds	r2, #48	; 0x30
8780198c:	b2d2      	uxtb	r2, r2
8780198e:	4651      	mov	r1, sl
87801990:	4620      	mov	r0, r4
87801992:	9300      	str	r3, [sp, #0]
87801994:	463b      	mov	r3, r7
87801996:	f7ff febf 	bl	87801718 <lcd_showchar>
8780199a:	9b02      	ldr	r3, [sp, #8]
8780199c:	3501      	adds	r5, #1
8780199e:	441c      	add	r4, r3
878019a0:	9b03      	ldr	r3, [sp, #12]
878019a2:	b2a4      	uxth	r4, r4
878019a4:	42ab      	cmp	r3, r5
878019a6:	d1cd      	bne.n	87801944 <lcd_showxnum+0x44>
878019a8:	b009      	add	sp, #36	; 0x24
878019aa:	e8bd 8ff0 	ldmia.w	sp!, {r4, r5, r6, r7, r8, r9, sl, fp, pc}
878019ae:	9b07      	ldr	r3, [sp, #28]
878019b0:	4651      	mov	r1, sl
878019b2:	4620      	mov	r0, r4
878019b4:	2b00      	cmp	r3, #0
878019b6:	9b05      	ldr	r3, [sp, #20]
878019b8:	bfb4      	ite	lt
878019ba:	2230      	movlt	r2, #48	; 0x30
878019bc:	2220      	movge	r2, #32
878019be:	9300      	str	r3, [sp, #0]
878019c0:	463b      	mov	r3, r7
878019c2:	f7ff fea9 	bl	87801718 <lcd_showchar>
878019c6:	e7e8      	b.n	8780199a <lcd_showxnum+0x9a>

878019c8 <lcd_show_string>:
878019c8:	e92d 4ff0 	stmdb	sp!, {r4, r5, r6, r7, r8, r9, sl, fp, lr}
878019cc:	b085      	sub	sp, #20
878019ce:	9f0f      	ldr	r7, [sp, #60]	; 0x3c
878019d0:	4402      	add	r2, r0
878019d2:	fa1f f882 	uxth.w	r8, r2
878019d6:	440b      	add	r3, r1
878019d8:	fa1f f983 	uxth.w	r9, r3
878019dc:	f89d 6038 	ldrb.w	r6, [sp, #56]	; 0x38
878019e0:	783a      	ldrb	r2, [r7, #0]
878019e2:	f1a2 0320 	sub.w	r3, r2, #32
878019e6:	2b5e      	cmp	r3, #94	; 0x5e
878019e8:	d81f      	bhi.n	87801a2a <lcd_show_string+0x62>
878019ea:	b2c3      	uxtb	r3, r0
878019ec:	460d      	mov	r5, r1
878019ee:	4604      	mov	r4, r0
878019f0:	ea4f 0b56 	mov.w	fp, r6, lsr #1
878019f4:	9303      	str	r3, [sp, #12]
878019f6:	f04f 0a00 	mov.w	sl, #0
878019fa:	e00b      	b.n	87801a14 <lcd_show_string+0x4c>
878019fc:	f8cd a000 	str.w	sl, [sp]
87801a00:	445c      	add	r4, fp
87801a02:	f7ff fe89 	bl	87801718 <lcd_showchar>
87801a06:	f817 2f01 	ldrb.w	r2, [r7, #1]!
87801a0a:	b2a4      	uxth	r4, r4
87801a0c:	f1a2 0320 	sub.w	r3, r2, #32
87801a10:	2b5e      	cmp	r3, #94	; 0x5e
87801a12:	d80a      	bhi.n	87801a2a <lcd_show_string+0x62>
87801a14:	45a0      	cmp	r8, r4
87801a16:	eb05 0106 	add.w	r1, r5, r6
87801a1a:	bf9c      	itt	ls
87801a1c:	b28d      	uxthls	r5, r1
87801a1e:	9c03      	ldrls	r4, [sp, #12]
87801a20:	4633      	mov	r3, r6
87801a22:	454d      	cmp	r5, r9
87801a24:	4629      	mov	r1, r5
87801a26:	4620      	mov	r0, r4
87801a28:	d3e8      	bcc.n	878019fc <lcd_show_string+0x34>
87801a2a:	b005      	add	sp, #20
87801a2c:	e8bd 8ff0 	ldmia.w	sp!, {r4, r5, r6, r7, r8, r9, sl, fp, pc}

87801a30 <rtc_isleapyear.part.0>:
87801a30:	0783      	lsls	r3, r0, #30
87801a32:	d10e      	bne.n	87801a52 <rtc_isleapyear.part.0+0x22>
87801a34:	f248 521f 	movw	r2, #34079	; 0x851f
87801a38:	2164      	movs	r1, #100	; 0x64
87801a3a:	f2c5 12eb 	movt	r2, #20971	; 0x51eb
87801a3e:	fba0 2302 	umull	r2, r3, r0, r2
87801a42:	095b      	lsrs	r3, r3, #5
87801a44:	fb01 0013 	mls	r0, r1, r3, r0
87801a48:	b280      	uxth	r0, r0
87801a4a:	3000      	adds	r0, #0
87801a4c:	bf18      	it	ne
87801a4e:	2001      	movne	r0, #1
87801a50:	4770      	bx	lr
87801a52:	2000      	movs	r0, #0
87801a54:	4770      	bx	lr
87801a56:	bf00      	nop

87801a58 <rtc_init>:
87801a58:	f44f 4340 	mov.w	r3, #49152	; 0xc000
87801a5c:	f2c0 230c 	movt	r3, #524	; 0x20c
87801a60:	6859      	ldr	r1, [r3, #4]
87801a62:	461a      	mov	r2, r3
87801a64:	f041 4100 	orr.w	r1, r1, #2147483648	; 0x80000000
87801a68:	f441 7180 	orr.w	r1, r1, #256	; 0x100
87801a6c:	6059      	str	r1, [r3, #4]
87801a6e:	6b99      	ldr	r1, [r3, #56]	; 0x38
87801a70:	f041 0101 	orr.w	r1, r1, #1
87801a74:	6399      	str	r1, [r3, #56]	; 0x38
87801a76:	6b93      	ldr	r3, [r2, #56]	; 0x38
87801a78:	07db      	lsls	r3, r3, #31
87801a7a:	d5fc      	bpl.n	87801a76 <rtc_init+0x1e>
87801a7c:	4770      	bx	lr
87801a7e:	bf00      	nop

87801a80 <rtc_enable>:
87801a80:	f44f 4340 	mov.w	r3, #49152	; 0xc000
87801a84:	f2c0 230c 	movt	r3, #524	; 0x20c
87801a88:	6b99      	ldr	r1, [r3, #56]	; 0x38
87801a8a:	461a      	mov	r2, r3
87801a8c:	f041 0101 	orr.w	r1, r1, #1
87801a90:	6399      	str	r1, [r3, #56]	; 0x38
87801a92:	6b93      	ldr	r3, [r2, #56]	; 0x38
87801a94:	07db      	lsls	r3, r3, #31
87801a96:	d5fc      	bpl.n	87801a92 <rtc_enable+0x12>
87801a98:	4770      	bx	lr
87801a9a:	bf00      	nop

87801a9c <rtc_disable>:
87801a9c:	f44f 4340 	mov.w	r3, #49152	; 0xc000
87801aa0:	f2c0 230c 	movt	r3, #524	; 0x20c
87801aa4:	6b99      	ldr	r1, [r3, #56]	; 0x38
87801aa6:	461a      	mov	r2, r3
87801aa8:	f021 0101 	bic.w	r1, r1, #1
87801aac:	6399      	str	r1, [r3, #56]	; 0x38
87801aae:	6b93      	ldr	r3, [r2, #56]	; 0x38
87801ab0:	07db      	lsls	r3, r3, #31
87801ab2:	d4fc      	bmi.n	87801aae <rtc_disable+0x12>
87801ab4:	4770      	bx	lr
87801ab6:	bf00      	nop

87801ab8 <rtc_isleapyear>:
87801ab8:	f248 521f 	movw	r2, #34079	; 0x851f
87801abc:	b410      	push	{r4}
87801abe:	f2c5 12eb 	movt	r2, #20971	; 0x51eb
87801ac2:	f44f 74c8 	mov.w	r4, #400	; 0x190
87801ac6:	fba0 2302 	umull	r2, r3, r0, r2
87801aca:	09db      	lsrs	r3, r3, #7
87801acc:	fb04 0313 	mls	r3, r4, r3, r0
87801ad0:	b29b      	uxth	r3, r3
87801ad2:	b113      	cbz	r3, 87801ada <rtc_isleapyear+0x22>
87801ad4:	f85d 4b04 	ldr.w	r4, [sp], #4
87801ad8:	e7aa      	b.n	87801a30 <rtc_isleapyear.part.0>
87801ada:	2001      	movs	r0, #1
87801adc:	f85d 4b04 	ldr.w	r4, [sp], #4
87801ae0:	4770      	bx	lr
87801ae2:	bf00      	nop

87801ae4 <rtc_coverDateToSeconds>:
87801ae4:	f249 7c6c 	movw	ip, #38764	; 0x976c
87801ae8:	e92d 47f0 	stmdb	sp!, {r4, r5, r6, r7, r8, r9, sl, lr}
87801aec:	f2c8 7c80 	movt	ip, #34688	; 0x8780
87801af0:	4607      	mov	r7, r0
87801af2:	b088      	sub	sp, #32
87801af4:	f240 74b2 	movw	r4, #1970	; 0x7b2
87801af8:	e8bc 000f 	ldmia.w	ip!, {r0, r1, r2, r3}
87801afc:	ad01      	add	r5, sp, #4
87801afe:	883e      	ldrh	r6, [r7, #0]
87801b00:	f897 8002 	ldrb.w	r8, [r7, #2]
87801b04:	c50f      	stmia	r5!, {r0, r1, r2, r3}
87801b06:	42a6      	cmp	r6, r4
87801b08:	e89c 0007 	ldmia.w	ip, {r0, r1, r2}
87801b0c:	c503      	stmia	r5!, {r0, r1}
87801b0e:	802a      	strh	r2, [r5, #0]
87801b10:	d94d      	bls.n	87801bae <rtc_coverDateToSeconds+0xca>
87801b12:	f248 591f 	movw	r9, #34079	; 0x851f
87801b16:	2500      	movs	r5, #0
87801b18:	f2c5 19eb 	movt	r9, #20971	; 0x51eb
87801b1c:	f44f 7ac8 	mov.w	sl, #400	; 0x190
87801b20:	e008      	b.n	87801b34 <rtc_coverDateToSeconds+0x50>
87801b22:	f7ff ff85 	bl	87801a30 <rtc_isleapyear.part.0>
87801b26:	b970      	cbnz	r0, 87801b46 <rtc_coverDateToSeconds+0x62>
87801b28:	3401      	adds	r4, #1
87801b2a:	f205 156d 	addw	r5, r5, #365	; 0x16d
87801b2e:	b2a4      	uxth	r4, r4
87801b30:	42b4      	cmp	r4, r6
87801b32:	d00e      	beq.n	87801b52 <rtc_coverDateToSeconds+0x6e>
87801b34:	fba4 2309 	umull	r2, r3, r4, r9
87801b38:	4620      	mov	r0, r4
87801b3a:	09db      	lsrs	r3, r3, #7
87801b3c:	fb0a 4313 	mls	r3, sl, r3, r4
87801b40:	b29b      	uxth	r3, r3
87801b42:	2b00      	cmp	r3, #0
87801b44:	d1ed      	bne.n	87801b22 <rtc_coverDateToSeconds+0x3e>
87801b46:	3401      	adds	r4, #1
87801b48:	f505 75b7 	add.w	r5, r5, #366	; 0x16e
87801b4c:	b2a4      	uxth	r4, r4
87801b4e:	42b4      	cmp	r4, r6
87801b50:	d1f0      	bne.n	87801b34 <rtc_coverDateToSeconds+0x50>
87801b52:	f248 521f 	movw	r2, #34079	; 0x851f
87801b56:	f44f 71c8 	mov.w	r1, #400	; 0x190
87801b5a:	f2c5 12eb 	movt	r2, #20971	; 0x51eb
87801b5e:	a808      	add	r0, sp, #32
87801b60:	fba4 2302 	umull	r2, r3, r4, r2
87801b64:	eb00 0048 	add.w	r0, r0, r8, lsl #1
87801b68:	f830 0c1c 	ldrh.w	r0, [r0, #-28]
87801b6c:	09db      	lsrs	r3, r3, #7
87801b6e:	4405      	add	r5, r0
87801b70:	fb01 4313 	mls	r3, r1, r3, r4
87801b74:	b29b      	uxth	r3, r3
87801b76:	b9fb      	cbnz	r3, 87801bb8 <rtc_coverDateToSeconds+0xd4>
87801b78:	f1b8 0f02 	cmp.w	r8, #2
87801b7c:	bf88      	it	hi
87801b7e:	3501      	addhi	r5, #1
87801b80:	797b      	ldrb	r3, [r7, #5]
87801b82:	f44f 6661 	mov.w	r6, #3600	; 0xe10
87801b86:	793a      	ldrb	r2, [r7, #4]
87801b88:	f44f 41a3 	mov.w	r1, #20864	; 0x5180
87801b8c:	78f8      	ldrb	r0, [r7, #3]
87801b8e:	f2c0 0101 	movt	r1, #1
87801b92:	79bc      	ldrb	r4, [r7, #6]
87801b94:	ebc3 1303 	rsb	r3, r3, r3, lsl #4
87801b98:	3801      	subs	r0, #1
87801b9a:	009b      	lsls	r3, r3, #2
87801b9c:	4405      	add	r5, r0
87801b9e:	fb06 3002 	mla	r0, r6, r2, r3
87801ba2:	4420      	add	r0, r4
87801ba4:	fb01 0005 	mla	r0, r1, r5, r0
87801ba8:	b008      	add	sp, #32
87801baa:	e8bd 87f0 	ldmia.w	sp!, {r4, r5, r6, r7, r8, r9, sl, pc}
87801bae:	ab08      	add	r3, sp, #32
87801bb0:	eb03 0348 	add.w	r3, r3, r8, lsl #1
87801bb4:	f833 5c1c 	ldrh.w	r5, [r3, #-28]
87801bb8:	4620      	mov	r0, r4
87801bba:	f7ff ff39 	bl	87801a30 <rtc_isleapyear.part.0>
87801bbe:	2800      	cmp	r0, #0
87801bc0:	d1da      	bne.n	87801b78 <rtc_coverDateToSeconds+0x94>
87801bc2:	e7dd      	b.n	87801b80 <rtc_coverDateToSeconds+0x9c>

87801bc4 <rtc_setDatetime>:
87801bc4:	b538      	push	{r3, r4, r5, lr}
87801bc6:	f44f 4340 	mov.w	r3, #49152	; 0xc000
87801bca:	f2c0 230c 	movt	r3, #524	; 0x20c
87801bce:	461c      	mov	r4, r3
87801bd0:	6b9d      	ldr	r5, [r3, #56]	; 0x38
87801bd2:	6b9a      	ldr	r2, [r3, #56]	; 0x38
87801bd4:	f022 0201 	bic.w	r2, r2, #1
87801bd8:	639a      	str	r2, [r3, #56]	; 0x38
87801bda:	6ba3      	ldr	r3, [r4, #56]	; 0x38
87801bdc:	07d9      	lsls	r1, r3, #31
87801bde:	d4fc      	bmi.n	87801bda <rtc_setDatetime+0x16>
87801be0:	f7ff ff80 	bl	87801ae4 <rtc_coverDateToSeconds>
87801be4:	07ea      	lsls	r2, r5, #31
87801be6:	ea4f 4350 	mov.w	r3, r0, lsr #17
87801bea:	ea4f 30c0 	mov.w	r0, r0, lsl #15
87801bee:	6523      	str	r3, [r4, #80]	; 0x50
87801bf0:	6560      	str	r0, [r4, #84]	; 0x54
87801bf2:	d50a      	bpl.n	87801c0a <rtc_setDatetime+0x46>
87801bf4:	6ba3      	ldr	r3, [r4, #56]	; 0x38
87801bf6:	f44f 4240 	mov.w	r2, #49152	; 0xc000
87801bfa:	f2c0 220c 	movt	r2, #524	; 0x20c
87801bfe:	f043 0301 	orr.w	r3, r3, #1
87801c02:	63a3      	str	r3, [r4, #56]	; 0x38
87801c04:	6b93      	ldr	r3, [r2, #56]	; 0x38
87801c06:	07db      	lsls	r3, r3, #31
87801c08:	d5fc      	bpl.n	87801c04 <rtc_setDatetime+0x40>
87801c0a:	bd38      	pop	{r3, r4, r5, pc}

87801c0c <rtc_convertSecondsToDatetime>:
87801c0c:	e92d 4ff0 	stmdb	sp!, {r4, r5, r6, r7, r8, r9, sl, fp, lr}
87801c10:	f244 5407 	movw	r4, #17671	; 0x4507
87801c14:	f2cc 242e 	movt	r4, #49710	; 0xc22e
87801c18:	f44f 43a3 	mov.w	r3, #20864	; 0x5180
87801c1c:	fba0 4504 	umull	r4, r5, r0, r4
87801c20:	f2c0 0301 	movt	r3, #1
87801c24:	f24b 3ac5 	movw	sl, #46021	; 0xb3c5
87801c28:	f240 74b2 	movw	r4, #1970	; 0x7b2
87801c2c:	f2c9 1aa2 	movt	sl, #37282	; 0x91a2
87801c30:	460f      	mov	r7, r1
87801c32:	800c      	strh	r4, [r1, #0]
87801c34:	f44f 6c61 	mov.w	ip, #3600	; 0xe10
87801c38:	4a36      	ldr	r2, [pc, #216]	; (87801d14 <rtc_convertSecondsToDatetime+0x108>)
87801c3a:	f648 0889 	movw	r8, #34953	; 0x8889
87801c3e:	0c2d      	lsrs	r5, r5, #16
87801c40:	f6c8 0888 	movt	r8, #34952	; 0x8888
87801c44:	b085      	sub	sp, #20
87801c46:	fb03 0315 	mls	r3, r3, r5, r0
87801c4a:	46ee      	mov	lr, sp
87801c4c:	f240 166d 	movw	r6, #365	; 0x16d
87801c50:	3501      	adds	r5, #1
87801c52:	fba3 ab0a 	umull	sl, fp, r3, sl
87801c56:	f44f 7ac8 	mov.w	sl, #400	; 0x190
87801c5a:	ea4f 21db 	mov.w	r1, fp, lsr #11
87801c5e:	fb0c 3c11 	mls	ip, ip, r1, r3
87801c62:	7139      	strb	r1, [r7, #4]
87801c64:	ca0f      	ldmia	r2, {r0, r1, r2, r3}
87801c66:	fbac 8908 	umull	r8, r9, ip, r8
87801c6a:	46b0      	mov	r8, r6
87801c6c:	e8ae 0007 	stmia.w	lr!, {r0, r1, r2}
87801c70:	f88e 3000 	strb.w	r3, [lr]
87801c74:	ea4f 1259 	mov.w	r2, r9, lsr #5
87801c78:	f248 591f 	movw	r9, #34079	; 0x851f
87801c7c:	f2c5 19eb 	movt	r9, #20971	; 0x51eb
87801c80:	ebc2 1302 	rsb	r3, r2, r2, lsl #4
87801c84:	717a      	strb	r2, [r7, #5]
87801c86:	ebac 0c83 	sub.w	ip, ip, r3, lsl #2
87801c8a:	f887 c006 	strb.w	ip, [r7, #6]
87801c8e:	42ae      	cmp	r6, r5
87801c90:	f104 0301 	add.w	r3, r4, #1
87801c94:	d216      	bcs.n	87801cc4 <rtc_convertSecondsToDatetime+0xb8>
87801c96:	b29c      	uxth	r4, r3
87801c98:	1bad      	subs	r5, r5, r6
87801c9a:	f44f 76b7 	mov.w	r6, #366	; 0x16e
87801c9e:	fba4 2309 	umull	r2, r3, r4, r9
87801ca2:	4620      	mov	r0, r4
87801ca4:	803c      	strh	r4, [r7, #0]
87801ca6:	09db      	lsrs	r3, r3, #7
87801ca8:	fb0a 4313 	mls	r3, sl, r3, r4
87801cac:	b29b      	uxth	r3, r3
87801cae:	2b00      	cmp	r3, #0
87801cb0:	d0ed      	beq.n	87801c8e <rtc_convertSecondsToDatetime+0x82>
87801cb2:	f7ff febd 	bl	87801a30 <rtc_isleapyear.part.0>
87801cb6:	2800      	cmp	r0, #0
87801cb8:	f104 0301 	add.w	r3, r4, #1
87801cbc:	bf08      	it	eq
87801cbe:	4646      	moveq	r6, r8
87801cc0:	42ae      	cmp	r6, r5
87801cc2:	d3e8      	bcc.n	87801c96 <rtc_convertSecondsToDatetime+0x8a>
87801cc4:	f248 521f 	movw	r2, #34079	; 0x851f
87801cc8:	f44f 71c8 	mov.w	r1, #400	; 0x190
87801ccc:	f2c5 12eb 	movt	r2, #20971	; 0x51eb
87801cd0:	fba4 2302 	umull	r2, r3, r4, r2
87801cd4:	09db      	lsrs	r3, r3, #7
87801cd6:	fb01 4313 	mls	r3, r1, r3, r4
87801cda:	b29b      	uxth	r3, r3
87801cdc:	b18b      	cbz	r3, 87801d02 <rtc_convertSecondsToDatetime+0xf6>
87801cde:	4620      	mov	r0, r4
87801ce0:	f7ff fea6 	bl	87801a30 <rtc_isleapyear.part.0>
87801ce4:	b968      	cbnz	r0, 87801d02 <rtc_convertSecondsToDatetime+0xf6>
87801ce6:	4669      	mov	r1, sp
87801ce8:	2301      	movs	r3, #1
87801cea:	f811 2f01 	ldrb.w	r2, [r1, #1]!
87801cee:	42aa      	cmp	r2, r5
87801cf0:	d20b      	bcs.n	87801d0a <rtc_convertSecondsToDatetime+0xfe>
87801cf2:	3301      	adds	r3, #1
87801cf4:	1aad      	subs	r5, r5, r2
87801cf6:	2b0d      	cmp	r3, #13
87801cf8:	d1f7      	bne.n	87801cea <rtc_convertSecondsToDatetime+0xde>
87801cfa:	70fd      	strb	r5, [r7, #3]
87801cfc:	b005      	add	sp, #20
87801cfe:	e8bd 8ff0 	ldmia.w	sp!, {r4, r5, r6, r7, r8, r9, sl, fp, pc}
87801d02:	231d      	movs	r3, #29
87801d04:	f88d 3002 	strb.w	r3, [sp, #2]
87801d08:	e7ed      	b.n	87801ce6 <rtc_convertSecondsToDatetime+0xda>
87801d0a:	70bb      	strb	r3, [r7, #2]
87801d0c:	70fd      	strb	r5, [r7, #3]
87801d0e:	b005      	add	sp, #20
87801d10:	e8bd 8ff0 	ldmia.w	sp!, {r4, r5, r6, r7, r8, r9, sl, fp, pc}
87801d14:	87809788 	strhi	r9, [r0, r8, lsl #15]

87801d18 <rtc_getSeconds>:
87801d18:	f44f 4340 	mov.w	r3, #49152	; 0xc000
87801d1c:	f2c0 230c 	movt	r3, #524	; 0x20c
87801d20:	6d18      	ldr	r0, [r3, #80]	; 0x50
87801d22:	6d5b      	ldr	r3, [r3, #84]	; 0x54
87801d24:	0bdb      	lsrs	r3, r3, #15
87801d26:	ea43 4040 	orr.w	r0, r3, r0, lsl #17
87801d2a:	4770      	bx	lr

87801d2c <rtc_getDateTime>:
87801d2c:	f44f 4340 	mov.w	r3, #49152	; 0xc000
87801d30:	4601      	mov	r1, r0
87801d32:	f2c0 230c 	movt	r3, #524	; 0x20c
87801d36:	6d18      	ldr	r0, [r3, #80]	; 0x50
87801d38:	6d5b      	ldr	r3, [r3, #84]	; 0x54
87801d3a:	0bdb      	lsrs	r3, r3, #15
87801d3c:	ea43 4040 	orr.w	r0, r3, r0, lsl #17
87801d40:	f7ff bf64 	b.w	87801c0c <rtc_convertSecondsToDatetime>

87801d44 <i2c_check_and_clear_error.part.1>:
87801d44:	4602      	mov	r2, r0
87801d46:	2004      	movs	r0, #4
87801d48:	8993      	ldrh	r3, [r2, #12]
87801d4a:	f023 0310 	bic.w	r3, r3, #16
87801d4e:	041b      	lsls	r3, r3, #16
87801d50:	0c1b      	lsrs	r3, r3, #16
87801d52:	8193      	strh	r3, [r2, #12]
87801d54:	8913      	ldrh	r3, [r2, #8]
87801d56:	f023 0380 	bic.w	r3, r3, #128	; 0x80
87801d5a:	041b      	lsls	r3, r3, #16
87801d5c:	0c1b      	lsrs	r3, r3, #16
87801d5e:	8113      	strh	r3, [r2, #8]
87801d60:	8913      	ldrh	r3, [r2, #8]
87801d62:	b29b      	uxth	r3, r3
87801d64:	f043 0380 	orr.w	r3, r3, #128	; 0x80
87801d68:	8113      	strh	r3, [r2, #8]
87801d6a:	4770      	bx	lr

87801d6c <i2c_init>:
87801d6c:	8903      	ldrh	r3, [r0, #8]
87801d6e:	2215      	movs	r2, #21
87801d70:	f023 0380 	bic.w	r3, r3, #128	; 0x80
87801d74:	041b      	lsls	r3, r3, #16
87801d76:	0c1b      	lsrs	r3, r3, #16
87801d78:	8103      	strh	r3, [r0, #8]
87801d7a:	8082      	strh	r2, [r0, #4]
87801d7c:	8903      	ldrh	r3, [r0, #8]
87801d7e:	b29b      	uxth	r3, r3
87801d80:	f043 0380 	orr.w	r3, r3, #128	; 0x80
87801d84:	8103      	strh	r3, [r0, #8]
87801d86:	4770      	bx	lr

87801d88 <i2c_master_repeated_start>:
87801d88:	4603      	mov	r3, r0
87801d8a:	8980      	ldrh	r0, [r0, #12]
87801d8c:	0680      	lsls	r0, r0, #26
87801d8e:	d502      	bpl.n	87801d96 <i2c_master_repeated_start+0xe>
87801d90:	8918      	ldrh	r0, [r3, #8]
87801d92:	0680      	lsls	r0, r0, #26
87801d94:	d511      	bpl.n	87801dba <i2c_master_repeated_start+0x32>
87801d96:	b410      	push	{r4}
87801d98:	f1a2 0201 	sub.w	r2, r2, #1
87801d9c:	891c      	ldrh	r4, [r3, #8]
87801d9e:	fab2 f282 	clz	r2, r2
87801da2:	0952      	lsrs	r2, r2, #5
87801da4:	2000      	movs	r0, #0
87801da6:	ea42 0141 	orr.w	r1, r2, r1, lsl #1
87801daa:	b2a2      	uxth	r2, r4
87801dac:	f85d 4b04 	ldr.w	r4, [sp], #4
87801db0:	f042 0214 	orr.w	r2, r2, #20
87801db4:	811a      	strh	r2, [r3, #8]
87801db6:	8219      	strh	r1, [r3, #16]
87801db8:	4770      	bx	lr
87801dba:	2001      	movs	r0, #1
87801dbc:	4770      	bx	lr
87801dbe:	bf00      	nop

87801dc0 <i2c_master_start>:
87801dc0:	8983      	ldrh	r3, [r0, #12]
87801dc2:	f013 0320 	ands.w	r3, r3, #32
87801dc6:	d110      	bne.n	87801dea <i2c_master_start+0x2a>
87801dc8:	b410      	push	{r4}
87801dca:	0049      	lsls	r1, r1, #1
87801dcc:	8904      	ldrh	r4, [r0, #8]
87801dce:	2a01      	cmp	r2, #1
87801dd0:	bf14      	ite	ne
87801dd2:	460a      	movne	r2, r1
87801dd4:	f041 0201 	orreq.w	r2, r1, #1
87801dd8:	b2a1      	uxth	r1, r4
87801dda:	f85d 4b04 	ldr.w	r4, [sp], #4
87801dde:	f041 0130 	orr.w	r1, r1, #48	; 0x30
87801de2:	8101      	strh	r1, [r0, #8]
87801de4:	8202      	strh	r2, [r0, #16]
87801de6:	4618      	mov	r0, r3
87801de8:	4770      	bx	lr
87801dea:	2301      	movs	r3, #1
87801dec:	4618      	mov	r0, r3
87801dee:	4770      	bx	lr

87801df0 <i2c_check_and_clear_error>:
87801df0:	06cb      	lsls	r3, r1, #27
87801df2:	d405      	bmi.n	87801e00 <i2c_check_and_clear_error+0x10>
87801df4:	f011 0f01 	tst.w	r1, #1
87801df8:	bf14      	ite	ne
87801dfa:	2003      	movne	r0, #3
87801dfc:	2000      	moveq	r0, #0
87801dfe:	4770      	bx	lr
87801e00:	e7a0      	b.n	87801d44 <i2c_check_and_clear_error.part.1>
87801e02:	bf00      	nop

87801e04 <i2c_master_stop>:
87801e04:	8902      	ldrh	r2, [r0, #8]
87801e06:	f64f 73ff 	movw	r3, #65535	; 0xffff
87801e0a:	f022 0238 	bic.w	r2, r2, #56	; 0x38
87801e0e:	0412      	lsls	r2, r2, #16
87801e10:	0c12      	lsrs	r2, r2, #16
87801e12:	8102      	strh	r2, [r0, #8]
87801e14:	e000      	b.n	87801e18 <i2c_master_stop+0x14>
87801e16:	b13b      	cbz	r3, 87801e28 <i2c_master_stop+0x24>
87801e18:	8982      	ldrh	r2, [r0, #12]
87801e1a:	3b01      	subs	r3, #1
87801e1c:	b29b      	uxth	r3, r3
87801e1e:	f012 0220 	ands.w	r2, r2, #32
87801e22:	d1f8      	bne.n	87801e16 <i2c_master_stop+0x12>
87801e24:	4610      	mov	r0, r2
87801e26:	4770      	bx	lr
87801e28:	2005      	movs	r0, #5
87801e2a:	4770      	bx	lr

87801e2c <i2c_master_write>:
87801e2c:	b538      	push	{r3, r4, r5, lr}
87801e2e:	4604      	mov	r4, r0
87801e30:	89a3      	ldrh	r3, [r4, #12]
87801e32:	061d      	lsls	r5, r3, #24
87801e34:	d5fc      	bpl.n	87801e30 <i2c_master_write+0x4>
87801e36:	89a3      	ldrh	r3, [r4, #12]
87801e38:	188d      	adds	r5, r1, r2
87801e3a:	f023 0302 	bic.w	r3, r3, #2
87801e3e:	041b      	lsls	r3, r3, #16
87801e40:	0c1b      	lsrs	r3, r3, #16
87801e42:	81a3      	strh	r3, [r4, #12]
87801e44:	8923      	ldrh	r3, [r4, #8]
87801e46:	b29b      	uxth	r3, r3
87801e48:	f043 0310 	orr.w	r3, r3, #16
87801e4c:	8123      	strh	r3, [r4, #8]
87801e4e:	42a9      	cmp	r1, r5
87801e50:	d011      	beq.n	87801e76 <i2c_master_write+0x4a>
87801e52:	f811 3b01 	ldrb.w	r3, [r1], #1
87801e56:	8223      	strh	r3, [r4, #16]
87801e58:	89a3      	ldrh	r3, [r4, #12]
87801e5a:	0798      	lsls	r0, r3, #30
87801e5c:	d5fc      	bpl.n	87801e58 <i2c_master_write+0x2c>
87801e5e:	89a3      	ldrh	r3, [r4, #12]
87801e60:	f023 0302 	bic.w	r3, r3, #2
87801e64:	041b      	lsls	r3, r3, #16
87801e66:	0c1b      	lsrs	r3, r3, #16
87801e68:	81a3      	strh	r3, [r4, #12]
87801e6a:	89a3      	ldrh	r3, [r4, #12]
87801e6c:	b29b      	uxth	r3, r3
87801e6e:	06da      	lsls	r2, r3, #27
87801e70:	d417      	bmi.n	87801ea2 <i2c_master_write+0x76>
87801e72:	07d8      	lsls	r0, r3, #31
87801e74:	d5eb      	bpl.n	87801e4e <i2c_master_write+0x22>
87801e76:	89a2      	ldrh	r2, [r4, #12]
87801e78:	f64f 73ff 	movw	r3, #65535	; 0xffff
87801e7c:	f022 0202 	bic.w	r2, r2, #2
87801e80:	0412      	lsls	r2, r2, #16
87801e82:	0c12      	lsrs	r2, r2, #16
87801e84:	81a2      	strh	r2, [r4, #12]
87801e86:	8922      	ldrh	r2, [r4, #8]
87801e88:	f022 0238 	bic.w	r2, r2, #56	; 0x38
87801e8c:	0412      	lsls	r2, r2, #16
87801e8e:	0c12      	lsrs	r2, r2, #16
87801e90:	8122      	strh	r2, [r4, #8]
87801e92:	e000      	b.n	87801e96 <i2c_master_write+0x6a>
87801e94:	b123      	cbz	r3, 87801ea0 <i2c_master_write+0x74>
87801e96:	89a2      	ldrh	r2, [r4, #12]
87801e98:	3b01      	subs	r3, #1
87801e9a:	b29b      	uxth	r3, r3
87801e9c:	0692      	lsls	r2, r2, #26
87801e9e:	d4f9      	bmi.n	87801e94 <i2c_master_write+0x68>
87801ea0:	bd38      	pop	{r3, r4, r5, pc}
87801ea2:	4620      	mov	r0, r4
87801ea4:	f7ff ff4e 	bl	87801d44 <i2c_check_and_clear_error.part.1>
87801ea8:	2800      	cmp	r0, #0
87801eaa:	d0d0      	beq.n	87801e4e <i2c_master_write+0x22>
87801eac:	e7e3      	b.n	87801e76 <i2c_master_write+0x4a>
87801eae:	bf00      	nop

87801eb0 <i2c_master_read>:
87801eb0:	b430      	push	{r4, r5}
87801eb2:	2300      	movs	r3, #0
87801eb4:	b082      	sub	sp, #8
87801eb6:	f88d 3007 	strb.w	r3, [sp, #7]
87801eba:	f89d 3007 	ldrb.w	r3, [sp, #7]
87801ebe:	3301      	adds	r3, #1
87801ec0:	b2db      	uxtb	r3, r3
87801ec2:	f88d 3007 	strb.w	r3, [sp, #7]
87801ec6:	8983      	ldrh	r3, [r0, #12]
87801ec8:	061c      	lsls	r4, r3, #24
87801eca:	d5fc      	bpl.n	87801ec6 <i2c_master_read+0x16>
87801ecc:	8983      	ldrh	r3, [r0, #12]
87801ece:	2a01      	cmp	r2, #1
87801ed0:	f102 35ff 	add.w	r5, r2, #4294967295	; 0xffffffff
87801ed4:	f023 0302 	bic.w	r3, r3, #2
87801ed8:	ea4f 4303 	mov.w	r3, r3, lsl #16
87801edc:	ea4f 4313 	mov.w	r3, r3, lsr #16
87801ee0:	8183      	strh	r3, [r0, #12]
87801ee2:	8903      	ldrh	r3, [r0, #8]
87801ee4:	f023 0318 	bic.w	r3, r3, #24
87801ee8:	ea4f 4303 	mov.w	r3, r3, lsl #16
87801eec:	ea4f 4313 	mov.w	r3, r3, lsr #16
87801ef0:	8103      	strh	r3, [r0, #8]
87801ef2:	d02b      	beq.n	87801f4c <i2c_master_read+0x9c>
87801ef4:	8a03      	ldrh	r3, [r0, #16]
87801ef6:	b2db      	uxtb	r3, r3
87801ef8:	f88d 3007 	strb.w	r3, [sp, #7]
87801efc:	b31a      	cbz	r2, 87801f46 <i2c_master_read+0x96>
87801efe:	462a      	mov	r2, r5
87801f00:	460c      	mov	r4, r1
87801f02:	8983      	ldrh	r3, [r0, #12]
87801f04:	079b      	lsls	r3, r3, #30
87801f06:	d5fc      	bpl.n	87801f02 <i2c_master_read+0x52>
87801f08:	8983      	ldrh	r3, [r0, #12]
87801f0a:	f023 0302 	bic.w	r3, r3, #2
87801f0e:	041b      	lsls	r3, r3, #16
87801f10:	0c1b      	lsrs	r3, r3, #16
87801f12:	8183      	strh	r3, [r0, #12]
87801f14:	b132      	cbz	r2, 87801f24 <i2c_master_read+0x74>
87801f16:	2a01      	cmp	r2, #1
87801f18:	d022      	beq.n	87801f60 <i2c_master_read+0xb0>
87801f1a:	8a03      	ldrh	r3, [r0, #16]
87801f1c:	3a01      	subs	r2, #1
87801f1e:	f804 3b01 	strb.w	r3, [r4], #1
87801f22:	e7ee      	b.n	87801f02 <i2c_master_read+0x52>
87801f24:	8902      	ldrh	r2, [r0, #8]
87801f26:	f64f 73ff 	movw	r3, #65535	; 0xffff
87801f2a:	f022 0238 	bic.w	r2, r2, #56	; 0x38
87801f2e:	0412      	lsls	r2, r2, #16
87801f30:	0c12      	lsrs	r2, r2, #16
87801f32:	8102      	strh	r2, [r0, #8]
87801f34:	e000      	b.n	87801f38 <i2c_master_read+0x88>
87801f36:	b123      	cbz	r3, 87801f42 <i2c_master_read+0x92>
87801f38:	8982      	ldrh	r2, [r0, #12]
87801f3a:	3b01      	subs	r3, #1
87801f3c:	b29b      	uxth	r3, r3
87801f3e:	0692      	lsls	r2, r2, #26
87801f40:	d4f9      	bmi.n	87801f36 <i2c_master_read+0x86>
87801f42:	8a03      	ldrh	r3, [r0, #16]
87801f44:	554b      	strb	r3, [r1, r5]
87801f46:	b002      	add	sp, #8
87801f48:	bc30      	pop	{r4, r5}
87801f4a:	4770      	bx	lr
87801f4c:	8903      	ldrh	r3, [r0, #8]
87801f4e:	b29b      	uxth	r3, r3
87801f50:	f043 0308 	orr.w	r3, r3, #8
87801f54:	8103      	strh	r3, [r0, #8]
87801f56:	8a03      	ldrh	r3, [r0, #16]
87801f58:	b2db      	uxtb	r3, r3
87801f5a:	f88d 3007 	strb.w	r3, [sp, #7]
87801f5e:	e7ce      	b.n	87801efe <i2c_master_read+0x4e>
87801f60:	8903      	ldrh	r3, [r0, #8]
87801f62:	b29b      	uxth	r3, r3
87801f64:	f043 0308 	orr.w	r3, r3, #8
87801f68:	8103      	strh	r3, [r0, #8]
87801f6a:	e7d6      	b.n	87801f1a <i2c_master_read+0x6a>

87801f6c <i2c_master_transfer>:
87801f6c:	b538      	push	{r3, r4, r5, lr}
87801f6e:	8983      	ldrh	r3, [r0, #12]
87801f70:	684c      	ldr	r4, [r1, #4]
87801f72:	f023 0312 	bic.w	r3, r3, #18
87801f76:	041b      	lsls	r3, r3, #16
87801f78:	0c1b      	lsrs	r3, r3, #16
87801f7a:	8183      	strh	r3, [r0, #12]
87801f7c:	8983      	ldrh	r3, [r0, #12]
87801f7e:	061b      	lsls	r3, r3, #24
87801f80:	d5fc      	bpl.n	87801f7c <i2c_master_transfer+0x10>
87801f82:	7b0a      	ldrb	r2, [r1, #12]
87801f84:	780b      	ldrb	r3, [r1, #0]
87801f86:	b922      	cbnz	r2, 87801f92 <i2c_master_transfer+0x26>
87801f88:	8985      	ldrh	r5, [r0, #12]
87801f8a:	06ad      	lsls	r5, r5, #26
87801f8c:	d528      	bpl.n	87801fe0 <i2c_master_transfer+0x74>
87801f8e:	2001      	movs	r0, #1
87801f90:	bd38      	pop	{r3, r4, r5, pc}
87801f92:	8984      	ldrh	r4, [r0, #12]
87801f94:	06a4      	lsls	r4, r4, #26
87801f96:	d4fa      	bmi.n	87801f8e <i2c_master_transfer+0x22>
87801f98:	8904      	ldrh	r4, [r0, #8]
87801f9a:	005b      	lsls	r3, r3, #1
87801f9c:	b2a4      	uxth	r4, r4
87801f9e:	f044 0430 	orr.w	r4, r4, #48	; 0x30
87801fa2:	8104      	strh	r4, [r0, #8]
87801fa4:	8203      	strh	r3, [r0, #16]
87801fa6:	8983      	ldrh	r3, [r0, #12]
87801fa8:	079c      	lsls	r4, r3, #30
87801faa:	d5fc      	bpl.n	87801fa6 <i2c_master_transfer+0x3a>
87801fac:	8983      	ldrh	r3, [r0, #12]
87801fae:	4604      	mov	r4, r0
87801fb0:	460d      	mov	r5, r1
87801fb2:	b29b      	uxth	r3, r3
87801fb4:	06d8      	lsls	r0, r3, #27
87801fb6:	d41e      	bmi.n	87801ff6 <i2c_master_transfer+0x8a>
87801fb8:	07d9      	lsls	r1, r3, #31
87801fba:	d522      	bpl.n	87802002 <i2c_master_transfer+0x96>
87801fbc:	2003      	movs	r0, #3
87801fbe:	8922      	ldrh	r2, [r4, #8]
87801fc0:	f64f 73ff 	movw	r3, #65535	; 0xffff
87801fc4:	f022 0238 	bic.w	r2, r2, #56	; 0x38
87801fc8:	0412      	lsls	r2, r2, #16
87801fca:	0c12      	lsrs	r2, r2, #16
87801fcc:	8122      	strh	r2, [r4, #8]
87801fce:	e001      	b.n	87801fd4 <i2c_master_transfer+0x68>
87801fd0:	2b00      	cmp	r3, #0
87801fd2:	d0dd      	beq.n	87801f90 <i2c_master_transfer+0x24>
87801fd4:	89a2      	ldrh	r2, [r4, #12]
87801fd6:	3b01      	subs	r3, #1
87801fd8:	b29b      	uxth	r3, r3
87801fda:	0692      	lsls	r2, r2, #26
87801fdc:	d4f8      	bmi.n	87801fd0 <i2c_master_transfer+0x64>
87801fde:	bd38      	pop	{r3, r4, r5, pc}
87801fe0:	8905      	ldrh	r5, [r0, #8]
87801fe2:	005b      	lsls	r3, r3, #1
87801fe4:	2c01      	cmp	r4, #1
87801fe6:	bf08      	it	eq
87801fe8:	f043 0301 	orreq.w	r3, r3, #1
87801fec:	b2ac      	uxth	r4, r5
87801fee:	f044 0430 	orr.w	r4, r4, #48	; 0x30
87801ff2:	8104      	strh	r4, [r0, #8]
87801ff4:	e7d6      	b.n	87801fa4 <i2c_master_transfer+0x38>
87801ff6:	4620      	mov	r0, r4
87801ff8:	f7ff fea4 	bl	87801d44 <i2c_check_and_clear_error.part.1>
87801ffc:	2800      	cmp	r0, #0
87801ffe:	d1de      	bne.n	87801fbe <i2c_master_transfer+0x52>
87802000:	7b0a      	ldrb	r2, [r1, #12]
87802002:	b33a      	cbz	r2, 87802054 <i2c_master_transfer+0xe8>
87802004:	68a8      	ldr	r0, [r5, #8]
87802006:	3a01      	subs	r2, #1
87802008:	89a3      	ldrh	r3, [r4, #12]
8780200a:	b2d2      	uxtb	r2, r2
8780200c:	00d1      	lsls	r1, r2, #3
8780200e:	f023 0302 	bic.w	r3, r3, #2
87802012:	041b      	lsls	r3, r3, #16
87802014:	fa20 f101 	lsr.w	r1, r0, r1
87802018:	0c1b      	lsrs	r3, r3, #16
8780201a:	b289      	uxth	r1, r1
8780201c:	81a3      	strh	r3, [r4, #12]
8780201e:	732a      	strb	r2, [r5, #12]
87802020:	8221      	strh	r1, [r4, #16]
87802022:	89a3      	ldrh	r3, [r4, #12]
87802024:	079b      	lsls	r3, r3, #30
87802026:	d5fc      	bpl.n	87802022 <i2c_master_transfer+0xb6>
87802028:	89a3      	ldrh	r3, [r4, #12]
8780202a:	b29b      	uxth	r3, r3
8780202c:	06d9      	lsls	r1, r3, #27
8780202e:	d41f      	bmi.n	87802070 <i2c_master_transfer+0x104>
87802030:	07d9      	lsls	r1, r3, #31
87802032:	d425      	bmi.n	87802080 <i2c_master_transfer+0x114>
87802034:	2a00      	cmp	r2, #0
87802036:	d1e6      	bne.n	87802006 <i2c_master_transfer+0x9a>
87802038:	686b      	ldr	r3, [r5, #4]
8780203a:	2b01      	cmp	r3, #1
8780203c:	d03a      	beq.n	878020b4 <i2c_master_transfer+0x148>
8780203e:	b913      	cbnz	r3, 87802046 <i2c_master_transfer+0xda>
87802040:	696b      	ldr	r3, [r5, #20]
87802042:	2b00      	cmp	r3, #0
87802044:	d12f      	bne.n	878020a6 <i2c_master_transfer+0x13a>
87802046:	2000      	movs	r0, #0
87802048:	bd38      	pop	{r3, r4, r5, pc}
8780204a:	4620      	mov	r0, r4
8780204c:	f7ff fe7a 	bl	87801d44 <i2c_check_and_clear_error.part.1>
87802050:	2800      	cmp	r0, #0
87802052:	d14e      	bne.n	878020f2 <i2c_master_transfer+0x186>
87802054:	686b      	ldr	r3, [r5, #4]
87802056:	2b00      	cmp	r3, #0
87802058:	d0f2      	beq.n	87802040 <i2c_master_transfer+0xd4>
8780205a:	2b01      	cmp	r3, #1
8780205c:	d1f3      	bne.n	87802046 <i2c_master_transfer+0xda>
8780205e:	696b      	ldr	r3, [r5, #20]
87802060:	2b00      	cmp	r3, #0
87802062:	d0f0      	beq.n	87802046 <i2c_master_transfer+0xda>
87802064:	6929      	ldr	r1, [r5, #16]
87802066:	4620      	mov	r0, r4
87802068:	696a      	ldr	r2, [r5, #20]
8780206a:	f7ff ff21 	bl	87801eb0 <i2c_master_read>
8780206e:	e7ea      	b.n	87802046 <i2c_master_transfer+0xda>
87802070:	4620      	mov	r0, r4
87802072:	f7ff fe67 	bl	87801d44 <i2c_check_and_clear_error.part.1>
87802076:	b920      	cbnz	r0, 87802082 <i2c_master_transfer+0x116>
87802078:	7b2a      	ldrb	r2, [r5, #12]
8780207a:	2a00      	cmp	r2, #0
8780207c:	d1c2      	bne.n	87802004 <i2c_master_transfer+0x98>
8780207e:	e7db      	b.n	87802038 <i2c_master_transfer+0xcc>
87802080:	2003      	movs	r0, #3
87802082:	8922      	ldrh	r2, [r4, #8]
87802084:	f64f 73ff 	movw	r3, #65535	; 0xffff
87802088:	f022 0238 	bic.w	r2, r2, #56	; 0x38
8780208c:	0412      	lsls	r2, r2, #16
8780208e:	0c12      	lsrs	r2, r2, #16
87802090:	8122      	strh	r2, [r4, #8]
87802092:	e002      	b.n	8780209a <i2c_master_transfer+0x12e>
87802094:	2b00      	cmp	r3, #0
87802096:	f43f af7b 	beq.w	87801f90 <i2c_master_transfer+0x24>
8780209a:	89a2      	ldrh	r2, [r4, #12]
8780209c:	3b01      	subs	r3, #1
8780209e:	b29b      	uxth	r3, r3
878020a0:	0692      	lsls	r2, r2, #26
878020a2:	d4f7      	bmi.n	87802094 <i2c_master_transfer+0x128>
878020a4:	bd38      	pop	{r3, r4, r5, pc}
878020a6:	6929      	ldr	r1, [r5, #16]
878020a8:	4620      	mov	r0, r4
878020aa:	696a      	ldr	r2, [r5, #20]
878020ac:	f7ff febe 	bl	87801e2c <i2c_master_write>
878020b0:	686b      	ldr	r3, [r5, #4]
878020b2:	e7d2      	b.n	8780205a <i2c_master_transfer+0xee>
878020b4:	89a3      	ldrh	r3, [r4, #12]
878020b6:	f023 0302 	bic.w	r3, r3, #2
878020ba:	041b      	lsls	r3, r3, #16
878020bc:	0c1b      	lsrs	r3, r3, #16
878020be:	81a3      	strh	r3, [r4, #12]
878020c0:	89a3      	ldrh	r3, [r4, #12]
878020c2:	069b      	lsls	r3, r3, #26
878020c4:	d502      	bpl.n	878020cc <i2c_master_transfer+0x160>
878020c6:	8923      	ldrh	r3, [r4, #8]
878020c8:	0698      	lsls	r0, r3, #26
878020ca:	d509      	bpl.n	878020e0 <i2c_master_transfer+0x174>
878020cc:	8922      	ldrh	r2, [r4, #8]
878020ce:	782b      	ldrb	r3, [r5, #0]
878020d0:	b292      	uxth	r2, r2
878020d2:	005b      	lsls	r3, r3, #1
878020d4:	f042 0214 	orr.w	r2, r2, #20
878020d8:	f043 0301 	orr.w	r3, r3, #1
878020dc:	8122      	strh	r2, [r4, #8]
878020de:	8223      	strh	r3, [r4, #16]
878020e0:	89a3      	ldrh	r3, [r4, #12]
878020e2:	0799      	lsls	r1, r3, #30
878020e4:	d5fc      	bpl.n	878020e0 <i2c_master_transfer+0x174>
878020e6:	89a3      	ldrh	r3, [r4, #12]
878020e8:	b29b      	uxth	r3, r3
878020ea:	06da      	lsls	r2, r3, #27
878020ec:	d4ad      	bmi.n	8780204a <i2c_master_transfer+0xde>
878020ee:	07db      	lsls	r3, r3, #31
878020f0:	d5b5      	bpl.n	8780205e <i2c_master_transfer+0xf2>
878020f2:	8922      	ldrh	r2, [r4, #8]
878020f4:	f64f 73ff 	movw	r3, #65535	; 0xffff
878020f8:	f022 0238 	bic.w	r2, r2, #56	; 0x38
878020fc:	0412      	lsls	r2, r2, #16
878020fe:	0c12      	lsrs	r2, r2, #16
87802100:	8122      	strh	r2, [r4, #8]
87802102:	e000      	b.n	87802106 <i2c_master_transfer+0x19a>
87802104:	b123      	cbz	r3, 87802110 <i2c_master_transfer+0x1a4>
87802106:	89a2      	ldrh	r2, [r4, #12]
87802108:	3b01      	subs	r3, #1
8780210a:	b29b      	uxth	r3, r3
8780210c:	0695      	lsls	r5, r2, #26
8780210e:	d4f9      	bmi.n	87802104 <i2c_master_transfer+0x198>
87802110:	2006      	movs	r0, #6
87802112:	bd38      	pop	{r3, r4, r5, pc}

87802114 <ap3216c_writeonebyte>:
87802114:	b530      	push	{r4, r5, lr}
87802116:	b089      	sub	sp, #36	; 0x24
87802118:	f88d 0008 	strb.w	r0, [sp, #8]
8780211c:	2000      	movs	r0, #0
8780211e:	2301      	movs	r3, #1
87802120:	2400      	movs	r4, #0
87802122:	9104      	str	r1, [sp, #16]
87802124:	f10d 0507 	add.w	r5, sp, #7
87802128:	a902      	add	r1, sp, #8
8780212a:	f2c0 201a 	movt	r0, #538	; 0x21a
8780212e:	9506      	str	r5, [sp, #24]
87802130:	f88d 2007 	strb.w	r2, [sp, #7]
87802134:	9403      	str	r4, [sp, #12]
87802136:	f88d 3014 	strb.w	r3, [sp, #20]
8780213a:	9307      	str	r3, [sp, #28]
8780213c:	f7ff ff16 	bl	87801f6c <i2c_master_transfer>
87802140:	1b00      	subs	r0, r0, r4
87802142:	bf18      	it	ne
87802144:	2001      	movne	r0, #1
87802146:	b009      	add	sp, #36	; 0x24
87802148:	bd30      	pop	{r4, r5, pc}
8780214a:	bf00      	nop

8780214c <ap3216c_init>:
8780214c:	b570      	push	{r4, r5, r6, lr}
8780214e:	23b4      	movs	r3, #180	; 0xb4
87802150:	f240 56a4 	movw	r6, #1444	; 0x5a4
87802154:	20b8      	movs	r0, #184	; 0xb8
87802156:	2401      	movs	r4, #1
87802158:	2512      	movs	r5, #18
8780215a:	f2c0 230e 	movt	r3, #526	; 0x20e
8780215e:	f2c0 260e 	movt	r6, #526	; 0x20e
87802162:	f2c0 200e 	movt	r0, #526	; 0x20e
87802166:	f44f 62b5 	mov.w	r2, #1448	; 0x5a8
8780216a:	601d      	str	r5, [r3, #0]
8780216c:	f2c0 220e 	movt	r2, #526	; 0x20e
87802170:	6034      	str	r4, [r6, #0]
87802172:	f44f 7150 	mov.w	r1, #832	; 0x340
87802176:	6005      	str	r5, [r0, #0]
87802178:	f44f 7351 	mov.w	r3, #836	; 0x344
8780217c:	2002      	movs	r0, #2
8780217e:	2500      	movs	r5, #0
87802180:	f2c0 230e 	movt	r3, #526	; 0x20e
87802184:	6010      	str	r0, [r2, #0]
87802186:	f2c0 210e 	movt	r1, #526	; 0x20e
8780218a:	f247 02b0 	movw	r2, #28848	; 0x70b0
8780218e:	f2c0 251a 	movt	r5, #538	; 0x21a
87802192:	b088      	sub	sp, #32
87802194:	600a      	str	r2, [r1, #0]
87802196:	4628      	mov	r0, r5
87802198:	601a      	str	r2, [r3, #0]
8780219a:	f7ff fde7 	bl	87801d6c <i2c_init>
8780219e:	2204      	movs	r2, #4
878021a0:	2100      	movs	r1, #0
878021a2:	201e      	movs	r0, #30
878021a4:	f7ff ffb6 	bl	87802114 <ap3216c_writeonebyte>
878021a8:	2032      	movs	r0, #50	; 0x32
878021aa:	f7fe f989 	bl	878004c0 <delayms>
878021ae:	2203      	movs	r2, #3
878021b0:	2100      	movs	r1, #0
878021b2:	201e      	movs	r0, #30
878021b4:	f7ff ffae 	bl	87802114 <ap3216c_writeonebyte>
878021b8:	2300      	movs	r3, #0
878021ba:	221e      	movs	r2, #30
878021bc:	4628      	mov	r0, r5
878021be:	a902      	add	r1, sp, #8
878021c0:	f10d 0507 	add.w	r5, sp, #7
878021c4:	9403      	str	r4, [sp, #12]
878021c6:	9506      	str	r5, [sp, #24]
878021c8:	f88d 4014 	strb.w	r4, [sp, #20]
878021cc:	f88d 3007 	strb.w	r3, [sp, #7]
878021d0:	9407      	str	r4, [sp, #28]
878021d2:	9304      	str	r3, [sp, #16]
878021d4:	f88d 2008 	strb.w	r2, [sp, #8]
878021d8:	f7ff fec8 	bl	87801f6c <i2c_master_transfer>
878021dc:	f89d 0007 	ldrb.w	r0, [sp, #7]
878021e0:	3803      	subs	r0, #3
878021e2:	bf18      	it	ne
878021e4:	2001      	movne	r0, #1
878021e6:	b008      	add	sp, #32
878021e8:	bd70      	pop	{r4, r5, r6, pc}
878021ea:	bf00      	nop

878021ec <ap3216c_readonebyte>:
878021ec:	b510      	push	{r4, lr}
878021ee:	b088      	sub	sp, #32
878021f0:	f88d 0008 	strb.w	r0, [sp, #8]
878021f4:	2000      	movs	r0, #0
878021f6:	2301      	movs	r3, #1
878021f8:	2200      	movs	r2, #0
878021fa:	9104      	str	r1, [sp, #16]
878021fc:	f10d 0407 	add.w	r4, sp, #7
87802200:	a902      	add	r1, sp, #8
87802202:	f2c0 201a 	movt	r0, #538	; 0x21a
87802206:	9406      	str	r4, [sp, #24]
87802208:	f88d 2007 	strb.w	r2, [sp, #7]
8780220c:	9303      	str	r3, [sp, #12]
8780220e:	f88d 3014 	strb.w	r3, [sp, #20]
87802212:	9307      	str	r3, [sp, #28]
87802214:	f7ff feaa 	bl	87801f6c <i2c_master_transfer>
87802218:	f89d 0007 	ldrb.w	r0, [sp, #7]
8780221c:	b008      	add	sp, #32
8780221e:	bd10      	pop	{r4, pc}

87802220 <ap3216c_readdata>:
87802220:	e92d 4ff0 	stmdb	sp!, {r4, r5, r6, r7, r8, r9, sl, fp, lr}
87802224:	2500      	movs	r5, #0
87802226:	b08d      	sub	sp, #52	; 0x34
87802228:	4683      	mov	fp, r0
8780222a:	4692      	mov	sl, r2
8780222c:	f2c0 251a 	movt	r5, #538	; 0x21a
87802230:	f10d 0910 	add.w	r9, sp, #16
87802234:	240a      	movs	r4, #10
87802236:	f10d 080f 	add.w	r8, sp, #15
8780223a:	2600      	movs	r6, #0
8780223c:	271e      	movs	r7, #30
8780223e:	9101      	str	r1, [sp, #4]
87802240:	2301      	movs	r3, #1
87802242:	a906      	add	r1, sp, #24
87802244:	4628      	mov	r0, r5
87802246:	f8cd 8028 	str.w	r8, [sp, #40]	; 0x28
8780224a:	9408      	str	r4, [sp, #32]
8780224c:	441c      	add	r4, r3
8780224e:	9307      	str	r3, [sp, #28]
87802250:	f88d 3024 	strb.w	r3, [sp, #36]	; 0x24
87802254:	930b      	str	r3, [sp, #44]	; 0x2c
87802256:	f88d 600f 	strb.w	r6, [sp, #15]
8780225a:	f88d 7018 	strb.w	r7, [sp, #24]
8780225e:	f7ff fe85 	bl	87801f6c <i2c_master_transfer>
87802262:	f89d 300f 	ldrb.w	r3, [sp, #15]
87802266:	2c10      	cmp	r4, #16
87802268:	f809 3b01 	strb.w	r3, [r9], #1
8780226c:	d1e8      	bne.n	87802240 <ap3216c_readdata+0x20>
8780226e:	f89d 3010 	ldrb.w	r3, [sp, #16]
87802272:	0619      	lsls	r1, r3, #24
87802274:	f89d 1013 	ldrb.w	r1, [sp, #19]
87802278:	bf5b      	ittet	pl
8780227a:	f89d 2011 	ldrbpl.w	r2, [sp, #17]
8780227e:	f003 0303 	andpl.w	r3, r3, #3
87802282:	f8ab 6000 	strhmi.w	r6, [fp]
87802286:	ea43 0382 	orrpl.w	r3, r3, r2, lsl #2
8780228a:	f89d 2012 	ldrb.w	r2, [sp, #18]
8780228e:	bf58      	it	pl
87802290:	f8ab 3000 	strhpl.w	r3, [fp]
87802294:	f89d 3014 	ldrb.w	r3, [sp, #20]
87802298:	ea42 2201 	orr.w	r2, r2, r1, lsl #8
8780229c:	f8aa 2000 	strh.w	r2, [sl]
878022a0:	065a      	lsls	r2, r3, #25
878022a2:	bf5b      	ittet	pl
878022a4:	f89d 2015 	ldrbpl.w	r2, [sp, #21]
878022a8:	f003 030f 	andpl.w	r3, r3, #15
878022ac:	2300      	movmi	r3, #0
878022ae:	0112      	lslpl	r2, r2, #4
878022b0:	bf5c      	itt	pl
878022b2:	f402 727c 	andpl.w	r2, r2, #1008	; 0x3f0
878022b6:	4313      	orrpl	r3, r2
878022b8:	9a01      	ldr	r2, [sp, #4]
878022ba:	8013      	strh	r3, [r2, #0]
878022bc:	b00d      	add	sp, #52	; 0x34
878022be:	e8bd 8ff0 	ldmia.w	sp!, {r4, r5, r6, r7, r8, r9, sl, fp, pc}
878022c2:	bf00      	nop

878022c4 <spi_init>:
878022c4:	2200      	movs	r2, #0
878022c6:	6082      	str	r2, [r0, #8]
878022c8:	6883      	ldr	r3, [r0, #8]
878022ca:	f443 03e0 	orr.w	r3, r3, #7340032	; 0x700000
878022ce:	f043 0319 	orr.w	r3, r3, #25
878022d2:	6083      	str	r3, [r0, #8]
878022d4:	60c2      	str	r2, [r0, #12]
878022d6:	61c2      	str	r2, [r0, #28]
878022d8:	6883      	ldr	r3, [r0, #8]
878022da:	f423 437f 	bic.w	r3, r3, #65280	; 0xff00
878022de:	6083      	str	r3, [r0, #8]
878022e0:	6883      	ldr	r3, [r0, #8]
878022e2:	f443 4310 	orr.w	r3, r3, #36864	; 0x9000
878022e6:	6083      	str	r3, [r0, #8]
878022e8:	4770      	bx	lr
878022ea:	bf00      	nop

878022ec <spich0_readwrite_byte>:
878022ec:	6883      	ldr	r3, [r0, #8]
878022ee:	f423 2340 	bic.w	r3, r3, #786432	; 0xc0000
878022f2:	6083      	str	r3, [r0, #8]
878022f4:	6883      	ldr	r3, [r0, #8]
878022f6:	6083      	str	r3, [r0, #8]
878022f8:	6983      	ldr	r3, [r0, #24]
878022fa:	07da      	lsls	r2, r3, #31
878022fc:	d5fc      	bpl.n	878022f8 <spich0_readwrite_byte+0xc>
878022fe:	6041      	str	r1, [r0, #4]
87802300:	6983      	ldr	r3, [r0, #24]
87802302:	071b      	lsls	r3, r3, #28
87802304:	d5fc      	bpl.n	87802300 <spich0_readwrite_byte+0x14>
87802306:	6800      	ldr	r0, [r0, #0]
87802308:	b2c0      	uxtb	r0, r0
8780230a:	4770      	bx	lr
8780230c:	0000      	movs	r0, r0
	...

87802310 <icm20608_write_reg>:
87802310:	b5f8      	push	{r3, r4, r5, r6, r7, lr}
87802312:	f44f 4440 	mov.w	r4, #49152	; 0xc000
87802316:	f2c0 2409 	movt	r4, #521	; 0x209
8780231a:	2500      	movs	r5, #0
8780231c:	462a      	mov	r2, r5
8780231e:	4607      	mov	r7, r0
87802320:	460e      	mov	r6, r1
87802322:	4620      	mov	r0, r4
87802324:	f2c0 2501 	movt	r5, #513	; 0x201
87802328:	2114      	movs	r1, #20
8780232a:	f7fe f989 	bl	87800640 <gpio_pinwrite>
8780232e:	f007 017f 	and.w	r1, r7, #127	; 0x7f
87802332:	4628      	mov	r0, r5
87802334:	f7ff ffda 	bl	878022ec <spich0_readwrite_byte>
87802338:	4631      	mov	r1, r6
8780233a:	4628      	mov	r0, r5
8780233c:	f7ff ffd6 	bl	878022ec <spich0_readwrite_byte>
87802340:	4620      	mov	r0, r4
87802342:	2201      	movs	r2, #1
87802344:	2114      	movs	r1, #20
87802346:	e8bd 40f8 	ldmia.w	sp!, {r3, r4, r5, r6, r7, lr}
8780234a:	f7fe b979 	b.w	87800640 <gpio_pinwrite>
8780234e:	bf00      	nop

87802350 <icm20608_read_reg>:
87802350:	b570      	push	{r4, r5, r6, lr}
87802352:	f44f 4440 	mov.w	r4, #49152	; 0xc000
87802356:	f2c0 2409 	movt	r4, #521	; 0x209
8780235a:	2500      	movs	r5, #0
8780235c:	462a      	mov	r2, r5
8780235e:	4606      	mov	r6, r0
87802360:	f2c0 2501 	movt	r5, #513	; 0x201
87802364:	4620      	mov	r0, r4
87802366:	2114      	movs	r1, #20
87802368:	f7fe f96a 	bl	87800640 <gpio_pinwrite>
8780236c:	f046 0180 	orr.w	r1, r6, #128	; 0x80
87802370:	4628      	mov	r0, r5
87802372:	f7ff ffbb 	bl	878022ec <spich0_readwrite_byte>
87802376:	4628      	mov	r0, r5
87802378:	21ff      	movs	r1, #255	; 0xff
8780237a:	f7ff ffb7 	bl	878022ec <spich0_readwrite_byte>
8780237e:	2201      	movs	r2, #1
87802380:	4605      	mov	r5, r0
87802382:	2114      	movs	r1, #20
87802384:	4620      	mov	r0, r4
87802386:	f7fe f95b 	bl	87800640 <gpio_pinwrite>
8780238a:	4628      	mov	r0, r5
8780238c:	bd70      	pop	{r4, r5, r6, pc}
8780238e:	bf00      	nop

87802390 <icm20608_init>:
87802390:	2298      	movs	r2, #152	; 0x98
87802392:	b570      	push	{r4, r5, r6, lr}
87802394:	2308      	movs	r3, #8
87802396:	f2c0 220e 	movt	r2, #526	; 0x20e
8780239a:	f240 5654 	movw	r6, #1364	; 0x554
8780239e:	249c      	movs	r4, #156	; 0x9c
878023a0:	f240 505c 	movw	r0, #1372	; 0x55c
878023a4:	6013      	str	r3, [r2, #0]
878023a6:	2500      	movs	r5, #0
878023a8:	f2c0 260e 	movt	r6, #526	; 0x20e
878023ac:	f2c0 240e 	movt	r4, #526	; 0x20e
878023b0:	f2c0 200e 	movt	r0, #526	; 0x20e
878023b4:	21a0      	movs	r1, #160	; 0xa0
878023b6:	f44f 62ab 	mov.w	r2, #1368	; 0x558
878023ba:	6035      	str	r5, [r6, #0]
878023bc:	f2c0 210e 	movt	r1, #526	; 0x20e
878023c0:	6023      	str	r3, [r4, #0]
878023c2:	f2c0 220e 	movt	r2, #526	; 0x20e
878023c6:	6005      	str	r5, [r0, #0]
878023c8:	f44f 7649 	mov.w	r6, #804	; 0x324
878023cc:	f44f 744a 	mov.w	r4, #808	; 0x328
878023d0:	f44f 704b 	mov.w	r0, #812	; 0x32c
878023d4:	600b      	str	r3, [r1, #0]
878023d6:	f2c0 260e 	movt	r6, #526	; 0x20e
878023da:	6015      	str	r5, [r2, #0]
878023dc:	f241 03b1 	movw	r3, #4273	; 0x10b1
878023e0:	f2c0 240e 	movt	r4, #526	; 0x20e
878023e4:	f2c0 200e 	movt	r0, #526	; 0x20e
878023e8:	2194      	movs	r1, #148	; 0x94
878023ea:	f44f 7248 	mov.w	r2, #800	; 0x320
878023ee:	b084      	sub	sp, #16
878023f0:	6033      	str	r3, [r6, #0]
878023f2:	f2c0 210e 	movt	r1, #526	; 0x20e
878023f6:	6023      	str	r3, [r4, #0]
878023f8:	f2c0 220e 	movt	r2, #526	; 0x20e
878023fc:	6003      	str	r3, [r0, #0]
878023fe:	2405      	movs	r4, #5
87802400:	f241 03b0 	movw	r3, #4272	; 0x10b0
87802404:	f44f 4040 	mov.w	r0, #49152	; 0xc000
87802408:	600c      	str	r4, [r1, #0]
8780240a:	2601      	movs	r6, #1
8780240c:	6013      	str	r3, [r2, #0]
8780240e:	2114      	movs	r1, #20
87802410:	aa01      	add	r2, sp, #4
87802412:	f2c0 2009 	movt	r0, #521	; 0x209
87802416:	f88d 5008 	strb.w	r5, [sp, #8]
8780241a:	9601      	str	r6, [sp, #4]
8780241c:	f7fe f962 	bl	878006e4 <gpio_init>
87802420:	4628      	mov	r0, r5
87802422:	f2c0 2001 	movt	r0, #513	; 0x201
87802426:	f7ff ff4d 	bl	878022c4 <spi_init>
8780242a:	2180      	movs	r1, #128	; 0x80
8780242c:	206b      	movs	r0, #107	; 0x6b
8780242e:	f7ff ff6f 	bl	87802310 <icm20608_write_reg>
87802432:	2032      	movs	r0, #50	; 0x32
87802434:	f7fe f844 	bl	878004c0 <delayms>
87802438:	4631      	mov	r1, r6
8780243a:	206b      	movs	r0, #107	; 0x6b
8780243c:	f7ff ff68 	bl	87802310 <icm20608_write_reg>
87802440:	2032      	movs	r0, #50	; 0x32
87802442:	f7fe f83d 	bl	878004c0 <delayms>
87802446:	2075      	movs	r0, #117	; 0x75
87802448:	f7ff ff82 	bl	87802350 <icm20608_read_reg>
8780244c:	4604      	mov	r4, r0
8780244e:	4601      	mov	r1, r0
87802450:	3452      	adds	r4, #82	; 0x52
87802452:	f249 7098 	movw	r0, #38808	; 0x9798
87802456:	b2e4      	uxtb	r4, r4
87802458:	f2c8 7080 	movt	r0, #34688	; 0x8780
8780245c:	f000 fdb6 	bl	87802fcc <printf>
87802460:	42b4      	cmp	r4, r6
87802462:	bf88      	it	hi
87802464:	4630      	movhi	r0, r6
87802466:	d901      	bls.n	8780246c <icm20608_init+0xdc>
87802468:	b004      	add	sp, #16
8780246a:	bd70      	pop	{r4, r5, r6, pc}
8780246c:	4629      	mov	r1, r5
8780246e:	2019      	movs	r0, #25
87802470:	f7ff ff4e 	bl	87802310 <icm20608_write_reg>
87802474:	2118      	movs	r1, #24
87802476:	201b      	movs	r0, #27
87802478:	f7ff ff4a 	bl	87802310 <icm20608_write_reg>
8780247c:	2118      	movs	r1, #24
8780247e:	201c      	movs	r0, #28
87802480:	f7ff ff46 	bl	87802310 <icm20608_write_reg>
87802484:	2104      	movs	r1, #4
87802486:	201a      	movs	r0, #26
87802488:	f7ff ff42 	bl	87802310 <icm20608_write_reg>
8780248c:	2104      	movs	r1, #4
8780248e:	201d      	movs	r0, #29
87802490:	f7ff ff3e 	bl	87802310 <icm20608_write_reg>
87802494:	4629      	mov	r1, r5
87802496:	206c      	movs	r0, #108	; 0x6c
87802498:	f7ff ff3a 	bl	87802310 <icm20608_write_reg>
8780249c:	4629      	mov	r1, r5
8780249e:	201e      	movs	r0, #30
878024a0:	f7ff ff36 	bl	87802310 <icm20608_write_reg>
878024a4:	4629      	mov	r1, r5
878024a6:	2023      	movs	r0, #35	; 0x23
878024a8:	f7ff ff32 	bl	87802310 <icm20608_write_reg>
878024ac:	4628      	mov	r0, r5
878024ae:	b004      	add	sp, #16
878024b0:	bd70      	pop	{r4, r5, r6, pc}
878024b2:	bf00      	nop

878024b4 <icm20608_read_len>:
878024b4:	b570      	push	{r4, r5, r6, lr}
878024b6:	4606      	mov	r6, r0
878024b8:	f44f 4040 	mov.w	r0, #49152	; 0xc000
878024bc:	4614      	mov	r4, r2
878024be:	f2c0 2009 	movt	r0, #521	; 0x209
878024c2:	460d      	mov	r5, r1
878024c4:	2200      	movs	r2, #0
878024c6:	2114      	movs	r1, #20
878024c8:	f7fe f8ba 	bl	87800640 <gpio_pinwrite>
878024cc:	2000      	movs	r0, #0
878024ce:	f046 0180 	orr.w	r1, r6, #128	; 0x80
878024d2:	f2c0 2001 	movt	r0, #513	; 0x201
878024d6:	f7ff ff09 	bl	878022ec <spich0_readwrite_byte>
878024da:	b174      	cbz	r4, 878024fa <icm20608_read_len+0x46>
878024dc:	3c01      	subs	r4, #1
878024de:	2600      	movs	r6, #0
878024e0:	b2e3      	uxtb	r3, r4
878024e2:	f2c0 2601 	movt	r6, #513	; 0x201
878024e6:	1e6c      	subs	r4, r5, #1
878024e8:	441d      	add	r5, r3
878024ea:	21ff      	movs	r1, #255	; 0xff
878024ec:	4630      	mov	r0, r6
878024ee:	f7ff fefd 	bl	878022ec <spich0_readwrite_byte>
878024f2:	f804 0f01 	strb.w	r0, [r4, #1]!
878024f6:	42ac      	cmp	r4, r5
878024f8:	d1f7      	bne.n	878024ea <icm20608_read_len+0x36>
878024fa:	f44f 4040 	mov.w	r0, #49152	; 0xc000
878024fe:	2201      	movs	r2, #1
87802500:	f2c0 2009 	movt	r0, #521	; 0x209
87802504:	2114      	movs	r1, #20
87802506:	e8bd 4070 	ldmia.w	sp!, {r4, r5, r6, lr}
8780250a:	f7fe b899 	b.w	87800640 <gpio_pinwrite>
8780250e:	bf00      	nop

87802510 <icm20608_gyro_scaleget>:
87802510:	b508      	push	{r3, lr}
87802512:	201b      	movs	r0, #27
87802514:	f7ff ff1c 	bl	87802350 <icm20608_read_reg>
87802518:	f3c0 00c1 	ubfx	r0, r0, #3, #2
8780251c:	2802      	cmp	r0, #2
8780251e:	d00a      	beq.n	87802536 <icm20608_gyro_scaleget+0x26>
87802520:	2803      	cmp	r0, #3
87802522:	d00b      	beq.n	8780253c <icm20608_gyro_scaleget+0x2c>
87802524:	eddf 7a07 	vldr	s15, [pc, #28]	; 87802544 <icm20608_gyro_scaleget+0x34>
87802528:	2801      	cmp	r0, #1
8780252a:	ed9f 0a07 	vldr	s0, [pc, #28]	; 87802548 <icm20608_gyro_scaleget+0x38>
8780252e:	bf18      	it	ne
87802530:	eeb0 0a67 	vmovne.f32	s0, s15
87802534:	bd08      	pop	{r3, pc}
87802536:	ed9f 0a05 	vldr	s0, [pc, #20]	; 8780254c <icm20608_gyro_scaleget+0x3c>
8780253a:	bd08      	pop	{r3, pc}
8780253c:	ed9f 0a04 	vldr	s0, [pc, #16]	; 87802550 <icm20608_gyro_scaleget+0x40>
87802540:	bd08      	pop	{r3, pc}
87802542:	bf00      	nop
87802544:	43030000 	movwmi	r0, #12288	; 0x3000
87802548:	42830000 	addmi	r0, r3, #0
8780254c:	42033333 	andmi	r3, r3, #-872415232	; 0xcc000000
87802550:	41833333 	orrmi	r3, r3, r3, lsr r3

87802554 <icm20608_accel_scaleget>:
87802554:	b508      	push	{r3, lr}
87802556:	201c      	movs	r0, #28
87802558:	f7ff fefa 	bl	87802350 <icm20608_read_reg>
8780255c:	f3c0 00c1 	ubfx	r0, r0, #3, #2
87802560:	2802      	cmp	r0, #2
87802562:	bf08      	it	eq
87802564:	f44f 5080 	moveq.w	r0, #4096	; 0x1000
87802568:	d00a      	beq.n	87802580 <icm20608_accel_scaleget+0x2c>
8780256a:	2803      	cmp	r0, #3
8780256c:	bf08      	it	eq
8780256e:	f44f 6000 	moveq.w	r0, #2048	; 0x800
87802572:	d005      	beq.n	87802580 <icm20608_accel_scaleget+0x2c>
87802574:	2801      	cmp	r0, #1
87802576:	bf0c      	ite	eq
87802578:	f44f 5000 	moveq.w	r0, #8192	; 0x2000
8780257c:	f44f 4080 	movne.w	r0, #16384	; 0x4000
87802580:	bd08      	pop	{r3, pc}
87802582:	bf00      	nop

87802584 <icm20608_getdata>:
87802584:	b5f0      	push	{r4, r5, r6, r7, lr}
87802586:	220e      	movs	r2, #14
87802588:	ed2d 8b02 	vpush	{d8}
8780258c:	b085      	sub	sp, #20
8780258e:	4669      	mov	r1, sp
87802590:	203b      	movs	r0, #59	; 0x3b
87802592:	f7ff ff8f 	bl	878024b4 <icm20608_read_len>
87802596:	f7ff ffbb 	bl	87802510 <icm20608_gyro_scaleget>
8780259a:	eeb0 8a40 	vmov.f32	s16, s0
8780259e:	f7ff ffd9 	bl	87802554 <icm20608_accel_scaleget>
878025a2:	f89d 1006 	ldrb.w	r1, [sp, #6]
878025a6:	f24a 73a0 	movw	r3, #42912	; 0xa7a0
878025aa:	f89d 2007 	ldrb.w	r2, [sp, #7]
878025ae:	f2c8 7380 	movt	r3, #34688	; 0x8780
878025b2:	ee07 0a90 	vmov	s15, r0
878025b6:	eeb8 4ae7 	vcvt.f32.s32	s8, s15
878025ba:	f89d 4008 	ldrb.w	r4, [sp, #8]
878025be:	ea42 2201 	orr.w	r2, r2, r1, lsl #8
878025c2:	f89d 6009 	ldrb.w	r6, [sp, #9]
878025c6:	eef3 6a09 	vmov.f32	s13, #57	; 0x41c80000  25.0
878025ca:	b212      	sxth	r2, r2
878025cc:	f89d 100a 	ldrb.w	r1, [sp, #10]
878025d0:	f89d 500b 	ldrb.w	r5, [sp, #11]
878025d4:	f89d 000c 	ldrb.w	r0, [sp, #12]
878025d8:	ea46 2604 	orr.w	r6, r6, r4, lsl #8
878025dc:	ee07 2a90 	vmov	s15, r2
878025e0:	eeb8 7ae7 	vcvt.f32.s32	s14, s15
878025e4:	b236      	sxth	r6, r6
878025e6:	f89d 400d 	ldrb.w	r4, [sp, #13]
878025ea:	ea45 2501 	orr.w	r5, r5, r1, lsl #8
878025ee:	eddf 4b42 	vldr	d20, [pc, #264]	; 878026f8 <icm20608_getdata+0x174>
878025f2:	f89d 1000 	ldrb.w	r1, [sp]
878025f6:	b22d      	sxth	r5, r5
878025f8:	ee37 7a66 	vsub.f32	s14, s14, s13
878025fc:	ea44 2400 	orr.w	r4, r4, r0, lsl #8
87802600:	f89d 0001 	ldrb.w	r0, [sp, #1]
87802604:	ee06 6a90 	vmov	s13, r6
87802608:	b224      	sxth	r4, r4
8780260a:	619a      	str	r2, [r3, #24]
8780260c:	eef7 1ac7 	vcvt.f64.f32	d17, s14
87802610:	f89d c002 	ldrb.w	ip, [sp, #2]
87802614:	ea40 2001 	orr.w	r0, r0, r1, lsl #8
87802618:	f89d 2003 	ldrb.w	r2, [sp, #3]
8780261c:	ee07 5a10 	vmov	s14, r5
87802620:	b200      	sxth	r0, r0
87802622:	eec1 0ba4 	vdiv.f64	d16, d17, d20
87802626:	f89d 7004 	ldrb.w	r7, [sp, #4]
8780262a:	f89d 1005 	ldrb.w	r1, [sp, #5]
8780262e:	ea42 220c 	orr.w	r2, r2, ip, lsl #8
87802632:	eeb8 6ae6 	vcvt.f32.s32	s12, s13
87802636:	eef8 6ac7 	vcvt.f32.s32	s13, s14
8780263a:	b212      	sxth	r2, r2
8780263c:	ee07 4a10 	vmov	s14, r4
87802640:	ea41 2107 	orr.w	r1, r1, r7, lsl #8
87802644:	eef3 3b09 	vmov.f64	d19, #57	; 0x41c80000  25.0
87802648:	eeb8 7ac7 	vcvt.f32.s32	s14, s14
8780264c:	b209      	sxth	r1, r1
8780264e:	ee86 5a88 	vdiv.f32	s10, s13, s16
87802652:	ee06 0a90 	vmov	s13, r0
87802656:	eec6 4a08 	vdiv.f32	s9, s12, s16
8780265a:	eec7 5a08 	vdiv.f32	s11, s14, s16
8780265e:	ee07 2a10 	vmov	s14, r2
87802662:	ee06 1a10 	vmov	s12, r1
87802666:	eef8 6ae6 	vcvt.f32.s32	s13, s13
8780266a:	eeb8 7ac7 	vcvt.f32.s32	s14, s14
8780266e:	eef8 3ac6 	vcvt.f32.s32	s7, s12
87802672:	eddf 2b23 	vldr	d18, [pc, #140]	; 87802700 <icm20608_getdata+0x17c>
87802676:	ee86 6a84 	vdiv.f32	s12, s13, s8
8780267a:	eec7 6a04 	vdiv.f32	s13, s14, s8
8780267e:	ee83 7a84 	vdiv.f32	s14, s7, s8
87802682:	eddf 7a21 	vldr	s15, [pc, #132]	; 87802708 <icm20608_getdata+0x184>
87802686:	601e      	str	r6, [r3, #0]
87802688:	e9c3 5401 	strd	r5, r4, [r3, #4]
8780268c:	60d8      	str	r0, [r3, #12]
8780268e:	ee70 0ba3 	vadd.f64	d16, d16, d19
87802692:	ee64 4aa7 	vmul.f32	s9, s9, s15
87802696:	ee25 5a27 	vmul.f32	s10, s10, s15
8780269a:	ee65 5aa7 	vmul.f32	s11, s11, s15
8780269e:	ee60 0ba2 	vmul.f64	d16, d16, d18
878026a2:	eefd 4ae4 	vcvt.s32.f32	s9, s9
878026a6:	eebd 5ac5 	vcvt.s32.f32	s10, s10
878026aa:	eefd 5ae5 	vcvt.s32.f32	s11, s11
878026ae:	ee26 6a27 	vmul.f32	s12, s12, s15
878026b2:	ee66 6aa7 	vmul.f32	s13, s13, s15
878026b6:	ee67 7a27 	vmul.f32	s15, s14, s15
878026ba:	eebd 7be0 	vcvt.s32.f64	s14, d16
878026be:	eebd 6ac6 	vcvt.s32.f32	s12, s12
878026c2:	eefd 6ae6 	vcvt.s32.f32	s13, s13
878026c6:	eefd 7ae7 	vcvt.s32.f32	s15, s15
878026ca:	611a      	str	r2, [r3, #16]
878026cc:	edc3 4a07 	vstr	s9, [r3, #28]
878026d0:	ed83 5a08 	vstr	s10, [r3, #32]
878026d4:	edc3 5a09 	vstr	s11, [r3, #36]	; 0x24
878026d8:	ed83 6a0a 	vstr	s12, [r3, #40]	; 0x28
878026dc:	edc3 6a0b 	vstr	s13, [r3, #44]	; 0x2c
878026e0:	6159      	str	r1, [r3, #20]
878026e2:	edc3 7a0c 	vstr	s15, [r3, #48]	; 0x30
878026e6:	ed83 7a0d 	vstr	s14, [r3, #52]	; 0x34
878026ea:	b005      	add	sp, #20
878026ec:	ecbd 8b02 	vpop	{d8}
878026f0:	bdf0      	pop	{r4, r5, r6, r7, pc}
878026f2:	bf00      	nop
878026f4:	f3af 8000 	nop.w
878026f8:	cccccccd 	stclgt	12, cr12, [ip], {205}	; 0xcd
878026fc:	40746ccc 	rsbsmi	r6, r4, ip, asr #25
87802700:	00000000 	andeq	r0, r0, r0
87802704:	40590000 	subsmi	r0, r9, r0
87802708:	42c80000 	sbcmi	r0, r8, #0

8780270c <ft5426_write_byte>:
8780270c:	b530      	push	{r4, r5, lr}
8780270e:	b089      	sub	sp, #36	; 0x24
87802710:	f88d 0008 	strb.w	r0, [sp, #8]
87802714:	f44f 4080 	mov.w	r0, #16384	; 0x4000
87802718:	2301      	movs	r3, #1
8780271a:	2400      	movs	r4, #0
8780271c:	9104      	str	r1, [sp, #16]
8780271e:	f10d 0507 	add.w	r5, sp, #7
87802722:	a902      	add	r1, sp, #8
87802724:	f2c0 201a 	movt	r0, #538	; 0x21a
87802728:	9506      	str	r5, [sp, #24]
8780272a:	f88d 2007 	strb.w	r2, [sp, #7]
8780272e:	9403      	str	r4, [sp, #12]
87802730:	f88d 3014 	strb.w	r3, [sp, #20]
87802734:	9307      	str	r3, [sp, #28]
87802736:	f7ff fc19 	bl	87801f6c <i2c_master_transfer>
8780273a:	1b00      	subs	r0, r0, r4
8780273c:	bf18      	it	ne
8780273e:	2001      	movne	r0, #1
87802740:	b009      	add	sp, #36	; 0x24
87802742:	bd30      	pop	{r4, r5, pc}

87802744 <ft5426_init>:
87802744:	e92d 47f0 	stmdb	sp!, {r4, r5, r6, r7, r8, r9, sl, lr}
87802748:	f24a 75d8 	movw	r5, #42968	; 0xa7d8
8780274c:	f04f 08bc 	mov.w	r8, #188	; 0xbc
87802750:	2400      	movs	r4, #0
87802752:	f2c8 7580 	movt	r5, #34688	; 0x8780
87802756:	f04f 0912 	mov.w	r9, #18
8780275a:	f2c0 280e 	movt	r8, #526	; 0x20e
8780275e:	f240 5aac 	movw	sl, #1452	; 0x5ac
87802762:	26c0      	movs	r6, #192	; 0xc0
87802764:	f44f 6eb6 	mov.w	lr, #1456	; 0x5b0
87802768:	702c      	strb	r4, [r5, #0]
8780276a:	f2c0 2a0e 	movt	sl, #526	; 0x20e
8780276e:	80ac      	strh	r4, [r5, #4]
87802770:	f2c0 260e 	movt	r6, #526	; 0x20e
87802774:	81ec      	strh	r4, [r5, #14]
87802776:	f2c0 2e0e 	movt	lr, #526	; 0x20e
8780277a:	80ec      	strh	r4, [r5, #6]
8780277c:	f44f 7352 	mov.w	r3, #840	; 0x348
87802780:	822c      	strh	r4, [r5, #16]
87802782:	f2c0 230e 	movt	r3, #526	; 0x20e
87802786:	812c      	strh	r4, [r5, #8]
87802788:	f44f 7c53 	mov.w	ip, #844	; 0x34c
8780278c:	826c      	strh	r4, [r5, #18]
8780278e:	2780      	movs	r7, #128	; 0x80
87802790:	816c      	strh	r4, [r5, #10]
87802792:	f2c0 2c0e 	movt	ip, #526	; 0x20e
87802796:	82ac      	strh	r4, [r5, #20]
87802798:	f2c0 270e 	movt	r7, #526	; 0x20e
8780279c:	81ac      	strh	r4, [r5, #12]
8780279e:	202c      	movs	r0, #44	; 0x2c
878027a0:	82ec      	strh	r4, [r5, #22]
878027a2:	f44f 7143 	mov.w	r1, #780	; 0x30c
878027a6:	70ac      	strb	r4, [r5, #2]
878027a8:	2270      	movs	r2, #112	; 0x70
878027aa:	f8c8 9000 	str.w	r9, [r8]
878027ae:	f04f 0802 	mov.w	r8, #2
878027b2:	f8ca 8000 	str.w	r8, [sl]
878027b6:	b08a      	sub	sp, #40	; 0x28
878027b8:	f8c6 9000 	str.w	r9, [r6]
878027bc:	f44f 4640 	mov.w	r6, #49152	; 0xc000
878027c0:	f8ce 8000 	str.w	r8, [lr]
878027c4:	f247 0eb0 	movw	lr, #28848	; 0x70b0
878027c8:	f8c3 e000 	str.w	lr, [r3]
878027cc:	2305      	movs	r3, #5
878027ce:	f8cc e000 	str.w	lr, [ip]
878027d2:	f2c0 2029 	movt	r0, #553	; 0x229
878027d6:	603b      	str	r3, [r7, #0]
878027d8:	f24f 0c80 	movw	ip, #61568	; 0xf080
878027dc:	f2c0 210e 	movt	r1, #526	; 0x20e
878027e0:	f2c0 2229 	movt	r2, #553	; 0x229
878027e4:	f2c0 2609 	movt	r6, #521	; 0x209
878027e8:	f241 07b0 	movw	r7, #4272	; 0x10b0
878027ec:	6003      	str	r3, [r0, #0]
878027ee:	4630      	mov	r0, r6
878027f0:	f8c1 c000 	str.w	ip, [r1]
878027f4:	2109      	movs	r1, #9
878027f6:	6017      	str	r7, [r2, #0]
878027f8:	aa01      	add	r2, sp, #4
878027fa:	9303      	str	r3, [sp, #12]
878027fc:	9401      	str	r4, [sp, #4]
878027fe:	f7fd ff71 	bl	878006e4 <gpio_init>
87802802:	ee9f 3f10 	mrc	15, 4, r3, cr15, cr0, {0}
87802806:	0c1b      	lsrs	r3, r3, #16
87802808:	f241 120c 	movw	r2, #4364	; 0x110c
8780280c:	2004      	movs	r0, #4
8780280e:	041b      	lsls	r3, r3, #16
87802810:	f642 2115 	movw	r1, #10773	; 0x2a15
87802814:	f2c8 7180 	movt	r1, #34688	; 0x8780
87802818:	5098      	str	r0, [r3, r2]
8780281a:	f44f 4740 	mov.w	r7, #49152	; 0xc000
8780281e:	4622      	mov	r2, r4
87802820:	2062      	movs	r0, #98	; 0x62
87802822:	f7fd fff3 	bl	8780080c <system_register_irqhandler>
87802826:	f2c0 270a 	movt	r7, #522	; 0x20a
8780282a:	4630      	mov	r0, r6
8780282c:	2109      	movs	r1, #9
8780282e:	f44f 4980 	mov.w	r9, #16384	; 0x4000
87802832:	f7fd ff7b 	bl	8780072c <gpio_enableint>
87802836:	2601      	movs	r6, #1
87802838:	aa01      	add	r2, sp, #4
8780283a:	4638      	mov	r0, r7
8780283c:	2109      	movs	r1, #9
8780283e:	f2c0 291a 	movt	r9, #538	; 0x21a
87802842:	9403      	str	r4, [sp, #12]
87802844:	9601      	str	r6, [sp, #4]
87802846:	f88d 6008 	strb.w	r6, [sp, #8]
8780284a:	f7fd ff4b 	bl	878006e4 <gpio_init>
8780284e:	4648      	mov	r0, r9
87802850:	f7ff fa8c 	bl	87801d6c <i2c_init>
87802854:	4622      	mov	r2, r4
87802856:	4638      	mov	r0, r7
87802858:	2109      	movs	r1, #9
8780285a:	f7fd fef1 	bl	87800640 <gpio_pinwrite>
8780285e:	2014      	movs	r0, #20
87802860:	f7fd fe2e 	bl	878004c0 <delayms>
87802864:	4632      	mov	r2, r6
87802866:	4638      	mov	r0, r7
87802868:	2109      	movs	r1, #9
8780286a:	f7fd fee9 	bl	87800640 <gpio_pinwrite>
8780286e:	2014      	movs	r0, #20
87802870:	f7fd fe26 	bl	878004c0 <delayms>
87802874:	4622      	mov	r2, r4
87802876:	4621      	mov	r1, r4
87802878:	2038      	movs	r0, #56	; 0x38
8780287a:	f7ff ff47 	bl	8780270c <ft5426_write_byte>
8780287e:	4632      	mov	r2, r6
87802880:	21a4      	movs	r1, #164	; 0xa4
87802882:	2038      	movs	r0, #56	; 0x38
87802884:	f7ff ff42 	bl	8780270c <ft5426_write_byte>
87802888:	2238      	movs	r2, #56	; 0x38
8780288a:	23a1      	movs	r3, #161	; 0xa1
8780288c:	a904      	add	r1, sp, #16
8780288e:	4648      	mov	r0, r9
87802890:	f8cd d020 	str.w	sp, [sp, #32]
87802894:	f88d 2010 	strb.w	r2, [sp, #16]
87802898:	9306      	str	r3, [sp, #24]
8780289a:	9605      	str	r6, [sp, #20]
8780289c:	f88d 601c 	strb.w	r6, [sp, #28]
878028a0:	f8cd 8024 	str.w	r8, [sp, #36]	; 0x24
878028a4:	f7ff fb62 	bl	87801f6c <i2c_master_transfer>
878028a8:	f89d 1000 	ldrb.w	r1, [sp]
878028ac:	f249 70ac 	movw	r0, #38828	; 0x97ac
878028b0:	f89d 3001 	ldrb.w	r3, [sp, #1]
878028b4:	f2c8 7080 	movt	r0, #34688	; 0x8780
878028b8:	eb03 2101 	add.w	r1, r3, r1, lsl #8
878028bc:	f000 fb86 	bl	87802fcc <printf>
878028c0:	802e      	strh	r6, [r5, #0]
878028c2:	b00a      	add	sp, #40	; 0x28
878028c4:	e8bd 87f0 	ldmia.w	sp!, {r4, r5, r6, r7, r8, r9, sl, pc}

878028c8 <ft5426_read_byte>:
878028c8:	b510      	push	{r4, lr}
878028ca:	b088      	sub	sp, #32
878028cc:	f88d 0008 	strb.w	r0, [sp, #8]
878028d0:	f44f 4080 	mov.w	r0, #16384	; 0x4000
878028d4:	2301      	movs	r3, #1
878028d6:	2200      	movs	r2, #0
878028d8:	9104      	str	r1, [sp, #16]
878028da:	f10d 0407 	add.w	r4, sp, #7
878028de:	a902      	add	r1, sp, #8
878028e0:	f2c0 201a 	movt	r0, #538	; 0x21a
878028e4:	9406      	str	r4, [sp, #24]
878028e6:	f88d 2007 	strb.w	r2, [sp, #7]
878028ea:	9303      	str	r3, [sp, #12]
878028ec:	f88d 3014 	strb.w	r3, [sp, #20]
878028f0:	9307      	str	r3, [sp, #28]
878028f2:	f7ff fb3b 	bl	87801f6c <i2c_master_transfer>
878028f6:	f89d 0007 	ldrb.w	r0, [sp, #7]
878028fa:	b008      	add	sp, #32
878028fc:	bd10      	pop	{r4, pc}
878028fe:	bf00      	nop

87802900 <ft5426_read_len>:
87802900:	b510      	push	{r4, lr}
87802902:	b086      	sub	sp, #24
87802904:	f88d 0000 	strb.w	r0, [sp]
87802908:	f44f 4080 	mov.w	r0, #16384	; 0x4000
8780290c:	2401      	movs	r4, #1
8780290e:	f2c0 201a 	movt	r0, #538	; 0x21a
87802912:	9102      	str	r1, [sp, #8]
87802914:	4669      	mov	r1, sp
87802916:	9304      	str	r3, [sp, #16]
87802918:	9401      	str	r4, [sp, #4]
8780291a:	9205      	str	r2, [sp, #20]
8780291c:	f88d 400c 	strb.w	r4, [sp, #12]
87802920:	f7ff fb24 	bl	87801f6c <i2c_master_transfer>
87802924:	b006      	add	sp, #24
87802926:	bd10      	pop	{r4, pc}

87802928 <ft5426_read_tpnum>:
87802928:	b530      	push	{r4, r5, lr}
8780292a:	b089      	sub	sp, #36	; 0x24
8780292c:	f10d 0107 	add.w	r1, sp, #7
87802930:	f44f 4080 	mov.w	r0, #16384	; 0x4000
87802934:	2301      	movs	r3, #1
87802936:	2202      	movs	r2, #2
87802938:	9106      	str	r1, [sp, #24]
8780293a:	2500      	movs	r5, #0
8780293c:	2438      	movs	r4, #56	; 0x38
8780293e:	a902      	add	r1, sp, #8
87802940:	f2c0 201a 	movt	r0, #538	; 0x21a
87802944:	9303      	str	r3, [sp, #12]
87802946:	f88d 3014 	strb.w	r3, [sp, #20]
8780294a:	9307      	str	r3, [sp, #28]
8780294c:	9204      	str	r2, [sp, #16]
8780294e:	f88d 5007 	strb.w	r5, [sp, #7]
87802952:	f88d 4008 	strb.w	r4, [sp, #8]
87802956:	f7ff fb09 	bl	87801f6c <i2c_master_transfer>
8780295a:	f89d 2007 	ldrb.w	r2, [sp, #7]
8780295e:	f24a 73d8 	movw	r3, #42968	; 0xa7d8
87802962:	f2c8 7380 	movt	r3, #34688	; 0x8780
87802966:	709a      	strb	r2, [r3, #2]
87802968:	b009      	add	sp, #36	; 0x24
8780296a:	bd30      	pop	{r4, r5, pc}

8780296c <ft5426_read_tpcoord>:
8780296c:	b5f0      	push	{r4, r5, r6, r7, lr}
8780296e:	b08f      	sub	sp, #60	; 0x3c
87802970:	ac06      	add	r4, sp, #24
87802972:	f44f 4080 	mov.w	r0, #16384	; 0x4000
87802976:	2601      	movs	r6, #1
87802978:	2200      	movs	r2, #0
8780297a:	2302      	movs	r3, #2
8780297c:	4621      	mov	r1, r4
8780297e:	2738      	movs	r7, #56	; 0x38
87802980:	f2c0 201a 	movt	r0, #538	; 0x21a
87802984:	f8cd d028 	str.w	sp, [sp, #40]	; 0x28
87802988:	f24a 75d8 	movw	r5, #42968	; 0xa7d8
8780298c:	f88d 2000 	strb.w	r2, [sp]
87802990:	f2c8 7580 	movt	r5, #34688	; 0x8780
87802994:	9607      	str	r6, [sp, #28]
87802996:	f88d 6024 	strb.w	r6, [sp, #36]	; 0x24
8780299a:	960b      	str	r6, [sp, #44]	; 0x2c
8780299c:	9308      	str	r3, [sp, #32]
8780299e:	f88d 7018 	strb.w	r7, [sp, #24]
878029a2:	f7ff fae3 	bl	87801f6c <i2c_master_transfer>
878029a6:	f89d c000 	ldrb.w	ip, [sp]
878029aa:	f44f 4080 	mov.w	r0, #16384	; 0x4000
878029ae:	2203      	movs	r2, #3
878029b0:	231e      	movs	r3, #30
878029b2:	4669      	mov	r1, sp
878029b4:	f2c0 201a 	movt	r0, #538	; 0x21a
878029b8:	9404      	str	r4, [sp, #16]
878029ba:	9601      	str	r6, [sp, #4]
878029bc:	f88d 600c 	strb.w	r6, [sp, #12]
878029c0:	f88d 7000 	strb.w	r7, [sp]
878029c4:	f885 c002 	strb.w	ip, [r5, #2]
878029c8:	9202      	str	r2, [sp, #8]
878029ca:	9305      	str	r3, [sp, #20]
878029cc:	f7ff face 	bl	87801f6c <i2c_master_transfer>
878029d0:	78ae      	ldrb	r6, [r5, #2]
878029d2:	b1ee      	cbz	r6, 87802a10 <ft5426_read_tpcoord+0xa4>
878029d4:	3e01      	subs	r6, #1
878029d6:	f10d 021e 	add.w	r2, sp, #30
878029da:	b2f3      	uxtb	r3, r6
878029dc:	2606      	movs	r6, #6
878029de:	4621      	mov	r1, r4
878029e0:	fb16 2603 	smlabb	r6, r6, r3, r2
878029e4:	1d28      	adds	r0, r5, #4
878029e6:	788d      	ldrb	r5, [r1, #2]
878029e8:	3106      	adds	r1, #6
878029ea:	f811 2c03 	ldrb.w	r2, [r1, #-3]
878029ee:	f811 4c06 	ldrb.w	r4, [r1, #-6]
878029f2:	f811 3c05 	ldrb.w	r3, [r1, #-5]
878029f6:	428e      	cmp	r6, r1
878029f8:	ea42 2205 	orr.w	r2, r2, r5, lsl #8
878029fc:	ea43 2304 	orr.w	r3, r3, r4, lsl #8
87802a00:	f3c2 020b 	ubfx	r2, r2, #0, #12
87802a04:	f820 2b02 	strh.w	r2, [r0], #2
87802a08:	f3c3 030b 	ubfx	r3, r3, #0, #12
87802a0c:	8103      	strh	r3, [r0, #8]
87802a0e:	d1ea      	bne.n	878029e6 <ft5426_read_tpcoord+0x7a>
87802a10:	b00f      	add	sp, #60	; 0x3c
87802a12:	bdf0      	pop	{r4, r5, r6, r7, pc}

87802a14 <gpio1_io9_irqhandler>:
87802a14:	b508      	push	{r3, lr}
87802a16:	f24a 73d8 	movw	r3, #42968	; 0xa7d8
87802a1a:	f2c8 7380 	movt	r3, #34688	; 0x8780
87802a1e:	781b      	ldrb	r3, [r3, #0]
87802a20:	2b01      	cmp	r3, #1
87802a22:	d008      	beq.n	87802a36 <gpio1_io9_irqhandler+0x22>
87802a24:	f44f 4040 	mov.w	r0, #49152	; 0xc000
87802a28:	2109      	movs	r1, #9
87802a2a:	f2c0 2009 	movt	r0, #521	; 0x209
87802a2e:	e8bd 4008 	ldmia.w	sp!, {r3, lr}
87802a32:	f7fd be8b 	b.w	8780074c <gpio_clearintflags>
87802a36:	f7ff ff99 	bl	8780296c <ft5426_read_tpcoord>
87802a3a:	e7f3      	b.n	87802a24 <gpio1_io9_irqhandler+0x10>

87802a3c <gt9147_write_byte>:
87802a3c:	b570      	push	{r4, r5, r6, lr}
87802a3e:	b088      	sub	sp, #32
87802a40:	f88d 0008 	strb.w	r0, [sp, #8]
87802a44:	f44f 4080 	mov.w	r0, #16384	; 0x4000
87802a48:	2500      	movs	r5, #0
87802a4a:	2301      	movs	r3, #1
87802a4c:	9104      	str	r1, [sp, #16]
87802a4e:	f10d 0607 	add.w	r6, sp, #7
87802a52:	2402      	movs	r4, #2
87802a54:	a902      	add	r1, sp, #8
87802a56:	f2c0 201a 	movt	r0, #538	; 0x21a
87802a5a:	9606      	str	r6, [sp, #24]
87802a5c:	f88d 2007 	strb.w	r2, [sp, #7]
87802a60:	9503      	str	r5, [sp, #12]
87802a62:	f88d 4014 	strb.w	r4, [sp, #20]
87802a66:	9307      	str	r3, [sp, #28]
87802a68:	f7ff fa80 	bl	87801f6c <i2c_master_transfer>
87802a6c:	1b40      	subs	r0, r0, r5
87802a6e:	bf18      	it	ne
87802a70:	2001      	movne	r0, #1
87802a72:	b008      	add	sp, #32
87802a74:	bd70      	pop	{r4, r5, r6, pc}
87802a76:	bf00      	nop

87802a78 <gt9147_init>:
87802a78:	2370      	movs	r3, #112	; 0x70
87802a7a:	e92d 4ff0 	stmdb	sp!, {r4, r5, r6, r7, r8, r9, sl, fp, lr}
87802a7e:	f2c0 2329 	movt	r3, #553	; 0x229
87802a82:	b093      	sub	sp, #76	; 0x4c
87802a84:	f24a 75f0 	movw	r5, #42992	; 0xa7f0
87802a88:	f04f 0bbc 	mov.w	fp, #188	; 0xbc
87802a8c:	f240 5eac 	movw	lr, #1452	; 0x5ac
87802a90:	f04f 0cc0 	mov.w	ip, #192	; 0xc0
87802a94:	f44f 69b6 	mov.w	r9, #1456	; 0x5b0
87802a98:	f44f 7052 	mov.w	r0, #840	; 0x348
87802a9c:	f44f 7253 	mov.w	r2, #844	; 0x34c
87802aa0:	2400      	movs	r4, #0
87802aa2:	9301      	str	r3, [sp, #4]
87802aa4:	f2c8 7580 	movt	r5, #34688	; 0x8780
87802aa8:	f04f 0a12 	mov.w	sl, #18
87802aac:	2602      	movs	r6, #2
87802aae:	f247 03b0 	movw	r3, #28848	; 0x70b0
87802ab2:	f2c0 2e0e 	movt	lr, #526	; 0x20e
87802ab6:	f2c0 2c0e 	movt	ip, #526	; 0x20e
87802aba:	f2c0 290e 	movt	r9, #526	; 0x20e
87802abe:	f2c0 200e 	movt	r0, #526	; 0x20e
87802ac2:	f2c0 220e 	movt	r2, #526	; 0x20e
87802ac6:	f2c0 2b0e 	movt	fp, #526	; 0x20e
87802aca:	702c      	strb	r4, [r5, #0]
87802acc:	80ac      	strh	r4, [r5, #4]
87802ace:	f04f 0880 	mov.w	r8, #128	; 0x80
87802ad2:	81ec      	strh	r4, [r5, #14]
87802ad4:	212c      	movs	r1, #44	; 0x2c
87802ad6:	80ec      	strh	r4, [r5, #6]
87802ad8:	f44f 7743 	mov.w	r7, #780	; 0x30c
87802adc:	822c      	strh	r4, [r5, #16]
87802ade:	f2c0 280e 	movt	r8, #526	; 0x20e
87802ae2:	812c      	strh	r4, [r5, #8]
87802ae4:	f2c0 2129 	movt	r1, #553	; 0x229
87802ae8:	826c      	strh	r4, [r5, #18]
87802aea:	f2c0 270e 	movt	r7, #526	; 0x20e
87802aee:	816c      	strh	r4, [r5, #10]
87802af0:	82ac      	strh	r4, [r5, #20]
87802af2:	81ac      	strh	r4, [r5, #12]
87802af4:	82ec      	strh	r4, [r5, #22]
87802af6:	70ac      	strb	r4, [r5, #2]
87802af8:	f8cb a000 	str.w	sl, [fp]
87802afc:	f8ce 6000 	str.w	r6, [lr]
87802b00:	f04f 0e05 	mov.w	lr, #5
87802b04:	f8cc a000 	str.w	sl, [ip]
87802b08:	f241 0cb0 	movw	ip, #4272	; 0x10b0
87802b0c:	f8c9 6000 	str.w	r6, [r9]
87802b10:	f10d 0a10 	add.w	sl, sp, #16
87802b14:	6003      	str	r3, [r0, #0]
87802b16:	f44f 4040 	mov.w	r0, #49152	; 0xc000
87802b1a:	6013      	str	r3, [r2, #0]
87802b1c:	f2c0 2009 	movt	r0, #521	; 0x209
87802b20:	9b01      	ldr	r3, [sp, #4]
87802b22:	aa06      	add	r2, sp, #24
87802b24:	f8c8 e000 	str.w	lr, [r8]
87802b28:	f04f 0801 	mov.w	r8, #1
87802b2c:	f8c1 e000 	str.w	lr, [r1]
87802b30:	2109      	movs	r1, #9
87802b32:	f8c7 c000 	str.w	ip, [r7]
87802b36:	f04f 0914 	mov.w	r9, #20
87802b3a:	f8c3 c000 	str.w	ip, [r3]
87802b3e:	9408      	str	r4, [sp, #32]
87802b40:	f8cd 8018 	str.w	r8, [sp, #24]
87802b44:	f88d 801c 	strb.w	r8, [sp, #28]
87802b48:	f7fd fdcc 	bl	878006e4 <gpio_init>
87802b4c:	f44f 4040 	mov.w	r0, #49152	; 0xc000
87802b50:	aa09      	add	r2, sp, #36	; 0x24
87802b52:	2109      	movs	r1, #9
87802b54:	f2c0 200a 	movt	r0, #522	; 0x20a
87802b58:	f8cd 8024 	str.w	r8, [sp, #36]	; 0x24
87802b5c:	940b      	str	r4, [sp, #44]	; 0x2c
87802b5e:	f88d 8028 	strb.w	r8, [sp, #40]	; 0x28
87802b62:	f7fd fdbf 	bl	878006e4 <gpio_init>
87802b66:	f44f 4080 	mov.w	r0, #16384	; 0x4000
87802b6a:	f2c0 201a 	movt	r0, #538	; 0x21a
87802b6e:	f7ff f8fd 	bl	87801d6c <i2c_init>
87802b72:	f44f 4040 	mov.w	r0, #49152	; 0xc000
87802b76:	4622      	mov	r2, r4
87802b78:	2109      	movs	r1, #9
87802b7a:	f2c0 200a 	movt	r0, #522	; 0x20a
87802b7e:	f7fd fd5f 	bl	87800640 <gpio_pinwrite>
87802b82:	200a      	movs	r0, #10
87802b84:	f7fd fc9c 	bl	878004c0 <delayms>
87802b88:	f44f 4040 	mov.w	r0, #49152	; 0xc000
87802b8c:	4642      	mov	r2, r8
87802b8e:	2109      	movs	r1, #9
87802b90:	f2c0 200a 	movt	r0, #522	; 0x20a
87802b94:	f7fd fd54 	bl	87800640 <gpio_pinwrite>
87802b98:	200a      	movs	r0, #10
87802b9a:	f7fd fc91 	bl	878004c0 <delayms>
87802b9e:	f44f 4040 	mov.w	r0, #49152	; 0xc000
87802ba2:	4622      	mov	r2, r4
87802ba4:	2109      	movs	r1, #9
87802ba6:	f2c0 2009 	movt	r0, #521	; 0x209
87802baa:	f7fd fd49 	bl	87800640 <gpio_pinwrite>
87802bae:	2064      	movs	r0, #100	; 0x64
87802bb0:	f7fd fc86 	bl	878004c0 <delayms>
87802bb4:	f44f 4080 	mov.w	r0, #16384	; 0x4000
87802bb8:	f248 1240 	movw	r2, #33088	; 0x8140
87802bbc:	2306      	movs	r3, #6
87802bbe:	a90c      	add	r1, sp, #48	; 0x30
87802bc0:	f2c0 201a 	movt	r0, #538	; 0x21a
87802bc4:	920e      	str	r2, [sp, #56]	; 0x38
87802bc6:	f8cd a040 	str.w	sl, [sp, #64]	; 0x40
87802bca:	f8cd 8034 	str.w	r8, [sp, #52]	; 0x34
87802bce:	9311      	str	r3, [sp, #68]	; 0x44
87802bd0:	f88d 603c 	strb.w	r6, [sp, #60]	; 0x3c
87802bd4:	f88d 9030 	strb.w	r9, [sp, #48]	; 0x30
87802bd8:	f7ff f9c8 	bl	87801f6c <i2c_master_transfer>
87802bdc:	f89d 3014 	ldrb.w	r3, [sp, #20]
87802be0:	f249 70d8 	movw	r0, #38872	; 0x97d8
87802be4:	4651      	mov	r1, sl
87802be6:	f2c8 7080 	movt	r0, #34688	; 0x8780
87802bea:	f88d 4014 	strb.w	r4, [sp, #20]
87802bee:	f88d 3016 	strb.w	r3, [sp, #22]
87802bf2:	f000 f9eb 	bl	87802fcc <printf>
87802bf6:	f8bd 1015 	ldrh.w	r1, [sp, #21]
87802bfa:	f249 70e4 	movw	r0, #38884	; 0x97e4
87802bfe:	f2c8 7080 	movt	r0, #34688	; 0x8780
87802c02:	ba49      	rev16	r1, r1
87802c04:	b289      	uxth	r1, r1
87802c06:	f000 f9e1 	bl	87802fcc <printf>
87802c0a:	2380      	movs	r3, #128	; 0x80
87802c0c:	f44f 4080 	mov.w	r0, #16384	; 0x4000
87802c10:	603b      	str	r3, [r7, #0]
87802c12:	a90c      	add	r1, sp, #48	; 0x30
87802c14:	f89d 3010 	ldrb.w	r3, [sp, #16]
87802c18:	f2c0 201a 	movt	r0, #538	; 0x21a
87802c1c:	9406      	str	r4, [sp, #24]
87802c1e:	f10d 020f 	add.w	r2, sp, #15
87802c22:	f88d 401c 	strb.w	r4, [sp, #28]
87802c26:	2b31      	cmp	r3, #49	; 0x31
87802c28:	f88d 400f 	strb.w	r4, [sp, #15]
87802c2c:	f88d 9030 	strb.w	r9, [sp, #48]	; 0x30
87802c30:	f000 808b 	beq.w	87802d4a <gt9147_init+0x2d2>
87802c34:	f248 034d 	movw	r3, #32845	; 0x804d
87802c38:	9210      	str	r2, [sp, #64]	; 0x40
87802c3a:	930e      	str	r3, [sp, #56]	; 0x38
87802c3c:	f8cd 8034 	str.w	r8, [sp, #52]	; 0x34
87802c40:	f88d 603c 	strb.w	r6, [sp, #60]	; 0x3c
87802c44:	f8cd 8044 	str.w	r8, [sp, #68]	; 0x44
87802c48:	f7ff f990 	bl	87801f6c <i2c_master_transfer>
87802c4c:	f89d 300f 	ldrb.w	r3, [sp, #15]
87802c50:	f249 70f8 	movw	r0, #38904	; 0x97f8
87802c54:	f2c8 7080 	movt	r0, #34688	; 0x8780
87802c58:	f003 0303 	and.w	r3, r3, #3
87802c5c:	f88d 3010 	strb.w	r3, [sp, #16]
87802c60:	f000 f9b4 	bl	87802fcc <printf>
87802c64:	f89d 3010 	ldrb.w	r3, [sp, #16]
87802c68:	2b03      	cmp	r3, #3
87802c6a:	f200 8081 	bhi.w	87802d70 <gt9147_init+0x2f8>
87802c6e:	e8df f003 	tbb	[pc, r3]
87802c72:	02262f38 	eoreq	r2, r6, #56, 30	; 0xe0
87802c76:	f649 005c 	movw	r0, #39004	; 0x985c
87802c7a:	f2c8 7080 	movt	r0, #34688	; 0x8780
87802c7e:	f000 f9a5 	bl	87802fcc <printf>
87802c82:	2302      	movs	r3, #2
87802c84:	9308      	str	r3, [sp, #32]
87802c86:	f44f 4040 	mov.w	r0, #49152	; 0xc000
87802c8a:	aa06      	add	r2, sp, #24
87802c8c:	f2c0 2009 	movt	r0, #521	; 0x209
87802c90:	2109      	movs	r1, #9
87802c92:	f7fd fd27 	bl	878006e4 <gpio_init>
87802c96:	2202      	movs	r2, #2
87802c98:	f248 0140 	movw	r1, #32832	; 0x8040
87802c9c:	2014      	movs	r0, #20
87802c9e:	f7ff fecd 	bl	87802a3c <gt9147_write_byte>
87802ca2:	4604      	mov	r4, r0
87802ca4:	b330      	cbz	r0, 87802cf4 <gt9147_init+0x27c>
87802ca6:	f649 7378 	movw	r3, #40824	; 0x9f78
87802caa:	2201      	movs	r2, #1
87802cac:	f2c8 7380 	movt	r3, #34688	; 0x8780
87802cb0:	200a      	movs	r0, #10
87802cb2:	601a      	str	r2, [r3, #0]
87802cb4:	f7fd fc04 	bl	878004c0 <delayms>
87802cb8:	b013      	add	sp, #76	; 0x4c
87802cba:	e8bd 8ff0 	ldmia.w	sp!, {r4, r5, r6, r7, r8, r9, sl, fp, pc}
87802cbe:	f649 0040 	movw	r0, #38976	; 0x9840
87802cc2:	f2c8 7080 	movt	r0, #34688	; 0x8780
87802cc6:	f000 f981 	bl	87802fcc <printf>
87802cca:	2301      	movs	r3, #1
87802ccc:	9308      	str	r3, [sp, #32]
87802cce:	e7da      	b.n	87802c86 <gt9147_init+0x20e>
87802cd0:	f649 0020 	movw	r0, #38944	; 0x9820
87802cd4:	f2c8 7080 	movt	r0, #34688	; 0x8780
87802cd8:	f000 f978 	bl	87802fcc <printf>
87802cdc:	2304      	movs	r3, #4
87802cde:	9308      	str	r3, [sp, #32]
87802ce0:	e7d1      	b.n	87802c86 <gt9147_init+0x20e>
87802ce2:	f649 0000 	movw	r0, #38912	; 0x9800
87802ce6:	f2c8 7080 	movt	r0, #34688	; 0x8780
87802cea:	f000 f96f 	bl	87802fcc <printf>
87802cee:	2303      	movs	r3, #3
87802cf0:	9308      	str	r3, [sp, #32]
87802cf2:	e7c8      	b.n	87802c86 <gt9147_init+0x20e>
87802cf4:	200a      	movs	r0, #10
87802cf6:	f7fd fbe3 	bl	878004c0 <delayms>
87802cfa:	4622      	mov	r2, r4
87802cfc:	f248 0140 	movw	r1, #32832	; 0x8040
87802d00:	2014      	movs	r0, #20
87802d02:	f7ff fe9b 	bl	87802a3c <gt9147_write_byte>
87802d06:	ee9f 3f10 	mrc	15, 4, r3, cr15, cr0, {0}
87802d0a:	0c1b      	lsrs	r3, r3, #16
87802d0c:	f241 100c 	movw	r0, #4364	; 0x110c
87802d10:	2604      	movs	r6, #4
87802d12:	041b      	lsls	r3, r3, #16
87802d14:	f642 715d 	movw	r1, #12125	; 0x2f5d
87802d18:	4622      	mov	r2, r4
87802d1a:	501e      	str	r6, [r3, r0]
87802d1c:	f2c8 7180 	movt	r1, #34688	; 0x8780
87802d20:	2062      	movs	r0, #98	; 0x62
87802d22:	f7fd fd73 	bl	8780080c <system_register_irqhandler>
87802d26:	f44f 4040 	mov.w	r0, #49152	; 0xc000
87802d2a:	2109      	movs	r1, #9
87802d2c:	f2c0 2009 	movt	r0, #521	; 0x209
87802d30:	f7fd fcfc 	bl	8780072c <gpio_enableint>
87802d34:	2064      	movs	r0, #100	; 0x64
87802d36:	f7fd fbc3 	bl	878004c0 <delayms>
87802d3a:	2301      	movs	r3, #1
87802d3c:	200a      	movs	r0, #10
87802d3e:	802b      	strh	r3, [r5, #0]
87802d40:	f7fd fbbe 	bl	878004c0 <delayms>
87802d44:	b013      	add	sp, #76	; 0x4c
87802d46:	e8bd 8ff0 	ldmia.w	sp!, {r4, r5, r6, r7, r8, r9, sl, fp, pc}
87802d4a:	f248 0356 	movw	r3, #32854	; 0x8056
87802d4e:	9210      	str	r2, [sp, #64]	; 0x40
87802d50:	930e      	str	r3, [sp, #56]	; 0x38
87802d52:	f8cd 8034 	str.w	r8, [sp, #52]	; 0x34
87802d56:	f88d 603c 	strb.w	r6, [sp, #60]	; 0x3c
87802d5a:	f8cd 8044 	str.w	r8, [sp, #68]	; 0x44
87802d5e:	f7ff f905 	bl	87801f6c <i2c_master_transfer>
87802d62:	f89d 300f 	ldrb.w	r3, [sp, #15]
87802d66:	f003 0303 	and.w	r3, r3, #3
87802d6a:	f88d 3010 	strb.w	r3, [sp, #16]
87802d6e:	e77b      	b.n	87802c68 <gt9147_init+0x1f0>
87802d70:	f649 007c 	movw	r0, #39036	; 0x987c
87802d74:	f2c8 7080 	movt	r0, #34688	; 0x8780
87802d78:	f000 f928 	bl	87802fcc <printf>
87802d7c:	2305      	movs	r3, #5
87802d7e:	9308      	str	r3, [sp, #32]
87802d80:	e781      	b.n	87802c86 <gt9147_init+0x20e>
87802d82:	bf00      	nop

87802d84 <gt9147_read_byte>:
87802d84:	b530      	push	{r4, r5, lr}
87802d86:	b089      	sub	sp, #36	; 0x24
87802d88:	f88d 0008 	strb.w	r0, [sp, #8]
87802d8c:	f44f 4080 	mov.w	r0, #16384	; 0x4000
87802d90:	2301      	movs	r3, #1
87802d92:	2202      	movs	r2, #2
87802d94:	9104      	str	r1, [sp, #16]
87802d96:	f10d 0507 	add.w	r5, sp, #7
87802d9a:	2400      	movs	r4, #0
87802d9c:	a902      	add	r1, sp, #8
87802d9e:	f2c0 201a 	movt	r0, #538	; 0x21a
87802da2:	9506      	str	r5, [sp, #24]
87802da4:	f88d 4007 	strb.w	r4, [sp, #7]
87802da8:	9303      	str	r3, [sp, #12]
87802daa:	9307      	str	r3, [sp, #28]
87802dac:	f88d 2014 	strb.w	r2, [sp, #20]
87802db0:	f7ff f8dc 	bl	87801f6c <i2c_master_transfer>
87802db4:	f89d 0007 	ldrb.w	r0, [sp, #7]
87802db8:	b009      	add	sp, #36	; 0x24
87802dba:	bd30      	pop	{r4, r5, pc}

87802dbc <gt9147_read_len>:
87802dbc:	b530      	push	{r4, r5, lr}
87802dbe:	b087      	sub	sp, #28
87802dc0:	f88d 0000 	strb.w	r0, [sp]
87802dc4:	f44f 4080 	mov.w	r0, #16384	; 0x4000
87802dc8:	2501      	movs	r5, #1
87802dca:	2402      	movs	r4, #2
87802dcc:	9102      	str	r1, [sp, #8]
87802dce:	f2c0 201a 	movt	r0, #538	; 0x21a
87802dd2:	4669      	mov	r1, sp
87802dd4:	9304      	str	r3, [sp, #16]
87802dd6:	9501      	str	r5, [sp, #4]
87802dd8:	9205      	str	r2, [sp, #20]
87802dda:	f88d 400c 	strb.w	r4, [sp, #12]
87802dde:	f7ff f8c5 	bl	87801f6c <i2c_master_transfer>
87802de2:	b007      	add	sp, #28
87802de4:	bd30      	pop	{r4, r5, pc}
87802de6:	bf00      	nop

87802de8 <gt9147_write_len>:
87802de8:	b530      	push	{r4, r5, lr}
87802dea:	b087      	sub	sp, #28
87802dec:	f88d 0000 	strb.w	r0, [sp]
87802df0:	f44f 4080 	mov.w	r0, #16384	; 0x4000
87802df4:	2500      	movs	r5, #0
87802df6:	2402      	movs	r4, #2
87802df8:	9102      	str	r1, [sp, #8]
87802dfa:	f2c0 201a 	movt	r0, #538	; 0x21a
87802dfe:	4669      	mov	r1, sp
87802e00:	9304      	str	r3, [sp, #16]
87802e02:	9501      	str	r5, [sp, #4]
87802e04:	9205      	str	r2, [sp, #20]
87802e06:	f88d 400c 	strb.w	r4, [sp, #12]
87802e0a:	f7ff f8af 	bl	87801f6c <i2c_master_transfer>
87802e0e:	b007      	add	sp, #28
87802e10:	bd30      	pop	{r4, r5, pc}
87802e12:	bf00      	nop

87802e14 <gt9147_send_cfg>:
87802e14:	4a1e      	ldr	r2, [pc, #120]	; (87802e90 <gt9147_send_cfg+0x7c>)
87802e16:	2300      	movs	r3, #0
87802e18:	b5f0      	push	{r4, r5, r6, r7, lr}
87802e1a:	b089      	sub	sp, #36	; 0x24
87802e1c:	f88d 0005 	strb.w	r0, [sp, #5]
87802e20:	f102 00b8 	add.w	r0, r2, #184	; 0xb8
87802e24:	f812 1f01 	ldrb.w	r1, [r2, #1]!
87802e28:	4290      	cmp	r0, r2
87802e2a:	440b      	add	r3, r1
87802e2c:	b2db      	uxtb	r3, r3
87802e2e:	d1f9      	bne.n	87802e24 <gt9147_send_cfg+0x10>
87802e30:	425b      	negs	r3, r3
87802e32:	f649 02b8 	movw	r2, #39096	; 0x98b8
87802e36:	f44f 4080 	mov.w	r0, #16384	; 0x4000
87802e3a:	2402      	movs	r4, #2
87802e3c:	f2c8 7280 	movt	r2, #34688	; 0x8780
87802e40:	a902      	add	r1, sp, #8
87802e42:	2614      	movs	r6, #20
87802e44:	2500      	movs	r5, #0
87802e46:	f88d 3004 	strb.w	r3, [sp, #4]
87802e4a:	f248 0747 	movw	r7, #32839	; 0x8047
87802e4e:	23b8      	movs	r3, #184	; 0xb8
87802e50:	f2c0 201a 	movt	r0, #538	; 0x21a
87802e54:	9206      	str	r2, [sp, #24]
87802e56:	f88d 6008 	strb.w	r6, [sp, #8]
87802e5a:	9307      	str	r3, [sp, #28]
87802e5c:	e9cd 5703 	strd	r5, r7, [sp, #12]
87802e60:	f88d 4014 	strb.w	r4, [sp, #20]
87802e64:	f7ff f882 	bl	87801f6c <i2c_master_transfer>
87802e68:	f44f 4080 	mov.w	r0, #16384	; 0x4000
87802e6c:	aa01      	add	r2, sp, #4
87802e6e:	f248 03ff 	movw	r3, #33023	; 0x80ff
87802e72:	a902      	add	r1, sp, #8
87802e74:	f2c0 201a 	movt	r0, #538	; 0x21a
87802e78:	9206      	str	r2, [sp, #24]
87802e7a:	f88d 6008 	strb.w	r6, [sp, #8]
87802e7e:	9503      	str	r5, [sp, #12]
87802e80:	f88d 4014 	strb.w	r4, [sp, #20]
87802e84:	9304      	str	r3, [sp, #16]
87802e86:	9407      	str	r4, [sp, #28]
87802e88:	f7ff f870 	bl	87801f6c <i2c_master_transfer>
87802e8c:	b009      	add	sp, #36	; 0x24
87802e8e:	bdf0      	pop	{r4, r5, r6, r7, pc}
87802e90:	878098b7 			; <UNDEFINED> instruction: 0x878098b7

87802e94 <gt9147_read_tpcoord>:
87802e94:	e92d 47f0 	stmdb	sp!, {r4, r5, r6, r7, r8, r9, sl, lr}
87802e98:	f44f 4080 	mov.w	r0, #16384	; 0x4000
87802e9c:	b088      	sub	sp, #32
87802e9e:	2301      	movs	r3, #1
87802ea0:	2202      	movs	r2, #2
87802ea2:	a902      	add	r1, sp, #8
87802ea4:	2400      	movs	r4, #0
87802ea6:	2514      	movs	r5, #20
87802ea8:	f248 184e 	movw	r8, #33102	; 0x814e
87802eac:	ae01      	add	r6, sp, #4
87802eae:	f2c0 201a 	movt	r0, #538	; 0x21a
87802eb2:	9606      	str	r6, [sp, #24]
87802eb4:	9303      	str	r3, [sp, #12]
87802eb6:	f24a 79f0 	movw	r9, #42992	; 0xa7f0
87802eba:	9307      	str	r3, [sp, #28]
87802ebc:	f2c8 7980 	movt	r9, #34688	; 0x8780
87802ec0:	f88d 2014 	strb.w	r2, [sp, #20]
87802ec4:	f88d 4004 	strb.w	r4, [sp, #4]
87802ec8:	f88d 5008 	strb.w	r5, [sp, #8]
87802ecc:	f8cd 8010 	str.w	r8, [sp, #16]
87802ed0:	f7ff f84c 	bl	87801f6c <i2c_master_transfer>
87802ed4:	f89d 7004 	ldrb.w	r7, [sp, #4]
87802ed8:	4641      	mov	r1, r8
87802eda:	4622      	mov	r2, r4
87802edc:	4628      	mov	r0, r5
87802ede:	f7ff fdad 	bl	87802a3c <gt9147_write_byte>
87802ee2:	f007 070f 	and.w	r7, r7, #15
87802ee6:	f889 7002 	strb.w	r7, [r9, #2]
87802eea:	b3a7      	cbz	r7, 87802f56 <gt9147_read_tpcoord+0xc2>
87802eec:	f44f 4780 	mov.w	r7, #16384	; 0x4000
87802ef0:	f249 78cc 	movw	r8, #38860	; 0x97cc
87802ef4:	f2c0 271a 	movt	r7, #538	; 0x21a
87802ef8:	f2c8 7880 	movt	r8, #34688	; 0x8780
87802efc:	f248 1e50 	movw	lr, #33104	; 0x8150
87802f00:	e001      	b.n	87802f06 <gt9147_read_tpcoord+0x72>
87802f02:	f838 e014 	ldrh.w	lr, [r8, r4, lsl #1]
87802f06:	f04f 0c01 	mov.w	ip, #1
87802f0a:	2202      	movs	r2, #2
87802f0c:	2304      	movs	r3, #4
87802f0e:	a902      	add	r1, sp, #8
87802f10:	4638      	mov	r0, r7
87802f12:	e9cd ce03 	strd	ip, lr, [sp, #12]
87802f16:	9606      	str	r6, [sp, #24]
87802f18:	f88d 2014 	strb.w	r2, [sp, #20]
87802f1c:	9307      	str	r3, [sp, #28]
87802f1e:	f88d 5008 	strb.w	r5, [sp, #8]
87802f22:	f7ff f823 	bl	87801f6c <i2c_master_transfer>
87802f26:	1c61      	adds	r1, r4, #1
87802f28:	f89d a005 	ldrb.w	sl, [sp, #5]
87802f2c:	f89d 2004 	ldrb.w	r2, [sp, #4]
87802f30:	eb09 0c44 	add.w	ip, r9, r4, lsl #1
87802f34:	f89d e007 	ldrb.w	lr, [sp, #7]
87802f38:	b2cc      	uxtb	r4, r1
87802f3a:	f89d 3006 	ldrb.w	r3, [sp, #6]
87802f3e:	f899 1002 	ldrb.w	r1, [r9, #2]
87802f42:	eb02 220a 	add.w	r2, r2, sl, lsl #8
87802f46:	eb03 230e 	add.w	r3, r3, lr, lsl #8
87802f4a:	42a1      	cmp	r1, r4
87802f4c:	f8ac 2004 	strh.w	r2, [ip, #4]
87802f50:	f8ac 300e 	strh.w	r3, [ip, #14]
87802f54:	d8d5      	bhi.n	87802f02 <gt9147_read_tpcoord+0x6e>
87802f56:	b008      	add	sp, #32
87802f58:	e8bd 87f0 	ldmia.w	sp!, {r4, r5, r6, r7, r8, r9, sl, pc}

87802f5c <gt9147_irqhandler>:
87802f5c:	b508      	push	{r3, lr}
87802f5e:	f24a 73f0 	movw	r3, #42992	; 0xa7f0
87802f62:	f2c8 7380 	movt	r3, #34688	; 0x8780
87802f66:	781a      	ldrb	r2, [r3, #0]
87802f68:	2a01      	cmp	r2, #1
87802f6a:	d008      	beq.n	87802f7e <gt9147_irqhandler+0x22>
87802f6c:	f44f 4040 	mov.w	r0, #49152	; 0xc000
87802f70:	2109      	movs	r1, #9
87802f72:	f2c0 2009 	movt	r0, #521	; 0x209
87802f76:	e8bd 4008 	ldmia.w	sp!, {r3, lr}
87802f7a:	f7fd bbe7 	b.w	8780074c <gpio_clearintflags>
87802f7e:	705a      	strb	r2, [r3, #1]
87802f80:	f7ff ff88 	bl	87802e94 <gt9147_read_tpcoord>
87802f84:	e7f2      	b.n	87802f6c <gt9147_irqhandler+0x10>
87802f86:	bf00      	nop

87802f88 <__muldi3>:
87802f88:	b4f0      	push	{r4, r5, r6, r7}
87802f8a:	4604      	mov	r4, r0
87802f8c:	ea4f 4610 	mov.w	r6, r0, lsr #16
87802f90:	ea4f 4512 	mov.w	r5, r2, lsr #16
87802f94:	ea20 4706 	bic.w	r7, r0, r6, lsl #16
87802f98:	ea22 4c05 	bic.w	ip, r2, r5, lsl #16
87802f9c:	fb07 f00c 	mul.w	r0, r7, ip
87802fa0:	fb06 fc0c 	mul.w	ip, r6, ip
87802fa4:	fb05 f707 	mul.w	r7, r5, r7
87802fa8:	fb06 f505 	mul.w	r5, r6, r5
87802fac:	eb1c 0707 	adds.w	r7, ip, r7
87802fb0:	bf28      	it	cs
87802fb2:	f505 3580 	addcs.w	r5, r5, #65536	; 0x10000
87802fb6:	eb10 4007 	adds.w	r0, r0, r7, lsl #16
87802fba:	eb45 4517 	adc.w	r5, r5, r7, lsr #16
87802fbe:	fb03 5304 	mla	r3, r3, r4, r5
87802fc2:	bcf0      	pop	{r4, r5, r6, r7}
87802fc4:	fb02 3101 	mla	r1, r2, r1, r3
87802fc8:	4770      	bx	lr
87802fca:	bf00      	nop

87802fcc <printf>:
87802fcc:	b40f      	push	{r0, r1, r2, r3}
87802fce:	f649 707c 	movw	r0, #40828	; 0x9f7c
87802fd2:	b5f8      	push	{r3, r4, r5, r6, r7, lr}
87802fd4:	f2c8 7080 	movt	r0, #34688	; 0x8780
87802fd8:	4605      	mov	r5, r0
87802fda:	aa07      	add	r2, sp, #28
87802fdc:	462e      	mov	r6, r5
87802fde:	2400      	movs	r4, #0
87802fe0:	9906      	ldr	r1, [sp, #24]
87802fe2:	f001 f937 	bl	87804254 <vsprintf>
87802fe6:	4607      	mov	r7, r0
87802fe8:	e003      	b.n	87802ff2 <printf+0x26>
87802fea:	f815 0b01 	ldrb.w	r0, [r5], #1
87802fee:	f7fd fed1 	bl	87800d94 <putc>
87802ff2:	4630      	mov	r0, r6
87802ff4:	f000 f94c 	bl	87803290 <strlen>
87802ff8:	42a0      	cmp	r0, r4
87802ffa:	f104 0401 	add.w	r4, r4, #1
87802ffe:	d8f4      	bhi.n	87802fea <printf+0x1e>
87803000:	4638      	mov	r0, r7
87803002:	e8bd 40f8 	ldmia.w	sp!, {r3, r4, r5, r6, r7, lr}
87803006:	b004      	add	sp, #16
87803008:	4770      	bx	lr
8780300a:	bf00      	nop

8780300c <scanf>:
8780300c:	b40f      	push	{r0, r1, r2, r3}
8780300e:	b570      	push	{r4, r5, r6, lr}
87803010:	2500      	movs	r5, #0
87803012:	4e10      	ldr	r6, [pc, #64]	; (87803054 <scanf+0x48>)
87803014:	e002      	b.n	8780301c <scanf+0x10>
87803016:	3501      	adds	r5, #1
87803018:	f806 4b01 	strb.w	r4, [r6], #1
8780301c:	f7fd fed4 	bl	87800dc8 <getc>
87803020:	4604      	mov	r4, r0
87803022:	f7fd feb7 	bl	87800d94 <putc>
87803026:	2c0a      	cmp	r4, #10
87803028:	bf18      	it	ne
8780302a:	2c0d      	cmpne	r4, #13
8780302c:	d1f3      	bne.n	87803016 <scanf+0xa>
8780302e:	f649 707c 	movw	r0, #40828	; 0x9f7c
87803032:	2300      	movs	r3, #0
87803034:	f2c8 7080 	movt	r0, #34688	; 0x8780
87803038:	aa05      	add	r2, sp, #20
8780303a:	4405      	add	r5, r0
8780303c:	9904      	ldr	r1, [sp, #16]
8780303e:	f500 6080 	add.w	r0, r0, #1024	; 0x400
87803042:	f885 3400 	strb.w	r3, [r5, #1024]	; 0x400
87803046:	f001 f917 	bl	87804278 <vsscanf>
8780304a:	e8bd 4070 	ldmia.w	sp!, {r4, r5, r6, lr}
8780304e:	b004      	add	sp, #16
87803050:	4770      	bx	lr
87803052:	bf00      	nop
87803054:	8780a37c 			; <UNDEFINED> instruction: 0x8780a37c

87803058 <__div64_32>:
87803058:	e92d 4ff8 	stmdb	sp!, {r3, r4, r5, r6, r7, r8, r9, sl, fp, lr}
8780305c:	4682      	mov	sl, r0
8780305e:	e9d0 6700 	ldrd	r6, r7, [r0]
87803062:	468b      	mov	fp, r1
87803064:	460c      	mov	r4, r1
87803066:	2500      	movs	r5, #0
87803068:	42b9      	cmp	r1, r7
8780306a:	bf84      	itt	hi
8780306c:	f04f 0800 	movhi.w	r8, #0
87803070:	f04f 0900 	movhi.w	r9, #0
87803074:	d80a      	bhi.n	8780308c <__div64_32+0x34>
87803076:	4638      	mov	r0, r7
87803078:	f001 fb7e 	bl	87804778 <__udivsi3>
8780307c:	fb00 f30b 	mul.w	r3, r0, fp
87803080:	2200      	movs	r2, #0
87803082:	4690      	mov	r8, r2
87803084:	4681      	mov	r9, r0
87803086:	1ab6      	subs	r6, r6, r2
87803088:	eb67 0703 	sbc.w	r7, r7, r3
8780308c:	42bd      	cmp	r5, r7
8780308e:	f04f 0201 	mov.w	r2, #1
87803092:	bf08      	it	eq
87803094:	42b4      	cmpeq	r4, r6
87803096:	bf34      	ite	cc
87803098:	2301      	movcc	r3, #1
8780309a:	2300      	movcs	r3, #0
8780309c:	f1bb 0f00 	cmp.w	fp, #0
878030a0:	bf08      	it	eq
878030a2:	2300      	moveq	r3, #0
878030a4:	b363      	cbz	r3, 87803100 <__div64_32+0xa8>
878030a6:	2300      	movs	r3, #0
878030a8:	1924      	adds	r4, r4, r4
878030aa:	416d      	adcs	r5, r5
878030ac:	1892      	adds	r2, r2, r2
878030ae:	415b      	adcs	r3, r3
878030b0:	2c01      	cmp	r4, #1
878030b2:	f175 0100 	sbcs.w	r1, r5, #0
878030b6:	bfac      	ite	ge
878030b8:	2101      	movge	r1, #1
878030ba:	2100      	movlt	r1, #0
878030bc:	42bd      	cmp	r5, r7
878030be:	f001 0101 	and.w	r1, r1, #1
878030c2:	bf08      	it	eq
878030c4:	42b4      	cmpeq	r4, r6
878030c6:	bf28      	it	cs
878030c8:	2100      	movcs	r1, #0
878030ca:	2900      	cmp	r1, #0
878030cc:	d1ec      	bne.n	878030a8 <__div64_32+0x50>
878030ce:	42af      	cmp	r7, r5
878030d0:	bf08      	it	eq
878030d2:	42a6      	cmpeq	r6, r4
878030d4:	d306      	bcc.n	878030e4 <__div64_32+0x8c>
878030d6:	1b36      	subs	r6, r6, r4
878030d8:	eb67 0705 	sbc.w	r7, r7, r5
878030dc:	eb18 0802 	adds.w	r8, r8, r2
878030e0:	eb49 0903 	adc.w	r9, r9, r3
878030e4:	085b      	lsrs	r3, r3, #1
878030e6:	ea4f 0232 	mov.w	r2, r2, rrx
878030ea:	086d      	lsrs	r5, r5, #1
878030ec:	ea4f 0434 	mov.w	r4, r4, rrx
878030f0:	ea52 0103 	orrs.w	r1, r2, r3
878030f4:	d1eb      	bne.n	878030ce <__div64_32+0x76>
878030f6:	e9ca 8900 	strd	r8, r9, [sl]
878030fa:	4630      	mov	r0, r6
878030fc:	e8bd 8ff8 	ldmia.w	sp!, {r3, r4, r5, r6, r7, r8, r9, sl, fp, pc}
87803100:	2300      	movs	r3, #0
87803102:	e7e4      	b.n	878030ce <__div64_32+0x76>

87803104 <strnicmp>:
87803104:	b332      	cbz	r2, 87803154 <strnicmp+0x50>
87803106:	b5f0      	push	{r4, r5, r6, r7, lr}
87803108:	f649 1570 	movw	r5, #39280	; 0x9970
8780310c:	1e44      	subs	r4, r0, #1
8780310e:	eb01 0e02 	add.w	lr, r1, r2
87803112:	f2c8 7580 	movt	r5, #34688	; 0x8780
87803116:	e006      	b.n	87803126 <strnicmp+0x22>
87803118:	fa5f f08c 	uxtb.w	r0, ip
8780311c:	b9b3      	cbnz	r3, 8780314c <strnicmp+0x48>
8780311e:	4282      	cmp	r2, r0
87803120:	d11c      	bne.n	8780315c <strnicmp+0x58>
87803122:	4571      	cmp	r1, lr
87803124:	d014      	beq.n	87803150 <strnicmp+0x4c>
87803126:	f814 0f01 	ldrb.w	r0, [r4, #1]!
8780312a:	f811 2b01 	ldrb.w	r2, [r1], #1
8780312e:	b198      	cbz	r0, 87803158 <strnicmp+0x54>
87803130:	b17a      	cbz	r2, 87803152 <strnicmp+0x4e>
87803132:	4290      	cmp	r0, r2
87803134:	d0f5      	beq.n	87803122 <strnicmp+0x1e>
87803136:	5c2e      	ldrb	r6, [r5, r0]
87803138:	f102 0720 	add.w	r7, r2, #32
8780313c:	5cab      	ldrb	r3, [r5, r2]
8780313e:	f100 0c20 	add.w	ip, r0, #32
87803142:	07f6      	lsls	r6, r6, #31
87803144:	f003 0301 	and.w	r3, r3, #1
87803148:	d4e6      	bmi.n	87803118 <strnicmp+0x14>
8780314a:	b13b      	cbz	r3, 8780315c <strnicmp+0x58>
8780314c:	b2fa      	uxtb	r2, r7
8780314e:	e7e6      	b.n	8780311e <strnicmp+0x1a>
87803150:	2000      	movs	r0, #0
87803152:	bdf0      	pop	{r4, r5, r6, r7, pc}
87803154:	4610      	mov	r0, r2
87803156:	4770      	bx	lr
87803158:	4250      	negs	r0, r2
8780315a:	bdf0      	pop	{r4, r5, r6, r7, pc}
8780315c:	1a80      	subs	r0, r0, r2
8780315e:	bdf0      	pop	{r4, r5, r6, r7, pc}

87803160 <strcpy>:
87803160:	1e42      	subs	r2, r0, #1
87803162:	f811 3b01 	ldrb.w	r3, [r1], #1
87803166:	f802 3f01 	strb.w	r3, [r2, #1]!
8780316a:	2b00      	cmp	r3, #0
8780316c:	d1f9      	bne.n	87803162 <strcpy+0x2>
8780316e:	4770      	bx	lr

87803170 <strncpy>:
87803170:	b410      	push	{r4}
87803172:	440a      	add	r2, r1
87803174:	1e44      	subs	r4, r0, #1
87803176:	e004      	b.n	87803182 <strncpy+0x12>
87803178:	f811 3b01 	ldrb.w	r3, [r1], #1
8780317c:	f804 3f01 	strb.w	r3, [r4, #1]!
87803180:	b10b      	cbz	r3, 87803186 <strncpy+0x16>
87803182:	4291      	cmp	r1, r2
87803184:	d1f8      	bne.n	87803178 <strncpy+0x8>
87803186:	f85d 4b04 	ldr.w	r4, [sp], #4
8780318a:	4770      	bx	lr

8780318c <strcat>:
8780318c:	7803      	ldrb	r3, [r0, #0]
8780318e:	b163      	cbz	r3, 878031aa <strcat+0x1e>
87803190:	4603      	mov	r3, r0
87803192:	f813 2f01 	ldrb.w	r2, [r3, #1]!
87803196:	2a00      	cmp	r2, #0
87803198:	d1fb      	bne.n	87803192 <strcat+0x6>
8780319a:	3b01      	subs	r3, #1
8780319c:	f811 2b01 	ldrb.w	r2, [r1], #1
878031a0:	f803 2f01 	strb.w	r2, [r3, #1]!
878031a4:	2a00      	cmp	r2, #0
878031a6:	d1f9      	bne.n	8780319c <strcat+0x10>
878031a8:	4770      	bx	lr
878031aa:	4603      	mov	r3, r0
878031ac:	e7f5      	b.n	8780319a <strcat+0xe>
878031ae:	bf00      	nop

878031b0 <strncat>:
878031b0:	b1a2      	cbz	r2, 878031dc <strncat+0x2c>
878031b2:	7803      	ldrb	r3, [r0, #0]
878031b4:	b430      	push	{r4, r5}
878031b6:	b1b3      	cbz	r3, 878031e6 <strncat+0x36>
878031b8:	4603      	mov	r3, r0
878031ba:	f813 4f01 	ldrb.w	r4, [r3, #1]!
878031be:	2c00      	cmp	r4, #0
878031c0:	d1fb      	bne.n	878031ba <strncat+0xa>
878031c2:	441a      	add	r2, r3
878031c4:	e001      	b.n	878031ca <strncat+0x1a>
878031c6:	4293      	cmp	r3, r2
878031c8:	d009      	beq.n	878031de <strncat+0x2e>
878031ca:	f811 4b01 	ldrb.w	r4, [r1], #1
878031ce:	461d      	mov	r5, r3
878031d0:	f803 4b01 	strb.w	r4, [r3], #1
878031d4:	2c00      	cmp	r4, #0
878031d6:	d1f6      	bne.n	878031c6 <strncat+0x16>
878031d8:	bc30      	pop	{r4, r5}
878031da:	4770      	bx	lr
878031dc:	4770      	bx	lr
878031de:	2300      	movs	r3, #0
878031e0:	706b      	strb	r3, [r5, #1]
878031e2:	bc30      	pop	{r4, r5}
878031e4:	4770      	bx	lr
878031e6:	4603      	mov	r3, r0
878031e8:	e7eb      	b.n	878031c2 <strncat+0x12>
878031ea:	bf00      	nop

878031ec <strcmp>:
878031ec:	1e42      	subs	r2, r0, #1
878031ee:	e000      	b.n	878031f2 <strcmp+0x6>
878031f0:	b148      	cbz	r0, 87803206 <strcmp+0x1a>
878031f2:	f812 0f01 	ldrb.w	r0, [r2, #1]!
878031f6:	f811 3b01 	ldrb.w	r3, [r1], #1
878031fa:	1ac3      	subs	r3, r0, r3
878031fc:	b25b      	sxtb	r3, r3
878031fe:	2b00      	cmp	r3, #0
87803200:	d0f6      	beq.n	878031f0 <strcmp+0x4>
87803202:	4618      	mov	r0, r3
87803204:	4770      	bx	lr
87803206:	4770      	bx	lr

87803208 <strncmp>:
87803208:	b1e2      	cbz	r2, 87803244 <strncmp+0x3c>
8780320a:	b430      	push	{r4, r5}
8780320c:	1c4c      	adds	r4, r1, #1
8780320e:	7805      	ldrb	r5, [r0, #0]
87803210:	780b      	ldrb	r3, [r1, #0]
87803212:	1aeb      	subs	r3, r5, r3
87803214:	b25b      	sxtb	r3, r3
87803216:	b97b      	cbnz	r3, 87803238 <strncmp+0x30>
87803218:	b15d      	cbz	r5, 87803232 <strncmp+0x2a>
8780321a:	4411      	add	r1, r2
8780321c:	e007      	b.n	8780322e <strncmp+0x26>
8780321e:	f810 2f01 	ldrb.w	r2, [r0, #1]!
87803222:	f814 3b01 	ldrb.w	r3, [r4], #1
87803226:	1ad3      	subs	r3, r2, r3
87803228:	b25b      	sxtb	r3, r3
8780322a:	b92b      	cbnz	r3, 87803238 <strncmp+0x30>
8780322c:	b13a      	cbz	r2, 8780323e <strncmp+0x36>
8780322e:	42a1      	cmp	r1, r4
87803230:	d1f5      	bne.n	8780321e <strncmp+0x16>
87803232:	2000      	movs	r0, #0
87803234:	bc30      	pop	{r4, r5}
87803236:	4770      	bx	lr
87803238:	4618      	mov	r0, r3
8780323a:	bc30      	pop	{r4, r5}
8780323c:	4770      	bx	lr
8780323e:	4610      	mov	r0, r2
87803240:	bc30      	pop	{r4, r5}
87803242:	4770      	bx	lr
87803244:	4610      	mov	r0, r2
87803246:	4770      	bx	lr

87803248 <strchr>:
87803248:	7803      	ldrb	r3, [r0, #0]
8780324a:	b2c9      	uxtb	r1, r1
8780324c:	428b      	cmp	r3, r1
8780324e:	d006      	beq.n	8780325e <strchr+0x16>
87803250:	b123      	cbz	r3, 8780325c <strchr+0x14>
87803252:	f810 3f01 	ldrb.w	r3, [r0, #1]!
87803256:	428b      	cmp	r3, r1
87803258:	d1fa      	bne.n	87803250 <strchr+0x8>
8780325a:	4770      	bx	lr
8780325c:	4618      	mov	r0, r3
8780325e:	4770      	bx	lr

87803260 <strrchr>:
87803260:	7803      	ldrb	r3, [r0, #0]
87803262:	b193      	cbz	r3, 8780328a <strrchr+0x2a>
87803264:	4603      	mov	r3, r0
87803266:	f813 2f01 	ldrb.w	r2, [r3, #1]!
8780326a:	2a00      	cmp	r2, #0
8780326c:	d1fb      	bne.n	87803266 <strrchr+0x6>
8780326e:	b2c9      	uxtb	r1, r1
87803270:	2200      	movs	r2, #0
87803272:	e003      	b.n	8780327c <strrchr+0x1c>
87803274:	3b01      	subs	r3, #1
87803276:	4298      	cmp	r0, r3
87803278:	d804      	bhi.n	87803284 <strrchr+0x24>
8780327a:	781a      	ldrb	r2, [r3, #0]
8780327c:	428a      	cmp	r2, r1
8780327e:	d1f9      	bne.n	87803274 <strrchr+0x14>
87803280:	4618      	mov	r0, r3
87803282:	4770      	bx	lr
87803284:	2300      	movs	r3, #0
87803286:	4618      	mov	r0, r3
87803288:	4770      	bx	lr
8780328a:	4603      	mov	r3, r0
8780328c:	e7ef      	b.n	8780326e <strrchr+0xe>
8780328e:	bf00      	nop

87803290 <strlen>:
87803290:	7803      	ldrb	r3, [r0, #0]
87803292:	4602      	mov	r2, r0
87803294:	b12b      	cbz	r3, 878032a2 <strlen+0x12>
87803296:	f810 3f01 	ldrb.w	r3, [r0, #1]!
8780329a:	2b00      	cmp	r3, #0
8780329c:	d1fb      	bne.n	87803296 <strlen+0x6>
8780329e:	1a80      	subs	r0, r0, r2
878032a0:	4770      	bx	lr
878032a2:	4618      	mov	r0, r3
878032a4:	4770      	bx	lr
878032a6:	bf00      	nop

878032a8 <strnlen>:
878032a8:	b1d1      	cbz	r1, 878032e0 <strnlen+0x38>
878032aa:	7803      	ldrb	r3, [r0, #0]
878032ac:	b1d3      	cbz	r3, 878032e4 <strnlen+0x3c>
878032ae:	1c43      	adds	r3, r0, #1
878032b0:	4401      	add	r1, r0
878032b2:	4299      	cmp	r1, r3
878032b4:	f103 0201 	add.w	r2, r3, #1
878032b8:	d016      	beq.n	878032e8 <strnlen+0x40>
878032ba:	b410      	push	{r4}
878032bc:	781c      	ldrb	r4, [r3, #0]
878032be:	b13c      	cbz	r4, 878032d0 <strnlen+0x28>
878032c0:	4291      	cmp	r1, r2
878032c2:	4613      	mov	r3, r2
878032c4:	f102 0201 	add.w	r2, r2, #1
878032c8:	d006      	beq.n	878032d8 <strnlen+0x30>
878032ca:	781c      	ldrb	r4, [r3, #0]
878032cc:	2c00      	cmp	r4, #0
878032ce:	d1f7      	bne.n	878032c0 <strnlen+0x18>
878032d0:	1a18      	subs	r0, r3, r0
878032d2:	f85d 4b04 	ldr.w	r4, [sp], #4
878032d6:	4770      	bx	lr
878032d8:	1a08      	subs	r0, r1, r0
878032da:	f85d 4b04 	ldr.w	r4, [sp], #4
878032de:	4770      	bx	lr
878032e0:	4608      	mov	r0, r1
878032e2:	4770      	bx	lr
878032e4:	4618      	mov	r0, r3
878032e6:	4770      	bx	lr
878032e8:	1a08      	subs	r0, r1, r0
878032ea:	4770      	bx	lr

878032ec <strspn>:
878032ec:	b470      	push	{r4, r5, r6}
878032ee:	7804      	ldrb	r4, [r0, #0]
878032f0:	4625      	mov	r5, r4
878032f2:	b164      	cbz	r4, 8780330e <strspn+0x22>
878032f4:	780e      	ldrb	r6, [r1, #0]
878032f6:	2500      	movs	r5, #0
878032f8:	b14e      	cbz	r6, 8780330e <strspn+0x22>
878032fa:	42a6      	cmp	r6, r4
878032fc:	d00a      	beq.n	87803314 <strspn+0x28>
878032fe:	460a      	mov	r2, r1
87803300:	e001      	b.n	87803306 <strspn+0x1a>
87803302:	42a3      	cmp	r3, r4
87803304:	d006      	beq.n	87803314 <strspn+0x28>
87803306:	f812 3f01 	ldrb.w	r3, [r2, #1]!
8780330a:	2b00      	cmp	r3, #0
8780330c:	d1f9      	bne.n	87803302 <strspn+0x16>
8780330e:	4628      	mov	r0, r5
87803310:	bc70      	pop	{r4, r5, r6}
87803312:	4770      	bx	lr
87803314:	f810 4f01 	ldrb.w	r4, [r0, #1]!
87803318:	3501      	adds	r5, #1
8780331a:	2c00      	cmp	r4, #0
8780331c:	d1ec      	bne.n	878032f8 <strspn+0xc>
8780331e:	4628      	mov	r0, r5
87803320:	bc70      	pop	{r4, r5, r6}
87803322:	4770      	bx	lr

87803324 <strpbrk>:
87803324:	b430      	push	{r4, r5}
87803326:	7804      	ldrb	r4, [r0, #0]
87803328:	b17c      	cbz	r4, 8780334a <strpbrk+0x26>
8780332a:	780d      	ldrb	r5, [r1, #0]
8780332c:	b14d      	cbz	r5, 87803342 <strpbrk+0x1e>
8780332e:	42a5      	cmp	r5, r4
87803330:	d00c      	beq.n	8780334c <strpbrk+0x28>
87803332:	460a      	mov	r2, r1
87803334:	e001      	b.n	8780333a <strpbrk+0x16>
87803336:	42a3      	cmp	r3, r4
87803338:	d008      	beq.n	8780334c <strpbrk+0x28>
8780333a:	f812 3f01 	ldrb.w	r3, [r2, #1]!
8780333e:	2b00      	cmp	r3, #0
87803340:	d1f9      	bne.n	87803336 <strpbrk+0x12>
87803342:	f810 4f01 	ldrb.w	r4, [r0, #1]!
87803346:	2c00      	cmp	r4, #0
87803348:	d1f0      	bne.n	8780332c <strpbrk+0x8>
8780334a:	4620      	mov	r0, r4
8780334c:	bc30      	pop	{r4, r5}
8780334e:	4770      	bx	lr

87803350 <strtok>:
87803350:	f64a 0c08 	movw	ip, #43016	; 0xa808
87803354:	f2c8 7c80 	movt	ip, #34688	; 0x8780
87803358:	2800      	cmp	r0, #0
8780335a:	d03c      	beq.n	878033d6 <strtok+0x86>
8780335c:	b4f0      	push	{r4, r5, r6, r7}
8780335e:	7804      	ldrb	r4, [r0, #0]
87803360:	2c00      	cmp	r4, #0
87803362:	d03d      	beq.n	878033e0 <strtok+0x90>
87803364:	780d      	ldrb	r5, [r1, #0]
87803366:	4607      	mov	r7, r0
87803368:	2600      	movs	r6, #0
8780336a:	b14d      	cbz	r5, 87803380 <strtok+0x30>
8780336c:	42ac      	cmp	r4, r5
8780336e:	d01f      	beq.n	878033b0 <strtok+0x60>
87803370:	460a      	mov	r2, r1
87803372:	e001      	b.n	87803378 <strtok+0x28>
87803374:	42a3      	cmp	r3, r4
87803376:	d01b      	beq.n	878033b0 <strtok+0x60>
87803378:	f812 3f01 	ldrb.w	r3, [r2, #1]!
8780337c:	2b00      	cmp	r3, #0
8780337e:	d1f9      	bne.n	87803374 <strtok+0x24>
87803380:	5d84      	ldrb	r4, [r0, r6]
87803382:	4430      	add	r0, r6
87803384:	4606      	mov	r6, r0
87803386:	b35c      	cbz	r4, 878033e0 <strtok+0x90>
87803388:	b14d      	cbz	r5, 8780339e <strtok+0x4e>
8780338a:	42ac      	cmp	r4, r5
8780338c:	d01b      	beq.n	878033c6 <strtok+0x76>
8780338e:	460a      	mov	r2, r1
87803390:	e001      	b.n	87803396 <strtok+0x46>
87803392:	42a3      	cmp	r3, r4
87803394:	d017      	beq.n	878033c6 <strtok+0x76>
87803396:	f812 3f01 	ldrb.w	r3, [r2, #1]!
8780339a:	2b00      	cmp	r3, #0
8780339c:	d1f9      	bne.n	87803392 <strtok+0x42>
8780339e:	f816 4f01 	ldrb.w	r4, [r6, #1]!
878033a2:	2c00      	cmp	r4, #0
878033a4:	d1f0      	bne.n	87803388 <strtok+0x38>
878033a6:	4626      	mov	r6, r4
878033a8:	f8cc 6000 	str.w	r6, [ip]
878033ac:	bcf0      	pop	{r4, r5, r6, r7}
878033ae:	4770      	bx	lr
878033b0:	f817 4f01 	ldrb.w	r4, [r7, #1]!
878033b4:	3601      	adds	r6, #1
878033b6:	2c00      	cmp	r4, #0
878033b8:	d1d7      	bne.n	8780336a <strtok+0x1a>
878033ba:	5d84      	ldrb	r4, [r0, r6]
878033bc:	4430      	add	r0, r6
878033be:	4606      	mov	r6, r0
878033c0:	2c00      	cmp	r4, #0
878033c2:	d1e1      	bne.n	87803388 <strtok+0x38>
878033c4:	e00c      	b.n	878033e0 <strtok+0x90>
878033c6:	7833      	ldrb	r3, [r6, #0]
878033c8:	2b00      	cmp	r3, #0
878033ca:	d0ed      	beq.n	878033a8 <strtok+0x58>
878033cc:	2300      	movs	r3, #0
878033ce:	3601      	adds	r6, #1
878033d0:	f806 3c01 	strb.w	r3, [r6, #-1]
878033d4:	e7e8      	b.n	878033a8 <strtok+0x58>
878033d6:	f8dc 0000 	ldr.w	r0, [ip]
878033da:	2800      	cmp	r0, #0
878033dc:	d1be      	bne.n	8780335c <strtok+0xc>
878033de:	4770      	bx	lr
878033e0:	2000      	movs	r0, #0
878033e2:	f8cc 0000 	str.w	r0, [ip]
878033e6:	e7e1      	b.n	878033ac <strtok+0x5c>

878033e8 <strsep>:
878033e8:	b4f0      	push	{r4, r5, r6, r7}
878033ea:	4607      	mov	r7, r0
878033ec:	6800      	ldr	r0, [r0, #0]
878033ee:	b198      	cbz	r0, 87803418 <strsep+0x30>
878033f0:	7804      	ldrb	r4, [r0, #0]
878033f2:	b184      	cbz	r4, 87803416 <strsep+0x2e>
878033f4:	780e      	ldrb	r6, [r1, #0]
878033f6:	4605      	mov	r5, r0
878033f8:	b14e      	cbz	r6, 8780340e <strsep+0x26>
878033fa:	42a6      	cmp	r6, r4
878033fc:	d00e      	beq.n	8780341c <strsep+0x34>
878033fe:	460a      	mov	r2, r1
87803400:	e001      	b.n	87803406 <strsep+0x1e>
87803402:	42a3      	cmp	r3, r4
87803404:	d00a      	beq.n	8780341c <strsep+0x34>
87803406:	f812 3f01 	ldrb.w	r3, [r2, #1]!
8780340a:	2b00      	cmp	r3, #0
8780340c:	d1f9      	bne.n	87803402 <strsep+0x1a>
8780340e:	f815 4f01 	ldrb.w	r4, [r5, #1]!
87803412:	2c00      	cmp	r4, #0
87803414:	d1f0      	bne.n	878033f8 <strsep+0x10>
87803416:	603c      	str	r4, [r7, #0]
87803418:	bcf0      	pop	{r4, r5, r6, r7}
8780341a:	4770      	bx	lr
8780341c:	2300      	movs	r3, #0
8780341e:	1c6c      	adds	r4, r5, #1
87803420:	702b      	strb	r3, [r5, #0]
87803422:	e7f8      	b.n	87803416 <strsep+0x2e>

87803424 <memset>:
87803424:	b132      	cbz	r2, 87803434 <memset+0x10>
87803426:	b2c9      	uxtb	r1, r1
87803428:	4402      	add	r2, r0
8780342a:	4603      	mov	r3, r0
8780342c:	f803 1b01 	strb.w	r1, [r3], #1
87803430:	4293      	cmp	r3, r2
87803432:	d1fb      	bne.n	8780342c <memset+0x8>
87803434:	4770      	bx	lr
87803436:	bf00      	nop

87803438 <bcopy>:
87803438:	b13a      	cbz	r2, 8780344a <bcopy+0x12>
8780343a:	3901      	subs	r1, #1
8780343c:	4402      	add	r2, r0
8780343e:	f810 3b01 	ldrb.w	r3, [r0], #1
87803442:	4290      	cmp	r0, r2
87803444:	f801 3f01 	strb.w	r3, [r1, #1]!
87803448:	d1f9      	bne.n	8780343e <bcopy+0x6>
8780344a:	4770      	bx	lr

8780344c <memcpy>:
8780344c:	b15a      	cbz	r2, 87803466 <memcpy+0x1a>
8780344e:	440a      	add	r2, r1
87803450:	1e43      	subs	r3, r0, #1
87803452:	b410      	push	{r4}
87803454:	f811 4b01 	ldrb.w	r4, [r1], #1
87803458:	4291      	cmp	r1, r2
8780345a:	f803 4f01 	strb.w	r4, [r3, #1]!
8780345e:	d1f9      	bne.n	87803454 <memcpy+0x8>
87803460:	f85d 4b04 	ldr.w	r4, [sp], #4
87803464:	4770      	bx	lr
87803466:	4770      	bx	lr

87803468 <memmove>:
87803468:	4288      	cmp	r0, r1
8780346a:	b410      	push	{r4}
8780346c:	d80b      	bhi.n	87803486 <memmove+0x1e>
8780346e:	b13a      	cbz	r2, 87803480 <memmove+0x18>
87803470:	440a      	add	r2, r1
87803472:	1e43      	subs	r3, r0, #1
87803474:	f811 4b01 	ldrb.w	r4, [r1], #1
87803478:	428a      	cmp	r2, r1
8780347a:	f803 4f01 	strb.w	r4, [r3, #1]!
8780347e:	d1f9      	bne.n	87803474 <memmove+0xc>
87803480:	f85d 4b04 	ldr.w	r4, [sp], #4
87803484:	4770      	bx	lr
87803486:	1884      	adds	r4, r0, r2
87803488:	188b      	adds	r3, r1, r2
8780348a:	2a00      	cmp	r2, #0
8780348c:	d0f8      	beq.n	87803480 <memmove+0x18>
8780348e:	4622      	mov	r2, r4
87803490:	f813 4d01 	ldrb.w	r4, [r3, #-1]!
87803494:	4299      	cmp	r1, r3
87803496:	f802 4d01 	strb.w	r4, [r2, #-1]!
8780349a:	d1f9      	bne.n	87803490 <memmove+0x28>
8780349c:	f85d 4b04 	ldr.w	r4, [sp], #4
878034a0:	4770      	bx	lr
878034a2:	bf00      	nop

878034a4 <memcmp>:
878034a4:	b1aa      	cbz	r2, 878034d2 <memcmp+0x2e>
878034a6:	b430      	push	{r4, r5}
878034a8:	4604      	mov	r4, r0
878034aa:	780b      	ldrb	r3, [r1, #0]
878034ac:	7800      	ldrb	r0, [r0, #0]
878034ae:	1ac0      	subs	r0, r0, r3
878034b0:	d10a      	bne.n	878034c8 <memcmp+0x24>
878034b2:	3a01      	subs	r2, #1
878034b4:	188d      	adds	r5, r1, r2
878034b6:	e005      	b.n	878034c4 <memcmp+0x20>
878034b8:	f814 3f01 	ldrb.w	r3, [r4, #1]!
878034bc:	f811 2f01 	ldrb.w	r2, [r1, #1]!
878034c0:	1a9b      	subs	r3, r3, r2
878034c2:	d103      	bne.n	878034cc <memcmp+0x28>
878034c4:	42a9      	cmp	r1, r5
878034c6:	d1f7      	bne.n	878034b8 <memcmp+0x14>
878034c8:	bc30      	pop	{r4, r5}
878034ca:	4770      	bx	lr
878034cc:	4618      	mov	r0, r3
878034ce:	bc30      	pop	{r4, r5}
878034d0:	4770      	bx	lr
878034d2:	4610      	mov	r0, r2
878034d4:	4770      	bx	lr
878034d6:	bf00      	nop

878034d8 <memscan>:
878034d8:	b1c2      	cbz	r2, 8780350c <memscan+0x34>
878034da:	7803      	ldrb	r3, [r0, #0]
878034dc:	4299      	cmp	r1, r3
878034de:	d015      	beq.n	8780350c <memscan+0x34>
878034e0:	1c43      	adds	r3, r0, #1
878034e2:	4402      	add	r2, r0
878034e4:	4293      	cmp	r3, r2
878034e6:	4618      	mov	r0, r3
878034e8:	f103 0301 	add.w	r3, r3, #1
878034ec:	d00f      	beq.n	8780350e <memscan+0x36>
878034ee:	b410      	push	{r4}
878034f0:	7804      	ldrb	r4, [r0, #0]
878034f2:	428c      	cmp	r4, r1
878034f4:	d007      	beq.n	87803506 <memscan+0x2e>
878034f6:	4293      	cmp	r3, r2
878034f8:	4618      	mov	r0, r3
878034fa:	f103 0301 	add.w	r3, r3, #1
878034fe:	d002      	beq.n	87803506 <memscan+0x2e>
87803500:	7804      	ldrb	r4, [r0, #0]
87803502:	428c      	cmp	r4, r1
87803504:	d1f7      	bne.n	878034f6 <memscan+0x1e>
87803506:	f85d 4b04 	ldr.w	r4, [sp], #4
8780350a:	4770      	bx	lr
8780350c:	4770      	bx	lr
8780350e:	4770      	bx	lr

87803510 <strstr>:
87803510:	e92d 43f0 	stmdb	sp!, {r4, r5, r6, r7, r8, r9, lr}
87803514:	f891 8000 	ldrb.w	r8, [r1]
87803518:	f1b8 0f00 	cmp.w	r8, #0
8780351c:	d027      	beq.n	8780356e <strstr+0x5e>
8780351e:	460b      	mov	r3, r1
87803520:	f813 2f01 	ldrb.w	r2, [r3, #1]!
87803524:	2a00      	cmp	r2, #0
87803526:	d1fb      	bne.n	87803520 <strstr+0x10>
87803528:	ebb3 0e01 	subs.w	lr, r3, r1
8780352c:	d01f      	beq.n	8780356e <strstr+0x5e>
8780352e:	7802      	ldrb	r2, [r0, #0]
87803530:	4694      	mov	ip, r2
87803532:	b132      	cbz	r2, 87803542 <strstr+0x32>
87803534:	4684      	mov	ip, r0
87803536:	f81c 3f01 	ldrb.w	r3, [ip, #1]!
8780353a:	2b00      	cmp	r3, #0
8780353c:	d1fb      	bne.n	87803536 <strstr+0x26>
8780353e:	ebac 0c00 	sub.w	ip, ip, r0
87803542:	45e6      	cmp	lr, ip
87803544:	dc1a      	bgt.n	8780357c <strstr+0x6c>
87803546:	4607      	mov	r7, r0
87803548:	f10e 39ff 	add.w	r9, lr, #4294967295	; 0xffffffff
8780354c:	f10c 3cff 	add.w	ip, ip, #4294967295	; 0xffffffff
87803550:	4638      	mov	r0, r7
87803552:	460d      	mov	r5, r1
87803554:	eb09 0607 	add.w	r6, r9, r7
87803558:	463b      	mov	r3, r7
8780355a:	4644      	mov	r4, r8
8780355c:	e003      	b.n	87803566 <strstr+0x56>
8780355e:	f813 2f01 	ldrb.w	r2, [r3, #1]!
87803562:	f815 4f01 	ldrb.w	r4, [r5, #1]!
87803566:	42a2      	cmp	r2, r4
87803568:	d103      	bne.n	87803572 <strstr+0x62>
8780356a:	429e      	cmp	r6, r3
8780356c:	d1f7      	bne.n	8780355e <strstr+0x4e>
8780356e:	e8bd 83f0 	ldmia.w	sp!, {r4, r5, r6, r7, r8, r9, pc}
87803572:	45f4      	cmp	ip, lr
87803574:	db02      	blt.n	8780357c <strstr+0x6c>
87803576:	f817 2f01 	ldrb.w	r2, [r7, #1]!
8780357a:	e7e7      	b.n	8780354c <strstr+0x3c>
8780357c:	2000      	movs	r0, #0
8780357e:	e8bd 83f0 	ldmia.w	sp!, {r4, r5, r6, r7, r8, r9, pc}
87803582:	bf00      	nop

87803584 <memchr>:
87803584:	4402      	add	r2, r0
87803586:	b2c9      	uxtb	r1, r1
87803588:	4290      	cmp	r0, r2
8780358a:	4603      	mov	r3, r0
8780358c:	d012      	beq.n	878035b4 <memchr+0x30>
8780358e:	b410      	push	{r4}
87803590:	f813 4b01 	ldrb.w	r4, [r3], #1
87803594:	428c      	cmp	r4, r1
87803596:	d006      	beq.n	878035a6 <memchr+0x22>
87803598:	4293      	cmp	r3, r2
8780359a:	4618      	mov	r0, r3
8780359c:	d006      	beq.n	878035ac <memchr+0x28>
8780359e:	f813 4b01 	ldrb.w	r4, [r3], #1
878035a2:	428c      	cmp	r4, r1
878035a4:	d1f8      	bne.n	87803598 <memchr+0x14>
878035a6:	f85d 4b04 	ldr.w	r4, [sp], #4
878035aa:	4770      	bx	lr
878035ac:	2000      	movs	r0, #0
878035ae:	f85d 4b04 	ldr.w	r4, [sp], #4
878035b2:	4770      	bx	lr
878035b4:	2000      	movs	r0, #0
878035b6:	4770      	bx	lr

878035b8 <number>:
878035b8:	e92d 4ff0 	stmdb	sp!, {r4, r5, r6, r7, r8, r9, sl, fp, lr}
878035bc:	b0a7      	sub	sp, #156	; 0x9c
878035be:	460d      	mov	r5, r1
878035c0:	9930      	ldr	r1, [sp, #192]	; 0xc0
878035c2:	4604      	mov	r4, r0
878035c4:	9e33      	ldr	r6, [sp, #204]	; 0xcc
878035c6:	f1b1 070a 	subs.w	r7, r1, #10
878035ca:	bf18      	it	ne
878035cc:	2701      	movne	r7, #1
878035ce:	f016 0110 	ands.w	r1, r6, #16
878035d2:	f006 0820 	and.w	r8, r6, #32
878035d6:	ea07 1756 	and.w	r7, r7, r6, lsr #5
878035da:	bf18      	it	ne
878035dc:	f026 0601 	bicne.w	r6, r6, #1
878035e0:	9100      	str	r1, [sp, #0]
878035e2:	f016 0102 	ands.w	r1, r6, #2
878035e6:	d051      	beq.n	8780368c <number+0xd4>
878035e8:	2a00      	cmp	r2, #0
878035ea:	f173 0100 	sbcs.w	r1, r3, #0
878035ee:	f2c0 8169 	blt.w	878038c4 <number+0x30c>
878035f2:	0771      	lsls	r1, r6, #29
878035f4:	f100 8184 	bmi.w	87803900 <number+0x348>
878035f8:	f016 0108 	ands.w	r1, r6, #8
878035fc:	d046      	beq.n	8780368c <number+0xd4>
878035fe:	9931      	ldr	r1, [sp, #196]	; 0xc4
87803600:	3901      	subs	r1, #1
87803602:	9131      	str	r1, [sp, #196]	; 0xc4
87803604:	2120      	movs	r1, #32
87803606:	9101      	str	r1, [sp, #4]
87803608:	2f00      	cmp	r7, #0
8780360a:	d042      	beq.n	87803692 <number+0xda>
8780360c:	9930      	ldr	r1, [sp, #192]	; 0xc0
8780360e:	2910      	cmp	r1, #16
87803610:	9931      	ldr	r1, [sp, #196]	; 0xc4
87803612:	f000 8160 	beq.w	878038d6 <number+0x31e>
87803616:	3901      	subs	r1, #1
87803618:	9131      	str	r1, [sp, #196]	; 0xc4
8780361a:	ea52 0103 	orrs.w	r1, r2, r3
8780361e:	d03c      	beq.n	8780369a <number+0xe2>
87803620:	9930      	ldr	r1, [sp, #192]	; 0xc0
87803622:	2910      	cmp	r1, #16
87803624:	f101 3aff 	add.w	sl, r1, #4294967295	; 0xffffffff
87803628:	bf0a      	itet	eq
8780362a:	f04f 0b04 	moveq.w	fp, #4
8780362e:	f04f 0b03 	movne.w	fp, #3
87803632:	f04f 0a0f 	moveq.w	sl, #15
87803636:	f649 0994 	movw	r9, #39060	; 0x9894
8780363a:	f10d 0e34 	add.w	lr, sp, #52	; 0x34
8780363e:	f2c8 7980 	movt	r9, #34688	; 0x8780
87803642:	2000      	movs	r0, #0
87803644:	9402      	str	r4, [sp, #8]
87803646:	e000      	b.n	8780364a <number+0x92>
87803648:	4660      	mov	r0, ip
8780364a:	b2d1      	uxtb	r1, r2
8780364c:	f1cb 0c20 	rsb	ip, fp, #32
87803650:	f1bb 0420 	subs.w	r4, fp, #32
87803654:	fa03 fc0c 	lsl.w	ip, r3, ip
87803658:	ea01 010a 	and.w	r1, r1, sl
8780365c:	fa22 f20b 	lsr.w	r2, r2, fp
87803660:	f819 1001 	ldrb.w	r1, [r9, r1]
87803664:	bf58      	it	pl
87803666:	fa43 f404 	asrpl.w	r4, r3, r4
8780366a:	ea42 020c 	orr.w	r2, r2, ip
8780366e:	fa43 f30b 	asr.w	r3, r3, fp
87803672:	bf58      	it	pl
87803674:	4322      	orrpl	r2, r4
87803676:	ea48 0101 	orr.w	r1, r8, r1
8780367a:	f100 0c01 	add.w	ip, r0, #1
8780367e:	f80e 1b01 	strb.w	r1, [lr], #1
87803682:	ea52 0103 	orrs.w	r1, r2, r3
87803686:	d1df      	bne.n	87803648 <number+0x90>
87803688:	9c02      	ldr	r4, [sp, #8]
8780368a:	e00c      	b.n	878036a6 <number+0xee>
8780368c:	9101      	str	r1, [sp, #4]
8780368e:	2f00      	cmp	r7, #0
87803690:	d1bc      	bne.n	8780360c <number+0x54>
87803692:	ea52 0103 	orrs.w	r1, r2, r3
87803696:	f040 8082 	bne.w	8780379e <number+0x1e6>
8780369a:	2000      	movs	r0, #0
8780369c:	f04f 0c01 	mov.w	ip, #1
878036a0:	2330      	movs	r3, #48	; 0x30
878036a2:	f88d 3034 	strb.w	r3, [sp, #52]	; 0x34
878036a6:	9b32      	ldr	r3, [sp, #200]	; 0xc8
878036a8:	4563      	cmp	r3, ip
878036aa:	bfb8      	it	lt
878036ac:	4663      	movlt	r3, ip
878036ae:	f016 0f11 	tst.w	r6, #17
878036b2:	461a      	mov	r2, r3
878036b4:	9b31      	ldr	r3, [sp, #196]	; 0xc4
878036b6:	eba3 0302 	sub.w	r3, r3, r2
878036ba:	f103 31ff 	add.w	r1, r3, #4294967295	; 0xffffffff
878036be:	d10f      	bne.n	878036e0 <number+0x128>
878036c0:	2900      	cmp	r1, #0
878036c2:	bfb8      	it	lt
878036c4:	1e99      	sublt	r1, r3, #2
878036c6:	db0b      	blt.n	878036e0 <number+0x128>
878036c8:	4423      	add	r3, r4
878036ca:	2120      	movs	r1, #32
878036cc:	42a5      	cmp	r5, r4
878036ce:	f104 0401 	add.w	r4, r4, #1
878036d2:	bf88      	it	hi
878036d4:	f804 1c01 	strbhi.w	r1, [r4, #-1]
878036d8:	429c      	cmp	r4, r3
878036da:	d1f7      	bne.n	878036cc <number+0x114>
878036dc:	f06f 0101 	mvn.w	r1, #1
878036e0:	9b01      	ldr	r3, [sp, #4]
878036e2:	b12b      	cbz	r3, 878036f0 <number+0x138>
878036e4:	42ac      	cmp	r4, r5
878036e6:	f104 0401 	add.w	r4, r4, #1
878036ea:	bf38      	it	cc
878036ec:	f804 3c01 	strbcc.w	r3, [r4, #-1]
878036f0:	b157      	cbz	r7, 87803708 <number+0x150>
878036f2:	9f30      	ldr	r7, [sp, #192]	; 0xc0
878036f4:	42ac      	cmp	r4, r5
878036f6:	bf3c      	itt	cc
878036f8:	2330      	movcc	r3, #48	; 0x30
878036fa:	7023      	strbcc	r3, [r4, #0]
878036fc:	1c63      	adds	r3, r4, #1
878036fe:	2f10      	cmp	r7, #16
87803700:	bf18      	it	ne
87803702:	461c      	movne	r4, r3
87803704:	f000 80f3 	beq.w	878038ee <number+0x336>
87803708:	9b00      	ldr	r3, [sp, #0]
8780370a:	b9ab      	cbnz	r3, 87803738 <number+0x180>
8780370c:	f016 0f01 	tst.w	r6, #1
87803710:	bf0c      	ite	eq
87803712:	2320      	moveq	r3, #32
87803714:	2330      	movne	r3, #48	; 0x30
87803716:	2900      	cmp	r1, #0
87803718:	bfb8      	it	lt
8780371a:	f101 31ff 	addlt.w	r1, r1, #4294967295	; 0xffffffff
8780371e:	db0b      	blt.n	87803738 <number+0x180>
87803720:	3101      	adds	r1, #1
87803722:	4421      	add	r1, r4
87803724:	42a5      	cmp	r5, r4
87803726:	f104 0401 	add.w	r4, r4, #1
8780372a:	bf88      	it	hi
8780372c:	f804 3c01 	strbhi.w	r3, [r4, #-1]
87803730:	428c      	cmp	r4, r1
87803732:	d1f7      	bne.n	87803724 <number+0x16c>
87803734:	f06f 0101 	mvn.w	r1, #1
87803738:	4594      	cmp	ip, r2
8780373a:	bfbe      	ittt	lt
8780373c:	eba2 0c0c 	sublt.w	ip, r2, ip
87803740:	2330      	movlt	r3, #48	; 0x30
87803742:	44a4      	addlt	ip, r4
87803744:	da07      	bge.n	87803756 <number+0x19e>
87803746:	42a5      	cmp	r5, r4
87803748:	f104 0401 	add.w	r4, r4, #1
8780374c:	bf88      	it	hi
8780374e:	f804 3c01 	strbhi.w	r3, [r4, #-1]
87803752:	4564      	cmp	r4, ip
87803754:	d1f7      	bne.n	87803746 <number+0x18e>
87803756:	2800      	cmp	r0, #0
87803758:	f2c0 80d8 	blt.w	8780390c <number+0x354>
8780375c:	4602      	mov	r2, r0
8780375e:	4623      	mov	r3, r4
87803760:	af0d      	add	r7, sp, #52	; 0x34
87803762:	429d      	cmp	r5, r3
87803764:	f103 0301 	add.w	r3, r3, #1
87803768:	bf88      	it	hi
8780376a:	5dd6      	ldrbhi	r6, [r2, r7]
8780376c:	f102 32ff 	add.w	r2, r2, #4294967295	; 0xffffffff
87803770:	bf88      	it	hi
87803772:	f803 6c01 	strbhi.w	r6, [r3, #-1]
87803776:	1c56      	adds	r6, r2, #1
87803778:	d1f3      	bne.n	87803762 <number+0x1aa>
8780377a:	3001      	adds	r0, #1
8780377c:	4420      	add	r0, r4
8780377e:	2900      	cmp	r1, #0
87803780:	db0a      	blt.n	87803798 <number+0x1e0>
87803782:	1c4b      	adds	r3, r1, #1
87803784:	2220      	movs	r2, #32
87803786:	4403      	add	r3, r0
87803788:	4285      	cmp	r5, r0
8780378a:	f100 0001 	add.w	r0, r0, #1
8780378e:	bf88      	it	hi
87803790:	f800 2c01 	strbhi.w	r2, [r0, #-1]
87803794:	4298      	cmp	r0, r3
87803796:	d1f7      	bne.n	87803788 <number+0x1d0>
87803798:	b027      	add	sp, #156	; 0x9c
8780379a:	e8bd 8ff0 	ldmia.w	sp!, {r4, r5, r6, r7, r8, r9, sl, fp, pc}
8780379e:	9930      	ldr	r1, [sp, #192]	; 0xc0
878037a0:	290a      	cmp	r1, #10
878037a2:	f47f af3d 	bne.w	87803620 <number+0x68>
878037a6:	4610      	mov	r0, r2
878037a8:	4619      	mov	r1, r3
878037aa:	f248 629f 	movw	r2, #34463	; 0x869f
878037ae:	2300      	movs	r3, #0
878037b0:	f2c0 0201 	movt	r2, #1
878037b4:	428b      	cmp	r3, r1
878037b6:	bf08      	it	eq
878037b8:	4282      	cmpeq	r2, r0
878037ba:	e9cd 0104 	strd	r0, r1, [sp, #16]
878037be:	e9cd 010a 	strd	r0, r1, [sp, #40]	; 0x28
878037c2:	f080 8115 	bcs.w	878039f0 <number+0x438>
878037c6:	f248 61a0 	movw	r1, #34464	; 0x86a0
878037ca:	f645 20c5 	movw	r0, #23237	; 0x5ac5
878037ce:	f2c0 0101 	movt	r1, #1
878037d2:	f6c0 207c 	movt	r0, #2684	; 0xa7c
878037d6:	e9cd 8706 	strd	r8, r7, [sp, #24]
878037da:	f10d 0939 	add.w	r9, sp, #57	; 0x39
878037de:	e9cd 4508 	strd	r4, r5, [sp, #32]
878037e2:	4688      	mov	r8, r1
878037e4:	e9cd 2302 	strd	r2, r3, [sp, #8]
878037e8:	4607      	mov	r7, r0
878037ea:	e9dd 4504 	ldrd	r4, r5, [sp, #16]
878037ee:	e05a      	b.n	878038a6 <number+0x2ee>
878037f0:	09d8      	lsrs	r0, r3, #7
878037f2:	2500      	movs	r5, #0
878037f4:	4603      	mov	r3, r0
878037f6:	fb08 4010 	mls	r0, r8, r0, r4
878037fa:	461c      	mov	r4, r3
878037fc:	e9cd 450a 	strd	r4, r5, [sp, #40]	; 0x28
87803800:	f3c0 2303 	ubfx	r3, r0, #8, #4
87803804:	0b02      	lsrs	r2, r0, #12
87803806:	f3c0 1e03 	ubfx	lr, r0, #4, #4
8780380a:	eb03 0c83 	add.w	ip, r3, r3, lsl #2
8780380e:	eb0e 0103 	add.w	r1, lr, r3
87803812:	eb02 0ac2 	add.w	sl, r2, r2, lsl #3
87803816:	4411      	add	r1, r2
87803818:	eb01 0141 	add.w	r1, r1, r1, lsl #1
8780381c:	f000 000f 	and.w	r0, r0, #15
87803820:	44d6      	add	lr, sl
87803822:	eb00 0041 	add.w	r0, r0, r1, lsl #1
87803826:	21cd      	movs	r1, #205	; 0xcd
87803828:	44e6      	add	lr, ip
8780382a:	fb01 fa00 	mul.w	sl, r1, r0
8780382e:	46cb      	mov	fp, r9
87803830:	f109 0905 	add.w	r9, r9, #5
87803834:	ea4f 2ada 	mov.w	sl, sl, lsr #11
87803838:	44d6      	add	lr, sl
8780383a:	eb0a 0a8a 	add.w	sl, sl, sl, lsl #2
8780383e:	fb01 fc0e 	mul.w	ip, r1, lr
87803842:	eba0 004a 	sub.w	r0, r0, sl, lsl #1
87803846:	3030      	adds	r0, #48	; 0x30
87803848:	ea4f 2cdc 	mov.w	ip, ip, lsr #11
8780384c:	f809 0c0a 	strb.w	r0, [r9, #-10]
87803850:	eb0c 0343 	add.w	r3, ip, r3, lsl #1
87803854:	eb0c 0c8c 	add.w	ip, ip, ip, lsl #2
87803858:	eb03 0043 	add.w	r0, r3, r3, lsl #1
8780385c:	ebae 0c4c 	sub.w	ip, lr, ip, lsl #1
87803860:	eb03 0080 	add.w	r0, r3, r0, lsl #2
87803864:	f10c 0c30 	add.w	ip, ip, #48	; 0x30
87803868:	f809 cc09 	strb.w	ip, [r9, #-9]
8780386c:	09c0      	lsrs	r0, r0, #7
8780386e:	eb00 0282 	add.w	r2, r0, r2, lsl #2
87803872:	eb00 0080 	add.w	r0, r0, r0, lsl #2
87803876:	fb01 f102 	mul.w	r1, r1, r2
8780387a:	eba3 0040 	sub.w	r0, r3, r0, lsl #1
8780387e:	3030      	adds	r0, #48	; 0x30
87803880:	f809 0c08 	strb.w	r0, [r9, #-8]
87803884:	0ac9      	lsrs	r1, r1, #11
87803886:	eb01 0381 	add.w	r3, r1, r1, lsl #2
8780388a:	3130      	adds	r1, #48	; 0x30
8780388c:	f809 1c06 	strb.w	r1, [r9, #-6]
87803890:	eba2 0243 	sub.w	r2, r2, r3, lsl #1
87803894:	3230      	adds	r2, #48	; 0x30
87803896:	f809 2c07 	strb.w	r2, [r9, #-7]
8780389a:	e9dd 2302 	ldrd	r2, r3, [sp, #8]
8780389e:	42ab      	cmp	r3, r5
878038a0:	bf08      	it	eq
878038a2:	42a2      	cmpeq	r2, r4
878038a4:	d234      	bcs.n	87803910 <number+0x358>
878038a6:	0028      	movs	r0, r5
878038a8:	2100      	movs	r1, #0
878038aa:	0962      	lsrs	r2, r4, #5
878038ac:	ea50 0301 	orrs.w	r3, r0, r1
878038b0:	fba2 2307 	umull	r2, r3, r2, r7
878038b4:	d09c      	beq.n	878037f0 <number+0x238>
878038b6:	4641      	mov	r1, r8
878038b8:	a80a      	add	r0, sp, #40	; 0x28
878038ba:	f7ff fbcd 	bl	87803058 <__div64_32>
878038be:	e9dd 450a 	ldrd	r4, r5, [sp, #40]	; 0x28
878038c2:	e79d      	b.n	87803800 <number+0x248>
878038c4:	9931      	ldr	r1, [sp, #196]	; 0xc4
878038c6:	4252      	negs	r2, r2
878038c8:	eb63 0343 	sbc.w	r3, r3, r3, lsl #1
878038cc:	3901      	subs	r1, #1
878038ce:	9131      	str	r1, [sp, #196]	; 0xc4
878038d0:	212d      	movs	r1, #45	; 0x2d
878038d2:	9101      	str	r1, [sp, #4]
878038d4:	e698      	b.n	87803608 <number+0x50>
878038d6:	3902      	subs	r1, #2
878038d8:	9131      	str	r1, [sp, #196]	; 0xc4
878038da:	ea52 0103 	orrs.w	r1, r2, r3
878038de:	bf1c      	itt	ne
878038e0:	f04f 0a0f 	movne.w	sl, #15
878038e4:	f04f 0b04 	movne.w	fp, #4
878038e8:	f47f aea5 	bne.w	87803636 <number+0x7e>
878038ec:	e6d5      	b.n	8780369a <number+0xe2>
878038ee:	429d      	cmp	r5, r3
878038f0:	f104 0402 	add.w	r4, r4, #2
878038f4:	bf84      	itt	hi
878038f6:	f048 0858 	orrhi.w	r8, r8, #88	; 0x58
878038fa:	f804 8c01 	strbhi.w	r8, [r4, #-1]
878038fe:	e703      	b.n	87803708 <number+0x150>
87803900:	9931      	ldr	r1, [sp, #196]	; 0xc4
87803902:	3901      	subs	r1, #1
87803904:	9131      	str	r1, [sp, #196]	; 0xc4
87803906:	212b      	movs	r1, #43	; 0x2b
87803908:	9101      	str	r1, [sp, #4]
8780390a:	e67d      	b.n	87803608 <number+0x50>
8780390c:	4620      	mov	r0, r4
8780390e:	e736      	b.n	8780377e <number+0x1c6>
87803910:	e9cd 4504 	strd	r4, r5, [sp, #16]
87803914:	f10d 0e34 	add.w	lr, sp, #52	; 0x34
87803918:	e9dd 8706 	ldrd	r8, r7, [sp, #24]
8780391c:	e9dd 4508 	ldrd	r4, r5, [sp, #32]
87803920:	e9dd 9a04 	ldrd	r9, sl, [sp, #16]
87803924:	f04f 0acd 	mov.w	sl, #205	; 0xcd
87803928:	9a04      	ldr	r2, [sp, #16]
8780392a:	f3c9 1003 	ubfx	r0, r9, #4, #4
8780392e:	f3c9 2103 	ubfx	r1, r9, #8, #4
87803932:	ea4f 3919 	mov.w	r9, r9, lsr #12
87803936:	f002 020f 	and.w	r2, r2, #15
8780393a:	9202      	str	r2, [sp, #8]
8780393c:	1843      	adds	r3, r0, r1
8780393e:	eb09 02c9 	add.w	r2, r9, r9, lsl #3
87803942:	444b      	add	r3, r9
87803944:	eb03 0343 	add.w	r3, r3, r3, lsl #1
87803948:	eb01 0c81 	add.w	ip, r1, r1, lsl #2
8780394c:	4402      	add	r2, r0
8780394e:	9802      	ldr	r0, [sp, #8]
87803950:	eb00 0343 	add.w	r3, r0, r3, lsl #1
87803954:	eb02 000c 	add.w	r0, r2, ip
87803958:	fb0a f203 	mul.w	r2, sl, r3
8780395c:	0ad2      	lsrs	r2, r2, #11
8780395e:	eb02 0c82 	add.w	ip, r2, r2, lsl #2
87803962:	1812      	adds	r2, r2, r0
87803964:	eba3 034c 	sub.w	r3, r3, ip, lsl #1
87803968:	bf08      	it	eq
8780396a:	f10b 0c01 	addeq.w	ip, fp, #1
8780396e:	f103 0330 	add.w	r3, r3, #48	; 0x30
87803972:	f88b 3000 	strb.w	r3, [fp]
87803976:	d036      	beq.n	878039e6 <number+0x42e>
87803978:	fb0a f302 	mul.w	r3, sl, r2
8780397c:	0adb      	lsrs	r3, r3, #11
8780397e:	eb03 0083 	add.w	r0, r3, r3, lsl #2
87803982:	eb03 0341 	add.w	r3, r3, r1, lsl #1
87803986:	eba2 0240 	sub.w	r2, r2, r0, lsl #1
8780398a:	3230      	adds	r2, #48	; 0x30
8780398c:	f88b 2001 	strb.w	r2, [fp, #1]
87803990:	ea59 0203 	orrs.w	r2, r9, r3
87803994:	bf08      	it	eq
87803996:	f10b 0c02 	addeq.w	ip, fp, #2
8780399a:	d024      	beq.n	878039e6 <number+0x42e>
8780399c:	eb03 0243 	add.w	r2, r3, r3, lsl #1
878039a0:	eb03 0282 	add.w	r2, r3, r2, lsl #2
878039a4:	09d2      	lsrs	r2, r2, #7
878039a6:	eb02 0182 	add.w	r1, r2, r2, lsl #2
878039aa:	eb12 0289 	adds.w	r2, r2, r9, lsl #2
878039ae:	eba3 0341 	sub.w	r3, r3, r1, lsl #1
878039b2:	bf08      	it	eq
878039b4:	f10b 0c03 	addeq.w	ip, fp, #3
878039b8:	f103 0330 	add.w	r3, r3, #48	; 0x30
878039bc:	f88b 3002 	strb.w	r3, [fp, #2]
878039c0:	d011      	beq.n	878039e6 <number+0x42e>
878039c2:	fb0a f302 	mul.w	r3, sl, r2
878039c6:	f10b 0c04 	add.w	ip, fp, #4
878039ca:	0adb      	lsrs	r3, r3, #11
878039cc:	eb03 0183 	add.w	r1, r3, r3, lsl #2
878039d0:	eba2 0241 	sub.w	r2, r2, r1, lsl #1
878039d4:	3230      	adds	r2, #48	; 0x30
878039d6:	f88b 2003 	strb.w	r2, [fp, #3]
878039da:	b123      	cbz	r3, 878039e6 <number+0x42e>
878039dc:	f10b 0c05 	add.w	ip, fp, #5
878039e0:	3330      	adds	r3, #48	; 0x30
878039e2:	f88b 3004 	strb.w	r3, [fp, #4]
878039e6:	ebac 0c0e 	sub.w	ip, ip, lr
878039ea:	f10c 30ff 	add.w	r0, ip, #4294967295	; 0xffffffff
878039ee:	e65a      	b.n	878036a6 <number+0xee>
878039f0:	f10d 0e34 	add.w	lr, sp, #52	; 0x34
878039f4:	46f3      	mov	fp, lr
878039f6:	e793      	b.n	87803920 <number+0x368>

878039f8 <simple_strtoul>:
878039f8:	b4f0      	push	{r4, r5, r6, r7}
878039fa:	4607      	mov	r7, r0
878039fc:	7804      	ldrb	r4, [r0, #0]
878039fe:	bb52      	cbnz	r2, 87803a56 <simple_strtoul+0x5e>
87803a00:	2c30      	cmp	r4, #48	; 0x30
87803a02:	d04f      	beq.n	87803aa4 <simple_strtoul+0xac>
87803a04:	f649 1c70 	movw	ip, #39280	; 0x9970
87803a08:	4623      	mov	r3, r4
87803a0a:	f2c8 7c80 	movt	ip, #34688	; 0x8780
87803a0e:	220a      	movs	r2, #10
87803a10:	f81c 5004 	ldrb.w	r5, [ip, r4]
87803a14:	f005 0044 	and.w	r0, r5, #68	; 0x44
87803a18:	b1c8      	cbz	r0, 87803a4e <simple_strtoul+0x56>
87803a1a:	2000      	movs	r0, #0
87803a1c:	e009      	b.n	87803a32 <simple_strtoul+0x3a>
87803a1e:	f817 4f01 	ldrb.w	r4, [r7, #1]!
87803a22:	fb02 3000 	mla	r0, r2, r0, r3
87803a26:	f81c 5004 	ldrb.w	r5, [ip, r4]
87803a2a:	4623      	mov	r3, r4
87803a2c:	f015 0f44 	tst.w	r5, #68	; 0x44
87803a30:	d00d      	beq.n	87803a4e <simple_strtoul+0x56>
87803a32:	f015 0f04 	tst.w	r5, #4
87803a36:	f1a3 0330 	sub.w	r3, r3, #48	; 0x30
87803a3a:	d106      	bne.n	87803a4a <simple_strtoul+0x52>
87803a3c:	f1a4 0320 	sub.w	r3, r4, #32
87803a40:	07ad      	lsls	r5, r5, #30
87803a42:	bf48      	it	mi
87803a44:	b2dc      	uxtbmi	r4, r3
87803a46:	f1a4 0337 	sub.w	r3, r4, #55	; 0x37
87803a4a:	4293      	cmp	r3, r2
87803a4c:	d3e7      	bcc.n	87803a1e <simple_strtoul+0x26>
87803a4e:	b101      	cbz	r1, 87803a52 <simple_strtoul+0x5a>
87803a50:	600f      	str	r7, [r1, #0]
87803a52:	bcf0      	pop	{r4, r5, r6, r7}
87803a54:	4770      	bx	lr
87803a56:	2a10      	cmp	r2, #16
87803a58:	d009      	beq.n	87803a6e <simple_strtoul+0x76>
87803a5a:	f649 1c70 	movw	ip, #39280	; 0x9970
87803a5e:	4623      	mov	r3, r4
87803a60:	f2c8 7c80 	movt	ip, #34688	; 0x8780
87803a64:	f81c 5004 	ldrb.w	r5, [ip, r4]
87803a68:	f005 0044 	and.w	r0, r5, #68	; 0x44
87803a6c:	e7d4      	b.n	87803a18 <simple_strtoul+0x20>
87803a6e:	2c30      	cmp	r4, #48	; 0x30
87803a70:	d1f3      	bne.n	87803a5a <simple_strtoul+0x62>
87803a72:	7843      	ldrb	r3, [r0, #1]
87803a74:	f649 1c70 	movw	ip, #39280	; 0x9970
87803a78:	f2c8 7c80 	movt	ip, #34688	; 0x8780
87803a7c:	f81c 0003 	ldrb.w	r0, [ip, r3]
87803a80:	0786      	lsls	r6, r0, #30
87803a82:	bf44      	itt	mi
87803a84:	3b20      	submi	r3, #32
87803a86:	b2db      	uxtbmi	r3, r3
87803a88:	2b58      	cmp	r3, #88	; 0x58
87803a8a:	bf0d      	iteet	eq
87803a8c:	78bc      	ldrbeq	r4, [r7, #2]
87803a8e:	2330      	movne	r3, #48	; 0x30
87803a90:	f89c 5030 	ldrbne.w	r5, [ip, #48]	; 0x30
87803a94:	3702      	addeq	r7, #2
87803a96:	bf04      	itt	eq
87803a98:	f81c 5004 	ldrbeq.w	r5, [ip, r4]
87803a9c:	4623      	moveq	r3, r4
87803a9e:	f005 0044 	and.w	r0, r5, #68	; 0x44
87803aa2:	e7b9      	b.n	87803a18 <simple_strtoul+0x20>
87803aa4:	7844      	ldrb	r4, [r0, #1]
87803aa6:	f649 1c70 	movw	ip, #39280	; 0x9970
87803aaa:	f2c8 7c80 	movt	ip, #34688	; 0x8780
87803aae:	3001      	adds	r0, #1
87803ab0:	f81c 5004 	ldrb.w	r5, [ip, r4]
87803ab4:	4623      	mov	r3, r4
87803ab6:	07aa      	lsls	r2, r5, #30
87803ab8:	bf4a      	itet	mi
87803aba:	f1a4 0220 	submi.w	r2, r4, #32
87803abe:	4622      	movpl	r2, r4
87803ac0:	b2d2      	uxtbmi	r2, r2
87803ac2:	2a58      	cmp	r2, #88	; 0x58
87803ac4:	d004      	beq.n	87803ad0 <simple_strtoul+0xd8>
87803ac6:	4607      	mov	r7, r0
87803ac8:	2208      	movs	r2, #8
87803aca:	f005 0044 	and.w	r0, r5, #68	; 0x44
87803ace:	e7a3      	b.n	87803a18 <simple_strtoul+0x20>
87803ad0:	78be      	ldrb	r6, [r7, #2]
87803ad2:	f81c 2006 	ldrb.w	r2, [ip, r6]
87803ad6:	f012 0f44 	tst.w	r2, #68	; 0x44
87803ada:	d0f4      	beq.n	87803ac6 <simple_strtoul+0xce>
87803adc:	4615      	mov	r5, r2
87803ade:	4633      	mov	r3, r6
87803ae0:	3702      	adds	r7, #2
87803ae2:	4634      	mov	r4, r6
87803ae4:	2210      	movs	r2, #16
87803ae6:	e798      	b.n	87803a1a <simple_strtoul+0x22>

87803ae8 <simple_strtol>:
87803ae8:	b510      	push	{r4, lr}
87803aea:	7804      	ldrb	r4, [r0, #0]
87803aec:	2c2d      	cmp	r4, #45	; 0x2d
87803aee:	d003      	beq.n	87803af8 <simple_strtol+0x10>
87803af0:	e8bd 4010 	ldmia.w	sp!, {r4, lr}
87803af4:	f7ff bf80 	b.w	878039f8 <simple_strtoul>
87803af8:	3001      	adds	r0, #1
87803afa:	f7ff ff7d 	bl	878039f8 <simple_strtoul>
87803afe:	4240      	negs	r0, r0
87803b00:	bd10      	pop	{r4, pc}
87803b02:	bf00      	nop

87803b04 <simple_strtoull>:
87803b04:	e92d 4ff0 	stmdb	sp!, {r4, r5, r6, r7, r8, r9, sl, fp, lr}
87803b08:	4686      	mov	lr, r0
87803b0a:	468a      	mov	sl, r1
87803b0c:	7803      	ldrb	r3, [r0, #0]
87803b0e:	2a00      	cmp	r2, #0
87803b10:	d13e      	bne.n	87803b90 <simple_strtoull+0x8c>
87803b12:	2b30      	cmp	r3, #48	; 0x30
87803b14:	d065      	beq.n	87803be2 <simple_strtoull+0xde>
87803b16:	f649 1b70 	movw	fp, #39280	; 0x9970
87803b1a:	461a      	mov	r2, r3
87803b1c:	f2c8 7b80 	movt	fp, #34688	; 0x8780
87803b20:	260a      	movs	r6, #10
87803b22:	f81b c003 	ldrb.w	ip, [fp, r3]
87803b26:	f00c 0144 	and.w	r1, ip, #68	; 0x44
87803b2a:	2900      	cmp	r1, #0
87803b2c:	d070      	beq.n	87803c10 <simple_strtoull+0x10c>
87803b2e:	2000      	movs	r0, #0
87803b30:	2100      	movs	r1, #0
87803b32:	2700      	movs	r7, #0
87803b34:	e00e      	b.n	87803b54 <simple_strtoull+0x50>
87803b36:	fb06 3101 	mla	r1, r6, r1, r3
87803b3a:	f81e 3f01 	ldrb.w	r3, [lr, #1]!
87803b3e:	eb18 0004 	adds.w	r0, r8, r4
87803b42:	f81b c003 	ldrb.w	ip, [fp, r3]
87803b46:	461a      	mov	r2, r3
87803b48:	4489      	add	r9, r1
87803b4a:	eb49 0105 	adc.w	r1, r9, r5
87803b4e:	f01c 0f44 	tst.w	ip, #68	; 0x44
87803b52:	d016      	beq.n	87803b82 <simple_strtoull+0x7e>
87803b54:	f01c 0f04 	tst.w	ip, #4
87803b58:	f1a2 0430 	sub.w	r4, r2, #48	; 0x30
87803b5c:	d108      	bne.n	87803b70 <simple_strtoull+0x6c>
87803b5e:	3b20      	subs	r3, #32
87803b60:	f01c 0f02 	tst.w	ip, #2
87803b64:	b2db      	uxtb	r3, r3
87803b66:	f1a2 0437 	sub.w	r4, r2, #55	; 0x37
87803b6a:	bf18      	it	ne
87803b6c:	f1a3 0437 	subne.w	r4, r3, #55	; 0x37
87803b70:	17e5      	asrs	r5, r4, #31
87803b72:	fb00 f307 	mul.w	r3, r0, r7
87803b76:	42bd      	cmp	r5, r7
87803b78:	fba0 8906 	umull	r8, r9, r0, r6
87803b7c:	bf08      	it	eq
87803b7e:	42b4      	cmpeq	r4, r6
87803b80:	d3d9      	bcc.n	87803b36 <simple_strtoull+0x32>
87803b82:	f1ba 0f00 	cmp.w	sl, #0
87803b86:	d001      	beq.n	87803b8c <simple_strtoull+0x88>
87803b88:	f8ca e000 	str.w	lr, [sl]
87803b8c:	e8bd 8ff0 	ldmia.w	sp!, {r4, r5, r6, r7, r8, r9, sl, fp, pc}
87803b90:	2a10      	cmp	r2, #16
87803b92:	4616      	mov	r6, r2
87803b94:	d009      	beq.n	87803baa <simple_strtoull+0xa6>
87803b96:	f649 1b70 	movw	fp, #39280	; 0x9970
87803b9a:	461a      	mov	r2, r3
87803b9c:	f2c8 7b80 	movt	fp, #34688	; 0x8780
87803ba0:	f81b c003 	ldrb.w	ip, [fp, r3]
87803ba4:	f00c 0144 	and.w	r1, ip, #68	; 0x44
87803ba8:	e7bf      	b.n	87803b2a <simple_strtoull+0x26>
87803baa:	2b30      	cmp	r3, #48	; 0x30
87803bac:	d1f3      	bne.n	87803b96 <simple_strtoull+0x92>
87803bae:	7842      	ldrb	r2, [r0, #1]
87803bb0:	f649 1b70 	movw	fp, #39280	; 0x9970
87803bb4:	f2c8 7b80 	movt	fp, #34688	; 0x8780
87803bb8:	f81b 1002 	ldrb.w	r1, [fp, r2]
87803bbc:	0789      	lsls	r1, r1, #30
87803bbe:	bf44      	itt	mi
87803bc0:	3a20      	submi	r2, #32
87803bc2:	b2d2      	uxtbmi	r2, r2
87803bc4:	2a58      	cmp	r2, #88	; 0x58
87803bc6:	bf0d      	iteet	eq
87803bc8:	7883      	ldrbeq	r3, [r0, #2]
87803bca:	2230      	movne	r2, #48	; 0x30
87803bcc:	f89b c030 	ldrbne.w	ip, [fp, #48]	; 0x30
87803bd0:	f100 0e02 	addeq.w	lr, r0, #2
87803bd4:	bf04      	itt	eq
87803bd6:	f81b c003 	ldrbeq.w	ip, [fp, r3]
87803bda:	461a      	moveq	r2, r3
87803bdc:	f00c 0144 	and.w	r1, ip, #68	; 0x44
87803be0:	e7a3      	b.n	87803b2a <simple_strtoull+0x26>
87803be2:	7843      	ldrb	r3, [r0, #1]
87803be4:	f649 1b70 	movw	fp, #39280	; 0x9970
87803be8:	f2c8 7b80 	movt	fp, #34688	; 0x8780
87803bec:	3001      	adds	r0, #1
87803bee:	f81b c003 	ldrb.w	ip, [fp, r3]
87803bf2:	461a      	mov	r2, r3
87803bf4:	f01c 0f02 	tst.w	ip, #2
87803bf8:	bf16      	itet	ne
87803bfa:	f1a3 0120 	subne.w	r1, r3, #32
87803bfe:	4619      	moveq	r1, r3
87803c00:	b2c9      	uxtbne	r1, r1
87803c02:	2958      	cmp	r1, #88	; 0x58
87803c04:	d007      	beq.n	87803c16 <simple_strtoull+0x112>
87803c06:	4686      	mov	lr, r0
87803c08:	f00c 0144 	and.w	r1, ip, #68	; 0x44
87803c0c:	2608      	movs	r6, #8
87803c0e:	e78c      	b.n	87803b2a <simple_strtoull+0x26>
87803c10:	2000      	movs	r0, #0
87803c12:	2100      	movs	r1, #0
87803c14:	e7b5      	b.n	87803b82 <simple_strtoull+0x7e>
87803c16:	f89e 4002 	ldrb.w	r4, [lr, #2]
87803c1a:	f81b 1004 	ldrb.w	r1, [fp, r4]
87803c1e:	f011 0f44 	tst.w	r1, #68	; 0x44
87803c22:	d0f0      	beq.n	87803c06 <simple_strtoull+0x102>
87803c24:	4622      	mov	r2, r4
87803c26:	f10e 0e02 	add.w	lr, lr, #2
87803c2a:	468c      	mov	ip, r1
87803c2c:	4623      	mov	r3, r4
87803c2e:	2610      	movs	r6, #16
87803c30:	e77d      	b.n	87803b2e <simple_strtoull+0x2a>
87803c32:	bf00      	nop

87803c34 <simple_strtoll>:
87803c34:	b510      	push	{r4, lr}
87803c36:	7804      	ldrb	r4, [r0, #0]
87803c38:	2c2d      	cmp	r4, #45	; 0x2d
87803c3a:	d003      	beq.n	87803c44 <simple_strtoll+0x10>
87803c3c:	e8bd 4010 	ldmia.w	sp!, {r4, lr}
87803c40:	f7ff bf60 	b.w	87803b04 <simple_strtoull>
87803c44:	3001      	adds	r0, #1
87803c46:	f7ff ff5d 	bl	87803b04 <simple_strtoull>
87803c4a:	4240      	negs	r0, r0
87803c4c:	eb61 0141 	sbc.w	r1, r1, r1, lsl #1
87803c50:	bd10      	pop	{r4, pc}
87803c52:	bf00      	nop

87803c54 <vsnprintf>:
87803c54:	e92d 4ff0 	stmdb	sp!, {r4, r5, r6, r7, r8, r9, sl, fp, lr}
87803c58:	f1b1 0a00 	subs.w	sl, r1, #0
87803c5c:	b089      	sub	sp, #36	; 0x24
87803c5e:	f2c0 8284 	blt.w	8780416a <vsnprintf+0x516>
87803c62:	f10a 37ff 	add.w	r7, sl, #4294967295	; 0xffffffff
87803c66:	4699      	mov	r9, r3
87803c68:	4407      	add	r7, r0
87803c6a:	1e43      	subs	r3, r0, #1
87803c6c:	429f      	cmp	r7, r3
87803c6e:	4605      	mov	r5, r0
87803c70:	9005      	str	r0, [sp, #20]
87803c72:	4614      	mov	r4, r2
87803c74:	7810      	ldrb	r0, [r2, #0]
87803c76:	f0c0 80cc 	bcc.w	87803e12 <vsnprintf+0x1be>
87803c7a:	2800      	cmp	r0, #0
87803c7c:	f000 80d4 	beq.w	87803e28 <vsnprintf+0x1d4>
87803c80:	f649 1870 	movw	r8, #39280	; 0x9970
87803c84:	f649 0ba4 	movw	fp, #39076	; 0x98a4
87803c88:	f2c8 7880 	movt	r8, #34688	; 0x8780
87803c8c:	f2c8 7b80 	movt	fp, #34688	; 0x8780
87803c90:	e008      	b.n	87803ca4 <vsnprintf+0x50>
87803c92:	42af      	cmp	r7, r5
87803c94:	bf28      	it	cs
87803c96:	7028      	strbcs	r0, [r5, #0]
87803c98:	7860      	ldrb	r0, [r4, #1]
87803c9a:	3501      	adds	r5, #1
87803c9c:	3401      	adds	r4, #1
87803c9e:	2800      	cmp	r0, #0
87803ca0:	f000 80c0 	beq.w	87803e24 <vsnprintf+0x1d0>
87803ca4:	2825      	cmp	r0, #37	; 0x25
87803ca6:	d1f4      	bne.n	87803c92 <vsnprintf+0x3e>
87803ca8:	2200      	movs	r2, #0
87803caa:	7863      	ldrb	r3, [r4, #1]
87803cac:	f104 0c01 	add.w	ip, r4, #1
87803cb0:	f1a3 0120 	sub.w	r1, r3, #32
87803cb4:	2910      	cmp	r1, #16
87803cb6:	d81e      	bhi.n	87803cf6 <vsnprintf+0xa2>
87803cb8:	e8df f001 	tbb	[pc, r1]
87803cbc:	151d1d19 	ldrne	r1, [sp, #-3353]	; 0xfffff2e7
87803cc0:	1d1d1d1d 	ldcne	13, cr1, [sp, #-116]	; 0xffffff8c
87803cc4:	111d1d1d 	tstne	sp, sp, lsl sp
87803cc8:	1d1d0d1d 	ldcne	13, cr0, [sp, #-116]	; 0xffffff8c
87803ccc:	f0420009 			; <UNDEFINED> instruction: 0xf0420009
87803cd0:	0201      	lsls	r1, r0, #8
87803cd2:	4664      	mov	r4, ip
87803cd4:	e7e9      	b.n	87803caa <vsnprintf+0x56>
87803cd6:	f042 0210 	orr.w	r2, r2, #16
87803cda:	4664      	mov	r4, ip
87803cdc:	e7e5      	b.n	87803caa <vsnprintf+0x56>
87803cde:	f042 0204 	orr.w	r2, r2, #4
87803ce2:	4664      	mov	r4, ip
87803ce4:	e7e1      	b.n	87803caa <vsnprintf+0x56>
87803ce6:	f042 0220 	orr.w	r2, r2, #32
87803cea:	4664      	mov	r4, ip
87803cec:	e7dd      	b.n	87803caa <vsnprintf+0x56>
87803cee:	f042 0208 	orr.w	r2, r2, #8
87803cf2:	4664      	mov	r4, ip
87803cf4:	e7d9      	b.n	87803caa <vsnprintf+0x56>
87803cf6:	f818 0003 	ldrb.w	r0, [r8, r3]
87803cfa:	4619      	mov	r1, r3
87803cfc:	0746      	lsls	r6, r0, #29
87803cfe:	f100 809e 	bmi.w	87803e3e <vsnprintf+0x1ea>
87803d02:	2b2a      	cmp	r3, #42	; 0x2a
87803d04:	bf18      	it	ne
87803d06:	f04f 36ff 	movne.w	r6, #4294967295	; 0xffffffff
87803d0a:	d10b      	bne.n	87803d24 <vsnprintf+0xd0>
87803d0c:	f8d9 6000 	ldr.w	r6, [r9]
87803d10:	f104 0c02 	add.w	ip, r4, #2
87803d14:	78a3      	ldrb	r3, [r4, #2]
87803d16:	f109 0904 	add.w	r9, r9, #4
87803d1a:	2e00      	cmp	r6, #0
87803d1c:	bfbc      	itt	lt
87803d1e:	4276      	neglt	r6, r6
87803d20:	f042 0210 	orrlt.w	r2, r2, #16
87803d24:	2b2e      	cmp	r3, #46	; 0x2e
87803d26:	bf18      	it	ne
87803d28:	f04f 31ff 	movne.w	r1, #4294967295	; 0xffffffff
87803d2c:	f000 809a 	beq.w	87803e64 <vsnprintf+0x210>
87803d30:	f003 00df 	and.w	r0, r3, #223	; 0xdf
87803d34:	285a      	cmp	r0, #90	; 0x5a
87803d36:	bf18      	it	ne
87803d38:	284c      	cmpne	r0, #76	; 0x4c
87803d3a:	bf0c      	ite	eq
87803d3c:	2001      	moveq	r0, #1
87803d3e:	2000      	movne	r0, #0
87803d40:	2b68      	cmp	r3, #104	; 0x68
87803d42:	bf08      	it	eq
87803d44:	f040 0001 	orreq.w	r0, r0, #1
87803d48:	2800      	cmp	r0, #0
87803d4a:	f000 8106 	beq.w	87803f5a <vsnprintf+0x306>
87803d4e:	4618      	mov	r0, r3
87803d50:	f10c 0401 	add.w	r4, ip, #1
87803d54:	286c      	cmp	r0, #108	; 0x6c
87803d56:	f89c 3001 	ldrb.w	r3, [ip, #1]
87803d5a:	f000 809c 	beq.w	87803e96 <vsnprintf+0x242>
87803d5e:	3b25      	subs	r3, #37	; 0x25
87803d60:	2b53      	cmp	r3, #83	; 0x53
87803d62:	f200 81c6 	bhi.w	878040f2 <vsnprintf+0x49e>
87803d66:	e8df f013 	tbh	[pc, r3, lsl #1]
87803d6a:	01c4017e 	biceq	r0, r4, lr, ror r1
87803d6e:	01c401c4 	biceq	r0, r4, r4, asr #3
87803d72:	01c401c4 	biceq	r0, r4, r4, asr #3
87803d76:	01c401c4 	biceq	r0, r4, r4, asr #3
87803d7a:	01c401c4 	biceq	r0, r4, r4, asr #3
87803d7e:	01c401c4 	biceq	r0, r4, r4, asr #3
87803d82:	01c401c4 	biceq	r0, r4, r4, asr #3
87803d86:	01c401c4 	biceq	r0, r4, r4, asr #3
87803d8a:	01c401c4 	biceq	r0, r4, r4, asr #3
87803d8e:	01c401c4 	biceq	r0, r4, r4, asr #3
87803d92:	01c401c4 	biceq	r0, r4, r4, asr #3
87803d96:	01c401c4 	biceq	r0, r4, r4, asr #3
87803d9a:	01c401c4 	biceq	r0, r4, r4, asr #3
87803d9e:	01c401c4 	biceq	r0, r4, r4, asr #3
87803da2:	01c401c4 	biceq	r0, r4, r4, asr #3
87803da6:	01c401c4 	biceq	r0, r4, r4, asr #3
87803daa:	01c401c4 	biceq	r0, r4, r4, asr #3
87803dae:	01c401c4 	biceq	r0, r4, r4, asr #3
87803db2:	01c401c4 	biceq	r0, r4, r4, asr #3
87803db6:	01c401c4 	biceq	r0, r4, r4, asr #3
87803dba:	01c401c4 	biceq	r0, r4, r4, asr #3
87803dbe:	01c401c4 	biceq	r0, r4, r4, asr #3
87803dc2:	01c401c4 	biceq	r0, r4, r4, asr #3
87803dc6:	01c401c4 	biceq	r0, r4, r4, asr #3
87803dca:	01c401c4 	biceq	r0, r4, r4, asr #3
87803dce:	01a401c4 			; <UNDEFINED> instruction: 0x01a401c4
87803dd2:	01c401c4 	biceq	r0, r4, r4, asr #3
87803dd6:	01c401c4 	biceq	r0, r4, r4, asr #3
87803dda:	01c401c4 	biceq	r0, r4, r4, asr #3
87803dde:	01c401c4 	biceq	r0, r4, r4, asr #3
87803de2:	01c401c4 	biceq	r0, r4, r4, asr #3
87803de6:	01af015c 			; <UNDEFINED> instruction: 0x01af015c
87803dea:	01c401c4 	biceq	r0, r4, r4, asr #3
87803dee:	01c401c4 	biceq	r0, r4, r4, asr #3
87803df2:	01c401af 	biceq	r0, r4, pc, lsr #3
87803df6:	01c401c4 	biceq	r0, r4, r4, asr #3
87803dfa:	01ba01c4 			; <UNDEFINED> instruction: 0x01ba01c4
87803dfe:	014501b4 	strheq	r0, [r5, #-20]	; 0xffffffec
87803e02:	01c401c4 	biceq	r0, r4, r4, asr #3
87803e06:	01c4010e 	biceq	r0, r4, lr, lsl #2
87803e0a:	01c40183 	biceq	r0, r4, r3, lsl #3
87803e0e:	01b701c4 			; <UNDEFINED> instruction: 0x01b701c4
87803e12:	f1c5 0a00 	rsb	sl, r5, #0
87803e16:	2800      	cmp	r0, #0
87803e18:	f000 809a 	beq.w	87803f50 <vsnprintf+0x2fc>
87803e1c:	f04f 37ff 	mov.w	r7, #4294967295	; 0xffffffff
87803e20:	e72e      	b.n	87803c80 <vsnprintf+0x2c>
87803e22:	4615      	mov	r5, r2
87803e24:	9b05      	ldr	r3, [sp, #20]
87803e26:	1ae8      	subs	r0, r5, r3
87803e28:	42af      	cmp	r7, r5
87803e2a:	f080 8091 	bcs.w	87803f50 <vsnprintf+0x2fc>
87803e2e:	f1ba 0f00 	cmp.w	sl, #0
87803e32:	d001      	beq.n	87803e38 <vsnprintf+0x1e4>
87803e34:	2300      	movs	r3, #0
87803e36:	703b      	strb	r3, [r7, #0]
87803e38:	b009      	add	sp, #36	; 0x24
87803e3a:	e8bd 8ff0 	ldmia.w	sp!, {r4, r5, r6, r7, r8, r9, sl, fp, pc}
87803e3e:	2600      	movs	r6, #0
87803e40:	eb06 0686 	add.w	r6, r6, r6, lsl #2
87803e44:	eb01 0646 	add.w	r6, r1, r6, lsl #1
87803e48:	f81c 1f01 	ldrb.w	r1, [ip, #1]!
87803e4c:	3e30      	subs	r6, #48	; 0x30
87803e4e:	f818 0001 	ldrb.w	r0, [r8, r1]
87803e52:	460b      	mov	r3, r1
87803e54:	0740      	lsls	r0, r0, #29
87803e56:	d4f3      	bmi.n	87803e40 <vsnprintf+0x1ec>
87803e58:	2b2e      	cmp	r3, #46	; 0x2e
87803e5a:	bf18      	it	ne
87803e5c:	f04f 31ff 	movne.w	r1, #4294967295	; 0xffffffff
87803e60:	f47f af66 	bne.w	87803d30 <vsnprintf+0xdc>
87803e64:	f89c 4001 	ldrb.w	r4, [ip, #1]
87803e68:	f10c 0001 	add.w	r0, ip, #1
87803e6c:	f818 1004 	ldrb.w	r1, [r8, r4]
87803e70:	4623      	mov	r3, r4
87803e72:	f011 0104 	ands.w	r1, r1, #4
87803e76:	d174      	bne.n	87803f62 <vsnprintf+0x30e>
87803e78:	2c2a      	cmp	r4, #42	; 0x2a
87803e7a:	bf09      	itett	eq
87803e7c:	f8d9 1000 	ldreq.w	r1, [r9]
87803e80:	4684      	movne	ip, r0
87803e82:	f89c 3002 	ldrbeq.w	r3, [ip, #2]
87803e86:	f109 0904 	addeq.w	r9, r9, #4
87803e8a:	bf04      	itt	eq
87803e8c:	f10c 0c02 	addeq.w	ip, ip, #2
87803e90:	ea21 71e1 	biceq.w	r1, r1, r1, asr #31
87803e94:	e74c      	b.n	87803d30 <vsnprintf+0xdc>
87803e96:	2b6c      	cmp	r3, #108	; 0x6c
87803e98:	f000 8155 	beq.w	87804146 <vsnprintf+0x4f2>
87803e9c:	3b25      	subs	r3, #37	; 0x25
87803e9e:	2b53      	cmp	r3, #83	; 0x53
87803ea0:	f200 8127 	bhi.w	878040f2 <vsnprintf+0x49e>
87803ea4:	e8df f013 	tbh	[pc, r3, lsl #1]
87803ea8:	012500df 	ldrdeq	r0, [r5, -pc]!
87803eac:	01250125 			; <UNDEFINED> instruction: 0x01250125
87803eb0:	01250125 			; <UNDEFINED> instruction: 0x01250125
87803eb4:	01250125 			; <UNDEFINED> instruction: 0x01250125
87803eb8:	01250125 			; <UNDEFINED> instruction: 0x01250125
87803ebc:	01250125 			; <UNDEFINED> instruction: 0x01250125
87803ec0:	01250125 			; <UNDEFINED> instruction: 0x01250125
87803ec4:	01250125 			; <UNDEFINED> instruction: 0x01250125
87803ec8:	01250125 			; <UNDEFINED> instruction: 0x01250125
87803ecc:	01250125 			; <UNDEFINED> instruction: 0x01250125
87803ed0:	01250125 			; <UNDEFINED> instruction: 0x01250125
87803ed4:	01250125 			; <UNDEFINED> instruction: 0x01250125
87803ed8:	01250125 			; <UNDEFINED> instruction: 0x01250125
87803edc:	01250125 			; <UNDEFINED> instruction: 0x01250125
87803ee0:	01250125 			; <UNDEFINED> instruction: 0x01250125
87803ee4:	01250125 			; <UNDEFINED> instruction: 0x01250125
87803ee8:	01250125 			; <UNDEFINED> instruction: 0x01250125
87803eec:	01250125 			; <UNDEFINED> instruction: 0x01250125
87803ef0:	01250125 			; <UNDEFINED> instruction: 0x01250125
87803ef4:	01250125 			; <UNDEFINED> instruction: 0x01250125
87803ef8:	01250125 			; <UNDEFINED> instruction: 0x01250125
87803efc:	01250125 			; <UNDEFINED> instruction: 0x01250125
87803f00:	01250125 			; <UNDEFINED> instruction: 0x01250125
87803f04:	01250125 			; <UNDEFINED> instruction: 0x01250125
87803f08:	01250125 			; <UNDEFINED> instruction: 0x01250125
87803f0c:	019c0125 	orrseq	r0, ip, r5, lsr #2
87803f10:	01250125 			; <UNDEFINED> instruction: 0x01250125
87803f14:	01250125 			; <UNDEFINED> instruction: 0x01250125
87803f18:	01250125 			; <UNDEFINED> instruction: 0x01250125
87803f1c:	01250125 			; <UNDEFINED> instruction: 0x01250125
87803f20:	01250125 			; <UNDEFINED> instruction: 0x01250125
87803f24:	019500bd 	ldrheq	r0, [r5, sp]
87803f28:	01250125 			; <UNDEFINED> instruction: 0x01250125
87803f2c:	01250125 			; <UNDEFINED> instruction: 0x01250125
87803f30:	01250195 			; <UNDEFINED> instruction: 0x01250195
87803f34:	01250125 			; <UNDEFINED> instruction: 0x01250125
87803f38:	01370125 	teqeq	r7, r5, lsr #2
87803f3c:	00a601a3 	adceq	r0, r6, r3, lsr #3
87803f40:	01250125 			; <UNDEFINED> instruction: 0x01250125
87803f44:	0125006f 			; <UNDEFINED> instruction: 0x0125006f
87803f48:	012501a8 	smulwbeq	r5, r8, r1
87803f4c:	01410125 	cmpeq	r1, r5, lsr #2
87803f50:	2300      	movs	r3, #0
87803f52:	702b      	strb	r3, [r5, #0]
87803f54:	b009      	add	sp, #36	; 0x24
87803f56:	e8bd 8ff0 	ldmia.w	sp!, {r4, r5, r6, r7, r8, r9, sl, fp, pc}
87803f5a:	4664      	mov	r4, ip
87803f5c:	f04f 30ff 	mov.w	r0, #4294967295	; 0xffffffff
87803f60:	e6fd      	b.n	87803d5e <vsnprintf+0x10a>
87803f62:	2100      	movs	r1, #0
87803f64:	f810 3f01 	ldrb.w	r3, [r0, #1]!
87803f68:	eb01 0181 	add.w	r1, r1, r1, lsl #2
87803f6c:	eb04 0141 	add.w	r1, r4, r1, lsl #1
87803f70:	f818 c003 	ldrb.w	ip, [r8, r3]
87803f74:	461c      	mov	r4, r3
87803f76:	3930      	subs	r1, #48	; 0x30
87803f78:	f01c 0f04 	tst.w	ip, #4
87803f7c:	d1f2      	bne.n	87803f64 <vsnprintf+0x310>
87803f7e:	ea21 71e1 	bic.w	r1, r1, r1, asr #31
87803f82:	4684      	mov	ip, r0
87803f84:	e6d4      	b.n	87803d30 <vsnprintf+0xdc>
87803f86:	f8d9 3000 	ldr.w	r3, [r9]
87803f8a:	f109 0904 	add.w	r9, r9, #4
87803f8e:	9207      	str	r2, [sp, #28]
87803f90:	f5b3 6f80 	cmp.w	r3, #1024	; 0x400
87803f94:	bf38      	it	cc
87803f96:	465b      	movcc	r3, fp
87803f98:	4618      	mov	r0, r3
87803f9a:	9306      	str	r3, [sp, #24]
87803f9c:	f7ff f984 	bl	878032a8 <strnlen>
87803fa0:	9a07      	ldr	r2, [sp, #28]
87803fa2:	1e71      	subs	r1, r6, #1
87803fa4:	9b06      	ldr	r3, [sp, #24]
87803fa6:	f012 0f10 	tst.w	r2, #16
87803faa:	f000 80e8 	beq.w	8780417e <vsnprintf+0x52a>
87803fae:	2800      	cmp	r0, #0
87803fb0:	bfd8      	it	le
87803fb2:	462a      	movle	r2, r5
87803fb4:	dd0d      	ble.n	87803fd2 <vsnprintf+0x37e>
87803fb6:	182a      	adds	r2, r5, r0
87803fb8:	42bd      	cmp	r5, r7
87803fba:	f105 0501 	add.w	r5, r5, #1
87803fbe:	bf98      	it	ls
87803fc0:	f893 c000 	ldrbls.w	ip, [r3]
87803fc4:	f103 0301 	add.w	r3, r3, #1
87803fc8:	bf98      	it	ls
87803fca:	f805 cc01 	strbls.w	ip, [r5, #-1]
87803fce:	4295      	cmp	r5, r2
87803fd0:	d1f2      	bne.n	87803fb8 <vsnprintf+0x364>
87803fd2:	4286      	cmp	r6, r0
87803fd4:	4615      	mov	r5, r2
87803fd6:	bfc2      	ittt	gt
87803fd8:	1c4a      	addgt	r2, r1, #1
87803fda:	2120      	movgt	r1, #32
87803fdc:	1952      	addgt	r2, r2, r5
87803fde:	dd66      	ble.n	878040ae <vsnprintf+0x45a>
87803fe0:	42bd      	cmp	r5, r7
87803fe2:	f105 0501 	add.w	r5, r5, #1
87803fe6:	bf98      	it	ls
87803fe8:	f805 1c01 	strbls.w	r1, [r5, #-1]
87803fec:	1b53      	subs	r3, r2, r5
87803fee:	4298      	cmp	r0, r3
87803ff0:	dbf6      	blt.n	87803fe0 <vsnprintf+0x38c>
87803ff2:	e05c      	b.n	878040ae <vsnprintf+0x45a>
87803ff4:	f8d9 c000 	ldr.w	ip, [r9]
87803ff8:	1c70      	adds	r0, r6, #1
87803ffa:	bf04      	itt	eq
87803ffc:	f042 0201 	orreq.w	r2, r2, #1
87804000:	2608      	moveq	r6, #8
87804002:	9102      	str	r1, [sp, #8]
87804004:	2110      	movs	r1, #16
87804006:	4628      	mov	r0, r5
87804008:	9203      	str	r2, [sp, #12]
8780400a:	9100      	str	r1, [sp, #0]
8780400c:	2300      	movs	r3, #0
8780400e:	4662      	mov	r2, ip
87804010:	9601      	str	r6, [sp, #4]
87804012:	4639      	mov	r1, r7
87804014:	f109 0904 	add.w	r9, r9, #4
87804018:	f7ff face 	bl	878035b8 <number>
8780401c:	4605      	mov	r5, r0
8780401e:	7860      	ldrb	r0, [r4, #1]
87804020:	e63c      	b.n	87803c9c <vsnprintf+0x48>
87804022:	06d3      	lsls	r3, r2, #27
87804024:	f106 31ff 	add.w	r1, r6, #4294967295	; 0xffffffff
87804028:	f140 80be 	bpl.w	878041a8 <vsnprintf+0x554>
8780402c:	42bd      	cmp	r5, r7
8780402e:	f109 0004 	add.w	r0, r9, #4
87804032:	bf98      	it	ls
87804034:	f8d9 3000 	ldrls.w	r3, [r9]
87804038:	f105 0601 	add.w	r6, r5, #1
8780403c:	bf98      	it	ls
8780403e:	702b      	strbls	r3, [r5, #0]
87804040:	2900      	cmp	r1, #0
87804042:	f340 80de 	ble.w	87804202 <vsnprintf+0x5ae>
87804046:	1c4a      	adds	r2, r1, #1
87804048:	4633      	mov	r3, r6
8780404a:	4415      	add	r5, r2
8780404c:	2220      	movs	r2, #32
8780404e:	42bb      	cmp	r3, r7
87804050:	f103 0301 	add.w	r3, r3, #1
87804054:	bf98      	it	ls
87804056:	f803 2c01 	strbls.w	r2, [r3, #-1]
8780405a:	42ab      	cmp	r3, r5
8780405c:	d1f7      	bne.n	8780404e <vsnprintf+0x3fa>
8780405e:	4681      	mov	r9, r0
87804060:	1875      	adds	r5, r6, r1
87804062:	7860      	ldrb	r0, [r4, #1]
87804064:	e61a      	b.n	87803c9c <vsnprintf+0x48>
87804066:	42af      	cmp	r7, r5
87804068:	bf24      	itt	cs
8780406a:	2325      	movcs	r3, #37	; 0x25
8780406c:	702b      	strbcs	r3, [r5, #0]
8780406e:	e613      	b.n	87803c98 <vsnprintf+0x44>
87804070:	f04f 0c0a 	mov.w	ip, #10
87804074:	284c      	cmp	r0, #76	; 0x4c
87804076:	d022      	beq.n	878040be <vsnprintf+0x46a>
87804078:	286c      	cmp	r0, #108	; 0x6c
8780407a:	f109 0e04 	add.w	lr, r9, #4
8780407e:	d058      	beq.n	87804132 <vsnprintf+0x4de>
87804080:	f020 0320 	bic.w	r3, r0, #32
87804084:	2b5a      	cmp	r3, #90	; 0x5a
87804086:	d164      	bne.n	87804152 <vsnprintf+0x4fe>
87804088:	f8d9 3000 	ldr.w	r3, [r9]
8780408c:	46f1      	mov	r9, lr
8780408e:	ee80 3b90 	vdup.32	d16, r3
87804092:	ffe0 00b0 	vshr.u64	d16, d16, #32
87804096:	9203      	str	r2, [sp, #12]
87804098:	4628      	mov	r0, r5
8780409a:	9102      	str	r1, [sp, #8]
8780409c:	4639      	mov	r1, r7
8780409e:	ec53 2b30 	vmov	r2, r3, d16
878040a2:	9601      	str	r6, [sp, #4]
878040a4:	f8cd c000 	str.w	ip, [sp]
878040a8:	f7ff fa86 	bl	878035b8 <number>
878040ac:	4605      	mov	r5, r0
878040ae:	7860      	ldrb	r0, [r4, #1]
878040b0:	e5f4      	b.n	87803c9c <vsnprintf+0x48>
878040b2:	284c      	cmp	r0, #76	; 0x4c
878040b4:	f042 0240 	orr.w	r2, r2, #64	; 0x40
878040b8:	f04f 0c10 	mov.w	ip, #16
878040bc:	d1dc      	bne.n	87804078 <vsnprintf+0x424>
878040be:	edd9 0b00 	vldr	d16, [r9]
878040c2:	f109 0908 	add.w	r9, r9, #8
878040c6:	e7e6      	b.n	87804096 <vsnprintf+0x442>
878040c8:	f042 0202 	orr.w	r2, r2, #2
878040cc:	f04f 0c0a 	mov.w	ip, #10
878040d0:	e7d0      	b.n	87804074 <vsnprintf+0x420>
878040d2:	f04f 0c08 	mov.w	ip, #8
878040d6:	e7cd      	b.n	87804074 <vsnprintf+0x420>
878040d8:	f04f 0c10 	mov.w	ip, #16
878040dc:	e7ca      	b.n	87804074 <vsnprintf+0x420>
878040de:	9b05      	ldr	r3, [sp, #20]
878040e0:	f8d9 2000 	ldr.w	r2, [r9]
878040e4:	1ae9      	subs	r1, r5, r3
878040e6:	f109 0304 	add.w	r3, r9, #4
878040ea:	6011      	str	r1, [r2, #0]
878040ec:	4699      	mov	r9, r3
878040ee:	7860      	ldrb	r0, [r4, #1]
878040f0:	e5d4      	b.n	87803c9c <vsnprintf+0x48>
878040f2:	42af      	cmp	r7, r5
878040f4:	f105 0201 	add.w	r2, r5, #1
878040f8:	bf24      	itt	cs
878040fa:	2325      	movcs	r3, #37	; 0x25
878040fc:	702b      	strbcs	r3, [r5, #0]
878040fe:	7823      	ldrb	r3, [r4, #0]
87804100:	2b00      	cmp	r3, #0
87804102:	f43f ae8e 	beq.w	87803e22 <vsnprintf+0x1ce>
87804106:	42ba      	cmp	r2, r7
87804108:	f105 0502 	add.w	r5, r5, #2
8780410c:	bf98      	it	ls
8780410e:	f805 3c01 	strbls.w	r3, [r5, #-1]
87804112:	7860      	ldrb	r0, [r4, #1]
87804114:	e5c2      	b.n	87803c9c <vsnprintf+0x48>
87804116:	9a05      	ldr	r2, [sp, #20]
87804118:	f109 0904 	add.w	r9, r9, #4
8780411c:	f859 3c04 	ldr.w	r3, [r9, #-4]
87804120:	1aaa      	subs	r2, r5, r2
87804122:	601a      	str	r2, [r3, #0]
87804124:	f89c 0002 	ldrb.w	r0, [ip, #2]
87804128:	e5b8      	b.n	87803c9c <vsnprintf+0x48>
8780412a:	f109 0e04 	add.w	lr, r9, #4
8780412e:	f04f 0c10 	mov.w	ip, #16
87804132:	f8d9 3000 	ldr.w	r3, [r9]
87804136:	46f1      	mov	r9, lr
87804138:	ee80 3b90 	vdup.32	d16, r3
8780413c:	0793      	lsls	r3, r2, #30
8780413e:	d5a8      	bpl.n	87804092 <vsnprintf+0x43e>
87804140:	efe0 00b0 	vshr.s64	d16, d16, #32
87804144:	e7a7      	b.n	87804096 <vsnprintf+0x442>
87804146:	f10c 0402 	add.w	r4, ip, #2
8780414a:	f89c 3002 	ldrb.w	r3, [ip, #2]
8780414e:	204c      	movs	r0, #76	; 0x4c
87804150:	e605      	b.n	87803d5e <vsnprintf+0x10a>
87804152:	2868      	cmp	r0, #104	; 0x68
87804154:	f002 0302 	and.w	r3, r2, #2
87804158:	f8d9 0000 	ldr.w	r0, [r9]
8780415c:	46f1      	mov	r9, lr
8780415e:	d008      	beq.n	87804172 <vsnprintf+0x51e>
87804160:	ee80 0b90 	vdup.32	d16, r0
87804164:	2b00      	cmp	r3, #0
87804166:	d1eb      	bne.n	87804140 <vsnprintf+0x4ec>
87804168:	e793      	b.n	87804092 <vsnprintf+0x43e>
8780416a:	2000      	movs	r0, #0
8780416c:	b009      	add	sp, #36	; 0x24
8780416e:	e8bd 8ff0 	ldmia.w	sp!, {r4, r5, r6, r7, r8, r9, sl, fp, pc}
87804172:	ee80 0bb0 	vdup.16	d16, r0
87804176:	b34b      	cbz	r3, 878041cc <vsnprintf+0x578>
87804178:	efd0 00b0 	vshr.s64	d16, d16, #48
8780417c:	e78b      	b.n	87804096 <vsnprintf+0x442>
8780417e:	4286      	cmp	r6, r0
87804180:	bfde      	ittt	le
87804182:	1eb2      	suble	r2, r6, #2
87804184:	460e      	movle	r6, r1
87804186:	4611      	movle	r1, r2
87804188:	f77f af11 	ble.w	87803fae <vsnprintf+0x35a>
8780418c:	1a32      	subs	r2, r6, r0
8780418e:	2120      	movs	r1, #32
87804190:	442a      	add	r2, r5
87804192:	42bd      	cmp	r5, r7
87804194:	f105 0501 	add.w	r5, r5, #1
87804198:	bf98      	it	ls
8780419a:	f805 1c01 	strbls.w	r1, [r5, #-1]
8780419e:	4295      	cmp	r5, r2
878041a0:	d1f7      	bne.n	87804192 <vsnprintf+0x53e>
878041a2:	1e46      	subs	r6, r0, #1
878041a4:	1e71      	subs	r1, r6, #1
878041a6:	e702      	b.n	87803fae <vsnprintf+0x35a>
878041a8:	2900      	cmp	r1, #0
878041aa:	bfd8      	it	le
878041ac:	1eb1      	suble	r1, r6, #2
878041ae:	f77f af3d 	ble.w	8780402c <vsnprintf+0x3d8>
878041b2:	4429      	add	r1, r5
878041b4:	2320      	movs	r3, #32
878041b6:	42bd      	cmp	r5, r7
878041b8:	f105 0501 	add.w	r5, r5, #1
878041bc:	bf98      	it	ls
878041be:	f805 3c01 	strbls.w	r3, [r5, #-1]
878041c2:	428d      	cmp	r5, r1
878041c4:	d1f7      	bne.n	878041b6 <vsnprintf+0x562>
878041c6:	f04f 31ff 	mov.w	r1, #4294967295	; 0xffffffff
878041ca:	e72f      	b.n	8780402c <vsnprintf+0x3d8>
878041cc:	ffd0 00b0 	vshr.u64	d16, d16, #48
878041d0:	e761      	b.n	87804096 <vsnprintf+0x442>
878041d2:	f042 0202 	orr.w	r2, r2, #2
878041d6:	f109 0e04 	add.w	lr, r9, #4
878041da:	f04f 0c0a 	mov.w	ip, #10
878041de:	e7a8      	b.n	87804132 <vsnprintf+0x4de>
878041e0:	f042 0240 	orr.w	r2, r2, #64	; 0x40
878041e4:	f109 0e04 	add.w	lr, r9, #4
878041e8:	f04f 0c10 	mov.w	ip, #16
878041ec:	e7a1      	b.n	87804132 <vsnprintf+0x4de>
878041ee:	f109 0e04 	add.w	lr, r9, #4
878041f2:	f04f 0c08 	mov.w	ip, #8
878041f6:	e79c      	b.n	87804132 <vsnprintf+0x4de>
878041f8:	f109 0e04 	add.w	lr, r9, #4
878041fc:	f04f 0c0a 	mov.w	ip, #10
87804200:	e797      	b.n	87804132 <vsnprintf+0x4de>
87804202:	4681      	mov	r9, r0
87804204:	4635      	mov	r5, r6
87804206:	7860      	ldrb	r0, [r4, #1]
87804208:	e548      	b.n	87803c9c <vsnprintf+0x48>
8780420a:	bf00      	nop

8780420c <vscnprintf>:
8780420c:	b510      	push	{r4, lr}
8780420e:	460c      	mov	r4, r1
87804210:	f7ff fd20 	bl	87803c54 <vsnprintf>
87804214:	42a0      	cmp	r0, r4
87804216:	bf28      	it	cs
87804218:	f104 30ff 	addcs.w	r0, r4, #4294967295	; 0xffffffff
8780421c:	bd10      	pop	{r4, pc}
8780421e:	bf00      	nop

87804220 <snprintf>:
87804220:	b40c      	push	{r2, r3}
87804222:	b508      	push	{r3, lr}
87804224:	ab03      	add	r3, sp, #12
87804226:	9a02      	ldr	r2, [sp, #8]
87804228:	f7ff fd14 	bl	87803c54 <vsnprintf>
8780422c:	e8bd 4008 	ldmia.w	sp!, {r3, lr}
87804230:	b002      	add	sp, #8
87804232:	4770      	bx	lr

87804234 <scnprintf>:
87804234:	b40c      	push	{r2, r3}
87804236:	b510      	push	{r4, lr}
87804238:	460c      	mov	r4, r1
8780423a:	ab03      	add	r3, sp, #12
8780423c:	9a02      	ldr	r2, [sp, #8]
8780423e:	f7ff fd09 	bl	87803c54 <vsnprintf>
87804242:	42a0      	cmp	r0, r4
87804244:	bf28      	it	cs
87804246:	f104 30ff 	addcs.w	r0, r4, #4294967295	; 0xffffffff
8780424a:	e8bd 4010 	ldmia.w	sp!, {r4, lr}
8780424e:	b002      	add	sp, #8
87804250:	4770      	bx	lr
87804252:	bf00      	nop

87804254 <vsprintf>:
87804254:	4613      	mov	r3, r2
87804256:	460a      	mov	r2, r1
87804258:	f06f 4100 	mvn.w	r1, #2147483648	; 0x80000000
8780425c:	f7ff bcfa 	b.w	87803c54 <vsnprintf>

87804260 <sprintf>:
87804260:	b40e      	push	{r1, r2, r3}
87804262:	f06f 4100 	mvn.w	r1, #2147483648	; 0x80000000
87804266:	b500      	push	{lr}
87804268:	ab02      	add	r3, sp, #8
8780426a:	9a01      	ldr	r2, [sp, #4]
8780426c:	f7ff fcf2 	bl	87803c54 <vsnprintf>
87804270:	f85d eb04 	ldr.w	lr, [sp], #4
87804274:	b003      	add	sp, #12
87804276:	4770      	bx	lr

87804278 <vsscanf>:
87804278:	e92d 47f0 	stmdb	sp!, {r4, r5, r6, r7, r8, r9, sl, lr}
8780427c:	f649 1470 	movw	r4, #39280	; 0x9970
87804280:	780b      	ldrb	r3, [r1, #0]
87804282:	b082      	sub	sp, #8
87804284:	4680      	mov	r8, r0
87804286:	460d      	mov	r5, r1
87804288:	f2c8 7480 	movt	r4, #34688	; 0x8780
8780428c:	2700      	movs	r7, #0
8780428e:	b143      	cbz	r3, 878042a2 <vsscanf+0x2a>
87804290:	7806      	ldrb	r6, [r0, #0]
87804292:	b136      	cbz	r6, 878042a2 <vsscanf+0x2a>
87804294:	5ce1      	ldrb	r1, [r4, r3]
87804296:	0689      	lsls	r1, r1, #26
87804298:	d407      	bmi.n	878042aa <vsscanf+0x32>
8780429a:	2b25      	cmp	r3, #37	; 0x25
8780429c:	d01f      	beq.n	878042de <vsscanf+0x66>
8780429e:	42b3      	cmp	r3, r6
878042a0:	d017      	beq.n	878042d2 <vsscanf+0x5a>
878042a2:	4638      	mov	r0, r7
878042a4:	b002      	add	sp, #8
878042a6:	e8bd 87f0 	ldmia.w	sp!, {r4, r5, r6, r7, r8, r9, sl, pc}
878042aa:	f815 3f01 	ldrb.w	r3, [r5, #1]!
878042ae:	5ce1      	ldrb	r1, [r4, r3]
878042b0:	0689      	lsls	r1, r1, #26
878042b2:	d4fa      	bmi.n	878042aa <vsscanf+0x32>
878042b4:	5da1      	ldrb	r1, [r4, r6]
878042b6:	068e      	lsls	r6, r1, #26
878042b8:	d504      	bpl.n	878042c4 <vsscanf+0x4c>
878042ba:	f810 1f01 	ldrb.w	r1, [r0, #1]!
878042be:	5c61      	ldrb	r1, [r4, r1]
878042c0:	0689      	lsls	r1, r1, #26
878042c2:	d4fa      	bmi.n	878042ba <vsscanf+0x42>
878042c4:	2b25      	cmp	r3, #37	; 0x25
878042c6:	bf18      	it	ne
878042c8:	2b00      	cmpne	r3, #0
878042ca:	d006      	beq.n	878042da <vsscanf+0x62>
878042cc:	7806      	ldrb	r6, [r0, #0]
878042ce:	42b3      	cmp	r3, r6
878042d0:	d1e7      	bne.n	878042a2 <vsscanf+0x2a>
878042d2:	786b      	ldrb	r3, [r5, #1]
878042d4:	3001      	adds	r0, #1
878042d6:	3501      	adds	r5, #1
878042d8:	e7d9      	b.n	8780428e <vsscanf+0x16>
878042da:	2b00      	cmp	r3, #0
878042dc:	d0e1      	beq.n	878042a2 <vsscanf+0x2a>
878042de:	786b      	ldrb	r3, [r5, #1]
878042e0:	3501      	adds	r5, #1
878042e2:	2b2a      	cmp	r3, #42	; 0x2a
878042e4:	461e      	mov	r6, r3
878042e6:	5ce1      	ldrb	r1, [r4, r3]
878042e8:	f000 81f5 	beq.w	878046d6 <vsscanf+0x45e>
878042ec:	0749      	lsls	r1, r1, #29
878042ee:	bf58      	it	pl
878042f0:	f04f 31ff 	movpl.w	r1, #4294967295	; 0xffffffff
878042f4:	f100 80d0 	bmi.w	87804498 <vsscanf+0x220>
878042f8:	f003 06df 	and.w	r6, r3, #223	; 0xdf
878042fc:	2e5a      	cmp	r6, #90	; 0x5a
878042fe:	bf18      	it	ne
87804300:	2e4c      	cmpne	r6, #76	; 0x4c
87804302:	bf0c      	ite	eq
87804304:	2601      	moveq	r6, #1
87804306:	2600      	movne	r6, #0
87804308:	2b68      	cmp	r3, #104	; 0x68
8780430a:	bf08      	it	eq
8780430c:	f046 0601 	orreq.w	r6, r6, #1
87804310:	2e00      	cmp	r6, #0
87804312:	f000 81db 	beq.w	878046cc <vsscanf+0x454>
87804316:	f895 c001 	ldrb.w	ip, [r5, #1]
8780431a:	f105 0901 	add.w	r9, r5, #1
8780431e:	459c      	cmp	ip, r3
87804320:	f000 8193 	beq.w	8780464a <vsscanf+0x3d2>
87804324:	f1bc 0f00 	cmp.w	ip, #0
87804328:	d0bb      	beq.n	878042a2 <vsscanf+0x2a>
8780432a:	7806      	ldrb	r6, [r0, #0]
8780432c:	2e00      	cmp	r6, #0
8780432e:	d0b8      	beq.n	878042a2 <vsscanf+0x2a>
87804330:	f1ac 0c25 	sub.w	ip, ip, #37	; 0x25
87804334:	f109 0501 	add.w	r5, r9, #1
87804338:	f1bc 0f53 	cmp.w	ip, #83	; 0x53
8780433c:	d8b1      	bhi.n	878042a2 <vsscanf+0x2a>
8780433e:	f20f 0e08 	addw	lr, pc, #8
87804342:	f85e f02c 	ldr.w	pc, [lr, ip, lsl #2]
87804346:	bf00      	nop
87804348:	87804583 	strhi	r4, [r0, r3, lsl #11]
8780434c:	878042a3 	strhi	r4, [r0, r3, lsr #5]
87804350:	878042a3 	strhi	r4, [r0, r3, lsr #5]
87804354:	878042a3 	strhi	r4, [r0, r3, lsr #5]
87804358:	878042a3 	strhi	r4, [r0, r3, lsr #5]
8780435c:	878042a3 	strhi	r4, [r0, r3, lsr #5]
87804360:	878042a3 	strhi	r4, [r0, r3, lsr #5]
87804364:	878042a3 	strhi	r4, [r0, r3, lsr #5]
87804368:	878042a3 	strhi	r4, [r0, r3, lsr #5]
8780436c:	878042a3 	strhi	r4, [r0, r3, lsr #5]
87804370:	878042a3 	strhi	r4, [r0, r3, lsr #5]
87804374:	878042a3 	strhi	r4, [r0, r3, lsr #5]
87804378:	878042a3 	strhi	r4, [r0, r3, lsr #5]
8780437c:	878042a3 	strhi	r4, [r0, r3, lsr #5]
87804380:	878042a3 	strhi	r4, [r0, r3, lsr #5]
87804384:	878042a3 	strhi	r4, [r0, r3, lsr #5]
87804388:	878042a3 	strhi	r4, [r0, r3, lsr #5]
8780438c:	878042a3 	strhi	r4, [r0, r3, lsr #5]
87804390:	878042a3 	strhi	r4, [r0, r3, lsr #5]
87804394:	878042a3 	strhi	r4, [r0, r3, lsr #5]
87804398:	878042a3 	strhi	r4, [r0, r3, lsr #5]
8780439c:	878042a3 	strhi	r4, [r0, r3, lsr #5]
878043a0:	878042a3 	strhi	r4, [r0, r3, lsr #5]
878043a4:	878042a3 	strhi	r4, [r0, r3, lsr #5]
878043a8:	878042a3 	strhi	r4, [r0, r3, lsr #5]
878043ac:	878042a3 	strhi	r4, [r0, r3, lsr #5]
878043b0:	878042a3 	strhi	r4, [r0, r3, lsr #5]
878043b4:	878042a3 	strhi	r4, [r0, r3, lsr #5]
878043b8:	878042a3 	strhi	r4, [r0, r3, lsr #5]
878043bc:	878042a3 	strhi	r4, [r0, r3, lsr #5]
878043c0:	878042a3 	strhi	r4, [r0, r3, lsr #5]
878043c4:	878042a3 	strhi	r4, [r0, r3, lsr #5]
878043c8:	878042a3 	strhi	r4, [r0, r3, lsr #5]
878043cc:	878042a3 	strhi	r4, [r0, r3, lsr #5]
878043d0:	878042a3 	strhi	r4, [r0, r3, lsr #5]
878043d4:	878042a3 	strhi	r4, [r0, r3, lsr #5]
878043d8:	878042a3 	strhi	r4, [r0, r3, lsr #5]
878043dc:	878042a3 	strhi	r4, [r0, r3, lsr #5]
878043e0:	878042a3 	strhi	r4, [r0, r3, lsr #5]
878043e4:	878042a3 	strhi	r4, [r0, r3, lsr #5]
878043e8:	878042a3 	strhi	r4, [r0, r3, lsr #5]
878043ec:	878042a3 	strhi	r4, [r0, r3, lsr #5]
878043f0:	878042a3 	strhi	r4, [r0, r3, lsr #5]
878043f4:	878042a3 	strhi	r4, [r0, r3, lsr #5]
878043f8:	878042a3 	strhi	r4, [r0, r3, lsr #5]
878043fc:	878042a3 	strhi	r4, [r0, r3, lsr #5]
87804400:	878042a3 	strhi	r4, [r0, r3, lsr #5]
87804404:	878042a3 	strhi	r4, [r0, r3, lsr #5]
87804408:	878042a3 	strhi	r4, [r0, r3, lsr #5]
8780440c:	878042a3 	strhi	r4, [r0, r3, lsr #5]
87804410:	878042a3 	strhi	r4, [r0, r3, lsr #5]
87804414:	87804633 			; <UNDEFINED> instruction: 0x87804633
87804418:	878042a3 	strhi	r4, [r0, r3, lsr #5]
8780441c:	878042a3 	strhi	r4, [r0, r3, lsr #5]
87804420:	878042a3 	strhi	r4, [r0, r3, lsr #5]
87804424:	878042a3 	strhi	r4, [r0, r3, lsr #5]
87804428:	878042a3 	strhi	r4, [r0, r3, lsr #5]
8780442c:	878042a3 	strhi	r4, [r0, r3, lsr #5]
87804430:	878042a3 	strhi	r4, [r0, r3, lsr #5]
87804434:	878042a3 	strhi	r4, [r0, r3, lsr #5]
87804438:	878042a3 	strhi	r4, [r0, r3, lsr #5]
8780443c:	878042a3 	strhi	r4, [r0, r3, lsr #5]
87804440:	87804607 	strhi	r4, [r0, r7, lsl #12]
87804444:	878044b7 			; <UNDEFINED> instruction: 0x878044b7
87804448:	878042a3 	strhi	r4, [r0, r3, lsr #5]
8780444c:	878042a3 	strhi	r4, [r0, r3, lsr #5]
87804450:	878042a3 	strhi	r4, [r0, r3, lsr #5]
87804454:	878042a3 	strhi	r4, [r0, r3, lsr #5]
87804458:	8780463f 			; <UNDEFINED> instruction: 0x8780463f
8780445c:	878042a3 	strhi	r4, [r0, r3, lsr #5]
87804460:	878042a3 	strhi	r4, [r0, r3, lsr #5]
87804464:	878042a3 	strhi	r4, [r0, r3, lsr #5]
87804468:	878042a3 	strhi	r4, [r0, r3, lsr #5]
8780446c:	87804591 			; <UNDEFINED> instruction: 0x87804591
87804470:	878045a1 	strhi	r4, [r0, r1, lsr #11]
87804474:	878042a3 	strhi	r4, [r0, r3, lsr #5]
87804478:	878042a3 	strhi	r4, [r0, r3, lsr #5]
8780447c:	878042a3 	strhi	r4, [r0, r3, lsr #5]
87804480:	878045ad 	strhi	r4, [r0, sp, lsr #11]
87804484:	878042a3 	strhi	r4, [r0, r3, lsr #5]
87804488:	878045fb 			; <UNDEFINED> instruction: 0x878045fb
8780448c:	878042a3 	strhi	r4, [r0, r3, lsr #5]
87804490:	878042a3 	strhi	r4, [r0, r3, lsr #5]
87804494:	87804633 			; <UNDEFINED> instruction: 0x87804633
87804498:	2100      	movs	r1, #0
8780449a:	eb01 0181 	add.w	r1, r1, r1, lsl #2
8780449e:	eb06 0141 	add.w	r1, r6, r1, lsl #1
878044a2:	f815 6f01 	ldrb.w	r6, [r5, #1]!
878044a6:	3930      	subs	r1, #48	; 0x30
878044a8:	f814 c006 	ldrb.w	ip, [r4, r6]
878044ac:	4633      	mov	r3, r6
878044ae:	f01c 0f04 	tst.w	ip, #4
878044b2:	d1f2      	bne.n	8780449a <vsscanf+0x222>
878044b4:	e720      	b.n	878042f8 <vsscanf+0x80>
878044b6:	f04f 0a01 	mov.w	sl, #1
878044ba:	f04f 0c0a 	mov.w	ip, #10
878044be:	46d6      	mov	lr, sl
878044c0:	5da1      	ldrb	r1, [r4, r6]
878044c2:	0689      	lsls	r1, r1, #26
878044c4:	f140 8127 	bpl.w	87804716 <vsscanf+0x49e>
878044c8:	f810 6f01 	ldrb.w	r6, [r0, #1]!
878044cc:	5da1      	ldrb	r1, [r4, r6]
878044ce:	0689      	lsls	r1, r1, #26
878044d0:	d4fa      	bmi.n	878044c8 <vsscanf+0x250>
878044d2:	2e2d      	cmp	r6, #45	; 0x2d
878044d4:	bf14      	ite	ne
878044d6:	2100      	movne	r1, #0
878044d8:	f00a 0101 	andeq.w	r1, sl, #1
878044dc:	b101      	cbz	r1, 878044e0 <vsscanf+0x268>
878044de:	7846      	ldrb	r6, [r0, #1]
878044e0:	2e00      	cmp	r6, #0
878044e2:	f43f aede 	beq.w	878042a2 <vsscanf+0x2a>
878044e6:	f1bc 0f10 	cmp.w	ip, #16
878044ea:	f000 80e9 	beq.w	878046c0 <vsscanf+0x448>
878044ee:	f1bc 0f0a 	cmp.w	ip, #10
878044f2:	f000 80e0 	beq.w	878046b6 <vsscanf+0x43e>
878044f6:	f1bc 0f08 	cmp.w	ip, #8
878044fa:	f040 80d8 	bne.w	878046ae <vsscanf+0x436>
878044fe:	5da1      	ldrb	r1, [r4, r6]
87804500:	f081 0104 	eor.w	r1, r1, #4
87804504:	f3c1 0180 	ubfx	r1, r1, #2, #1
87804508:	2e37      	cmp	r6, #55	; 0x37
8780450a:	bf94      	ite	ls
8780450c:	460e      	movls	r6, r1
8780450e:	f041 0601 	orrhi.w	r6, r1, #1
87804512:	2e00      	cmp	r6, #0
87804514:	f47f aec5 	bne.w	878042a2 <vsscanf+0x2a>
87804518:	3b48      	subs	r3, #72	; 0x48
8780451a:	1d16      	adds	r6, r2, #4
8780451c:	f8d2 a000 	ldr.w	sl, [r2]
87804520:	2b32      	cmp	r3, #50	; 0x32
87804522:	d81b      	bhi.n	8780455c <vsscanf+0x2e4>
87804524:	e8df f003 	tbb	[pc, r3]
87804528:	1a1a1ab9 	bne	87e8b014 <__bss_end+0x680808>
8780452c:	1a1a1aaf 	bne	87e8aff0 <__bss_end+0x6807e4>
87804530:	1a1a1a1a 	bne	87e8ada0 <__bss_end+0x680594>
87804534:	1a1a1a1a 	bne	87e8ada4 <__bss_end+0x680598>
87804538:	1aa81a1a 	bne	8620ada8 <shift+0x8620ada8>
8780453c:	1a1a1a1a 	bne	87e8adac <__bss_end+0x6805a0>
87804540:	1a1a1a1a 	bne	87e8adb0 <__bss_end+0x6805a4>
87804544:	1a1a1a1a 	bne	87e8adb4 <__bss_end+0x6805a8>
87804548:	1a1a1a9e 	bne	87e8afc8 <__bss_end+0x6807bc>
8780454c:	1a1a1a1a 	bne	87e8adbc <__bss_end+0x6805b0>
87804550:	1a1a1a1a 	bne	87e8adc0 <__bss_end+0x6805b4>
87804554:	1a1a1a1a 	bne	87e8adc4 <__bss_end+0x6805b8>
87804558:	00a81a1a 	adceq	r1, r8, sl, lsl sl
8780455c:	4662      	mov	r2, ip
8780455e:	a901      	add	r1, sp, #4
87804560:	f1be 0f00 	cmp.w	lr, #0
87804564:	f000 80d2 	beq.w	8780470c <vsscanf+0x494>
87804568:	f7ff fabe 	bl	87803ae8 <simple_strtol>
8780456c:	f8ca 0000 	str.w	r0, [sl]
87804570:	9801      	ldr	r0, [sp, #4]
87804572:	3701      	adds	r7, #1
87804574:	2800      	cmp	r0, #0
87804576:	f43f ae94 	beq.w	878042a2 <vsscanf+0x2a>
8780457a:	f899 3001 	ldrb.w	r3, [r9, #1]
8780457e:	4632      	mov	r2, r6
87804580:	e685      	b.n	8780428e <vsscanf+0x16>
87804582:	2e25      	cmp	r6, #37	; 0x25
87804584:	f47f ae8d 	bne.w	878042a2 <vsscanf+0x2a>
87804588:	3001      	adds	r0, #1
8780458a:	f899 3001 	ldrb.w	r3, [r9, #1]
8780458e:	e67e      	b.n	8780428e <vsscanf+0x16>
87804590:	6813      	ldr	r3, [r2, #0]
87804592:	eba0 0108 	sub.w	r1, r0, r8
87804596:	3204      	adds	r2, #4
87804598:	6019      	str	r1, [r3, #0]
8780459a:	f899 3001 	ldrb.w	r3, [r9, #1]
8780459e:	e676      	b.n	8780428e <vsscanf+0x16>
878045a0:	f04f 0a00 	mov.w	sl, #0
878045a4:	f04f 0c08 	mov.w	ip, #8
878045a8:	46d6      	mov	lr, sl
878045aa:	e789      	b.n	878044c0 <vsscanf+0x248>
878045ac:	f102 0e04 	add.w	lr, r2, #4
878045b0:	f8d2 c000 	ldr.w	ip, [r2]
878045b4:	1c4a      	adds	r2, r1, #1
878045b6:	5da3      	ldrb	r3, [r4, r6]
878045b8:	f000 80cb 	beq.w	87804752 <vsscanf+0x4da>
878045bc:	069b      	lsls	r3, r3, #26
878045be:	d505      	bpl.n	878045cc <vsscanf+0x354>
878045c0:	f810 6f01 	ldrb.w	r6, [r0, #1]!
878045c4:	5da3      	ldrb	r3, [r4, r6]
878045c6:	069a      	lsls	r2, r3, #26
878045c8:	d4fa      	bmi.n	878045c0 <vsscanf+0x348>
878045ca:	b176      	cbz	r6, 878045ea <vsscanf+0x372>
878045cc:	b169      	cbz	r1, 878045ea <vsscanf+0x372>
878045ce:	1c43      	adds	r3, r0, #1
878045d0:	e004      	b.n	878045dc <vsscanf+0x364>
878045d2:	5da2      	ldrb	r2, [r4, r6]
878045d4:	0692      	lsls	r2, r2, #26
878045d6:	d408      	bmi.n	878045ea <vsscanf+0x372>
878045d8:	3901      	subs	r1, #1
878045da:	d006      	beq.n	878045ea <vsscanf+0x372>
878045dc:	f80c 6b01 	strb.w	r6, [ip], #1
878045e0:	4618      	mov	r0, r3
878045e2:	f813 6b01 	ldrb.w	r6, [r3], #1
878045e6:	2e00      	cmp	r6, #0
878045e8:	d1f3      	bne.n	878045d2 <vsscanf+0x35a>
878045ea:	2300      	movs	r3, #0
878045ec:	3701      	adds	r7, #1
878045ee:	f88c 3000 	strb.w	r3, [ip]
878045f2:	4672      	mov	r2, lr
878045f4:	f899 3001 	ldrb.w	r3, [r9, #1]
878045f8:	e649      	b.n	8780428e <vsscanf+0x16>
878045fa:	f04f 0a00 	mov.w	sl, #0
878045fe:	f04f 0c0a 	mov.w	ip, #10
87804602:	46d6      	mov	lr, sl
87804604:	e75c      	b.n	878044c0 <vsscanf+0x248>
87804606:	1c4b      	adds	r3, r1, #1
87804608:	f102 0c04 	add.w	ip, r2, #4
8780460c:	6812      	ldr	r2, [r2, #0]
8780460e:	f000 80a6 	beq.w	8780475e <vsscanf+0x4e6>
87804612:	1c43      	adds	r3, r0, #1
87804614:	3901      	subs	r1, #1
87804616:	f802 6b01 	strb.w	r6, [r2], #1
8780461a:	2900      	cmp	r1, #0
8780461c:	4618      	mov	r0, r3
8780461e:	dd03      	ble.n	87804628 <vsscanf+0x3b0>
87804620:	f813 6b01 	ldrb.w	r6, [r3], #1
87804624:	2e00      	cmp	r6, #0
87804626:	d1f5      	bne.n	87804614 <vsscanf+0x39c>
87804628:	3701      	adds	r7, #1
8780462a:	f899 3001 	ldrb.w	r3, [r9, #1]
8780462e:	4662      	mov	r2, ip
87804630:	e62d      	b.n	8780428e <vsscanf+0x16>
87804632:	f04f 0a00 	mov.w	sl, #0
87804636:	f04f 0c10 	mov.w	ip, #16
8780463a:	46d6      	mov	lr, sl
8780463c:	e740      	b.n	878044c0 <vsscanf+0x248>
8780463e:	f04f 0a01 	mov.w	sl, #1
87804642:	f04f 0c00 	mov.w	ip, #0
87804646:	46d6      	mov	lr, sl
87804648:	e73a      	b.n	878044c0 <vsscanf+0x248>
8780464a:	2b68      	cmp	r3, #104	; 0x68
8780464c:	d07b      	beq.n	87804746 <vsscanf+0x4ce>
8780464e:	2b6c      	cmp	r3, #108	; 0x6c
87804650:	bf18      	it	ne
87804652:	469c      	movne	ip, r3
87804654:	f47f ae66 	bne.w	87804324 <vsscanf+0xac>
87804658:	f105 0902 	add.w	r9, r5, #2
8780465c:	f895 c002 	ldrb.w	ip, [r5, #2]
87804660:	234c      	movs	r3, #76	; 0x4c
87804662:	e65f      	b.n	87804324 <vsscanf+0xac>
87804664:	4662      	mov	r2, ip
87804666:	a901      	add	r1, sp, #4
87804668:	f1be 0f00 	cmp.w	lr, #0
8780466c:	d066      	beq.n	8780473c <vsscanf+0x4c4>
8780466e:	f7ff fa3b 	bl	87803ae8 <simple_strtol>
87804672:	f8aa 0000 	strh.w	r0, [sl]
87804676:	e77b      	b.n	87804570 <vsscanf+0x2f8>
87804678:	4662      	mov	r2, ip
8780467a:	a901      	add	r1, sp, #4
8780467c:	f7ff f9bc 	bl	878039f8 <simple_strtoul>
87804680:	f8ca 0000 	str.w	r0, [sl]
87804684:	e774      	b.n	87804570 <vsscanf+0x2f8>
87804686:	4662      	mov	r2, ip
87804688:	a901      	add	r1, sp, #4
8780468a:	f1be 0f00 	cmp.w	lr, #0
8780468e:	d050      	beq.n	87804732 <vsscanf+0x4ba>
87804690:	f7ff fad0 	bl	87803c34 <simple_strtoll>
87804694:	e9ca 0100 	strd	r0, r1, [sl]
87804698:	e76a      	b.n	87804570 <vsscanf+0x2f8>
8780469a:	4662      	mov	r2, ip
8780469c:	a901      	add	r1, sp, #4
8780469e:	f1be 0f00 	cmp.w	lr, #0
878046a2:	d041      	beq.n	87804728 <vsscanf+0x4b0>
878046a4:	f7ff fa20 	bl	87803ae8 <simple_strtol>
878046a8:	f88a 0000 	strb.w	r0, [sl]
878046ac:	e760      	b.n	87804570 <vsscanf+0x2f8>
878046ae:	f1bc 0f00 	cmp.w	ip, #0
878046b2:	f47f af31 	bne.w	87804518 <vsscanf+0x2a0>
878046b6:	5da1      	ldrb	r1, [r4, r6]
878046b8:	0749      	lsls	r1, r1, #29
878046ba:	f57f adf2 	bpl.w	878042a2 <vsscanf+0x2a>
878046be:	e72b      	b.n	87804518 <vsscanf+0x2a0>
878046c0:	5da1      	ldrb	r1, [r4, r6]
878046c2:	f011 0f44 	tst.w	r1, #68	; 0x44
878046c6:	f47f af27 	bne.w	87804518 <vsscanf+0x2a0>
878046ca:	e5ea      	b.n	878042a2 <vsscanf+0x2a>
878046cc:	469c      	mov	ip, r3
878046ce:	46a9      	mov	r9, r5
878046d0:	f04f 33ff 	mov.w	r3, #4294967295	; 0xffffffff
878046d4:	e626      	b.n	87804324 <vsscanf+0xac>
878046d6:	068e      	lsls	r6, r1, #26
878046d8:	d40a      	bmi.n	878046f0 <vsscanf+0x478>
878046da:	f815 3f01 	ldrb.w	r3, [r5, #1]!
878046de:	5ce1      	ldrb	r1, [r4, r3]
878046e0:	1c1e      	adds	r6, r3, #0
878046e2:	bf18      	it	ne
878046e4:	2601      	movne	r6, #1
878046e6:	f081 0120 	eor.w	r1, r1, #32
878046ea:	ea16 1151 	ands.w	r1, r6, r1, lsr #5
878046ee:	d1f4      	bne.n	878046da <vsscanf+0x462>
878046f0:	7801      	ldrb	r1, [r0, #0]
878046f2:	e001      	b.n	878046f8 <vsscanf+0x480>
878046f4:	f810 1f01 	ldrb.w	r1, [r0, #1]!
878046f8:	5c66      	ldrb	r6, [r4, r1]
878046fa:	3100      	adds	r1, #0
878046fc:	bf18      	it	ne
878046fe:	2101      	movne	r1, #1
87804700:	f086 0620 	eor.w	r6, r6, #32
87804704:	ea11 1156 	ands.w	r1, r1, r6, lsr #5
87804708:	d1f4      	bne.n	878046f4 <vsscanf+0x47c>
8780470a:	e5c0      	b.n	8780428e <vsscanf+0x16>
8780470c:	f7ff f974 	bl	878039f8 <simple_strtoul>
87804710:	f8ca 0000 	str.w	r0, [sl]
87804714:	e72c      	b.n	87804570 <vsscanf+0x2f8>
87804716:	2e2d      	cmp	r6, #45	; 0x2d
87804718:	bf14      	ite	ne
8780471a:	2100      	movne	r1, #0
8780471c:	f00a 0101 	andeq.w	r1, sl, #1
87804720:	2900      	cmp	r1, #0
87804722:	f47f aedc 	bne.w	878044de <vsscanf+0x266>
87804726:	e6de      	b.n	878044e6 <vsscanf+0x26e>
87804728:	f7ff f966 	bl	878039f8 <simple_strtoul>
8780472c:	f88a 0000 	strb.w	r0, [sl]
87804730:	e71e      	b.n	87804570 <vsscanf+0x2f8>
87804732:	f7ff f9e7 	bl	87803b04 <simple_strtoull>
87804736:	e9ca 0100 	strd	r0, r1, [sl]
8780473a:	e719      	b.n	87804570 <vsscanf+0x2f8>
8780473c:	f7ff f95c 	bl	878039f8 <simple_strtoul>
87804740:	f8aa 0000 	strh.w	r0, [sl]
87804744:	e714      	b.n	87804570 <vsscanf+0x2f8>
87804746:	f105 0902 	add.w	r9, r5, #2
8780474a:	f895 c002 	ldrb.w	ip, [r5, #2]
8780474e:	2348      	movs	r3, #72	; 0x48
87804750:	e5e8      	b.n	87804324 <vsscanf+0xac>
87804752:	069b      	lsls	r3, r3, #26
87804754:	f06f 4100 	mvn.w	r1, #2147483648	; 0x80000000
87804758:	f57f af39 	bpl.w	878045ce <vsscanf+0x356>
8780475c:	e730      	b.n	878045c0 <vsscanf+0x348>
8780475e:	3001      	adds	r0, #1
87804760:	7016      	strb	r6, [r2, #0]
87804762:	e761      	b.n	87804628 <vsscanf+0x3b0>

87804764 <sscanf>:
87804764:	b40e      	push	{r1, r2, r3}
87804766:	b500      	push	{lr}
87804768:	aa02      	add	r2, sp, #8
8780476a:	9901      	ldr	r1, [sp, #4]
8780476c:	f7ff fd84 	bl	87804278 <vsscanf>
87804770:	f85d eb04 	ldr.w	lr, [sp], #4
87804774:	b003      	add	sp, #12
87804776:	4770      	bx	lr

87804778 <__udivsi3>:
87804778:	1e4a      	subs	r2, r1, #1
8780477a:	bf08      	it	eq
8780477c:	4770      	bxeq	lr
8780477e:	f0c0 8124 	bcc.w	878049ca <__udivsi3+0x252>
87804782:	4288      	cmp	r0, r1
87804784:	f240 8116 	bls.w	878049b4 <__udivsi3+0x23c>
87804788:	4211      	tst	r1, r2
8780478a:	f000 8117 	beq.w	878049bc <__udivsi3+0x244>
8780478e:	fab0 f380 	clz	r3, r0
87804792:	fab1 f281 	clz	r2, r1
87804796:	eba2 0303 	sub.w	r3, r2, r3
8780479a:	f1c3 031f 	rsb	r3, r3, #31
8780479e:	a204      	add	r2, pc, #16	; (adr r2, 878047b0 <__udivsi3+0x38>)
878047a0:	eb02 1303 	add.w	r3, r2, r3, lsl #4
878047a4:	f04f 0200 	mov.w	r2, #0
878047a8:	469f      	mov	pc, r3
878047aa:	bf00      	nop
878047ac:	f3af 8000 	nop.w
878047b0:	ebb0 7fc1 	cmp.w	r0, r1, lsl #31
878047b4:	bf00      	nop
878047b6:	eb42 0202 	adc.w	r2, r2, r2
878047ba:	bf28      	it	cs
878047bc:	eba0 70c1 	subcs.w	r0, r0, r1, lsl #31
878047c0:	ebb0 7f81 	cmp.w	r0, r1, lsl #30
878047c4:	bf00      	nop
878047c6:	eb42 0202 	adc.w	r2, r2, r2
878047ca:	bf28      	it	cs
878047cc:	eba0 7081 	subcs.w	r0, r0, r1, lsl #30
878047d0:	ebb0 7f41 	cmp.w	r0, r1, lsl #29
878047d4:	bf00      	nop
878047d6:	eb42 0202 	adc.w	r2, r2, r2
878047da:	bf28      	it	cs
878047dc:	eba0 7041 	subcs.w	r0, r0, r1, lsl #29
878047e0:	ebb0 7f01 	cmp.w	r0, r1, lsl #28
878047e4:	bf00      	nop
878047e6:	eb42 0202 	adc.w	r2, r2, r2
878047ea:	bf28      	it	cs
878047ec:	eba0 7001 	subcs.w	r0, r0, r1, lsl #28
878047f0:	ebb0 6fc1 	cmp.w	r0, r1, lsl #27
878047f4:	bf00      	nop
878047f6:	eb42 0202 	adc.w	r2, r2, r2
878047fa:	bf28      	it	cs
878047fc:	eba0 60c1 	subcs.w	r0, r0, r1, lsl #27
87804800:	ebb0 6f81 	cmp.w	r0, r1, lsl #26
87804804:	bf00      	nop
87804806:	eb42 0202 	adc.w	r2, r2, r2
8780480a:	bf28      	it	cs
8780480c:	eba0 6081 	subcs.w	r0, r0, r1, lsl #26
87804810:	ebb0 6f41 	cmp.w	r0, r1, lsl #25
87804814:	bf00      	nop
87804816:	eb42 0202 	adc.w	r2, r2, r2
8780481a:	bf28      	it	cs
8780481c:	eba0 6041 	subcs.w	r0, r0, r1, lsl #25
87804820:	ebb0 6f01 	cmp.w	r0, r1, lsl #24
87804824:	bf00      	nop
87804826:	eb42 0202 	adc.w	r2, r2, r2
8780482a:	bf28      	it	cs
8780482c:	eba0 6001 	subcs.w	r0, r0, r1, lsl #24
87804830:	ebb0 5fc1 	cmp.w	r0, r1, lsl #23
87804834:	bf00      	nop
87804836:	eb42 0202 	adc.w	r2, r2, r2
8780483a:	bf28      	it	cs
8780483c:	eba0 50c1 	subcs.w	r0, r0, r1, lsl #23
87804840:	ebb0 5f81 	cmp.w	r0, r1, lsl #22
87804844:	bf00      	nop
87804846:	eb42 0202 	adc.w	r2, r2, r2
8780484a:	bf28      	it	cs
8780484c:	eba0 5081 	subcs.w	r0, r0, r1, lsl #22
87804850:	ebb0 5f41 	cmp.w	r0, r1, lsl #21
87804854:	bf00      	nop
87804856:	eb42 0202 	adc.w	r2, r2, r2
8780485a:	bf28      	it	cs
8780485c:	eba0 5041 	subcs.w	r0, r0, r1, lsl #21
87804860:	ebb0 5f01 	cmp.w	r0, r1, lsl #20
87804864:	bf00      	nop
87804866:	eb42 0202 	adc.w	r2, r2, r2
8780486a:	bf28      	it	cs
8780486c:	eba0 5001 	subcs.w	r0, r0, r1, lsl #20
87804870:	ebb0 4fc1 	cmp.w	r0, r1, lsl #19
87804874:	bf00      	nop
87804876:	eb42 0202 	adc.w	r2, r2, r2
8780487a:	bf28      	it	cs
8780487c:	eba0 40c1 	subcs.w	r0, r0, r1, lsl #19
87804880:	ebb0 4f81 	cmp.w	r0, r1, lsl #18
87804884:	bf00      	nop
87804886:	eb42 0202 	adc.w	r2, r2, r2
8780488a:	bf28      	it	cs
8780488c:	eba0 4081 	subcs.w	r0, r0, r1, lsl #18
87804890:	ebb0 4f41 	cmp.w	r0, r1, lsl #17
87804894:	bf00      	nop
87804896:	eb42 0202 	adc.w	r2, r2, r2
8780489a:	bf28      	it	cs
8780489c:	eba0 4041 	subcs.w	r0, r0, r1, lsl #17
878048a0:	ebb0 4f01 	cmp.w	r0, r1, lsl #16
878048a4:	bf00      	nop
878048a6:	eb42 0202 	adc.w	r2, r2, r2
878048aa:	bf28      	it	cs
878048ac:	eba0 4001 	subcs.w	r0, r0, r1, lsl #16
878048b0:	ebb0 3fc1 	cmp.w	r0, r1, lsl #15
878048b4:	bf00      	nop
878048b6:	eb42 0202 	adc.w	r2, r2, r2
878048ba:	bf28      	it	cs
878048bc:	eba0 30c1 	subcs.w	r0, r0, r1, lsl #15
878048c0:	ebb0 3f81 	cmp.w	r0, r1, lsl #14
878048c4:	bf00      	nop
878048c6:	eb42 0202 	adc.w	r2, r2, r2
878048ca:	bf28      	it	cs
878048cc:	eba0 3081 	subcs.w	r0, r0, r1, lsl #14
878048d0:	ebb0 3f41 	cmp.w	r0, r1, lsl #13
878048d4:	bf00      	nop
878048d6:	eb42 0202 	adc.w	r2, r2, r2
878048da:	bf28      	it	cs
878048dc:	eba0 3041 	subcs.w	r0, r0, r1, lsl #13
878048e0:	ebb0 3f01 	cmp.w	r0, r1, lsl #12
878048e4:	bf00      	nop
878048e6:	eb42 0202 	adc.w	r2, r2, r2
878048ea:	bf28      	it	cs
878048ec:	eba0 3001 	subcs.w	r0, r0, r1, lsl #12
878048f0:	ebb0 2fc1 	cmp.w	r0, r1, lsl #11
878048f4:	bf00      	nop
878048f6:	eb42 0202 	adc.w	r2, r2, r2
878048fa:	bf28      	it	cs
878048fc:	eba0 20c1 	subcs.w	r0, r0, r1, lsl #11
87804900:	ebb0 2f81 	cmp.w	r0, r1, lsl #10
87804904:	bf00      	nop
87804906:	eb42 0202 	adc.w	r2, r2, r2
8780490a:	bf28      	it	cs
8780490c:	eba0 2081 	subcs.w	r0, r0, r1, lsl #10
87804910:	ebb0 2f41 	cmp.w	r0, r1, lsl #9
87804914:	bf00      	nop
87804916:	eb42 0202 	adc.w	r2, r2, r2
8780491a:	bf28      	it	cs
8780491c:	eba0 2041 	subcs.w	r0, r0, r1, lsl #9
87804920:	ebb0 2f01 	cmp.w	r0, r1, lsl #8
87804924:	bf00      	nop
87804926:	eb42 0202 	adc.w	r2, r2, r2
8780492a:	bf28      	it	cs
8780492c:	eba0 2001 	subcs.w	r0, r0, r1, lsl #8
87804930:	ebb0 1fc1 	cmp.w	r0, r1, lsl #7
87804934:	bf00      	nop
87804936:	eb42 0202 	adc.w	r2, r2, r2
8780493a:	bf28      	it	cs
8780493c:	eba0 10c1 	subcs.w	r0, r0, r1, lsl #7
87804940:	ebb0 1f81 	cmp.w	r0, r1, lsl #6
87804944:	bf00      	nop
87804946:	eb42 0202 	adc.w	r2, r2, r2
8780494a:	bf28      	it	cs
8780494c:	eba0 1081 	subcs.w	r0, r0, r1, lsl #6
87804950:	ebb0 1f41 	cmp.w	r0, r1, lsl #5
87804954:	bf00      	nop
87804956:	eb42 0202 	adc.w	r2, r2, r2
8780495a:	bf28      	it	cs
8780495c:	eba0 1041 	subcs.w	r0, r0, r1, lsl #5
87804960:	ebb0 1f01 	cmp.w	r0, r1, lsl #4
87804964:	bf00      	nop
87804966:	eb42 0202 	adc.w	r2, r2, r2
8780496a:	bf28      	it	cs
8780496c:	eba0 1001 	subcs.w	r0, r0, r1, lsl #4
87804970:	ebb0 0fc1 	cmp.w	r0, r1, lsl #3
87804974:	bf00      	nop
87804976:	eb42 0202 	adc.w	r2, r2, r2
8780497a:	bf28      	it	cs
8780497c:	eba0 00c1 	subcs.w	r0, r0, r1, lsl #3
87804980:	ebb0 0f81 	cmp.w	r0, r1, lsl #2
87804984:	bf00      	nop
87804986:	eb42 0202 	adc.w	r2, r2, r2
8780498a:	bf28      	it	cs
8780498c:	eba0 0081 	subcs.w	r0, r0, r1, lsl #2
87804990:	ebb0 0f41 	cmp.w	r0, r1, lsl #1
87804994:	bf00      	nop
87804996:	eb42 0202 	adc.w	r2, r2, r2
8780499a:	bf28      	it	cs
8780499c:	eba0 0041 	subcs.w	r0, r0, r1, lsl #1
878049a0:	ebb0 0f01 	cmp.w	r0, r1
878049a4:	bf00      	nop
878049a6:	eb42 0202 	adc.w	r2, r2, r2
878049aa:	bf28      	it	cs
878049ac:	eba0 0001 	subcs.w	r0, r0, r1
878049b0:	4610      	mov	r0, r2
878049b2:	4770      	bx	lr
878049b4:	bf0c      	ite	eq
878049b6:	2001      	moveq	r0, #1
878049b8:	2000      	movne	r0, #0
878049ba:	4770      	bx	lr
878049bc:	fab1 f281 	clz	r2, r1
878049c0:	f1c2 021f 	rsb	r2, r2, #31
878049c4:	fa20 f002 	lsr.w	r0, r0, r2
878049c8:	4770      	bx	lr
878049ca:	b108      	cbz	r0, 878049d0 <__udivsi3+0x258>
878049cc:	f04f 30ff 	mov.w	r0, #4294967295	; 0xffffffff
878049d0:	f000 b876 	b.w	87804ac0 <__aeabi_idiv0>

878049d4 <__aeabi_uidivmod>:
878049d4:	2900      	cmp	r1, #0
878049d6:	d0f8      	beq.n	878049ca <__udivsi3+0x252>
878049d8:	e92d 4003 	stmdb	sp!, {r0, r1, lr}
878049dc:	f7ff fecc 	bl	87804778 <__udivsi3>
878049e0:	e8bd 4006 	ldmia.w	sp!, {r1, r2, lr}
878049e4:	fb02 f300 	mul.w	r3, r2, r0
878049e8:	eba1 0103 	sub.w	r1, r1, r3
878049ec:	4770      	bx	lr
878049ee:	bf00      	nop

878049f0 <__aeabi_ldivmod>:
878049f0:	b97b      	cbnz	r3, 87804a12 <__aeabi_ldivmod+0x22>
878049f2:	b972      	cbnz	r2, 87804a12 <__aeabi_ldivmod+0x22>
878049f4:	2900      	cmp	r1, #0
878049f6:	bfbe      	ittt	lt
878049f8:	2000      	movlt	r0, #0
878049fa:	f04f 4100 	movlt.w	r1, #2147483648	; 0x80000000
878049fe:	e006      	blt.n	87804a0e <__aeabi_ldivmod+0x1e>
87804a00:	bf08      	it	eq
87804a02:	2800      	cmpeq	r0, #0
87804a04:	bf1c      	itt	ne
87804a06:	f06f 4100 	mvnne.w	r1, #2147483648	; 0x80000000
87804a0a:	f04f 30ff 	movne.w	r0, #4294967295	; 0xffffffff
87804a0e:	f000 b857 	b.w	87804ac0 <__aeabi_idiv0>
87804a12:	f1ad 0c08 	sub.w	ip, sp, #8
87804a16:	e96d ce04 	strd	ip, lr, [sp, #-16]!
87804a1a:	2900      	cmp	r1, #0
87804a1c:	db09      	blt.n	87804a32 <__aeabi_ldivmod+0x42>
87804a1e:	2b00      	cmp	r3, #0
87804a20:	db1a      	blt.n	87804a58 <__aeabi_ldivmod+0x68>
87804a22:	f000 f853 	bl	87804acc <__udivmoddi4>
87804a26:	f8dd e004 	ldr.w	lr, [sp, #4]
87804a2a:	e9dd 2302 	ldrd	r2, r3, [sp, #8]
87804a2e:	b004      	add	sp, #16
87804a30:	4770      	bx	lr
87804a32:	4240      	negs	r0, r0
87804a34:	eb61 0141 	sbc.w	r1, r1, r1, lsl #1
87804a38:	2b00      	cmp	r3, #0
87804a3a:	db1b      	blt.n	87804a74 <__aeabi_ldivmod+0x84>
87804a3c:	f000 f846 	bl	87804acc <__udivmoddi4>
87804a40:	f8dd e004 	ldr.w	lr, [sp, #4]
87804a44:	e9dd 2302 	ldrd	r2, r3, [sp, #8]
87804a48:	b004      	add	sp, #16
87804a4a:	4240      	negs	r0, r0
87804a4c:	eb61 0141 	sbc.w	r1, r1, r1, lsl #1
87804a50:	4252      	negs	r2, r2
87804a52:	eb63 0343 	sbc.w	r3, r3, r3, lsl #1
87804a56:	4770      	bx	lr
87804a58:	4252      	negs	r2, r2
87804a5a:	eb63 0343 	sbc.w	r3, r3, r3, lsl #1
87804a5e:	f000 f835 	bl	87804acc <__udivmoddi4>
87804a62:	f8dd e004 	ldr.w	lr, [sp, #4]
87804a66:	e9dd 2302 	ldrd	r2, r3, [sp, #8]
87804a6a:	b004      	add	sp, #16
87804a6c:	4240      	negs	r0, r0
87804a6e:	eb61 0141 	sbc.w	r1, r1, r1, lsl #1
87804a72:	4770      	bx	lr
87804a74:	4252      	negs	r2, r2
87804a76:	eb63 0343 	sbc.w	r3, r3, r3, lsl #1
87804a7a:	f000 f827 	bl	87804acc <__udivmoddi4>
87804a7e:	f8dd e004 	ldr.w	lr, [sp, #4]
87804a82:	e9dd 2302 	ldrd	r2, r3, [sp, #8]
87804a86:	b004      	add	sp, #16
87804a88:	4252      	negs	r2, r2
87804a8a:	eb63 0343 	sbc.w	r3, r3, r3, lsl #1
87804a8e:	4770      	bx	lr

87804a90 <__aeabi_uldivmod>:
87804a90:	b953      	cbnz	r3, 87804aa8 <__aeabi_uldivmod+0x18>
87804a92:	b94a      	cbnz	r2, 87804aa8 <__aeabi_uldivmod+0x18>
87804a94:	2900      	cmp	r1, #0
87804a96:	bf08      	it	eq
87804a98:	2800      	cmpeq	r0, #0
87804a9a:	bf1c      	itt	ne
87804a9c:	f04f 31ff 	movne.w	r1, #4294967295	; 0xffffffff
87804aa0:	f04f 30ff 	movne.w	r0, #4294967295	; 0xffffffff
87804aa4:	f000 b80c 	b.w	87804ac0 <__aeabi_idiv0>
87804aa8:	f1ad 0c08 	sub.w	ip, sp, #8
87804aac:	e96d ce04 	strd	ip, lr, [sp, #-16]!
87804ab0:	f000 f80c 	bl	87804acc <__udivmoddi4>
87804ab4:	f8dd e004 	ldr.w	lr, [sp, #4]
87804ab8:	e9dd 2302 	ldrd	r2, r3, [sp, #8]
87804abc:	b004      	add	sp, #16
87804abe:	4770      	bx	lr

87804ac0 <__aeabi_idiv0>:
87804ac0:	b502      	push	{r1, lr}
87804ac2:	f04f 0008 	mov.w	r0, #8
87804ac6:	f7fc f989 	bl	87800ddc <raise>
87804aca:	bd02      	pop	{r1, pc}

87804acc <__udivmoddi4>:
87804acc:	4299      	cmp	r1, r3
87804ace:	e92d 4ff0 	stmdb	sp!, {r4, r5, r6, r7, r8, r9, sl, fp, lr}
87804ad2:	bf08      	it	eq
87804ad4:	4290      	cmpeq	r0, r2
87804ad6:	4604      	mov	r4, r0
87804ad8:	bf38      	it	cc
87804ada:	2000      	movcc	r0, #0
87804adc:	460d      	mov	r5, r1
87804ade:	f8dd e024 	ldr.w	lr, [sp, #36]	; 0x24
87804ae2:	bf38      	it	cc
87804ae4:	4601      	movcc	r1, r0
87804ae6:	d368      	bcc.n	87804bba <__udivmoddi4+0xee>
87804ae8:	4692      	mov	sl, r2
87804aea:	469b      	mov	fp, r3
87804aec:	fab3 fc83 	clz	ip, r3
87804af0:	2b00      	cmp	r3, #0
87804af2:	d06d      	beq.n	87804bd0 <__udivmoddi4+0x104>
87804af4:	fab5 f185 	clz	r1, r5
87804af8:	2d00      	cmp	r5, #0
87804afa:	d065      	beq.n	87804bc8 <__udivmoddi4+0xfc>
87804afc:	ebac 0c01 	sub.w	ip, ip, r1
87804b00:	f1ac 0820 	sub.w	r8, ip, #32
87804b04:	fa0b f70c 	lsl.w	r7, fp, ip
87804b08:	fa0a f108 	lsl.w	r1, sl, r8
87804b0c:	f1cc 0920 	rsb	r9, ip, #32
87804b10:	fa2a f309 	lsr.w	r3, sl, r9
87804b14:	fa0a f60c 	lsl.w	r6, sl, ip
87804b18:	430f      	orrs	r7, r1
87804b1a:	431f      	orrs	r7, r3
87804b1c:	42bd      	cmp	r5, r7
87804b1e:	bf08      	it	eq
87804b20:	42b4      	cmpeq	r4, r6
87804b22:	bf3c      	itt	cc
87804b24:	2000      	movcc	r0, #0
87804b26:	4601      	movcc	r1, r0
87804b28:	d30a      	bcc.n	87804b40 <__udivmoddi4+0x74>
87804b2a:	2001      	movs	r0, #1
87804b2c:	1ba4      	subs	r4, r4, r6
87804b2e:	fa00 f108 	lsl.w	r1, r0, r8
87804b32:	fa20 f309 	lsr.w	r3, r0, r9
87804b36:	fa00 f00c 	lsl.w	r0, r0, ip
87804b3a:	eb65 0507 	sbc.w	r5, r5, r7
87804b3e:	4319      	orrs	r1, r3
87804b40:	f1bc 0f00 	cmp.w	ip, #0
87804b44:	d039      	beq.n	87804bba <__udivmoddi4+0xee>
87804b46:	087f      	lsrs	r7, r7, #1
87804b48:	ea4f 0636 	mov.w	r6, r6, rrx
87804b4c:	4662      	mov	r2, ip
87804b4e:	e00a      	b.n	87804b66 <__udivmoddi4+0x9a>
87804b50:	1ba3      	subs	r3, r4, r6
87804b52:	eb65 0a07 	sbc.w	sl, r5, r7
87804b56:	18db      	adds	r3, r3, r3
87804b58:	eb4a 0a0a 	adc.w	sl, sl, sl
87804b5c:	1c5c      	adds	r4, r3, #1
87804b5e:	f14a 0500 	adc.w	r5, sl, #0
87804b62:	3a01      	subs	r2, #1
87804b64:	d007      	beq.n	87804b76 <__udivmoddi4+0xaa>
87804b66:	42bd      	cmp	r5, r7
87804b68:	bf08      	it	eq
87804b6a:	42b4      	cmpeq	r4, r6
87804b6c:	d2f0      	bcs.n	87804b50 <__udivmoddi4+0x84>
87804b6e:	1924      	adds	r4, r4, r4
87804b70:	416d      	adcs	r5, r5
87804b72:	3a01      	subs	r2, #1
87804b74:	d1f7      	bne.n	87804b66 <__udivmoddi4+0x9a>
87804b76:	fa24 f30c 	lsr.w	r3, r4, ip
87804b7a:	fa05 f909 	lsl.w	r9, r5, r9
87804b7e:	fa25 f20c 	lsr.w	r2, r5, ip
87804b82:	fa25 f808 	lsr.w	r8, r5, r8
87804b86:	1900      	adds	r0, r0, r4
87804b88:	ea43 0309 	orr.w	r3, r3, r9
87804b8c:	ea43 0408 	orr.w	r4, r3, r8
87804b90:	eb45 0101 	adc.w	r1, r5, r1
87804b94:	4615      	mov	r5, r2
87804b96:	f1ac 0220 	sub.w	r2, ip, #32
87804b9a:	fa05 f30c 	lsl.w	r3, r5, ip
87804b9e:	fa04 f60c 	lsl.w	r6, r4, ip
87804ba2:	fa04 f202 	lsl.w	r2, r4, r2
87804ba6:	f1cc 0c20 	rsb	ip, ip, #32
87804baa:	fa24 fc0c 	lsr.w	ip, r4, ip
87804bae:	4313      	orrs	r3, r2
87804bb0:	1b80      	subs	r0, r0, r6
87804bb2:	ea43 030c 	orr.w	r3, r3, ip
87804bb6:	eb61 0103 	sbc.w	r1, r1, r3
87804bba:	f1be 0f00 	cmp.w	lr, #0
87804bbe:	d001      	beq.n	87804bc4 <__udivmoddi4+0xf8>
87804bc0:	e9ce 4500 	strd	r4, r5, [lr]
87804bc4:	e8bd 8ff0 	ldmia.w	sp!, {r4, r5, r6, r7, r8, r9, sl, fp, pc}
87804bc8:	fab4 f184 	clz	r1, r4
87804bcc:	3120      	adds	r1, #32
87804bce:	e795      	b.n	87804afc <__udivmoddi4+0x30>
87804bd0:	fab2 fc82 	clz	ip, r2
87804bd4:	fab5 f185 	clz	r1, r5
87804bd8:	f10c 0c20 	add.w	ip, ip, #32
87804bdc:	2d00      	cmp	r5, #0
87804bde:	d18d      	bne.n	87804afc <__udivmoddi4+0x30>
87804be0:	e7f2      	b.n	87804bc8 <__udivmoddi4+0xfc>
87804be2:	bf00      	nop
87804be4:	0000      	movs	r0, r0
	...

87804be8 <__main_from_arm>:
87804be8:	e51ff004 	ldr	pc, [pc, #-4]	; 87804bec <__main_from_arm+0x4>
87804bec:	87804bf1 			; <UNDEFINED> instruction: 0x87804bf1

Disassembly of section .text.startup:

87804bf0 <main>:
87804bf0:	e92d 43f0 	stmdb	sp!, {r4, r5, r6, r7, r8, r9, lr}
87804bf4:	b083      	sub	sp, #12
87804bf6:	ee11 3f50 	mrc	15, 0, r3, cr1, cr0, {2}
87804bfa:	f023 4340 	bic.w	r3, r3, #3221225472	; 0xc0000000
87804bfe:	f423 0370 	bic.w	r3, r3, #15728640	; 0xf00000
87804c02:	f443 0370 	orr.w	r3, r3, #15728640	; 0xf00000
87804c06:	ee01 3f50 	mcr	15, 0, r3, cr1, cr0, {2}
87804c0a:	eef8 3a10 	vmrs	r3, fpexc
87804c0e:	f043 4380 	orr.w	r3, r3, #1073741824	; 0x40000000
87804c12:	eee8 3a10 	vmsr	fpexc, r3
87804c16:	f649 7878 	movw	r8, #40824	; 0x9f78
87804c1a:	f2c8 7880 	movt	r8, #34688	; 0x8780
87804c1e:	f7fb fd9f 	bl	87800760 <int_init>
87804c22:	f7fb fb8f 	bl	87800344 <imx6u_clkinit>
87804c26:	f7fb fc19 	bl	8780045c <delay_init>
87804c2a:	f7fb fb7b 	bl	87800324 <clk_enable>
87804c2e:	f7fb fbe3 	bl	878003f8 <led_init>
87804c32:	f7fb fc83 	bl	8780053c <beep_init>
87804c36:	f7fb ff15 	bl	87800a64 <uart_init>
87804c3a:	f7fc fae9 	bl	87801210 <lcd_init>
87804c3e:	f7fd ff1b 	bl	87802a78 <gt9147_init>
87804c42:	f8d8 3000 	ldr.w	r3, [r8]
87804c46:	2b01      	cmp	r3, #1
87804c48:	d101      	bne.n	87804c4e <main+0x5e>
87804c4a:	f7fd fd7b 	bl	87802744 <ft5426_init>
87804c4e:	f644 7244 	movw	r2, #20292	; 0x4f44
87804c52:	f24a 767c 	movw	r6, #42876	; 0xa77c
87804c56:	2318      	movs	r3, #24
87804c58:	f2c8 7280 	movt	r2, #34688	; 0x8780
87804c5c:	f2c8 7680 	movt	r6, #34688	; 0x8780
87804c60:	f44f 047f 	mov.w	r4, #16711680	; 0xff0000
87804c64:	9201      	str	r2, [sp, #4]
87804c66:	210a      	movs	r1, #10
87804c68:	9300      	str	r3, [sp, #0]
87804c6a:	f44f 72c8 	mov.w	r2, #400	; 0x190
87804c6e:	2032      	movs	r0, #50	; 0x32
87804c70:	61b4      	str	r4, [r6, #24]
87804c72:	f7fc fea9 	bl	878019c8 <lcd_show_string>
87804c76:	f644 7250 	movw	r2, #20304	; 0x4f50
87804c7a:	2410      	movs	r4, #16
87804c7c:	f2c8 7280 	movt	r2, #34688	; 0x8780
87804c80:	4623      	mov	r3, r4
87804c82:	9201      	str	r2, [sp, #4]
87804c84:	2128      	movs	r1, #40	; 0x28
87804c86:	22c8      	movs	r2, #200	; 0xc8
87804c88:	2032      	movs	r0, #50	; 0x32
87804c8a:	9400      	str	r4, [sp, #0]
87804c8c:	f24a 77d8 	movw	r7, #42968	; 0xa7d8
87804c90:	f7fc fe9a 	bl	878019c8 <lcd_show_string>
87804c94:	f644 7264 	movw	r2, #20324	; 0x4f64
87804c98:	4623      	mov	r3, r4
87804c9a:	f2c8 7280 	movt	r2, #34688	; 0x8780
87804c9e:	213c      	movs	r1, #60	; 0x3c
87804ca0:	9201      	str	r2, [sp, #4]
87804ca2:	2032      	movs	r0, #50	; 0x32
87804ca4:	22c8      	movs	r2, #200	; 0xc8
87804ca6:	9400      	str	r4, [sp, #0]
87804ca8:	f7fc fe8e 	bl	878019c8 <lcd_show_string>
87804cac:	f644 7274 	movw	r2, #20340	; 0x4f74
87804cb0:	4623      	mov	r3, r4
87804cb2:	f2c8 7280 	movt	r2, #34688	; 0x8780
87804cb6:	2150      	movs	r1, #80	; 0x50
87804cb8:	9201      	str	r2, [sp, #4]
87804cba:	2032      	movs	r0, #50	; 0x32
87804cbc:	22c8      	movs	r2, #200	; 0xc8
87804cbe:	9400      	str	r4, [sp, #0]
87804cc0:	f7fc fe82 	bl	878019c8 <lcd_show_string>
87804cc4:	f644 7280 	movw	r2, #20352	; 0x4f80
87804cc8:	4623      	mov	r3, r4
87804cca:	f2c8 7280 	movt	r2, #34688	; 0x8780
87804cce:	216e      	movs	r1, #110	; 0x6e
87804cd0:	9201      	str	r2, [sp, #4]
87804cd2:	2032      	movs	r0, #50	; 0x32
87804cd4:	f44f 72c8 	mov.w	r2, #400	; 0x190
87804cd8:	9400      	str	r4, [sp, #0]
87804cda:	f7fc fe75 	bl	878019c8 <lcd_show_string>
87804cde:	f644 728c 	movw	r2, #20364	; 0x4f8c
87804ce2:	4623      	mov	r3, r4
87804ce4:	f2c8 7280 	movt	r2, #34688	; 0x8780
87804ce8:	2182      	movs	r1, #130	; 0x82
87804cea:	9201      	str	r2, [sp, #4]
87804cec:	2032      	movs	r0, #50	; 0x32
87804cee:	22c8      	movs	r2, #200	; 0xc8
87804cf0:	9400      	str	r4, [sp, #0]
87804cf2:	f7fc fe69 	bl	878019c8 <lcd_show_string>
87804cf6:	f644 7298 	movw	r2, #20376	; 0x4f98
87804cfa:	4623      	mov	r3, r4
87804cfc:	f2c8 7280 	movt	r2, #34688	; 0x8780
87804d00:	2196      	movs	r1, #150	; 0x96
87804d02:	9201      	str	r2, [sp, #4]
87804d04:	2032      	movs	r0, #50	; 0x32
87804d06:	22c8      	movs	r2, #200	; 0xc8
87804d08:	9400      	str	r4, [sp, #0]
87804d0a:	f7fc fe5d 	bl	878019c8 <lcd_show_string>
87804d0e:	f644 72a4 	movw	r2, #20388	; 0x4fa4
87804d12:	4623      	mov	r3, r4
87804d14:	f2c8 7280 	movt	r2, #34688	; 0x8780
87804d18:	21aa      	movs	r1, #170	; 0xaa
87804d1a:	9201      	str	r2, [sp, #4]
87804d1c:	2032      	movs	r0, #50	; 0x32
87804d1e:	22c8      	movs	r2, #200	; 0xc8
87804d20:	9400      	str	r4, [sp, #0]
87804d22:	f7fc fe51 	bl	878019c8 <lcd_show_string>
87804d26:	f644 72b0 	movw	r2, #20400	; 0x4fb0
87804d2a:	4623      	mov	r3, r4
87804d2c:	f2c8 7280 	movt	r2, #34688	; 0x8780
87804d30:	21be      	movs	r1, #190	; 0xbe
87804d32:	9201      	str	r2, [sp, #4]
87804d34:	2032      	movs	r0, #50	; 0x32
87804d36:	22c8      	movs	r2, #200	; 0xc8
87804d38:	9400      	str	r4, [sp, #0]
87804d3a:	f7fc fe45 	bl	878019c8 <lcd_show_string>
87804d3e:	f644 72bc 	movw	r2, #20412	; 0x4fbc
87804d42:	4623      	mov	r3, r4
87804d44:	f2c8 7280 	movt	r2, #34688	; 0x8780
87804d48:	21d2      	movs	r1, #210	; 0xd2
87804d4a:	9201      	str	r2, [sp, #4]
87804d4c:	2032      	movs	r0, #50	; 0x32
87804d4e:	22c8      	movs	r2, #200	; 0xc8
87804d50:	9400      	str	r4, [sp, #0]
87804d52:	f7fc fe39 	bl	878019c8 <lcd_show_string>
87804d56:	f644 72c8 	movw	r2, #20424	; 0x4fc8
87804d5a:	4623      	mov	r3, r4
87804d5c:	f2c8 7280 	movt	r2, #34688	; 0x8780
87804d60:	21e6      	movs	r1, #230	; 0xe6
87804d62:	9201      	str	r2, [sp, #4]
87804d64:	2032      	movs	r0, #50	; 0x32
87804d66:	22c8      	movs	r2, #200	; 0xc8
87804d68:	9400      	str	r4, [sp, #0]
87804d6a:	f7fc fe2d 	bl	878019c8 <lcd_show_string>
87804d6e:	f644 72d4 	movw	r2, #20436	; 0x4fd4
87804d72:	4623      	mov	r3, r4
87804d74:	f2c8 7280 	movt	r2, #34688	; 0x8780
87804d78:	21fa      	movs	r1, #250	; 0xfa
87804d7a:	9201      	str	r2, [sp, #4]
87804d7c:	2032      	movs	r0, #50	; 0x32
87804d7e:	22c8      	movs	r2, #200	; 0xc8
87804d80:	9400      	str	r4, [sp, #0]
87804d82:	f7fc fe21 	bl	878019c8 <lcd_show_string>
87804d86:	f644 72e0 	movw	r2, #20448	; 0x4fe0
87804d8a:	4623      	mov	r3, r4
87804d8c:	f2c8 7280 	movt	r2, #34688	; 0x8780
87804d90:	f44f 7187 	mov.w	r1, #270	; 0x10e
87804d94:	9201      	str	r2, [sp, #4]
87804d96:	2032      	movs	r0, #50	; 0x32
87804d98:	22c8      	movs	r2, #200	; 0xc8
87804d9a:	9400      	str	r4, [sp, #0]
87804d9c:	f7fc fe14 	bl	878019c8 <lcd_show_string>
87804da0:	f644 72ec 	movw	r2, #20460	; 0x4fec
87804da4:	4623      	mov	r3, r4
87804da6:	f2c8 7280 	movt	r2, #34688	; 0x8780
87804daa:	f44f 7191 	mov.w	r1, #290	; 0x122
87804dae:	9201      	str	r2, [sp, #4]
87804db0:	2032      	movs	r0, #50	; 0x32
87804db2:	22c8      	movs	r2, #200	; 0xc8
87804db4:	9400      	str	r4, [sp, #0]
87804db6:	f7fc fe07 	bl	878019c8 <lcd_show_string>
87804dba:	f644 73f8 	movw	r3, #20472	; 0x4ff8
87804dbe:	f24a 75f0 	movw	r5, #42992	; 0xa7f0
87804dc2:	f2c8 7380 	movt	r3, #34688	; 0x8780
87804dc6:	22c8      	movs	r2, #200	; 0xc8
87804dc8:	e9cd 4300 	strd	r4, r3, [sp]
87804dcc:	f44f 719b 	mov.w	r1, #310	; 0x136
87804dd0:	4623      	mov	r3, r4
87804dd2:	2032      	movs	r0, #50	; 0x32
87804dd4:	f2c8 7780 	movt	r7, #34688	; 0x8780
87804dd8:	f2c8 7580 	movt	r5, #34688	; 0x8780
87804ddc:	f04f 0900 	mov.w	r9, #0
87804de0:	f7fc fdf2 	bl	878019c8 <lcd_show_string>
87804de4:	23ff      	movs	r3, #255	; 0xff
87804de6:	61b3      	str	r3, [r6, #24]
87804de8:	2632      	movs	r6, #50	; 0x32
87804dea:	e056      	b.n	87804e9a <main+0x2aa>
87804dec:	78aa      	ldrb	r2, [r5, #2]
87804dee:	2301      	movs	r3, #1
87804df0:	216e      	movs	r1, #110	; 0x6e
87804df2:	207a      	movs	r0, #122	; 0x7a
87804df4:	9400      	str	r4, [sp, #0]
87804df6:	f7fc fd2b 	bl	87801850 <lcd_shownum>
87804dfa:	88aa      	ldrh	r2, [r5, #4]
87804dfc:	2305      	movs	r3, #5
87804dfe:	2182      	movs	r1, #130	; 0x82
87804e00:	207a      	movs	r0, #122	; 0x7a
87804e02:	9400      	str	r4, [sp, #0]
87804e04:	f7fc fd24 	bl	87801850 <lcd_shownum>
87804e08:	89ea      	ldrh	r2, [r5, #14]
87804e0a:	2305      	movs	r3, #5
87804e0c:	2196      	movs	r1, #150	; 0x96
87804e0e:	207a      	movs	r0, #122	; 0x7a
87804e10:	9400      	str	r4, [sp, #0]
87804e12:	f7fc fd1d 	bl	87801850 <lcd_shownum>
87804e16:	88ea      	ldrh	r2, [r5, #6]
87804e18:	2305      	movs	r3, #5
87804e1a:	21aa      	movs	r1, #170	; 0xaa
87804e1c:	207a      	movs	r0, #122	; 0x7a
87804e1e:	9400      	str	r4, [sp, #0]
87804e20:	f7fc fd16 	bl	87801850 <lcd_shownum>
87804e24:	8a2a      	ldrh	r2, [r5, #16]
87804e26:	2305      	movs	r3, #5
87804e28:	21be      	movs	r1, #190	; 0xbe
87804e2a:	207a      	movs	r0, #122	; 0x7a
87804e2c:	9400      	str	r4, [sp, #0]
87804e2e:	f7fc fd0f 	bl	87801850 <lcd_shownum>
87804e32:	892a      	ldrh	r2, [r5, #8]
87804e34:	2305      	movs	r3, #5
87804e36:	21d2      	movs	r1, #210	; 0xd2
87804e38:	207a      	movs	r0, #122	; 0x7a
87804e3a:	9400      	str	r4, [sp, #0]
87804e3c:	f7fc fd08 	bl	87801850 <lcd_shownum>
87804e40:	8a6a      	ldrh	r2, [r5, #18]
87804e42:	2305      	movs	r3, #5
87804e44:	21e6      	movs	r1, #230	; 0xe6
87804e46:	207a      	movs	r0, #122	; 0x7a
87804e48:	9400      	str	r4, [sp, #0]
87804e4a:	f7fc fd01 	bl	87801850 <lcd_shownum>
87804e4e:	896a      	ldrh	r2, [r5, #10]
87804e50:	2305      	movs	r3, #5
87804e52:	21fa      	movs	r1, #250	; 0xfa
87804e54:	207a      	movs	r0, #122	; 0x7a
87804e56:	9400      	str	r4, [sp, #0]
87804e58:	f7fc fcfa 	bl	87801850 <lcd_shownum>
87804e5c:	8aaa      	ldrh	r2, [r5, #20]
87804e5e:	2305      	movs	r3, #5
87804e60:	f44f 7187 	mov.w	r1, #270	; 0x10e
87804e64:	207a      	movs	r0, #122	; 0x7a
87804e66:	9400      	str	r4, [sp, #0]
87804e68:	f7fc fcf2 	bl	87801850 <lcd_shownum>
87804e6c:	89aa      	ldrh	r2, [r5, #12]
87804e6e:	2305      	movs	r3, #5
87804e70:	9400      	str	r4, [sp, #0]
87804e72:	f44f 7191 	mov.w	r1, #290	; 0x122
87804e76:	207a      	movs	r0, #122	; 0x7a
87804e78:	f7fc fcea 	bl	87801850 <lcd_shownum>
87804e7c:	8aea      	ldrh	r2, [r5, #22]
87804e7e:	2305      	movs	r3, #5
87804e80:	f44f 719b 	mov.w	r1, #310	; 0x136
87804e84:	207a      	movs	r0, #122	; 0x7a
87804e86:	9400      	str	r4, [sp, #0]
87804e88:	f7fc fce2 	bl	87801850 <lcd_shownum>
87804e8c:	200a      	movs	r0, #10
87804e8e:	f7fb fb17 	bl	878004c0 <delayms>
87804e92:	1e70      	subs	r0, r6, #1
87804e94:	f010 06ff 	ands.w	r6, r0, #255	; 0xff
87804e98:	d04c      	beq.n	87804f34 <main+0x344>
87804e9a:	f8d8 3000 	ldr.w	r3, [r8]
87804e9e:	2b01      	cmp	r3, #1
87804ea0:	d1a4      	bne.n	87804dec <main+0x1fc>
87804ea2:	78ba      	ldrb	r2, [r7, #2]
87804ea4:	216e      	movs	r1, #110	; 0x6e
87804ea6:	207a      	movs	r0, #122	; 0x7a
87804ea8:	9400      	str	r4, [sp, #0]
87804eaa:	f7fc fcd1 	bl	87801850 <lcd_shownum>
87804eae:	88ba      	ldrh	r2, [r7, #4]
87804eb0:	2305      	movs	r3, #5
87804eb2:	2182      	movs	r1, #130	; 0x82
87804eb4:	207a      	movs	r0, #122	; 0x7a
87804eb6:	9400      	str	r4, [sp, #0]
87804eb8:	f7fc fcca 	bl	87801850 <lcd_shownum>
87804ebc:	89fa      	ldrh	r2, [r7, #14]
87804ebe:	2305      	movs	r3, #5
87804ec0:	2196      	movs	r1, #150	; 0x96
87804ec2:	207a      	movs	r0, #122	; 0x7a
87804ec4:	9400      	str	r4, [sp, #0]
87804ec6:	f7fc fcc3 	bl	87801850 <lcd_shownum>
87804eca:	88fa      	ldrh	r2, [r7, #6]
87804ecc:	2305      	movs	r3, #5
87804ece:	21aa      	movs	r1, #170	; 0xaa
87804ed0:	207a      	movs	r0, #122	; 0x7a
87804ed2:	9400      	str	r4, [sp, #0]
87804ed4:	f7fc fcbc 	bl	87801850 <lcd_shownum>
87804ed8:	8a3a      	ldrh	r2, [r7, #16]
87804eda:	2305      	movs	r3, #5
87804edc:	21be      	movs	r1, #190	; 0xbe
87804ede:	207a      	movs	r0, #122	; 0x7a
87804ee0:	9400      	str	r4, [sp, #0]
87804ee2:	f7fc fcb5 	bl	87801850 <lcd_shownum>
87804ee6:	893a      	ldrh	r2, [r7, #8]
87804ee8:	2305      	movs	r3, #5
87804eea:	21d2      	movs	r1, #210	; 0xd2
87804eec:	207a      	movs	r0, #122	; 0x7a
87804eee:	9400      	str	r4, [sp, #0]
87804ef0:	f7fc fcae 	bl	87801850 <lcd_shownum>
87804ef4:	8a7a      	ldrh	r2, [r7, #18]
87804ef6:	2305      	movs	r3, #5
87804ef8:	21e6      	movs	r1, #230	; 0xe6
87804efa:	207a      	movs	r0, #122	; 0x7a
87804efc:	9400      	str	r4, [sp, #0]
87804efe:	f7fc fca7 	bl	87801850 <lcd_shownum>
87804f02:	897a      	ldrh	r2, [r7, #10]
87804f04:	2305      	movs	r3, #5
87804f06:	21fa      	movs	r1, #250	; 0xfa
87804f08:	207a      	movs	r0, #122	; 0x7a
87804f0a:	9400      	str	r4, [sp, #0]
87804f0c:	f7fc fca0 	bl	87801850 <lcd_shownum>
87804f10:	8aba      	ldrh	r2, [r7, #20]
87804f12:	2305      	movs	r3, #5
87804f14:	f44f 7187 	mov.w	r1, #270	; 0x10e
87804f18:	207a      	movs	r0, #122	; 0x7a
87804f1a:	9400      	str	r4, [sp, #0]
87804f1c:	f7fc fc98 	bl	87801850 <lcd_shownum>
87804f20:	89ba      	ldrh	r2, [r7, #12]
87804f22:	2305      	movs	r3, #5
87804f24:	9400      	str	r4, [sp, #0]
87804f26:	f44f 7191 	mov.w	r1, #290	; 0x122
87804f2a:	207a      	movs	r0, #122	; 0x7a
87804f2c:	f7fc fc90 	bl	87801850 <lcd_shownum>
87804f30:	8afa      	ldrh	r2, [r7, #22]
87804f32:	e7a4      	b.n	87804e7e <main+0x28e>
87804f34:	f089 0901 	eor.w	r9, r9, #1
87804f38:	4630      	mov	r0, r6
87804f3a:	4649      	mov	r1, r9
87804f3c:	f7fb fa78 	bl	87800430 <led_switch>
87804f40:	e752      	b.n	87804de8 <main+0x1f8>
87804f42:	bf00      	nop

Disassembly of section .rodata:

87804f44 <CSWTCH.9-0xc0>:
87804f44:	36584d49 	ldrbcc	r4, [r8], -r9, asr #26
87804f48:	4c412d55 	mcrrmi	13, 5, r2, r1, cr5
87804f4c:	20414850 	subcs	r4, r1, r0, asr r8
87804f50:	43554f54 	cmpmi	r5, #84, 30	; 0x150
87804f54:	43532048 	cmpmi	r3, #72	; 0x48
87804f58:	4e454552 	mcrmi	5, 2, r4, cr5, cr2, {2}
87804f5c:	53455420 	movtpl	r5, #21536	; 0x5420
87804f60:	00000054 	andeq	r0, r0, r4, asr r0
87804f64:	4d4f5441 	cfstrdmi	mvd5, [pc, #-260]	; 87804e68 <main+0x278>
87804f68:	494c4140 	stmdbmi	ip, {r6, r8, lr}^
87804f6c:	45544e45 	ldrbmi	r4, [r4, #-3653]	; 0xfffff1bb
87804f70:	0000004b 	andeq	r0, r0, fp, asr #32
87804f74:	39313032 	ldmdbcc	r1!, {r1, r4, r5, ip, sp}
87804f78:	322f332f 	eorcc	r3, pc, #-1140850688	; 0xbc000000
87804f7c:	00000037 	andeq	r0, r0, r7, lsr r0
87804f80:	4e205054 	mcrmi	0, 1, r5, cr0, cr4, {2}
87804f84:	3a096d75 	bcc	87a60560 <__bss_end+0x255d54>
87804f88:	00000000 	andeq	r0, r0, r0
87804f8c:	6e696f50 	mcrvs	15, 3, r6, cr9, cr0, {2}
87804f90:	58203074 	stmdapl	r0!, {r2, r4, r5, r6, ip, sp}
87804f94:	0000003a 	andeq	r0, r0, sl, lsr r0
87804f98:	6e696f50 	mcrvs	15, 3, r6, cr9, cr0, {2}
87804f9c:	59203074 	stmdbpl	r0!, {r2, r4, r5, r6, ip, sp}
87804fa0:	0000003a 	andeq	r0, r0, sl, lsr r0
87804fa4:	6e696f50 	mcrvs	15, 3, r6, cr9, cr0, {2}
87804fa8:	58203174 	stmdapl	r0!, {r2, r4, r5, r6, r8, ip, sp}
87804fac:	0000003a 	andeq	r0, r0, sl, lsr r0
87804fb0:	6e696f50 	mcrvs	15, 3, r6, cr9, cr0, {2}
87804fb4:	59203174 	stmdbpl	r0!, {r2, r4, r5, r6, r8, ip, sp}
87804fb8:	0000003a 	andeq	r0, r0, sl, lsr r0
87804fbc:	6e696f50 	mcrvs	15, 3, r6, cr9, cr0, {2}
87804fc0:	58203274 	stmdapl	r0!, {r2, r4, r5, r6, r9, ip, sp}
87804fc4:	0000003a 	andeq	r0, r0, sl, lsr r0
87804fc8:	6e696f50 	mcrvs	15, 3, r6, cr9, cr0, {2}
87804fcc:	59203274 	stmdbpl	r0!, {r2, r4, r5, r6, r9, ip, sp}
87804fd0:	0000003a 	andeq	r0, r0, sl, lsr r0
87804fd4:	6e696f50 	mcrvs	15, 3, r6, cr9, cr0, {2}
87804fd8:	58203374 	stmdapl	r0!, {r2, r4, r5, r6, r8, r9, ip, sp}
87804fdc:	0000003a 	andeq	r0, r0, sl, lsr r0
87804fe0:	6e696f50 	mcrvs	15, 3, r6, cr9, cr0, {2}
87804fe4:	59203374 	stmdbpl	r0!, {r2, r4, r5, r6, r8, r9, ip, sp}
87804fe8:	0000003a 	andeq	r0, r0, sl, lsr r0
87804fec:	6e696f50 	mcrvs	15, 3, r6, cr9, cr0, {2}
87804ff0:	58203474 	stmdapl	r0!, {r2, r4, r5, r6, sl, ip, sp}
87804ff4:	0000003a 	andeq	r0, r0, sl, lsr r0
87804ff8:	6e696f50 	mcrvs	15, 3, r6, cr9, cr0, {2}
87804ffc:	59203474 	stmdbpl	r0!, {r2, r4, r5, r6, sl, ip, sp}
87805000:	0000003a 	andeq	r0, r0, sl, lsr r0

87805004 <CSWTCH.9>:
87805004:	00000004 	andeq	r0, r0, r4
87805008:	00000003 	andeq	r0, r0, r3
8780500c:	00000002 	andeq	r0, r0, r2
87805010:	00000001 	andeq	r0, r0, r1
87805014:	00000000 	andeq	r0, r0, r0
87805018:	00000006 	andeq	r0, r0, r6
8780501c:	2044434c 	subcs	r4, r4, ip, asr #6
87805020:	253d4449 	ldrcs	r4, [sp, #-1097]!	; 0xfffffbb7
87805024:	0a0d5823 	beq	87b5b0b8 <__bss_end+0x3508ac>
87805028:	00000000 	andeq	r0, r0, r0

8780502c <asc2_2412>:
	...
8780505c:	0f000000 	svceq	0x00000000
87805060:	fe0f3880 	vcmla.f16	d3, d31, d0[0], #0
87805064:	38800f38 	stmcc	r0, {r3, r4, r5, r8, r9, sl, fp}
	...
87805078:	00010000 	andeq	r0, r1, r0
8780507c:	00000600 	andeq	r0, r0, r0, lsl #12
87805080:	3800000c 	stmdacc	r0, {r2, r3}
87805084:	00310000 	eorseq	r0, r1, r0
87805088:	00000600 	andeq	r0, r0, r0, lsl #12
8780508c:	3800000c 	stmdacc	r0, {r2, r3}
87805090:	00300000 	eorseq	r0, r0, r0
	...
8780509c:	67008061 	strvs	r8, [r0, -r1, rrx]
878050a0:	80f907f8 	ldrshthi	r0, [r9], #120	; 0x78
878050a4:	00806100 	addeq	r6, r0, r0, lsl #2
878050a8:	61008061 	tstvs	r0, r1, rrx
878050ac:	80610080 	rsbhi	r0, r1, r0, lsl #1
878050b0:	07f86700 	ldrbeq	r6, [r8, r0, lsl #14]!
878050b4:	610080f9 	strdvs	r8, [r0, -r9]
878050b8:	00000080 	andeq	r0, r0, r0, lsl #1
878050bc:	00000000 	andeq	r0, r0, r0
878050c0:	c0010000 	andgt	r0, r1, r0
878050c4:	f0e003e0 			; <UNDEFINED> instruction: 0xf0e003e0
878050c8:	04083006 	streq	r3, [r8], #-6
878050cc:	ff1f0818 			; <UNDEFINED> instruction: 0xff1f0818
878050d0:	080e04fe 	stmdaeq	lr, {r1, r2, r3, r4, r5, r6, r7, sl}
878050d4:	03f08707 	mvnseq	r8, #1835008	; 0x1c0000
878050d8:	0000e081 	andeq	lr, r0, r1, lsl #1
878050dc:	00000000 	andeq	r0, r0, r0
878050e0:	0600f001 	streq	pc, [r0], -r1
878050e4:	0404000c 	streq	r0, [r4], #-12
878050e8:	700c0608 	andvc	r0, ip, r8, lsl #12
878050ec:	00c0f901 	sbceq	pc, r0, r1, lsl #18
878050f0:	3b00000e 	blcc	87805130 <asc2_2412+0x104>
878050f4:	18ec00e0 	stmiane	ip!, {r5, r6, r7}^
878050f8:	04080807 	streq	r0, [r8], #-2055	; 0xfffff7f9
878050fc:	0300180c 	movweq	r1, #2060	; 0x80c
87805100:	000000e0 	andeq	r0, r0, r0, ror #1
87805104:	00e00100 	rsceq	r0, r0, r0, lsl #2
87805108:	f803f007 			; <UNDEFINED> instruction: 0xf803f007
8780510c:	081c0418 	ldmdaeq	ip, {r3, r4, sl}
87805110:	07081704 	streq	r1, [r8, -r4, lsl #14]
87805114:	c003d0e1 	andgt	sp, r3, r1, ror #1
87805118:	b02300e0 	eorlt	r0, r3, r0, ror #1
8780511c:	00083c00 	andeq	r3, r8, r0, lsl #24
87805120:	00000820 	andeq	r0, r0, r0, lsr #16
87805124:	00000010 	andeq	r0, r0, r0, lsl r0
87805128:	01000000 	mrseq	r0, (UNDEF: 0)
8780512c:	00310000 	eorseq	r0, r1, r0
87805130:	00003200 	andeq	r3, r0, r0, lsl #4
87805134:	0000001c 	andeq	r0, r0, ip, lsl r0
	...
8780515c:	ff01007f 			; <UNDEFINED> instruction: 0xff01007f
87805160:	f08007c0 			; <UNDEFINED> instruction: 0xf08007c0
87805164:	1018000c 	andsne	r0, r8, ip
87805168:	00200400 	eoreq	r0, r0, r0, lsl #8
8780516c:	00000002 	andeq	r0, r0, r2
87805170:	20000000 	andcs	r0, r0, r0
87805174:	00100200 	andseq	r0, r0, r0, lsl #4
87805178:	18000c04 	stmdane	r0, {r2, sl, fp}
8780517c:	01f08007 	mvnseq	r8, r7
87805180:	7f00c0ff 	svcvc	0x0000c0ff
	...
87805198:	66000042 	strvs	r0, [r0], -r2, asr #32
8780519c:	00660000 	rsbeq	r0, r6, r0
878051a0:	00003c00 	andeq	r3, r0, r0, lsl #24
878051a4:	ff030018 			; <UNDEFINED> instruction: 0xff030018
878051a8:	001800c0 	andseq	r0, r8, r0, asr #1
878051ac:	00003c00 	andeq	r3, r0, r0, lsl #24
878051b0:	66000066 	strvs	r0, [r0], -r6, rrx
878051b4:	00420000 	subeq	r0, r2, r0
878051b8:	00000000 	andeq	r0, r0, r0
878051bc:	08000008 	stmdaeq	r0, {r3}
878051c0:	00080000 	andeq	r0, r8, r0
878051c4:	00000800 	andeq	r0, r0, r0, lsl #16
878051c8:	ff010008 			; <UNDEFINED> instruction: 0xff010008
878051cc:	000800c0 	andeq	r0, r8, r0, asr #1
878051d0:	00000800 	andeq	r0, r0, r0, lsl #16
878051d4:	08000008 	stmdaeq	r0, {r3}
878051d8:	00080000 	andeq	r0, r8, r0
878051dc:	00000000 	andeq	r0, r0, r0
878051e0:	00000100 	andeq	r0, r0, r0, lsl #2
878051e4:	32000031 	andcc	r0, r0, #49	; 0x31
878051e8:	001c0000 	andseq	r0, ip, r0
	...
87805204:	08000008 	stmdaeq	r0, {r3}
87805208:	00080000 	andeq	r0, r8, r0
8780520c:	00000800 	andeq	r0, r0, r0, lsl #16
87805210:	08000008 	stmdaeq	r0, {r3}
87805214:	00080000 	andeq	r0, r8, r0
87805218:	00000800 	andeq	r0, r0, r0, lsl #16
8780521c:	08000008 	stmdaeq	r0, {r3}
	...
8780522c:	38000038 	stmdacc	r0, {r3, r4, r5}
87805230:	00380000 	eorseq	r0, r8, r0
	...
8780524c:	00000600 	andeq	r0, r0, r0, lsl #12
87805250:	7000001c 	andvc	r0, r0, ip, lsl r0
87805254:	00800100 	addeq	r0, r0, r0, lsl #2
87805258:	3800000e 	stmdacc	r0, {r1, r2, r3}
8780525c:	00c00000 	sbceq	r0, r0, r0
87805260:	1c000007 	stcne	0, cr0, [r0], {7}
87805264:	00300000 	eorseq	r0, r0, r0
	...
87805270:	ff01807f 			; <UNDEFINED> instruction: 0xff01807f
87805274:	708003e0 	addvc	r0, r0, r0, ror #7
87805278:	04180006 	ldreq	r0, [r8], #-6
8780527c:	00040800 	andeq	r0, r4, r0, lsl #16
87805280:	18000608 	stmdane	r0, {r3, r9, sl}
87805284:	01708003 	cmneq	r0, r3
87805288:	7f00e0ff 	svcvc	0x0000e0ff
8780528c:	00000080 	andeq	r0, r0, r0, lsl #1
87805290:	00000000 	andeq	r0, r0, r0
87805294:	00010000 	andeq	r0, r1, r0
87805298:	08000108 	stmdaeq	r0, {r3, r8}
8780529c:	03080001 	movweq	r0, #32769	; 0x8001
878052a0:	ff07f8ff 			; <UNDEFINED> instruction: 0xff07f8ff
878052a4:	080000f8 	stmdaeq	r0, {r3, r4, r5, r6, r7}
878052a8:	00080000 	andeq	r0, r8, r0
878052ac:	00000800 	andeq	r0, r0, r0, lsl #16
878052b0:	00000000 	andeq	r0, r0, r0
878052b4:	01000000 	mrseq	r0, (UNDEF: 0)
878052b8:	c00238c0 	andgt	r3, r2, r0, asr #17
878052bc:	98000458 	stmdals	r0, {r3, r4, r6, sl}
878052c0:	04180104 	ldreq	r0, [r8], #-260	; 0xfffffefc
878052c4:	04041802 	streq	r1, [r4], #-2050	; 0xfffff7fe
878052c8:	181c0618 	ldmdane	ip, {r3, r4, r9, sl}
878052cc:	0118f803 	tsteq	r8, r3, lsl #16	; <UNPREDICTABLE>
878052d0:	0000f8e0 	andeq	pc, r0, r0, ror #17
878052d4:	00000000 	andeq	r0, r0, r0
878052d8:	01000000 	mrseq	r0, (UNDEF: 0)
878052dc:	c003e0c0 	andgt	lr, r3, r0, asr #1
878052e0:	080004f0 	stmdaeq	r0, {r4, r5, r6, r7, sl}
878052e4:	04080804 	streq	r0, [r8], #-2052	; 0xfffff7fc
878052e8:	18060808 	stmdane	r6, {r3, fp}
878052ec:	18f40308 	ldmne	r4!, {r3, r8, r9}^
878052f0:	00f0e701 	rscseq	lr, r0, r1, lsl #14
878052f4:	0000e001 	andeq	lr, r0, r1
	...
87805300:	0d000003 	stceq	0, cr0, [r0, #-12]
87805304:	00110000 	andseq	r0, r1, r0
87805308:	00006100 	andeq	r6, r0, r0, lsl #2
8780530c:	01030881 	smlabbeq	r3, r1, r8, r0
87805310:	f8ff0708 			; <UNDEFINED> instruction: 0xf8ff0708
87805314:	00f8ff0f 	rscseq	pc, r8, pc, lsl #30
87805318:	01000801 	tsteq	r0, r1, lsl #16
8780531c:	00000008 	andeq	r0, r0, r8
87805320:	00000000 	andeq	r0, r0, r0
87805324:	fc07e000 	stc2	0, cr14, [r7], {-0}
87805328:	080806d0 	stmdaeq	r8, {r4, r6, r7, r9, sl}
8780532c:	06081006 	streq	r1, [r8], -r6
87805330:	10060810 	andne	r0, r6, r0, lsl r8
87805334:	38180608 	ldmdacc	r8, {r3, r9, sl}
87805338:	06f00f06 	ldrbteq	r0, [r0], r6, lsl #30
8780533c:	0000c007 	andeq	ip, r0, r7
	...
87805348:	ff01803f 			; <UNDEFINED> instruction: 0xff01803f
8780534c:	308403e0 	addcc	r0, r4, r0, ror #7
87805350:	04180802 	ldreq	r0, [r8], #-2050	; 0xfffff7fe
87805354:	10040810 	andne	r0, r4, r0, lsl r8
87805358:	08100408 	ldmdaeq	r0, {r3, sl}
8780535c:	03101807 	tsteq	r0, #458752	; 0x70000
87805360:	0700f00f 	streq	pc, [r0, -pc]
87805364:	000000c0 	andeq	r0, r0, r0, asr #1
87805368:	00000000 	andeq	r0, r0, r0
8780536c:	c0030000 	andgt	r0, r3, r0
87805370:	00000700 	andeq	r0, r0, r0, lsl #14
87805374:	06000006 	streq	r0, [r0], -r6
87805378:	0706f800 	streq	pc, [r6, -r0, lsl #16]
8780537c:	001806f8 			; <UNDEFINED> instruction: 0x001806f8
87805380:	0700e006 	streq	lr, [r0, -r6]
87805384:	00060000 	andeq	r0, r6, r0
87805388:	00000000 	andeq	r0, r0, r0
8780538c:	01000000 	mrseq	r0, (UNDEF: 0)
87805390:	f703e0e1 			; <UNDEFINED> instruction: 0xf703e0e1
87805394:	103406f0 	ldrshtne	r0, [r4], -r0
87805398:	04081804 	streq	r1, [r8], #-2052	; 0xfffff7fc
8780539c:	0c040818 	stceq	8, cr0, [r4], {24}
878053a0:	080c0408 	stmdaeq	ip, {r3, sl}
878053a4:	03181606 	tsteq	r8, #6291456	; 0x600000
878053a8:	c101f0f3 	strdgt	pc, [r1, -r3]
878053ac:	000000e0 	andeq	r0, r0, r0, ror #1
878053b0:	00000000 	andeq	r0, r0, r0
878053b4:	fc0300f8 	stc2	0, cr0, [r3], {248}	; 0xf8
878053b8:	38060330 	stmdacc	r6, {r4, r5, r8, r9}
878053bc:	04080204 	streq	r0, [r8], #-516	; 0xfffffdfc
878053c0:	02040802 	andeq	r0, r4, #131072	; 0x20000
878053c4:	10040408 	andne	r0, r4, r8, lsl #8
878053c8:	01f00803 	mvnseq	r0, r3, lsl #16
878053cc:	7f00c0ff 	svcvc	0x0000c0ff
	...
878053e4:	70003870 	andvc	r3, r0, r0, ror r8
878053e8:	38700038 	ldmdacc	r0!, {r3, r4, r5}^
	...
87805408:	30001a30 	andcc	r1, r0, r0, lsr sl
8780540c:	0000001c 	andeq	r0, r0, ip, lsl r0
	...
87805420:	08000000 	stmdaeq	r0, {}	; <UNPREDICTABLE>
87805424:	00140000 	andseq	r0, r4, r0
87805428:	00002200 	andeq	r2, r0, r0, lsl #4
8780542c:	80000041 	andhi	r0, r0, r1, asr #32
87805430:	40000180 	andmi	r0, r0, r0, lsl #3
87805434:	04200002 	strteq	r0, [r0], #-2
87805438:	00081000 	andeq	r1, r8, r0
8780543c:	00000008 	andeq	r0, r0, r8
87805440:	00000000 	andeq	r0, r0, r0
87805444:	21000021 	tstcs	r0, r1, lsr #32
87805448:	00210000 	eoreq	r0, r1, r0
8780544c:	00002100 	andeq	r2, r0, r0, lsl #2
87805450:	21000021 	tstcs	r0, r1, lsr #32
87805454:	00210000 	eoreq	r0, r1, r0
87805458:	00002100 	andeq	r2, r0, r0, lsl #2
8780545c:	21000021 	tstcs	r0, r1, lsr #32
	...
87805468:	00080000 	andeq	r0, r8, r0
8780546c:	10000408 	andne	r0, r0, r8, lsl #8
87805470:	01200002 			; <UNDEFINED> instruction: 0x01200002
87805474:	80004000 	andhi	r4, r0, r0
87805478:	00410080 	subeq	r0, r1, r0, lsl #1
8780547c:	00002200 	andeq	r2, r0, r0, lsl #4
87805480:	08000014 	stmdaeq	r0, {r2, r4}
87805484:	00000000 	andeq	r0, r0, r0
87805488:	03000000 	movweq	r0, #0
8780548c:	c00400c0 	andgt	r0, r4, r0, asr #1
87805490:	00000400 	andeq	r0, r0, r0, lsl #8
87805494:	08380008 	ldmdaeq	r8!, {r3}
87805498:	0808380f 	stmdaeq	r8, {r0, r1, r2, r3, fp, ip, sp}
8780549c:	00100838 	andseq	r0, r0, r8, lsr r8
878054a0:	0700300c 	streq	r3, [r0, -ip]
878054a4:	c00300e0 	andgt	r0, r3, r0, ror #1
	...
878054b0:	ff00803f 			; <UNDEFINED> instruction: 0xff00803f
878054b4:	708003e0 	addvc	r0, r0, r0, ror #7
878054b8:	06100f02 	ldreq	r0, [r0], -r2, lsl #30
878054bc:	c0048870 	andgt	r8, r4, r0, ror r8
878054c0:	08830488 	stmeq	r3, {r3, r7, sl}
878054c4:	02887f04 	addeq	r7, r8, #4, 30
878054c8:	010390c0 	smlabteq	r3, r0, r0, r9
878054cc:	40fe0020 	rscsmi	r0, lr, r0, lsr #32
878054d0:	00080000 	andeq	r0, r8, r0
878054d4:	01001800 	tsteq	r0, r0, lsl #16
878054d8:	083e00f8 	ldmdaeq	lr!, {r3, r4, r5, r6, r7}
878054dc:	0700c201 	streq	ip, [r0, -r1, lsl #4]
878054e0:	e2070002 	and	r0, r7, #2
878054e4:	00fe0000 	rscseq	r0, lr, r0
878054e8:	00c81f00 	sbceq	r1, r8, r0, lsl #30
878054ec:	0000f801 	andeq	pc, r0, r1, lsl #16
878054f0:	08000038 	stmdaeq	r0, {r3, r4, r5}
878054f4:	07080004 	streq	r0, [r8, -r4]
878054f8:	ff07f8ff 			; <UNDEFINED> instruction: 0xff07f8ff
878054fc:	080804f8 	stmdaeq	r8, {r3, r4, r5, r6, r7, sl}
87805500:	04080804 	streq	r0, [r8], #-2052	; 0xfffff7fc
87805504:	08040808 	stmdaeq	r4, {r3, fp}
87805508:	08180608 	ldmdaeq	r8, {r3, r9, sl}
8780550c:	0118f403 	tsteq	r8, r3, lsl #8	; <UNPREDICTABLE>
87805510:	0100f0e7 	smlatteq	r0, r7, r0, pc	; <UNPREDICTABLE>
87805514:	000000e0 	andeq	r0, r0, r0, ror #1
87805518:	00000000 	andeq	r0, r0, r0
8780551c:	ff01803f 			; <UNDEFINED> instruction: 0xff01803f
87805520:	708003e0 	addvc	r0, r0, r0, ror #7
87805524:	04180002 	ldreq	r0, [r8], #-2
87805528:	00040800 	andeq	r0, r4, r0, lsl #16
8780552c:	08000408 	stmdaeq	r0, {r3, sl}
87805530:	06100004 	ldreq	r0, [r0], -r4
87805534:	80072000 	andhi	r2, r7, r0
87805538:	000000c0 	andeq	r0, r0, r0, asr #1
8780553c:	07080004 	streq	r0, [r8, -r4]
87805540:	ff07f8ff 			; <UNDEFINED> instruction: 0xff07f8ff
87805544:	080004f8 	stmdaeq	r0, {r3, r4, r5, r6, r7, sl}
87805548:	04080004 	streq	r0, [r8], #-4
8780554c:	00040800 	andeq	r0, r4, r0, lsl #16
87805550:	10000218 	andne	r0, r0, r8, lsl r2
87805554:	01708003 	cmneq	r0, r3
87805558:	7f00e0ff 	svcvc	0x0000e0ff
8780555c:	00000080 	andeq	r0, r0, r0, lsl #1
87805560:	07080004 	streq	r0, [r8, -r4]
87805564:	ff07f8ff 			; <UNDEFINED> instruction: 0xff07f8ff
87805568:	080804f8 	stmdaeq	r8, {r3, r4, r5, r6, r7, sl}
8780556c:	04080804 	streq	r0, [r8], #-2052	; 0xfffff7fc
87805570:	08040808 	stmdaeq	r4, {r3, fp}
87805574:	083e0408 	ldmdaeq	lr!, {r3, sl}
87805578:	06080004 	streq	r0, [r8], -r4
8780557c:	00011800 	andeq	r1, r1, r0, lsl #16
87805580:	00000060 	andeq	r0, r0, r0, rrx
87805584:	07080004 	streq	r0, [r8, -r4]
87805588:	ff07f8ff 			; <UNDEFINED> instruction: 0xff07f8ff
8780558c:	080804f8 	stmdaeq	r8, {r3, r4, r5, r6, r7, sl}
87805590:	04000804 	streq	r0, [r0], #-2052	; 0xfffff7fc
87805594:	08040008 	stmdaeq	r4, {r3}
87805598:	003e0400 	eorseq	r0, lr, r0, lsl #8
8780559c:	06000006 	streq	r0, [r0], -r6
878055a0:	80010000 	andhi	r0, r1, r0
	...
878055ac:	ff01803f 			; <UNDEFINED> instruction: 0xff01803f
878055b0:	708003e0 	addvc	r0, r0, r0, ror #7
878055b4:	04180006 	ldreq	r0, [r8], #-6
878055b8:	02040800 	andeq	r0, r4, #0, 16
878055bc:	08020408 	stmdaeq	r2, {r3, sl}
878055c0:	07f00302 	ldrbeq	r0, [r0, r2, lsl #6]!
878055c4:	0200f083 	andeq	pc, r0, #131	; 0x83
878055c8:	00020000 	andeq	r0, r2, r0
878055cc:	07080004 	streq	r0, [r8, -r4]
878055d0:	ff07f8ff 			; <UNDEFINED> instruction: 0xff07f8ff
878055d4:	080804f8 	stmdaeq	r8, {r3, r4, r5, r6, r7, sl}
878055d8:	00000800 	andeq	r0, r0, r0, lsl #16
878055dc:	08000008 	stmdaeq	r0, {r3}
878055e0:	00080000 	andeq	r0, r8, r0
878055e4:	07080804 	streq	r0, [r8, -r4, lsl #16]
878055e8:	ff07f8ff 			; <UNDEFINED> instruction: 0xff07f8ff
878055ec:	080004f8 	stmdaeq	r0, {r3, r4, r5, r6, r7, sl}
878055f0:	00000000 	andeq	r0, r0, r0
878055f4:	00040000 	andeq	r0, r4, r0
878055f8:	08000408 	stmdaeq	r0, {r3, sl}
878055fc:	07080004 	streq	r0, [r8, -r4]
87805600:	ff07f8ff 			; <UNDEFINED> instruction: 0xff07f8ff
87805604:	080004f8 	stmdaeq	r0, {r3, r4, r5, r6, r7, sl}
87805608:	04080004 	streq	r0, [r8], #-4
8780560c:	00000800 	andeq	r0, r0, r0, lsl #16
	...
87805618:	00000600 	andeq	r0, r0, r0, lsl #12
8780561c:	01000007 	tsteq	r0, r7
87805620:	04010004 	streq	r0, [r1], #-4
87805624:	00040100 	andeq	r0, r4, r0, lsl #2
87805628:	feff0703 	cdp2	7, 15, cr0, cr15, cr3, {0}
8780562c:	04fcff07 	ldrbteq	pc, [ip], #3847	; 0xf07	; <UNPREDICTABLE>
87805630:	00040000 	andeq	r0, r4, r0
87805634:	00000400 	andeq	r0, r0, r0, lsl #8
87805638:	07080004 	streq	r0, [r8, -r4]
8780563c:	ff07f8ff 			; <UNDEFINED> instruction: 0xff07f8ff
87805640:	080c04f8 	stmdaeq	ip, {r3, r4, r5, r6, r7, sl}
87805644:	00001800 	andeq	r1, r0, r0, lsl #16
87805648:	c704003e 	smladxgt	r4, lr, r0, r0
8780564c:	c8030580 	stmdagt	r3, {r7, r8, sl}
87805650:	04f80006 	ldrbteq	r0, [r8], #6
87805654:	00043800 	andeq	r3, r4, r0, lsl #16
87805658:	08000018 	stmdaeq	r0, {r3, r4}
8780565c:	07080004 	streq	r0, [r8, -r4]
87805660:	ff07f8ff 			; <UNDEFINED> instruction: 0xff07f8ff
87805664:	080004f8 	stmdaeq	r0, {r3, r4, r5, r6, r7, sl}
87805668:	00080000 	andeq	r0, r8, r0
8780566c:	00000800 	andeq	r0, r0, r0, lsl #16
87805670:	08000008 	stmdaeq	r0, {r3}
87805674:	00080000 	andeq	r0, r8, r0
87805678:	00001800 	andeq	r1, r0, r0, lsl #16
8780567c:	00000060 	andeq	r0, r0, r0, rrx
87805680:	07080004 	streq	r0, [r8, -r4]
87805684:	8007f8ff 	strdhi	pc, [r7], -pc	; <UNPREDICTABLE>
87805688:	00fc0708 	rscseq	r0, ip, r8, lsl #14
8780568c:	00c07f00 	sbceq	r7, r0, r0, lsl #30
87805690:	0700f803 	streq	pc, [r0, -r3, lsl #16]
87805694:	007800c0 	rsbseq	r0, r8, r0, asr #1
87805698:	07088007 	streq	r8, [r8, -r7]
8780569c:	ff07f8ff 			; <UNDEFINED> instruction: 0xff07f8ff
878056a0:	080004f8 	stmdaeq	r0, {r3, r4, r5, r6, r7, sl}
878056a4:	07080004 	streq	r0, [r8, -r4]
878056a8:	0007f8ff 	strdeq	pc, [r7], -pc	; <UNPREDICTABLE>
878056ac:	00c00308 	sbceq	r0, r0, r8, lsl #6
878056b0:	0000e000 	andeq	lr, r0, r0
878056b4:	1e000038 	mcrne	0, 0, r0, cr0, cr8, {1}
878056b8:	00070000 	andeq	r0, r7, r0
878056bc:	04c00100 	strbeq	r0, [r0], #256	; 0x100
878056c0:	ff07f000 			; <UNDEFINED> instruction: 0xff07f000
878056c4:	000004f8 	strdeq	r0, [r0], -r8
878056c8:	00000000 	andeq	r0, r0, r0
878056cc:	ff01807f 			; <UNDEFINED> instruction: 0xff01807f
878056d0:	708003e0 	addvc	r0, r0, r0, ror #7
878056d4:	04180006 	ldreq	r0, [r8], #-6
878056d8:	00040800 	andeq	r0, r4, r0, lsl #16
878056dc:	18000608 	stmdane	r0, {r3, r9, sl}
878056e0:	01300003 	teqeq	r0, r3
878056e4:	7f00e0ff 	svcvc	0x0000e0ff
878056e8:	00000080 	andeq	r0, r0, r0, lsl #1
878056ec:	07080004 	streq	r0, [r8, -r4]
878056f0:	ff07f8ff 			; <UNDEFINED> instruction: 0xff07f8ff
878056f4:	080404f8 	stmdaeq	r4, {r3, r4, r5, r6, r7, sl}
878056f8:	04000404 	streq	r0, [r0], #-1028	; 0xfffffbfc
878056fc:	04040004 	streq	r0, [r4], #-4
87805700:	00040400 	andeq	r0, r4, r0, lsl #8
87805704:	03000c06 	movweq	r0, #3078	; 0xc06
87805708:	f00100f8 			; <UNDEFINED> instruction: 0xf00100f8
	...
87805714:	ff01807f 			; <UNDEFINED> instruction: 0xff01807f
87805718:	708003e0 	addvc	r0, r0, r0, ror #7
8780571c:	04880006 	streq	r0, [r8], #6
87805720:	00048800 	andeq	r8, r4, r0, lsl #16
87805724:	3c0006c8 	stccc	6, cr0, [r0], {200}	; 0xc8
87805728:	013e0003 	teqeq	lr, r3
8780572c:	7f00e6ff 	svcvc	0x0000e6ff
87805730:	00000084 	andeq	r0, r0, r4, lsl #1
87805734:	07080004 	streq	r0, [r8, -r4]
87805738:	ff07f8ff 			; <UNDEFINED> instruction: 0xff07f8ff
8780573c:	080804f8 	stmdaeq	r8, {r3, r4, r5, r6, r7, sl}
87805740:	04000804 	streq	r0, [r0], #-2052	; 0xfffff7fc
87805744:	0f04000c 	svceq	0x0004000c
87805748:	c00b0400 	andgt	r0, fp, r0, lsl #8
8780574c:	03f01006 	mvnseq	r1, #6
87805750:	e00138f0 	strd	r3, [r1], -r0
87805754:	08000008 	stmdaeq	r0, {r3}
87805758:	01000000 	mrseq	r0, (UNDEF: 0)
8780575c:	f003f8e0 			; <UNDEFINED> instruction: 0xf003f8e0
87805760:	10300630 	eorsne	r0, r0, r0, lsr r6
87805764:	04081804 	streq	r1, [r8], #-2052	; 0xfffff7fc
87805768:	0c040818 	stceq	8, cr0, [r4], {24}
8780576c:	080c0408 	stmdaeq	ip, {r3, sl}
87805770:	02180602 	andseq	r0, r8, #2097152	; 0x200000
87805774:	8107f007 	tsthi	r7, r7	; <UNPREDICTABLE>
87805778:	000000e0 	andeq	r0, r0, r0, ror #1
8780577c:	06008001 	streq	r8, [r0], -r1
87805780:	00040000 	andeq	r0, r4, r0
87805784:	00000400 	andeq	r0, r0, r0, lsl #8
87805788:	07080004 	streq	r0, [r8, -r4]
8780578c:	ff07f8ff 			; <UNDEFINED> instruction: 0xff07f8ff
87805790:	080004f8 	stmdaeq	r0, {r3, r4, r5, r6, r7, sl}
87805794:	04000004 	streq	r0, [r0], #-4
87805798:	00060000 	andeq	r0, r6, r0
8780579c:	00800100 	addeq	r0, r0, r0, lsl #2
878057a0:	07000004 	streq	r0, [r0, -r4]
878057a4:	ff07e0ff 			; <UNDEFINED> instruction: 0xff07e0ff
878057a8:	180004f0 	stmdane	r0, {r4, r5, r6, r7, sl}
878057ac:	00080000 	andeq	r0, r8, r0
878057b0:	00000800 	andeq	r0, r0, r0, lsl #16
878057b4:	08000008 	stmdaeq	r0, {r3}
878057b8:	04080000 	streq	r0, [r8], #-0
878057bc:	ff071000 			; <UNDEFINED> instruction: 0xff071000
878057c0:	000004e0 	andeq	r0, r0, r0, ror #9
878057c4:	06000004 	streq	r0, [r0], -r4
878057c8:	e0070000 	and	r0, r7, r0
878057cc:	00fe0700 	rscseq	r0, lr, r0, lsl #14
878057d0:	00e01f04 	rsceq	r1, r0, r4, lsl #30
878057d4:	0000f801 	andeq	pc, r0, r1, lsl #16
878057d8:	e0010038 	and	r0, r1, r8, lsr r0
878057dc:	07003e04 	streq	r3, [r0, -r4, lsl #28]
878057e0:	000600c0 	andeq	r0, r6, r0, asr #1
878057e4:	00000400 	andeq	r0, r0, r0, lsl #8
878057e8:	07000004 	streq	r0, [r0, -r4]
878057ec:	ff0700e0 			; <UNDEFINED> instruction: 0xff0700e0
878057f0:	f81f04c0 			; <UNDEFINED> instruction: 0xf81f04c0
878057f4:	07c00700 	strbeq	r0, [r0, r0, lsl #14]
878057f8:	ff0700f8 			; <UNDEFINED> instruction: 0xff0700f8
878057fc:	f83f0480 			; <UNDEFINED> instruction: 0xf83f0480
87805800:	04c00700 	strbeq	r0, [r0], #1792	; 0x700
87805804:	000700f8 	strdeq	r0, [r7], -r8
87805808:	00000400 	andeq	r0, r0, r0, lsl #8
8780580c:	04000000 	streq	r0, [r0], #-0
87805810:	00060800 	andeq	r0, r6, r0, lsl #16
87805814:	78c00718 	stmiavc	r0, {r3, r4, r8, r9, sl}^
87805818:	00c8f105 	sbceq	pc, r8, r5, lsl #2
8780581c:	1f00003e 	svcne	0x0000003e
87805820:	e8630480 	stmda	r3!, {r7, sl}^
87805824:	06f88007 	ldrbteq	r8, [r8], r7
87805828:	00041800 	andeq	r1, r4, r0, lsl #16
8780582c:	00000008 	andeq	r0, r0, r8
87805830:	06000004 	streq	r0, [r0], -r4
87805834:	80070000 	andhi	r0, r7, r0
87805838:	08e00700 	stmiaeq	r0!, {r8, r9, sl}^
8780583c:	00087c04 	andeq	r7, r8, r4, lsl #24
87805840:	0700f81f 	smuadeq	r0, pc, r8	; <UNPREDICTABLE>
87805844:	081800f8 	ldmdaeq	r8, {r3, r4, r5, r6, r7}
87805848:	0708e004 	streq	lr, [r8, -r4]
8780584c:	00060000 	andeq	r0, r6, r0
87805850:	00000400 	andeq	r0, r0, r0, lsl #8
87805854:	01000000 	mrseq	r0, (UNDEF: 0)
87805858:	00060800 	andeq	r0, r6, r0, lsl #16
8780585c:	f8000438 			; <UNDEFINED> instruction: 0xf8000438
87805860:	04e80304 	strbteq	r0, [r8], #772	; 0x304
87805864:	7c04080f 	stcvc	8, cr0, [r4], {15}
87805868:	08f00508 	ldmeq	r0!, {r3, r8, sl}^
8780586c:	0708c007 	streq	ip, [r8, -r7]
87805870:	00041800 	andeq	r1, r4, r0, lsl #16
87805874:	00000060 	andeq	r0, r0, r0, rrx
	...
87805884:	3f000000 	svccc	0x00000000
87805888:	0020feff 	strdeq	pc, [r0], -pc	; <UNPREDICTABLE>
8780588c:	02002002 	andeq	r2, r0, #2
87805890:	20020020 	andcs	r0, r2, r0, lsr #32
87805894:	00200200 	eoreq	r0, r0, r0, lsl #4
87805898:	00000002 	andeq	r0, r0, r2
8780589c:	00000000 	andeq	r0, r0, r0
878058a0:	00080000 	andeq	r0, r8, r0
878058a4:	00000700 	andeq	r0, r0, r0, lsl #14
878058a8:	0000c000 	andeq	ip, r0, r0
878058ac:	06000038 			; <UNDEFINED> instruction: 0x06000038
878058b0:	c0010000 	andgt	r0, r1, r0
878058b4:	00300000 	eorseq	r0, r0, r0
878058b8:	00000e00 	andeq	r0, r0, r0, lsl #28
878058bc:	00000001 	andeq	r0, r0, r1
878058c0:	00000000 	andeq	r0, r0, r0
878058c4:	00200000 	eoreq	r0, r0, r0
878058c8:	02002002 	andeq	r2, r0, #2
878058cc:	20020020 	andcs	r0, r2, r0, lsr #32
878058d0:	00200200 	eoreq	r0, r0, r0, lsl #4
878058d4:	feff3f02 	cdp2	15, 15, cr3, cr15, cr2, {0}
	...
878058ec:	00000800 	andeq	r0, r0, r0, lsl #16
878058f0:	30000010 	andcc	r0, r0, r0, lsl r0
878058f4:	00200000 	eoreq	r0, r0, r0
878058f8:	00003000 	andeq	r3, r0, r0
878058fc:	08000010 	stmdaeq	r0, {r4}
	...
87805908:	00010000 	andeq	r0, r1, r0
8780590c:	00000100 	andeq	r0, r0, r0, lsl #2
87805910:	01000001 	tsteq	r0, r1
87805914:	00010000 	andeq	r0, r1, r0
87805918:	00000100 	andeq	r0, r0, r0, lsl #2
8780591c:	01000001 	tsteq	r0, r1
87805920:	00010000 	andeq	r0, r1, r0
87805924:	00000100 	andeq	r0, r0, r0, lsl #2
87805928:	01000001 	tsteq	r0, r1
	...
87805934:	00002000 	andeq	r2, r0, r0
87805938:	10000020 	andne	r0, r0, r0, lsr #32
8780593c:	00100000 	andseq	r0, r0, r0
	...
87805954:	1900f000 	stmdbne	r0, {ip, sp, lr, pc}
87805958:	181b00f8 	ldmdane	fp, {r3, r4, r5, r6, r7}
8780595c:	00082200 	andeq	r2, r8, r0, lsl #4
87805960:	24000826 	strcs	r0, [r0], #-2086	; 0xfffff7da
87805964:	10240008 	eorne	r0, r4, r8
87805968:	00f83f00 	rscseq	r3, r8, r0, lsl #30
8780596c:	0000f81f 	andeq	pc, r0, pc, lsl r8	; <UNPREDICTABLE>
87805970:	18000008 	stmdane	r0, {r3}
87805974:	04000000 	streq	r0, [r0], #-0
87805978:	ff070000 			; <UNDEFINED> instruction: 0xff070000
8780597c:	f0ff0ff8 			; <UNDEFINED> instruction: 0xf0ff0ff8
87805980:	00181800 	andseq	r1, r8, r0, lsl #16
87805984:	20000810 	andcs	r0, r0, r0, lsl r8
87805988:	08200008 	stmdaeq	r0!, {r3}
8780598c:	00183000 	andseq	r3, r8, r0
87805990:	0f00f01f 	svceq	0x0000f01f
87805994:	000000c0 	andeq	r0, r0, r0, asr #1
87805998:	00000000 	andeq	r0, r0, r0
8780599c:	1f00c007 	svcne	0x0000c007
878059a0:	301800f0 	ldrshcc	r0, [r8], -r0	; <UNPREDICTABLE>
878059a4:	00082000 	andeq	r2, r8, r0
878059a8:	20000820 	andcs	r0, r0, r0, lsr #16
878059ac:	083c0008 	ldmdaeq	ip!, {r3}
878059b0:	00101c00 	andseq	r1, r0, r0, lsl #24
878059b4:	00006000 	andeq	r6, r0, r0
	...
878059c0:	1f00c007 	svcne	0x0000c007
878059c4:	183800f0 	ldmdane	r8!, {r4, r5, r6, r7}
878059c8:	00082000 	andeq	r2, r8, r0
878059cc:	20000820 	andcs	r0, r0, r0, lsr #16
878059d0:	10100408 	andsne	r0, r0, r8, lsl #8
878059d4:	0ff8ff07 	svceq	0x00f8ff07
878059d8:	0000f0ff 	strdeq	pc, [r0], -pc	; <UNPREDICTABLE>
878059dc:	00000010 	andeq	r0, r0, r0, lsl r0
878059e0:	00000000 	andeq	r0, r0, r0
878059e4:	07000000 	streq	r0, [r0, -r0]
878059e8:	f01f00c0 			; <UNDEFINED> instruction: 0xf01f00c0
878059ec:	00301200 	eorseq	r1, r0, r0, lsl #4
878059f0:	22001822 	andcs	r1, r0, #2228224	; 0x220000
878059f4:	08220008 	stmdaeq	r2!, {r3}
878059f8:	00083200 	andeq	r3, r8, r0, lsl #4
878059fc:	0e00101e 	mcreq	0, 0, r1, cr0, cr14, {0}
87805a00:	00000020 	andeq	r0, r0, r0, lsr #32
87805a04:	00000000 	andeq	r0, r0, r0
87805a08:	20000020 	andcs	r0, r0, r0, lsr #32
87805a0c:	08200008 	stmdaeq	r0!, {r3}
87805a10:	03f8ff01 	mvnseq	pc, #1, 30
87805a14:	2006f8ff 	strdcs	pc, [r6], -pc	; <UNPREDICTABLE>
87805a18:	08200408 	stmdaeq	r0!, {r3, sl}
87805a1c:	07082004 	streq	r2, [r8, -r4]
87805a20:	00030020 	andeq	r0, r3, r0, lsr #32
	...
87805a2c:	0e000e00 	cdpeq	14, 0, cr0, cr0, cr0, {0}
87805a30:	f31f006e 	vhadd.u16	q0, <illegal reg q7.5>, q15
87805a34:	00b13100 	adcseq	r3, r1, r0, lsl #2
87805a38:	2000b120 	andcs	fp, r0, r0, lsr #2
87805a3c:	913100b1 	ldrhls	r0, [r1, -r1]!
87805a40:	00131f00 	andseq	r1, r3, r0, lsl #30
87805a44:	20001e2e 	andcs	r1, r0, lr, lsr #28
87805a48:	0030000e 	eorseq	r0, r0, lr
87805a4c:	04000000 	streq	r0, [r0], #-0
87805a50:	ff070800 	vcmla.f16	d0, d7, d0[0], #0
87805a54:	f8ff0ff8 			; <UNDEFINED> instruction: 0xf8ff0ff8
87805a58:	00081000 	andeq	r1, r8, r0
87805a5c:	20000020 	andcs	r0, r0, r0, lsr #32
87805a60:	08200000 	stmdaeq	r0!, {}	; <UNPREDICTABLE>
87805a64:	00f83f00 	rscseq	r3, r8, r0, lsl #30
87805a68:	0000f81f 	andeq	pc, r0, pc, lsl r8	; <UNPREDICTABLE>
87805a6c:	00000008 	andeq	r0, r0, r8
87805a70:	00000000 	andeq	r0, r0, r0
87805a74:	20000000 	andcs	r0, r0, r0
87805a78:	08200008 	stmdaeq	r0!, {r3}
87805a7c:	06082000 	streq	r2, [r8], -r0
87805a80:	3f06f83f 	svccc	0x0006f83f
87805a84:	080000f8 	stmdaeq	r0, {r3, r4, r5, r6, r7}
87805a88:	00080000 	andeq	r0, r8, r0
87805a8c:	00000800 	andeq	r0, r0, r0, lsl #16
	...
87805a9c:	03000003 	movweq	r0, #3
87805aa0:	00012000 	andeq	r2, r1, r0
87805aa4:	20000120 	andcs	r0, r0, r0, lsr #2
87805aa8:	fe3f0603 	cdp2	6, 3, cr0, cr15, cr3, {0}
87805aac:	00fc3f06 	rscseq	r3, ip, r6, lsl #30
	...
87805ab8:	04000000 	streq	r0, [r0], #-0
87805abc:	ff070800 	vcmla.f16	d0, d7, d0[0], #0
87805ac0:	f8ff0ff8 			; <UNDEFINED> instruction: 0xf8ff0ff8
87805ac4:	00880100 	addeq	r0, r8, r0, lsl #2
87805ac8:	2f000003 	svccs	0x00000003
87805acc:	f83800c0 			; <UNDEFINED> instruction: 0xf83800c0
87805ad0:	00382000 	eorseq	r2, r8, r0
87805ad4:	00000820 	andeq	r0, r0, r0, lsr #16
87805ad8:	00000008 	andeq	r0, r0, r8
87805adc:	00000000 	andeq	r0, r0, r0
87805ae0:	00040000 	andeq	r0, r4, r0
87805ae4:	08000408 	stmdaeq	r0, {r3, sl}
87805ae8:	07080004 	streq	r0, [r8, -r4]
87805aec:	ff0ff8ff 			; <UNDEFINED> instruction: 0xff0ff8ff
87805af0:	080000f8 	stmdaeq	r0, {r3, r4, r5, r6, r7}
87805af4:	00080000 	andeq	r0, r8, r0
87805af8:	00000800 	andeq	r0, r0, r0, lsl #16
87805afc:	00000000 	andeq	r0, r0, r0
87805b00:	00082000 	andeq	r2, r8, r0
87805b04:	3f00f83f 	svccc	0x0000f83f
87805b08:	081000f8 	ldmdaeq	r0, {r3, r4, r5, r6, r7}
87805b0c:	00002000 	andeq	r2, r0, r0
87805b10:	3f00f83f 	svccc	0x0000f83f
87805b14:	081000f8 	ldmdaeq	r0, {r3, r4, r5, r6, r7}
87805b18:	00002000 	andeq	r2, r0, r0
87805b1c:	3f00f83f 	svccc	0x0000f83f
87805b20:	080000f8 	stmdaeq	r0, {r3, r4, r5, r6, r7}
87805b24:	00000000 	andeq	r0, r0, r0
87805b28:	3f000820 	svccc	0x00000820
87805b2c:	f83f00f8 			; <UNDEFINED> instruction: 0xf83f00f8
87805b30:	00081000 	andeq	r1, r8, r0
87805b34:	20000010 	andcs	r0, r0, r0, lsl r0
87805b38:	08200000 	stmdaeq	r0!, {}	; <UNPREDICTABLE>
87805b3c:	00f83f00 	rscseq	r3, r8, r0, lsl #30
87805b40:	0000f81f 	andeq	pc, r0, pc, lsl r8	; <UNPREDICTABLE>
87805b44:	00000008 	andeq	r0, r0, r8
87805b48:	00000000 	andeq	r0, r0, r0
87805b4c:	0f00c007 	svceq	0x0000c007
87805b50:	301800f0 	ldrshcc	r0, [r8], -r0	; <UNPREDICTABLE>
87805b54:	00083000 	andeq	r3, r8, r0
87805b58:	20000820 	andcs	r0, r0, r0, lsr #16
87805b5c:	08300008 	ldmdaeq	r0!, {r3}
87805b60:	00301800 	eorseq	r1, r0, r0, lsl #16
87805b64:	0700f00f 	streq	pc, [r0, -pc]
87805b68:	000000c0 	andeq	r0, r0, r0, asr #1
87805b6c:	00000000 	andeq	r0, r0, r0
87805b70:	3f000120 	svccc	0x00000120
87805b74:	ff3f00ff 			; <UNDEFINED> instruction: 0xff3f00ff
87805b78:	00111000 	andseq	r1, r1, r0
87805b7c:	20000920 	andcs	r0, r0, r0, lsr #18
87805b80:	08200008 	stmdaeq	r0!, {r3}
87805b84:	00383000 	eorseq	r3, r8, r0
87805b88:	0f00f01f 	svceq	0x0000f01f
87805b8c:	000000c0 	andeq	r0, r0, r0, asr #1
87805b90:	00000000 	andeq	r0, r0, r0
87805b94:	1f00c007 	svcne	0x0000c007
87805b98:	183800f0 	ldmdane	r8!, {r4, r5, r6, r7}
87805b9c:	00082000 	andeq	r2, r8, r0
87805ba0:	20000820 	andcs	r0, r0, r0, lsr #16
87805ba4:	11100009 	tstne	r0, r9
87805ba8:	00ff1f00 	rscseq	r1, pc, r0, lsl #30
87805bac:	0000ff3f 	andeq	pc, r0, pc, lsr pc	; <UNPREDICTABLE>
87805bb0:	00000001 	andeq	r0, r0, r1
87805bb4:	00082000 	andeq	r2, r8, r0
87805bb8:	20000820 	andcs	r0, r0, r0, lsr #16
87805bbc:	f83f0008 			; <UNDEFINED> instruction: 0xf83f0008
87805bc0:	00f83f00 	rscseq	r3, r8, r0, lsl #30
87805bc4:	10000808 	andne	r0, r0, r8, lsl #16
87805bc8:	08200008 	stmdaeq	r0!, {r3}
87805bcc:	00002000 	andeq	r2, r0, r0
87805bd0:	30000030 	andcc	r0, r0, r0, lsr r0
	...
87805bdc:	0c000000 	stceq	0, cr0, [r0], {-0}
87805be0:	181e0078 	ldmdane	lr, {r3, r4, r5, r6}
87805be4:	00083300 	andeq	r3, r8, r0, lsl #6
87805be8:	21000823 	tstcs	r0, r3, lsr #16
87805bec:	88210008 	stmdahi	r1!, {r3}
87805bf0:	00982100 	addseq	r2, r8, r0, lsl #2
87805bf4:	3800f030 	stmdacc	r0, {r4, r5, ip, sp, lr, pc}
87805bf8:	00000060 	andeq	r0, r0, r0, rrx
87805bfc:	00000000 	andeq	r0, r0, r0
87805c00:	20000020 	andcs	r0, r0, r0, lsr #32
87805c04:	00200000 	eoreq	r0, r0, r0
87805c08:	03f0ff00 	mvnseq	pc, #0, 30
87805c0c:	2000f8ff 	strdcs	pc, [r0], -pc	; <UNPREDICTABLE>
87805c10:	08200008 	stmdaeq	r0!, {r3}
87805c14:	00082000 	andeq	r2, r8, r0
87805c18:	00003000 	andeq	r3, r0, r0
	...
87805c24:	3f000020 	svccc	0x00000020
87805c28:	f87f00f0 			; <UNDEFINED> instruction: 0xf87f00f0
87805c2c:	00180000 	andseq	r0, r8, r0
87805c30:	00000800 	andeq	r0, r0, r0, lsl #16
87805c34:	10200008 	eorne	r0, r0, r8
87805c38:	00f83f00 	rscseq	r3, r8, r0, lsl #30
87805c3c:	0000f07f 	andeq	pc, r0, pc, ror r0	; <UNPREDICTABLE>
87805c40:	00000010 	andeq	r0, r0, r0, lsl r0
87805c44:	00000000 	andeq	r0, r0, r0
87805c48:	30000020 	andcc	r0, r0, r0, lsr #32
87805c4c:	003c0000 	eorseq	r0, ip, r0
87805c50:	00803f00 	addeq	r3, r0, r0, lsl #30
87805c54:	0000f023 	andeq	pc, r0, r3, lsr #32
87805c58:	70000078 	andvc	r0, r0, r8, ror r0
87805c5c:	00802300 	addeq	r2, r0, r0, lsl #6
87805c60:	3000003c 	andcc	r0, r0, ip, lsr r0
87805c64:	00200000 	eoreq	r0, r0, r0
87805c68:	00002000 	andeq	r2, r0, r0
87805c6c:	3f00003c 	svccc	0x0000003c
87805c70:	f82300e0 			; <UNDEFINED> instruction: 0xf82300e0
87805c74:	00e00000 	rsceq	r0, r0, r0
87805c78:	3e000027 	cdpcc	0, 0, cr0, cr0, cr7, {1}
87805c7c:	e03f0000 	eors	r0, pc, r0
87805c80:	00f82100 	rscseq	r2, r8, r0, lsl #2
87805c84:	3e00e001 	cdpcc	0, 0, cr14, cr0, cr1, {0}
87805c88:	00200000 	eoreq	r0, r0, r0
87805c8c:	00000000 	andeq	r0, r0, r0
87805c90:	20000820 	andcs	r0, r0, r0, lsr #16
87805c94:	38380008 	ldmdacc	r8!, {r3}
87805c98:	00683e00 	rsbeq	r3, r8, r0, lsl #28
87805c9c:	03008027 	movweq	r8, #39	; 0x27
87805ca0:	f82c00c8 			; <UNDEFINED> instruction: 0xf82c00c8
87805ca4:	00383800 	eorseq	r3, r8, r0, lsl #16
87805ca8:	20001820 	andcs	r1, r0, r0, lsr #16
87805cac:	00000008 	andeq	r0, r0, r8
87805cb0:	00000000 	andeq	r0, r0, r0
87805cb4:	30000020 	andcc	r0, r0, r0, lsr #32
87805cb8:	013c0003 	teqeq	ip, r3
87805cbc:	00833f00 	addeq	r3, r3, r0, lsl #30
87805cc0:	0000ec23 	andeq	lr, r0, r3, lsr #24
87805cc4:	80230070 	eorhi	r0, r3, r0, ror r0
87805cc8:	00003c00 	andeq	r3, r0, r0, lsl #24
87805ccc:	20000020 	andcs	r0, r0, r0, lsr #32
	...
87805cd8:	38000000 	stmdacc	r0, {}	; <UNPREDICTABLE>
87805cdc:	38200008 	stmdacc	r0!, {r3}
87805ce0:	00f82000 	rscseq	r2, r8, r0
87805ce4:	2f00e823 	svccs	0x0000e823
87805ce8:	083e0088 	ldmdaeq	lr!, {r3, r7}
87805cec:	00083800 	andeq	r3, r8, r0, lsl #16
87805cf0:	00001820 	andeq	r1, r0, r0, lsr #16
87805cf4:	00000070 	andeq	r0, r0, r0, ror r0
	...
87805d08:	14000008 	strne	r0, [r0], #-8
87805d0c:	fcf71f00 	ldc2l	15, cr1, [r7]
87805d10:	20060030 	andcs	r0, r6, r0, lsr r0
87805d14:	00000200 	andeq	r0, r0, r0, lsl #4
	...
87805d2c:	ffff0000 			; <UNDEFINED> instruction: 0xffff0000
87805d30:	000000ff 	strdeq	r0, [r0], -pc	; <UNPREDICTABLE>
	...
87805d44:	00200000 	eoreq	r0, r0, r0
87805d48:	06003002 	streq	r3, [r0], -r2
87805d4c:	00fcf71f 	rscseq	pc, ip, pc, lsl r7	; <UNPREDICTABLE>
87805d50:	08000014 	stmdaeq	r0, {r2, r4}
	...
87805d64:	18000000 	stmdane	r0, {}	; <UNPREDICTABLE>
87805d68:	00600000 	rsbeq	r0, r0, r0
87805d6c:	00004000 	andeq	r4, r0, r0
87805d70:	20000040 	andcs	r0, r0, r0, asr #32
87805d74:	00100000 	andseq	r0, r0, r0
87805d78:	00000800 	andeq	r0, r0, r0, lsl #16
87805d7c:	04000004 	streq	r0, [r0], #-4
87805d80:	000c0000 	andeq	r0, ip, r0
87805d84:	00001000 	andeq	r1, r0, r0

87805d88 <asc2_1608>:
	...
87805d9c:	cc1f0000 	ldcgt	0, cr0, [pc], {-0}
87805da0:	00000c00 	andeq	r0, r0, r0, lsl #24
87805da4:	00000000 	andeq	r0, r0, r0
87805da8:	00080000 	andeq	r0, r8, r0
87805dac:	00600030 	rsbeq	r0, r0, r0, lsr r0
87805db0:	00300008 	eorseq	r0, r0, r8
87805db4:	00000060 	andeq	r0, r0, r0, rrx
87805db8:	fc032002 	stc2	0, cr2, [r3], {2}
87805dbc:	2002201e 	andcs	r2, r2, lr, lsl r0
87805dc0:	201efc03 	andscs	pc, lr, r3, lsl #24
87805dc4:	00002002 	andeq	r2, r0, r2
87805dc8:	180e0000 	stmdane	lr, {}	; <UNPREDICTABLE>
87805dcc:	ff3f0411 			; <UNDEFINED> instruction: 0xff3f0411
87805dd0:	780c8410 	stmdavc	ip, {r4, sl, pc}
87805dd4:	00000000 	andeq	r0, r0, r0
87805dd8:	8410000f 	ldrhi	r0, [r0], #-15
87805ddc:	c000380f 	andgt	r3, r0, pc, lsl #16
87805de0:	84187807 	ldrhi	r7, [r8], #-2055	; 0xfffff7f9
87805de4:	00007800 	andeq	r7, r0, r0, lsl #16
87805de8:	840f7800 	strhi	r7, [pc], #-2048	; 87805df0 <asc2_1608+0x68>
87805dec:	2411c410 	ldrcs	ip, [r1], #-1040	; 0xfffffbf0
87805df0:	e400980e 	str	r9, [r0], #-2062	; 0xfffff7f2
87805df4:	08008400 	stmdaeq	r0, {sl, pc}
87805df8:	00680008 	rsbeq	r0, r8, r8
87805dfc:	00000070 	andeq	r0, r0, r0, ror r0
	...
87805e0c:	e0070000 	and	r0, r7, r0
87805e10:	04201818 	strteq	r1, [r0], #-2072	; 0xfffff7e8
87805e14:	00000240 	andeq	r0, r0, r0, asr #4
87805e18:	02400000 	subeq	r0, r0, #0
87805e1c:	18180420 	ldmdane	r8, {r5, sl}
87805e20:	0000e007 	andeq	lr, r0, r7
87805e24:	00000000 	andeq	r0, r0, r0
87805e28:	40024002 	andmi	r4, r2, r2
87805e2c:	f00f8001 			; <UNDEFINED> instruction: 0xf00f8001
87805e30:	40028001 	andmi	r8, r2, r1
87805e34:	00004002 	andeq	r4, r0, r2
87805e38:	80008000 	andhi	r8, r0, r0
87805e3c:	f80f8000 			; <UNDEFINED> instruction: 0xf80f8000
87805e40:	80008000 	andhi	r8, r0, r0
87805e44:	00008000 	andeq	r8, r0, r0
87805e48:	0d000100 	stfeqs	f0, [r0, #-0]
87805e4c:	00000e00 	andeq	r0, r0, r0, lsl #28
	...
87805e58:	80000000 	andhi	r0, r0, r0
87805e5c:	80008000 	andhi	r8, r0, r0
87805e60:	80008000 	andhi	r8, r0, r0
87805e64:	80008000 	andhi	r8, r0, r0
87805e68:	0c000000 	stceq	0, cr0, [r0], {-0}
87805e6c:	00000c00 	andeq	r0, r0, r0, lsl #24
	...
87805e78:	06000000 	streq	r0, [r0], -r0
87805e7c:	60001800 	andvs	r1, r0, r0, lsl #16
87805e80:	00068001 	andeq	r8, r6, r1
87805e84:	00200018 	eoreq	r0, r0, r8, lsl r0
87805e88:	f0070000 			; <UNDEFINED> instruction: 0xf0070000
87805e8c:	04100808 	ldreq	r0, [r0], #-2056	; 0xfffff7f8
87805e90:	08080410 	stmdaeq	r8, {r4, sl}
87805e94:	0000f007 	andeq	pc, r0, r7
87805e98:	04080000 	streq	r0, [r8], #-0
87805e9c:	fc1f0408 	ldc2	4, cr0, [pc], {8}
87805ea0:	04000400 	streq	r0, [r0], #-1024	; 0xfffffc00
87805ea4:	00000000 	andeq	r0, r0, r0
87805ea8:	0c0e0000 	stceq	0, cr0, [lr], {-0}
87805eac:	24101410 	ldrcs	r1, [r0], #-1040	; 0xfffffbf0
87805eb0:	84114410 	ldrhi	r4, [r1], #-1040	; 0xfffffbf0
87805eb4:	00000c0e 	andeq	r0, r0, lr, lsl #24
87805eb8:	180c0000 	stmdane	ip, {}	; <UNPREDICTABLE>
87805ebc:	04110410 	ldreq	r0, [r1], #-1040	; 0xfffffbf0
87805ec0:	88120411 	ldmdahi	r2, {r0, r4, sl}
87805ec4:	0000700c 	andeq	r7, r0, ip
87805ec8:	e0000000 	and	r0, r0, r0
87805ecc:	24042003 	strcs	r2, [r4], #-3
87805ed0:	fc1f2408 	ldc2	4, cr2, [pc], {8}
87805ed4:	00002400 	andeq	r2, r0, r0, lsl #8
87805ed8:	981f0000 	ldmdals	pc, {}	; <UNPREDICTABLE>
87805edc:	04118410 	ldreq	r8, [r1], #-1040	; 0xfffffbf0
87805ee0:	88100411 	ldmdahi	r0, {r0, r4, sl}
87805ee4:	00007010 	andeq	r7, r0, r0, lsl r0
87805ee8:	f0070000 			; <UNDEFINED> instruction: 0xf0070000
87805eec:	04118808 	ldreq	r8, [r1], #-2056	; 0xfffff7f8
87805ef0:	88180411 	ldmdahi	r8, {r0, r4, sl}
87805ef4:	00007000 	andeq	r7, r0, r0
87805ef8:	001c0000 	andseq	r0, ip, r0
87805efc:	fc100010 	ldc2	0, cr0, [r0], {16}
87805f00:	001c0013 	andseq	r0, ip, r3, lsl r0
87805f04:	00000010 	andeq	r0, r0, r0, lsl r0
87805f08:	380e0000 	stmdacc	lr, {}	; <UNPREDICTABLE>
87805f0c:	84104411 	ldrhi	r4, [r0], #-1041	; 0xfffffbef
87805f10:	44118410 	ldrmi	r8, [r1], #-1040	; 0xfffffbf0
87805f14:	0000380e 	andeq	r3, r0, lr, lsl #16
87805f18:	00070000 	andeq	r0, r7, r0
87805f1c:	44108c08 	ldrmi	r8, [r0], #-3080	; 0xfffff3f8
87805f20:	88084410 	stmdahi	r8, {r4, sl, lr}
87805f24:	0000f007 	andeq	pc, r0, r7
87805f28:	00000000 	andeq	r0, r0, r0
87805f2c:	0c030000 	stceq	0, cr0, [r3], {-0}
87805f30:	00000c03 	andeq	r0, r0, r3, lsl #24
	...
87805f3c:	06010100 	streq	r0, [r1], -r0, lsl #2
	...
87805f48:	80000000 	andhi	r0, r0, r0
87805f4c:	20024001 	andcs	r4, r2, r1
87805f50:	08081004 	stmdaeq	r8, {r2, ip}
87805f54:	00000410 	andeq	r0, r0, r0, lsl r4
87805f58:	20022002 	andcs	r2, r2, r2
87805f5c:	20022002 	andcs	r2, r2, r2
87805f60:	20022002 	andcs	r2, r2, r2
87805f64:	00002002 	andeq	r2, r0, r2
87805f68:	04100000 	ldreq	r0, [r0], #-0
87805f6c:	10040808 	andne	r0, r4, r8, lsl #16
87805f70:	40012002 	andmi	r2, r1, r2
87805f74:	00008000 	andeq	r8, r0, r0
87805f78:	000e0000 	andeq	r0, lr, r0
87805f7c:	0c100012 	ldceq	0, cr0, [r0], {18}
87805f80:	80106c10 	andshi	r6, r0, r0, lsl ip
87805f84:	0000000f 	andeq	r0, r0, pc
87805f88:	180ce003 	stmdane	ip, {r0, r1, sp, lr, pc}
87805f8c:	2414e413 	ldrcs	lr, [r4], #-1043	; 0xfffffbed
87805f90:	2808c417 	stmdacs	r8, {r0, r1, r2, r4, sl, lr, pc}
87805f94:	0000d007 	andeq	sp, r0, r7
87805f98:	3c000400 	cfstrscc	mvf0, [r0], {-0}
87805f9c:	401cc403 	andsmi	ip, ip, r3, lsl #8
87805fa0:	e4004007 	str	r4, [r0], #-7
87805fa4:	04001c00 	streq	r1, [r0], #-3072	; 0xfffff400
87805fa8:	fc1f0410 	ldc2	4, cr0, [pc], {16}
87805fac:	04110411 	ldreq	r0, [r1], #-1041	; 0xfffffbef
87805fb0:	880e0411 	stmdahi	lr, {r0, r4, sl}
87805fb4:	00007000 	andeq	r7, r0, r0
87805fb8:	180ce003 	stmdane	ip, {r0, r1, sp, lr, pc}
87805fbc:	04100410 	ldreq	r0, [r0], #-1040	; 0xfffffbf0
87805fc0:	08100410 	ldmdaeq	r0, {r4, sl}
87805fc4:	0000101c 	andeq	r1, r0, ip, lsl r0
87805fc8:	fc1f0410 	ldc2	4, cr0, [pc], {16}
87805fcc:	04100410 	ldreq	r0, [r0], #-1040	; 0xfffffbf0
87805fd0:	08080410 	stmdaeq	r8, {r4, sl}
87805fd4:	0000f007 	andeq	pc, r0, r7
87805fd8:	fc1f0410 	ldc2	4, cr0, [pc], {16}
87805fdc:	04110411 	ldreq	r0, [r1], #-1041	; 0xfffffbef
87805fe0:	0410c417 	ldreq	ip, [r0], #-1047	; 0xfffffbe9
87805fe4:	00001808 	andeq	r1, r0, r8, lsl #16
87805fe8:	fc1f0410 	ldc2	4, cr0, [pc], {16}
87805fec:	00110411 	andseq	r0, r1, r1, lsl r4
87805ff0:	0010c017 	andseq	ip, r0, r7, lsl r0
87805ff4:	00000008 	andeq	r0, r0, r8
87805ff8:	180ce003 	stmdane	ip, {r0, r1, sp, lr, pc}
87805ffc:	04100410 	ldreq	r0, [r0], #-1040	; 0xfffffbf0
87806000:	781c4410 	ldmdavc	ip, {r4, sl, lr}
87806004:	00004000 	andeq	r4, r0, r0
87806008:	fc1f0410 	ldc2	4, cr0, [pc], {16}
8780600c:	80008410 	andhi	r8, r0, r0, lsl r4
87806010:	84108000 	ldrhi	r8, [r0], #-0
87806014:	0410fc1f 	ldreq	pc, [r0], #-3103	; 0xfffff3e1
87806018:	04100000 	ldreq	r0, [r0], #-0
8780601c:	fc1f0410 	ldc2	4, cr0, [pc], {16}
87806020:	04100410 	ldreq	r0, [r0], #-1040	; 0xfffffbf0
87806024:	00000000 	andeq	r0, r0, r0
87806028:	01000300 	mrseq	r0, LR_irq
8780602c:	01100110 	tsteq	r0, r0, lsl r1
87806030:	0010fe1f 	andseq	pc, r0, pc, lsl lr	; <UNPREDICTABLE>
87806034:	00000010 	andeq	r0, r0, r0, lsl r0
87806038:	fc1f0410 	ldc2	4, cr0, [pc], {16}
8780603c:	80030411 	andhi	r0, r3, r1, lsl r4
87806040:	1c186414 	cfldrsne	mvf6, [r8], {20}
87806044:	00000410 	andeq	r0, r0, r0, lsl r4
87806048:	fc1f0410 	ldc2	4, cr0, [pc], {16}
8780604c:	04000410 	streq	r0, [r0], #-1040	; 0xfffffbf0
87806050:	04000400 	streq	r0, [r0], #-1024	; 0xfffffc00
87806054:	00000c00 	andeq	r0, r0, r0, lsl #24
87806058:	fc1f0410 	ldc2	4, cr0, [pc], {16}
8780605c:	fc00001f 	stc2	0, cr0, [r0], {31}
87806060:	fc1f001f 	ldc2	0, cr0, [pc], {31}
87806064:	00000410 	andeq	r0, r0, r0, lsl r4
87806068:	fc1f0410 	ldc2	4, cr0, [pc], {16}
8780606c:	0003040c 	andeq	r0, r3, ip, lsl #8
87806070:	1810e000 	ldmdane	r0, {sp, lr, pc}
87806074:	0010fc1f 	andseq	pc, r0, pc, lsl ip	; <UNPREDICTABLE>
87806078:	0808f007 	stmdaeq	r8, {r0, r1, r2, ip, sp, lr, pc}
8780607c:	04100410 	ldreq	r0, [r0], #-1040	; 0xfffffbf0
87806080:	08080410 	stmdaeq	r8, {r4, sl}
87806084:	0000f007 	andeq	pc, r0, r7
87806088:	fc1f0410 	ldc2	4, cr0, [pc], {16}
8780608c:	80108410 	andshi	r8, r0, r0, lsl r4
87806090:	80108010 	andshi	r8, r0, r0, lsl r0
87806094:	0000000f 	andeq	r0, r0, pc
87806098:	1808f007 	stmdane	r8, {r0, r1, r2, ip, sp, lr, pc}
8780609c:	24102410 	ldrcs	r2, [r0], #-1040	; 0xfffffbf0
878060a0:	0a081c10 	beq	87a0d0e8 <__bss_end+0x2028dc>
878060a4:	0000f207 	andeq	pc, r0, r7, lsl #4
878060a8:	fc1f0410 	ldc2	4, cr0, [pc], {16}
878060ac:	00110411 	andseq	r0, r1, r1, lsl r4
878060b0:	3011c011 	andscc	ip, r1, r1, lsl r0
878060b4:	04000c0e 	streq	r0, [r0], #-3086	; 0xfffff3f2
878060b8:	1c0e0000 	stcne	0, cr0, [lr], {-0}
878060bc:	84100411 	ldrhi	r0, [r0], #-1041	; 0xfffffbef
878060c0:	44108410 	ldrmi	r8, [r0], #-1040	; 0xfffffbf0
878060c4:	0000381c 	andeq	r3, r0, ip, lsl r8
878060c8:	00100018 	andseq	r0, r0, r8, lsl r0
878060cc:	fc1f0410 	ldc2	4, cr0, [pc], {16}
878060d0:	00100410 	andseq	r0, r0, r0, lsl r4
878060d4:	00000018 	andeq	r0, r0, r8, lsl r0
878060d8:	f81f0010 			; <UNDEFINED> instruction: 0xf81f0010
878060dc:	04000410 	streq	r0, [r0], #-1040	; 0xfffffbf0
878060e0:	04100400 	ldreq	r0, [r0], #-1024	; 0xfffffc00
878060e4:	0010f81f 	andseq	pc, r0, pc, lsl r8	; <UNPREDICTABLE>
878060e8:	001e0010 	andseq	r0, lr, r0, lsl r0
878060ec:	1c00e011 	stcne	0, cr14, [r0], {17}
878060f0:	80137000 	andshi	r7, r3, r0
878060f4:	0010001c 	andseq	r0, r0, ip, lsl r0
878060f8:	3c10c01f 	ldccc	0, cr12, [r0], {31}
878060fc:	001fe000 	andseq	lr, pc, r0
87806100:	3c10e000 	ldccc	0, cr14, [r0], {-0}
87806104:	0000c01f 	andeq	ip, r0, pc, lsl r0
87806108:	0c180410 	cfldrseq	mvf0, [r8], {16}
8780610c:	c0013416 	andgt	r3, r1, r6, lsl r4
87806110:	3416c001 	ldrcc	ip, [r6], #-1
87806114:	04100c18 	ldreq	r0, [r0], #-3096	; 0xfffff3e8
87806118:	001c0010 	andseq	r0, ip, r0, lsl r0
8780611c:	fc000413 	stc2	4, cr0, [r0], {19}
87806120:	001c0413 	andseq	r0, ip, r3, lsl r4
87806124:	00000010 	andeq	r0, r0, r0, lsl r0
87806128:	1c100408 	cfldrsne	mvf0, [r0], {8}
8780612c:	84106410 	ldrhi	r6, [r0], #-1040	; 0xfffffbf0
87806130:	041c0413 	ldreq	r0, [ip], #-1043	; 0xfffffbed
87806134:	00001810 	andeq	r1, r0, r0, lsl r8
87806138:	00000000 	andeq	r0, r0, r0
8780613c:	fe7f0000 	cdp2	0, 7, cr0, cr15, cr0, {0}
87806140:	02400240 	subeq	r0, r0, #64, 4
87806144:	00000240 	andeq	r0, r0, r0, asr #4
87806148:	00300000 	eorseq	r0, r0, r0
8780614c:	8003000c 	andhi	r0, r3, ip
87806150:	1c006000 	stcne	0, cr6, [r0], {-0}
87806154:	00000300 	andeq	r0, r0, r0, lsl #6
87806158:	02400000 	subeq	r0, r0, #0
8780615c:	02400240 	subeq	r0, r0, #64, 4
87806160:	0000fe7f 	andeq	pc, r0, pc, ror lr	; <UNPREDICTABLE>
	...
8780616c:	00400020 	subeq	r0, r0, r0, lsr #32
87806170:	00400040 	subeq	r0, r0, r0, asr #32
87806174:	00000020 	andeq	r0, r0, r0, lsr #32
87806178:	01000100 	mrseq	r0, (UNDEF: 16)
8780617c:	01000100 	mrseq	r0, (UNDEF: 16)
87806180:	01000100 	mrseq	r0, (UNDEF: 16)
87806184:	01000100 	mrseq	r0, (UNDEF: 16)
87806188:	00400000 	subeq	r0, r0, r0
8780618c:	00200040 	eoreq	r0, r0, r0, asr #32
	...
87806198:	98000000 	stmdals	r0, {}	; <UNPREDICTABLE>
8780619c:	44012401 	strmi	r2, [r1], #-1025	; 0xfffffbff
878061a0:	44014401 	strmi	r4, [r1], #-1025	; 0xfffffbff
878061a4:	0400fc00 	streq	pc, [r0], #-3072	; 0xfffff400
878061a8:	fc1f0010 	ldc2	0, cr0, [pc], {16}
878061ac:	04018800 	streq	r8, [r1], #-2048	; 0xfffff800
878061b0:	88000401 	stmdahi	r0, {r0, sl}
878061b4:	00007000 	andeq	r7, r0, r0
878061b8:	70000000 	andvc	r0, r0, r0
878061bc:	04018800 	streq	r8, [r1], #-2048	; 0xfffff800
878061c0:	04010401 	streq	r0, [r1], #-1025	; 0xfffffbff
878061c4:	00008800 	andeq	r8, r0, r0, lsl #16
878061c8:	70000000 	andvc	r0, r0, r0
878061cc:	04018800 	streq	r8, [r1], #-2048	; 0xfffff800
878061d0:	08110401 	ldmdaeq	r1, {r0, sl}
878061d4:	0400fc1f 	streq	pc, [r0], #-3103	; 0xfffff3e1
878061d8:	f8000000 			; <UNDEFINED> instruction: 0xf8000000
878061dc:	44014401 	strmi	r4, [r1], #-1025	; 0xfffffbff
878061e0:	44014401 	strmi	r4, [r1], #-1025	; 0xfffffbff
878061e4:	0000c800 	andeq	ip, r0, r0, lsl #16
878061e8:	04010000 	streq	r0, [r1], #-0
878061ec:	fc0f0401 	stc2	4, cr0, [pc], {1}
878061f0:	04110411 	ldreq	r0, [r1], #-1041	; 0xfffffbef
878061f4:	00180011 	andseq	r0, r8, r1, lsl r0
878061f8:	d6000000 	strle	r0, [r0], -r0
878061fc:	29012901 	stmdbcs	r1, {r0, r8, fp, sp}
87806200:	c9012901 	stmdbgt	r1, {r0, r8, fp, sp}
87806204:	00000601 	andeq	r0, r0, r1, lsl #12
87806208:	fc1f0410 	ldc2	4, cr0, [pc], {16}
8780620c:	00018400 	andeq	r8, r1, r0, lsl #8
87806210:	04010001 	streq	r0, [r1], #-1
87806214:	0400fc00 	streq	pc, [r0], #-3072	; 0xfffff400
87806218:	04010000 	streq	r0, [r1], #-0
8780621c:	fc190419 	ldc2	4, cr0, [r9], {25}
87806220:	04000400 	streq	r0, [r0], #-1024	; 0xfffffc00
87806224:	00000000 	andeq	r0, r0, r0
87806228:	03000000 	movweq	r0, #0
8780622c:	01010100 	mrseq	r0, (UNDEF: 17)
87806230:	fe190119 	mrc2	1, 0, r0, cr9, cr9, {0}
87806234:	00000000 	andeq	r0, r0, r0
87806238:	fc1f0410 	ldc2	4, cr0, [pc], {16}
8780623c:	40002400 	andmi	r2, r0, r0, lsl #8
87806240:	0c01b401 	cfstrseq	mvf11, [r1], {1}
87806244:	00000401 	andeq	r0, r0, r1, lsl #8
87806248:	04100000 	ldreq	r0, [r0], #-0
8780624c:	fc1f0410 	ldc2	4, cr0, [pc], {16}
87806250:	04000400 	streq	r0, [r0], #-1024	; 0xfffffc00
87806254:	00000000 	andeq	r0, r0, r0
87806258:	fc010401 	stc2	4, cr0, [r1], {1}
8780625c:	00010401 	andeq	r0, r1, r1, lsl #8
87806260:	0401fc01 	streq	pc, [r1], #-3073	; 0xfffff3ff
87806264:	fc000001 	stc2	0, cr0, [r0], {1}
87806268:	fc010401 	stc2	4, cr0, [r1], {1}
8780626c:	00018400 	andeq	r8, r1, r0, lsl #8
87806270:	04010001 	streq	r0, [r1], #-1
87806274:	0400fc00 	streq	pc, [r0], #-3072	; 0xfffff400
87806278:	f8000000 			; <UNDEFINED> instruction: 0xf8000000
8780627c:	04010401 	streq	r0, [r1], #-1025	; 0xfffffbff
87806280:	04010401 	streq	r0, [r1], #-1025	; 0xfffffbff
87806284:	0000f800 	andeq	pc, r0, r0, lsl #16
87806288:	ff010101 			; <UNDEFINED> instruction: 0xff010101
8780628c:	04018500 	streq	r8, [r1], #-1280	; 0xfffffb00
87806290:	88000401 	stmdahi	r0, {r0, sl}
87806294:	00007000 	andeq	r7, r0, r0
87806298:	70000000 	andvc	r0, r0, r0
8780629c:	04018800 	streq	r8, [r1], #-2048	; 0xfffff800
878062a0:	05010401 	streq	r0, [r1, #-1025]	; 0xfffffbff
878062a4:	0100ff01 	tsteq	r0, r1, lsl #30	; <UNPREDICTABLE>
878062a8:	04010401 	streq	r0, [r1], #-1025	; 0xfffffbff
878062ac:	8400fc01 	strhi	pc, [r0], #-3073	; 0xfffff3ff
878062b0:	00010401 	andeq	r0, r1, r1, lsl #8
878062b4:	00008001 	andeq	r8, r0, r1
878062b8:	cc000000 	stcgt	0, cr0, [r0], {-0}
878062bc:	24012401 	strcs	r2, [r1], #-1025	; 0xfffffbff
878062c0:	24012401 	strcs	r2, [r1], #-1025	; 0xfffffbff
878062c4:	00009801 	andeq	r9, r0, r1, lsl #16
878062c8:	00010000 	andeq	r0, r1, r0
878062cc:	f8070001 			; <UNDEFINED> instruction: 0xf8070001
878062d0:	04010401 	streq	r0, [r1], #-1025	; 0xfffffbff
878062d4:	00000000 	andeq	r0, r0, r0
878062d8:	f8010001 			; <UNDEFINED> instruction: 0xf8010001
878062dc:	04000400 	streq	r0, [r0], #-1024	; 0xfffffc00
878062e0:	08010400 	stmdaeq	r1, {sl}
878062e4:	0400fc01 	streq	pc, [r0], #-3073	; 0xfffff3ff
878062e8:	80010001 	andhi	r0, r1, r1
878062ec:	0c007001 	stceq	0, cr7, [r0], {1}
878062f0:	60011000 	andvs	r1, r1, r0
878062f4:	00018001 	andeq	r8, r1, r1
878062f8:	0c01f001 	stceq	0, cr15, [r1], {1}
878062fc:	c0013000 	andgt	r3, r1, r0
87806300:	0c013000 	stceq	0, cr3, [r1], {-0}
87806304:	0001f001 	andeq	pc, r1, r1
87806308:	04010000 	streq	r0, [r1], #-0
8780630c:	74008c01 	strvc	r8, [r0], #-3073	; 0xfffff3ff
87806310:	8c017001 	stchi	0, cr7, [r1], {1}
87806314:	00000401 	andeq	r0, r0, r1, lsl #8
87806318:	81010101 	tsthi	r1, r1, lsl #2
8780631c:	0e007101 	adfeqs	f7, f0, f1
87806320:	60011800 	andvs	r1, r1, r0, lsl #16
87806324:	00018001 	andeq	r8, r1, r1
87806328:	84010000 	strhi	r0, [r1], #-0
8780632c:	34010c01 	strcc	r0, [r1], #-3073	; 0xfffff3ff
87806330:	84014401 	strhi	r4, [r1], #-1025	; 0xfffffbff
87806334:	00000c01 	andeq	r0, r0, r1, lsl #24
	...
87806340:	fc3e0001 	ldc2	0, cr0, [lr], #-4
87806344:	02400240 	subeq	r0, r0, #64, 4
	...
87806350:	0000ffff 	strdeq	pc, [r0], -pc	; <UNPREDICTABLE>
87806354:	00000000 	andeq	r0, r0, r0
87806358:	02400000 	subeq	r0, r0, #0
8780635c:	fc3e0240 	ldc2	2, cr0, [lr], #-256	; 0xffffff00
87806360:	00000001 	andeq	r0, r0, r1
87806364:	00000000 	andeq	r0, r0, r0
87806368:	00600000 	rsbeq	r0, r0, r0
8780636c:	00800080 	addeq	r0, r0, r0, lsl #1
87806370:	00400040 	subeq	r0, r0, r0, asr #32
87806374:	00200020 	eoreq	r0, r0, r0, lsr #32

87806378 <asc2_1206>:
	...
87806388:	0000403f 	andeq	r4, r0, pc, lsr r0
8780638c:	00000000 	andeq	r0, r0, r0
87806390:	00300000 	eorseq	r0, r0, r0
87806394:	00300040 	eorseq	r0, r0, r0, asr #32
87806398:	00000040 	andeq	r0, r0, r0, asr #32
8780639c:	c00b0009 	andgt	r0, fp, r9
878063a0:	c00b003d 	andgt	r0, fp, sp, lsr r0
878063a4:	0009003d 	andeq	r0, r9, sp, lsr r0
878063a8:	4024c018 	eormi	ip, r4, r8, lsl r0
878063ac:	4022e07f 	eormi	lr, r2, pc, ror r0
878063b0:	00008031 	andeq	r8, r0, r1, lsr r0
878063b4:	c0240018 	eorgt	r0, r4, r8, lsl r0
878063b8:	800d001b 	andhi	r0, sp, fp, lsl r0
878063bc:	80014032 	andhi	r4, r1, r2, lsr r0
878063c0:	401c8003 	andsmi	r8, ip, r3
878063c4:	801c4027 	andshi	r4, ip, r7, lsr #32
878063c8:	40004007 	andmi	r4, r0, r7
878063cc:	00600010 	rsbeq	r0, r0, r0, lsl r0
	...
878063dc:	801f0000 	andshi	r0, pc, r0
878063e0:	20404020 	subcs	r4, r0, r0, lsr #32
878063e4:	20400000 	subcs	r0, r0, r0
878063e8:	801f4020 	andshi	r4, pc, r0, lsr #32
878063ec:	00000000 	andeq	r0, r0, r0
878063f0:	00060009 	andeq	r0, r6, r9
878063f4:	0006801f 	andeq	r8, r6, pc, lsl r0
878063f8:	00000009 	andeq	r0, r0, r9
878063fc:	00040004 	andeq	r0, r4, r4
87806400:	0004803f 	andeq	r8, r4, pc, lsr r0
87806404:	00000004 	andeq	r0, r0, r4
87806408:	60001000 	andvs	r1, r0, r0
	...
87806414:	00040004 	andeq	r0, r4, r4
87806418:	00040004 	andeq	r0, r4, r4
8780641c:	00000004 	andeq	r0, r0, r4
87806420:	40000000 	andmi	r0, r0, r0
	...
8780642c:	c0012000 	andgt	r2, r1, r0
87806430:	00380006 	eorseq	r0, r8, r6
87806434:	00000040 	andeq	r0, r0, r0, asr #32
87806438:	4020801f 	eormi	r8, r0, pc, lsl r0
8780643c:	40204020 	eormi	r4, r0, r0, lsr #32
87806440:	0000801f 	andeq	r8, r0, pc, lsl r0
87806444:	40100000 	andsmi	r0, r0, r0
87806448:	4000c03f 	andmi	ip, r0, pc, lsr r0
8780644c:	00000000 	andeq	r0, r0, r0
87806450:	4021c018 	eormi	ip, r1, r8, lsl r0
87806454:	40244022 	eormi	r4, r4, r2, lsr #32
87806458:	00004018 	andeq	r4, r0, r8, lsl r0
8780645c:	40208010 	eormi	r8, r0, r0, lsl r0
87806460:	40244024 	eormi	r4, r4, r4, lsr #32
87806464:	0000801b 	andeq	r8, r0, fp, lsl r0
87806468:	000d0002 	andeq	r0, sp, r2
8780646c:	c03f0011 	eorsgt	r0, pc, r1, lsl r0	; <UNPREDICTABLE>
87806470:	00004001 	andeq	r4, r0, r1
87806474:	4024803c 	eormi	r8, r4, ip, lsr r0
87806478:	40244024 	eormi	r4, r4, r4, lsr #32
8780647c:	00008023 	andeq	r8, r0, r3, lsr #32
87806480:	4024801f 	eormi	r8, r4, pc, lsl r0
87806484:	40344024 	eorsmi	r4, r4, r4, lsr #32
87806488:	00008003 	andeq	r8, r0, r3
8780648c:	00200030 	eoreq	r0, r0, r0, lsr r0
87806490:	0038c027 	eorseq	ip, r8, r7, lsr #32
87806494:	00000020 	andeq	r0, r0, r0, lsr #32
87806498:	4024801b 	eormi	r8, r4, fp, lsl r0
8780649c:	40244024 	eormi	r4, r4, r4, lsr #32
878064a0:	0000801b 	andeq	r8, r0, fp, lsl r0
878064a4:	c022001c 	eorgt	r0, r2, ip, lsl r0
878064a8:	40224022 	eormi	r4, r2, r2, lsr #32
878064ac:	0000801f 	andeq	r8, r0, pc, lsl r0
878064b0:	00000000 	andeq	r0, r0, r0
878064b4:	00004008 	andeq	r4, r0, r8
	...
878064c0:	00006004 	andeq	r6, r0, r4
878064c4:	00000000 	andeq	r0, r0, r0
878064c8:	00040000 	andeq	r0, r4, r0
878064cc:	0011000a 	andseq	r0, r1, sl
878064d0:	40408020 	submi	r8, r0, r0, lsr #32
878064d4:	00090009 	andeq	r0, r9, r9
878064d8:	00090009 	andeq	r0, r9, r9
878064dc:	00000009 	andeq	r0, r0, r9
878064e0:	40400000 	submi	r0, r0, r0
878064e4:	00118020 	andseq	r8, r1, r0, lsr #32
878064e8:	0004000a 	andeq	r0, r4, sl
878064ec:	00200018 	eoreq	r0, r0, r8, lsl r0
878064f0:	00244023 	eoreq	r4, r4, r3, lsr #32
878064f4:	00000018 	andeq	r0, r0, r8, lsl r0
878064f8:	4020801f 	eormi	r8, r0, pc, lsl r0
878064fc:	40294027 	eormi	r4, r9, r7, lsr #32
87806500:	0000401f 	andeq	r4, r0, pc, lsl r0
87806504:	c0074000 	andgt	r4, r7, r0
87806508:	000f0039 	andeq	r0, pc, r9, lsr r0	; <UNPREDICTABLE>
8780650c:	4000c001 	andmi	ip, r0, r1
87806510:	c03f4020 	eorsgt	r4, pc, r0, lsr #32
87806514:	40244024 	eormi	r4, r4, r4, lsr #32
87806518:	0000801b 	andeq	r8, r0, fp, lsl r0
8780651c:	4020801f 	eormi	r8, r0, pc, lsl r0
87806520:	40204020 	eormi	r4, r0, r0, lsr #32
87806524:	00008030 	andeq	r8, r0, r0, lsr r0
87806528:	c03f4020 	eorsgt	r4, pc, r0, lsr #32
8780652c:	40204020 	eormi	r4, r0, r0, lsr #32
87806530:	0000801f 	andeq	r8, r0, pc, lsl r0
87806534:	c03f4020 	eorsgt	r4, pc, r0, lsr #32
87806538:	402e4024 	eormi	r4, lr, r4, lsr #32
8780653c:	0000c030 	andeq	ip, r0, r0, lsr r0
87806540:	c03f4020 	eorsgt	r4, pc, r0, lsr #32
87806544:	002e4024 	eoreq	r4, lr, r4, lsr #32
87806548:	00000030 	andeq	r0, r0, r0, lsr r0
8780654c:	8010000f 	andshi	r0, r0, pc
87806550:	40224020 	eormi	r4, r2, r0, lsr #32
87806554:	00028033 	andeq	r8, r2, r3, lsr r0
87806558:	c03f4020 	eorsgt	r4, pc, r0, lsr #32
8780655c:	00040004 	andeq	r0, r4, r4
87806560:	4020c03f 	eormi	ip, r0, pc, lsr r0
87806564:	40204020 	eormi	r4, r0, r0, lsr #32
87806568:	4020c03f 	eormi	ip, r0, pc, lsr r0
8780656c:	00004020 	andeq	r4, r0, r0, lsr #32
87806570:	20206000 	eorcs	r6, r0, r0
87806574:	c03f2020 	eorsgt	r2, pc, r0, lsr #32
87806578:	00200020 	eoreq	r0, r0, r0, lsr #32
8780657c:	c03f4020 	eorsgt	r4, pc, r0, lsr #32
87806580:	000b4024 	andeq	r4, fp, r4, lsr #32
87806584:	4020c030 	eormi	ip, r0, r0, lsr r0
87806588:	c03f4020 	eorsgt	r4, pc, r0, lsr #32
8780658c:	40004020 	andmi	r4, r0, r0, lsr #32
87806590:	c0004000 	andgt	r4, r0, r0
87806594:	003cc03f 	eorseq	ip, ip, pc, lsr r0
87806598:	003cc003 	eorseq	ip, ip, r3
8780659c:	0000c03f 	andeq	ip, r0, pc, lsr r0
878065a0:	c03f4020 	eorsgt	r4, pc, r0, lsr #32
878065a4:	0023400c 	eoreq	r4, r3, ip
878065a8:	0020c03f 	eoreq	ip, r0, pc, lsr r0
878065ac:	4020801f 	eormi	r8, r0, pc, lsl r0
878065b0:	40204020 	eormi	r4, r0, r0, lsr #32
878065b4:	0000801f 	andeq	r8, r0, pc, lsl r0
878065b8:	c03f4020 	eorsgt	r4, pc, r0, lsr #32
878065bc:	00244024 	eoreq	r4, r4, r4, lsr #32
878065c0:	00000018 	andeq	r0, r0, r8, lsl r0
878065c4:	4021801f 	eormi	r8, r1, pc, lsl r0
878065c8:	e0204021 	eor	r4, r0, r1, lsr #32
878065cc:	0000a01f 	andeq	sl, r0, pc, lsl r0
878065d0:	c03f4020 	eorsgt	r4, pc, r0, lsr #32
878065d4:	00264024 	eoreq	r4, r6, r4, lsr #32
878065d8:	4000c019 	andmi	ip, r0, r9, lsl r0
878065dc:	4024c018 	eormi	ip, r4, r8, lsl r0
878065e0:	40224024 	eormi	r4, r2, r4, lsr #32
878065e4:	00008031 	andeq	r8, r0, r1, lsr r0
878065e8:	40200030 	eormi	r0, r0, r0, lsr r0
878065ec:	4020c03f 	eormi	ip, r0, pc, lsr r0
878065f0:	00000030 	andeq	r0, r0, r0, lsr r0
878065f4:	803f0020 	eorshi	r0, pc, r0, lsr #32
878065f8:	40004000 	andmi	r4, r0, r0
878065fc:	0020803f 	eoreq	r8, r0, pc, lsr r0
87806600:	003e0020 	eorseq	r0, lr, r0, lsr #32
87806604:	0007c001 	andeq	ip, r7, r1
87806608:	00200038 	eoreq	r0, r0, r8, lsr r0
8780660c:	c0070038 	andgt	r0, r7, r8, lsr r0
87806610:	c007003c 	andgt	r0, r7, ip, lsr r0
87806614:	00000038 	andeq	r0, r0, r8, lsr r0
87806618:	c0394020 	eorsgt	r4, r9, r0, lsr #32
8780661c:	c0390006 	eorsgt	r0, r9, r6
87806620:	00004020 	andeq	r4, r0, r0, lsr #32
87806624:	40380020 	eorsmi	r0, r8, r0, lsr #32
87806628:	4038c007 	eorsmi	ip, r8, r7
8780662c:	00000020 	andeq	r0, r0, r0, lsr #32
87806630:	c0214030 	eorgt	r4, r1, r0, lsr r0
87806634:	40384026 	eorsmi	r4, r8, r6, lsr #32
87806638:	0000c020 	andeq	ip, r0, r0, lsr #32
8780663c:	00000000 	andeq	r0, r0, r0
87806640:	2040e07f 	subcs	lr, r0, pc, ror r0
87806644:	00002040 	andeq	r2, r0, r0, asr #32
87806648:	00700000 	rsbseq	r0, r0, r0
8780664c:	8003000c 	andhi	r0, r3, ip
87806650:	00004000 	andeq	r4, r0, r0
87806654:	20400000 	subcs	r0, r0, r0
87806658:	e07f2040 	rsbs	r2, pc, r0, asr #32
8780665c:	00000000 	andeq	r0, r0, r0
87806660:	00200000 	eoreq	r0, r0, r0
87806664:	00200040 	eoreq	r0, r0, r0, asr #32
87806668:	00000000 	andeq	r0, r0, r0
8780666c:	10001000 	andne	r1, r0, r0
87806670:	10001000 	andne	r1, r0, r0
87806674:	10001000 	andne	r1, r0, r0
87806678:	00000000 	andeq	r0, r0, r0
8780667c:	00000040 	andeq	r0, r0, r0, asr #32
87806680:	00000000 	andeq	r0, r0, r0
87806684:	80020000 	andhi	r0, r2, r0
87806688:	40054005 	andmi	r4, r5, r5
8780668c:	4000c003 	andmi	ip, r0, r3
87806690:	c03f0020 	eorsgt	r0, pc, r0, lsr #32
87806694:	40044004 	andmi	r4, r4, r4
87806698:	00008003 	andeq	r8, r0, r3
8780669c:	80030000 	andhi	r0, r3, r0
878066a0:	40044004 	andmi	r4, r4, r4
878066a4:	00004006 	andeq	r4, r0, r6
878066a8:	80030000 	andhi	r0, r3, r0
878066ac:	40244004 	eormi	r4, r4, r4
878066b0:	4000c03f 	andmi	ip, r0, pc, lsr r0
878066b4:	80030000 	andhi	r0, r3, r0
878066b8:	40054005 	andmi	r4, r5, r5
878066bc:	00004003 	andeq	r4, r0, r3
878066c0:	40040000 	andmi	r0, r4, r0
878066c4:	4024c01f 	eormi	ip, r4, pc, lsl r0
878066c8:	00204024 	eoreq	r4, r0, r4, lsr #32
878066cc:	e0020000 	and	r0, r2, r0
878066d0:	50055005 	andpl	r5, r5, r5
878066d4:	20045006 	andcs	r5, r4, r6
878066d8:	c03f4020 	eorsgt	r4, pc, r0, lsr #32
878066dc:	00044004 	andeq	r4, r4, r4
878066e0:	4000c003 	andmi	ip, r0, r3
878066e4:	40040000 	andmi	r0, r4, r0
878066e8:	4000c027 	andmi	ip, r0, r7, lsr #32
878066ec:	00000000 	andeq	r0, r0, r0
878066f0:	10001000 	andne	r1, r0, r0
878066f4:	e0271004 	eor	r1, r7, r4
878066f8:	00000000 	andeq	r0, r0, r0
878066fc:	c03f4020 	eorsgt	r4, pc, r0, lsr #32
87806700:	00074001 	andeq	r4, r7, r1
87806704:	4004c004 	andmi	ip, r4, r4
87806708:	40204020 	eormi	r4, r0, r0, lsr #32
8780670c:	4000c03f 	andmi	ip, r0, pc, lsr r0
87806710:	00004000 	andeq	r4, r0, r0
87806714:	0004c007 	andeq	ip, r4, r7
87806718:	0004c007 	andeq	ip, r4, r7
8780671c:	0000c003 	andeq	ip, r0, r3
87806720:	c0074004 	andgt	r4, r7, r4
87806724:	00044004 	andeq	r4, r4, r4
87806728:	4000c003 	andmi	ip, r0, r3
8780672c:	80030000 	andhi	r0, r3, r0
87806730:	40044004 	andmi	r4, r4, r4
87806734:	00008003 	andeq	r8, r0, r3
87806738:	f0071004 			; <UNDEFINED> instruction: 0xf0071004
8780673c:	40045004 	andmi	r5, r4, r4
87806740:	00008003 	andeq	r8, r0, r3
87806744:	80030000 	andhi	r0, r3, r0
87806748:	50044004 	andpl	r4, r4, r4
8780674c:	1000f007 	andne	pc, r0, r7
87806750:	c0074004 	andgt	r4, r7, r4
87806754:	00044002 	andeq	r4, r4, r2
87806758:	00000004 	andeq	r0, r0, r4
8780675c:	40060000 	andmi	r0, r6, r0
87806760:	40054005 	andmi	r4, r5, r5
87806764:	0000c004 	andeq	ip, r0, r4
87806768:	00040000 	andeq	r0, r4, r0
8780676c:	4004801f 	andmi	r8, r4, pc, lsl r0
87806770:	00004000 	andeq	r4, r0, r0
87806774:	80070004 	andhi	r0, r7, r4
87806778:	40044000 	andmi	r4, r4, r0
8780677c:	4000c007 	andmi	ip, r0, r7
87806780:	00070004 	andeq	r0, r7, r4
87806784:	8001c004 	andhi	ip, r1, r4
87806788:	00040006 	andeq	r0, r4, r6
8780678c:	c0010006 	andgt	r0, r1, r6
87806790:	c0010007 	andgt	r0, r1, r7
87806794:	00000006 	andeq	r0, r0, r6
87806798:	c0064004 	andgt	r4, r6, r4
8780679c:	c0060001 	andgt	r0, r6, r1
878067a0:	00004004 	andeq	r4, r0, r4
878067a4:	10071004 	andne	r1, r7, r4
878067a8:	8001e004 	andhi	lr, r1, r4
878067ac:	00040006 	andeq	r0, r4, r6
878067b0:	40040000 	andmi	r0, r4, r0
878067b4:	4006c005 	andmi	ip, r6, r5
878067b8:	00004004 	andeq	r4, r0, r4
878067bc:	00000000 	andeq	r0, r0, r0
878067c0:	e07b0004 	rsbs	r0, fp, r4
878067c4:	00002040 	andeq	r2, r0, r0, asr #32
878067c8:	00000000 	andeq	r0, r0, r0
878067cc:	f0ff0000 			; <UNDEFINED> instruction: 0xf0ff0000
878067d0:	00000000 	andeq	r0, r0, r0
878067d4:	20400000 	subcs	r0, r0, r0
878067d8:	0004e07b 	andeq	lr, r4, fp, ror r0
878067dc:	00000000 	andeq	r0, r0, r0
878067e0:	00800040 	addeq	r0, r0, r0, asr #32
878067e4:	00200040 	eoreq	r0, r0, r0, asr #32
878067e8:	00400020 	subeq	r0, r0, r0, lsr #32

878067ec <asc2_3216>:
	...
87806884:	c000f007 	andgt	pc, r0, r7
87806888:	e0e1ff07 	rsc	pc, r1, r7, lsl #30
8780688c:	e001f007 	and	pc, r1, r7
87806890:	c0000000 	andgt	r0, r0, r0
	...
878068f4:	00002000 	andeq	r2, r0, r0
878068f8:	0000c001 	andeq	ip, r0, r1
878068fc:	00008007 	andeq	r8, r0, r7
87806900:	0000001f 	andeq	r0, r0, pc, lsl r0
87806904:	0000001e 	andeq	r0, r0, lr, lsl r0
87806908:	0000201c 	andeq	r2, r0, ip, lsl r0
8780690c:	0000c001 	andeq	ip, r0, r1
87806910:	00008007 	andeq	r8, r0, r7
87806914:	0000001f 	andeq	r0, r0, pc, lsl r0
87806918:	0000001e 	andeq	r0, r0, lr, lsl r0
8780691c:	0000001c 	andeq	r0, r0, ip, lsl r0
	...
87806970:	000c1800 	andeq	r1, ip, r0, lsl #16
87806974:	000c1800 	andeq	r1, ip, r0, lsl #16
87806978:	e00f1800 	and	r1, pc, r0, lsl #16
8780697c:	00fc1f00 	rscseq	r1, ip, r0, lsl #30
87806980:	000cf803 	andeq	pc, ip, r3, lsl #16
87806984:	000c1800 	andeq	r1, ip, r0, lsl #16
87806988:	000c1800 	andeq	r1, ip, r0, lsl #16
8780698c:	000c1800 	andeq	r1, ip, r0, lsl #16
87806990:	000c1800 	andeq	r1, ip, r0, lsl #16
87806994:	e00f1800 	and	r1, pc, r0, lsl #16
87806998:	00fc1f00 	rscseq	r1, ip, r0, lsl #30
8780699c:	000cf803 	andeq	pc, ip, r3, lsl #16
878069a0:	000c1800 	andeq	r1, ip, r0, lsl #16
878069a4:	000c1800 	andeq	r1, ip, r0, lsl #16
	...
878069f4:	80070000 	andhi	r0, r7, r0
878069f8:	c0077800 	andgt	r7, r7, r0, lsl #16
878069fc:	4006fc00 	andmi	pc, r6, r0, lsl #24
87806a00:	20000e01 	andcs	r0, r0, r1, lsl #28
87806a04:	20000703 	andcs	r0, r0, r3, lsl #14
87806a08:	20800302 	addcs	r0, r0, r2, lsl #6
87806a0c:	fcffff0f 	ldc2l	15, cr15, [pc], #60	; 87806a50 <asc2_3216+0x264>
87806a10:	20c00102 	sbccs	r0, r0, r2, lsl #2
87806a14:	60e00002 	rscvs	r0, r0, r2
87806a18:	40703001 	rsbsmi	r3, r0, r1
87806a1c:	803ff001 	eorshi	pc, pc, r1
87806a20:	001ff000 	andseq	pc, pc, r0
	...
87806a6c:	0000fe00 	andeq	pc, r0, r0, lsl #28
87806a70:	0000ff01 	andeq	pc, r0, r1, lsl #30
87806a74:	00800103 	addeq	r0, r0, r3, lsl #2
87806a78:	60800002 	addvs	r0, r0, r2
87806a7c:	c0810103 	addgt	r0, r1, r3, lsl #2
87806a80:	0007ff01 	andeq	pc, r7, r1, lsl #30
87806a84:	0018fe00 	andseq	pc, r8, r0, lsl #28
87806a88:	00e00000 	rsceq	r0, r0, r0
87806a8c:	00bf0300 	adcseq	r0, pc, r0, lsl #6
87806a90:	c0ff0c00 	rscsgt	r0, pc, r0, lsl #24
87806a94:	60807100 	addvs	r7, r0, r0, lsl #2
87806a98:	2000c101 	andcs	ip, r0, r1, lsl #2
87806a9c:	60800103 	addvs	r0, r0, r3, lsl #2
87806aa0:	c0ff0000 	rscsgt	r0, pc, r0
87806aa4:	003f0000 	eorseq	r0, pc, r0
	...
87806aec:	001f0000 	andseq	r0, pc, r0
87806af0:	c07f0000 	rsbsgt	r0, pc, r0
87806af4:	c0c0fc00 	sbcgt	pc, r0, r0, lsl #24
87806af8:	6080ff01 	addvs	pc, r0, r1, lsl #30
87806afc:	20e00303 	rsccs	r0, r0, r3, lsl #6
87806b00:	20780202 	rsbscs	r0, r8, r2, lsl #4
87806b04:	201e0602 	andscs	r0, lr, r2, lsl #12
87806b08:	4007fc03 	andmi	pc, r7, r3, lsl #24
87806b0c:	8003f001 	andhi	pc, r3, r1
87806b10:	c0030100 	andgt	r0, r3, r0, lsl #2
87806b14:	601c0100 	andsvs	r0, ip, r0, lsl #2
87806b18:	20e00100 	rsccs	r0, r0, r0, lsl #2
87806b1c:	20000100 	andcs	r0, r0, r0, lsl #2
87806b20:	40000100 	andmi	r0, r0, r0, lsl #2
87806b24:	80010000 	andhi	r0, r1, r0
	...
87806b70:	00002000 	andeq	r2, r0, r0
87806b74:	0000601c 	andeq	r6, r0, ip, lsl r0
87806b78:	0000401c 	andeq	r4, r0, ip, lsl r0
87806b7c:	0000801f 	andeq	r8, r0, pc, lsl r0
87806b80:	0000000f 	andeq	r0, r0, pc
	...
87806c08:	00f80700 	rscseq	r0, r8, r0, lsl #14
87806c0c:	00ff3f00 	rscseq	r3, pc, r0, lsl #30
87806c10:	c0077800 	andgt	r7, r7, r0, lsl #16
87806c14:	e000c001 	and	ip, r0, r1
87806c18:	30000003 	andcc	r0, r0, r3
87806c1c:	08000004 	stmdaeq	r0, {r2}
87806c20:	04000008 	streq	r0, [r0], #-8
87806c24:	02000010 	andeq	r0, r0, #16
	...
87806c70:	02000010 	andeq	r0, r0, #16
87806c74:	04000008 	streq	r0, [r0], #-8
87806c78:	08000004 	stmdaeq	r0, {r2}
87806c7c:	30000003 	andcc	r0, r0, r3
87806c80:	e000c001 	and	ip, r0, r1
87806c84:	c0077800 	andgt	r7, r7, r0, lsl #16
87806c88:	00ff3f00 	rscseq	r3, pc, r0, lsl #30
87806c8c:	00f80700 	rscseq	r0, r8, r0, lsl #14
	...
87806cf4:	00180c00 	andseq	r0, r8, r0, lsl #24
87806cf8:	00380e00 	eorseq	r0, r8, r0, lsl #28
87806cfc:	00380e00 	eorseq	r0, r8, r0, lsl #28
87806d00:	00300600 	eorseq	r0, r0, r0, lsl #12
87806d04:	00600300 	rsbeq	r0, r0, r0, lsl #6
87806d08:	80436100 	subhi	r6, r3, r0, lsl #2
87806d0c:	80ffff00 	rscshi	pc, pc, r0, lsl #30
87806d10:	00436100 	subeq	r6, r3, r0, lsl #2
87806d14:	00600300 	rsbeq	r0, r0, r0, lsl #6
87806d18:	00300600 	eorseq	r0, r0, r0, lsl #12
87806d1c:	00380e00 	eorseq	r0, r8, r0, lsl #28
87806d20:	00380e00 	eorseq	r0, r8, r0, lsl #28
87806d24:	00180c00 	andseq	r0, r8, r0, lsl #24
	...
87806d74:	00800000 	addeq	r0, r0, r0
87806d78:	00800000 	addeq	r0, r0, r0
87806d7c:	00800000 	addeq	r0, r0, r0
87806d80:	00800000 	addeq	r0, r0, r0
87806d84:	00800000 	addeq	r0, r0, r0
87806d88:	00800000 	addeq	r0, r0, r0
87806d8c:	00ff7f00 	rscseq	r7, pc, r0, lsl #30
87806d90:	00800000 	addeq	r0, r0, r0
87806d94:	00800000 	addeq	r0, r0, r0
87806d98:	00800000 	addeq	r0, r0, r0
87806d9c:	00800000 	addeq	r0, r0, r0
87806da0:	00800000 	addeq	r0, r0, r0
87806da4:	00800000 	addeq	r0, r0, r0
	...
87806df0:	01000000 	mrseq	r0, (UNDEF: 0)
87806df4:	e3000000 	movw	r0, #0
87806df8:	e2000000 	and	r0, r0, #0
87806dfc:	fc000000 	stc2	0, cr0, [r0], {-0}
87806e00:	78000000 	stmdavc	r0, {}	; <UNPREDICTABLE>
	...
87806e70:	00800000 	addeq	r0, r0, r0
87806e74:	00800000 	addeq	r0, r0, r0
87806e78:	00800000 	addeq	r0, r0, r0
87806e7c:	00800000 	addeq	r0, r0, r0
87806e80:	00800000 	addeq	r0, r0, r0
87806e84:	00800000 	addeq	r0, r0, r0
87806e88:	00800000 	addeq	r0, r0, r0
87806e8c:	00800000 	addeq	r0, r0, r0
87806e90:	00800000 	addeq	r0, r0, r0
87806e94:	00800000 	addeq	r0, r0, r0
87806e98:	00800000 	addeq	r0, r0, r0
87806e9c:	00800000 	addeq	r0, r0, r0
87806ea0:	00800000 	addeq	r0, r0, r0
87806ea4:	00800000 	addeq	r0, r0, r0
	...
87806ef4:	c0000000 	andgt	r0, r0, r0
87806ef8:	e0010000 	and	r0, r1, r0
87806efc:	e0010000 	and	r0, r1, r0
87806f00:	c0000000 	andgt	r0, r0, r0
	...
87806f70:	0c000000 	stceq	0, cr0, [r0], {-0}
87806f74:	38000000 	stmdacc	r0, {}	; <UNPREDICTABLE>
87806f78:	e0000000 	and	r0, r0, r0
87806f7c:	80030000 	andhi	r0, r3, r0
87806f80:	000e0000 	andeq	r0, lr, r0
87806f84:	00380000 	eorseq	r0, r8, r0
87806f88:	00e00000 	rsceq	r0, r0, r0
87806f8c:	00800300 	addeq	r0, r0, r0, lsl #6
87806f90:	00000e00 	andeq	r0, r0, r0, lsl #28
87806f94:	00003800 	andeq	r3, r0, r0, lsl #16
87806f98:	0000e000 	andeq	lr, r0, r0
87806f9c:	00008003 	andeq	r8, r0, r3
87806fa0:	0000000e 	andeq	r0, r0, lr
87806fa4:	00000018 	andeq	r0, r0, r8, lsl r0
	...
87806ff4:	00f80f00 	rscseq	r0, r8, r0, lsl #30
87806ff8:	00ff7f00 	rscseq	r7, pc, r0, lsl #30
87806ffc:	8007f000 	andhi	pc, r7, r0
87807000:	c0008001 	andgt	r8, r0, r1
87807004:	60000003 	andvs	r0, r0, r3
87807008:	20000002 	andcs	r0, r0, r2
8780700c:	20000002 	andcs	r0, r0, r2
87807010:	20000002 	andcs	r0, r0, r2
87807014:	60000003 	andvs	r0, r0, r3
87807018:	c0008001 	andgt	r8, r0, r1
8780701c:	8003e000 	andhi	lr, r3, r0
87807020:	00ff7f00 	rscseq	r7, pc, r0, lsl #30
87807024:	00f80f00 	rscseq	r0, r8, r0, lsl #30
	...
87807078:	20008000 	andcs	r8, r0, r0
8780707c:	20008000 	andcs	r8, r0, r0
87807080:	20008000 	andcs	r8, r0, r0
87807084:	60008000 	andvs	r8, r0, r0
87807088:	e0ffff01 	rscs	pc, pc, r1, lsl #30
8780708c:	e0ffff03 	rscs	pc, pc, r3, lsl #30
87807090:	60000000 	andvs	r0, r0, r0
87807094:	20000000 	andcs	r0, r0, r0
87807098:	20000000 	andcs	r0, r0, r0
8780709c:	20000000 	andcs	r0, r0, r0
	...
878070f4:	e0007800 	and	r7, r0, r0, lsl #16
878070f8:	60019800 	andvs	r9, r1, r0, lsl #16
878070fc:	60020001 	andvs	r0, r2, r1
87807100:	60040002 	andvs	r0, r4, r2
87807104:	60080002 	andvs	r0, r8, r2
87807108:	60100002 	andsvs	r0, r0, r2
8780710c:	60200002 	eorvs	r0, r0, r2
87807110:	60400002 	subvs	r0, r0, r2
87807114:	60800003 	addvs	r0, r0, r3
87807118:	60008301 	andvs	r8, r0, r1, lsl #6
8780711c:	e000fe01 	and	pc, r0, r1, lsl #28
87807120:	80077c00 	andhi	r7, r7, r0, lsl #24
	...
87807174:	8007f000 	andhi	pc, r7, r0
87807178:	c007f001 	andgt	pc, r7, r1
8780717c:	40000001 	andmi	r0, r0, r1
87807180:	20000002 	andcs	r0, r0, r2
87807184:	20000102 	andcs	r0, r0, r2, lsl #2
87807188:	20000102 	andcs	r0, r0, r2, lsl #2
8780718c:	20000102 	andcs	r0, r0, r2, lsl #2
87807190:	20800303 	addcs	r0, r0, r3, lsl #6
87807194:	40808601 	addmi	r8, r0, r1, lsl #12
87807198:	c0c0fc01 	sbcgt	pc, r0, r1, lsl #24
8780719c:	807f7800 	rsbshi	r7, pc, r0, lsl #16
878071a0:	001e0000 	andseq	r0, lr, r0
	...
878071f0:	00080000 	andeq	r0, r8, r0
878071f4:	00380000 	eorseq	r0, r8, r0
878071f8:	00480000 	subeq	r0, r8, r0
878071fc:	00880100 	addeq	r0, r8, r0, lsl #2
87807200:	00080600 	andeq	r0, r8, r0, lsl #12
87807204:	10080c00 	andne	r0, r8, r0, lsl #24
87807208:	10083000 	andne	r3, r8, r0
8780720c:	10084000 	andne	r4, r8, r0
87807210:	f0ffff01 			; <UNDEFINED> instruction: 0xf0ffff01
87807214:	f0ffff03 			; <UNDEFINED> instruction: 0xf0ffff03
87807218:	f0ffff03 			; <UNDEFINED> instruction: 0xf0ffff03
8780721c:	10080000 	andne	r0, r8, r0
87807220:	10080000 	andne	r0, r8, r0
87807224:	10080000 	andne	r0, r8, r0
	...
87807274:	80070000 	andhi	r0, r7, r0
87807278:	40861f00 	addmi	r1, r6, r0, lsl #30
8780727c:	2000e103 	andcs	lr, r0, r3, lsl #2
87807280:	20000203 	andcs	r0, r0, r3, lsl #4
87807284:	20000403 	andcs	r0, r0, r3, lsl #8
87807288:	20000403 	andcs	r0, r0, r3, lsl #8
8780728c:	20000403 	andcs	r0, r0, r3, lsl #8
87807290:	20000403 	andcs	r0, r0, r3, lsl #8
87807294:	40000603 	andmi	r0, r0, r3, lsl #12
87807298:	c0010303 	andgt	r0, r1, r3, lsl #6
8780729c:	80ff0103 	rscshi	r0, pc, r3, lsl #2
878072a0:	007e0003 	rsbseq	r0, lr, r3
	...
878072f4:	00fc0700 	rscseq	r0, ip, r0, lsl #14
878072f8:	00ff3f00 	rscseq	r3, pc, r0, lsl #30
878072fc:	80c37000 	sbchi	r7, r3, r0
87807300:	c0808100 	addgt	r8, r0, r0, lsl #2
87807304:	60000101 	andvs	r0, r0, r1, lsl #2
87807308:	20000203 	andcs	r0, r0, r3, lsl #4
8780730c:	20000202 	andcs	r0, r0, r2, lsl #4
87807310:	20000202 	andcs	r0, r0, r2, lsl #4
87807314:	20000202 	andcs	r0, r0, r2, lsl #4
87807318:	40000302 	andmi	r0, r0, r2, lsl #6
8780731c:	c080c101 	addgt	ip, r0, r1, lsl #2
87807320:	80ffc000 	rscshi	ip, pc, r0
87807324:	007e0000 	rsbseq	r0, lr, r0
	...
87807374:	0000f000 	andeq	pc, r0, r0
87807378:	0000c003 	andeq	ip, r0, r3
8780737c:	00008003 	andeq	r8, r0, r3
87807380:	00000003 	andeq	r0, r0, r3
87807384:	e0070003 	and	r0, r7, r3
87807388:	e03f0003 	eors	r0, pc, r3
8780738c:	00c00103 	sbceq	r0, r0, r3, lsl #2
87807390:	00000603 	andeq	r0, r0, r3, lsl #12
87807394:	00001803 	andeq	r1, r0, r3, lsl #16
87807398:	00006003 	andeq	r6, r0, r3
8780739c:	00008003 	andeq	r8, r0, r3
878073a0:	00000003 	andeq	r0, r0, r3
	...
878073f0:	001f0000 	andseq	r0, pc, r0
878073f4:	803f7800 	eorshi	r7, pc, r0, lsl #16
878073f8:	c060fc00 	rsbgt	pc, r0, r0, lsl #24
878073fc:	40c08e01 	sbcmi	r8, r0, r1, lsl #28
87807400:	20800703 	addcs	r0, r0, r3, lsl #14
87807404:	20000302 	andcs	r0, r0, r2, lsl #6
87807408:	20800102 	addcs	r0, r0, r2, lsl #2
8780740c:	20800102 	addcs	r0, r0, r2, lsl #2
87807410:	20c00102 	sbccs	r0, r0, r2, lsl #2
87807414:	40e00103 	rscmi	r0, r0, r3, lsl #2
87807418:	c0708601 	rsbsgt	r8, r0, r1, lsl #12
8780741c:	803ffc00 	eorshi	pc, pc, r0, lsl #24
87807420:	001f7800 	andseq	r7, pc, r0, lsl #16
	...
87807470:	00003f00 	andeq	r3, r0, r0, lsl #30
87807474:	c081ff00 	addgt	pc, r1, r0, lsl #30
87807478:	c0c1c001 	sbcgt	ip, r1, r1
8780747c:	20600001 	rsbcs	r0, r0, r1
87807480:	20200002 	eorcs	r0, r0, r2
87807484:	20200002 	eorcs	r0, r0, r2
87807488:	20200002 	eorcs	r0, r0, r2
8780748c:	60200002 	eorvs	r0, r0, r2
87807490:	c0400002 	subgt	r0, r0, r2
87807494:	80c10001 	sbchi	r0, r1, r1
87807498:	008fc100 	addeq	ip, pc, r0, lsl #2
8780749c:	00fe7f00 	rscseq	r7, lr, r0, lsl #30
878074a0:	00f01f00 	rscseq	r1, r0, r0, lsl #30
	...
87807504:	c0000300 	andgt	r0, r0, r0, lsl #6
87807508:	e0810700 	add	r0, r1, r0, lsl #14
8780750c:	e0810700 	add	r0, r1, r0, lsl #14
87807510:	c0000300 	andgt	r0, r0, r0, lsl #6
	...
87807584:	66000600 	strvs	r0, [r0], -r0, lsl #12
87807588:	78000600 	stmdavc	r0, {r9, sl}
	...
878075f4:	00800000 	addeq	r0, r0, r0
878075f8:	00c00100 	sbceq	r0, r0, r0, lsl #2
878075fc:	00600300 	rsbeq	r0, r0, r0, lsl #6
87807600:	00300600 	eorseq	r0, r0, r0, lsl #12
87807604:	00180c00 	andseq	r0, r8, r0, lsl #24
87807608:	000c1800 	andeq	r1, ip, r0, lsl #16
8780760c:	00063000 	andeq	r3, r6, r0
87807610:	00036000 	andeq	r6, r3, r0
87807614:	8001c000 	andhi	ip, r1, r0
87807618:	40000001 	andmi	r0, r0, r1
8780761c:	20000002 	andcs	r0, r0, r2
87807620:	10000004 	andne	r0, r0, r4
	...
87807670:	00100400 	andseq	r0, r0, r0, lsl #8
87807674:	00100400 	andseq	r0, r0, r0, lsl #8
87807678:	00100400 	andseq	r0, r0, r0, lsl #8
8780767c:	00100400 	andseq	r0, r0, r0, lsl #8
87807680:	00100400 	andseq	r0, r0, r0, lsl #8
87807684:	00100400 	andseq	r0, r0, r0, lsl #8
87807688:	00100400 	andseq	r0, r0, r0, lsl #8
8780768c:	00100400 	andseq	r0, r0, r0, lsl #8
87807690:	00100400 	andseq	r0, r0, r0, lsl #8
87807694:	00100400 	andseq	r0, r0, r0, lsl #8
87807698:	00100400 	andseq	r0, r0, r0, lsl #8
8780769c:	00100400 	andseq	r0, r0, r0, lsl #8
878076a0:	00100400 	andseq	r0, r0, r0, lsl #8
878076a4:	00100400 	andseq	r0, r0, r0, lsl #8
	...
878076f4:	10000004 	andne	r0, r0, r4
878076f8:	20000002 	andcs	r0, r0, r2
878076fc:	40000001 	andmi	r0, r0, r1
87807700:	8001c000 	andhi	ip, r1, r0
87807704:	00036000 	andeq	r6, r3, r0
87807708:	00063000 	andeq	r3, r6, r0
8780770c:	000c1800 	andeq	r1, ip, r0, lsl #16
87807710:	00180c00 	andseq	r0, r8, r0, lsl #24
87807714:	00300600 	eorseq	r0, r0, r0, lsl #12
87807718:	00600300 	rsbeq	r0, r0, r0, lsl #6
8780771c:	00c00100 	sbceq	r0, r0, r0, lsl #2
87807720:	00800000 	addeq	r0, r0, r0
	...
87807774:	00007800 	andeq	r7, r0, r0, lsl #16
87807778:	0000f801 	andeq	pc, r0, r1, lsl #16
8780777c:	00003802 	andeq	r3, r0, r2, lsl #16
87807780:	00000002 	andeq	r0, r0, r2
87807784:	c0000004 	andgt	r0, r0, r4
87807788:	e0790004 	rsbs	r0, r9, r4
8780778c:	e0810004 	add	r0, r1, r4
87807790:	c0000104 	andgt	r0, r0, r4, lsl #2
87807794:	00000304 	andeq	r0, r0, r4, lsl #6
87807798:	00000202 	andeq	r0, r0, r2, lsl #4
8780779c:	00000603 	andeq	r0, r0, r3, lsl #12
878077a0:	0000fc01 	andeq	pc, r0, r1, lsl #24
878077a4:	0000f800 	andeq	pc, r0, r0, lsl #16
	...
878077f0:	00f80f00 	rscseq	r0, r8, r0, lsl #30
878077f4:	00fe3f00 	rscseq	r3, lr, r0, lsl #30
878077f8:	80077000 	andhi	r7, r7, r0
878077fc:	c000c000 	andgt	ip, r0, r0
87807800:	40f80101 	rscsmi	r0, r8, r1, lsl #2
87807804:	20fc0703 	rscscs	r0, ip, r3, lsl #14
87807808:	20041e02 	andcs	r1, r4, r2, lsl #28
8780780c:	20083002 	andcs	r3, r8, r2
87807810:	20302002 	eorscs	r2, r0, r2
87807814:	20fc3f02 	rscscs	r3, ip, r2, lsl #30
87807818:	40043f01 	andmi	r3, r4, r1, lsl #30
8780781c:	c00c8001 	andgt	r8, ip, r1
87807820:	8031e000 	eorshi	lr, r1, r0
87807824:	00c21f00 	sbceq	r1, r2, r0, lsl #30
	...
8780786c:	20000000 	andcs	r0, r0, r0
87807870:	60000000 	andvs	r0, r0, r0
87807874:	e0030000 	and	r0, r3, r0
87807878:	203e0000 	eorscs	r0, lr, r0
8780787c:	20e00300 	rsccs	r0, r0, r0, lsl #6
87807880:	00203e00 	eoreq	r3, r0, r0, lsl #28
87807884:	0020e003 	eoreq	lr, r0, r3
87807888:	00208003 	eoreq	r8, r0, r3
8780788c:	0020fc07 	eoreq	pc, r0, r7, lsl #24
87807890:	00e03f00 	rsceq	r3, r0, r0, lsl #30
87807894:	20fe0300 	rscscs	r0, lr, r0, lsl #6
87807898:	e03f0000 	eors	r0, pc, r0
8780789c:	e0010000 	and	r0, r1, r0
878078a0:	20000000 	andcs	r0, r0, r0
878078a4:	20000000 	andcs	r0, r0, r0
	...
878078f0:	20000002 	andcs	r0, r0, r2
878078f4:	20000002 	andcs	r0, r0, r2
878078f8:	e0ffff03 	rscs	pc, pc, r3, lsl #30
878078fc:	e0ffff03 	rscs	pc, pc, r3, lsl #30
87807900:	20000102 	andcs	r0, r0, r2, lsl #2
87807904:	20000102 	andcs	r0, r0, r2, lsl #2
87807908:	20000102 	andcs	r0, r0, r2, lsl #2
8780790c:	20000102 	andcs	r0, r0, r2, lsl #2
87807910:	20000102 	andcs	r0, r0, r2, lsl #2
87807914:	20000303 	andcs	r0, r0, r3, lsl #6
87807918:	60808601 	addvs	r8, r0, r1, lsl #12
8780791c:	c0c0fc01 	sbcgt	pc, r0, r1, lsl #24
87807920:	807ff800 	rsbshi	pc, pc, r0, lsl #16
87807924:	001f0000 	andseq	r0, pc, r0
	...
87807970:	00f80700 	rscseq	r0, r8, r0, lsl #14
87807974:	00ff3f00 	rscseq	r3, pc, r0, lsl #30
87807978:	80077000 	andhi	r7, r7, r0
8780797c:	c000c000 	andgt	ip, r0, r0
87807980:	40000001 	andmi	r0, r0, r1
87807984:	20000003 	andcs	r0, r0, r3
87807988:	20000002 	andcs	r0, r0, r2
8780798c:	20000002 	andcs	r0, r0, r2
87807990:	20000002 	andcs	r0, r0, r2
87807994:	20000002 	andcs	r0, r0, r2
87807998:	40000001 	andmi	r0, r0, r1
8780799c:	c0008001 	andgt	r8, r0, r1
878079a0:	8001c003 	andhi	ip, r1, r3
878079a4:	00063000 	andeq	r3, r6, r0
	...
878079f0:	20000002 	andcs	r0, r0, r2
878079f4:	20000002 	andcs	r0, r0, r2
878079f8:	e0ffff03 	rscs	pc, pc, r3, lsl #30
878079fc:	e0ffff03 	rscs	pc, pc, r3, lsl #30
87807a00:	20000002 	andcs	r0, r0, r2
87807a04:	20000002 	andcs	r0, r0, r2
87807a08:	20000002 	andcs	r0, r0, r2
87807a0c:	20000002 	andcs	r0, r0, r2
87807a10:	60000003 	andvs	r0, r0, r3
87807a14:	40000001 	andmi	r0, r0, r1
87807a18:	c0008001 	andgt	r8, r0, r1
87807a1c:	8007f000 	andhi	pc, r7, r0
87807a20:	00fe7f00 	rscseq	r7, lr, r0, lsl #30
87807a24:	00f80f00 	rscseq	r0, r8, r0, lsl #30
	...
87807a70:	20000002 	andcs	r0, r0, r2
87807a74:	20000002 	andcs	r0, r0, r2
87807a78:	e0ffff03 	rscs	pc, pc, r3, lsl #30
87807a7c:	e0ffff03 	rscs	pc, pc, r3, lsl #30
87807a80:	20000102 	andcs	r0, r0, r2, lsl #2
87807a84:	20000102 	andcs	r0, r0, r2, lsl #2
87807a88:	20000102 	andcs	r0, r0, r2, lsl #2
87807a8c:	20000102 	andcs	r0, r0, r2, lsl #2
87807a90:	20000102 	andcs	r0, r0, r2, lsl #2
87807a94:	20800302 	addcs	r0, r0, r2, lsl #6
87807a98:	20e00f02 	rsccs	r0, r0, r2, lsl #30
87807a9c:	60000003 	andvs	r0, r0, r3
87807aa0:	e000c003 	and	ip, r0, r3
87807aa4:	00036000 	andeq	r6, r3, r0
	...
87807af0:	20000002 	andcs	r0, r0, r2
87807af4:	20000002 	andcs	r0, r0, r2
87807af8:	e0ffff03 	rscs	pc, pc, r3, lsl #30
87807afc:	e0ffff03 	rscs	pc, pc, r3, lsl #30
87807b00:	20000102 	andcs	r0, r0, r2, lsl #2
87807b04:	20000102 	andcs	r0, r0, r2, lsl #2
87807b08:	00000102 	andeq	r0, r0, r2, lsl #2
87807b0c:	00000102 	andeq	r0, r0, r2, lsl #2
87807b10:	00000102 	andeq	r0, r0, r2, lsl #2
87807b14:	00000102 	andeq	r0, r0, r2, lsl #2
87807b18:	00800302 	addeq	r0, r0, r2, lsl #6
87807b1c:	00e00f03 	rsceq	r0, r0, r3, lsl #30
87807b20:	00000003 	andeq	r0, r0, r3
87807b24:	0000c003 	andeq	ip, r0, r3
87807b28:	00006000 	andeq	r6, r0, r0
	...
87807b70:	00f80700 	rscseq	r0, r8, r0, lsl #14
87807b74:	00fe3f00 	rscseq	r3, lr, r0, lsl #30
87807b78:	80077000 	andhi	r7, r7, r0
87807b7c:	c001c001 	andgt	ip, r1, r1
87807b80:	40000001 	andmi	r0, r0, r1
87807b84:	20000003 	andcs	r0, r0, r3
87807b88:	20000002 	andcs	r0, r0, r2
87807b8c:	20000002 	andcs	r0, r0, r2
87807b90:	20000002 	andcs	r0, r0, r2
87807b94:	20200001 	eorcs	r0, r0, r1
87807b98:	40200001 	eormi	r0, r0, r1
87807b9c:	803fc003 	eorshi	ip, pc, r3
87807ba0:	803f3000 	eorshi	r3, pc, r0
87807ba4:	00200000 	eoreq	r0, r0, r0
87807ba8:	00200000 	eoreq	r0, r0, r0
	...
87807bec:	20000002 	andcs	r0, r0, r2
87807bf0:	20000002 	andcs	r0, r0, r2
87807bf4:	e0ffff03 	rscs	pc, pc, r3, lsl #30
87807bf8:	e0ffff03 	rscs	pc, pc, r3, lsl #30
87807bfc:	20800002 	addcs	r0, r0, r2
87807c00:	20800002 	addcs	r0, r0, r2
87807c04:	00800000 	addeq	r0, r0, r0
87807c08:	00800000 	addeq	r0, r0, r0
87807c0c:	00800000 	addeq	r0, r0, r0
87807c10:	20800002 	addcs	r0, r0, r2
87807c14:	20800002 	addcs	r0, r0, r2
87807c18:	e0ffff03 	rscs	pc, pc, r3, lsl #30
87807c1c:	e0ffff03 	rscs	pc, pc, r3, lsl #30
87807c20:	20000002 	andcs	r0, r0, r2
87807c24:	20000002 	andcs	r0, r0, r2
	...
87807c78:	20000002 	andcs	r0, r0, r2
87807c7c:	20000002 	andcs	r0, r0, r2
87807c80:	20000002 	andcs	r0, r0, r2
87807c84:	20000002 	andcs	r0, r0, r2
87807c88:	e0ffff03 	rscs	pc, pc, r3, lsl #30
87807c8c:	e0ffff03 	rscs	pc, pc, r3, lsl #30
87807c90:	20000002 	andcs	r0, r0, r2
87807c94:	20000002 	andcs	r0, r0, r2
87807c98:	20000002 	andcs	r0, r0, r2
87807c9c:	20000002 	andcs	r0, r0, r2
	...
87807cf0:	0e000000 	cdpeq	0, 0, cr0, cr0, cr0, {0}
87807cf4:	0f000000 	svceq	0x00000000
87807cf8:	0f000000 	svceq	0x00000000
87807cfc:	01000000 	mrseq	r0, (UNDEF: 0)
87807d00:	01000002 	tsteq	r0, r2
87807d04:	01000002 	tsteq	r0, r2
87807d08:	03000002 	movweq	r0, #2
87807d0c:	06000002 	streq	r0, [r0], -r2
87807d10:	fcffff03 	ldc2l	15, cr15, [pc], #12	; 87807d24 <asc2_3216+0x1538>
87807d14:	f8ffff03 			; <UNDEFINED> instruction: 0xf8ffff03
87807d18:	00000002 	andeq	r0, r0, r2
87807d1c:	00000002 	andeq	r0, r0, r2
87807d20:	00000002 	andeq	r0, r0, r2
87807d24:	00000002 	andeq	r0, r0, r2
	...
87807d70:	20000002 	andcs	r0, r0, r2
87807d74:	20000002 	andcs	r0, r0, r2
87807d78:	e0ffff03 	rscs	pc, pc, r3, lsl #30
87807d7c:	e0ffff03 	rscs	pc, pc, r3, lsl #30
87807d80:	20c00002 	sbccs	r0, r0, r2
87807d84:	20000102 	andcs	r0, r0, r2, lsl #2
87807d88:	00800700 	addeq	r0, r0, r0, lsl #14
87807d8c:	00e00f00 	rsceq	r0, r0, r0, lsl #30
87807d90:	00f83000 	rscseq	r3, r8, r0
87807d94:	203e6002 	eorscs	r6, lr, r2
87807d98:	200f8003 	andcs	r8, pc, r3
87807d9c:	e0030003 	and	r0, r3, r3
87807da0:	e0000002 	and	r0, r0, r2
87807da4:	20000002 	andcs	r0, r0, r2
87807da8:	20000000 	andcs	r0, r0, r0
	...
87807df0:	20000002 	andcs	r0, r0, r2
87807df4:	20000002 	andcs	r0, r0, r2
87807df8:	e0ffff03 	rscs	pc, pc, r3, lsl #30
87807dfc:	e0ffff03 	rscs	pc, pc, r3, lsl #30
87807e00:	20000002 	andcs	r0, r0, r2
87807e04:	20000002 	andcs	r0, r0, r2
87807e08:	20000000 	andcs	r0, r0, r0
87807e0c:	20000000 	andcs	r0, r0, r0
87807e10:	20000000 	andcs	r0, r0, r0
87807e14:	20000000 	andcs	r0, r0, r0
87807e18:	20000000 	andcs	r0, r0, r0
87807e1c:	60000000 	andvs	r0, r0, r0
87807e20:	e0000000 	and	r0, r0, r0
87807e24:	00030000 	andeq	r0, r3, r0
	...
87807e6c:	20000002 	andcs	r0, r0, r2
87807e70:	20000002 	andcs	r0, r0, r2
87807e74:	e0ffff03 	rscs	pc, pc, r3, lsl #30
87807e78:	2000e003 	andcs	lr, r0, r3
87807e7c:	2000ff03 	andcs	pc, r0, r3, lsl #30
87807e80:	00f01f00 	rscseq	r1, r0, r0, lsl #30
87807e84:	80ff0100 	rscshi	r0, pc, r0, lsl #2
87807e88:	e00f0000 	and	r0, pc, r0
87807e8c:	001e0000 	andseq	r0, lr, r0
87807e90:	00e00300 	rsceq	r0, r0, r0, lsl #6
87807e94:	20003e00 	andcs	r3, r0, r0, lsl #28
87807e98:	2000e003 	andcs	lr, r0, r3
87807e9c:	e0ffff03 	rscs	pc, pc, r3, lsl #30
87807ea0:	e0ffff03 	rscs	pc, pc, r3, lsl #30
87807ea4:	20000002 	andcs	r0, r0, r2
87807ea8:	20000002 	andcs	r0, r0, r2
	...
87807eec:	20000002 	andcs	r0, r0, r2
87807ef0:	20000002 	andcs	r0, r0, r2
87807ef4:	e0ffff03 	rscs	pc, pc, r3, lsl #30
87807ef8:	20008003 	andcs	r8, r0, r3
87807efc:	2000f003 	andcs	pc, r0, r3
87807f00:	0000fc00 	andeq	pc, r0, r0, lsl #24
87807f04:	00001f00 	andeq	r1, r0, r0, lsl #30
87807f08:	00c00700 	sbceq	r0, r0, r0, lsl #14
87807f0c:	00f00100 	rscseq	r0, r0, r0, lsl #2
87807f10:	007c0000 	rsbseq	r0, ip, r0
87807f14:	801f0002 	andshi	r0, pc, r2
87807f18:	e0070002 	and	r0, r7, r2
87807f1c:	e0ffff03 	rscs	pc, pc, r3, lsl #30
87807f20:	00000002 	andeq	r0, r0, r2
87807f24:	00000002 	andeq	r0, r0, r2
	...
87807f70:	00f80f00 	rscseq	r0, r8, r0, lsl #30
87807f74:	00fe3f00 	rscseq	r3, lr, r0, lsl #30
87807f78:	8007f000 	andhi	pc, r7, r0
87807f7c:	c0008001 	andgt	r8, r0, r1
87807f80:	40000001 	andmi	r0, r0, r1
87807f84:	20000002 	andcs	r0, r0, r2
87807f88:	20000002 	andcs	r0, r0, r2
87807f8c:	20000002 	andcs	r0, r0, r2
87807f90:	20000002 	andcs	r0, r0, r2
87807f94:	40000001 	andmi	r0, r0, r1
87807f98:	c0008001 	andgt	r8, r0, r1
87807f9c:	8003f000 	andhi	pc, r3, r0
87807fa0:	00fe3f00 	rscseq	r3, lr, r0, lsl #30
87807fa4:	00f80f00 	rscseq	r0, r8, r0, lsl #30
	...
87807ff0:	20000002 	andcs	r0, r0, r2
87807ff4:	20000002 	andcs	r0, r0, r2
87807ff8:	e0ffff03 	rscs	pc, pc, r3, lsl #30
87807ffc:	e0ffff03 	rscs	pc, pc, r3, lsl #30
87808000:	20800002 	addcs	r0, r0, r2
87808004:	20800002 	addcs	r0, r0, r2
87808008:	00800002 	addeq	r0, r0, r2
8780800c:	00800002 	addeq	r0, r0, r2
87808010:	00800002 	addeq	r0, r0, r2
87808014:	00800002 	addeq	r0, r0, r2
87808018:	00800103 	addeq	r0, r0, r3, lsl #2
8780801c:	00008301 	andeq	r8, r0, r1, lsl #6
87808020:	0000fe00 	andeq	pc, r0, r0, lsl #28
87808024:	00007c00 	andeq	r7, r0, r0, lsl #24
	...
87808070:	00f80f00 	rscseq	r0, r8, r0, lsl #30
87808074:	00ff7f00 	rscseq	r7, pc, r0, lsl #30
87808078:	8003f000 	andhi	pc, r3, r0
8780807c:	c0018001 	andgt	r8, r1, r1
87808080:	40060001 	andmi	r0, r6, r1
87808084:	20040002 	andcs	r0, r4, r2
87808088:	20040002 	andcs	r0, r4, r2
8780808c:	20060002 	andcs	r0, r6, r2
87808090:	e0030002 	and	r0, r3, r2
87808094:	f8000001 			; <UNDEFINED> instruction: 0xf8000001
87808098:	5c008001 	stcpl	0, cr8, [r0], {1}
8780809c:	8c03e000 	stchi	0, cr14, [r3], {-0}
878080a0:	0cff3f00 	ldcleq	15, cr3, [pc]	; 878080a8 <asc2_3216+0x18bc>
878080a4:	18fc0f00 	ldmne	ip!, {r8, r9, sl, fp}^
	...
878080f0:	20000002 	andcs	r0, r0, r2
878080f4:	20000002 	andcs	r0, r0, r2
878080f8:	e0ffff03 	rscs	pc, pc, r3, lsl #30
878080fc:	e0ffff03 	rscs	pc, pc, r3, lsl #30
87808100:	20000102 	andcs	r0, r0, r2, lsl #2
87808104:	20000102 	andcs	r0, r0, r2, lsl #2
87808108:	00800102 	addeq	r0, r0, r2, lsl #2
8780810c:	00e00102 	rsceq	r0, r0, r2, lsl #2
87808110:	00fc0102 	rscseq	r0, ip, r2, lsl #2
87808114:	803f0303 	eorshi	r0, pc, r3, lsl #6
87808118:	e0078601 	and	r8, r7, r1, lsl #12
8780811c:	e000fc01 	and	pc, r0, r1, lsl #24
87808120:	2000f800 	andcs	pc, r0, r0, lsl #16
87808124:	20000000 	andcs	r0, r0, r0
	...
87808174:	00067800 	andeq	r7, r6, r0, lsl #16
87808178:	e001fe00 	and	pc, r1, r0, lsl #28
8780817c:	c0008601 	andgt	r8, r0, r1, lsl #12
87808180:	40000303 	andmi	r0, r0, r3, lsl #6
87808184:	20000302 	andcs	r0, r0, r2, lsl #6
87808188:	20800102 	addcs	r0, r0, r2, lsl #2
8780818c:	20800102 	addcs	r0, r0, r2, lsl #2
87808190:	20c00102 	sbccs	r0, r0, r2, lsl #2
87808194:	20c00002 	sbccs	r0, r0, r2
87808198:	60e00001 	rscvs	r0, r0, r1
8780819c:	c0708001 	rsbsgt	r8, r0, r1
878081a0:	803fe003 	eorshi	lr, pc, r3
878081a4:	001f0000 	andseq	r0, pc, r0
	...
878081f0:	00006000 	andeq	r6, r0, r0
878081f4:	00008003 	andeq	r8, r0, r3
878081f8:	00000003 	andeq	r0, r0, r3
878081fc:	00000002 	andeq	r0, r0, r2
87808200:	20000002 	andcs	r0, r0, r2
87808204:	20000002 	andcs	r0, r0, r2
87808208:	e0ffff03 	rscs	pc, pc, r3, lsl #30
8780820c:	e0ffff03 	rscs	pc, pc, r3, lsl #30
87808210:	20000002 	andcs	r0, r0, r2
87808214:	20000002 	andcs	r0, r0, r2
87808218:	00000002 	andeq	r0, r0, r2
8780821c:	00000002 	andeq	r0, r0, r2
87808220:	00008003 	andeq	r8, r0, r3
87808224:	0000e000 	andeq	lr, r0, r0
	...
8780826c:	00000002 	andeq	r0, r0, r2
87808270:	00000002 	andeq	r0, r0, r2
87808274:	00ffff03 	rscseq	pc, pc, r3, lsl #30
87808278:	c0ffff03 	rscsgt	pc, pc, r3, lsl #30
8780827c:	40000002 	andmi	r0, r0, r2
87808280:	60000002 	andvs	r0, r0, r2
87808284:	20000000 	andcs	r0, r0, r0
87808288:	20000000 	andcs	r0, r0, r0
8780828c:	20000000 	andcs	r0, r0, r0
87808290:	20000000 	andcs	r0, r0, r0
87808294:	40000002 	andmi	r0, r0, r2
87808298:	80000002 	andhi	r0, r0, r2
8780829c:	00ffff03 	rscseq	pc, pc, r3, lsl #30
878082a0:	00000002 	andeq	r0, r0, r2
878082a4:	00000002 	andeq	r0, r0, r2
	...
878082f0:	00000002 	andeq	r0, r0, r2
878082f4:	00000002 	andeq	r0, r0, r2
878082f8:	0000c003 	andeq	ip, r0, r3
878082fc:	0000fc03 	andeq	pc, r0, r3, lsl #24
87808300:	00c03f02 	sbceq	r3, r0, r2, lsl #30
87808304:	00f80300 	rscseq	r0, r8, r0, lsl #6
87808308:	807f0000 	rsbshi	r0, pc, r0
8780830c:	e0070000 	and	r0, r7, r0
87808310:	80070000 	andhi	r0, r7, r0
87808314:	00780000 	rsbseq	r0, r8, r0
87808318:	00c00302 	sbceq	r0, r0, r2, lsl #6
8780831c:	00003c02 	andeq	r3, r0, r2, lsl #24
87808320:	0000c003 	andeq	ip, r0, r3
87808324:	00000002 	andeq	r0, r0, r2
87808328:	00000002 	andeq	r0, r0, r2
	...
8780836c:	00000002 	andeq	r0, r0, r2
87808370:	0000c003 	andeq	ip, r0, r3
87808374:	0080ff03 	addeq	pc, r0, r3, lsl #30
87808378:	00fe3f02 	rscseq	r3, lr, r2, lsl #30
8780837c:	e07f0002 	rsbs	r0, pc, r2
87808380:	000f0000 	andeq	r0, pc, r0
87808384:	00f00002 	rscseq	r0, r0, r2
87808388:	0000ef03 	andeq	lr, r0, r3, lsl #30
8780838c:	0080ff03 	addeq	pc, r0, r3, lsl #30
87808390:	00fe0f02 	rscseq	r0, lr, r2, lsl #30
87808394:	e03f0000 	eors	r0, pc, r0
87808398:	001f0000 	andseq	r0, pc, r0
8780839c:	00e00702 	rsceq	r0, r0, r2, lsl #14
878083a0:	0000f803 	andeq	pc, r0, r3, lsl #16
878083a4:	00000003 	andeq	r0, r0, r3
878083a8:	00000002 	andeq	r0, r0, r2
	...
878083f0:	20000002 	andcs	r0, r0, r2
878083f4:	20000002 	andcs	r0, r0, r2
878083f8:	e0008003 	and	r8, r0, r3
878083fc:	2003f003 	andcs	pc, r3, r3
87808400:	200cfc02 	andcs	pc, ip, r2, lsl #24
87808404:	00301f02 	eorseq	r1, r0, r2, lsl #30
87808408:	00c00700 	sbceq	r0, r0, r0, lsl #14
8780840c:	00f00700 	rscseq	r0, r0, r0, lsl #14
87808410:	007c1802 	rsbseq	r1, ip, r2, lsl #16
87808414:	201f6002 	andscs	r6, pc, r2
87808418:	e0038003 	and	r8, r3, r3
8780841c:	e0000002 	and	r0, r0, r2
87808420:	20000002 	andcs	r0, r0, r2
87808424:	20000000 	andcs	r0, r0, r0
	...
87808470:	00000002 	andeq	r0, r0, r2
87808474:	00000003 	andeq	r0, r0, r3
87808478:	0000c003 	andeq	ip, r0, r3
8780847c:	0000f803 	andeq	pc, r0, r3, lsl #16
87808480:	20003e02 	andcs	r3, r0, r2, lsl #28
87808484:	20c00f02 	sbccs	r0, r0, r2, lsl #30
87808488:	e0ff0100 	rscs	r0, pc, r0, lsl #2
8780848c:	e07f0000 	rsbs	r0, pc, r0
87808490:	20800300 	addcs	r0, r0, r0, lsl #6
87808494:	20001c02 	andcs	r1, r0, r2, lsl #24
87808498:	00007002 	andeq	r7, r0, r2
8780849c:	00008003 	andeq	r8, r0, r3
878084a0:	00000002 	andeq	r0, r0, r2
878084a4:	00000002 	andeq	r0, r0, r2
	...
878084f0:	20000000 	andcs	r0, r0, r0
878084f4:	e0006000 	and	r6, r0, r0
878084f8:	e0038003 	and	r8, r3, r3
878084fc:	a00f0003 	andge	r0, pc, r3
87808500:	203e0002 	eorscs	r0, lr, r2
87808504:	20f80002 	rscscs	r0, r8, r2
87808508:	20e00302 	rsccs	r0, r0, r2, lsl #6
8780850c:	20800f02 	addcs	r0, r0, r2, lsl #30
87808510:	20003e02 	andcs	r3, r0, r2, lsl #28
87808514:	20007802 	andcs	r7, r0, r2, lsl #16
87808518:	6000e003 	andvs	lr, r0, r3
8780851c:	e0008003 	and	r8, r0, r3
87808520:	00030002 	andeq	r0, r3, r2
	...
87808584:	fcffff1f 	ldc2l	15, cr15, [pc], #124	; 87808608 <asc2_3216+0x1e1c>
87808588:	04000010 	streq	r0, [r0], #-16
8780858c:	04000010 	streq	r0, [r0], #-16
87808590:	04000010 	streq	r0, [r0], #-16
87808594:	04000010 	streq	r0, [r0], #-16
87808598:	04000010 	streq	r0, [r0], #-16
8780859c:	04000010 	streq	r0, [r0], #-16
878085a0:	04000010 	streq	r0, [r0], #-16
	...
878085f8:	00000007 	andeq	r0, r0, r7
878085fc:	0000c003 	andeq	ip, r0, r3
87808600:	00007800 	andeq	r7, r0, r0, lsl #16
87808604:	00001e00 	andeq	r1, r0, r0, lsl #28
87808608:	00c00300 	sbceq	r0, r0, r0, lsl #6
8780860c:	00f00000 	rscseq	r0, r0, r0
87808610:	001e0000 	andseq	r0, lr, r0
87808614:	80070000 	andhi	r0, r7, r0
87808618:	f0000000 			; <UNDEFINED> instruction: 0xf0000000
8780861c:	3c000000 	stccc	0, cr0, [r0], {-0}
87808620:	06000000 	streq	r0, [r0], -r0
	...
87808674:	04000010 	streq	r0, [r0], #-16
87808678:	04000010 	streq	r0, [r0], #-16
8780867c:	04000010 	streq	r0, [r0], #-16
87808680:	04000010 	streq	r0, [r0], #-16
87808684:	04000010 	streq	r0, [r0], #-16
87808688:	04000010 	streq	r0, [r0], #-16
8780868c:	04000010 	streq	r0, [r0], #-16
87808690:	fcffff1f 	ldc2l	15, cr15, [pc], #124	; 87808714 <asc2_3216+0x1f28>
	...
878086fc:	00000002 	andeq	r0, r0, r2
87808700:	00000004 	andeq	r0, r0, r4
87808704:	00000008 	andeq	r0, r0, r8
87808708:	00000018 	andeq	r0, r0, r8, lsl r0
8780870c:	00000010 	andeq	r0, r0, r0, lsl r0
87808710:	00000018 	andeq	r0, r0, r8, lsl r0
87808714:	00000018 	andeq	r0, r0, r8, lsl r0
87808718:	00000004 	andeq	r0, r0, r4
8780871c:	00000002 	andeq	r0, r0, r2
	...
8780876c:	01000000 	mrseq	r0, (UNDEF: 0)
87808770:	01000000 	mrseq	r0, (UNDEF: 0)
87808774:	01000000 	mrseq	r0, (UNDEF: 0)
87808778:	01000000 	mrseq	r0, (UNDEF: 0)
8780877c:	01000000 	mrseq	r0, (UNDEF: 0)
87808780:	01000000 	mrseq	r0, (UNDEF: 0)
87808784:	01000000 	mrseq	r0, (UNDEF: 0)
87808788:	01000000 	mrseq	r0, (UNDEF: 0)
8780878c:	01000000 	mrseq	r0, (UNDEF: 0)
87808790:	01000000 	mrseq	r0, (UNDEF: 0)
87808794:	01000000 	mrseq	r0, (UNDEF: 0)
87808798:	01000000 	mrseq	r0, (UNDEF: 0)
8780879c:	01000000 	mrseq	r0, (UNDEF: 0)
878087a0:	01000000 	mrseq	r0, (UNDEF: 0)
878087a4:	01000000 	mrseq	r0, (UNDEF: 0)
878087a8:	01000000 	mrseq	r0, (UNDEF: 0)
	...
878087f8:	00000010 	andeq	r0, r0, r0, lsl r0
878087fc:	00000010 	andeq	r0, r0, r0, lsl r0
87808800:	00000010 	andeq	r0, r0, r0, lsl r0
87808804:	00000018 	andeq	r0, r0, r8, lsl r0
87808808:	00000008 	andeq	r0, r0, r8
8780880c:	00000004 	andeq	r0, r0, r4
	...
87808870:	80030000 	andhi	r0, r3, r0
87808874:	c08f0100 	addgt	r0, pc, r0, lsl #2
87808878:	608c0300 	addvs	r0, ip, r0, lsl #6
8780887c:	20180600 	andscs	r0, r8, r0, lsl #12
87808880:	20100400 	andscs	r0, r0, r0, lsl #8
87808884:	20100400 	andscs	r0, r0, r0, lsl #8
87808888:	20200400 	eorcs	r0, r0, r0, lsl #8
8780888c:	40200400 	eormi	r0, r0, r0, lsl #8
87808890:	40200600 	eormi	r0, r0, r0, lsl #12
87808894:	c0ff0300 	rscsgt	r0, pc, r0, lsl #6
87808898:	e0ff0100 	rscs	r0, pc, r0, lsl #2
8780889c:	20000000 	andcs	r0, r0, r0
878088a0:	20000000 	andcs	r0, r0, r0
878088a4:	c0000000 	andgt	r0, r0, r0
	...
878088f0:	00000002 	andeq	r0, r0, r2
878088f4:	00000002 	andeq	r0, r0, r2
878088f8:	e0ffff03 	rscs	pc, pc, r3, lsl #30
878088fc:	c0ffff07 	rscsgt	pc, pc, r7, lsl #30
87808900:	c0800100 	addgt	r0, r0, r0, lsl #2
87808904:	60000200 	andvs	r0, r0, r0, lsl #4
87808908:	20000200 	andcs	r0, r0, r0, lsl #4
8780890c:	20000400 	andcs	r0, r0, r0, lsl #8
87808910:	20000400 	andcs	r0, r0, r0, lsl #8
87808914:	20000400 	andcs	r0, r0, r0, lsl #8
87808918:	40000600 	andmi	r0, r0, r0, lsl #12
8780891c:	c0000300 	andgt	r0, r0, r0, lsl #6
87808920:	80ff0100 	rscshi	r0, pc, r0, lsl #2
87808924:	00fe0000 	rscseq	r0, lr, r0
	...
87808974:	007e0000 	rsbseq	r0, lr, r0
87808978:	80ff0100 	rscshi	r0, pc, r0, lsl #2
8780897c:	c0810300 	addgt	r0, r1, r0, lsl #6
87808980:	40000200 	andmi	r0, r0, r0, lsl #4
87808984:	20000600 	andcs	r0, r0, r0, lsl #12
87808988:	20000400 	andcs	r0, r0, r0, lsl #8
8780898c:	20000400 	andcs	r0, r0, r0, lsl #8
87808990:	20000400 	andcs	r0, r0, r0, lsl #8
87808994:	20000600 	andcs	r0, r0, r0, lsl #12
87808998:	40c00300 	sbcmi	r0, r0, r0, lsl #6
8780899c:	80c00100 	sbchi	r0, r0, r0, lsl #2
878089a0:	00030000 	andeq	r0, r3, r0
	...
878089f4:	007e0000 	rsbseq	r0, lr, r0
878089f8:	80ff0100 	rscshi	r0, pc, r0, lsl #2
878089fc:	c0800300 	addgt	r0, r0, r0, lsl #6
87808a00:	60000600 	andvs	r0, r0, r0, lsl #12
87808a04:	20000400 	andcs	r0, r0, r0, lsl #8
87808a08:	20000400 	andcs	r0, r0, r0, lsl #8
87808a0c:	20000400 	andcs	r0, r0, r0, lsl #8
87808a10:	40000402 	andmi	r0, r0, r2, lsl #8
87808a14:	80000202 	andhi	r0, r0, r2, lsl #4
87808a18:	e0ffff03 	rscs	pc, pc, r3, lsl #30
87808a1c:	c0ffff07 	rscsgt	pc, pc, r7, lsl #30
87808a20:	40000000 	andmi	r0, r0, r0
87808a24:	40000000 	andmi	r0, r0, r0
	...
87808a74:	007e0000 	rsbseq	r0, lr, r0
87808a78:	80ff0100 	rscshi	r0, pc, r0, lsl #2
87808a7c:	c0110300 	andsgt	r0, r1, r0, lsl #6
87808a80:	40100200 	andsmi	r0, r0, r0, lsl #4
87808a84:	60100400 	andsvs	r0, r0, r0, lsl #8
87808a88:	20100400 	andscs	r0, r0, r0, lsl #8
87808a8c:	20100400 	andscs	r0, r0, r0, lsl #8
87808a90:	20100400 	andscs	r0, r0, r0, lsl #8
87808a94:	20100600 	andscs	r0, r0, r0, lsl #12
87808a98:	40100300 	andsmi	r0, r0, r0, lsl #6
87808a9c:	c0f00100 	rscsgt	r0, r0, r0, lsl #2
87808aa0:	00710000 	rsbseq	r0, r1, r0
	...
87808af4:	00000400 	andeq	r0, r0, r0, lsl #8
87808af8:	20000400 	andcs	r0, r0, r0, lsl #8
87808afc:	20000400 	andcs	r0, r0, r0, lsl #8
87808b00:	20000400 	andcs	r0, r0, r0, lsl #8
87808b04:	e0ff7f00 	rscs	r7, pc, r0, lsl #30
87808b08:	e0ffff01 	rscs	pc, pc, r1, lsl #30
87808b0c:	20000401 	andcs	r0, r0, r1, lsl #8
87808b10:	20000403 	andcs	r0, r0, r3, lsl #8
87808b14:	20000402 	andcs	r0, r0, r2, lsl #8
87808b18:	20000402 	andcs	r0, r0, r2, lsl #8
87808b1c:	00000402 	andeq	r0, r0, r2, lsl #8
87808b20:	00000002 	andeq	r0, r0, r2
87808b24:	0000c001 	andeq	ip, r0, r1
87808b28:	0000c001 	andeq	ip, r0, r1
	...
87808b74:	1c000000 	stcne	0, cr0, [r0], {-0}
87808b78:	3ee30000 	cdpcc	0, 14, cr0, cr3, cr0, {0}
87808b7c:	c2ff0300 	rscsgt	r0, pc, #0, 6
87808b80:	c30c0200 	movwgt	r0, #49664	; 0xc200
87808b84:	c1040400 	tstgt	r4, r0, lsl #8
87808b88:	c1040400 	tstgt	r4, r0, lsl #8
87808b8c:	c1040400 	tstgt	r4, r0, lsl #8
87808b90:	c1040400 	tstgt	r4, r0, lsl #8
87808b94:	c10c0600 	tstgt	ip, r0, lsl #12
87808b98:	c3f80300 	mvnsgt	r0, #0, 6
87808b9c:	62f00500 	rscsvs	r0, r0, #0, 10
87808ba0:	7e000600 	cfmadd32vc	mvax0, mvfx0, mvfx0, mvfx0
87808ba4:	3c000600 	stccc	6, cr0, [r0], {-0}
	...
87808bf0:	20000002 	andcs	r0, r0, r2
87808bf4:	20000002 	andcs	r0, r0, r2
87808bf8:	e0ffff03 	rscs	pc, pc, r3, lsl #30
87808bfc:	e0ffff07 	rscs	pc, pc, r7, lsl #30
87808c00:	20000100 	andcs	r0, r0, r0, lsl #2
87808c04:	20000200 	andcs	r0, r0, r0, lsl #4
87808c08:	00000600 	andeq	r0, r0, r0, lsl #12
87808c0c:	00000400 	andeq	r0, r0, r0, lsl #8
87808c10:	00000400 	andeq	r0, r0, r0, lsl #8
87808c14:	20000400 	andcs	r0, r0, r0, lsl #8
87808c18:	20000600 	andcs	r0, r0, r0, lsl #12
87808c1c:	e0ff0300 	rscs	r0, pc, r0, lsl #6
87808c20:	e0ff0100 	rscs	r0, pc, r0, lsl #2
87808c24:	20000000 	andcs	r0, r0, r0
87808c28:	20000000 	andcs	r0, r0, r0
	...
87808c78:	20000400 	andcs	r0, r0, r0, lsl #8
87808c7c:	20000400 	andcs	r0, r0, r0, lsl #8
87808c80:	20000400 	andcs	r0, r0, r0, lsl #8
87808c84:	20000400 	andcs	r0, r0, r0, lsl #8
87808c88:	e0ff8703 	rscs	r8, pc, r3, lsl #14
87808c8c:	e0ff8f03 	rscs	r8, pc, r3, lsl #30
87808c90:	20008003 	andcs	r8, r0, r3
87808c94:	20000000 	andcs	r0, r0, r0
87808c98:	20000000 	andcs	r0, r0, r0
87808c9c:	20000000 	andcs	r0, r0, r0
	...
87808cf8:	06000000 	streq	r0, [r0], -r0
87808cfc:	07000000 	streq	r0, [r0, -r0]
87808d00:	01000000 	mrseq	r0, (UNDEF: 0)
87808d04:	01000000 	mrseq	r0, (UNDEF: 0)
87808d08:	01000400 	tsteq	r0, r0, lsl #8
87808d0c:	01000400 	tsteq	r0, r0, lsl #8
87808d10:	03000400 	movweq	r0, #1024	; 0x400
87808d14:	06000400 	streq	r0, [r0], -r0, lsl #8
87808d18:	fcff8703 	ldc2l	7, cr8, [pc], #12	; 87808d2c <asc2_3216+0x2540>
87808d1c:	f8ff8f03 			; <UNDEFINED> instruction: 0xf8ff8f03
87808d20:	00008003 	andeq	r8, r0, r3
	...
87808d70:	20000002 	andcs	r0, r0, r2
87808d74:	20000002 	andcs	r0, r0, r2
87808d78:	e0ffff03 	rscs	pc, pc, r3, lsl #30
87808d7c:	e0ffff07 	rscs	pc, pc, r7, lsl #30
87808d80:	20080000 	andcs	r0, r8, r0
87808d84:	20100000 	andscs	r0, r0, r0
87808d88:	00300000 	eorseq	r0, r0, r0
87808d8c:	00fc0000 	rscseq	r0, ip, r0
87808d90:	008e0500 	addeq	r0, lr, r0, lsl #10
87808d94:	a0070700 	andge	r0, r7, r0, lsl #14
87808d98:	e0010600 	and	r0, r1, r0, lsl #12
87808d9c:	e0000400 	and	r0, r0, r0, lsl #8
87808da0:	20000400 	andcs	r0, r0, r0, lsl #8
87808da4:	20000000 	andcs	r0, r0, r0
	...
87808df8:	20000002 	andcs	r0, r0, r2
87808dfc:	20000002 	andcs	r0, r0, r2
87808e00:	20000002 	andcs	r0, r0, r2
87808e04:	20000002 	andcs	r0, r0, r2
87808e08:	e0ffff03 	rscs	pc, pc, r3, lsl #30
87808e0c:	e0ffff07 	rscs	pc, pc, r7, lsl #30
87808e10:	20000000 	andcs	r0, r0, r0
87808e14:	20000000 	andcs	r0, r0, r0
87808e18:	20000000 	andcs	r0, r0, r0
87808e1c:	20000000 	andcs	r0, r0, r0
	...
87808e70:	20000400 	andcs	r0, r0, r0, lsl #8
87808e74:	e0ff0700 	rscs	r0, pc, r0, lsl #14
87808e78:	e0ff0f00 	rscs	r0, pc, r0, lsl #30
87808e7c:	20000200 	andcs	r0, r0, r0, lsl #4
87808e80:	00000400 	andeq	r0, r0, r0, lsl #8
87808e84:	20000400 	andcs	r0, r0, r0, lsl #8
87808e88:	e0ff0700 	rscs	r0, pc, r0, lsl #14
87808e8c:	e0ff0300 	rscs	r0, pc, r0, lsl #6
87808e90:	20000200 	andcs	r0, r0, r0, lsl #4
87808e94:	00000400 	andeq	r0, r0, r0, lsl #8
87808e98:	20000400 	andcs	r0, r0, r0, lsl #8
87808e9c:	e0ff0700 	rscs	r0, pc, r0, lsl #14
87808ea0:	e0ff0300 	rscs	r0, pc, r0, lsl #6
87808ea4:	20000000 	andcs	r0, r0, r0
	...
87808ef0:	20000400 	andcs	r0, r0, r0, lsl #8
87808ef4:	20000400 	andcs	r0, r0, r0, lsl #8
87808ef8:	e0ff0700 	rscs	r0, pc, r0, lsl #14
87808efc:	e0ff0f00 	rscs	r0, pc, r0, lsl #30
87808f00:	20000100 	andcs	r0, r0, r0, lsl #2
87808f04:	20000200 	andcs	r0, r0, r0, lsl #4
87808f08:	00000200 	andeq	r0, r0, r0, lsl #4
87808f0c:	00000400 	andeq	r0, r0, r0, lsl #8
87808f10:	00000400 	andeq	r0, r0, r0, lsl #8
87808f14:	20000400 	andcs	r0, r0, r0, lsl #8
87808f18:	20000600 	andcs	r0, r0, r0, lsl #12
87808f1c:	e0ff0300 	rscs	r0, pc, r0, lsl #6
87808f20:	e0ff0100 	rscs	r0, pc, r0, lsl #2
87808f24:	20000000 	andcs	r0, r0, r0
87808f28:	20000000 	andcs	r0, r0, r0
	...
87808f74:	007e0000 	rsbseq	r0, lr, r0
87808f78:	80ff0000 	rscshi	r0, pc, r0
87808f7c:	c0810300 	addgt	r0, r1, r0, lsl #6
87808f80:	40000200 	andmi	r0, r0, r0, lsl #4
87808f84:	20000600 	andcs	r0, r0, r0, lsl #12
87808f88:	20000400 	andcs	r0, r0, r0, lsl #8
87808f8c:	20000400 	andcs	r0, r0, r0, lsl #8
87808f90:	20000400 	andcs	r0, r0, r0, lsl #8
87808f94:	20000600 	andcs	r0, r0, r0, lsl #12
87808f98:	40000200 	andmi	r0, r0, r0, lsl #4
87808f9c:	c0810300 	addgt	r0, r1, r0, lsl #6
87808fa0:	80ff0100 	rscshi	r0, pc, r0, lsl #2
87808fa4:	007e0000 	rsbseq	r0, lr, r0
	...
87808ff0:	01000400 	tsteq	r0, r0, lsl #8
87808ff4:	01000400 	tsteq	r0, r0, lsl #8
87808ff8:	ffff0700 			; <UNDEFINED> instruction: 0xffff0700
87808ffc:	ffff0f00 			; <UNDEFINED> instruction: 0xffff0f00
87809000:	c1000100 	mrsgt	r0, (UNDEF: 16)
87809004:	41000200 	mrsmi	r0, R8_usr
87809008:	20000400 	andcs	r0, r0, r0, lsl #8
8780900c:	20000400 	andcs	r0, r0, r0, lsl #8
87809010:	20000400 	andcs	r0, r0, r0, lsl #8
87809014:	20000400 	andcs	r0, r0, r0, lsl #8
87809018:	40000600 	andmi	r0, r0, r0, lsl #12
8780901c:	c0010300 	andgt	r0, r1, r0, lsl #6
87809020:	80ff0100 	rscshi	r0, pc, r0, lsl #2
87809024:	007e0000 	rsbseq	r0, lr, r0
	...
87809074:	007e0000 	rsbseq	r0, lr, r0
87809078:	80ff0100 	rscshi	r0, pc, r0, lsl #2
8780907c:	c0800300 	addgt	r0, r0, r0, lsl #6
87809080:	60000200 	andvs	r0, r0, r0, lsl #4
87809084:	20000400 	andcs	r0, r0, r0, lsl #8
87809088:	20000400 	andcs	r0, r0, r0, lsl #8
8780908c:	20000400 	andcs	r0, r0, r0, lsl #8
87809090:	20000400 	andcs	r0, r0, r0, lsl #8
87809094:	41000200 	mrsmi	r0, R8_usr
87809098:	c1000300 	mrsgt	r0, LR_irq
8780909c:	ffff0300 			; <UNDEFINED> instruction: 0xffff0300
878090a0:	ffff0700 			; <UNDEFINED> instruction: 0xffff0700
878090a4:	01000000 	mrseq	r0, (UNDEF: 0)
878090a8:	01000000 	mrseq	r0, (UNDEF: 0)
	...
878090f0:	20000400 	andcs	r0, r0, r0, lsl #8
878090f4:	20000400 	andcs	r0, r0, r0, lsl #8
878090f8:	20000400 	andcs	r0, r0, r0, lsl #8
878090fc:	20000400 	andcs	r0, r0, r0, lsl #8
87809100:	e0ff0f00 	rscs	r0, pc, r0, lsl #30
87809104:	e0ff0f00 	rscs	r0, pc, r0, lsl #30
87809108:	20c00000 	sbccs	r0, r0, r0
8780910c:	20000100 	andcs	r0, r0, r0, lsl #2
87809110:	20000200 	andcs	r0, r0, r0, lsl #4
87809114:	20000600 	andcs	r0, r0, r0, lsl #12
87809118:	00000400 	andeq	r0, r0, r0, lsl #8
8780911c:	00000400 	andeq	r0, r0, r0, lsl #8
87809120:	00000700 	andeq	r0, r0, r0, lsl #14
87809124:	00000300 	andeq	r0, r0, r0, lsl #6
	...
87809174:	e0030000 	and	r0, r3, r0
87809178:	e0c00100 	sbc	r0, r0, r0, lsl #2
8780917c:	40e00300 	rscmi	r0, r0, r0, lsl #6
87809180:	20300600 	eorscs	r0, r0, r0, lsl #12
87809184:	20300400 	eorscs	r0, r0, r0, lsl #8
87809188:	20180400 	andscs	r0, r8, r0, lsl #8
8780918c:	20180400 	andscs	r0, r8, r0, lsl #8
87809190:	20180400 	andscs	r0, r8, r0, lsl #8
87809194:	200c0400 	andcs	r0, ip, r0, lsl #8
87809198:	600c0200 	andvs	r0, ip, r0, lsl #4
8780919c:	c0070300 	andgt	r0, r7, r0, lsl #6
878091a0:	80830700 	addhi	r0, r3, r0, lsl #14
	...
878091f4:	00000400 	andeq	r0, r0, r0, lsl #8
878091f8:	00000400 	andeq	r0, r0, r0, lsl #8
878091fc:	00000400 	andeq	r0, r0, r0, lsl #8
87809200:	00000c00 	andeq	r0, r0, r0, lsl #24
87809204:	80ff1f00 	rscshi	r1, pc, r0, lsl #30
87809208:	c0ffff00 	rscsgt	pc, pc, r0, lsl #30
8780920c:	60000400 	andvs	r0, r0, r0, lsl #8
87809210:	20000400 	andcs	r0, r0, r0, lsl #8
87809214:	20000400 	andcs	r0, r0, r0, lsl #8
87809218:	20000400 	andcs	r0, r0, r0, lsl #8
8780921c:	40000400 	andmi	r0, r0, r0, lsl #8
87809220:	80010000 	andhi	r0, r1, r0
	...
87809270:	00000400 	andeq	r0, r0, r0, lsl #8
87809274:	00000400 	andeq	r0, r0, r0, lsl #8
87809278:	80ff0700 	rscshi	r0, pc, r0, lsl #14
8780927c:	c0ff0f00 	rscsgt	r0, pc, r0, lsl #30
87809280:	60000000 	andvs	r0, r0, r0
87809284:	20000000 	andcs	r0, r0, r0
87809288:	20000000 	andcs	r0, r0, r0
8780928c:	20000000 	andcs	r0, r0, r0
87809290:	20000000 	andcs	r0, r0, r0
87809294:	40000400 	andmi	r0, r0, r0, lsl #8
87809298:	80000400 	andhi	r0, r0, r0, lsl #8
8780929c:	e0ff0700 	rscs	r0, pc, r0, lsl #14
878092a0:	c0ff0f00 	rscsgt	r0, pc, r0, lsl #30
878092a4:	40000000 	andmi	r0, r0, r0
878092a8:	40000000 	andmi	r0, r0, r0
	...
878092f0:	00000400 	andeq	r0, r0, r0, lsl #8
878092f4:	00000400 	andeq	r0, r0, r0, lsl #8
878092f8:	00800700 	addeq	r0, r0, r0, lsl #14
878092fc:	00f00700 	rscseq	r0, r0, r0, lsl #14
87809300:	00fe0400 	rscseq	r0, lr, r0, lsl #8
87809304:	c01f0400 	andsgt	r0, pc, r0, lsl #8
87809308:	e0030000 	and	r0, r3, r0
8780930c:	80030000 	andhi	r0, r3, r0
87809310:	001c0000 	andseq	r0, ip, r0
87809314:	00600400 	rsbeq	r0, r0, r0, lsl #8
87809318:	00800700 	addeq	r0, r0, r0, lsl #14
8780931c:	00000600 	andeq	r0, r0, r0, lsl #12
87809320:	00000400 	andeq	r0, r0, r0, lsl #8
	...
8780936c:	00000400 	andeq	r0, r0, r0, lsl #8
87809370:	00000600 	andeq	r0, r0, r0, lsl #12
87809374:	00c00700 	sbceq	r0, r0, r0, lsl #14
87809378:	00fc0700 	rscseq	r0, ip, r0, lsl #14
8780937c:	803f0400 	eorshi	r0, pc, r0, lsl #8
87809380:	e0030000 	and	r0, r3, r0
87809384:	800f0400 	andhi	r0, pc, r0, lsl #8
87809388:	00f00600 	rscseq	r0, r0, r0, lsl #12
8780938c:	00f00700 	rscseq	r0, r0, r0, lsl #14
87809390:	80ff0700 	rscshi	r0, pc, r0, lsl #14
87809394:	e00f0400 	and	r0, pc, r0, lsl #8
87809398:	80030000 	andhi	r0, r3, r0
8780939c:	003c0400 	eorseq	r0, ip, r0, lsl #8
878093a0:	00c00700 	sbceq	r0, r0, r0, lsl #14
878093a4:	00000600 	andeq	r0, r0, r0, lsl #12
878093a8:	00000400 	andeq	r0, r0, r0, lsl #8
	...
878093f0:	20000000 	andcs	r0, r0, r0
878093f4:	20000400 	andcs	r0, r0, r0, lsl #8
878093f8:	60000400 	andvs	r0, r0, r0, lsl #8
878093fc:	e0000700 	and	r0, r0, r0, lsl #14
87809400:	20830700 	addcs	r0, r3, r0, lsl #14
87809404:	00e60700 	rsceq	r0, r6, r0, lsl #14
87809408:	00f80400 	rscseq	r0, r8, r0, lsl #8
8780940c:	003c0000 	eorseq	r0, ip, r0
87809410:	205e0400 	subscs	r0, lr, r0, lsl #8
87809414:	a0870500 	addge	r0, r7, r0, lsl #10
87809418:	e0010600 	and	r0, r1, r0, lsl #12
8780941c:	60000400 	andvs	r0, r0, r0, lsl #8
87809420:	20000400 	andcs	r0, r0, r0, lsl #8
87809424:	20000000 	andcs	r0, r0, r0
	...
87809470:	00000400 	andeq	r0, r0, r0, lsl #8
87809474:	03000400 	movweq	r0, #1024	; 0x400
87809478:	03000700 	movweq	r0, #1792	; 0x700
8780947c:	01e00700 	mvneq	r0, r0, lsl #14
87809480:	01f80400 	mvnseq	r0, r0, lsl #8
87809484:	021f0400 	andseq	r0, pc, #0, 8
87809488:	fc070000 	stc2	0, cr0, [r7], {-0}
8780948c:	e0000000 	and	r0, r0, r0
87809490:	00070000 	andeq	r0, r7, r0
87809494:	00380400 	eorseq	r0, r8, r0, lsl #8
87809498:	00c00700 	sbceq	r0, r0, r0, lsl #14
8780949c:	00000600 	andeq	r0, r0, r0, lsl #12
878094a0:	00000400 	andeq	r0, r0, r0, lsl #8
878094a4:	00000400 	andeq	r0, r0, r0, lsl #8
	...
878094f4:	60800700 	addvs	r0, r0, r0, lsl #14
878094f8:	e0000600 	and	r0, r0, r0, lsl #12
878094fc:	e0030400 	and	r0, r3, r0, lsl #8
87809500:	a0070400 	andge	r0, r7, r0, lsl #8
87809504:	200e0400 	andcs	r0, lr, r0, lsl #8
87809508:	203c0400 	eorscs	r0, ip, r0, lsl #8
8780950c:	20700400 	rsbscs	r0, r0, r0, lsl #8
87809510:	20e00500 	rsccs	r0, r0, r0, lsl #10
87809514:	20800700 	addcs	r0, r0, r0, lsl #14
87809518:	60000700 	andvs	r0, r0, r0, lsl #14
8780951c:	e0000400 	and	r0, r0, r0, lsl #8
87809520:	80030000 	andhi	r0, r3, r0
	...
87809588:	00800000 	addeq	r0, r0, r0
8780958c:	00800000 	addeq	r0, r0, r0
87809590:	00400100 	subeq	r0, r0, r0, lsl #2
87809594:	f83ffe07 			; <UNDEFINED> instruction: 0xf83ffe07
87809598:	04000008 	streq	r0, [r0], #-8
8780959c:	02000010 	andeq	r0, r0, #16
878095a0:	02000010 	andeq	r0, r0, #16
	...
8780960c:	ffffffff 			; <UNDEFINED> instruction: 0xffffffff
	...
87809674:	02000010 	andeq	r0, r0, #16
87809678:	02000010 	andeq	r0, r0, #16
8780967c:	04000008 	streq	r0, [r0], #-8
87809680:	f83ffe07 			; <UNDEFINED> instruction: 0xf83ffe07
87809684:	00400100 	subeq	r0, r0, r0, lsl #2
87809688:	00800000 	addeq	r0, r0, r0
8780968c:	00800000 	addeq	r0, r0, r0
	...
878096f0:	00000018 	andeq	r0, r0, r8, lsl r0
878096f4:	00000030 	andeq	r0, r0, r0, lsr r0
878096f8:	00000040 	andeq	r0, r0, r0, asr #32
878096fc:	00000040 	andeq	r0, r0, r0, asr #32
87809700:	00000040 	andeq	r0, r0, r0, asr #32
87809704:	00000020 	andeq	r0, r0, r0, lsr #32
87809708:	00000030 	andeq	r0, r0, r0, lsr r0
8780970c:	00000008 	andeq	r0, r0, r8
87809710:	00000004 	andeq	r0, r0, r4
87809714:	00000002 	andeq	r0, r0, r2
87809718:	00000002 	andeq	r0, r0, r2
8780971c:	00000002 	andeq	r0, r0, r2
87809720:	0000000c 	andeq	r0, r0, ip
87809724:	00000018 	andeq	r0, r0, r8, lsl r0
	...

8780976c <.LANCHOR0>:
8780976c:	00000000 	andeq	r0, r0, r0
87809770:	003b001f 	eorseq	r0, fp, pc, lsl r0
87809774:	0078005a 	rsbseq	r0, r8, sl, asr r0
87809778:	00b50097 	umlalseq	r0, r5, r7, r0
8780977c:	00f300d4 	ldrsbteq	r0, [r3], #4
87809780:	01300111 	teqeq	r0, r1, lsl r1
87809784:	0000014e 	andeq	r0, r0, lr, asr #2
87809788:	1f1c1f00 	svcne	0x001c1f00
8780978c:	1f1e1f1e 	svcne	0x001e1f1e
87809790:	1e1f1e1f 	mrcne	14, 0, r1, cr15, cr15, {0}
87809794:	0000001f 	andeq	r0, r0, pc, lsl r0
87809798:	326d6369 	rsbcc	r6, sp, #-1543503871	; 0xa4000001
8780979c:	38303630 	ldmdacc	r0!, {r4, r5, r9, sl, ip, sp}
878097a0:	20646920 	rsbcs	r6, r4, r0, lsr #18
878097a4:	2325203d 			; <UNDEFINED> instruction: 0x2325203d
878097a8:	000a0d58 	andeq	r0, sl, r8, asr sp
878097ac:	63756f54 	cmnvs	r5, #84, 30	; 0x150
878097b0:	72462068 	subvc	r2, r6, #104	; 0x68
878097b4:	61776d69 	cmnvs	r7, r9, ror #26
878097b8:	56206572 			; <UNDEFINED> instruction: 0x56206572
878097bc:	69737265 	ldmdbvs	r3!, {r0, r2, r5, r6, r9, ip, sp, lr}^
878097c0:	253a6e6f 	ldrcs	r6, [sl, #-3695]!	; 0xfffff191
878097c4:	0a0d5823 	beq	87b5f858 <__bss_end+0x35504c>
878097c8:	00000000 	andeq	r0, r0, r0

878097cc <GT9147_TPX_TBL>:
878097cc:	81588150 	cmphi	r8, r0, asr r1
878097d0:	81688160 	cmnhi	r8, r0, ror #2
878097d4:	00008170 	andeq	r8, r0, r0, ror r1
878097d8:	20505443 	subscs	r5, r0, r3, asr #8
878097dc:	253a4449 	ldrcs	r4, [sl, #-1097]!	; 0xfffffbb7
878097e0:	000a0d73 	andeq	r0, sl, r3, ror sp
878097e4:	61666544 	cmnvs	r6, r4, asr #10
878097e8:	20746c75 	rsbscs	r6, r4, r5, ror ip
878097ec:	3a726556 	bcc	894a2d4c <__bss_end+0x1c98540>
878097f0:	0d782325 	ldcleq	3, cr2, [r8, #-148]!	; 0xffffff6c
878097f4:	0000000a 	andeq	r0, r0, sl
878097f8:	0d787839 	ldcleq	8, cr7, [r8, #-228]!	; 0xffffff1c
878097fc:	0000000a 	andeq	r0, r0, sl
87809800:	65746e49 	ldrbvs	r6, [r4, #-3657]!	; 0xfffff1b7
87809804:	70757272 	rsbsvc	r7, r5, r2, ror r2
87809808:	646f4d74 	strbtvs	r4, [pc], #-3444	; 87809810 <GT9147_TPX_TBL+0x44>
8780980c:	6e493a65 	vmlsvs.f32	s7, s18, s11
87809810:	73695274 	cmnvc	r9, #116, 4	; 0x40000007
87809814:	45676e69 	strbmi	r6, [r7, #-3689]!	; 0xfffff197
87809818:	0d656764 	stcleq	7, cr6, [r5, #-400]!	; 0xfffffe70
8780981c:	0000000a 	andeq	r0, r0, sl
87809820:	65746e49 	ldrbvs	r6, [r4, #-3657]!	; 0xfffff1b7
87809824:	70757272 	rsbsvc	r7, r5, r2, ror r2
87809828:	646f4d74 	strbtvs	r4, [pc], #-3444	; 87809830 <GT9147_TPX_TBL+0x64>
8780982c:	6e493a65 	vmlsvs.f32	s7, s18, s11
87809830:	6c614674 	stclvs	6, cr4, [r1], #-464	; 0xfffffe30
87809834:	676e696c 	strbvs	r6, [lr, -ip, ror #18]!
87809838:	65676445 	strbvs	r6, [r7, #-1093]!	; 0xfffffbbb
8780983c:	00000a0d 	andeq	r0, r0, sp, lsl #20
87809840:	65746e49 	ldrbvs	r6, [r4, #-3657]!	; 0xfffff1b7
87809844:	70757272 	rsbsvc	r7, r5, r2, ror r2
87809848:	646f4d74 	strbtvs	r4, [pc], #-3444	; 87809850 <GT9147_TPX_TBL+0x84>
8780984c:	6e493a65 	vmlsvs.f32	s7, s18, s11
87809850:	776f4c74 			; <UNDEFINED> instruction: 0x776f4c74
87809854:	6576654c 	ldrbvs	r6, [r6, #-1356]!	; 0xfffffab4
87809858:	000a0d6c 	andeq	r0, sl, ip, ror #26
8780985c:	65746e49 	ldrbvs	r6, [r4, #-3657]!	; 0xfffff1b7
87809860:	70757272 	rsbsvc	r7, r5, r2, ror r2
87809864:	646f4d74 	strbtvs	r4, [pc], #-3444	; 8780986c <GT9147_TPX_TBL+0xa0>
87809868:	6e493a65 	vmlsvs.f32	s7, s18, s11
8780986c:	67694874 			; <UNDEFINED> instruction: 0x67694874
87809870:	76654c68 	strbtvc	r4, [r5], -r8, ror #24
87809874:	0a0d6c65 	beq	87b64a10 <__bss_end+0x35a204>
87809878:	00000000 	andeq	r0, r0, r0
8780987c:	65746e49 	ldrbvs	r6, [r4, #-3657]!	; 0xfffff1b7
87809880:	70757272 	rsbsvc	r7, r5, r2, ror r2
87809884:	646f4d74 	strbtvs	r4, [pc], #-3444	; 8780988c <GT9147_TPX_TBL+0xc0>
87809888:	45203a65 	strmi	r3, [r0, #-2661]!	; 0xfffff59b
8780988c:	726f7272 	rsbvc	r7, pc, #536870919	; 0x20000007
87809890:	00000a0d 	andeq	r0, r0, sp, lsl #20

87809894 <digits.8944>:
87809894:	33323130 	teqcc	r2, #48, 2
87809898:	37363534 			; <UNDEFINED> instruction: 0x37363534
8780989c:	42413938 	submi	r3, r1, #56, 18	; 0xe0000
878098a0:	46454443 	strbmi	r4, [r5], -r3, asr #8
878098a4:	4c554e3c 	mrrcmi	14, 3, r4, r5, cr12
878098a8:	00003e4c 	andeq	r3, r0, ip, asr #28

Disassembly of section .ARM.exidx:

878098ac <.ARM.exidx>:
878098ac:	7fffb220 	svcvc	0x00ffb220
878098b0:	00000001 	andeq	r0, r0, r1

Disassembly of section .data:

878098b4 <release.8793>:
878098b4:	00000001 	andeq	r0, r0, r1

878098b8 <GT9147_CFG_TBL>:
878098b8:	1001e041 	andne	lr, r1, r1, asr #32
878098bc:	000d0501 	andeq	r0, sp, r1, lsl #10
878098c0:	05280801 	streq	r0, [r8, #-2049]!	; 0xfffff7ff
878098c4:	05033250 	streq	r3, [r3, #-592]	; 0xfffffdb0
878098c8:	ffff0000 			; <UNDEFINED> instruction: 0xffff0000
878098cc:	00000000 	andeq	r0, r0, r0
878098d0:	89000000 	stmdbhi	r0, {}	; <UNPREDICTABLE>
878098d4:	15170a28 	ldrne	r0, [r7, #-2600]	; 0xfffff5d8
878098d8:	00000d31 	andeq	r0, r0, r1, lsr sp
878098dc:	25039b02 	strcs	r9, [r3, #-2818]	; 0xfffff4fe
878098e0:	00000000 	andeq	r0, r0, r0
878098e4:	32000000 	andcc	r0, r0, #0
878098e8:	0f000000 	svceq	0x00000000
878098ec:	02c59494 	sbceq	r9, r5, #148, 8	; 0x94000000
878098f0:	04000007 	streq	r0, [r0], #-7
878098f4:	5c00138d 	stcpl	3, cr1, [r0], {141}	; 0x8d
878098f8:	303c001e 	eorscc	r0, ip, lr, lsl r0
878098fc:	004c2900 	subeq	r2, ip, r0, lsl #18
87809900:	1e00781e 	mcrne	8, 0, r7, cr0, cr14, {0}
	...
87809928:	0e0c0a08 	vmlaeq.f32	s0, s24, s16
8780992c:	16141210 			; <UNDEFINED> instruction: 0x16141210
87809930:	00001a18 	andeq	r1, r0, r8, lsl sl
87809934:	ff1f0000 			; <UNDEFINED> instruction: 0xff1f0000
87809938:	ffffffff 			; <UNDEFINED> instruction: 0xffffffff
8780993c:	ffffffff 			; <UNDEFINED> instruction: 0xffffffff
87809940:	ffffffff 			; <UNDEFINED> instruction: 0xffffffff
87809944:	0200ffff 	andeq	pc, r0, #1020	; 0x3fc
87809948:	08060504 	stmdaeq	r6, {r2, r8, sl}
8780994c:	1d0e0c0a 	stcne	12, cr0, [lr, #-40]	; 0xffffffd8
87809950:	22201f1e 	eorcs	r1, r0, #30, 30	; 0x78
87809954:	ff292824 	vcmla.f16	d2, d9, d4[1], #180
	...
87809960:	ffffffff 			; <UNDEFINED> instruction: 0xffffffff
87809964:	ffffffff 			; <UNDEFINED> instruction: 0xffffffff
87809968:	ffffffff 			; <UNDEFINED> instruction: 0xffffffff
8780996c:	ffffffff 			; <UNDEFINED> instruction: 0xffffffff

87809970 <_ctype>:
87809970:	08080808 	stmdaeq	r8, {r3, fp}
87809974:	08080808 	stmdaeq	r8, {r3, fp}
87809978:	28282808 	stmdacs	r8!, {r3, fp, sp}
8780997c:	08082828 	stmdaeq	r8, {r3, r5, fp, sp}
87809980:	08080808 	stmdaeq	r8, {r3, fp}
87809984:	08080808 	stmdaeq	r8, {r3, fp}
87809988:	08080808 	stmdaeq	r8, {r3, fp}
8780998c:	08080808 	stmdaeq	r8, {r3, fp}
87809990:	101010a0 	andsne	r1, r0, r0, lsr #1
87809994:	10101010 	andsne	r1, r0, r0, lsl r0
87809998:	10101010 	andsne	r1, r0, r0, lsl r0
8780999c:	10101010 	andsne	r1, r0, r0, lsl r0
878099a0:	04040404 	streq	r0, [r4], #-1028	; 0xfffffbfc
878099a4:	04040404 	streq	r0, [r4], #-1028	; 0xfffffbfc
878099a8:	10100404 	andsne	r0, r0, r4, lsl #8
878099ac:	10101010 	andsne	r1, r0, r0, lsl r0
878099b0:	41414110 	cmpmi	r1, r0, lsl r1
878099b4:	01414141 	cmpeq	r1, r1, asr #2
878099b8:	01010101 	tsteq	r1, r1, lsl #2
878099bc:	01010101 	tsteq	r1, r1, lsl #2
878099c0:	01010101 	tsteq	r1, r1, lsl #2
878099c4:	01010101 	tsteq	r1, r1, lsl #2
878099c8:	10010101 	andne	r0, r1, r1, lsl #2
878099cc:	10101010 	andsne	r1, r0, r0, lsl r0
878099d0:	42424210 	submi	r4, r2, #16, 4
878099d4:	02424242 	subeq	r4, r2, #536870916	; 0x20000004
878099d8:	02020202 	andeq	r0, r2, #536870912	; 0x20000000
878099dc:	02020202 	andeq	r0, r2, #536870912	; 0x20000000
878099e0:	02020202 	andeq	r0, r2, #536870912	; 0x20000000
878099e4:	02020202 	andeq	r0, r2, #536870912	; 0x20000000
878099e8:	10020202 	andne	r0, r2, r2, lsl #4
878099ec:	08101010 	ldmdaeq	r0, {r4, ip}
	...
87809a10:	101010a0 	andsne	r1, r0, r0, lsr #1
87809a14:	10101010 	andsne	r1, r0, r0, lsl r0
87809a18:	10101010 	andsne	r1, r0, r0, lsl r0
87809a1c:	10101010 	andsne	r1, r0, r0, lsl r0
87809a20:	10101010 	andsne	r1, r0, r0, lsl r0
87809a24:	10101010 	andsne	r1, r0, r0, lsl r0
87809a28:	10101010 	andsne	r1, r0, r0, lsl r0
87809a2c:	10101010 	andsne	r1, r0, r0, lsl r0
87809a30:	01010101 	tsteq	r1, r1, lsl #2
87809a34:	01010101 	tsteq	r1, r1, lsl #2
87809a38:	01010101 	tsteq	r1, r1, lsl #2
87809a3c:	01010101 	tsteq	r1, r1, lsl #2
87809a40:	01010101 	tsteq	r1, r1, lsl #2
87809a44:	10010101 	andne	r0, r1, r1, lsl #2
87809a48:	01010101 	tsteq	r1, r1, lsl #2
87809a4c:	02010101 	andeq	r0, r1, #1073741824	; 0x40000000
87809a50:	02020202 	andeq	r0, r2, #536870912	; 0x20000000
87809a54:	02020202 	andeq	r0, r2, #536870912	; 0x20000000
87809a58:	02020202 	andeq	r0, r2, #536870912	; 0x20000000
87809a5c:	02020202 	andeq	r0, r2, #536870912	; 0x20000000
87809a60:	02020202 	andeq	r0, r2, #536870912	; 0x20000000
87809a64:	10020202 	andne	r0, r2, r2, lsl #4
87809a68:	02020202 	andeq	r0, r2, #536870912	; 0x20000000
87809a6c:	02020202 	andeq	r0, r2, #536870912	; 0x20000000

Disassembly of section .bss:

87809a70 <irqNesting>:
87809a70:	00000000 	andeq	r0, r0, r0

87809a74 <irqTable>:
	...

87809f74 <state.8811>:
	...

87809f75 <state.8827>:
87809f75:	00000000 	andeq	r0, r0, r0

87809f78 <gt_init_fail>:
87809f78:	00000000 	andeq	r0, r0, r0

87809f7c <g_pcOutBuf>:
	...

8780a37c <g_pcInBuf>:
	...

8780a77c <tftlcd_dev>:
	...

8780a7a0 <icm20608_dev>:
	...

8780a7d8 <ft5426_dev>:
	...

8780a7f0 <gt9147_dev>:
	...

8780a808 <___strtok>:
8780a808:	00000000 	andeq	r0, r0, r0

Disassembly of section .ARM.attributes:

00000000 <.ARM.attributes>:
   0:	00003041 	andeq	r3, r0, r1, asr #32
   4:	61656100 	cmnvs	r5, r0, lsl #2
   8:	01006962 	tsteq	r0, r2, ror #18
   c:	00000026 	andeq	r0, r0, r6, lsr #32
  10:	412d3705 			; <UNDEFINED> instruction: 0x412d3705
  14:	070a0600 	streq	r0, [sl, -r0, lsl #12]
  18:	09010841 	stmdbeq	r1, {r0, r6, fp}
  1c:	0c050a02 			; <UNDEFINED> instruction: 0x0c050a02
  20:	14041202 	strne	r1, [r4], #-514	; 0xfffffdfe
  24:	17011501 	strne	r1, [r1, -r1, lsl #10]
  28:	1a011803 	bne	4603c <shift+0x4603c>
  2c:	22011c02 	andcs	r1, r1, #512	; 0x200
  30:	地址 0x0000000000000030 越界。


Disassembly of section .comment:

00000000 <.comment>:
   0:	3a434347 	bcc	10d0d24 <shift+0x10d0d24>
   4:	694c2820 	stmdbvs	ip, {r5, fp, sp}^
   8:	6f72616e 	svcvs	0x0072616e
   c:	43434720 	movtmi	r4, #14112	; 0x3720
  10:	352e3720 	strcc	r3, [lr, #-1824]!	; 0xfffff8e0
  14:	3130322d 	teqcc	r0, sp, lsr #4
  18:	32312e39 	eorscc	r2, r1, #912	; 0x390
  1c:	2e372029 	cdpcs	0, 3, cr2, cr7, cr9, {1}
  20:	00302e35 	eorseq	r2, r0, r5, lsr lr

Disassembly of section .debug_frame:

00000000 <.debug_frame>:
   0:	0000000c 	andeq	r0, r0, ip
   4:	ffffffff 			; <UNDEFINED> instruction: 0xffffffff
   8:	7c010001 	stcvc	0, cr0, [r1], {1}
   c:	000d0c0e 	andeq	r0, sp, lr, lsl #24
  10:	0000000c 	andeq	r0, r0, ip
  14:	00000000 	andeq	r0, r0, r0
  18:	87804779 			; <UNDEFINED> instruction: 0x87804779
  1c:	0000025c 	andeq	r0, r0, ip, asr r2
  20:	0000000c 	andeq	r0, r0, ip
  24:	ffffffff 			; <UNDEFINED> instruction: 0xffffffff
  28:	7c020001 	stcvc	0, cr0, [r2], {1}
  2c:	000d0c0e 	andeq	r0, sp, lr, lsl #24
  30:	00000030 	andeq	r0, r0, r0, lsr r0
  34:	00000020 	andeq	r0, r0, r0, lsr #32
  38:	878049f0 			; <UNDEFINED> instruction: 0x878049f0
  3c:	000000a0 	andeq	r0, r0, r0, lsr #1
  40:	8e100e55 	mrchi	14, 0, r0, cr0, cr5, {2}
  44:	450a4603 	strmi	r4, [sl, #-1539]	; 0xfffff9fd
  48:	41100ece 	tstmi	r0, lr, asr #29
  4c:	450a470b 	strmi	r4, [sl, #-1803]	; 0xfffff8f5
  50:	47100ece 	ldrmi	r0, [r0, -lr, asr #29]
  54:	450a450b 	strmi	r4, [sl, #-1291]	; 0xfffffaf5
  58:	44100ece 	ldrmi	r0, [r0], #-3790	; 0xfffff132
  5c:	0ece4a0b 	vdiveq.f32	s9, s28, s22
  60:	00000010 	andeq	r0, r0, r0, lsl r0
  64:	0000000c 	andeq	r0, r0, ip
  68:	ffffffff 			; <UNDEFINED> instruction: 0xffffffff
  6c:	7c020001 	stcvc	0, cr0, [r2], {1}
  70:	000d0c0e 	andeq	r0, sp, lr, lsl #24
  74:	00000018 	andeq	r0, r0, r8, lsl r0
  78:	00000064 	andeq	r0, r0, r4, rrx
  7c:	87804a90 			; <UNDEFINED> instruction: 0x87804a90
  80:	00000030 	andeq	r0, r0, r0, lsr r0
  84:	8e100e50 	mrchi	14, 0, r0, cr0, cr0, {2}
  88:	0ece4703 	cdpeq	7, 12, cr4, cr14, cr3, {0}
  8c:	00000010 	andeq	r0, r0, r0, lsl r0
  90:	0000000c 	andeq	r0, r0, ip
  94:	ffffffff 			; <UNDEFINED> instruction: 0xffffffff
  98:	7c010001 	stcvc	0, cr0, [r1], {1}
  9c:	000d0c0e 	andeq	r0, sp, lr, lsl #24
  a0:	00000014 	andeq	r0, r0, r4, lsl r0
  a4:	00000090 	muleq	r0, r0, r0
  a8:	87804ac1 	strhi	r4, [r0, r1, asr #21]
  ac:	0000000c 	andeq	r0, r0, ip
  b0:	0e018e42 	cdpeq	14, 0, cr8, cr1, cr2, {2}
  b4:	00000008 	andeq	r0, r0, r8
  b8:	0000000c 	andeq	r0, r0, ip
  bc:	ffffffff 			; <UNDEFINED> instruction: 0xffffffff
  c0:	7c020001 	stcvc	0, cr0, [r2], {1}
  c4:	000d0c0e 	andeq	r0, sp, lr, lsl #24
  c8:	00000024 	andeq	r0, r0, r4, lsr #32
  cc:	000000b8 	strheq	r0, [r0], -r8
  d0:	87804acc 	strhi	r4, [r0, ip, asr #21]
  d4:	00000116 	andeq	r0, r0, r6, lsl r1
  d8:	84240e43 	strthi	r0, [r4], #-3651	; 0xfffff1bd
  dc:	86088509 	strhi	r8, [r8], -r9, lsl #10
  e0:	88068707 	stmdahi	r6, {r0, r1, r2, r8, r9, sl, pc}
  e4:	8a048905 	bhi	122500 <shift+0x122500>
  e8:	8e028b03 	vmlahi.f64	d8, d2, d3
  ec:	00000001 	andeq	r0, r0, r1

Disassembly of section .debug_line:

00000000 <.debug_line>:
   0:	000000c2 	andeq	r0, r0, r2, asr #1
   4:	008d0002 	addeq	r0, sp, r2
   8:	01020000 	mrseq	r0, (UNDEF: 2)
   c:	000d0efb 	strdeq	r0, [sp], -fp
  10:	01010101 	tsteq	r1, r1, lsl #2
  14:	01000000 	mrseq	r0, (UNDEF: 0)
  18:	2f010000 	svccs	0x00010000
  1c:	656d6f68 	strbvs	r6, [sp, #-3944]!	; 0xfffff098
  20:	7763742f 	strbvc	r7, [r3, -pc, lsr #8]!
  24:	75622d67 	strbvc	r2, [r2, #-3431]!	; 0xfffff299
  28:	73646c69 	cmnvc	r4, #26880	; 0x6900
  2c:	6576616c 	ldrbvs	r6, [r6, #-364]!	; 0xfffffe94
  30:	726f772f 	rsbvc	r7, pc, #12320768	; 0xbc0000
  34:	6170736b 	cmnvs	r0, fp, ror #6
  38:	742f6563 	strtvc	r6, [pc], #-1379	; 40 <shift+0x40>
  3c:	2d677763 	stclcs	7, cr7, [r7, #-396]!	; 0xfffffe74
  40:	656b616d 	strbvs	r6, [fp, #-365]!	; 0xfffffe93
  44:	6c65722d 	sfmvs	f7, 2, [r5], #-180	; 0xffffff4c
  48:	65736165 	ldrbvs	r6, [r3, #-357]!	; 0xfffffe9b
  4c:	732f315f 			; <UNDEFINED> instruction: 0x732f315f
  50:	7370616e 	cmnvc	r0, #-2147483621	; 0x8000001b
  54:	73746f68 	cmnvc	r4, #104, 30	; 0x1a0
  58:	6363672f 	cmnvs	r3, #12320768	; 0xbc0000
  5c:	7469672e 	strbtvc	r6, [r9], #-1838	; 0xfffff8d2
  60:	6e696c7e 	mcrvs	12, 3, r6, cr9, cr14, {3}
  64:	2d6f7261 	sfmcs	f7, 2, [pc, #-388]!	; fffffee8 <__bss_end+0x787f56dc>
  68:	2d352e37 	ldccs	14, cr2, [r5, #-220]!	; 0xffffff24
  6c:	39313032 	ldmdbcc	r1!, {r1, r4, r5, ip, sp}
  70:	2f32312e 	svccs	0x0032312e
  74:	6762696c 	strbvs	r6, [r2, -ip, ror #18]!
  78:	632f6363 			; <UNDEFINED> instruction: 0x632f6363
  7c:	69666e6f 	stmdbvs	r6!, {r0, r1, r2, r3, r5, r6, r9, sl, fp, sp, lr}^
  80:	72612f67 	rsbvc	r2, r1, #412	; 0x19c
  84:	6c00006d 	stcvs	0, cr0, [r0], {109}	; 0x6d
  88:	66316269 	ldrtvs	r6, [r1], -r9, ror #4
  8c:	73636e75 	cmnvc	r3, #1872	; 0x750
  90:	0100532e 	tsteq	r0, lr, lsr #6
  94:	00000000 	andeq	r0, r0, r0
  98:	47780205 	ldrbmi	r0, [r8, -r5, lsl #4]!
  9c:	fd038780 	stc2	7, cr8, [r3, #-512]	; 0xfffffe00
  a0:	21210108 			; <UNDEFINED> instruction: 0x21210108
  a4:	2f212f21 	svccs	0x00212f21
  a8:	91023021 	tstls	r2, r1, lsr #32
  ac:	22211402 	eorcs	r1, r1, #33554432	; 0x2000000
  b0:	22212121 	eorcs	r2, r1, #1073741832	; 0x40000008
  b4:	03242f4c 			; <UNDEFINED> instruction: 0x03242f4c
  b8:	2121581f 			; <UNDEFINED> instruction: 0x2121581f
  bc:	2f2f2f2f 	svccs	0x002f2f2f
  c0:	0001022f 	andeq	r0, r1, pc, lsr #4
  c4:	00c10101 	sbceq	r0, r1, r1, lsl #2
  c8:	00020000 	andeq	r0, r2, r0
  cc:	00000089 	andeq	r0, r0, r9, lsl #1
  d0:	0efb0102 	cdpeq	1, 15, cr0, cr11, cr2, {0}
  d4:	0101000d 	tsteq	r1, sp
  d8:	00000101 	andeq	r0, r0, r1, lsl #2
  dc:	00000100 	andeq	r0, r0, r0, lsl #2
  e0:	6f682f01 	svcvs	0x00682f01
  e4:	742f656d 	strtvc	r6, [pc], #-1389	; ec <shift+0xec>
  e8:	2d677763 	stclcs	7, cr7, [r7, #-396]!	; 0xfffffe74
  ec:	6c697562 	cfstr64vs	mvdx7, [r9], #-392	; 0xfffffe78
  f0:	616c7364 	cmnvs	ip, r4, ror #6
  f4:	772f6576 			; <UNDEFINED> instruction: 0x772f6576
  f8:	736b726f 	cmnvc	fp, #-268435450	; 0xf0000006
  fc:	65636170 	strbvs	r6, [r3, #-368]!	; 0xfffffe90
 100:	7763742f 	strbvc	r7, [r3, -pc, lsr #8]!
 104:	616d2d67 	cmnvs	sp, r7, ror #26
 108:	722d656b 	eorvc	r6, sp, #448790528	; 0x1ac00000
 10c:	61656c65 	cmnvs	r5, r5, ror #24
 110:	315f6573 	cmpcc	pc, r3, ror r5	; <UNPREDICTABLE>
 114:	616e732f 	cmnvs	lr, pc, lsr #6
 118:	6f687370 	svcvs	0x00687370
 11c:	672f7374 			; <UNDEFINED> instruction: 0x672f7374
 120:	672e6363 	strvs	r6, [lr, -r3, ror #6]!
 124:	6c7e7469 	cfldrdvs	mvd7, [lr], #-420	; 0xfffffe5c
 128:	72616e69 	rsbvc	r6, r1, #1680	; 0x690
 12c:	2e372d6f 	cdpcs	13, 3, cr2, cr7, cr15, {3}
 130:	30322d35 	eorscc	r2, r2, r5, lsr sp
 134:	312e3931 			; <UNDEFINED> instruction: 0x312e3931
 138:	696c2f32 	stmdbvs	ip!, {r1, r4, r5, r8, r9, sl, fp, sp}^
 13c:	63636762 	cmnvs	r3, #25690112	; 0x1880000
 140:	6e6f632f 	cdpvs	3, 6, cr6, cr15, cr15, {1}
 144:	2f676966 	svccs	0x00676966
 148:	006d7261 	rsbeq	r7, sp, r1, ror #4
 14c:	61706200 	cmnvs	r0, r0, lsl #4
 150:	532e6962 			; <UNDEFINED> instruction: 0x532e6962
 154:	00000100 	andeq	r0, r0, r0, lsl #2
 158:	02050000 	andeq	r0, r5, #0
 15c:	878049f0 			; <UNDEFINED> instruction: 0x878049f0
 160:	0101b903 	tsteq	r1, r3, lsl #18
 164:	214b1408 	cmpcs	fp, r8, lsl #8
 168:	30222121 	eorcc	r2, r2, r1, lsr #2
 16c:	2f212459 	svccs	0x00212459
 170:	59302221 	ldmdbpl	r0!, {r0, r5, r9, sp}
 174:	2f212f21 	svccs	0x00212f21
 178:	30302124 	eorscc	r2, r0, r4, lsr #2
 17c:	242f2159 	strtcs	r2, [pc], #-345	; 184 <shift+0x184>
 180:	592f3021 	stmdbpl	pc!, {r0, r5, ip, sp}	; <UNPREDICTABLE>
 184:	01022f21 	tsteq	r2, r1, lsr #30
 188:	a3010100 	movwge	r0, #4352	; 0x1100
 18c:	02000000 	andeq	r0, r0, #0
 190:	00008900 	andeq	r8, r0, r0, lsl #18
 194:	fb010200 	blx	4099e <shift+0x4099e>
 198:	01000d0e 	tsteq	r0, lr, lsl #26
 19c:	00010101 	andeq	r0, r1, r1, lsl #2
 1a0:	00010000 	andeq	r0, r1, r0
 1a4:	682f0100 	stmdavs	pc!, {r8}	; <UNPREDICTABLE>
 1a8:	2f656d6f 	svccs	0x00656d6f
 1ac:	67776374 			; <UNDEFINED> instruction: 0x67776374
 1b0:	6975622d 	ldmdbvs	r5!, {r0, r2, r3, r5, r9, sp, lr}^
 1b4:	6c73646c 	cfldrdvs	mvd6, [r3], #-432	; 0xfffffe50
 1b8:	2f657661 	svccs	0x00657661
 1bc:	6b726f77 	blvs	1c9bfa0 <shift+0x1c9bfa0>
 1c0:	63617073 	cmnvs	r1, #115	; 0x73
 1c4:	63742f65 	cmnvs	r4, #404	; 0x194
 1c8:	6d2d6777 	stcvs	7, cr6, [sp, #-476]!	; 0xfffffe24
 1cc:	2d656b61 	fstmdbxcs	r5!, {d22-d69}	;@ Deprecated
 1d0:	656c6572 	strbvs	r6, [ip, #-1394]!	; 0xfffffa8e
 1d4:	5f657361 	svcpl	0x00657361
 1d8:	6e732f31 	mrcvs	15, 3, r2, cr3, cr1, {1}
 1dc:	68737061 	ldmdavs	r3!, {r0, r5, r6, ip, sp, lr}^
 1e0:	2f73746f 	svccs	0x0073746f
 1e4:	2e636367 	cdpcs	3, 6, cr6, cr3, cr7, {3}
 1e8:	7e746967 	vsubvc.f16	s13, s8, s15	; <UNPREDICTABLE>
 1ec:	616e696c 	cmnvs	lr, ip, ror #18
 1f0:	372d6f72 			; <UNDEFINED> instruction: 0x372d6f72
 1f4:	322d352e 	eorcc	r3, sp, #192937984	; 0xb800000
 1f8:	2e393130 	mrccs	1, 1, r3, cr9, cr0, {1}
 1fc:	6c2f3231 	sfmvs	f3, 4, [pc], #-196	; 140 <shift+0x140>
 200:	63676269 	cmnvs	r7, #-1879048186	; 0x90000006
 204:	6f632f63 	svcvs	0x00632f63
 208:	6769666e 	strbvs	r6, [r9, -lr, ror #12]!
 20c:	6d72612f 	ldfvse	f6, [r2, #-188]!	; 0xffffff44
 210:	70620000 	rsbvc	r0, r2, r0
 214:	2e696261 	cdpcs	2, 6, cr6, cr9, cr1, {3}
 218:	00010053 	andeq	r0, r1, r3, asr r0
 21c:	05000000 	streq	r0, [r0, #-0]
 220:	804a9002 	subhi	r9, sl, r2
 224:	01fd0387 	mvnseq	r0, r7, lsl #7
 228:	2f4cbc01 	svccs	0x004cbc01
 22c:	00010259 	andeq	r0, r1, r9, asr r2
 230:	00a80101 	adceq	r0, r8, r1, lsl #2
 234:	00020000 	andeq	r0, r2, r0
 238:	0000008d 	andeq	r0, r0, sp, lsl #1
 23c:	0efb0102 	cdpeq	1, 15, cr0, cr11, cr2, {0}
 240:	0101000d 	tsteq	r1, sp
 244:	00000101 	andeq	r0, r0, r1, lsl #2
 248:	00000100 	andeq	r0, r0, r0, lsl #2
 24c:	6f682f01 	svcvs	0x00682f01
 250:	742f656d 	strtvc	r6, [pc], #-1389	; 258 <shift+0x258>
 254:	2d677763 	stclcs	7, cr7, [r7, #-396]!	; 0xfffffe74
 258:	6c697562 	cfstr64vs	mvdx7, [r9], #-392	; 0xfffffe78
 25c:	616c7364 	cmnvs	ip, r4, ror #6
 260:	772f6576 			; <UNDEFINED> instruction: 0x772f6576
 264:	736b726f 	cmnvc	fp, #-268435450	; 0xf0000006
 268:	65636170 	strbvs	r6, [r3, #-368]!	; 0xfffffe90
 26c:	7763742f 	strbvc	r7, [r3, -pc, lsr #8]!
 270:	616d2d67 	cmnvs	sp, r7, ror #26
 274:	722d656b 	eorvc	r6, sp, #448790528	; 0x1ac00000
 278:	61656c65 	cmnvs	r5, r5, ror #24
 27c:	315f6573 	cmpcc	pc, r3, ror r5	; <UNPREDICTABLE>
 280:	616e732f 	cmnvs	lr, pc, lsr #6
 284:	6f687370 	svcvs	0x00687370
 288:	672f7374 			; <UNDEFINED> instruction: 0x672f7374
 28c:	672e6363 	strvs	r6, [lr, -r3, ror #6]!
 290:	6c7e7469 	cfldrdvs	mvd7, [lr], #-420	; 0xfffffe5c
 294:	72616e69 	rsbvc	r6, r1, #1680	; 0x690
 298:	2e372d6f 	cdpcs	13, 3, cr2, cr7, cr15, {3}
 29c:	30322d35 	eorscc	r2, r2, r5, lsr sp
 2a0:	312e3931 			; <UNDEFINED> instruction: 0x312e3931
 2a4:	696c2f32 	stmdbvs	ip!, {r1, r4, r5, r8, r9, sl, fp, sp}^
 2a8:	63636762 	cmnvs	r3, #25690112	; 0x1880000
 2ac:	6e6f632f 	cdpvs	3, 6, cr6, cr15, cr15, {1}
 2b0:	2f676966 	svccs	0x00676966
 2b4:	006d7261 	rsbeq	r7, sp, r1, ror #4
 2b8:	62696c00 	rsbvs	r6, r9, #0, 24
 2bc:	6e756631 	mrcvs	6, 3, r6, cr5, cr1, {1}
 2c0:	532e7363 			; <UNDEFINED> instruction: 0x532e7363
 2c4:	00000100 	andeq	r0, r0, r0, lsl #2
 2c8:	02050000 	andeq	r0, r5, #0
 2cc:	87804ac0 	strhi	r4, [r0, r0, asr #21]
 2d0:	010bfe03 	tsteq	fp, r3, lsl #28	; <UNPREDICTABLE>
 2d4:	2f200903 	svccs	0x00200903
 2d8:	0001022f 	andeq	r0, r1, pc, lsr #4
 2dc:	03df0101 	bicseq	r0, pc, #1073741824	; 0x40000000
 2e0:	00020000 	andeq	r0, r2, r0
 2e4:	0000038f 	andeq	r0, r0, pc, lsl #7
 2e8:	0efb0102 	cdpeq	1, 15, cr0, cr11, cr2, {0}
 2ec:	0101000d 	tsteq	r1, sp
 2f0:	00000101 	andeq	r0, r0, r1, lsl #2
 2f4:	00000100 	andeq	r0, r0, r0, lsl #2
 2f8:	6f682f01 	svcvs	0x00682f01
 2fc:	742f656d 	strtvc	r6, [pc], #-1389	; 304 <shift+0x304>
 300:	2d677763 	stclcs	7, cr7, [r7, #-396]!	; 0xfffffe74
 304:	6c697562 	cfstr64vs	mvdx7, [r9], #-392	; 0xfffffe78
 308:	616c7364 	cmnvs	ip, r4, ror #6
 30c:	772f6576 			; <UNDEFINED> instruction: 0x772f6576
 310:	736b726f 	cmnvc	fp, #-268435450	; 0xf0000006
 314:	65636170 	strbvs	r6, [r3, #-368]!	; 0xfffffe90
 318:	7763742f 	strbvc	r7, [r3, -pc, lsr #8]!
 31c:	616d2d67 	cmnvs	sp, r7, ror #26
 320:	722d656b 	eorvc	r6, sp, #448790528	; 0x1ac00000
 324:	61656c65 	cmnvs	r5, r5, ror #24
 328:	315f6573 	cmpcc	pc, r3, ror r5	; <UNPREDICTABLE>
 32c:	616e732f 	cmnvs	lr, pc, lsr #6
 330:	6f687370 	svcvs	0x00687370
 334:	672f7374 			; <UNDEFINED> instruction: 0x672f7374
 338:	672e6363 	strvs	r6, [lr, -r3, ror #6]!
 33c:	6c7e7469 	cfldrdvs	mvd7, [lr], #-420	; 0xfffffe5c
 340:	72616e69 	rsbvc	r6, r1, #1680	; 0x690
 344:	2e372d6f 	cdpcs	13, 3, cr2, cr7, cr15, {3}
 348:	30322d35 	eorscc	r2, r2, r5, lsr sp
 34c:	312e3931 			; <UNDEFINED> instruction: 0x312e3931
 350:	696c2f32 	stmdbvs	ip!, {r1, r4, r5, r8, r9, sl, fp, sp}^
 354:	63636762 	cmnvs	r3, #25690112	; 0x1880000
 358:	6f682f00 	svcvs	0x00682f00
 35c:	742f656d 	strtvc	r6, [pc], #-1389	; 364 <shift+0x364>
 360:	2d677763 	stclcs	7, cr7, [r7, #-396]!	; 0xfffffe74
 364:	6c697562 	cfstr64vs	mvdx7, [r9], #-392	; 0xfffffe78
 368:	616c7364 	cmnvs	ip, r4, ror #6
 36c:	772f6576 			; <UNDEFINED> instruction: 0x772f6576
 370:	736b726f 	cmnvc	fp, #-268435450	; 0xf0000006
 374:	65636170 	strbvs	r6, [r3, #-368]!	; 0xfffffe90
 378:	7763742f 	strbvc	r7, [r3, -pc, lsr #8]!
 37c:	616d2d67 	cmnvs	sp, r7, ror #26
 380:	722d656b 	eorvc	r6, sp, #448790528	; 0x1ac00000
 384:	61656c65 	cmnvs	r5, r5, ror #24
 388:	315f6573 	cmpcc	pc, r3, ror r5	; <UNPREDICTABLE>
 38c:	75625f2f 	strbvc	r5, [r2, #-3887]!	; 0xfffff0d1
 390:	2f646c69 	svccs	0x00646c69
 394:	6c697562 	cfstr64vs	mvdx7, [r9], #-392	; 0xfffffe78
 398:	782f7364 	stmdavc	pc!, {r2, r5, r6, r8, r9, ip, sp, lr}	; <UNPREDICTABLE>
 39c:	365f3638 			; <UNDEFINED> instruction: 0x365f3638
 3a0:	6e752d34 	mrcvs	13, 3, r2, cr5, cr4, {1}
 3a4:	776f6e6b 	strbvc	r6, [pc, -fp, ror #28]!
 3a8:	696c2d6e 	stmdbvs	ip!, {r1, r2, r3, r5, r6, r8, sl, fp, sp}^
 3ac:	2d78756e 	cfldr64cs	mvdx7, [r8, #-440]!	; 0xfffffe48
 3b0:	2f756e67 	svccs	0x00756e67
 3b4:	2d6d7261 	sfmcs	f7, 2, [sp, #-388]!	; 0xfffffe7c
 3b8:	756e696c 	strbvc	r6, [lr, #-2412]!	; 0xfffff694
 3bc:	6e672d78 	mcrvs	13, 3, r2, cr7, cr8, {3}
 3c0:	62616575 	rsbvs	r6, r1, #490733568	; 0x1d400000
 3c4:	2f666869 	svccs	0x00666869
 3c8:	2e636367 	cdpcs	3, 6, cr6, cr3, cr7, {3}
 3cc:	7e746967 	vsubvc.f16	s13, s8, s15	; <UNPREDICTABLE>
 3d0:	616e696c 	cmnvs	lr, ip, ror #18
 3d4:	372d6f72 			; <UNDEFINED> instruction: 0x372d6f72
 3d8:	322d352e 	eorcc	r3, sp, #192937984	; 0xb800000
 3dc:	2e393130 	mrccs	1, 1, r3, cr9, cr0, {1}
 3e0:	732d3231 			; <UNDEFINED> instruction: 0x732d3231
 3e4:	65676174 	strbvs	r6, [r7, #-372]!	; 0xfffffe8c
 3e8:	63672f32 	cmnvs	r7, #50, 30	; 0xc8
 3ec:	6e692f63 	cdpvs	15, 6, cr2, cr9, cr3, {3}
 3f0:	64756c63 	ldrbtvs	r6, [r5], #-3171	; 0xfffff39d
 3f4:	682f0065 	stmdavs	pc!, {r0, r2, r5, r6}	; <UNPREDICTABLE>
 3f8:	2f656d6f 	svccs	0x00656d6f
 3fc:	67776374 			; <UNDEFINED> instruction: 0x67776374
 400:	6975622d 	ldmdbvs	r5!, {r0, r2, r3, r5, r9, sp, lr}^
 404:	6c73646c 	cfldrdvs	mvd6, [r3], #-432	; 0xfffffe50
 408:	2f657661 	svccs	0x00657661
 40c:	6b726f77 	blvs	1c9c1f0 <shift+0x1c9c1f0>
 410:	63617073 	cmnvs	r1, #115	; 0x73
 414:	63742f65 	cmnvs	r4, #404	; 0x194
 418:	6d2d6777 	stcvs	7, cr6, [sp, #-476]!	; 0xfffffe24
 41c:	2d656b61 	fstmdbxcs	r5!, {d22-d69}	;@ Deprecated
 420:	656c6572 	strbvs	r6, [ip, #-1394]!	; 0xfffffa8e
 424:	5f657361 	svcpl	0x00657361
 428:	625f2f31 	subsvs	r2, pc, #49, 30	; 0xc4
 42c:	646c6975 	strbtvs	r6, [ip], #-2421	; 0xfffff68b
 430:	7379732f 	cmnvc	r9, #-1140850688	; 0xbc000000
 434:	746f6f72 	strbtvc	r6, [pc], #-3954	; 43c <shift+0x43c>
 438:	72612f73 	rsbvc	r2, r1, #460	; 0x1cc
 43c:	696c2d6d 	stmdbvs	ip!, {r0, r2, r3, r5, r6, r8, sl, fp, sp}^
 440:	2d78756e 	cfldr64cs	mvdx7, [r8, #-440]!	; 0xfffffe48
 444:	65756e67 	ldrbvs	r6, [r5, #-3687]!	; 0xfffff199
 448:	68696261 	stmdavs	r9!, {r0, r5, r6, r9, sp, lr}^
 44c:	73752f66 	cmnvc	r5, #408	; 0x198
 450:	6e692f72 	mcrvs	15, 3, r2, cr9, cr2, {3}
 454:	64756c63 	ldrbtvs	r6, [r5], #-3171	; 0xfffff39d
 458:	69622f65 	stmdbvs	r2!, {r0, r2, r5, r6, r8, r9, sl, fp, sp}^
 45c:	2f007374 	svccs	0x00007374
 460:	656d6f68 	strbvs	r6, [sp, #-3944]!	; 0xfffff098
 464:	7763742f 	strbvc	r7, [r3, -pc, lsr #8]!
 468:	75622d67 	strbvc	r2, [r2, #-3431]!	; 0xfffff299
 46c:	73646c69 	cmnvc	r4, #26880	; 0x6900
 470:	6576616c 	ldrbvs	r6, [r6, #-364]!	; 0xfffffe94
 474:	726f772f 	rsbvc	r7, pc, #12320768	; 0xbc0000
 478:	6170736b 	cmnvs	r0, fp, ror #6
 47c:	742f6563 	strtvc	r6, [pc], #-1379	; 484 <shift+0x484>
 480:	2d677763 	stclcs	7, cr7, [r7, #-396]!	; 0xfffffe74
 484:	656b616d 	strbvs	r6, [fp, #-365]!	; 0xfffffe93
 488:	6c65722d 	sfmvs	f7, 2, [r5], #-180	; 0xffffff4c
 48c:	65736165 	ldrbvs	r6, [r3, #-357]!	; 0xfffffe9b
 490:	5f2f315f 	svcpl	0x002f315f
 494:	6c697562 	cfstr64vs	mvdx7, [r9], #-392	; 0xfffffe78
 498:	79732f64 	ldmdbvc	r3!, {r2, r5, r6, r8, r9, sl, fp, sp}^
 49c:	6f6f7273 	svcvs	0x006f7273
 4a0:	612f7374 			; <UNDEFINED> instruction: 0x612f7374
 4a4:	6c2d6d72 	stcvs	13, cr6, [sp], #-456	; 0xfffffe38
 4a8:	78756e69 	ldmdavc	r5!, {r0, r3, r5, r6, r9, sl, fp, sp, lr}^
 4ac:	756e672d 	strbvc	r6, [lr, #-1837]!	; 0xfffff8d3
 4b0:	69626165 	stmdbvs	r2!, {r0, r2, r5, r6, r8, sp, lr}^
 4b4:	752f6668 	strvc	r6, [pc, #-1640]!	; fffffe54 <__bss_end+0x787f5648>
 4b8:	692f7273 	stmdbvs	pc!, {r0, r1, r4, r5, r6, r9, ip, sp, lr}	; <UNPREDICTABLE>
 4bc:	756c636e 	strbvc	r6, [ip, #-878]!	; 0xfffffc92
 4c0:	2f006564 	svccs	0x00006564
 4c4:	656d6f68 	strbvs	r6, [sp, #-3944]!	; 0xfffff098
 4c8:	7763742f 	strbvc	r7, [r3, -pc, lsr #8]!
 4cc:	75622d67 	strbvc	r2, [r2, #-3431]!	; 0xfffff299
 4d0:	73646c69 	cmnvc	r4, #26880	; 0x6900
 4d4:	6576616c 	ldrbvs	r6, [r6, #-364]!	; 0xfffffe94
 4d8:	726f772f 	rsbvc	r7, pc, #12320768	; 0xbc0000
 4dc:	6170736b 	cmnvs	r0, fp, ror #6
 4e0:	742f6563 	strtvc	r6, [pc], #-1379	; 4e8 <shift+0x4e8>
 4e4:	2d677763 	stclcs	7, cr7, [r7, #-396]!	; 0xfffffe74
 4e8:	656b616d 	strbvs	r6, [fp, #-365]!	; 0xfffffe93
 4ec:	6c65722d 	sfmvs	f7, 2, [r5], #-180	; 0xffffff4c
 4f0:	65736165 	ldrbvs	r6, [r3, #-357]!	; 0xfffffe9b
 4f4:	732f315f 			; <UNDEFINED> instruction: 0x732f315f
 4f8:	7370616e 	cmnvc	r0, #-2147483621	; 0x8000001b
 4fc:	73746f68 	cmnvc	r4, #104, 30	; 0x1a0
 500:	6363672f 	cmnvs	r3, #12320768	; 0xbc0000
 504:	7469672e 	strbtvc	r6, [r9], #-1838	; 0xfffff8d2
 508:	6e696c7e 	mcrvs	12, 3, r6, cr9, cr14, {3}
 50c:	2d6f7261 	sfmcs	f7, 2, [pc, #-388]!	; 390 <shift+0x390>
 510:	2d352e37 	ldccs	14, cr2, [r5, #-220]!	; 0xffffff24
 514:	39313032 	ldmdbcc	r1!, {r1, r4, r5, ip, sp}
 518:	2f32312e 	svccs	0x0032312e
 51c:	6762696c 	strbvs	r6, [r2, -ip, ror #18]!
 520:	2e2f6363 	cdpcs	3, 2, cr6, cr15, cr3, {3}
 524:	6e692f2e 	cdpvs	15, 6, cr2, cr9, cr14, {1}
 528:	64756c63 	ldrbtvs	r6, [r5], #-3171	; 0xfffff39d
 52c:	682f0065 	stmdavs	pc!, {r0, r2, r5, r6}	; <UNPREDICTABLE>
 530:	2f656d6f 	svccs	0x00656d6f
 534:	67776374 			; <UNDEFINED> instruction: 0x67776374
 538:	6975622d 	ldmdbvs	r5!, {r0, r2, r3, r5, r9, sp, lr}^
 53c:	6c73646c 	cfldrdvs	mvd6, [r3], #-432	; 0xfffffe50
 540:	2f657661 	svccs	0x00657661
 544:	6b726f77 	blvs	1c9c328 <shift+0x1c9c328>
 548:	63617073 	cmnvs	r1, #115	; 0x73
 54c:	63742f65 	cmnvs	r4, #404	; 0x194
 550:	6d2d6777 	stcvs	7, cr6, [sp, #-476]!	; 0xfffffe24
 554:	2d656b61 	fstmdbxcs	r5!, {d22-d69}	;@ Deprecated
 558:	656c6572 	strbvs	r6, [ip, #-1394]!	; 0xfffffa8e
 55c:	5f657361 	svcpl	0x00657361
 560:	6e732f31 	mrcvs	15, 3, r2, cr3, cr1, {1}
 564:	68737061 	ldmdavs	r3!, {r0, r5, r6, ip, sp, lr}^
 568:	2f73746f 	svccs	0x0073746f
 56c:	2e636367 	cdpcs	3, 6, cr6, cr3, cr7, {3}
 570:	7e746967 	vsubvc.f16	s13, s8, s15	; <UNPREDICTABLE>
 574:	616e696c 	cmnvs	lr, ip, ror #18
 578:	372d6f72 			; <UNDEFINED> instruction: 0x372d6f72
 57c:	322d352e 	eorcc	r3, sp, #192937984	; 0xb800000
 580:	2e393130 	mrccs	1, 1, r3, cr9, cr0, {1}
 584:	6c2f3231 	sfmvs	f3, 4, [pc], #-196	; 4c8 <shift+0x4c8>
 588:	63676269 	cmnvs	r7, #-1879048186	; 0x90000006
 58c:	2e2e2f63 	cdpcs	15, 2, cr2, cr14, cr3, {3}
 590:	6363672f 	cmnvs	r3, #12320768	; 0xbc0000
 594:	6e6f632f 	cdpvs	3, 6, cr6, cr15, cr15, {1}
 598:	2f676966 	svccs	0x00676966
 59c:	006d7261 	rsbeq	r7, sp, r1, ror #4
 5a0:	2e2f2e2e 	cdpcs	14, 2, cr2, cr15, cr14, {1}
 5a4:	2f2e2f2e 	svccs	0x002e2f2e
 5a8:	00636367 	rsbeq	r6, r3, r7, ror #6
 5ac:	62696c00 	rsbvs	r6, r9, #0, 24
 5b0:	32636367 	rsbcc	r6, r3, #-1677721599	; 0x9c000001
 5b4:	0100632e 	tsteq	r0, lr, lsr #6
 5b8:	74730000 	ldrbtvc	r0, [r3], #-0
 5bc:	66656464 	strbtvs	r6, [r5], -r4, ror #8
 5c0:	0200682e 	andeq	r6, r0, #3014656	; 0x2e0000
 5c4:	79740000 	ldmdbvc	r4!, {}^	; <UNPREDICTABLE>
 5c8:	2e736570 	mrccs	5, 3, r6, cr3, cr0, {3}
 5cc:	00030068 	andeq	r0, r3, r8, rrx
 5d0:	62696c00 	rsbvs	r6, r9, #0, 24
 5d4:	682e6f69 	stmdavs	lr!, {r0, r3, r5, r6, r8, r9, sl, fp, sp, lr}
 5d8:	00000400 	andeq	r0, r0, r0, lsl #8
 5dc:	69647473 	stmdbvs	r4!, {r0, r1, r4, r5, r6, sl, ip, sp, lr}^
 5e0:	00682e6f 	rsbeq	r2, r8, pc, ror #28
 5e4:	73000004 	movwvc	r0, #4
 5e8:	655f7379 	ldrbvs	r7, [pc, #-889]	; 277 <shift+0x277>
 5ec:	696c7272 	stmdbvs	ip!, {r1, r4, r5, r6, r9, ip, sp, lr}^
 5f0:	682e7473 	stmdavs	lr!, {r0, r1, r4, r5, r6, sl, ip, sp, lr}
 5f4:	00000300 	andeq	r0, r0, r0, lsl #6
 5f8:	6e727265 	cdpvs	2, 7, cr7, cr2, cr5, {3}
 5fc:	00682e6f 	rsbeq	r2, r8, pc, ror #28
 600:	75000004 	strvc	r0, [r0, #-4]
 604:	7473696e 	ldrbtvc	r6, [r3], #-2414	; 0xfffff692
 608:	00682e64 	rsbeq	r2, r8, r4, ror #28
 60c:	67000004 	strvs	r0, [r0, -r4]
 610:	706f7465 	rsbvc	r7, pc, r5, ror #8
 614:	00682e74 	rsbeq	r2, r8, r4, ror lr
 618:	74000005 	strvc	r0, [r0], #-5
 61c:	2e656d69 	cdpcs	13, 6, cr6, cr5, cr9, {3}
 620:	00040068 	andeq	r0, r4, r8, rrx
 624:	73616800 	cmnvc	r1, #0, 16
 628:	62617468 	rsbvs	r7, r1, #104, 8	; 0x68000000
 62c:	0500682e 	streq	r6, [r0, #-2094]	; 0xfffff7d2
 630:	72610000 	rsbvc	r0, r1, #0
 634:	73692d6d 	cmnvc	r9, #6976	; 0x1b40
 638:	00682e61 	rsbeq	r2, r8, r1, ror #28
 63c:	61000006 	tstvs	r0, r6
 640:	632d6d72 			; <UNDEFINED> instruction: 0x632d6d72
 644:	682e7570 	stmdavs	lr!, {r4, r5, r6, r8, sl, ip, sp, lr}
 648:	00000600 	andeq	r0, r0, r0, lsl #12
 64c:	6e736e69 	cdpvs	14, 7, cr6, cr3, cr9, {3}
 650:	6e6f632d 	cdpvs	3, 6, cr6, cr15, cr13, {1}
 654:	6e617473 	mcrvs	4, 3, r7, cr1, cr3, {3}
 658:	682e7374 	stmdavs	lr!, {r2, r4, r5, r6, r8, r9, ip, sp, lr}
 65c:	00000700 	andeq	r0, r0, r0, lsl #14
 660:	2e6d7261 	cdpcs	2, 6, cr7, cr13, cr1, {3}
 664:	00060068 	andeq	r0, r6, r8, rrx
 668:	62696c00 	rsbvs	r6, r9, #0, 24
 66c:	32636367 	rsbcc	r6, r3, #-1677721599	; 0x9c000001
 670:	0100682e 	tsteq	r0, lr, lsr #16
 674:	00000000 	andeq	r0, r0, r0
 678:	4acc0205 	bmi	ff300e94 <__bss_end+0x77af6688>
 67c:	b3038780 	movwlt	r8, #14208	; 0x3780
 680:	0c030107 	stfeqs	f0, [r3], {7}
 684:	20740301 	rsbscs	r0, r4, r1, lsl #6
 688:	032e0c03 			; <UNDEFINED> instruction: 0x032e0c03
 68c:	2d212e74 	stccs	14, cr2, [r1, #-464]!	; 0xfffffe30
 690:	2e0b033d 	mcrcs	3, 0, r0, cr11, cr13, {1}
 694:	2f4c4b3e 	svccs	0x004c4b3e
 698:	3c6803dd 	stclcc	3, cr0, [r8], #-884	; 0xfffffc8c
 69c:	233c1803 	teqcs	ip, #196608	; 0x30000
 6a0:	2f65211f 	svccs	0x0065211f
 6a4:	94603e23 	strbtls	r3, [r0], #-3619	; 0xfffff1dd
 6a8:	33304d29 	teqcc	r0, #2624	; 0xa40
 6ac:	2f492181 	svccs	0x00492181
 6b0:	3d240821 	stccc	8, cr0, [r4, #-132]!	; 0xffffff7c
 6b4:	2e550330 	mrccs	3, 2, r0, cr5, cr0, {1}
 6b8:	2f2d2f49 	svccs	0x002d2f49
 6bc:	01000302 	tsteq	r0, r2, lsl #6
 6c0:	地址 0x00000000000006c0 越界。


Disassembly of section .debug_info:

00000000 <.debug_info>:
       0:	00000147 	andeq	r0, r0, r7, asr #2
       4:	00000002 	andeq	r0, r0, r2
       8:	01040000 	mrseq	r0, (UNDEF: 4)
       c:	00000000 	andeq	r0, r0, r0
      10:	87804778 			; <UNDEFINED> instruction: 0x87804778
      14:	878049ee 	strhi	r4, [r0, lr, ror #19]
      18:	6d6f682f 	stclvs	8, cr6, [pc, #-188]!	; ffffff64 <__bss_end+0x787f5758>
      1c:	63742f65 	cmnvs	r4, #404	; 0x194
      20:	622d6777 	eorvs	r6, sp, #31195136	; 0x1dc0000
      24:	646c6975 	strbtvs	r6, [ip], #-2421	; 0xfffff68b
      28:	76616c73 			; <UNDEFINED> instruction: 0x76616c73
      2c:	6f772f65 	svcvs	0x00772f65
      30:	70736b72 	rsbsvc	r6, r3, r2, ror fp
      34:	2f656361 	svccs	0x00656361
      38:	67776374 			; <UNDEFINED> instruction: 0x67776374
      3c:	6b616d2d 	blvs	185b4f8 <shift+0x185b4f8>
      40:	65722d65 	ldrbvs	r2, [r2, #-3429]!	; 0xfffff29b
      44:	7361656c 	cmnvc	r1, #108, 10	; 0x1b000000
      48:	2f315f65 	svccs	0x00315f65
      4c:	70616e73 	rsbvc	r6, r1, r3, ror lr
      50:	746f6873 	strbtvc	r6, [pc], #-2163	; 58 <shift+0x58>
      54:	63672f73 	cmnvs	r7, #460	; 0x1cc
      58:	69672e63 	stmdbvs	r7!, {r0, r1, r5, r6, r9, sl, fp, sp}^
      5c:	696c7e74 	stmdbvs	ip!, {r2, r4, r5, r6, r9, sl, fp, ip, sp, lr}^
      60:	6f72616e 	svcvs	0x0072616e
      64:	352e372d 	strcc	r3, [lr, #-1837]!	; 0xfffff8d3
      68:	3130322d 	teqcc	r0, sp, lsr #4
      6c:	32312e39 	eorscc	r2, r1, #912	; 0x390
      70:	62696c2f 	rsbvs	r6, r9, #12032	; 0x2f00
      74:	2f636367 	svccs	0x00636367
      78:	666e6f63 	strbtvs	r6, [lr], -r3, ror #30
      7c:	612f6769 			; <UNDEFINED> instruction: 0x612f6769
      80:	6c2f6d72 	stcvs	13, cr6, [pc], #-456	; fffffec0 <__bss_end+0x787f56b4>
      84:	66316269 	ldrtvs	r6, [r1], -r9, ror #4
      88:	73636e75 	cmnvc	r3, #1872	; 0x750
      8c:	2f00532e 	svccs	0x0000532e
      90:	656d6f68 	strbvs	r6, [sp, #-3944]!	; 0xfffff098
      94:	7763742f 	strbvc	r7, [r3, -pc, lsr #8]!
      98:	75622d67 	strbvc	r2, [r2, #-3431]!	; 0xfffff299
      9c:	73646c69 	cmnvc	r4, #26880	; 0x6900
      a0:	6576616c 	ldrbvs	r6, [r6, #-364]!	; 0xfffffe94
      a4:	726f772f 	rsbvc	r7, pc, #12320768	; 0xbc0000
      a8:	6170736b 	cmnvs	r0, fp, ror #6
      ac:	742f6563 	strtvc	r6, [pc], #-1379	; b4 <shift+0xb4>
      b0:	2d677763 	stclcs	7, cr7, [r7, #-396]!	; 0xfffffe74
      b4:	656b616d 	strbvs	r6, [fp, #-365]!	; 0xfffffe93
      b8:	6c65722d 	sfmvs	f7, 2, [r5], #-180	; 0xffffff4c
      bc:	65736165 	ldrbvs	r6, [r3, #-357]!	; 0xfffffe9b
      c0:	5f2f315f 	svcpl	0x002f315f
      c4:	6c697562 	cfstr64vs	mvdx7, [r9], #-392	; 0xfffffe78
      c8:	75622f64 	strbvc	r2, [r2, #-3940]!	; 0xfffff09c
      cc:	73646c69 	cmnvc	r4, #26880	; 0x6900
      d0:	3638782f 	ldrtcc	r7, [r8], -pc, lsr #16
      d4:	2d34365f 	ldccs	6, cr3, [r4, #-380]!	; 0xfffffe84
      d8:	6e6b6e75 	mcrvs	14, 3, r6, cr11, cr5, {3}
      dc:	2d6e776f 	stclcs	7, cr7, [lr, #-444]!	; 0xfffffe44
      e0:	756e696c 	strbvc	r6, [lr, #-2412]!	; 0xfffff694
      e4:	6e672d78 	mcrvs	13, 3, r2, cr7, cr8, {3}
      e8:	72612f75 	rsbvc	r2, r1, #468	; 0x1d4
      ec:	696c2d6d 	stmdbvs	ip!, {r0, r2, r3, r5, r6, r8, sl, fp, sp}^
      f0:	2d78756e 	cfldr64cs	mvdx7, [r8, #-440]!	; 0xfffffe48
      f4:	65756e67 	ldrbvs	r6, [r5, #-3687]!	; 0xfffff199
      f8:	68696261 	stmdavs	r9!, {r0, r5, r6, r9, sp, lr}^
      fc:	63672f66 	cmnvs	r7, #408	; 0x198
     100:	69672e63 	stmdbvs	r7!, {r0, r1, r5, r6, r9, sl, fp, sp}^
     104:	696c7e74 	stmdbvs	ip!, {r2, r4, r5, r6, r9, sl, fp, ip, sp, lr}^
     108:	6f72616e 	svcvs	0x0072616e
     10c:	352e372d 	strcc	r3, [lr, #-1837]!	; 0xfffff8d3
     110:	3130322d 	teqcc	r0, sp, lsr #4
     114:	32312e39 	eorscc	r2, r1, #912	; 0x390
     118:	6174732d 	cmnvs	r4, sp, lsr #6
     11c:	2f326567 	svccs	0x00326567
     120:	2d6d7261 	sfmcs	f7, 2, [sp, #-388]!	; 0xfffffe7c
     124:	756e696c 	strbvc	r6, [lr, #-2412]!	; 0xfffff694
     128:	6e672d78 	mcrvs	13, 3, r2, cr7, cr8, {3}
     12c:	62616575 	rsbvs	r6, r1, #490733568	; 0x1d400000
     130:	2f666869 	svccs	0x00666869
     134:	6762696c 	strbvs	r6, [r2, -ip, ror #18]!
     138:	47006363 	strmi	r6, [r0, -r3, ror #6]
     13c:	4120554e 			; <UNDEFINED> instruction: 0x4120554e
     140:	2e322053 	mrccs	0, 1, r2, cr2, cr3, {2}
     144:	322e3832 	eorcc	r3, lr, #3276800	; 0x320000
     148:	43800100 	orrmi	r0, r0, #0, 2
     14c:	02000001 	andeq	r0, r0, #1
     150:	00001400 	andeq	r1, r0, r0, lsl #8
     154:	c6010400 	strgt	r0, [r1], -r0, lsl #8
     158:	f0000000 			; <UNDEFINED> instruction: 0xf0000000
     15c:	90878049 	addls	r8, r7, r9, asr #32
     160:	2f87804a 	svccs	0x0087804a
     164:	656d6f68 	strbvs	r6, [sp, #-3944]!	; 0xfffff098
     168:	7763742f 	strbvc	r7, [r3, -pc, lsr #8]!
     16c:	75622d67 	strbvc	r2, [r2, #-3431]!	; 0xfffff299
     170:	73646c69 	cmnvc	r4, #26880	; 0x6900
     174:	6576616c 	ldrbvs	r6, [r6, #-364]!	; 0xfffffe94
     178:	726f772f 	rsbvc	r7, pc, #12320768	; 0xbc0000
     17c:	6170736b 	cmnvs	r0, fp, ror #6
     180:	742f6563 	strtvc	r6, [pc], #-1379	; 188 <shift+0x188>
     184:	2d677763 	stclcs	7, cr7, [r7, #-396]!	; 0xfffffe74
     188:	656b616d 	strbvs	r6, [fp, #-365]!	; 0xfffffe93
     18c:	6c65722d 	sfmvs	f7, 2, [r5], #-180	; 0xffffff4c
     190:	65736165 	ldrbvs	r6, [r3, #-357]!	; 0xfffffe9b
     194:	732f315f 			; <UNDEFINED> instruction: 0x732f315f
     198:	7370616e 	cmnvc	r0, #-2147483621	; 0x8000001b
     19c:	73746f68 	cmnvc	r4, #104, 30	; 0x1a0
     1a0:	6363672f 	cmnvs	r3, #12320768	; 0xbc0000
     1a4:	7469672e 	strbtvc	r6, [r9], #-1838	; 0xfffff8d2
     1a8:	6e696c7e 	mcrvs	12, 3, r6, cr9, cr14, {3}
     1ac:	2d6f7261 	sfmcs	f7, 2, [pc, #-388]!	; 30 <shift+0x30>
     1b0:	2d352e37 	ldccs	14, cr2, [r5, #-220]!	; 0xffffff24
     1b4:	39313032 	ldmdbcc	r1!, {r1, r4, r5, ip, sp}
     1b8:	2f32312e 	svccs	0x0032312e
     1bc:	6762696c 	strbvs	r6, [r2, -ip, ror #18]!
     1c0:	632f6363 			; <UNDEFINED> instruction: 0x632f6363
     1c4:	69666e6f 	stmdbvs	r6!, {r0, r1, r2, r3, r5, r6, r9, sl, fp, sp, lr}^
     1c8:	72612f67 	rsbvc	r2, r1, #412	; 0x19c
     1cc:	70622f6d 	rsbvc	r2, r2, sp, ror #30
     1d0:	2e696261 	cdpcs	2, 6, cr6, cr9, cr1, {3}
     1d4:	682f0053 	stmdavs	pc!, {r0, r1, r4, r6}	; <UNPREDICTABLE>
     1d8:	2f656d6f 	svccs	0x00656d6f
     1dc:	67776374 			; <UNDEFINED> instruction: 0x67776374
     1e0:	6975622d 	ldmdbvs	r5!, {r0, r2, r3, r5, r9, sp, lr}^
     1e4:	6c73646c 	cfldrdvs	mvd6, [r3], #-432	; 0xfffffe50
     1e8:	2f657661 	svccs	0x00657661
     1ec:	6b726f77 	blvs	1c9bfd0 <shift+0x1c9bfd0>
     1f0:	63617073 	cmnvs	r1, #115	; 0x73
     1f4:	63742f65 	cmnvs	r4, #404	; 0x194
     1f8:	6d2d6777 	stcvs	7, cr6, [sp, #-476]!	; 0xfffffe24
     1fc:	2d656b61 	fstmdbxcs	r5!, {d22-d69}	;@ Deprecated
     200:	656c6572 	strbvs	r6, [ip, #-1394]!	; 0xfffffa8e
     204:	5f657361 	svcpl	0x00657361
     208:	625f2f31 	subsvs	r2, pc, #49, 30	; 0xc4
     20c:	646c6975 	strbtvs	r6, [ip], #-2421	; 0xfffff68b
     210:	6975622f 	ldmdbvs	r5!, {r0, r1, r2, r3, r5, r9, sp, lr}^
     214:	2f73646c 	svccs	0x0073646c
     218:	5f363878 	svcpl	0x00363878
     21c:	752d3436 	strvc	r3, [sp, #-1078]!	; 0xfffffbca
     220:	6f6e6b6e 	svcvs	0x006e6b6e
     224:	6c2d6e77 	stcvs	14, cr6, [sp], #-476	; 0xfffffe24
     228:	78756e69 	ldmdavc	r5!, {r0, r3, r5, r6, r9, sl, fp, sp, lr}^
     22c:	756e672d 	strbvc	r6, [lr, #-1837]!	; 0xfffff8d3
     230:	6d72612f 	ldfvse	f6, [r2, #-188]!	; 0xffffff44
     234:	6e696c2d 	cdpvs	12, 6, cr6, cr9, cr13, {1}
     238:	672d7875 			; <UNDEFINED> instruction: 0x672d7875
     23c:	6165756e 	cmnvs	r5, lr, ror #10
     240:	66686962 	strbtvs	r6, [r8], -r2, ror #18
     244:	6363672f 	cmnvs	r3, #12320768	; 0xbc0000
     248:	7469672e 	strbtvc	r6, [r9], #-1838	; 0xfffff8d2
     24c:	6e696c7e 	mcrvs	12, 3, r6, cr9, cr14, {3}
     250:	2d6f7261 	sfmcs	f7, 2, [pc, #-388]!	; d4 <shift+0xd4>
     254:	2d352e37 	ldccs	14, cr2, [r5, #-220]!	; 0xffffff24
     258:	39313032 	ldmdbcc	r1!, {r1, r4, r5, ip, sp}
     25c:	2d32312e 	ldfcss	f3, [r2, #-184]!	; 0xffffff48
     260:	67617473 			; <UNDEFINED> instruction: 0x67617473
     264:	612f3265 			; <UNDEFINED> instruction: 0x612f3265
     268:	6c2d6d72 	stcvs	13, cr6, [sp], #-456	; 0xfffffe38
     26c:	78756e69 	ldmdavc	r5!, {r0, r3, r5, r6, r9, sl, fp, sp, lr}^
     270:	756e672d 	strbvc	r6, [lr, #-1837]!	; 0xfffff8d3
     274:	69626165 	stmdbvs	r2!, {r0, r2, r5, r6, r8, sp, lr}^
     278:	6c2f6668 	stcvs	6, cr6, [pc], #-416	; e0 <shift+0xe0>
     27c:	63676269 	cmnvs	r7, #-1879048186	; 0x90000006
     280:	4e470063 	cdpmi	0, 4, cr0, cr7, cr3, {3}
     284:	53412055 	movtpl	r2, #4181	; 0x1055
     288:	322e3220 	eorcc	r3, lr, #32, 4
     28c:	00322e38 	eorseq	r2, r2, r8, lsr lr
     290:	01438001 	cmpeq	r3, r1
     294:	00020000 	andeq	r0, r2, r0
     298:	00000028 	andeq	r0, r0, r8, lsr #32
     29c:	018b0104 	orreq	r0, fp, r4, lsl #2
     2a0:	4a900000 	bmi	fe4002a8 <__bss_end+0x76bf5a9c>
     2a4:	4ac08780 	bmi	ff0220ac <__bss_end+0x778178a0>
     2a8:	682f8780 	stmdavs	pc!, {r7, r8, r9, sl, pc}	; <UNPREDICTABLE>
     2ac:	2f656d6f 	svccs	0x00656d6f
     2b0:	67776374 			; <UNDEFINED> instruction: 0x67776374
     2b4:	6975622d 	ldmdbvs	r5!, {r0, r2, r3, r5, r9, sp, lr}^
     2b8:	6c73646c 	cfldrdvs	mvd6, [r3], #-432	; 0xfffffe50
     2bc:	2f657661 	svccs	0x00657661
     2c0:	6b726f77 	blvs	1c9c0a4 <shift+0x1c9c0a4>
     2c4:	63617073 	cmnvs	r1, #115	; 0x73
     2c8:	63742f65 	cmnvs	r4, #404	; 0x194
     2cc:	6d2d6777 	stcvs	7, cr6, [sp, #-476]!	; 0xfffffe24
     2d0:	2d656b61 	fstmdbxcs	r5!, {d22-d69}	;@ Deprecated
     2d4:	656c6572 	strbvs	r6, [ip, #-1394]!	; 0xfffffa8e
     2d8:	5f657361 	svcpl	0x00657361
     2dc:	6e732f31 	mrcvs	15, 3, r2, cr3, cr1, {1}
     2e0:	68737061 	ldmdavs	r3!, {r0, r5, r6, ip, sp, lr}^
     2e4:	2f73746f 	svccs	0x0073746f
     2e8:	2e636367 	cdpcs	3, 6, cr6, cr3, cr7, {3}
     2ec:	7e746967 	vsubvc.f16	s13, s8, s15	; <UNPREDICTABLE>
     2f0:	616e696c 	cmnvs	lr, ip, ror #18
     2f4:	372d6f72 			; <UNDEFINED> instruction: 0x372d6f72
     2f8:	322d352e 	eorcc	r3, sp, #192937984	; 0xb800000
     2fc:	2e393130 	mrccs	1, 1, r3, cr9, cr0, {1}
     300:	6c2f3231 	sfmvs	f3, 4, [pc], #-196	; 244 <shift+0x244>
     304:	63676269 	cmnvs	r7, #-1879048186	; 0x90000006
     308:	6f632f63 	svcvs	0x00632f63
     30c:	6769666e 	strbvs	r6, [r9, -lr, ror #12]!
     310:	6d72612f 	ldfvse	f6, [r2, #-188]!	; 0xffffff44
     314:	6170622f 	cmnvs	r0, pc, lsr #4
     318:	532e6962 			; <UNDEFINED> instruction: 0x532e6962
     31c:	6f682f00 	svcvs	0x00682f00
     320:	742f656d 	strtvc	r6, [pc], #-1389	; 328 <shift+0x328>
     324:	2d677763 	stclcs	7, cr7, [r7, #-396]!	; 0xfffffe74
     328:	6c697562 	cfstr64vs	mvdx7, [r9], #-392	; 0xfffffe78
     32c:	616c7364 	cmnvs	ip, r4, ror #6
     330:	772f6576 			; <UNDEFINED> instruction: 0x772f6576
     334:	736b726f 	cmnvc	fp, #-268435450	; 0xf0000006
     338:	65636170 	strbvs	r6, [r3, #-368]!	; 0xfffffe90
     33c:	7763742f 	strbvc	r7, [r3, -pc, lsr #8]!
     340:	616d2d67 	cmnvs	sp, r7, ror #26
     344:	722d656b 	eorvc	r6, sp, #448790528	; 0x1ac00000
     348:	61656c65 	cmnvs	r5, r5, ror #24
     34c:	315f6573 	cmpcc	pc, r3, ror r5	; <UNPREDICTABLE>
     350:	75625f2f 	strbvc	r5, [r2, #-3887]!	; 0xfffff0d1
     354:	2f646c69 	svccs	0x00646c69
     358:	6c697562 	cfstr64vs	mvdx7, [r9], #-392	; 0xfffffe78
     35c:	782f7364 	stmdavc	pc!, {r2, r5, r6, r8, r9, ip, sp, lr}	; <UNPREDICTABLE>
     360:	365f3638 			; <UNDEFINED> instruction: 0x365f3638
     364:	6e752d34 	mrcvs	13, 3, r2, cr5, cr4, {1}
     368:	776f6e6b 	strbvc	r6, [pc, -fp, ror #28]!
     36c:	696c2d6e 	stmdbvs	ip!, {r1, r2, r3, r5, r6, r8, sl, fp, sp}^
     370:	2d78756e 	cfldr64cs	mvdx7, [r8, #-440]!	; 0xfffffe48
     374:	2f756e67 	svccs	0x00756e67
     378:	2d6d7261 	sfmcs	f7, 2, [sp, #-388]!	; 0xfffffe7c
     37c:	756e696c 	strbvc	r6, [lr, #-2412]!	; 0xfffff694
     380:	6e672d78 	mcrvs	13, 3, r2, cr7, cr8, {3}
     384:	62616575 	rsbvs	r6, r1, #490733568	; 0x1d400000
     388:	2f666869 	svccs	0x00666869
     38c:	2e636367 	cdpcs	3, 6, cr6, cr3, cr7, {3}
     390:	7e746967 	vsubvc.f16	s13, s8, s15	; <UNPREDICTABLE>
     394:	616e696c 	cmnvs	lr, ip, ror #18
     398:	372d6f72 			; <UNDEFINED> instruction: 0x372d6f72
     39c:	322d352e 	eorcc	r3, sp, #192937984	; 0xb800000
     3a0:	2e393130 	mrccs	1, 1, r3, cr9, cr0, {1}
     3a4:	732d3231 			; <UNDEFINED> instruction: 0x732d3231
     3a8:	65676174 	strbvs	r6, [r7, #-372]!	; 0xfffffe8c
     3ac:	72612f32 	rsbvc	r2, r1, #50, 30	; 0xc8
     3b0:	696c2d6d 	stmdbvs	ip!, {r0, r2, r3, r5, r6, r8, sl, fp, sp}^
     3b4:	2d78756e 	cfldr64cs	mvdx7, [r8, #-440]!	; 0xfffffe48
     3b8:	65756e67 	ldrbvs	r6, [r5, #-3687]!	; 0xfffff199
     3bc:	68696261 	stmdavs	r9!, {r0, r5, r6, r9, sp, lr}^
     3c0:	696c2f66 	stmdbvs	ip!, {r1, r2, r5, r6, r8, r9, sl, fp, sp}^
     3c4:	63636762 	cmnvs	r3, #25690112	; 0x1880000
     3c8:	554e4700 	strbpl	r4, [lr, #-1792]	; 0xfffff900
     3cc:	20534120 	subscs	r4, r3, r0, lsr #2
     3d0:	38322e32 	ldmdacc	r2!, {r1, r4, r5, r9, sl, fp, sp}
     3d4:	0100322e 	tsteq	r0, lr, lsr #4
     3d8:	00014780 	andeq	r4, r1, r0, lsl #15
     3dc:	3c000200 	sfmcc	f0, 4, [r0], {-0}
     3e0:	04000000 	streq	r0, [r0], #-0
     3e4:	00023201 	andeq	r3, r2, r1, lsl #4
     3e8:	804ac000 	subhi	ip, sl, r0
     3ec:	804acc87 	subhi	ip, sl, r7, lsl #25
     3f0:	6f682f87 	svcvs	0x00682f87
     3f4:	742f656d 	strtvc	r6, [pc], #-1389	; 3fc <shift+0x3fc>
     3f8:	2d677763 	stclcs	7, cr7, [r7, #-396]!	; 0xfffffe74
     3fc:	6c697562 	cfstr64vs	mvdx7, [r9], #-392	; 0xfffffe78
     400:	616c7364 	cmnvs	ip, r4, ror #6
     404:	772f6576 			; <UNDEFINED> instruction: 0x772f6576
     408:	736b726f 	cmnvc	fp, #-268435450	; 0xf0000006
     40c:	65636170 	strbvs	r6, [r3, #-368]!	; 0xfffffe90
     410:	7763742f 	strbvc	r7, [r3, -pc, lsr #8]!
     414:	616d2d67 	cmnvs	sp, r7, ror #26
     418:	722d656b 	eorvc	r6, sp, #448790528	; 0x1ac00000
     41c:	61656c65 	cmnvs	r5, r5, ror #24
     420:	315f6573 	cmpcc	pc, r3, ror r5	; <UNPREDICTABLE>
     424:	616e732f 	cmnvs	lr, pc, lsr #6
     428:	6f687370 	svcvs	0x00687370
     42c:	672f7374 			; <UNDEFINED> instruction: 0x672f7374
     430:	672e6363 	strvs	r6, [lr, -r3, ror #6]!
     434:	6c7e7469 	cfldrdvs	mvd7, [lr], #-420	; 0xfffffe5c
     438:	72616e69 	rsbvc	r6, r1, #1680	; 0x690
     43c:	2e372d6f 	cdpcs	13, 3, cr2, cr7, cr15, {3}
     440:	30322d35 	eorscc	r2, r2, r5, lsr sp
     444:	312e3931 			; <UNDEFINED> instruction: 0x312e3931
     448:	696c2f32 	stmdbvs	ip!, {r1, r4, r5, r8, r9, sl, fp, sp}^
     44c:	63636762 	cmnvs	r3, #25690112	; 0x1880000
     450:	6e6f632f 	cdpvs	3, 6, cr6, cr15, cr15, {1}
     454:	2f676966 	svccs	0x00676966
     458:	2f6d7261 	svccs	0x006d7261
     45c:	3162696c 	cmncc	r2, ip, ror #18
     460:	636e7566 	cmnvs	lr, #427819008	; 0x19800000
     464:	00532e73 	subseq	r2, r3, r3, ror lr
     468:	6d6f682f 	stclvs	8, cr6, [pc, #-188]!	; 3b4 <shift+0x3b4>
     46c:	63742f65 	cmnvs	r4, #404	; 0x194
     470:	622d6777 	eorvs	r6, sp, #31195136	; 0x1dc0000
     474:	646c6975 	strbtvs	r6, [ip], #-2421	; 0xfffff68b
     478:	76616c73 			; <UNDEFINED> instruction: 0x76616c73
     47c:	6f772f65 	svcvs	0x00772f65
     480:	70736b72 	rsbsvc	r6, r3, r2, ror fp
     484:	2f656361 	svccs	0x00656361
     488:	67776374 			; <UNDEFINED> instruction: 0x67776374
     48c:	6b616d2d 	blvs	185b948 <shift+0x185b948>
     490:	65722d65 	ldrbvs	r2, [r2, #-3429]!	; 0xfffff29b
     494:	7361656c 	cmnvc	r1, #108, 10	; 0x1b000000
     498:	2f315f65 	svccs	0x00315f65
     49c:	6975625f 	ldmdbvs	r5!, {r0, r1, r2, r3, r4, r6, r9, sp, lr}^
     4a0:	622f646c 	eorvs	r6, pc, #108, 8	; 0x6c000000
     4a4:	646c6975 	strbtvs	r6, [ip], #-2421	; 0xfffff68b
     4a8:	38782f73 	ldmdacc	r8!, {r0, r1, r4, r5, r6, r8, r9, sl, fp, sp}^
     4ac:	34365f36 	ldrtcc	r5, [r6], #-3894	; 0xfffff0ca
     4b0:	6b6e752d 	blvs	1b9d96c <shift+0x1b9d96c>
     4b4:	6e776f6e 	cdpvs	15, 7, cr6, cr7, cr14, {3}
     4b8:	6e696c2d 	cdpvs	12, 6, cr6, cr9, cr13, {1}
     4bc:	672d7875 			; <UNDEFINED> instruction: 0x672d7875
     4c0:	612f756e 			; <UNDEFINED> instruction: 0x612f756e
     4c4:	6c2d6d72 	stcvs	13, cr6, [sp], #-456	; 0xfffffe38
     4c8:	78756e69 	ldmdavc	r5!, {r0, r3, r5, r6, r9, sl, fp, sp, lr}^
     4cc:	756e672d 	strbvc	r6, [lr, #-1837]!	; 0xfffff8d3
     4d0:	69626165 	stmdbvs	r2!, {r0, r2, r5, r6, r8, sp, lr}^
     4d4:	672f6668 	strvs	r6, [pc, -r8, ror #12]!
     4d8:	672e6363 	strvs	r6, [lr, -r3, ror #6]!
     4dc:	6c7e7469 	cfldrdvs	mvd7, [lr], #-420	; 0xfffffe5c
     4e0:	72616e69 	rsbvc	r6, r1, #1680	; 0x690
     4e4:	2e372d6f 	cdpcs	13, 3, cr2, cr7, cr15, {3}
     4e8:	30322d35 	eorscc	r2, r2, r5, lsr sp
     4ec:	312e3931 			; <UNDEFINED> instruction: 0x312e3931
     4f0:	74732d32 	ldrbtvc	r2, [r3], #-3378	; 0xfffff2ce
     4f4:	32656761 	rsbcc	r6, r5, #25427968	; 0x1840000
     4f8:	6d72612f 	ldfvse	f6, [r2, #-188]!	; 0xffffff44
     4fc:	6e696c2d 	cdpvs	12, 6, cr6, cr9, cr13, {1}
     500:	672d7875 			; <UNDEFINED> instruction: 0x672d7875
     504:	6165756e 	cmnvs	r5, lr, ror #10
     508:	66686962 	strbtvs	r6, [r8], -r2, ror #18
     50c:	62696c2f 	rsbvs	r6, r9, #12032	; 0x2f00
     510:	00636367 	rsbeq	r6, r3, r7, ror #6
     514:	20554e47 	subscs	r4, r5, r7, asr #28
     518:	32205341 	eorcc	r5, r0, #67108865	; 0x4000001
     51c:	2e38322e 	cdpcs	2, 3, cr3, cr8, cr14, {1}
     520:	80010032 	andhi	r0, r1, r2, lsr r0
     524:	00000d82 	andeq	r0, r0, r2, lsl #27
     528:	00500004 	subseq	r0, r0, r4
     52c:	01040000 	mrseq	r0, (UNDEF: 4)
     530:	000007a5 	andeq	r0, r0, r5, lsr #15
     534:	00139d0c 	andseq	r9, r3, ip, lsl #26
     538:	00018800 	andeq	r8, r1, r0, lsl #16
     53c:	804acc00 	subhi	ip, sl, r0, lsl #24
     540:	00011687 	andeq	r1, r1, r7, lsl #13
     544:	0002de00 	andeq	sp, r2, r0, lsl #28
     548:	07080200 	streq	r0, [r8, -r0, lsl #4]
     54c:	0000055e 	andeq	r0, r0, lr, asr r5
     550:	69050403 	stmdbvs	r5, {r0, r1, sl}
     554:	0400746e 	streq	r7, [r0], #-1134	; 0xfffffb92
     558:	00000759 	andeq	r0, r0, r9, asr r7
     55c:	003ed802 	eorseq	sp, lr, r2, lsl #16
     560:	04020000 	streq	r0, [r2], #-0
     564:	00056807 	andeq	r6, r5, r7, lsl #16
     568:	05080200 	streq	r0, [r8, #-512]	; 0xfffffe00
     56c:	00000c3b 	andeq	r0, r0, fp, lsr ip
     570:	00040802 	andeq	r0, r4, r2, lsl #16
     574:	0500000f 	streq	r0, [r0, #-15]
     578:	08010204 	stmdaeq	r1, {r2, r9}
     57c:	0000137c 	andeq	r1, r0, ip, ror r3
     580:	38070202 	stmdacc	r7, {r1, r9}
     584:	02000015 	andeq	r0, r0, #21
     588:	05630704 	strbeq	r0, [r3, #-1796]!	; 0xfffff8fc
     58c:	01020000 	mrseq	r0, (UNDEF: 2)
     590:	00137e06 	andseq	r7, r3, r6, lsl #28
     594:	05020200 	streq	r0, [r2, #-512]	; 0xfffffe00
     598:	00000ffa 	strdeq	r0, [r0], -sl
     59c:	000db904 	andeq	fp, sp, r4, lsl #18
     5a0:	45370300 	ldrmi	r0, [r7, #-768]!	; 0xfffffd00
     5a4:	04000000 	streq	r0, [r0], #-0
     5a8:	00001513 	andeq	r1, r0, r3, lsl r5
     5ac:	008e8c03 	addeq	r8, lr, r3, lsl #24
     5b0:	04020000 	streq	r0, [r2], #-0
     5b4:	000c4005 	andeq	r4, ip, r5
     5b8:	165c0400 	ldrbne	r0, [ip], -r0, lsl #8
     5bc:	8d030000 	stchi	0, cr0, [r3, #-0]
     5c0:	00000078 	andeq	r0, r0, r8, ror r0
     5c4:	00a60406 	adceq	r0, r6, r6, lsl #8
     5c8:	01020000 	mrseq	r0, (UNDEF: 2)
     5cc:	00138508 	andseq	r8, r3, r8, lsl #10
     5d0:	00a60700 	adceq	r0, r6, r0, lsl #14
     5d4:	ac080000 	stcge	0, cr0, [r8], {-0}
     5d8:	98000005 	stmdals	r0, {r0, r2}
     5dc:	022ff104 	eoreq	pc, pc, #4, 2
     5e0:	9d090000 	stcls	0, cr0, [r9, #-0]
     5e4:	04000002 	streq	r0, [r0], #-2
     5e8:	00002cf2 	strdeq	r2, [r0], -r2	; <UNPREDICTABLE>
     5ec:	4e090000 	cdpmi	0, 0, cr0, cr9, cr0, {0}
     5f0:	0400000a 	streq	r0, [r0], #-10
     5f4:	0000a0f7 	strdeq	sl, [r0], -r7
     5f8:	d2090400 	andle	r0, r9, #0, 8
     5fc:	0400000f 	streq	r0, [r0], #-15
     600:	0000a0f8 	strdeq	sl, [r0], -r8
     604:	8b090800 	blhi	24260c <shift+0x24260c>
     608:	04000007 	streq	r0, [r0], #-7
     60c:	0000a0f9 	strdeq	sl, [r0], -r9
     610:	ed090c00 	stc	12, cr0, [r9, #-0]
     614:	0400000b 	streq	r0, [r0], #-11
     618:	0000a0fa 	strdeq	sl, [r0], -sl	; <UNPREDICTABLE>
     61c:	2d091000 	stccs	0, cr1, [r9, #-0]
     620:	04000014 	streq	r0, [r0], #-20	; 0xffffffec
     624:	0000a0fb 	strdeq	sl, [r0], -fp
     628:	66091400 	strvs	r1, [r9], -r0, lsl #8
     62c:	04000002 	streq	r0, [r0], #-2
     630:	0000a0fc 	strdeq	sl, [r0], -ip
     634:	6f091800 	svcvs	0x00091800
     638:	04000016 	streq	r0, [r0], #-22	; 0xffffffea
     63c:	0000a0fd 	strdeq	sl, [r0], -sp
     640:	d5091c00 	strle	r1, [r9, #-3072]	; 0xfffff400
     644:	04000000 	streq	r0, [r0], #-0
     648:	0000a0fe 	strdeq	sl, [r0], -lr
     64c:	9c0a2000 	stcls	0, cr2, [sl], {-0}
     650:	0400000f 	streq	r0, [r0], #-15
     654:	00a00100 	adceq	r0, r0, r0, lsl #2
     658:	0a240000 	beq	900660 <shift+0x900660>
     65c:	0000063b 	andeq	r0, r0, fp, lsr r6
     660:	a0010104 	andge	r0, r1, r4, lsl #2
     664:	28000000 	stmdacs	r0, {}	; <UNPREDICTABLE>
     668:	0004d70a 	andeq	sp, r4, sl, lsl #14
     66c:	01020400 	tsteq	r2, r0, lsl #8
     670:	000000a0 	andeq	r0, r0, r0, lsr #1
     674:	07720a2c 	ldrbeq	r0, [r2, -ip, lsr #20]!
     678:	04040000 	streq	r0, [r4], #-0
     67c:	00026701 	andeq	r6, r2, r1, lsl #14
     680:	f30a3000 	vhadd.u8	d3, d10, d0
     684:	04000015 	streq	r0, [r0], #-21	; 0xffffffeb
     688:	026d0106 	rsbeq	r0, sp, #-2147483647	; 0x80000001
     68c:	0a340000 	beq	d00694 <shift+0xd00694>
     690:	000006b8 			; <UNDEFINED> instruction: 0x000006b8
     694:	2c010804 	stccs	8, cr0, [r1], {4}
     698:	38000000 	stmdacc	r0, {}	; <UNPREDICTABLE>
     69c:	0002d50a 	andeq	sp, r2, sl, lsl #10
     6a0:	010c0400 	tsteq	ip, r0, lsl #8
     6a4:	0000002c 	andeq	r0, r0, ip, lsr #32
     6a8:	12d80a3c 	sbcsne	r0, r8, #60, 20	; 0x3c000
     6ac:	0e040000 	cdpeq	0, 0, cr0, cr4, cr0, {0}
     6b0:	00008301 	andeq	r8, r0, r1, lsl #6
     6b4:	990a4000 	stmdbls	sl, {lr}
     6b8:	04000007 	streq	r0, [r0], #-7
     6bc:	005c0112 	subseq	r0, ip, r2, lsl r1
     6c0:	0a440000 	beq	11006c8 <shift+0x11006c8>
     6c4:	00000e7f 	andeq	r0, r0, pc, ror lr
     6c8:	6a011304 	bvs	452e0 <shift+0x452e0>
     6cc:	46000000 	strmi	r0, [r0], -r0
     6d0:	0000490a 	andeq	r4, r0, sl, lsl #18
     6d4:	01140400 	tsteq	r4, r0, lsl #8
     6d8:	00000273 	andeq	r0, r0, r3, ror r2
     6dc:	129e0a47 	addsne	r0, lr, #290816	; 0x47000
     6e0:	18040000 	stmdane	r4, {}	; <UNPREDICTABLE>
     6e4:	00028301 	andeq	r8, r2, r1, lsl #6
     6e8:	dc0a4800 	stcle	8, cr4, [sl], {-0}
     6ec:	04000012 	streq	r0, [r0], #-18	; 0xffffffee
     6f0:	00950121 	addseq	r0, r5, r1, lsr #2
     6f4:	0a500000 	beq	14006fc <shift+0x14006fc>
     6f8:	000006c0 	andeq	r0, r0, r0, asr #13
     6fc:	53012904 	movwpl	r2, #6404	; 0x1904
     700:	58000000 	stmdapl	r0, {}	; <UNPREDICTABLE>
     704:	000dd80a 	andeq	sp, sp, sl, lsl #16
     708:	012a0400 			; <UNDEFINED> instruction: 0x012a0400
     70c:	00000053 	andeq	r0, r0, r3, asr r0
     710:	0ddf0a5c 	vldreq	s1, [pc, #368]	; 888 <shift+0x888>
     714:	2b040000 	blcs	10071c <shift+0x10071c>
     718:	00005301 	andeq	r5, r0, r1, lsl #6
     71c:	e60a6000 	str	r6, [sl], -r0
     720:	0400000d 	streq	r0, [r0], #-13
     724:	0053012c 	subseq	r0, r3, ip, lsr #2
     728:	0a640000 	beq	1900730 <shift+0x1900730>
     72c:	00000ded 	andeq	r0, r0, sp, ror #27
     730:	33012e04 	movwcc	r2, #7684	; 0x1e04
     734:	68000000 	stmdavs	r0, {}	; <UNPREDICTABLE>
     738:	000a080a 	andeq	r0, sl, sl, lsl #16
     73c:	012f0400 			; <UNDEFINED> instruction: 0x012f0400
     740:	0000002c 	andeq	r0, r0, ip, lsr #32
     744:	16660a6c 	strbtne	r0, [r6], -ip, ror #20
     748:	31040000 	mrscc	r0, (UNDEF: 4)
     74c:	00028901 	andeq	r8, r2, r1, lsl #18
     750:	0b007000 	bleq	1c758 <shift+0x1c758>
     754:	0000005a 	andeq	r0, r0, sl, asr r0
     758:	1a089604 	bne	225f70 <shift+0x225f70>
     75c:	0c000009 	stceq	0, cr0, [r0], {9}
     760:	02679c04 	rsbeq	r9, r7, #4, 24	; 0x400
     764:	f1090000 			; <UNDEFINED> instruction: 0xf1090000
     768:	04000008 	streq	r0, [r0], #-8
     76c:	0002679d 	muleq	r2, sp, r7
     770:	5b090000 	blpl	240778 <shift+0x240778>
     774:	04000013 	streq	r0, [r0], #-19	; 0xffffffed
     778:	00026d9e 	muleq	r2, lr, sp
     77c:	b1090400 	tstlt	r9, r0, lsl #8
     780:	04000004 	streq	r0, [r0], #-4
     784:	00002ca2 	andeq	r2, r0, r2, lsr #25
     788:	06000800 	streq	r0, [r0], -r0, lsl #16
     78c:	00023604 	andeq	r3, r2, r4, lsl #12
     790:	b2040600 	andlt	r0, r4, #0, 12
     794:	0c000000 	stceq	0, cr0, [r0], {-0}
     798:	000000a6 	andeq	r0, r0, r6, lsr #1
     79c:	00000283 	andeq	r0, r0, r3, lsl #5
     7a0:	00003e0d 	andeq	r3, r0, sp, lsl #28
     7a4:	06000000 	streq	r0, [r0], -r0
     7a8:	00022f04 	andeq	r2, r2, r4, lsl #30
     7ac:	00a60c00 	adceq	r0, r6, r0, lsl #24
     7b0:	02990000 	addseq	r0, r9, #0
     7b4:	3e0d0000 	cdpcc	0, 0, cr0, cr13, cr0, {0}
     7b8:	27000000 	strcs	r0, [r0, -r0]
     7bc:	118a0e00 	orrne	r0, sl, r0, lsl #28
     7c0:	780f0000 	stmdavc	pc, {}	; <UNPREDICTABLE>
     7c4:	04000004 	streq	r0, [r0], #-4
     7c8:	0299013b 	addseq	r0, r9, #-1073741810	; 0xc000000e
     7cc:	630f0000 	movwvs	r0, #61440	; 0xf000
     7d0:	0400000c 	streq	r0, [r0], #-12
     7d4:	0299013c 	addseq	r0, r9, #60, 2
     7d8:	e10f0000 	mrs	r0, CPSR
     7dc:	04000009 	streq	r0, [r0], #-9
     7e0:	0299013d 	addseq	r0, r9, #1073741839	; 0x4000000f
     7e4:	04060000 	streq	r0, [r6], #-0
     7e8:	000000ad 	andeq	r0, r0, sp, lsr #1
     7ec:	0002c207 	andeq	ip, r2, r7, lsl #4
     7f0:	08ba1000 	ldmeq	sl!, {ip}
     7f4:	ab050000 	blge	1407fc <shift+0x1407fc>
     7f8:	0000026d 	andeq	r0, r0, sp, ror #4
     7fc:	0004c310 	andeq	ip, r4, r0, lsl r3
     800:	6dac0500 	cfstr32vs	mvfx0, [ip]
     804:	10000002 	andne	r0, r0, r2
     808:	000000a8 	andeq	r0, r0, r8, lsr #1
     80c:	026dad05 	rsbeq	sl, sp, #320	; 0x140
     810:	2c100000 	ldccs	0, cr0, [r0], {-0}
     814:	06000003 	streq	r0, [r0], -r3
     818:	00002c1a 	andeq	r2, r0, sl, lsl ip
     81c:	02c80c00 	sbceq	r0, r8, #0, 24
     820:	03040000 	movweq	r0, #16384	; 0x4000
     824:	00110000 	andseq	r0, r1, r0
     828:	0002f907 	andeq	pc, r2, r7, lsl #18
     82c:	155d1000 	ldrbne	r1, [sp, #-0]
     830:	1b060000 	blne	180838 <shift+0x180838>
     834:	00000304 	andeq	r0, r0, r4, lsl #6
     838:	00032b10 	andeq	r2, r3, r0, lsl fp
     83c:	2c1e0600 	ldccs	6, cr0, [lr], {-0}
     840:	10000000 	andne	r0, r0, r0
     844:	0000155c 	andeq	r1, r0, ip, asr r5
     848:	03041f06 	movweq	r1, #20230	; 0x4f06
     84c:	8f100000 	svchi	0x00100000
     850:	07000006 	streq	r0, [r0, -r6]
     854:	0000a036 	andeq	sl, r0, r6, lsr r0
     858:	008a1000 	addeq	r1, sl, r0
     85c:	36070000 	strcc	r0, [r7], -r0
     860:	000000a0 	andeq	r0, r0, r0, lsr #1
     864:	03460406 	movteq	r0, #25606	; 0x6406
     868:	2c120000 	ldccs	0, cr0, [r2], {-0}
     86c:	5a000000 	bpl	874 <shift+0x874>
     870:	13000003 	movwne	r0, #3
     874:	0000035a 	andeq	r0, r0, sl, asr r3
     878:	00035a13 	andeq	r5, r3, r3, lsl sl
     87c:	04060000 	streq	r0, [r6], #-0
     880:	00000360 	andeq	r0, r0, r0, ror #6
     884:	11720f14 	cmnne	r2, r4, lsl pc
     888:	22080000 	andcs	r0, r8, #0
     88c:	00036d02 	andeq	r6, r3, r2, lsl #26
     890:	a0040600 	andge	r0, r4, r0, lsl #12
     894:	0f000000 	svceq	0x00000000
     898:	00001174 	andeq	r1, r0, r4, ror r1
     89c:	6d022408 	cfstrsvs	mvf2, [r2, #-32]	; 0xffffffe0
     8a0:	10000003 	andne	r0, r0, r3
     8a4:	00000ec0 	andeq	r0, r0, r0, asr #29
     8a8:	00a02309 	adceq	r2, r0, r9, lsl #6
     8ac:	25100000 	ldrcs	r0, [r0, #-0]
     8b0:	0900000d 	stmdbeq	r0, {r0, r2, r3}
     8b4:	00002c31 	andeq	r2, r0, r1, lsr ip
     8b8:	0e8e1000 	cdpeq	0, 8, cr1, cr14, cr0, {0}
     8bc:	36090000 	strcc	r0, [r9], -r0
     8c0:	0000002c 	andeq	r0, r0, ip, lsr #32
     8c4:	00013910 	andeq	r3, r1, r0, lsl r9
     8c8:	2c3a0900 			; <UNDEFINED> instruction: 0x2c3a0900
     8cc:	0c000000 	stceq	0, cr0, [r0], {-0}
     8d0:	000000a0 	andeq	r0, r0, r0, lsr #1
     8d4:	000003bb 			; <UNDEFINED> instruction: 0x000003bb
     8d8:	00003e0d 	andeq	r3, r0, sp, lsl #28
     8dc:	10000100 	andne	r0, r0, r0, lsl #2
     8e0:	00000465 	andeq	r0, r0, r5, ror #8
     8e4:	03aba50a 			; <UNDEFINED> instruction: 0x03aba50a
     8e8:	2f100000 	svccs	0x00100000
     8ec:	0a000016 	beq	94c <shift+0x94c>
     8f0:	00002ca6 	andeq	r2, r0, r6, lsr #25
     8f4:	04101000 	ldreq	r1, [r0], #-0
     8f8:	a70a0000 	strge	r0, [sl, -r0]
     8fc:	0000008e 	andeq	r0, r0, lr, lsl #1
     900:	00046710 	andeq	r6, r4, r0, lsl r7
     904:	abac0a00 	blge	feb0310c <__bss_end+0x772f8900>
     908:	10000003 	andne	r0, r0, r3
     90c:	00001631 	andeq	r1, r0, r1, lsr r6
     910:	002cb40a 	eoreq	fp, ip, sl, lsl #8
     914:	12100000 	andsne	r0, r0, #0
     918:	0a000004 	beq	930 <shift+0x930>
     91c:	00008eb5 			; <UNDEFINED> instruction: 0x00008eb5
     920:	02890f00 	addeq	r0, r9, #0, 30
     924:	1e0a0000 	cdpne	0, 0, cr0, cr10, cr0, {0}
     928:	00002c01 	andeq	r2, r0, r1, lsl #24
     92c:	046e0400 	strbteq	r0, [lr], #-1024	; 0xfffffc00
     930:	2a0b0000 	bcs	2c0938 <shift+0x2c0938>
     934:	0000003e 	andeq	r0, r0, lr, lsr r0
     938:	000a4404 	andeq	r4, sl, r4, lsl #8
     93c:	1f2f0b00 	svcne	0x002f0b00
     940:	06000004 	streq	r0, [r0], -r4
     944:	00042504 	andeq	r2, r4, r4, lsl #10
     948:	04091200 	streq	r1, [r9], #-512	; 0xfffffe00
     94c:	04340000 	ldrteq	r0, [r4], #-0
     950:	5a130000 	bpl	4c0958 <shift+0x4c0958>
     954:	00000003 	andeq	r0, r0, r3
     958:	000dc204 	andeq	ip, sp, r4, lsl #4
     95c:	40360b00 	eorsmi	r0, r6, r0, lsl #22
     960:	10000003 	andne	r0, r0, r3
     964:	00000cae 	andeq	r0, r0, lr, lsr #25
     968:	0414bb0b 	ldreq	fp, [r4], #-2827	; 0xfffff4f5
     96c:	3b100000 	blcc	400974 <shift+0x400974>
     970:	0b000014 	bleq	9c8 <shift+0x9c8>
     974:	000434be 			; <UNDEFINED> instruction: 0x000434be
     978:	09371500 	ldmdbeq	r7!, {r8, sl, ip}
     97c:	04070000 	streq	r0, [r7], #-0
     980:	0000003e 	andeq	r0, r0, lr, lsr r0
     984:	057b1d0c 	ldrbeq	r1, [fp, #-3340]!	; 0xfffff2f4
     988:	a4160000 	ldrge	r0, [r6], #-0
     98c:	00000002 	andeq	r0, r0, r2
     990:	0012b116 	andseq	fp, r2, r6, lsl r1
     994:	86160100 	ldrhi	r0, [r6], -r0, lsl #2
     998:	02000010 	andeq	r0, r0, #16
     99c:	0011f616 	andseq	pc, r1, r6, lsl r6	; <UNPREDICTABLE>
     9a0:	ff160300 			; <UNDEFINED> instruction: 0xff160300
     9a4:	04000012 	streq	r0, [r0], #-18	; 0xffffffee
     9a8:	00130d16 	andseq	r0, r3, r6, lsl sp
     9ac:	7c160500 	cfldr32vc	mvfx0, [r6], {-0}
     9b0:	06000000 	streq	r0, [r0], -r0
     9b4:	00152916 	andseq	r2, r5, r6, lsl r9
     9b8:	95160700 	ldrls	r0, [r6, #-1792]	; 0xfffff900
     9bc:	08000010 	stmdaeq	r0, {r4}
     9c0:	00131b16 	andseq	r1, r3, r6, lsl fp
     9c4:	fd160900 	ldc2	9, cr0, [r6, #-0]	; <UNPREDICTABLE>
     9c8:	0a000002 	beq	9d8 <shift+0x9d8>
     9cc:	000d1616 	andeq	r1, sp, r6, lsl r6
     9d0:	e4160b00 	ldr	r0, [r6], #-2816	; 0xfffff500
     9d4:	0c000012 	stceq	0, cr0, [r0], {18}
     9d8:	00072016 	andeq	r2, r7, r6, lsl r0
     9dc:	5b160d00 	blpl	583de4 <shift+0x583de4>
     9e0:	0e00000a 	cdpeq	0, 0, cr0, cr0, cr10, {0}
     9e4:	00132916 	andseq	r2, r3, r6, lsl r9
     9e8:	d4160f00 	ldrle	r0, [r6], #-3840	; 0xfffff100
     9ec:	10000009 	andne	r0, r0, r9
     9f0:	00133716 	andseq	r3, r3, r6, lsl r7
     9f4:	7c161100 	ldfvcs	f1, [r6], {-0}
     9f8:	12000011 	andne	r0, r0, #17
     9fc:	000bad16 	andeq	sl, fp, r6, lsl sp
     a00:	e8161300 	ldmda	r6, {r8, r9, ip}
     a04:	1400000c 	strne	r0, [r0], #-12
     a08:	00095416 	andeq	r5, r9, r6, lsl r4
     a0c:	64161500 	ldrvs	r1, [r6], #-1280	; 0xfffffb00
     a10:	16000009 	strne	r0, [r0], -r9
     a14:	00039f16 	andeq	r9, r3, r6, lsl pc
     a18:	9f161700 	svcls	0x00161700
     a1c:	18000011 	stmdane	r0, {r0, r4}
     a20:	0011ad16 	andseq	sl, r1, r6, lsl sp
     a24:	bb161900 	bllt	586e2c <shift+0x586e2c>
     a28:	1a000011 	bne	a74 <shift+0xa74>
     a2c:	000c4916 	andeq	r4, ip, r6, lsl r9
     a30:	a4161b00 	ldrge	r1, [r6], #-2816	; 0xfffff500
     a34:	1c000012 	stcne	0, cr0, [r0], {18}
     a38:	0015fa16 	andseq	pc, r5, r6, lsl sl	; <UNPREDICTABLE>
     a3c:	2e161d00 	cdpcs	13, 1, cr1, cr6, cr0, {0}
     a40:	1e00000c 	cdpne	0, 0, cr0, cr0, cr12, {0}
     a44:	0003ff16 	andeq	pc, r3, r6, lsl pc	; <UNPREDICTABLE>
     a48:	00161f00 	andseq	r1, r6, r0, lsl #30
     a4c:	20000000 	andcs	r0, r0, r0
     a50:	00099b16 	andeq	r9, r9, r6, lsl fp
     a54:	e2162100 	ands	r2, r6, #0, 2
     a58:	22000008 	andcs	r0, r0, #8
     a5c:	0004ca16 	andeq	ip, r4, r6, lsl sl
     a60:	39162300 	ldmdbcc	r6, {r8, r9, sp}
     a64:	2400000d 	strcs	r0, [r0], #-13
     a68:	00059316 	andeq	r9, r5, r6, lsl r3
     a6c:	4f162500 	svcmi	0x00162500
     a70:	2600000f 	strcs	r0, [r0], -pc
     a74:	00037e16 	andeq	r7, r3, r6, lsl lr
     a78:	43162700 	tstmi	r6, #0, 14
     a7c:	28000009 	stmdacs	r0, {r0, r3}
     a80:	00163a16 	andseq	r3, r6, r6, lsl sl
     a84:	86162900 	ldrhi	r2, [r6], -r0, lsl #18
     a88:	2a00000c 	bcs	ac0 <shift+0xac0>
     a8c:	0005b516 	andeq	fp, r5, r6, lsl r5
     a90:	f1162b00 			; <UNDEFINED> instruction: 0xf1162b00
     a94:	2c000012 	stccs	0, cr0, [r0], {18}
     a98:	0006c716 	andeq	ip, r6, r6, lsl r7
     a9c:	15002d00 	strne	r2, [r0, #-3328]	; 0xfffff300
     aa0:	000009f1 	strdeq	r0, [r0], -r1
     aa4:	003e0407 	eorseq	r0, lr, r7, lsl #8
     aa8:	170d0000 	strne	r0, [sp, -r0]
     aac:	0000081b 	andeq	r0, r0, fp, lsl r8
     ab0:	0004eb16 	andeq	lr, r4, r6, lsl fp
     ab4:	69160000 	ldmdbvs	r6, {}	; <UNPREDICTABLE>
     ab8:	01000015 	tsteq	r0, r5, lsl r0
     abc:	0004fb16 	andeq	pc, r4, r6, lsl fp	; <UNPREDICTABLE>
     ac0:	1e160200 	cdpne	2, 1, cr0, cr6, cr0, {0}
     ac4:	03000005 	movweq	r0, #5
     ac8:	00144b16 	andseq	r4, r4, r6, lsl fp
     acc:	04160400 	ldreq	r0, [r6], #-1024	; 0xfffffc00
     ad0:	05000010 	streq	r0, [r0, #-16]
     ad4:	0005d316 	andeq	sp, r5, r6, lsl r3
     ad8:	60160600 	andsvs	r0, r6, r0, lsl #12
     adc:	07000007 	streq	r0, [r0, -r7]
     ae0:	00052e16 	andeq	r2, r5, r6, lsl lr
     ae4:	1e160800 	cdpne	8, 1, cr0, cr6, cr0, {0}
     ae8:	09000016 	stmdbeq	r0, {r1, r2, r4}
     aec:	00014016 	andeq	r4, r1, r6, lsl r0
     af0:	4b160a00 	blmi	5832f8 <shift+0x5832f8>
     af4:	0b000015 	bleq	b50 <shift+0xb50>
     af8:	000e1f16 	andeq	r1, lr, r6, lsl pc
     afc:	b9160c00 	ldmdblt	r6, {sl, fp}
     b00:	0d000014 	stceq	0, cr0, [r0, #-80]	; 0xffffffb0
     b04:	000f7616 	andeq	r7, pc, r6, lsl r6	; <UNPREDICTABLE>
     b08:	3c160e00 	ldccc	14, cr0, [r6], {-0}
     b0c:	0f000012 	svceq	0x00000012
     b10:	00060c16 	andeq	r0, r6, r6, lsl ip
     b14:	0b161000 	bleq	584b1c <shift+0x584b1c>
     b18:	11000005 	tstne	r0, r5
     b1c:	000f3c16 	andeq	r3, pc, r6, lsl ip	; <UNPREDICTABLE>
     b20:	f7161200 			; <UNDEFINED> instruction: 0xf7161200
     b24:	13000005 	movwne	r0, #5
     b28:	00164b16 	andseq	r4, r6, r6, lsl fp
     b2c:	6a161400 	bvs	585b34 <shift+0x585b34>
     b30:	15000001 	strne	r0, [r0, #-1]
     b34:	000b0616 	andeq	r0, fp, r6, lsl r6
     b38:	3e161600 	cfmsub32cc	mvax0, mvfx1, mvfx6, mvfx0
     b3c:	17000005 	strne	r0, [r0, -r5]
     b40:	00010016 	andeq	r0, r1, r6, lsl r0
     b44:	ac161800 	ldcge	8, cr1, [r6], {-0}
     b48:	19000015 	stmdbne	r0, {r0, r2, r4}
     b4c:	0012c016 	andseq	ip, r2, r6, lsl r0
     b50:	a4161a00 	ldrge	r1, [r6], #-2560	; 0xfffff600
     b54:	1b000010 	blne	b9c <shift+0xb9c>
     b58:	00122316 	andseq	r2, r2, r6, lsl r3
     b5c:	07161c00 	ldreq	r1, [r6, -r0, lsl #24]
     b60:	1d000014 	stcne	0, cr0, [r0, #-80]	; 0xffffffb0
     b64:	00057516 	andeq	r7, r5, r6, lsl r5
     b68:	c9161e00 	ldmdbgt	r6, {r9, sl, fp, ip}
     b6c:	1f00000a 	svcne	0x0000000a
     b70:	000e5616 	andeq	r5, lr, r6, lsl r6
     b74:	7c162000 	ldcvc	0, cr2, [r6], {-0}
     b78:	21000006 	tstcs	r0, r6
     b7c:	00101616 	andseq	r1, r0, r6, lsl r6
     b80:	8d162200 	lfmhi	f2, 4, [r6, #-0]
     b84:	2300000b 	movwcs	r0, #11
     b88:	00054e16 	andeq	r4, r5, r6, lsl lr
     b8c:	db162400 	blle	589b94 <shift+0x589b94>
     b90:	25000011 	strcs	r0, [r0, #-17]	; 0xffffffef
     b94:	00043016 	andeq	r3, r4, r6, lsl r0
     b98:	8a162600 	bhi	58a3a0 <shift+0x58a3a0>
     b9c:	27000013 	smladcs	r0, r3, r0, r0
     ba0:	00160b16 	andseq	r0, r6, r6, lsl fp
     ba4:	19162800 	ldmdbne	r6, {fp, sp}
     ba8:	2900000f 	stmdbcs	r0, {r0, r1, r2, r3}
     bac:	00092516 	andeq	r2, r9, r6, lsl r5
     bb0:	ea162a00 	b	58b3b8 <shift+0x58b3b8>
     bb4:	2b000010 	blcs	bfc <shift+0xbfc>
     bb8:	000bd916 	andeq	sp, fp, r6, lsl r9
     bbc:	dd162c00 	ldcle	12, cr2, [r6, #-0]
     bc0:	2d000002 	stccs	0, cr0, [r0, #-8]
     bc4:	00025216 	andeq	r5, r2, r6, lsl r2
     bc8:	8e162e00 	cdphi	14, 1, cr2, cr6, cr0, {0}
     bcc:	2f000014 	svccs	0x00000014
     bd0:	000b7916 	andeq	r7, fp, r6, lsl r9
     bd4:	e5163000 	ldr	r3, [r6, #-0]
     bd8:	31000005 	tstcc	r0, r5
     bdc:	000b5816 	andeq	r5, fp, r6, lsl r8
     be0:	6b163200 	blvs	58d3e8 <shift+0x58d3e8>
     be4:	3300000e 	movwcc	r0, #14
     be8:	00024016 	andeq	r4, r2, r6, lsl r0
     bec:	e1163400 	tst	r6, r0, lsl #8
     bf0:	35000015 	strcc	r0, [r0, #-21]	; 0xffffffeb
     bf4:	000c1b16 	andeq	r1, ip, r6, lsl fp
     bf8:	a7163600 	ldrge	r3, [r6, -r0, lsl #12]
     bfc:	37000008 	strcc	r0, [r0, -r8]
     c00:	000c7316 	andeq	r7, ip, r6, lsl r3
     c04:	ec163800 	ldc	8, cr3, [r6], {-0}
     c08:	39000014 	stmdbcc	r0, {r2, r4}
     c0c:	0003c916 	andeq	ip, r3, r6, lsl r9
     c10:	c0163a00 	andsgt	r3, r6, r0, lsl #20
     c14:	3b000008 	blcc	c3c <shift+0xc3c>
     c18:	00087d16 	andeq	r7, r8, r6, lsl sp
     c1c:	0f163c00 	svceq	0x00163c00
     c20:	3d000000 	stccc	0, cr0, [r0, #-0]
     c24:	000bbc16 	andeq	fp, fp, r6, lsl ip
     c28:	b1163e00 	tstlt	r6, r0, lsl #28
     c2c:	3f000009 	svccc	0x00000009
     c30:	0002ae16 	andeq	sl, r2, r6, lsl lr
     c34:	a2164000 	andsge	r4, r6, #0
     c38:	41000014 	tstmi	r0, r4, lsl r0
     c3c:	000b1916 	andeq	r1, fp, r6, lsl r9
     c40:	45164200 	ldrmi	r4, [r6, #-512]	; 0xfffffe00
     c44:	43000013 	movwmi	r0, #19
     c48:	00006516 	andeq	r6, r0, r6, lsl r5
     c4c:	7f164400 	svcvc	0x00164400
     c50:	4500000a 	strmi	r0, [r0, #-10]
     c54:	000a6b16 	andeq	r6, sl, r6, lsl fp
     c58:	bd164600 	ldclt	6, cr4, [r6, #-0]
     c5c:	47000010 	smladmi	r0, r0, r0, r0
     c60:	00111e16 	andseq	r1, r1, r6, lsl lr
     c64:	6d164800 	ldcvs	8, cr4, [r6, #-0]
     c68:	49000014 	stmdbmi	r0, {r2, r4}
     c6c:	0006d416 	andeq	sp, r6, r6, lsl r4
     c70:	09164a00 	ldmdbeq	r6, {r9, fp, lr}
     c74:	4b00000e 	blmi	cb4 <shift+0xcb4>
     c78:	000f8816 	andeq	r8, pc, r6, lsl r8	; <UNPREDICTABLE>
     c7c:	6b164c00 	blvs	593c84 <shift+0x593c84>
     c80:	4d000010 	stcmi	0, cr0, [r0, #-64]	; 0xffffffc0
     c84:	000faa16 	andeq	sl, pc, r6, lsl sl	; <UNPREDICTABLE>
     c88:	be164e00 	cdplt	14, 1, cr4, cr6, cr0, {0}
     c8c:	4f00000f 	svcmi	0x0000000f
     c90:	00045016 	andeq	r5, r4, r6, lsl r0
     c94:	ac165000 	ldcge	0, cr5, [r6], {-0}
     c98:	51000003 	tstpl	r0, r3
     c9c:	0003dc16 	andeq	sp, r3, r6, lsl ip
     ca0:	4e165200 	cdpmi	2, 1, cr5, cr6, cr0, {0}
     ca4:	53000012 	movwpl	r0, #18
     ca8:	00041b16 	andeq	r1, r4, r6, lsl fp
     cac:	62165400 	andsvs	r5, r6, #0, 8
     cb0:	55000012 	strpl	r0, [r0, #-18]	; 0xffffffee
     cb4:	00127616 	andseq	r7, r2, r6, lsl r6
     cb8:	8a165600 	bhi	5964c0 <shift+0x5964c0>
     cbc:	57000012 	smladpl	r0, r2, r0, r0
     cc0:	000add16 	andeq	sp, sl, r6, lsl sp
     cc4:	a7165800 	ldrge	r5, [r6, -r0, lsl #16]
     cc8:	5900000a 	stmdbpl	r0, {r1, r3}
     ccc:	000a9316 	andeq	r9, sl, r6, lsl r3
     cd0:	97165a00 	ldrls	r5, [r6, -r0, lsl #20]
     cd4:	5b00000c 	blpl	d0c <shift+0xd0c>
     cd8:	000a1916 	andeq	r1, sl, r6, lsl r9
     cdc:	5f165c00 	svcpl	0x00165c00
     ce0:	5d000006 	stcpl	0, cr0, [r0, #-24]	; 0xffffffe8
     ce4:	00074416 	andeq	r4, r7, r6, lsl r4
     ce8:	c0165e00 	andsgt	r5, r6, r0, lsl #28
     cec:	5f00000c 	svcpl	0x0000000c
     cf0:	000af116 	andeq	pc, sl, r6, lsl r1	; <UNPREDICTABLE>
     cf4:	29166000 	ldmdbcs	r6, {sp, lr}
     cf8:	61000010 	tstvs	r0, r0, lsl r0
     cfc:	00158716 	andseq	r8, r5, r6, lsl r7
     d00:	f4166200 			; <UNDEFINED> instruction: 0xf4166200
     d04:	6300000d 	movwvs	r0, #13
     d08:	0006f916 	andeq	pc, r6, r6, lsl r9	; <UNPREDICTABLE>
     d0c:	12166400 	andsne	r6, r6, #0, 8
     d10:	65000001 	strvs	r0, [r0, #-1]
     d14:	0000b716 	andeq	fp, r0, r6, lsl r7
     d18:	f8166600 			; <UNDEFINED> instruction: 0xf8166600
     d1c:	6700000c 	strvs	r0, [r0, -ip]
     d20:	000ea216 	andeq	sl, lr, r6, lsl r2
     d24:	4d166800 	ldcmi	8, cr6, [r6, #-0]
     d28:	69000010 	stmdbvs	r0, {r4}
     d2c:	00003416 	andeq	r3, r0, r6, lsl r4
     d30:	74166a00 	ldrvc	r6, [r6], #-2560	; 0xfffff600
     d34:	6b000002 	blvs	d44 <shift+0xd44>
     d38:	000b2b16 	andeq	r2, fp, r6, lsl fp
     d3c:	0f006c00 	svceq	0x00006c00
     d40:	0000031c 	andeq	r0, r0, ip, lsl r3
     d44:	0401410e 	streq	r4, [r1], #-270	; 0xfffffef2
     d48:	0f000003 	svceq	0x00000003
     d4c:	0000077b 	andeq	r0, r0, fp, ror r7
     d50:	0401760e 	streq	r7, [r1], #-1550	; 0xfffff9f2
     d54:	0c000003 	stceq	0, cr0, [r0], {3}
     d58:	000000a6 	andeq	r0, r0, r6, lsr #1
     d5c:	0000083e 	andeq	r0, r0, lr, lsr r8
     d60:	bb100011 	bllt	400dac <shift+0x400dac>
     d64:	0f00000a 	svceq	0x0000000a
     d68:	0008332d 	andeq	r3, r8, sp, lsr #6
     d6c:	13611000 	cmnne	r1, #0
     d70:	350f0000 	strcc	r0, [pc, #-0]	; d78 <shift+0xd78>
     d74:	0000057b 	andeq	r0, r0, fp, ror r5
     d78:	00061f15 	andeq	r1, r6, r5, lsl pc
     d7c:	3e040700 	cdpcc	7, 0, cr0, cr4, cr0, {0}
     d80:	0f000000 	svceq	0x00000000
     d84:	0008c637 	andeq	ip, r8, r7, lsr r6
     d88:	00531600 	subseq	r1, r3, r0, lsl #12
     d8c:	16000000 	strne	r0, [r0], -r0
     d90:	000009aa 	andeq	r0, r0, sl, lsr #19
     d94:	14fe1601 	ldrbtne	r1, [lr], #1537	; 0x601
     d98:	16020000 	strne	r0, [r2], -r0
     d9c:	000014cc 	andeq	r1, r0, ip, asr #9
     da0:	0d681603 	stcleq	6, cr1, [r8, #-12]!
     da4:	16040000 	strne	r0, [r4], -r0
     da8:	00001198 	muleq	r0, r8, r1
     dac:	035d1605 	cmpeq	sp, #5242880	; 0x500000
     db0:	16060000 	strne	r0, [r6], -r0
     db4:	0000033f 	andeq	r0, r0, pc, lsr r3
     db8:	04e41607 	strbteq	r1, [r4], #1543	; 0x607
     dbc:	16080000 	strne	r0, [r8], -r0
     dc0:	00000bd2 	ldrdeq	r0, [r0], -r2
     dc4:	03641609 	cmneq	r4, #9437184	; 0x900000
     dc8:	160a0000 	strne	r0, [sl], -r0
     dcc:	000003f8 	strdeq	r0, [r0], -r8
     dd0:	03f1160b 	mvnseq	r1, #11534336	; 0xb00000
     dd4:	160c0000 	strne	r0, [ip], -r0
     dd8:	00000356 	andeq	r0, r0, r6, asr r3
     ddc:	11ef160d 	mvnne	r1, sp, lsl #12
     de0:	160e0000 	strne	r0, [lr], -r0
     de4:	00000ec7 	andeq	r0, r0, r7, asr #29
     de8:	7f04000f 	svcvc	0x0004000f
     dec:	0f000010 	svceq	0x00000010
     df0:	0008543c 	andeq	r5, r8, ip, lsr r4
     df4:	113f1000 	teqne	pc, r0
     df8:	3e0f0000 	cdpcc	0, 0, cr0, cr15, cr0, {0}
     dfc:	000008c6 	andeq	r0, r0, r6, asr #17
     e00:	00121210 	andseq	r1, r2, r0, lsl r2
     e04:	2c470f00 	mcrrcs	15, 0, r0, r7, cr0
     e08:	10000000 	andne	r0, r0, r0
     e0c:	0000030c 	andeq	r0, r0, ip, lsl #6
     e10:	002c480f 	eoreq	r4, ip, pc, lsl #16
     e14:	5e0e0000 	cdppl	0, 0, cr0, cr14, cr0, {0}
     e18:	10000011 	andne	r0, r0, r1, lsl r0
     e1c:	0000114e 	andeq	r1, r0, lr, asr #2
     e20:	0902490f 	stmdbeq	r2, {r0, r1, r2, r3, r8, fp, lr}
     e24:	04060000 	streq	r0, [r6], #-0
     e28:	000008f2 	strdeq	r0, [r0], -r2
     e2c:	09741017 	ldmdbeq	r4!, {r0, r1, r2, r4, ip}^
     e30:	4b0f0000 	blmi	3c0e38 <shift+0x3c0e38>
     e34:	00000914 	andeq	r0, r0, r4, lsl r9
     e38:	09080406 	stmdbeq	r8, {r1, r2, sl}
     e3c:	d5180000 	ldrle	r0, [r8, #-0]
     e40:	10000010 	andne	r0, r0, r0, lsl r0
     e44:	00000d55 	andeq	r0, r0, r5, asr sp
     e48:	092a4f0f 	stmdbeq	sl!, {r0, r1, r2, r3, r8, r9, sl, fp, lr}
     e4c:	04060000 	streq	r0, [r6], #-0
     e50:	0000091a 	andeq	r0, r0, sl, lsl r9
     e54:	0004b619 	andeq	fp, r4, r9, lsl r6
     e58:	4f0fb800 	svcmi	0x000fb800
     e5c:	00095801 	andeq	r5, r9, r1, lsl #16
     e60:	0ac40a00 	beq	ff103668 <__bss_end+0x778f8e5c>
     e64:	510f0000 	mrspl	r0, CPSR
     e68:	0002c201 	andeq	ip, r2, r1, lsl #4
     e6c:	950a0000 	strls	r0, [sl, #-0]
     e70:	0f000004 	svceq	0x00000004
     e74:	095d0152 	ldmdbeq	sp, {r1, r4, r6, r8}^
     e78:	00040000 	andeq	r0, r4, r0
     e7c:	00093007 	andeq	r3, r9, r7
     e80:	04550c00 	ldrbeq	r0, [r5], #-3072	; 0xfffff400
     e84:	096d0000 	stmdbeq	sp!, {}^	; <UNPREDICTABLE>
     e88:	3e0d0000 	cdpcc	0, 0, cr0, cr13, cr0, {0}
     e8c:	2c000000 	stccs	0, cr0, [r0], {-0}
     e90:	09580c00 	ldmdbeq	r8, {sl, fp}^
     e94:	09780000 	ldmdbeq	r8!, {}^	; <UNPREDICTABLE>
     e98:	00110000 	andseq	r0, r1, r0
     e9c:	00096d07 	andeq	r6, r9, r7, lsl #26
     ea0:	08930f00 	ldmeq	r3, {r8, r9, sl, fp}
     ea4:	530f0000 	movwpl	r0, #61440	; 0xf000
     ea8:	00097801 	andeq	r7, r9, r1, lsl #16
     eac:	0c560f00 	mrrceq	15, 0, r0, r6, cr0
     eb0:	560f0000 	strpl	r0, [pc], -r0
     eb4:	00002c01 	andeq	r2, r0, r1, lsl #24
     eb8:	10ff1a00 	rscsne	r1, pc, r0, lsl #20
     ebc:	04070000 	streq	r0, [r7], #-0
     ec0:	0000003e 	andeq	r0, r0, lr, lsr r0
     ec4:	4401690f 	strmi	r6, [r1], #-2319	; 0xfffff6f1
     ec8:	1600000a 	strne	r0, [r0], -sl
     ecc:	00000d49 	andeq	r0, r0, r9, asr #26
     ed0:	01521600 	cmpeq	r2, r0, lsl #12
     ed4:	16020000 	strne	r0, [r2], -r0
     ed8:	0000015e 	andeq	r0, r0, lr, asr r1
     edc:	05861603 	streq	r1, [r6, #1539]	; 0x603
     ee0:	16030000 	strne	r0, [r3], -r0
     ee4:	00000d85 	andeq	r0, r0, r5, lsl #27
     ee8:	08d51604 	ldmeq	r5, {r2, r9, sl, ip}^
     eec:	16040000 	strne	r0, [r4], -r0
     ef0:	0000017c 	andeq	r0, r0, ip, ror r1
     ef4:	09c71605 	stmibeq	r7, {r0, r2, r9, sl, ip}^
     ef8:	16050000 	strne	r0, [r5], -r0
     efc:	00000e95 	muleq	r0, r5, lr
     f00:	090c1605 	stmdbeq	ip, {r0, r2, r9, sl, ip}
     f04:	16050000 	strne	r0, [r5], -r0
     f08:	000002ee 	andeq	r0, r0, lr, ror #5
     f0c:	0d9e1605 	ldceq	6, cr1, [lr, #20]
     f10:	16060000 	strne	r0, [r6], -r0
     f14:	00000b6c 	andeq	r0, r0, ip, ror #22
     f18:	04871606 	streq	r1, [r7], #1542	; 0x606
     f1c:	16060000 	strne	r0, [r6], -r0
     f20:	00000f0c 	andeq	r0, r0, ip, lsl #30
     f24:	0dca1606 	stcleq	6, cr1, [sl, #24]
     f28:	16060000 	strne	r0, [r6], -r0
     f2c:	00000ba0 	andeq	r0, r0, r0, lsr #23
     f30:	0bfc1606 	bleq	fff06750 <__bss_end+0x786fbf44>
     f34:	16060000 	strne	r0, [r6], -r0
     f38:	00000234 	andeq	r0, r0, r4, lsr r2
     f3c:	0d2c1607 	stceq	6, cr1, [ip, #-28]!	; 0xffffffe4
     f40:	16070000 	strne	r0, [r7], -r0
     f44:	00000d91 	muleq	r0, r1, sp
     f48:	12051607 	andne	r1, r5, #7340032	; 0x700000
     f4c:	16070000 	strne	r0, [r7], -r0
     f50:	00000442 	andeq	r0, r0, r2, asr #8
     f54:	0e491607 	cdpeq	6, 4, cr1, cr9, cr7, {0}
     f58:	16080000 	strne	r0, [r8], -r0
     f5c:	000000ee 	andeq	r0, r0, lr, ror #1
     f60:	11c91608 	bicne	r1, r9, r8, lsl #12
     f64:	00080000 	andeq	r0, r8, r0
     f68:	00151b0f 	andseq	r1, r5, pc, lsl #22
     f6c:	01880f00 	orreq	r0, r8, r0, lsl #30
     f70:	00000995 	muleq	r0, r5, r9
     f74:	00089c0f 	andeq	r9, r8, pc, lsl #24
     f78:	018b0f00 	orreq	r0, fp, r0, lsl #30
     f7c:	0000002c 	andeq	r0, r0, ip, lsr #32
     f80:	000ece0f 	andeq	ip, lr, pc, lsl #28
     f84:	018e0f00 	orreq	r0, lr, r0, lsl #30
     f88:	0000002c 	andeq	r0, r0, ip, lsr #32
     f8c:	000a0e0f 	andeq	r0, sl, pc, lsl #28
     f90:	01910f00 	orrseq	r0, r1, r0, lsl #30
     f94:	0000002c 	andeq	r0, r0, ip, lsr #32
     f98:	000ed80f 	andeq	sp, lr, pc, lsl #16
     f9c:	01940f00 	orrseq	r0, r4, r0, lsl #30
     fa0:	0000002c 	andeq	r0, r0, ip, lsr #32
     fa4:	000b4d0f 	andeq	r4, fp, pc, lsl #26
     fa8:	01970f00 	orrseq	r0, r7, r0, lsl #30
     fac:	0000002c 	andeq	r0, r0, ip, lsr #32
     fb0:	000ee20f 	andeq	lr, lr, pc, lsl #4
     fb4:	019a0f00 	orrseq	r0, sl, r0, lsl #30
     fb8:	0000002c 	andeq	r0, r0, ip, lsr #32
     fbc:	000d6f0f 	andeq	r6, sp, pc, lsl #30
     fc0:	019d0f00 	orrseq	r0, sp, r0, lsl #30
     fc4:	0000002c 	andeq	r0, r0, ip, lsr #32
     fc8:	000d7a0f 	andeq	r7, sp, pc, lsl #20
     fcc:	01a00f00 	lsleq	r0, r0, #30
     fd0:	0000002c 	andeq	r0, r0, ip, lsr #32
     fd4:	000eec0f 	andeq	lr, lr, pc, lsl #24
     fd8:	01a30f00 			; <UNDEFINED> instruction: 0x01a30f00
     fdc:	0000002c 	andeq	r0, r0, ip, lsr #32
     fe0:	000b3f0f 	andeq	r3, fp, pc, lsl #30
     fe4:	01a60f00 			; <UNDEFINED> instruction: 0x01a60f00
     fe8:	0000002c 	andeq	r0, r0, ip, lsr #32
     fec:	00157b0f 	andseq	r7, r5, pc, lsl #22
     ff0:	01a90f00 			; <UNDEFINED> instruction: 0x01a90f00
     ff4:	0000002c 	andeq	r0, r0, ip, lsr #32
     ff8:	000ef60f 	andeq	pc, lr, pc, lsl #12
     ffc:	01ac0f00 			; <UNDEFINED> instruction: 0x01ac0f00
    1000:	0000002c 	andeq	r0, r0, ip, lsr #32
    1004:	00167c0f 	andseq	r7, r6, pc, lsl #24
    1008:	01af0f00 			; <UNDEFINED> instruction: 0x01af0f00
    100c:	0000002c 	andeq	r0, r0, ip, lsr #32
    1010:	0014d30f 	andseq	sp, r4, pc, lsl #6
    1014:	01b20f00 			; <UNDEFINED> instruction: 0x01b20f00
    1018:	0000002c 	andeq	r0, r0, ip, lsr #32
    101c:	0015050f 	andseq	r0, r5, pc, lsl #10
    1020:	01b60f00 			; <UNDEFINED> instruction: 0x01b60f00
    1024:	0000002c 	andeq	r0, r0, ip, lsr #32
    1028:	0014df0f 	andseq	sp, r4, pc, lsl #30
    102c:	01b90f00 			; <UNDEFINED> instruction: 0x01b90f00
    1030:	0000002c 	andeq	r0, r0, ip, lsr #32
    1034:	00036b0f 	andeq	r6, r3, pc, lsl #22
    1038:	01bc0f00 			; <UNDEFINED> instruction: 0x01bc0f00
    103c:	0000002c 	andeq	r0, r0, ip, lsr #32
    1040:	0000240f 	andeq	r2, r0, pc, lsl #8
    1044:	01bf0f00 			; <UNDEFINED> instruction: 0x01bf0f00
    1048:	0000002c 	andeq	r0, r0, ip, lsr #32
    104c:	0006a70f 	andeq	sl, r6, pc, lsl #14
    1050:	01c20f00 	biceq	r0, r2, r0, lsl #30
    1054:	0000002c 	andeq	r0, r0, ip, lsr #32
    1058:	0003460f 	andeq	r4, r3, pc, lsl #12
    105c:	01c50f00 	biceq	r0, r5, r0, lsl #30
    1060:	0000002c 	andeq	r0, r0, ip, lsr #32
    1064:	000f2c0f 	andeq	r2, pc, pc, lsl #24
    1068:	01c80f00 	biceq	r0, r8, r0, lsl #30
    106c:	0000002c 	andeq	r0, r0, ip, lsr #32
    1070:	000a360f 	andeq	r3, sl, pc, lsl #12
    1074:	01cb0f00 	biceq	r0, fp, r0, lsl #30
    1078:	0000002c 	andeq	r0, r0, ip, lsr #32
    107c:	000cd50f 	andeq	sp, ip, pc, lsl #10
    1080:	01ce0f00 	biceq	r0, lr, r0, lsl #30
    1084:	0000002c 	andeq	r0, r0, ip, lsr #32
    1088:	00136a0f 	andseq	r6, r3, pc, lsl #20
    108c:	01d50f00 	bicseq	r0, r5, r0, lsl #30
    1090:	0000002c 	andeq	r0, r0, ip, lsr #32
    1094:	0015c10f 	andseq	ip, r5, pc, lsl #2
    1098:	01d80f00 	bicseq	r0, r8, r0, lsl #30
    109c:	0000002c 	andeq	r0, r0, ip, lsr #32
    10a0:	0015d10f 	andseq	sp, r5, pc, lsl #2
    10a4:	01db0f00 	bicseq	r0, fp, r0, lsl #30
    10a8:	0000002c 	andeq	r0, r0, ip, lsr #32
    10ac:	00049e0f 	andeq	r9, r4, pc, lsl #28
    10b0:	01de0f00 	bicseq	r0, lr, r0, lsl #30
    10b4:	0000002c 	andeq	r0, r0, ip, lsr #32
    10b8:	0014180f 	andseq	r1, r4, pc, lsl #16
    10bc:	01e10f00 	mvneq	r0, r0, lsl #30
    10c0:	0000002c 	andeq	r0, r0, ip, lsr #32
    10c4:	000e310f 	andeq	r3, lr, pc, lsl #2
    10c8:	01e40f00 	mvneq	r0, r0, lsl #30
    10cc:	0000002c 	andeq	r0, r0, ip, lsr #32
    10d0:	00072d0f 	andeq	r2, r7, pc, lsl #26
    10d4:	01e80f00 	mvneq	r0, r0, lsl #30
    10d8:	0000002c 	andeq	r0, r0, ip, lsr #32
    10dc:	0011110f 	andseq	r1, r1, pc, lsl #2
    10e0:	01f00f00 	mvnseq	r0, r0, lsl #30
    10e4:	0000002c 	andeq	r0, r0, ip, lsr #32
    10e8:	0005c50f 	andeq	ip, r5, pc, lsl #10
    10ec:	01f30f00 	mvnseq	r0, r0, lsl #30
    10f0:	0000002c 	andeq	r0, r0, ip, lsr #32
    10f4:	00002c0c 	andeq	r2, r0, ip, lsl #24
    10f8:	000bdb00 	andeq	sp, fp, r0, lsl #22
    10fc:	0f001100 	svceq	0x00001100
    1100:	000008f7 	strdeq	r0, [r0], -r7
    1104:	d003fe0f 	andle	pc, r3, pc, lsl #28
    1108:	0c00000b 	stceq	0, cr0, [r0], {11}
    110c:	00000902 	andeq	r0, r0, r2, lsl #18
    1110:	00000bf7 	strdeq	r0, [r0], -r7
    1114:	00003e0d 	andeq	r3, r0, sp, lsl #28
    1118:	0f000d00 	svceq	0x00000d00
    111c:	00000f61 	andeq	r0, r0, r1, ror #30
    1120:	e7059e0f 	str	r9, [r5, -pc, lsl #28]
    1124:	1a00000b 	bne	1158 <shift+0x1158>
    1128:	00000a00 	andeq	r0, r0, r0, lsl #20
    112c:	003e0407 	eorseq	r0, lr, r7, lsl #8
    1130:	a50f0000 	strge	r0, [pc, #-0]	; 1138 <shift+0x1138>
    1134:	000c4005 	andeq	r4, ip, r5
    1138:	062d1600 	strteq	r1, [sp], -r0, lsl #12
    113c:	16000000 	strne	r0, [r0], -r0
    1140:	00000c09 	andeq	r0, r0, r9, lsl #24
    1144:	01241601 			; <UNDEFINED> instruction: 0x01241601
    1148:	16020000 	strne	r0, [r2], -r0
    114c:	0000064b 	andeq	r0, r0, fp, asr #12
    1150:	0fec1603 	svceq	0x00ec1603
    1154:	16040000 	strne	r0, [r4], -r0
    1158:	00000fdf 	ldrdeq	r0, [r0], -pc	; <UNPREDICTABLE>
    115c:	02c51605 	sbceq	r1, r5, #5242880	; 0x500000
    1160:	00060000 	andeq	r0, r6, r0
    1164:	00159c0f 	andseq	r9, r5, pc, lsl #24
    1168:	05b20f00 	ldreq	r0, [r2, #3840]!	; 0xf00
    116c:	00000c03 	andeq	r0, r0, r3, lsl #24
    1170:	00145c0f 	andseq	r5, r4, pc, lsl #24
    1174:	07ba0f00 	ldreq	r0, [sl, r0, lsl #30]!
    1178:	0000003e 	andeq	r0, r0, lr, lsr r0
    117c:	00070d0f 	andeq	r0, r7, pc, lsl #26
    1180:	07cf0f00 	strbeq	r0, [pc, r0, lsl #30]
    1184:	0000002c 	andeq	r0, r0, ip, lsr #32
    1188:	0003c104 	andeq	ip, r3, r4, lsl #2
    118c:	557b1000 	ldrbpl	r1, [fp, #-0]!
    1190:	07000000 	streq	r0, [r0, -r0]
    1194:	00000c64 	andeq	r0, r0, r4, ror #24
    1198:	00029504 	andeq	r9, r2, r4, lsl #10
    119c:	3e811000 	cdpcc	0, 8, cr1, cr1, cr0, {0}
    11a0:	04000000 	streq	r0, [r0], #-0
    11a4:	000000af 	andeq	r0, r0, pc, lsr #1
    11a8:	00258510 	eoreq	r8, r5, r0, lsl r5
    11ac:	04020000 	streq	r0, [r2], #-0
    11b0:	00039904 	andeq	r9, r3, r4, lsl #18
    11b4:	03080200 	movweq	r0, #33280	; 0x8200
    11b8:	00000391 	muleq	r0, r1, r3
    11bc:	05040802 	streq	r0, [r4, #-2050]	; 0xfffff7fe
    11c0:	0200000f 	andeq	r0, r0, #15
    11c4:	103e0310 	eorsne	r0, lr, r0, lsl r3
    11c8:	6f0c0000 	svcvs	0x000c0000
    11cc:	b600000c 	strlt	r0, [r0], -ip
    11d0:	0d00000c 	stceq	0, cr0, [r0, #-48]	; 0xffffffd0
    11d4:	0000003e 	andeq	r0, r0, lr, lsr r0
    11d8:	a60700ff 			; <UNDEFINED> instruction: 0xa60700ff
    11dc:	0f00000c 	svceq	0x0000000c
    11e0:	00000daa 	andeq	r0, r0, sl, lsr #27
    11e4:	b601fc10 			; <UNDEFINED> instruction: 0xb601fc10
    11e8:	0f00000c 	svceq	0x0000000c
    11ec:	00000335 	andeq	r0, r0, r5, lsr r3
    11f0:	b6020210 			; <UNDEFINED> instruction: 0xb6020210
    11f4:	1b00000c 	blne	122c <shift+0x122c>
    11f8:	000000e1 	andeq	r0, r0, r1, ror #1
    11fc:	7f03b301 	svcvc	0x0003b301
    1200:	cc00000c 	stcgt	0, cr0, [r0], {12}
    1204:	1687804a 	strne	r8, [r7], sl, asr #32
    1208:	01000001 	tsteq	r0, r1
    120c:	000d7f9c 	muleq	sp, ip, pc	; <UNPREDICTABLE>
    1210:	006e1c00 	rsbeq	r1, lr, r0, lsl #24
    1214:	7f03b301 	svcvc	0x0003b301
    1218:	0000000c 	andeq	r0, r0, ip
    121c:	1c000000 	stcne	0, cr0, [r0], {-0}
    1220:	b3010064 	movwlt	r0, #4196	; 0x1064
    1224:	000c7f03 	andeq	r7, ip, r3, lsl #30
    1228:	00002800 	andeq	r2, r0, r0, lsl #16
    122c:	70721c00 	rsbsvc	r1, r2, r0, lsl #24
    1230:	03b30100 			; <UNDEFINED> instruction: 0x03b30100
    1234:	00000d7f 	andeq	r0, r0, pc, ror sp
    1238:	00000060 	andeq	r0, r0, r0, rrx
    123c:	0100711d 	tsteq	r0, sp, lsl r1
    1240:	0c7f03b5 	ldcleq	3, cr0, [pc], #-724	; f74 <shift+0xf74>
    1244:	00800000 	addeq	r0, r0, r0
    1248:	721d0000 	andsvc	r0, sp, #0
    124c:	03b50100 			; <UNDEFINED> instruction: 0x03b50100
    1250:	00000c7f 	andeq	r0, r0, pc, ror ip
    1254:	000000e0 	andeq	r0, r0, r0, ror #1
    1258:	0100791d 	tsteq	r0, sp, lsl r9
    125c:	0c7f03b5 	ldcleq	3, cr0, [pc], #-724	; f90 <shift+0xf90>
    1260:	01380000 	teqeq	r8, r0
    1264:	6c1d0000 	ldcvs	0, cr0, [sp], {-0}
    1268:	0100317a 	tsteq	r0, sl, ror r1
    126c:	0c7403b6 	ldcleq	3, cr0, [r4], #-728	; 0xfffffd28
    1270:	01500000 	cmpeq	r0, r0
    1274:	6c1d0000 	ldcvs	0, cr0, [sp], {-0}
    1278:	0100327a 	tsteq	r0, sl, ror r2
    127c:	0c7403b6 	ldcleq	3, cr0, [r4], #-728	; 0xfffffd28
    1280:	01630000 	cmneq	r3, r0
    1284:	691d0000 	ldmdbvs	sp, {}	; <UNPREDICTABLE>
    1288:	03b60100 			; <UNDEFINED> instruction: 0x03b60100
    128c:	00000c74 	andeq	r0, r0, r4, ror ip
    1290:	00000176 	andeq	r0, r0, r6, ror r1
    1294:	01006b1d 	tsteq	r0, sp, lsl fp
    1298:	0c7403b6 	ldcleq	3, cr0, [r4], #-728	; 0xfffffd28
    129c:	01c40000 	biceq	r0, r4, r0
    12a0:	06000000 	streq	r0, [r0], -r0
    12a4:	000c7f04 	andeq	r7, ip, r4, lsl #30
	...

Disassembly of section .debug_abbrev:

00000000 <.debug_abbrev>:
   0:	10001101 	andne	r1, r0, r1, lsl #2
   4:	12011106 	andne	r1, r1, #-2147483647	; 0x80000001
   8:	1b080301 	blne	200c14 <shift+0x200c14>
   c:	13082508 	movwne	r2, #34056	; 0x8508
  10:	00000005 	andeq	r0, r0, r5
  14:	10001101 	andne	r1, r0, r1, lsl #2
  18:	12011106 	andne	r1, r1, #-2147483647	; 0x80000001
  1c:	1b080301 	blne	200c28 <shift+0x200c28>
  20:	13082508 	movwne	r2, #34056	; 0x8508
  24:	00000005 	andeq	r0, r0, r5
  28:	10001101 	andne	r1, r0, r1, lsl #2
  2c:	12011106 	andne	r1, r1, #-2147483647	; 0x80000001
  30:	1b080301 	blne	200c3c <shift+0x200c3c>
  34:	13082508 	movwne	r2, #34056	; 0x8508
  38:	00000005 	andeq	r0, r0, r5
  3c:	10001101 	andne	r1, r0, r1, lsl #2
  40:	12011106 	andne	r1, r1, #-2147483647	; 0x80000001
  44:	1b080301 	blne	200c50 <shift+0x200c50>
  48:	13082508 	movwne	r2, #34056	; 0x8508
  4c:	00000005 	andeq	r0, r0, r5
  50:	25011101 	strcs	r1, [r1, #-257]	; 0xfffffeff
  54:	030b130e 	movweq	r1, #45838	; 0xb30e
  58:	110e1b0e 	tstne	lr, lr, lsl #22
  5c:	10061201 	andne	r1, r6, r1, lsl #4
  60:	02000017 	andeq	r0, r0, #23
  64:	0b0b0024 	bleq	2c00fc <shift+0x2c00fc>
  68:	0e030b3e 	vmoveq.16	d3[0], r0
  6c:	24030000 	strcs	r0, [r3], #-0
  70:	3e0b0b00 	vmlacc.f64	d0, d11, d0
  74:	0008030b 	andeq	r0, r8, fp, lsl #6
  78:	00160400 	andseq	r0, r6, r0, lsl #8
  7c:	0b3a0e03 	bleq	e83890 <shift+0xe83890>
  80:	13490b3b 	movtne	r0, #39739	; 0x9b3b
  84:	0f050000 	svceq	0x00050000
  88:	000b0b00 	andeq	r0, fp, r0, lsl #22
  8c:	000f0600 	andeq	r0, pc, r0, lsl #12
  90:	13490b0b 	movtne	r0, #39691	; 0x9b0b
  94:	26070000 	strcs	r0, [r7], -r0
  98:	00134900 	andseq	r4, r3, r0, lsl #18
  9c:	01130800 	tsteq	r3, r0, lsl #16
  a0:	0b0b0e03 	bleq	2c38b4 <shift+0x2c38b4>
  a4:	0b3b0b3a 	bleq	ec2d94 <shift+0xec2d94>
  a8:	00001301 	andeq	r1, r0, r1, lsl #6
  ac:	03000d09 	movweq	r0, #3337	; 0xd09
  b0:	3b0b3a0e 	blcc	2ce8f0 <shift+0x2ce8f0>
  b4:	3813490b 	ldmdacc	r3, {r0, r1, r3, r8, fp, lr}
  b8:	0a00000b 	beq	ec <shift+0xec>
  bc:	0e03000d 	cdpeq	0, 0, cr0, cr3, cr13, {0}
  c0:	053b0b3a 	ldreq	r0, [fp, #-2874]!	; 0xfffff4c6
  c4:	0b381349 	bleq	e04df0 <shift+0xe04df0>
  c8:	160b0000 	strne	r0, [fp], -r0
  cc:	3a0e0300 	bcc	380cd4 <shift+0x380cd4>
  d0:	000b3b0b 	andeq	r3, fp, fp, lsl #22
  d4:	01010c00 	tsteq	r1, r0, lsl #24
  d8:	13011349 	movwne	r1, #4937	; 0x1349
  dc:	210d0000 	mrscs	r0, (UNDEF: 13)
  e0:	2f134900 	svccs	0x00134900
  e4:	0e00000b 	cdpeq	0, 0, cr0, cr0, cr11, {0}
  e8:	0e030013 	mcreq	0, 0, r0, cr3, cr3, {0}
  ec:	0000193c 	andeq	r1, r0, ip, lsr r9
  f0:	0300340f 	movweq	r3, #1039	; 0x40f
  f4:	3b0b3a0e 	blcc	2ce934 <shift+0x2ce934>
  f8:	3f134905 	svccc	0x00134905
  fc:	00193c19 	andseq	r3, r9, r9, lsl ip
 100:	00341000 	eorseq	r1, r4, r0
 104:	0b3a0e03 	bleq	e83918 <shift+0xe83918>
 108:	13490b3b 	movtne	r0, #39739	; 0x9b3b
 10c:	193c193f 	ldmdbne	ip!, {r0, r1, r2, r3, r4, r5, r8, fp, ip}
 110:	21110000 	tstcs	r1, r0
 114:	12000000 	andne	r0, r0, #0
 118:	19270115 	stmdbne	r7!, {r0, r2, r4, r8}
 11c:	13011349 	movwne	r1, #4937	; 0x1349
 120:	05130000 	ldreq	r0, [r3, #-0]
 124:	00134900 	andseq	r4, r3, r0, lsl #18
 128:	00261400 	eoreq	r1, r6, r0, lsl #8
 12c:	04150000 	ldreq	r0, [r5], #-0
 130:	3e0e0301 	cdpcc	3, 0, cr0, cr14, cr1, {0}
 134:	490b0b0b 	stmdbmi	fp, {r0, r1, r3, r8, r9, fp}
 138:	3b0b3a13 	blcc	2ce98c <shift+0x2ce98c>
 13c:	0013010b 	andseq	r0, r3, fp, lsl #2
 140:	00281600 	eoreq	r1, r8, r0, lsl #12
 144:	0b1c0e03 	bleq	703958 <shift+0x703958>
 148:	15170000 	ldrne	r0, [r7, #-0]
 14c:	00192700 	andseq	r2, r9, r0, lsl #14
 150:	00171800 	andseq	r1, r7, r0, lsl #16
 154:	193c0e03 	ldmdbne	ip!, {r0, r1, r9, sl, fp}
 158:	13190000 	tstne	r9, #0
 15c:	0b0e0301 	bleq	380d68 <shift+0x380d68>
 160:	3b0b3a0b 	blcc	2ce994 <shift+0x2ce994>
 164:	00130105 	andseq	r0, r3, r5, lsl #2
 168:	01041a00 	tsteq	r4, r0, lsl #20
 16c:	0b3e0e03 	bleq	f83980 <shift+0xf83980>
 170:	13490b0b 	movtne	r0, #39691	; 0x9b0b
 174:	053b0b3a 	ldreq	r0, [fp, #-2874]!	; 0xfffff4c6
 178:	00001301 	andeq	r1, r0, r1, lsl #6
 17c:	3f012e1b 	svccc	0x00012e1b
 180:	3a0e0319 	bcc	380dec <shift+0x380dec>
 184:	27053b0b 	strcs	r3, [r5, -fp, lsl #22]
 188:	11134919 	tstne	r3, r9, lsl r9
 18c:	40061201 	andmi	r1, r6, r1, lsl #4
 190:	19429718 	stmdbne	r2, {r3, r4, r8, r9, sl, ip, pc}^
 194:	00001301 	andeq	r1, r0, r1, lsl #6
 198:	0300051c 	movweq	r0, #1308	; 0x51c
 19c:	3b0b3a08 	blcc	2ce9c4 <shift+0x2ce9c4>
 1a0:	02134905 	andseq	r4, r3, #81920	; 0x14000
 1a4:	1d000017 	stcne	0, cr0, [r0, #-92]	; 0xffffffa4
 1a8:	08030034 	stmdaeq	r3, {r2, r4, r5}
 1ac:	053b0b3a 	ldreq	r0, [fp, #-2874]!	; 0xfffff4c6
 1b0:	17021349 	strne	r1, [r2, -r9, asr #6]
 1b4:	地址 0x00000000000001b4 越界。


Disassembly of section .debug_aranges:

00000000 <.debug_aranges>:
   0:	0000001c 	andeq	r0, r0, ip, lsl r0
   4:	00000002 	andeq	r0, r0, r2
   8:	00040000 	andeq	r0, r4, r0
   c:	00000000 	andeq	r0, r0, r0
  10:	87804778 			; <UNDEFINED> instruction: 0x87804778
  14:	00000276 	andeq	r0, r0, r6, ror r2
	...
  20:	0000001c 	andeq	r0, r0, ip, lsl r0
  24:	014b0002 	cmpeq	fp, r2
  28:	00040000 	andeq	r0, r4, r0
  2c:	00000000 	andeq	r0, r0, r0
  30:	878049f0 			; <UNDEFINED> instruction: 0x878049f0
  34:	000000a0 	andeq	r0, r0, r0, lsr #1
	...
  40:	0000001c 	andeq	r0, r0, ip, lsl r0
  44:	02920002 	addseq	r0, r2, #2
  48:	00040000 	andeq	r0, r4, r0
  4c:	00000000 	andeq	r0, r0, r0
  50:	87804a90 			; <UNDEFINED> instruction: 0x87804a90
  54:	00000030 	andeq	r0, r0, r0, lsr r0
	...
  60:	0000001c 	andeq	r0, r0, ip, lsl r0
  64:	03d90002 	bicseq	r0, r9, #2
  68:	00040000 	andeq	r0, r4, r0
  6c:	00000000 	andeq	r0, r0, r0
  70:	87804ac0 	strhi	r4, [r0, r0, asr #21]
  74:	0000000c 	andeq	r0, r0, ip
	...
  80:	0000001c 	andeq	r0, r0, ip, lsl r0
  84:	05240002 	streq	r0, [r4, #-2]!
  88:	00040000 	andeq	r0, r4, r0
  8c:	00000000 	andeq	r0, r0, r0
  90:	87804acc 	strhi	r4, [r0, ip, asr #21]
  94:	00000116 	andeq	r0, r0, r6, lsl r1
	...

Disassembly of section .debug_loc:

00000000 <.debug_loc>:
   0:	00000000 	andeq	r0, r0, r0
   4:	00000010 	andeq	r0, r0, r0, lsl r0
   8:	93500006 	cmpls	r0, #6
   c:	04935104 	ldreq	r5, [r3], #260	; 0x104
  10:	00000010 	andeq	r0, r0, r0, lsl r0
  14:	00000116 	andeq	r0, r0, r6, lsl r1
  18:	03f30006 	mvnseq	r0, #6
  1c:	9f2500f5 	svcls	0x002500f5
	...
  2c:	00000082 	andeq	r0, r0, r2, lsl #1
  30:	93520006 	cmpls	r2, #6
  34:	04935304 	ldreq	r5, [r3], #772	; 0x304
  38:	00000082 	andeq	r0, r0, r2, lsl #1
  3c:	000000fc 	strdeq	r0, [r0], -ip
  40:	03f30006 	mvnseq	r0, #6
  44:	9f2502f5 	svcls	0x002502f5
  48:	000000fc 	strdeq	r0, [r0], -ip
  4c:	00000116 	andeq	r0, r0, r6, lsl r1
  50:	93520006 	cmpls	r2, #6
  54:	04935304 	ldreq	r5, [r3], #772	; 0x304
	...
  64:	000000fc 	strdeq	r0, [r0], -ip
  68:	00910002 	addseq	r0, r1, r2
  6c:	000000fc 	strdeq	r0, [r0], -ip
  70:	00000116 	andeq	r0, r0, r6, lsl r1
  74:	00910002 	addseq	r0, r1, r2
	...
  84:	00000074 	andeq	r0, r0, r4, ror r0
  88:	089e000a 	ldmeq	lr, {r1, r3}
	...
  94:	00000074 	andeq	r0, r0, r4, ror r0
  98:	000000bc 	strheq	r0, [r0], -ip
  9c:	93500006 	cmpls	r0, #6
  a0:	04935104 	ldreq	r5, [r3], #260	; 0x104
  a4:	000000c8 	andeq	r0, r0, r8, asr #1
  a8:	000000e6 	andeq	r0, r0, r6, ror #1
  ac:	93500006 	cmpls	r0, #6
  b0:	04935104 	ldreq	r5, [r3], #260	; 0x104
  b4:	000000ee 	andeq	r0, r0, lr, ror #1
  b8:	000000fc 	strdeq	r0, [r0], -ip
  bc:	93500006 	cmpls	r0, #6
  c0:	04935104 	ldreq	r5, [r3], #260	; 0x104
  c4:	000000fc 	strdeq	r0, [r0], -ip
  c8:	00000116 	andeq	r0, r0, r6, lsl r1
  cc:	089e000a 	ldmeq	lr, {r1, r3}
	...
  e0:	00000012 	andeq	r0, r0, r2, lsl r0
  e4:	00000062 	andeq	r0, r0, r2, rrx
  e8:	93540006 	cmpls	r4, #6
  ec:	04935504 	ldreq	r5, [r3], #1284	; 0x504
  f0:	00000072 	andeq	r0, r0, r2, ror r0
  f4:	00000092 	muleq	r0, r2, r0
  f8:	93540006 	cmpls	r4, #6
  fc:	04935504 	ldreq	r5, [r3], #1284	; 0x504
 100:	00000096 	muleq	r0, r6, r0
 104:	000000a4 	andeq	r0, r0, r4, lsr #1
 108:	93540006 	cmpls	r4, #6
 10c:	04935504 	ldreq	r5, [r3], #1284	; 0x504
 110:	000000a6 	andeq	r0, r0, r6, lsr #1
 114:	000000c4 	andeq	r0, r0, r4, asr #1
 118:	93540006 	cmpls	r4, #6
 11c:	04935504 	ldreq	r5, [r3], #1284	; 0x504
 120:	000000ca 	andeq	r0, r0, sl, asr #1
 124:	00000116 	andeq	r0, r0, r6, lsl r1
 128:	93540006 	cmpls	r4, #6
 12c:	04935504 	ldreq	r5, [r3], #1284	; 0x504
	...
 138:	00000050 	andeq	r0, r0, r0, asr r0
 13c:	000000d6 	ldrdeq	r0, [r0], -r6
 140:	93560006 	cmpls	r6, #6
 144:	04935704 	ldreq	r5, [r3], #1796	; 0x704
	...
 150:	00000110 	andeq	r0, r0, r0, lsl r1
 154:	00000116 	andeq	r0, r0, r6, lsl r1
 158:	005c0001 	subseq	r0, ip, r1
 15c:	00000000 	andeq	r0, r0, r0
 160:	30000000 	andcc	r0, r0, r0
 164:	40000000 	andmi	r0, r0, r0
 168:	01000000 	mrseq	r0, (UNDEF: 0)
 16c:	00005100 	andeq	r5, r0, r0, lsl #2
 170:	00000000 	andeq	r0, r0, r0
 174:	00800000 	addeq	r0, r0, r0
 178:	00840000 	addeq	r0, r4, r0
 17c:	00010000 	andeq	r0, r1, r0
 180:	0000845c 	andeq	r8, r0, ip, asr r4
 184:	00009600 	andeq	r9, r0, r0, lsl #12
 188:	52000100 	andpl	r0, r0, #0, 2
 18c:	00000096 	muleq	r0, r6, r0
 190:	00000098 	muleq	r0, r8, r0
 194:	7f720003 	svcvc	0x00720003
 198:	0000989f 	muleq	r0, pc, r8	; <UNPREDICTABLE>
 19c:	0000a600 	andeq	sl, r0, r0, lsl #12
 1a0:	52000100 	andpl	r0, r0, #0, 2
 1a4:	000000a6 	andeq	r0, r0, r6, lsr #1
 1a8:	000000a8 	andeq	r0, r0, r8, lsr #1
 1ac:	7f720003 	svcvc	0x00720003
 1b0:	0000a89f 	muleq	r0, pc, r8	; <UNPREDICTABLE>
 1b4:	0000b600 	andeq	fp, r0, r0, lsl #12
 1b8:	52000100 	andpl	r0, r0, #0, 2
	...
 1c4:	00000034 	andeq	r0, r0, r4, lsr r0
 1c8:	000000de 	ldrdeq	r0, [r0], -lr
 1cc:	005c0001 	subseq	r0, ip, r1
 1d0:	00000000 	andeq	r0, r0, r0
 1d4:	地址 0x00000000000001d4 越界。


Disassembly of section .debug_str:

00000000 <.debug_str>:
       0:	5f617369 	svcpl	0x00617369
       4:	5f746962 	svcpl	0x00746962
       8:	645f7066 	ldrbvs	r7, [pc], #-102	; 10 <shift+0x10>
       c:	54006c62 	strpl	r6, [r0], #-3170	; 0xfffff39e
      10:	45475241 	strbmi	r5, [r7, #-577]	; 0xfffffdbf
      14:	50435f54 	subpl	r5, r3, r4, asr pc
      18:	72615f55 	rsbvc	r5, r1, #340	; 0x154
      1c:	3331316d 	teqcc	r1, #1073741851	; 0x4000001b
      20:	00736a36 	rsbseq	r6, r3, r6, lsr sl
      24:	5f6d7261 	svcpl	0x006d7261
      28:	68637261 	stmdavs	r3!, {r0, r5, r6, r9, ip, sp, lr}^
      2c:	6d77695f 			; <UNDEFINED> instruction: 0x6d77695f
      30:	0074786d 	rsbseq	r7, r4, sp, ror #16
      34:	47524154 			; <UNDEFINED> instruction: 0x47524154
      38:	435f5445 	cmpmi	pc, #1157627904	; 0x45000000
      3c:	635f5550 	cmpvs	pc, #80, 10	; 0x14000000
      40:	6574726f 	ldrbvs	r7, [r4, #-623]!	; 0xfffffd91
      44:	33326d78 	teqcc	r2, #120, 26	; 0x1e00
      48:	68735f00 	ldmdavs	r3!, {r8, r9, sl, fp, ip, lr}^
      4c:	6274726f 	rsbsvs	r7, r4, #-268435450	; 0xf0000006
      50:	41006675 	tstmi	r0, r5, ror r6
      54:	455f4d52 	ldrbmi	r4, [pc, #-3410]	; fffff30a <__bss_end+0x787f4afe>
      58:	495f0051 	ldmdbmi	pc, {r0, r4, r6}^	; <UNPREDICTABLE>
      5c:	6f6c5f4f 	svcvs	0x006c5f4f
      60:	745f6b63 	ldrbvc	r6, [pc], #-2915	; 68 <shift+0x68>
      64:	52415400 	subpl	r5, r1, #0, 8
      68:	5f544547 	svcpl	0x00544547
      6c:	5f555043 	svcpl	0x00555043
      70:	316d7261 	cmncc	sp, r1, ror #4
      74:	74363531 	ldrtvc	r3, [r6], #-1329	; 0xfffffacf
      78:	00736632 	rsbseq	r6, r3, r2, lsr r6
      7c:	5f617369 	svcpl	0x00617369
      80:	5f746962 	svcpl	0x00746962
      84:	6d756874 	ldclvs	8, cr6, [r5, #-464]!	; 0xfffffe30
      88:	72700062 	rsbsvc	r0, r0, #98	; 0x62
      8c:	6172676f 	cmnvs	r2, pc, ror #14
      90:	6e695f6d 	cdpvs	15, 6, cr5, cr9, cr13, {3}
      94:	61636f76 	smcvs	14070	; 0x36f6
      98:	6e6f6974 			; <UNDEFINED> instruction: 0x6e6f6974
      9c:	6f68735f 	svcvs	0x0068735f
      a0:	6e5f7472 	mrcvs	4, 2, r7, cr15, cr2, {3}
      a4:	00656d61 	rsbeq	r6, r5, r1, ror #26
      a8:	65647473 	strbvs	r7, [r4, #-1139]!	; 0xfffffb8d
      ac:	55007272 	strpl	r7, [r0, #-626]	; 0xfffffd8e
      b0:	79744944 	ldmdbvc	r4!, {r2, r6, r8, fp, lr}^
      b4:	54006570 	strpl	r6, [r0], #-1392	; 0xfffffa90
      b8:	45475241 	strbmi	r5, [r7, #-577]	; 0xfffffdbf
      bc:	50435f54 	subpl	r5, r3, r4, asr pc
      c0:	6f635f55 	svcvs	0x00635f55
      c4:	78657472 	stmdavc	r5!, {r1, r4, r5, r6, sl, ip, sp, lr}^
      c8:	63373561 	teqvs	r7, #406847488	; 0x18400000
      cc:	6574726f 	ldrbvs	r7, [r4, #-623]!	; 0xfffffd91
      d0:	33356178 	teqcc	r5, #120, 2
      d4:	4f495f00 	svcmi	0x00495f00
      d8:	6675625f 			; <UNDEFINED> instruction: 0x6675625f
      dc:	646e655f 	strbtvs	r6, [lr], #-1375	; 0xfffffaa1
      e0:	755f5f00 	ldrbvc	r5, [pc, #-3840]	; fffff1e8 <__bss_end+0x787f49dc>
      e4:	6d766964 			; <UNDEFINED> instruction: 0x6d766964
      e8:	6964646f 	stmdbvs	r4!, {r0, r1, r2, r3, r5, r6, sl, sp, lr}^
      ec:	41420034 	cmpmi	r2, r4, lsr r0
      f0:	415f4553 	cmpmi	pc, r3, asr r5	; <UNPREDICTABLE>
      f4:	5f484352 	svcpl	0x00484352
      f8:	425f4d38 	subsmi	r4, pc, #56, 26	; 0xe00
      fc:	00455341 	subeq	r5, r5, r1, asr #6
     100:	47524154 			; <UNDEFINED> instruction: 0x47524154
     104:	435f5445 	cmpmi	pc, #1157627904	; 0x45000000
     108:	615f5550 	cmpvs	pc, r0, asr r5	; <UNPREDICTABLE>
     10c:	31386d72 	teqcc	r8, r2, ror sp
     110:	41540030 	cmpmi	r4, r0, lsr r0
     114:	54454752 	strbpl	r4, [r5], #-1874	; 0xfffff8ae
     118:	5550435f 	ldrbpl	r4, [r0, #-863]	; 0xfffffca1
     11c:	6567785f 	strbvs	r7, [r7, #-2143]!	; 0xfffff7a1
     120:	0031656e 	eorseq	r6, r1, lr, ror #10
     124:	5f4d5241 	svcpl	0x004d5241
     128:	5f534350 	svcpl	0x00534350
     12c:	43504141 	cmpmi	r0, #1073741840	; 0x40000010
     130:	57495f53 	smlsldpl	r5, r9, r3, pc	; <UNPREDICTABLE>
     134:	54584d4d 	ldrbpl	r4, [r8], #-3405	; 0xfffff2b3
     138:	74706f00 	ldrbtvc	r6, [r0], #-3840	; 0xfffff100
     13c:	0074706f 	rsbseq	r7, r4, pc, rrx
     140:	47524154 			; <UNDEFINED> instruction: 0x47524154
     144:	435f5445 	cmpmi	pc, #1157627904	; 0x45000000
     148:	615f5550 	cmpvs	pc, r0, asr r5	; <UNPREDICTABLE>
     14c:	64376d72 	ldrtvs	r6, [r7], #-3442	; 0xfffff28e
     150:	41420069 	cmpmi	r2, r9, rrx
     154:	415f4553 	cmpmi	pc, r3, asr r5	; <UNPREDICTABLE>
     158:	5f484352 	svcpl	0x00484352
     15c:	41420032 	cmpmi	r2, r2, lsr r0
     160:	415f4553 	cmpmi	pc, r3, asr r5	; <UNPREDICTABLE>
     164:	5f484352 	svcpl	0x00484352
     168:	41540033 	cmpmi	r4, r3, lsr r0
     16c:	54454752 	strbpl	r4, [r5], #-1874	; 0xfffff8ae
     170:	5550435f 	ldrbpl	r4, [r0, #-863]	; 0xfffffca1
     174:	6d72615f 	ldfvse	f6, [r2, #-380]!	; 0xfffffe84
     178:	006d6437 	rsbeq	r6, sp, r7, lsr r4
     17c:	45534142 	ldrbmi	r4, [r3, #-322]	; 0xfffffebe
     180:	4352415f 	cmpmi	r2, #-1073741801	; 0xc0000017
     184:	00355f48 	eorseq	r5, r5, r8, asr #30
     188:	6d6f682f 	stclvs	8, cr6, [pc, #-188]!	; d4 <shift+0xd4>
     18c:	63742f65 	cmnvs	r4, #404	; 0x194
     190:	622d6777 	eorvs	r6, sp, #31195136	; 0x1dc0000
     194:	646c6975 	strbtvs	r6, [ip], #-2421	; 0xfffff68b
     198:	76616c73 			; <UNDEFINED> instruction: 0x76616c73
     19c:	6f772f65 	svcvs	0x00772f65
     1a0:	70736b72 	rsbsvc	r6, r3, r2, ror fp
     1a4:	2f656361 	svccs	0x00656361
     1a8:	67776374 			; <UNDEFINED> instruction: 0x67776374
     1ac:	6b616d2d 	blvs	185b668 <shift+0x185b668>
     1b0:	65722d65 	ldrbvs	r2, [r2, #-3429]!	; 0xfffff29b
     1b4:	7361656c 	cmnvc	r1, #108, 10	; 0x1b000000
     1b8:	2f315f65 	svccs	0x00315f65
     1bc:	6975625f 	ldmdbvs	r5!, {r0, r1, r2, r3, r4, r6, r9, sp, lr}^
     1c0:	622f646c 	eorvs	r6, pc, #108, 8	; 0x6c000000
     1c4:	646c6975 	strbtvs	r6, [ip], #-2421	; 0xfffff68b
     1c8:	38782f73 	ldmdacc	r8!, {r0, r1, r4, r5, r6, r8, r9, sl, fp, sp}^
     1cc:	34365f36 	ldrtcc	r5, [r6], #-3894	; 0xfffff0ca
     1d0:	6b6e752d 	blvs	1b9d68c <shift+0x1b9d68c>
     1d4:	6e776f6e 	cdpvs	15, 7, cr6, cr7, cr14, {3}
     1d8:	6e696c2d 	cdpvs	12, 6, cr6, cr9, cr13, {1}
     1dc:	672d7875 			; <UNDEFINED> instruction: 0x672d7875
     1e0:	612f756e 			; <UNDEFINED> instruction: 0x612f756e
     1e4:	6c2d6d72 	stcvs	13, cr6, [sp], #-456	; 0xfffffe38
     1e8:	78756e69 	ldmdavc	r5!, {r0, r3, r5, r6, r9, sl, fp, sp, lr}^
     1ec:	756e672d 	strbvc	r6, [lr, #-1837]!	; 0xfffff8d3
     1f0:	69626165 	stmdbvs	r2!, {r0, r2, r5, r6, r8, sp, lr}^
     1f4:	672f6668 	strvs	r6, [pc, -r8, ror #12]!
     1f8:	672e6363 	strvs	r6, [lr, -r3, ror #6]!
     1fc:	6c7e7469 	cfldrdvs	mvd7, [lr], #-420	; 0xfffffe5c
     200:	72616e69 	rsbvc	r6, r1, #1680	; 0x690
     204:	2e372d6f 	cdpcs	13, 3, cr2, cr7, cr15, {3}
     208:	30322d35 	eorscc	r2, r2, r5, lsr sp
     20c:	312e3931 			; <UNDEFINED> instruction: 0x312e3931
     210:	74732d32 	ldrbtvc	r2, [r3], #-3378	; 0xfffff2ce
     214:	32656761 	rsbcc	r6, r5, #25427968	; 0x1840000
     218:	6d72612f 	ldfvse	f6, [r2, #-188]!	; 0xffffff44
     21c:	6e696c2d 	cdpvs	12, 6, cr6, cr9, cr13, {1}
     220:	672d7875 			; <UNDEFINED> instruction: 0x672d7875
     224:	6165756e 	cmnvs	r5, lr, ror #10
     228:	66686962 	strbtvs	r6, [r8], -r2, ror #18
     22c:	62696c2f 	rsbvs	r6, r9, #12032	; 0x2f00
     230:	00636367 	rsbeq	r6, r3, r7, ror #6
     234:	45534142 	ldrbmi	r4, [r3, #-322]	; 0xfffffebe
     238:	4352415f 	cmpmi	r2, #-1073741801	; 0xc0000017
     23c:	00375f48 	eorseq	r5, r7, r8, asr #30
     240:	47524154 			; <UNDEFINED> instruction: 0x47524154
     244:	435f5445 	cmpmi	pc, #1157627904	; 0x45000000
     248:	785f5550 	ldmdavc	pc, {r4, r6, r8, sl, ip, lr}^	; <UNPREDICTABLE>
     24c:	6c616373 	stclvs	3, cr6, [r1], #-460	; 0xfffffe34
     250:	41540065 	cmpmi	r4, r5, rrx
     254:	54454752 	strbpl	r4, [r5], #-1874	; 0xfffff8ae
     258:	5550435f 	ldrbpl	r4, [r0, #-863]	; 0xfffffca1
     25c:	6d72615f 	ldfvse	f6, [r2, #-380]!	; 0xfffffe84
     260:	65363439 	ldrvs	r3, [r6, #-1081]!	; 0xfffffbc7
     264:	495f0073 	ldmdbmi	pc, {r0, r1, r4, r5, r6}^	; <UNPREDICTABLE>
     268:	72775f4f 	rsbsvc	r5, r7, #316	; 0x13c
     26c:	5f657469 	svcpl	0x00657469
     270:	00646e65 	rsbeq	r6, r4, r5, ror #28
     274:	47524154 			; <UNDEFINED> instruction: 0x47524154
     278:	435f5445 	cmpmi	pc, #1157627904	; 0x45000000
     27c:	635f5550 	cmpvs	pc, #80, 10	; 0x14000000
     280:	6574726f 	ldrbvs	r7, [r4, #-623]!	; 0xfffffd91
     284:	33336d78 	teqcc	r3, #120, 26	; 0x1e00
     288:	74656700 	strbtvc	r6, [r5], #-1792	; 0xfffff900
     28c:	65746164 	ldrbvs	r6, [r4, #-356]!	; 0xfffffe9c
     290:	7272655f 	rsbsvc	r6, r2, #398458880	; 0x17c00000
     294:	49535500 	ldmdbmi	r3, {r8, sl, ip, lr}^
     298:	65707974 	ldrbvs	r7, [r0, #-2420]!	; 0xfffff68c
     29c:	6c665f00 	stclvs	15, cr5, [r6], #-0
     2a0:	00736761 	rsbseq	r6, r3, r1, ror #14
     2a4:	5f617369 	svcpl	0x00617369
     2a8:	69626f6e 	stmdbvs	r2!, {r1, r2, r3, r5, r6, r8, r9, sl, fp, sp, lr}^
     2ac:	41540074 	cmpmi	r4, r4, ror r0
     2b0:	54454752 	strbpl	r4, [r5], #-1874	; 0xfffff8ae
     2b4:	5550435f 	ldrbpl	r4, [r0, #-863]	; 0xfffffca1
     2b8:	6d72615f 	ldfvse	f6, [r2, #-380]!	; 0xfffffe84
     2bc:	36373131 			; <UNDEFINED> instruction: 0x36373131
     2c0:	73667a6a 	cmnvc	r6, #434176	; 0x6a000
     2c4:	4d524100 	ldfmie	f4, [r2, #-0]
     2c8:	5343505f 	movtpl	r5, #12383	; 0x305f
     2cc:	4b4e555f 	blmi	1395850 <shift+0x1395850>
     2d0:	4e574f4e 	cdpmi	15, 5, cr4, cr7, cr14, {2}
     2d4:	6c665f00 	stclvs	15, cr5, [r6], #-0
     2d8:	32736761 	rsbscc	r6, r3, #25427968	; 0x1840000
     2dc:	52415400 	subpl	r5, r1, #0, 8
     2e0:	5f544547 	svcpl	0x00544547
     2e4:	5f555043 	svcpl	0x00555043
     2e8:	396d7261 	stmdbcc	sp!, {r0, r5, r6, r9, ip, sp, lr}^
     2ec:	41420065 	cmpmi	r2, r5, rrx
     2f0:	415f4553 	cmpmi	pc, r3, asr r5	; <UNPREDICTABLE>
     2f4:	5f484352 	svcpl	0x00484352
     2f8:	4a455435 	bmi	11553d4 <shift+0x11553d4>
     2fc:	61736900 	cmnvs	r3, r0, lsl #18
     300:	7469625f 	strbtvc	r6, [r9], #-607	; 0xfffffda1
     304:	4d52415f 	ldfmie	f4, [r2, #-380]	; 0xfffffe84
     308:	006b3676 	rsbeq	r3, fp, r6, ror r6
     30c:	5f6d7261 	svcpl	0x006d7261
     310:	73666363 	cmnvc	r6, #-1946157055	; 0x8c000001
     314:	74735f6d 	ldrbtvc	r5, [r3], #-3949	; 0xfffff093
     318:	00657461 	rsbeq	r7, r5, r1, ror #8
     31c:	70736e75 	rsbsvc	r6, r3, r5, ror lr
     320:	735f6365 	cmpvc	pc, #-1811939327	; 0x94000001
     324:	6e697274 	mcrvs	2, 3, r7, cr9, cr4, {3}
     328:	5f007367 	svcpl	0x00007367
     32c:	5f737973 	svcpl	0x00737973
     330:	7272656e 	rsbsvc	r6, r2, #461373440	; 0x1b800000
     334:	635f5f00 	cmpvs	pc, #0, 30
     338:	745f7a6c 	ldrbvc	r7, [pc], #-2668	; 340 <shift+0x340>
     33c:	41006261 	tstmi	r0, r1, ror #4
     340:	565f4d52 			; <UNDEFINED> instruction: 0x565f4d52
     344:	72610043 	rsbvc	r0, r1, #67	; 0x43
     348:	72615f6d 	rsbvc	r5, r1, #436	; 0x1b4
     34c:	785f6863 	ldmdavc	pc, {r0, r1, r5, r6, fp, sp, lr}^	; <UNPREDICTABLE>
     350:	6c616373 	stclvs	3, cr6, [r1], #-460	; 0xfffffe34
     354:	52410065 	subpl	r0, r1, #101	; 0x65
     358:	454c5f4d 	strbmi	r5, [ip, #-3917]	; 0xfffff0b3
     35c:	4d524100 	ldfmie	f4, [r2, #-0]
     360:	0053565f 	subseq	r5, r3, pc, asr r6
     364:	5f4d5241 	svcpl	0x004d5241
     368:	61004547 	tstvs	r0, r7, asr #10
     36c:	745f6d72 	ldrbvc	r6, [pc], #-3442	; 374 <shift+0x374>
     370:	5f656e75 	svcpl	0x00656e75
     374:	6f727473 	svcvs	0x00727473
     378:	7261676e 	rsbvc	r6, r1, #28835840	; 0x1b80000
     37c:	7369006d 	cmnvc	r9, #109	; 0x6d
     380:	75715f61 	ldrbvc	r5, [r1, #-3937]!	; 0xfffff09f
     384:	5f6b7269 	svcpl	0x006b7269
     388:	5f336d63 	svcpl	0x00336d63
     38c:	6472646c 	ldrbtvs	r6, [r2], #-1132	; 0xfffffb94
     390:	6d6f6300 	stclvs	3, cr6, [pc, #-0]	; 398 <shift+0x398>
     394:	78656c70 	stmdavc	r5!, {r4, r5, r6, sl, fp, sp, lr}^
     398:	6f6c6620 	svcvs	0x006c6620
     39c:	69007461 	stmdbvs	r0, {r0, r5, r6, sl, ip, sp, lr}
     3a0:	625f6173 	subsvs	r6, pc, #-1073741796	; 0xc000001c
     3a4:	635f7469 	cmpvs	pc, #1761607680	; 0x69000000
     3a8:	0065736d 	rsbeq	r7, r5, sp, ror #6
     3ac:	47524154 			; <UNDEFINED> instruction: 0x47524154
     3b0:	435f5445 	cmpmi	pc, #1157627904	; 0x45000000
     3b4:	635f5550 	cmpvs	pc, #80, 10	; 0x14000000
     3b8:	6574726f 	ldrbvs	r7, [r4, #-623]!	; 0xfffffd91
     3bc:	35316178 	ldrcc	r6, [r1, #-376]!	; 0xfffffe88
     3c0:	49515500 	ldmdbmi	r1, {r8, sl, ip, lr}^
     3c4:	65707974 	ldrbvs	r7, [r0, #-2420]!	; 0xfffff68c
     3c8:	52415400 	subpl	r5, r1, #0, 8
     3cc:	5f544547 	svcpl	0x00544547
     3d0:	5f555043 	svcpl	0x00555043
     3d4:	32376166 	eorscc	r6, r7, #-2147483623	; 0x80000019
     3d8:	00657436 	rsbeq	r7, r5, r6, lsr r4
     3dc:	47524154 			; <UNDEFINED> instruction: 0x47524154
     3e0:	435f5445 	cmpmi	pc, #1157627904	; 0x45000000
     3e4:	635f5550 	cmpvs	pc, #80, 10	; 0x14000000
     3e8:	6574726f 	ldrbvs	r7, [r4, #-623]!	; 0xfffffd91
     3ec:	37316178 			; <UNDEFINED> instruction: 0x37316178
     3f0:	4d524100 	ldfmie	f4, [r2, #-0]
     3f4:	0054475f 	subseq	r4, r4, pc, asr r7
     3f8:	5f4d5241 	svcpl	0x004d5241
     3fc:	6900544c 	stmdbvs	r0, {r2, r3, r6, sl, ip, lr}
     400:	625f6173 	subsvs	r6, pc, #-1073741796	; 0xc000001c
     404:	665f7469 	ldrbvs	r7, [pc], -r9, ror #8
     408:	63363170 	teqvs	r6, #112, 2
     40c:	00766e6f 	rsbseq	r6, r6, pc, ror #28
     410:	69745f5f 	ldmdbvs	r4!, {r0, r1, r2, r3, r4, r6, r8, r9, sl, fp, ip, lr}^
     414:	6f7a656d 	svcvs	0x007a656d
     418:	5400656e 	strpl	r6, [r0], #-1390	; 0xfffffa92
     41c:	45475241 	strbmi	r5, [r7, #-577]	; 0xfffffdbf
     420:	50435f54 	subpl	r5, r3, r4, asr pc
     424:	6f635f55 	svcvs	0x00635f55
     428:	78657472 	stmdavc	r5!, {r1, r4, r5, r6, sl, ip, sp, lr}^
     42c:	00663472 	rsbeq	r3, r6, r2, ror r4
     430:	47524154 			; <UNDEFINED> instruction: 0x47524154
     434:	435f5445 	cmpmi	pc, #1157627904	; 0x45000000
     438:	615f5550 	cmpvs	pc, r0, asr r5	; <UNPREDICTABLE>
     43c:	32396d72 	eorscc	r6, r9, #7296	; 0x1c80
     440:	41420030 	cmpmi	r2, r0, lsr r0
     444:	415f4553 	cmpmi	pc, r3, asr r5	; <UNPREDICTABLE>
     448:	5f484352 	svcpl	0x00484352
     44c:	004d4537 	subeq	r4, sp, r7, lsr r5
     450:	47524154 			; <UNDEFINED> instruction: 0x47524154
     454:	435f5445 	cmpmi	pc, #1157627904	; 0x45000000
     458:	635f5550 	cmpvs	pc, #80, 10	; 0x14000000
     45c:	6574726f 	ldrbvs	r7, [r4, #-623]!	; 0xfffffd91
     460:	32316178 	eorscc	r6, r1, #120, 2
     464:	745f5f00 	ldrbvc	r5, [pc], #-3840	; 46c <shift+0x46c>
     468:	6d616e7a 	stclvs	14, cr6, [r1, #-488]!	; 0xfffffe18
     46c:	61680065 	cmnvs	r8, r5, rrx
     470:	61766873 	cmnvs	r6, r3, ror r8
     474:	00745f6c 	rsbseq	r5, r4, ip, ror #30
     478:	5f4f495f 	svcpl	0x004f495f
     47c:	5f315f32 	svcpl	0x00315f32
     480:	69647473 	stmdbvs	r4!, {r0, r1, r4, r5, r6, sl, ip, sp, lr}^
     484:	42005f6e 	andmi	r5, r0, #440	; 0x1b8
     488:	5f455341 	svcpl	0x00455341
     48c:	48435241 	stmdami	r3, {r0, r6, r9, ip, lr}^
     490:	5a4b365f 	bpl	12cde14 <shift+0x12cde14>
     494:	61736900 	cmnvs	r3, r0, lsl #18
     498:	7469625f 	strbtvc	r6, [r9], #-607	; 0xfffffda1
     49c:	72610073 	rsbvc	r0, r1, #115	; 0x73
     4a0:	72615f6d 	rsbvc	r5, r1, #436	; 0x1b4
     4a4:	615f6863 	cmpvs	pc, r3, ror #16
     4a8:	685f6d72 	ldmdavs	pc, {r1, r4, r5, r6, r8, sl, fp, sp, lr}^	; <UNPREDICTABLE>
     4ac:	76696477 			; <UNDEFINED> instruction: 0x76696477
     4b0:	6f705f00 	svcvs	0x00705f00
     4b4:	72610073 	rsbvc	r0, r1, #115	; 0x73
     4b8:	70665f6d 	rsbvc	r5, r6, sp, ror #30
     4bc:	65645f75 	strbvs	r5, [r4, #-3957]!	; 0xfffff08b
     4c0:	73006373 	movwvc	r6, #883	; 0x373
     4c4:	756f6474 	strbvc	r6, [pc, #-1140]!	; 58 <shift+0x58>
     4c8:	73690074 	cmnvc	r9, #116	; 0x74
     4cc:	69625f61 	stmdbvs	r2!, {r0, r5, r6, r8, r9, sl, fp, ip, lr}^
     4d0:	70665f74 	rsbvc	r5, r6, r4, ror pc
     4d4:	5f003631 	svcpl	0x00003631
     4d8:	735f4f49 	cmpvc	pc, #292	; 0x124
     4dc:	5f657661 	svcpl	0x00657661
     4e0:	00646e65 	rsbeq	r6, r4, r5, ror #28
     4e4:	5f4d5241 	svcpl	0x004d5241
     4e8:	54004948 	strpl	r4, [r0], #-2376	; 0xfffff6b8
     4ec:	45475241 	strbmi	r5, [r7, #-577]	; 0xfffffdbf
     4f0:	50435f54 	subpl	r5, r3, r4, asr pc
     4f4:	72615f55 	rsbvc	r5, r1, #340	; 0x154
     4f8:	5400326d 	strpl	r3, [r0], #-621	; 0xfffffd93
     4fc:	45475241 	strbmi	r5, [r7, #-577]	; 0xfffffdbf
     500:	50435f54 	subpl	r5, r3, r4, asr pc
     504:	72615f55 	rsbvc	r5, r1, #340	; 0x154
     508:	5400336d 	strpl	r3, [r0], #-877	; 0xfffffc93
     50c:	45475241 	strbmi	r5, [r7, #-577]	; 0xfffffdbf
     510:	50435f54 	subpl	r5, r3, r4, asr pc
     514:	72615f55 	rsbvc	r5, r1, #340	; 0x154
     518:	3031376d 	eorscc	r3, r1, sp, ror #14
     51c:	41540030 	cmpmi	r4, r0, lsr r0
     520:	54454752 	strbpl	r4, [r5], #-1874	; 0xfffff8ae
     524:	5550435f 	ldrbpl	r4, [r0, #-863]	; 0xfffffca1
     528:	6d72615f 	ldfvse	f6, [r2, #-380]!	; 0xfffffe84
     52c:	41540036 	cmpmi	r4, r6, lsr r0
     530:	54454752 	strbpl	r4, [r5], #-1874	; 0xfffff8ae
     534:	5550435f 	ldrbpl	r4, [r0, #-863]	; 0xfffffca1
     538:	6d72615f 	ldfvse	f6, [r2, #-380]!	; 0xfffffe84
     53c:	41540037 	cmpmi	r4, r7, lsr r0
     540:	54454752 	strbpl	r4, [r5], #-1874	; 0xfffff8ae
     544:	5550435f 	ldrbpl	r4, [r0, #-863]	; 0xfffffca1
     548:	6d72615f 	ldfvse	f6, [r2, #-380]!	; 0xfffffe84
     54c:	41540038 	cmpmi	r4, r8, lsr r0
     550:	54454752 	strbpl	r4, [r5], #-1874	; 0xfffff8ae
     554:	5550435f 	ldrbpl	r4, [r0, #-863]	; 0xfffffca1
     558:	6d72615f 	ldfvse	f6, [r2, #-380]!	; 0xfffffe84
     55c:	6f6c0039 	svcvs	0x006c0039
     560:	6c20676e 	stcvs	7, cr6, [r0], #-440	; 0xfffffe48
     564:	20676e6f 	rsbcs	r6, r7, pc, ror #28
     568:	69736e75 	ldmdbvs	r3!, {r0, r2, r4, r5, r6, r9, sl, fp, sp, lr}^
     56c:	64656e67 	strbtvs	r6, [r5], #-3687	; 0xfffff199
     570:	746e6920 	strbtvc	r6, [lr], #-2336	; 0xfffff6e0
     574:	52415400 	subpl	r5, r1, #0, 8
     578:	5f544547 	svcpl	0x00544547
     57c:	5f555043 	svcpl	0x00555043
     580:	32366166 	eorscc	r6, r6, #-2147483623	; 0x80000019
     584:	41420036 	cmpmi	r2, r6, lsr r0
     588:	415f4553 	cmpmi	pc, r3, asr r5	; <UNPREDICTABLE>
     58c:	5f484352 	svcpl	0x00484352
     590:	69004d33 	stmdbvs	r0, {r0, r1, r4, r5, r8, sl, fp, lr}
     594:	715f6173 	cmpvc	pc, r3, ror r1	; <UNPREDICTABLE>
     598:	6b726975 	blvs	1c9ab74 <shift+0x1c9ab74>
     59c:	5f6f6e5f 	svcpl	0x006f6e5f
     5a0:	616c6f76 	smcvs	50934	; 0xc6f6
     5a4:	656c6974 	strbvs	r6, [ip, #-2420]!	; 0xfffff68c
     5a8:	0065635f 	rsbeq	r6, r5, pc, asr r3
     5ac:	5f4f495f 	svcpl	0x004f495f
     5b0:	454c4946 	strbmi	r4, [ip, #-2374]	; 0xfffff6ba
     5b4:	61736900 	cmnvs	r3, r0, lsl #18
     5b8:	6e75745f 	mrcvs	4, 3, r7, cr5, cr15, {2}
     5bc:	74735f65 	ldrbtvc	r5, [r3], #-3941	; 0xfffff09b
     5c0:	676e6f72 			; <UNDEFINED> instruction: 0x676e6f72
     5c4:	6d726100 	ldfvse	f6, [r2, #-0]
     5c8:	6372615f 	cmnvs	r2, #-1073741801	; 0xc0000017
     5cc:	6d635f68 	stclvs	15, cr5, [r3, #-416]!	; 0xfffffe60
     5d0:	54006573 	strpl	r6, [r0], #-1395	; 0xfffffa8d
     5d4:	45475241 	strbmi	r5, [r7, #-577]	; 0xfffffdbf
     5d8:	50435f54 	subpl	r5, r3, r4, asr pc
     5dc:	72615f55 	rsbvc	r5, r1, #340	; 0x154
     5e0:	3031366d 	eorscc	r3, r1, sp, ror #12
     5e4:	52415400 	subpl	r5, r1, #0, 8
     5e8:	5f544547 	svcpl	0x00544547
     5ec:	5f555043 	svcpl	0x00555043
     5f0:	316d7261 	cmncc	sp, r1, ror #4
     5f4:	54006530 	strpl	r6, [r0], #-1328	; 0xfffffad0
     5f8:	45475241 	strbmi	r5, [r7, #-577]	; 0xfffffdbf
     5fc:	50435f54 	subpl	r5, r3, r4, asr pc
     600:	72615f55 	rsbvc	r5, r1, #340	; 0x154
     604:	3035376d 	eorscc	r3, r5, sp, ror #14
     608:	00656630 	rsbeq	r6, r5, r0, lsr r6
     60c:	47524154 			; <UNDEFINED> instruction: 0x47524154
     610:	435f5445 	cmpmi	pc, #1157627904	; 0x45000000
     614:	615f5550 	cmpvs	pc, r0, asr r5	; <UNPREDICTABLE>
     618:	31376d72 	teqcc	r7, r2, ror sp
     61c:	61006330 	tstvs	r0, r0, lsr r3
     620:	635f6d72 	cmpvs	pc, #7296	; 0x1c80
     624:	5f646e6f 	svcpl	0x00646e6f
     628:	65646f63 	strbvs	r6, [r4, #-3939]!	; 0xfffff09d
     62c:	4d524100 	ldfmie	f4, [r2, #-0]
     630:	5343505f 	movtpl	r5, #12383	; 0x305f
     634:	5041415f 	subpl	r4, r1, pc, asr r1
     638:	5f005343 	svcpl	0x00005343
     63c:	625f4f49 	subsvs	r4, pc, #292	; 0x124
     640:	756b6361 	strbvc	r6, [fp, #-865]!	; 0xfffffc9f
     644:	61625f70 	smcvs	9712	; 0x25f0
     648:	41006573 	tstmi	r0, r3, ror r5
     64c:	505f4d52 	subspl	r4, pc, r2, asr sp	; <UNPREDICTABLE>
     650:	415f5343 	cmpmi	pc, r3, asr #6
     654:	53435041 	movtpl	r5, #12353	; 0x3041
     658:	434f4c5f 	movtmi	r4, #64607	; 0xfc5f
     65c:	54004c41 	strpl	r4, [r0], #-3137	; 0xfffff3bf
     660:	45475241 	strbmi	r5, [r7, #-577]	; 0xfffffdbf
     664:	50435f54 	subpl	r5, r3, r4, asr pc
     668:	6f635f55 	svcvs	0x00635f55
     66c:	78657472 	stmdavc	r5!, {r1, r4, r5, r6, sl, ip, sp, lr}^
     670:	63373161 	teqvs	r7, #1073741848	; 0x40000018
     674:	6574726f 	ldrbvs	r7, [r4, #-623]!	; 0xfffffd91
     678:	00376178 	eorseq	r6, r7, r8, ror r1
     67c:	47524154 			; <UNDEFINED> instruction: 0x47524154
     680:	435f5445 	cmpmi	pc, #1157627904	; 0x45000000
     684:	615f5550 	cmpvs	pc, r0, asr r5	; <UNPREDICTABLE>
     688:	31376d72 	teqcc	r7, r2, ror sp
     68c:	70007430 	andvc	r7, r0, r0, lsr r4
     690:	72676f72 	rsbvc	r6, r7, #456	; 0x1c8
     694:	695f6d61 	ldmdbvs	pc, {r0, r5, r6, r8, sl, fp, sp, lr}^	; <UNPREDICTABLE>
     698:	636f766e 	cmnvs	pc, #115343360	; 0x6e00000
     69c:	6f697461 	svcvs	0x00697461
     6a0:	616e5f6e 	cmnvs	lr, lr, ror #30
     6a4:	6100656d 	tstvs	r0, sp, ror #10
     6a8:	615f6d72 	cmpvs	pc, r2, ror sp	; <UNPREDICTABLE>
     6ac:	5f686372 	svcpl	0x00686372
     6b0:	6d6d7769 	stclvs	7, cr7, [sp, #-420]!	; 0xfffffe5c
     6b4:	00327478 	eorseq	r7, r2, r8, ror r4
     6b8:	6c69665f 	stclvs	6, cr6, [r9], #-380	; 0xfffffe84
     6bc:	006f6e65 	rsbeq	r6, pc, r5, ror #28
     6c0:	61705f5f 	cmnvs	r0, pc, asr pc
     6c4:	69003164 	stmdbvs	r0, {r2, r5, r6, r8, ip, sp}
     6c8:	6e5f6173 	mrcvs	1, 2, r6, cr15, cr3, {3}
     6cc:	625f6d75 	subsvs	r6, pc, #7488	; 0x1d40
     6d0:	00737469 	rsbseq	r7, r3, r9, ror #8
     6d4:	47524154 			; <UNDEFINED> instruction: 0x47524154
     6d8:	435f5445 	cmpmi	pc, #1157627904	; 0x45000000
     6dc:	635f5550 	cmpvs	pc, #80, 10	; 0x14000000
     6e0:	6574726f 	ldrbvs	r7, [r4, #-623]!	; 0xfffffd91
     6e4:	70306d78 	eorsvc	r6, r0, r8, ror sp
     6e8:	7373756c 	cmnvc	r3, #108, 10	; 0x1b000000
     6ec:	6c6c616d 	stfvse	f6, [ip], #-436	; 0xfffffe4c
     6f0:	746c756d 	strbtvc	r7, [ip], #-1389	; 0xfffffa93
     6f4:	796c7069 	stmdbvc	ip!, {r0, r3, r5, r6, ip, sp, lr}^
     6f8:	52415400 	subpl	r5, r1, #0, 8
     6fc:	5f544547 	svcpl	0x00544547
     700:	5f555043 	svcpl	0x00555043
     704:	6e797865 	cdpvs	8, 7, cr7, cr9, cr5, {3}
     708:	316d736f 	cmncc	sp, pc, ror #6
     70c:	6b616d00 	blvs	185bb14 <shift+0x185bb14>
     710:	5f676e69 	svcpl	0x00676e69
     714:	736e6f63 	cmnvc	lr, #396	; 0x18c
     718:	61745f74 	cmnvs	r4, r4, ror pc
     71c:	00656c62 	rsbeq	r6, r5, r2, ror #24
     720:	5f617369 	svcpl	0x00617369
     724:	5f746962 	svcpl	0x00746962
     728:	76696474 			; <UNDEFINED> instruction: 0x76696474
     72c:	65727000 	ldrbvs	r7, [r2, #-0]!
     730:	5f726566 	svcpl	0x00726566
     734:	6e6f656e 	cdpvs	5, 6, cr6, cr15, cr14, {3}
     738:	726f665f 	rsbvc	r6, pc, #99614720	; 0x5f00000
     73c:	6234365f 	eorsvs	r3, r4, #99614720	; 0x5f00000
     740:	00737469 	rsbseq	r7, r3, r9, ror #8
     744:	47524154 			; <UNDEFINED> instruction: 0x47524154
     748:	435f5445 	cmpmi	pc, #1157627904	; 0x45000000
     74c:	635f5550 	cmpvs	pc, #80, 10	; 0x14000000
     750:	6574726f 	ldrbvs	r7, [r4, #-623]!	; 0xfffffd91
     754:	32336178 	eorscc	r6, r3, #120, 2
     758:	7a697300 	bvc	1a5d360 <shift+0x1a5d360>
     75c:	00745f65 	rsbseq	r5, r4, r5, ror #30
     760:	47524154 			; <UNDEFINED> instruction: 0x47524154
     764:	435f5445 	cmpmi	pc, #1157627904	; 0x45000000
     768:	615f5550 	cmpvs	pc, r0, asr r5	; <UNPREDICTABLE>
     76c:	32366d72 	eorscc	r6, r6, #7296	; 0x1c80
     770:	6d5f0030 	ldclvs	0, cr0, [pc, #-192]	; 6b8 <shift+0x6b8>
     774:	656b7261 	strbvs	r7, [fp, #-609]!	; 0xfffffd9f
     778:	75007372 	strvc	r7, [r0, #-882]	; 0xfffffc8e
     77c:	6570736e 	ldrbvs	r7, [r0, #-878]!	; 0xfffffc92
     780:	735f7663 	cmpvc	pc, #103809024	; 0x6300000
     784:	6e697274 	mcrvs	2, 3, r7, cr9, cr4, {3}
     788:	5f007367 	svcpl	0x00007367
     78c:	725f4f49 	subsvc	r4, pc, #292	; 0x124
     790:	5f646165 	svcpl	0x00646165
     794:	65736162 	ldrbvs	r6, [r3, #-354]!	; 0xfffffe9e
     798:	75635f00 	strbvc	r5, [r3, #-3840]!	; 0xfffff100
     79c:	6f635f72 	svcvs	0x00635f72
     7a0:	6e6d756c 	cdpvs	5, 6, cr7, cr13, cr12, {3}
     7a4:	554e4700 	strbpl	r4, [lr, #-1792]	; 0xfffff900
     7a8:	31314320 	teqcc	r1, r0, lsr #6
     7ac:	352e3720 	strcc	r3, [lr, #-1824]!	; 0xfffff8e0
     7b0:	2d20302e 	stccs	0, cr3, [r0, #-184]!	; 0xffffff48
     7b4:	6372616d 	cmnvs	r2, #1073741851	; 0x4000001b
     7b8:	72613d68 	rsbvc	r3, r1, #104, 26	; 0x1a00
     7bc:	2d37766d 	ldccs	6, cr7, [r7, #-436]!	; 0xfffffe4c
     7c0:	6d2d2061 	stcvs	0, cr2, [sp, #-388]!	; 0xfffffe7c
     7c4:	656e7574 	strbvs	r7, [lr, #-1396]!	; 0xfffffa8c
     7c8:	726f633d 	rsbvc	r6, pc, #-201326592	; 0xf4000000
     7cc:	2d786574 	cfldr64cs	mvdx6, [r8, #-464]!	; 0xfffffe30
     7d0:	2d203961 			; <UNDEFINED> instruction: 0x2d203961
     7d4:	6f6c666d 	svcvs	0x006c666d
     7d8:	612d7461 			; <UNDEFINED> instruction: 0x612d7461
     7dc:	683d6962 	ldmdavs	sp!, {r1, r5, r6, r8, fp, sp, lr}
     7e0:	20647261 	rsbcs	r7, r4, r1, ror #4
     7e4:	70666d2d 	rsbvc	r6, r6, sp, lsr #26
     7e8:	66763d75 			; <UNDEFINED> instruction: 0x66763d75
     7ec:	2d337670 	ldccs	6, cr7, [r3, #-448]!	; 0xfffffe40
     7f0:	20363164 	eorscs	r3, r6, r4, ror #2
     7f4:	68746d2d 	ldmdavs	r4!, {r0, r2, r3, r5, r8, sl, fp, sp, lr}^
     7f8:	20626d75 	rsbcs	r6, r2, r5, ror sp
     7fc:	6c746d2d 	ldclvs	13, cr6, [r4], #-180	; 0xffffff4c
     800:	69642d73 	stmdbvs	r4!, {r0, r1, r4, r5, r6, r8, sl, fp, sp}^
     804:	63656c61 	cmnvs	r5, #24832	; 0x6100
     808:	6e673d74 	mcrvs	13, 3, r3, cr7, cr4, {3}
     80c:	672d2075 			; <UNDEFINED> instruction: 0x672d2075
     810:	20672d20 	rsbcs	r2, r7, r0, lsr #26
     814:	2d20672d 	stccs	7, cr6, [r0, #-180]!	; 0xffffff4c
     818:	2d20324f 	sfmcs	f3, 4, [r0, #-316]!	; 0xfffffec4
     81c:	2d20324f 	sfmcs	f3, 4, [r0, #-316]!	; 0xfffffec4
     820:	2d20324f 	sfmcs	f3, 4, [r0, #-316]!	; 0xfffffec4
     824:	69756266 	ldmdbvs	r5!, {r1, r2, r5, r6, r9, sp, lr}^
     828:	6e69646c 	cdpvs	4, 6, cr6, cr9, cr12, {3}
     82c:	696c2d67 	stmdbvs	ip!, {r0, r1, r2, r5, r6, r8, sl, fp, sp}^
     830:	63636762 	cmnvs	r3, #25690112	; 0x1880000
     834:	6e662d20 	cdpvs	13, 6, cr2, cr6, cr0, {1}
     838:	74732d6f 	ldrbtvc	r2, [r3], #-3439	; 0xfffff291
     83c:	2d6b6361 	stclcs	3, cr6, [fp, #-388]!	; 0xfffffe7c
     840:	746f7270 	strbtvc	r7, [pc], #-624	; 848 <shift+0x848>
     844:	6f746365 	svcvs	0x00746365
     848:	662d2072 			; <UNDEFINED> instruction: 0x662d2072
     84c:	20434950 	subcs	r4, r3, r0, asr r9
     850:	6f6e662d 	svcvs	0x006e662d
     854:	6c6e692d 			; <UNDEFINED> instruction: 0x6c6e692d
     858:	20656e69 	rsbcs	r6, r5, r9, ror #28
     85c:	7865662d 	stmdavc	r5!, {r0, r2, r3, r5, r9, sl, sp, lr}^
     860:	74706563 	ldrbtvc	r6, [r0], #-1379	; 0xfffffa9d
     864:	736e6f69 	cmnvc	lr, #420	; 0x1a4
     868:	76662d20 	strbtvc	r2, [r6], -r0, lsr #26
     86c:	62697369 	rsbvs	r7, r9, #-1543503871	; 0xa4000001
     870:	74696c69 	strbtvc	r6, [r9], #-3177	; 0xfffff397
     874:	69683d79 	stmdbvs	r8!, {r0, r3, r4, r5, r6, r8, sl, fp, ip, sp}^
     878:	6e656464 	cdpvs	4, 6, cr6, cr5, cr4, {3}
     87c:	52415400 	subpl	r5, r1, #0, 8
     880:	5f544547 	svcpl	0x00544547
     884:	5f555043 	svcpl	0x00555043
     888:	316d7261 	cmncc	sp, r1, ror #4
     88c:	65363230 	ldrvs	r3, [r6, #-560]!	; 0xfffffdd0
     890:	6100736a 	tstvs	r0, sl, ror #6
     894:	665f6c6c 	ldrbvs	r6, [pc], -ip, ror #24
     898:	00737570 	rsbseq	r7, r3, r0, ror r5
     89c:	5f6d7261 	svcpl	0x006d7261
     8a0:	68637261 	stmdavs	r3!, {r0, r5, r6, r9, ip, sp, lr}^
     8a4:	54006d33 	strpl	r6, [r0], #-3379	; 0xfffff2cd
     8a8:	45475241 	strbmi	r5, [r7, #-577]	; 0xfffffdbf
     8ac:	50435f54 	subpl	r5, r3, r4, asr pc
     8b0:	61665f55 	cmnvs	r6, r5, asr pc
     8b4:	74363036 	ldrtvc	r3, [r6], #-54	; 0xffffffca
     8b8:	74730065 	ldrbtvc	r0, [r3], #-101	; 0xffffff9b
     8bc:	006e6964 	rsbeq	r6, lr, r4, ror #18
     8c0:	47524154 			; <UNDEFINED> instruction: 0x47524154
     8c4:	435f5445 	cmpmi	pc, #1157627904	; 0x45000000
     8c8:	615f5550 	cmpvs	pc, r0, asr r5	; <UNPREDICTABLE>
     8cc:	32396d72 	eorscc	r6, r9, #7296	; 0x1c80
     8d0:	736a6536 	cmnvc	sl, #226492416	; 0xd800000
     8d4:	53414200 	movtpl	r4, #4608	; 0x1200
     8d8:	52415f45 	subpl	r5, r1, #276	; 0x114
     8dc:	345f4843 	ldrbcc	r4, [pc], #-2115	; 8e4 <shift+0x8e4>
     8e0:	73690054 	cmnvc	r9, #84	; 0x54
     8e4:	69625f61 	stmdbvs	r2!, {r0, r5, r6, r8, r9, sl, fp, ip, lr}^
     8e8:	72635f74 	rsbvc	r5, r3, #116, 30	; 0x1d0
     8ec:	6f747079 	svcvs	0x00747079
     8f0:	656e5f00 	strbvs	r5, [lr, #-3840]!	; 0xfffff100
     8f4:	61007478 	tstvs	r0, r8, ror r4
     8f8:	725f6d72 	subsvc	r6, pc, #7296	; 0x1c80
     8fc:	5f736765 	svcpl	0x00736765
     900:	735f6e69 	cmpvc	pc, #1680	; 0x690
     904:	65757165 	ldrbvs	r7, [r5, #-357]!	; 0xfffffe9b
     908:	0065636e 	rsbeq	r6, r5, lr, ror #6
     90c:	45534142 	ldrbmi	r4, [r3, #-322]	; 0xfffffebe
     910:	4352415f 	cmpmi	r2, #-1073741801	; 0xc0000017
     914:	54355f48 	ldrtpl	r5, [r5], #-3912	; 0xfffff0b8
     918:	495f0045 	ldmdbmi	pc, {r0, r2, r6}^	; <UNPREDICTABLE>
     91c:	616d5f4f 	cmnvs	sp, pc, asr #30
     920:	72656b72 	rsbvc	r6, r5, #116736	; 0x1c800
     924:	52415400 	subpl	r5, r1, #0, 8
     928:	5f544547 	svcpl	0x00544547
     92c:	5f555043 	svcpl	0x00555043
     930:	33397065 	teqcc	r9, #101	; 0x65
     934:	69003231 	stmdbvs	r0, {r0, r4, r5, r9, ip, sp}
     938:	665f6173 			; <UNDEFINED> instruction: 0x665f6173
     93c:	75746165 	ldrbvc	r6, [r4, #-357]!	; 0xfffffe9b
     940:	69006572 	stmdbvs	r0, {r1, r4, r5, r6, r8, sl, sp, lr}
     944:	625f6173 	subsvs	r6, pc, #-1073741796	; 0xc000001c
     948:	735f7469 	cmpvc	pc, #1761607680	; 0x69000000
     94c:	6c6c616d 	stfvse	f6, [ip], #-436	; 0xfffffe4c
     950:	006c756d 	rsbeq	r7, ip, sp, ror #10
     954:	5f617369 	svcpl	0x00617369
     958:	5f746962 	svcpl	0x00746962
     95c:	764d5241 	strbvc	r5, [sp], -r1, asr #4
     960:	00315f38 	eorseq	r5, r1, r8, lsr pc
     964:	5f617369 	svcpl	0x00617369
     968:	5f746962 	svcpl	0x00746962
     96c:	764d5241 	strbvc	r5, [sp], -r1, asr #4
     970:	00325f38 	eorseq	r5, r2, r8, lsr pc
     974:	5f6d7261 	svcpl	0x006d7261
     978:	676e616c 	strbvs	r6, [lr, -ip, ror #2]!
     97c:	74756f5f 	ldrbtvc	r6, [r5], #-3935	; 0xfffff0a1
     980:	5f747570 	svcpl	0x00747570
     984:	656a626f 	strbvs	r6, [sl, #-623]!	; 0xfffffd91
     988:	615f7463 	cmpvs	pc, r3, ror #8
     98c:	69727474 	ldmdbvs	r2!, {r2, r4, r5, r6, sl, ip, sp, lr}^
     990:	65747562 	ldrbvs	r7, [r4, #-1378]!	; 0xfffffa9e
     994:	6f685f73 	svcvs	0x00685f73
     998:	69006b6f 	stmdbvs	r0, {r0, r1, r2, r3, r5, r6, r8, r9, fp, sp, lr}
     99c:	625f6173 	subsvs	r6, pc, #-1073741796	; 0xc000001c
     9a0:	665f7469 	ldrbvs	r7, [pc], -r9, ror #8
     9a4:	33645f70 	cmncc	r4, #112, 30	; 0x1c0
     9a8:	52410032 	subpl	r0, r1, #50	; 0x32
     9ac:	454e5f4d 	strbmi	r5, [lr, #-3917]	; 0xfffff0b3
     9b0:	52415400 	subpl	r5, r1, #0, 8
     9b4:	5f544547 	svcpl	0x00544547
     9b8:	5f555043 	svcpl	0x00555043
     9bc:	316d7261 	cmncc	sp, r1, ror #4
     9c0:	6a363731 	bvs	d8e68c <shift+0xd8e68c>
     9c4:	4200737a 	andmi	r7, r0, #-402653183	; 0xe8000001
     9c8:	5f455341 	svcpl	0x00455341
     9cc:	48435241 	stmdami	r3, {r0, r6, r9, ip, lr}^
     9d0:	0045355f 	subeq	r3, r5, pc, asr r5
     9d4:	5f617369 	svcpl	0x00617369
     9d8:	5f746962 	svcpl	0x00746962
     9dc:	76696461 	strbtvc	r6, [r9], -r1, ror #8
     9e0:	4f495f00 	svcmi	0x00495f00
     9e4:	315f325f 	cmpcc	pc, pc, asr r2	; <UNPREDICTABLE>
     9e8:	6474735f 	ldrbtvs	r7, [r4], #-863	; 0xfffffca1
     9ec:	5f727265 	svcpl	0x00727265
     9f0:	6f727000 	svcvs	0x00727000
     9f4:	73736563 	cmnvc	r3, #415236096	; 0x18c00000
     9f8:	745f726f 	ldrbvc	r7, [pc], #-623	; a00 <shift+0xa00>
     9fc:	00657079 	rsbeq	r7, r5, r9, ror r0
     a00:	5f6d7261 	svcpl	0x006d7261
     a04:	00736370 	rsbseq	r6, r3, r0, ror r3
     a08:	646f6d5f 	strbtvs	r6, [pc], #-3423	; a10 <shift+0xa10>
     a0c:	72610065 	rsbvc	r0, r1, #101	; 0x65
     a10:	72615f6d 	rsbvc	r5, r1, #436	; 0x1b4
     a14:	74346863 	ldrtvc	r6, [r4], #-2147	; 0xfffff79d
     a18:	52415400 	subpl	r5, r1, #0, 8
     a1c:	5f544547 	svcpl	0x00544547
     a20:	5f555043 	svcpl	0x00555043
     a24:	74726f63 	ldrbtvc	r6, [r2], #-3939	; 0xfffff09d
     a28:	31617865 	cmncc	r1, r5, ror #16
     a2c:	726f6335 	rsbvc	r6, pc, #-738197504	; 0xd4000000
     a30:	61786574 	cmnvs	r8, r4, ror r5
     a34:	72610037 	rsbvc	r0, r1, #55	; 0x37
     a38:	75745f6d 	ldrbvc	r5, [r4, #-3949]!	; 0xfffff093
     a3c:	775f656e 	ldrbvc	r6, [pc, -lr, ror #10]
     a40:	00667562 	rsbeq	r7, r6, r2, ror #10
     a44:	62617468 	rsbvs	r7, r1, #104, 8	; 0x68000000
     a48:	7361685f 	cmnvc	r1, #6225920	; 0x5f0000
     a4c:	495f0068 	ldmdbmi	pc, {r3, r5, r6}^	; <UNPREDICTABLE>
     a50:	65725f4f 	ldrbvs	r5, [r2, #-3919]!	; 0xfffff0b1
     a54:	705f6461 	subsvc	r6, pc, r1, ror #8
     a58:	69007274 	stmdbvs	r0, {r2, r4, r5, r6, r9, ip, sp, lr}
     a5c:	625f6173 	subsvs	r6, pc, #-1073741796	; 0xc000001c
     a60:	415f7469 	cmpmi	pc, r9, ror #8
     a64:	37764d52 			; <UNDEFINED> instruction: 0x37764d52
     a68:	54006d65 	strpl	r6, [r0], #-3429	; 0xfffff29b
     a6c:	45475241 	strbmi	r5, [r7, #-577]	; 0xfffffdbf
     a70:	50435f54 	subpl	r5, r3, r4, asr pc
     a74:	6f635f55 	svcvs	0x00635f55
     a78:	78657472 	stmdavc	r5!, {r1, r4, r5, r6, sl, ip, sp, lr}^
     a7c:	5400306d 	strpl	r3, [r0], #-109	; 0xffffff93
     a80:	45475241 	strbmi	r5, [r7, #-577]	; 0xfffffdbf
     a84:	50435f54 	subpl	r5, r3, r4, asr pc
     a88:	6f635f55 	svcvs	0x00635f55
     a8c:	78657472 	stmdavc	r5!, {r1, r4, r5, r6, sl, ip, sp, lr}^
     a90:	5400316d 	strpl	r3, [r0], #-365	; 0xfffffe93
     a94:	45475241 	strbmi	r5, [r7, #-577]	; 0xfffffdbf
     a98:	50435f54 	subpl	r5, r3, r4, asr pc
     a9c:	6f635f55 	svcvs	0x00635f55
     aa0:	78657472 	stmdavc	r5!, {r1, r4, r5, r6, sl, ip, sp, lr}^
     aa4:	5400336d 	strpl	r3, [r0], #-877	; 0xfffffc93
     aa8:	45475241 	strbmi	r5, [r7, #-577]	; 0xfffffdbf
     aac:	50435f54 	subpl	r5, r3, r4, asr pc
     ab0:	6f635f55 	svcvs	0x00635f55
     ab4:	78657472 	stmdavc	r5!, {r1, r4, r5, r6, sl, ip, sp, lr}^
     ab8:	6100346d 	tstvs	r0, sp, ror #8
     abc:	615f6d72 	cmpvs	pc, r2, ror sp	; <UNPREDICTABLE>
     ac0:	5f686372 	svcpl	0x00686372
     ac4:	656d616e 	strbvs	r6, [sp, #-366]!	; 0xfffffe92
     ac8:	52415400 	subpl	r5, r1, #0, 8
     acc:	5f544547 	svcpl	0x00544547
     ad0:	5f555043 	svcpl	0x00555043
     ad4:	376d7261 	strbcc	r7, [sp, -r1, ror #4]!
     ad8:	696d6474 	stmdbvs	sp!, {r2, r4, r5, r6, sl, sp, lr}^
     adc:	52415400 	subpl	r5, r1, #0, 8
     ae0:	5f544547 	svcpl	0x00544547
     ae4:	5f555043 	svcpl	0x00555043
     ae8:	74726f63 	ldrbtvc	r6, [r2], #-3939	; 0xfffff09d
     aec:	376d7865 	strbcc	r7, [sp, -r5, ror #16]!
     af0:	52415400 	subpl	r5, r1, #0, 8
     af4:	5f544547 	svcpl	0x00544547
     af8:	5f555043 	svcpl	0x00555043
     afc:	74726f63 	ldrbtvc	r6, [r2], #-3939	; 0xfffff09d
     b00:	35617865 	strbcc	r7, [r1, #-2149]!	; 0xfffff79b
     b04:	41540033 	cmpmi	r4, r3, lsr r0
     b08:	54454752 	strbpl	r4, [r5], #-1874	; 0xfffff8ae
     b0c:	5550435f 	ldrbpl	r4, [r0, #-863]	; 0xfffffca1
     b10:	6d72615f 	ldfvse	f6, [r2, #-380]!	; 0xfffffe84
     b14:	696d6437 	stmdbvs	sp!, {r0, r1, r2, r4, r5, sl, sp, lr}^
     b18:	52415400 	subpl	r5, r1, #0, 8
     b1c:	5f544547 	svcpl	0x00544547
     b20:	5f555043 	svcpl	0x00555043
     b24:	6f63706d 	svcvs	0x0063706d
     b28:	54006572 	strpl	r6, [r0], #-1394	; 0xfffffa8e
     b2c:	45475241 	strbmi	r5, [r7, #-577]	; 0xfffffdbf
     b30:	50435f54 	subpl	r5, r3, r4, asr pc
     b34:	72615f55 	rsbvc	r5, r1, #340	; 0x154
     b38:	6f6e5f6d 	svcvs	0x006e5f6d
     b3c:	6100656e 	tstvs	r0, lr, ror #10
     b40:	615f6d72 	cmpvs	pc, r2, ror sp	; <UNPREDICTABLE>
     b44:	5f686372 	svcpl	0x00686372
     b48:	6d746f6e 	ldclvs	15, cr6, [r4, #-440]!	; 0xfffffe48
     b4c:	6d726100 	ldfvse	f6, [r2, #-0]
     b50:	6372615f 	cmnvs	r2, #-1073741801	; 0xc0000017
     b54:	00653568 	rsbeq	r3, r5, r8, ror #10
     b58:	47524154 			; <UNDEFINED> instruction: 0x47524154
     b5c:	435f5445 	cmpmi	pc, #1157627904	; 0x45000000
     b60:	615f5550 	cmpvs	pc, r0, asr r5	; <UNPREDICTABLE>
     b64:	30316d72 	eorscc	r6, r1, r2, ror sp
     b68:	00653032 	rsbeq	r3, r5, r2, lsr r0
     b6c:	45534142 	ldrbmi	r4, [r3, #-322]	; 0xfffffebe
     b70:	4352415f 	cmpmi	r2, #-1073741801	; 0xc0000017
     b74:	4a365f48 	bmi	d9889c <shift+0xd9889c>
     b78:	52415400 	subpl	r5, r1, #0, 8
     b7c:	5f544547 	svcpl	0x00544547
     b80:	5f555043 	svcpl	0x00555043
     b84:	396d7261 	stmdbcc	sp!, {r0, r5, r6, r9, ip, sp, lr}^
     b88:	73653836 	cmnvc	r5, #3538944	; 0x360000
     b8c:	52415400 	subpl	r5, r1, #0, 8
     b90:	5f544547 	svcpl	0x00544547
     b94:	5f555043 	svcpl	0x00555043
     b98:	376d7261 	strbcc	r7, [sp, -r1, ror #4]!
     b9c:	00743034 	rsbseq	r3, r4, r4, lsr r0
     ba0:	45534142 	ldrbmi	r4, [r3, #-322]	; 0xfffffebe
     ba4:	4352415f 	cmpmi	r2, #-1073741801	; 0xc0000017
     ba8:	4d365f48 	ldcmi	15, cr5, [r6, #-288]!	; 0xfffffee0
     bac:	61736900 	cmnvs	r3, r0, lsl #18
     bb0:	7469625f 	strbtvc	r6, [r9], #-607	; 0xfffffda1
     bb4:	6d77695f 			; <UNDEFINED> instruction: 0x6d77695f
     bb8:	0074786d 	rsbseq	r7, r4, sp, ror #16
     bbc:	47524154 			; <UNDEFINED> instruction: 0x47524154
     bc0:	435f5445 	cmpmi	pc, #1157627904	; 0x45000000
     bc4:	615f5550 	cmpvs	pc, r0, asr r5	; <UNPREDICTABLE>
     bc8:	31316d72 	teqcc	r1, r2, ror sp
     bcc:	666a3633 			; <UNDEFINED> instruction: 0x666a3633
     bd0:	52410073 	subpl	r0, r1, #115	; 0x73
     bd4:	534c5f4d 	movtpl	r5, #53069	; 0xcf4d
     bd8:	52415400 	subpl	r5, r1, #0, 8
     bdc:	5f544547 	svcpl	0x00544547
     be0:	5f555043 	svcpl	0x00555043
     be4:	316d7261 	cmncc	sp, r1, ror #4
     be8:	74303230 	ldrtvc	r3, [r0], #-560	; 0xfffffdd0
     bec:	4f495f00 	svcmi	0x00495f00
     bf0:	6972775f 	ldmdbvs	r2!, {r0, r1, r2, r3, r4, r6, r8, r9, sl, ip, sp, lr}^
     bf4:	625f6574 	subsvs	r6, pc, #116, 10	; 0x1d000000
     bf8:	00657361 	rsbeq	r7, r5, r1, ror #6
     bfc:	45534142 	ldrbmi	r4, [r3, #-322]	; 0xfffffebe
     c00:	4352415f 	cmpmi	r2, #-1073741801	; 0xc0000017
     c04:	5a365f48 	bpl	d9892c <shift+0xd9892c>
     c08:	4d524100 	ldfmie	f4, [r2, #-0]
     c0c:	5343505f 	movtpl	r5, #12383	; 0x305f
     c10:	5041415f 	subpl	r4, r1, pc, asr r1
     c14:	565f5343 	ldrbpl	r5, [pc], -r3, asr #6
     c18:	54005046 	strpl	r5, [r0], #-70	; 0xffffffba
     c1c:	45475241 	strbmi	r5, [r7, #-577]	; 0xfffffdbf
     c20:	50435f54 	subpl	r5, r3, r4, asr pc
     c24:	77695f55 			; <UNDEFINED> instruction: 0x77695f55
     c28:	74786d6d 	ldrbtvc	r6, [r8], #-3437	; 0xfffff293
     c2c:	73690032 	cmnvc	r9, #50	; 0x32
     c30:	69625f61 	stmdbvs	r2!, {r0, r5, r6, r8, r9, sl, fp, ip, lr}^
     c34:	656e5f74 	strbvs	r5, [lr, #-3956]!	; 0xfffff08c
     c38:	6c006e6f 	stcvs	14, cr6, [r0], {111}	; 0x6f
     c3c:	20676e6f 	rsbcs	r6, r7, pc, ror #28
     c40:	676e6f6c 	strbvs	r6, [lr, -ip, ror #30]!
     c44:	746e6920 	strbtvc	r6, [lr], #-2336	; 0xfffff6e0
     c48:	61736900 	cmnvs	r3, r0, lsl #18
     c4c:	7469625f 	strbtvc	r6, [r9], #-607	; 0xfffffda1
     c50:	7650465f 			; <UNDEFINED> instruction: 0x7650465f
     c54:	72610035 	rsbvc	r0, r1, #53	; 0x35
     c58:	70665f6d 	rsbvc	r5, r6, sp, ror #30
     c5c:	74615f75 	strbtvc	r5, [r1], #-3957	; 0xfffff08b
     c60:	5f007274 	svcpl	0x00007274
     c64:	325f4f49 	subscc	r4, pc, #292	; 0x124
     c68:	735f315f 	cmpvc	pc, #-1073741801	; 0xc0000017
     c6c:	756f6474 	strbvc	r6, [pc, #-1140]!	; 800 <shift+0x800>
     c70:	54005f74 	strpl	r5, [r0], #-3956	; 0xfffff08c
     c74:	45475241 	strbmi	r5, [r7, #-577]	; 0xfffffdbf
     c78:	50435f54 	subpl	r5, r3, r4, asr pc
     c7c:	61665f55 	cmnvs	r6, r5, asr pc
     c80:	74363236 	ldrtvc	r3, [r6], #-566	; 0xfffffdca
     c84:	73690065 	cmnvc	r9, #101	; 0x65
     c88:	75745f61 	ldrbvc	r5, [r4, #-3937]!	; 0xfffff09f
     c8c:	6c5f656e 	cfldr64vs	mvdx6, [pc], {110}	; 0x6e
     c90:	68637364 	stmdavs	r3!, {r2, r5, r6, r8, r9, ip, sp, lr}^
     c94:	54006465 	strpl	r6, [r0], #-1125	; 0xfffffb9b
     c98:	45475241 	strbmi	r5, [r7, #-577]	; 0xfffffdbf
     c9c:	50435f54 	subpl	r5, r3, r4, asr pc
     ca0:	616d5f55 	cmnvs	sp, r5, asr pc
     ca4:	6c657672 	stclvs	6, cr7, [r5], #-456	; 0xfffffe38
     ca8:	6a705f6c 	bvs	1c18a60 <shift+0x1c18a60>
     cac:	74680034 	strbtvc	r0, [r8], #-52	; 0xffffffcc
     cb0:	685f6261 	ldmdavs	pc, {r0, r5, r6, r9, sp, lr}^	; <UNPREDICTABLE>
     cb4:	5f687361 	svcpl	0x00687361
     cb8:	6e696f70 	mcrvs	15, 3, r6, cr9, cr0, {3}
     cbc:	00726574 	rsbseq	r6, r2, r4, ror r5
     cc0:	47524154 			; <UNDEFINED> instruction: 0x47524154
     cc4:	435f5445 	cmpmi	pc, #1157627904	; 0x45000000
     cc8:	635f5550 	cmpvs	pc, #80, 10	; 0x14000000
     ccc:	6574726f 	ldrbvs	r7, [r4, #-623]!	; 0xfffffd91
     cd0:	35336178 	ldrcc	r6, [r3, #-376]!	; 0xfffffe88
     cd4:	6d726100 	ldfvse	f6, [r2, #-0]
     cd8:	6e75745f 	mrcvs	4, 3, r7, cr5, cr15, {2}
     cdc:	6f635f65 	svcvs	0x00635f65
     ce0:	78657472 	stmdavc	r5!, {r1, r4, r5, r6, sl, ip, sp, lr}^
     ce4:	0039615f 	eorseq	r6, r9, pc, asr r1
     ce8:	5f617369 	svcpl	0x00617369
     cec:	5f746962 	svcpl	0x00746962
     cf0:	6d6d7769 	stclvs	7, cr7, [sp, #-420]!	; 0xfffffe5c
     cf4:	00327478 	eorseq	r7, r2, r8, ror r4
     cf8:	47524154 			; <UNDEFINED> instruction: 0x47524154
     cfc:	435f5445 	cmpmi	pc, #1157627904	; 0x45000000
     d00:	635f5550 	cmpvs	pc, #80, 10	; 0x14000000
     d04:	6574726f 	ldrbvs	r7, [r4, #-623]!	; 0xfffffd91
     d08:	32376178 	eorscc	r6, r7, #120, 2
     d0c:	74726f63 	ldrbtvc	r6, [r2], #-3939	; 0xfffff09d
     d10:	35617865 	strbcc	r7, [r1, #-2149]!	; 0xfffff79b
     d14:	73690033 	cmnvc	r9, #51	; 0x33
     d18:	69625f61 	stmdbvs	r2!, {r0, r5, r6, r8, r9, sl, fp, ip, lr}^
     d1c:	68745f74 	ldmdavs	r4!, {r2, r4, r5, r6, r8, r9, sl, fp, ip, lr}^
     d20:	32626d75 	rsbcc	r6, r2, #7488	; 0x1d40
     d24:	74706f00 	ldrbtvc	r6, [r0], #-3840	; 0xfffff100
     d28:	00646e69 	rsbeq	r6, r4, r9, ror #28
     d2c:	45534142 	ldrbmi	r4, [r3, #-322]	; 0xfffffebe
     d30:	4352415f 	cmpmi	r2, #-1073741801	; 0xc0000017
     d34:	41375f48 	teqmi	r7, r8, asr #30
     d38:	61736900 	cmnvs	r3, r0, lsl #18
     d3c:	7469625f 	strbtvc	r6, [r9], #-607	; 0xfffffda1
     d40:	746f645f 	strbtvc	r6, [pc], #-1119	; d48 <shift+0xd48>
     d44:	646f7270 	strbtvs	r7, [pc], #-624	; d4c <shift+0xd4c>
     d48:	53414200 	movtpl	r4, #4608	; 0x1200
     d4c:	52415f45 	subpl	r5, r1, #276	; 0x114
     d50:	305f4843 	subscc	r4, pc, r3, asr #16
     d54:	6d726100 	ldfvse	f6, [r2, #-0]
     d58:	3170665f 	cmncc	r0, pc, asr r6
     d5c:	79745f36 	ldmdbvc	r4!, {r1, r2, r4, r5, r8, r9, sl, fp, ip, lr}^
     d60:	6e5f6570 	mrcvs	5, 2, r6, cr15, cr0, {3}
     d64:	0065646f 	rsbeq	r6, r5, pc, ror #8
     d68:	5f4d5241 	svcpl	0x004d5241
     d6c:	6100494d 	tstvs	r0, sp, asr #18
     d70:	615f6d72 	cmpvs	pc, r2, ror sp	; <UNPREDICTABLE>
     d74:	36686372 			; <UNDEFINED> instruction: 0x36686372
     d78:	7261006b 	rsbvc	r0, r1, #107	; 0x6b
     d7c:	72615f6d 	rsbvc	r5, r1, #436	; 0x1b4
     d80:	6d366863 	ldcvs	8, cr6, [r6, #-396]!	; 0xfffffe74
     d84:	53414200 	movtpl	r4, #4608	; 0x1200
     d88:	52415f45 	subpl	r5, r1, #276	; 0x114
     d8c:	345f4843 	ldrbcc	r4, [pc], #-2115	; d94 <shift+0xd94>
     d90:	53414200 	movtpl	r4, #4608	; 0x1200
     d94:	52415f45 	subpl	r5, r1, #276	; 0x114
     d98:	375f4843 	ldrbcc	r4, [pc, -r3, asr #16]
     d9c:	41420052 	qdaddmi	r0, r2, r2
     da0:	415f4553 	cmpmi	pc, r3, asr r5	; <UNPREDICTABLE>
     da4:	5f484352 	svcpl	0x00484352
     da8:	5f5f0036 	svcpl	0x005f0036
     dac:	63706f70 	cmnvs	r0, #112, 30	; 0x1c0
     db0:	746e756f 	strbtvc	r7, [lr], #-1391	; 0xfffffa91
     db4:	6261745f 	rsbvs	r7, r1, #1593835520	; 0x5f000000
     db8:	715f5f00 	cmpvc	pc, r0, lsl #30
     dbc:	5f646175 	svcpl	0x00646175
     dc0:	74680074 	strbtvc	r0, [r8], #-116	; 0xffffff8c
     dc4:	655f6261 	ldrbvs	r6, [pc, #-609]	; b6b <shift+0xb6b>
     dc8:	41420071 	hvcmi	8193	; 0x2001
     dcc:	415f4553 	cmpmi	pc, r3, asr r5	; <UNPREDICTABLE>
     dd0:	5f484352 	svcpl	0x00484352
     dd4:	00325436 	eorseq	r5, r2, r6, lsr r4
     dd8:	61705f5f 	cmnvs	r0, pc, asr pc
     ddc:	5f003264 	svcpl	0x00003264
     de0:	6461705f 	strbtvs	r7, [r1], #-95	; 0xffffffa1
     de4:	5f5f0033 	svcpl	0x005f0033
     de8:	34646170 	strbtcc	r6, [r4], #-368	; 0xfffffe90
     dec:	705f5f00 	subsvc	r5, pc, r0, lsl #30
     df0:	00356461 	eorseq	r6, r5, r1, ror #8
     df4:	47524154 			; <UNDEFINED> instruction: 0x47524154
     df8:	435f5445 	cmpmi	pc, #1157627904	; 0x45000000
     dfc:	635f5550 	cmpvs	pc, #80, 10	; 0x14000000
     e00:	6574726f 	ldrbvs	r7, [r4, #-623]!	; 0xfffffd91
     e04:	33376178 	teqcc	r7, #120, 2
     e08:	52415400 	subpl	r5, r1, #0, 8
     e0c:	5f544547 	svcpl	0x00544547
     e10:	5f555043 	svcpl	0x00555043
     e14:	656e6567 	strbvs	r6, [lr, #-1383]!	; 0xfffffa99
     e18:	76636972 			; <UNDEFINED> instruction: 0x76636972
     e1c:	54006137 	strpl	r6, [r0], #-311	; 0xfffffec9
     e20:	45475241 	strbmi	r5, [r7, #-577]	; 0xfffffdbf
     e24:	50435f54 	subpl	r5, r3, r4, asr pc
     e28:	72615f55 	rsbvc	r5, r1, #340	; 0x154
     e2c:	3030376d 	eorscc	r3, r0, sp, ror #14
     e30:	6d726100 	ldfvse	f6, [r2, #-0]
     e34:	6372615f 	cmnvs	r2, #-1073741801	; 0xc0000017
     e38:	6f6e5f68 	svcvs	0x006e5f68
     e3c:	6c6f765f 	stclvs	6, cr7, [pc], #-380	; cc8 <shift+0xcc8>
     e40:	6c697461 	cfstrdvs	mvd7, [r9], #-388	; 0xfffffe7c
     e44:	65635f65 	strbvs	r5, [r3, #-3941]!	; 0xfffff09b
     e48:	53414200 	movtpl	r4, #4608	; 0x1200
     e4c:	52415f45 	subpl	r5, r1, #276	; 0x114
     e50:	385f4843 	ldmdacc	pc, {r0, r1, r6, fp, lr}^	; <UNPREDICTABLE>
     e54:	41540041 	cmpmi	r4, r1, asr #32
     e58:	54454752 	strbpl	r4, [r5], #-1874	; 0xfffff8ae
     e5c:	5550435f 	ldrbpl	r4, [r0, #-863]	; 0xfffffca1
     e60:	6d72615f 	ldfvse	f6, [r2, #-380]!	; 0xfffffe84
     e64:	6d647437 	cfstrdvs	mvd7, [r4, #-220]!	; 0xffffff24
     e68:	54007369 	strpl	r7, [r0], #-873	; 0xfffffc97
     e6c:	45475241 	strbmi	r5, [r7, #-577]	; 0xfffffdbf
     e70:	50435f54 	subpl	r5, r3, r4, asr pc
     e74:	72615f55 	rsbvc	r5, r1, #340	; 0x154
     e78:	3230316d 	eorscc	r3, r0, #1073741851	; 0x4000001b
     e7c:	5f006532 	svcpl	0x00006532
     e80:	62617476 	rsbvs	r7, r1, #1979711488	; 0x76000000
     e84:	6f5f656c 	svcvs	0x005f656c
     e88:	65736666 	ldrbvs	r6, [r3, #-1638]!	; 0xfffff99a
     e8c:	706f0074 	rsbvc	r0, pc, r4, ror r0	; <UNPREDICTABLE>
     e90:	72726574 	rsbsvc	r6, r2, #116, 10	; 0x1d000000
     e94:	53414200 	movtpl	r4, #4608	; 0x1200
     e98:	52415f45 	subpl	r5, r1, #276	; 0x114
     e9c:	355f4843 	ldrbcc	r4, [pc, #-2115]	; 661 <shift+0x661>
     ea0:	41540054 	cmpmi	r4, r4, asr r0
     ea4:	54454752 	strbpl	r4, [r5], #-1874	; 0xfffff8ae
     ea8:	5550435f 	ldrbpl	r4, [r0, #-863]	; 0xfffffca1
     eac:	726f635f 	rsbvc	r6, pc, #2080374785	; 0x7c000001
     eb0:	61786574 	cmnvs	r8, r4, ror r5
     eb4:	6f633337 	svcvs	0x00633337
     eb8:	78657472 	stmdavc	r5!, {r1, r4, r5, r6, sl, ip, sp, lr}^
     ebc:	00353361 	eorseq	r3, r5, r1, ror #6
     ec0:	6174706f 	cmnvs	r4, pc, rrx
     ec4:	41006772 	tstmi	r0, r2, ror r7
     ec8:	4e5f4d52 	mrcmi	13, 2, r4, cr15, cr2, {2}
     ecc:	72610056 	rsbvc	r0, r1, #86	; 0x56
     ed0:	72615f6d 	rsbvc	r5, r1, #436	; 0x1b4
     ed4:	00346863 	eorseq	r6, r4, r3, ror #16
     ed8:	5f6d7261 	svcpl	0x006d7261
     edc:	68637261 	stmdavs	r3!, {r0, r5, r6, r9, ip, sp, lr}^
     ee0:	72610035 	rsbvc	r0, r1, #53	; 0x35
     ee4:	72615f6d 	rsbvc	r5, r1, #436	; 0x1b4
     ee8:	00366863 	eorseq	r6, r6, r3, ror #16
     eec:	5f6d7261 	svcpl	0x006d7261
     ef0:	68637261 	stmdavs	r3!, {r0, r5, r6, r9, ip, sp, lr}^
     ef4:	72610037 	rsbvc	r0, r1, #55	; 0x37
     ef8:	72615f6d 	rsbvc	r5, r1, #436	; 0x1b4
     efc:	00386863 	eorseq	r6, r8, r3, ror #16
     f00:	676e6f6c 	strbvs	r6, [lr, -ip, ror #30]!
     f04:	756f6420 	strbvc	r6, [pc, #-1056]!	; aec <shift+0xaec>
     f08:	00656c62 	rsbeq	r6, r5, r2, ror #24
     f0c:	45534142 	ldrbmi	r4, [r3, #-322]	; 0xfffffebe
     f10:	4352415f 	cmpmi	r2, #-1073741801	; 0xc0000017
     f14:	4b365f48 	blmi	d98c3c <shift+0xd98c3c>
     f18:	52415400 	subpl	r5, r1, #0, 8
     f1c:	5f544547 	svcpl	0x00544547
     f20:	5f555043 	svcpl	0x00555043
     f24:	396d7261 	stmdbcc	sp!, {r0, r5, r6, r9, ip, sp, lr}^
     f28:	00743034 	rsbseq	r3, r4, r4, lsr r0
     f2c:	5f6d7261 	svcpl	0x006d7261
     f30:	656e7574 	strbvs	r7, [lr, #-1396]!	; 0xfffffa8c
     f34:	6373785f 	cmnvs	r3, #6225920	; 0x5f0000
     f38:	00656c61 	rsbeq	r6, r5, r1, ror #24
     f3c:	47524154 			; <UNDEFINED> instruction: 0x47524154
     f40:	435f5445 	cmpmi	pc, #1157627904	; 0x45000000
     f44:	615f5550 	cmpvs	pc, r0, asr r5	; <UNPREDICTABLE>
     f48:	35376d72 	ldrcc	r6, [r7, #-3442]!	; 0xfffff28e
     f4c:	69003030 	stmdbvs	r0, {r4, r5, ip, sp}
     f50:	715f6173 	cmpvc	pc, r3, ror r1	; <UNPREDICTABLE>
     f54:	6b726975 	blvs	1c9b530 <shift+0x1c9b530>
     f58:	4d52415f 	ldfmie	f4, [r2, #-380]	; 0xfffffe84
     f5c:	7a6b3676 	bvc	1ace93c <shift+0x1ace93c>
     f60:	75687400 	strbvc	r7, [r8, #-1024]!	; 0xfffffc00
     f64:	635f626d 	cmpvs	pc, #-805306362	; 0xd0000006
     f68:	5f6c6c61 	svcpl	0x006c6c61
     f6c:	5f616976 	svcpl	0x00616976
     f70:	6562616c 	strbvs	r6, [r2, #-364]!	; 0xfffffe94
     f74:	4154006c 	cmpmi	r4, ip, rrx
     f78:	54454752 	strbpl	r4, [r5], #-1874	; 0xfffff8ae
     f7c:	5550435f 	ldrbpl	r4, [r0, #-863]	; 0xfffffca1
     f80:	6d72615f 	ldfvse	f6, [r2, #-380]!	; 0xfffffe84
     f84:	00303137 	eorseq	r3, r0, r7, lsr r1
     f88:	47524154 			; <UNDEFINED> instruction: 0x47524154
     f8c:	435f5445 	cmpmi	pc, #1157627904	; 0x45000000
     f90:	635f5550 	cmpvs	pc, #80, 10	; 0x14000000
     f94:	6574726f 	ldrbvs	r7, [r4, #-623]!	; 0xfffffd91
     f98:	00356178 	eorseq	r6, r5, r8, ror r1
     f9c:	5f4f495f 	svcpl	0x004f495f
     fa0:	65766173 	ldrbvs	r6, [r6, #-371]!	; 0xfffffe8d
     fa4:	7361625f 	cmnvc	r1, #-268435451	; 0xf0000005
     fa8:	41540065 	cmpmi	r4, r5, rrx
     fac:	54454752 	strbpl	r4, [r5], #-1874	; 0xfffff8ae
     fb0:	5550435f 	ldrbpl	r4, [r0, #-863]	; 0xfffffca1
     fb4:	726f635f 	rsbvc	r6, pc, #2080374785	; 0x7c000001
     fb8:	61786574 	cmnvs	r8, r4, ror r5
     fbc:	41540038 	cmpmi	r4, r8, lsr r0
     fc0:	54454752 	strbpl	r4, [r5], #-1874	; 0xfffff8ae
     fc4:	5550435f 	ldrbpl	r4, [r0, #-863]	; 0xfffffca1
     fc8:	726f635f 	rsbvc	r6, pc, #2080374785	; 0x7c000001
     fcc:	61786574 	cmnvs	r8, r4, ror r5
     fd0:	495f0039 	ldmdbmi	pc, {r0, r3, r4, r5}^	; <UNPREDICTABLE>
     fd4:	65725f4f 	ldrbvs	r5, [r2, #-3919]!	; 0xfffff0b1
     fd8:	655f6461 	ldrbvs	r6, [pc, #-1121]	; b7f <shift+0xb7f>
     fdc:	4100646e 	tstmi	r0, lr, ror #8
     fe0:	505f4d52 	subspl	r4, pc, r2, asr sp	; <UNPREDICTABLE>
     fe4:	415f5343 	cmpmi	pc, r3, asr #6
     fe8:	00534350 	subseq	r4, r3, r0, asr r3
     fec:	5f4d5241 	svcpl	0x004d5241
     ff0:	5f534350 	svcpl	0x00534350
     ff4:	43505441 	cmpmi	r0, #1090519040	; 0x41000000
     ff8:	68730053 	ldmdavs	r3!, {r0, r1, r4, r6}^
     ffc:	2074726f 	rsbscs	r7, r4, pc, ror #4
    1000:	00746e69 	rsbseq	r6, r4, r9, ror #28
    1004:	47524154 			; <UNDEFINED> instruction: 0x47524154
    1008:	435f5445 	cmpmi	pc, #1157627904	; 0x45000000
    100c:	615f5550 	cmpvs	pc, r0, asr r5	; <UNPREDICTABLE>
    1010:	30366d72 	eorscc	r6, r6, r2, ror sp
    1014:	41540030 	cmpmi	r4, r0, lsr r0
    1018:	54454752 	strbpl	r4, [r5], #-1874	; 0xfffff8ae
    101c:	5550435f 	ldrbpl	r4, [r0, #-863]	; 0xfffffca1
    1020:	6d72615f 	ldfvse	f6, [r2, #-380]!	; 0xfffffe84
    1024:	74303237 	ldrtvc	r3, [r0], #-567	; 0xfffffdc9
    1028:	52415400 	subpl	r5, r1, #0, 8
    102c:	5f544547 	svcpl	0x00544547
    1030:	5f555043 	svcpl	0x00555043
    1034:	74726f63 	ldrbtvc	r6, [r2], #-3939	; 0xfffff09d
    1038:	35617865 	strbcc	r7, [r1, #-2149]!	; 0xfffff79b
    103c:	6f630037 	svcvs	0x00630037
    1040:	656c706d 	strbvs	r7, [ip, #-109]!	; 0xffffff93
    1044:	6f642078 	svcvs	0x00642078
    1048:	656c6275 	strbvs	r6, [ip, #-629]!	; 0xfffffd8b
    104c:	52415400 	subpl	r5, r1, #0, 8
    1050:	5f544547 	svcpl	0x00544547
    1054:	5f555043 	svcpl	0x00555043
    1058:	74726f63 	ldrbtvc	r6, [r2], #-3939	; 0xfffff09d
    105c:	37617865 	strbcc	r7, [r1, -r5, ror #16]!
    1060:	726f6333 	rsbvc	r6, pc, #-872415232	; 0xcc000000
    1064:	61786574 	cmnvs	r8, r4, ror r5
    1068:	54003335 	strpl	r3, [r0], #-821	; 0xfffffccb
    106c:	45475241 	strbmi	r5, [r7, #-577]	; 0xfffffdbf
    1070:	50435f54 	subpl	r5, r3, r4, asr pc
    1074:	6f635f55 	svcvs	0x00635f55
    1078:	78657472 	stmdavc	r5!, {r1, r4, r5, r6, sl, ip, sp, lr}^
    107c:	61003761 	tstvs	r0, r1, ror #14
    1080:	635f6d72 	cmpvs	pc, #7296	; 0x1c80
    1084:	73690063 	cmnvc	r9, #99	; 0x63
    1088:	69625f61 	stmdbvs	r2!, {r0, r5, r6, r8, r9, sl, fp, ip, lr}^
    108c:	6f6d5f74 	svcvs	0x006d5f74
    1090:	36326564 	ldrtcc	r6, [r2], -r4, ror #10
    1094:	61736900 	cmnvs	r3, r0, lsl #18
    1098:	7469625f 	strbtvc	r6, [r9], #-607	; 0xfffffda1
    109c:	6373785f 	cmnvs	r3, #6225920	; 0x5f0000
    10a0:	00656c61 	rsbeq	r6, r5, r1, ror #24
    10a4:	47524154 			; <UNDEFINED> instruction: 0x47524154
    10a8:	435f5445 	cmpmi	pc, #1157627904	; 0x45000000
    10ac:	735f5550 	cmpvc	pc, #80, 10	; 0x14000000
    10b0:	6e6f7274 	mcrvs	2, 3, r7, cr15, cr4, {3}
    10b4:	6d726167 	ldfvse	f6, [r2, #-412]!	; 0xfffffe64
    10b8:	30303131 	eorscc	r3, r0, r1, lsr r1
    10bc:	52415400 	subpl	r5, r1, #0, 8
    10c0:	5f544547 	svcpl	0x00544547
    10c4:	5f555043 	svcpl	0x00555043
    10c8:	74726f63 	ldrbtvc	r6, [r2], #-3939	; 0xfffff09d
    10cc:	306d7865 	rsbcc	r7, sp, r5, ror #16
    10d0:	73756c70 	cmnvc	r5, #112, 24	; 0x7000
    10d4:	6f645f00 	svcvs	0x00645f00
    10d8:	755f746e 	ldrbvc	r7, [pc, #-1134]	; c72 <shift+0xc72>
    10dc:	745f6573 	ldrbvc	r6, [pc], #-1395	; 10e4 <shift+0x10e4>
    10e0:	5f656572 	svcpl	0x00656572
    10e4:	65726568 	ldrbvs	r6, [r2, #-1384]!	; 0xfffffa98
    10e8:	4154005f 	cmpmi	r4, pc, asr r0
    10ec:	54454752 	strbpl	r4, [r5], #-1874	; 0xfffff8ae
    10f0:	5550435f 	ldrbpl	r4, [r0, #-863]	; 0xfffffca1
    10f4:	6d72615f 	ldfvse	f6, [r2, #-380]!	; 0xfffffe84
    10f8:	64743031 	ldrbtvs	r3, [r4], #-49	; 0xffffffcf
    10fc:	6200696d 	andvs	r6, r0, #1785856	; 0x1b4000
    1100:	5f657361 	svcpl	0x00657361
    1104:	68637261 	stmdavs	r3!, {r0, r5, r6, r9, ip, sp, lr}^
    1108:	63657469 	cmnvs	r5, #1761607680	; 0x69000000
    110c:	65727574 	ldrbvs	r7, [r2, #-1396]!	; 0xfffffa8c
    1110:	6d726100 	ldfvse	f6, [r2, #-0]
    1114:	6372615f 	cmnvs	r2, #-1073741801	; 0xc0000017
    1118:	72635f68 	rsbvc	r5, r3, #104, 30	; 0x1a0
    111c:	41540063 	cmpmi	r4, r3, rrx
    1120:	54454752 	strbpl	r4, [r5], #-1874	; 0xfffff8ae
    1124:	5550435f 	ldrbpl	r4, [r0, #-863]	; 0xfffffca1
    1128:	726f635f 	rsbvc	r6, pc, #2080374785	; 0x7c000001
    112c:	6d786574 	cfldr64vs	mvdx6, [r8, #-464]!	; 0xfffffe30
    1130:	616d7331 	cmnvs	sp, r1, lsr r3
    1134:	756d6c6c 	strbvc	r6, [sp, #-3180]!	; 0xfffff394
    1138:	7069746c 	rsbvc	r7, r9, ip, ror #8
    113c:	6100796c 	tstvs	r0, ip, ror #18
    1140:	635f6d72 	cmpvs	pc, #7296	; 0x1c80
    1144:	65727275 	ldrbvs	r7, [r2, #-629]!	; 0xfffffd8b
    1148:	635f746e 	cmpvs	pc, #1845493760	; 0x6e000000
    114c:	72610063 	rsbvc	r0, r1, #99	; 0x63
    1150:	61745f6d 	cmnvs	r4, sp, ror #30
    1154:	74656772 	strbtvc	r6, [r5], #-1906	; 0xfffff88e
    1158:	736e695f 	cmnvc	lr, #1556480	; 0x17c000
    115c:	645f006e 	ldrbvs	r0, [pc], #-110	; 1164 <shift+0x1164>
    1160:	5f746e6f 	svcpl	0x00746e6f
    1164:	5f657375 	svcpl	0x00657375
    1168:	5f787472 	svcpl	0x00787472
    116c:	65726568 	ldrbvs	r6, [r2, #-1384]!	; 0xfffffa98
    1170:	5f5f005f 	svcpl	0x005f005f
    1174:	69766e65 	ldmdbvs	r6!, {r0, r2, r5, r6, r9, sl, fp, sp, lr}^
    1178:	006e6f72 	rsbeq	r6, lr, r2, ror pc
    117c:	5f617369 	svcpl	0x00617369
    1180:	5f746962 	svcpl	0x00746962
    1184:	33637263 	cmncc	r3, #805306374	; 0x30000006
    1188:	495f0032 	ldmdbmi	pc, {r1, r4, r5}^	; <UNPREDICTABLE>
    118c:	49465f4f 	stmdbmi	r6, {r0, r1, r2, r3, r6, r8, r9, sl, fp, ip, lr}^
    1190:	705f454c 	subsvc	r4, pc, ip, asr #10
    1194:	0073756c 	rsbseq	r7, r3, ip, ror #10
    1198:	5f4d5241 	svcpl	0x004d5241
    119c:	69004c50 	stmdbvs	r0, {r4, r6, sl, fp, lr}
    11a0:	625f6173 	subsvs	r6, pc, #-1073741796	; 0xc000001c
    11a4:	565f7469 	ldrbpl	r7, [pc], -r9, ror #8
    11a8:	32765046 	rsbscc	r5, r6, #70	; 0x46
    11ac:	61736900 	cmnvs	r3, r0, lsl #18
    11b0:	7469625f 	strbtvc	r6, [r9], #-607	; 0xfffffda1
    11b4:	5046565f 	subpl	r5, r6, pc, asr r6
    11b8:	69003376 	stmdbvs	r0, {r1, r2, r4, r5, r6, r8, r9, ip, sp}
    11bc:	625f6173 	subsvs	r6, pc, #-1073741796	; 0xc000001c
    11c0:	565f7469 	ldrbpl	r7, [pc], -r9, ror #8
    11c4:	34765046 	ldrbtcc	r5, [r6], #-70	; 0xffffffba
    11c8:	53414200 	movtpl	r4, #4608	; 0x1200
    11cc:	52415f45 	subpl	r5, r1, #276	; 0x114
    11d0:	385f4843 	ldmdacc	pc, {r0, r1, r6, fp, lr}^	; <UNPREDICTABLE>
    11d4:	414d5f4d 	cmpmi	sp, sp, asr #30
    11d8:	54004e49 	strpl	r4, [r0], #-3657	; 0xfffff1b7
    11dc:	45475241 	strbmi	r5, [r7, #-577]	; 0xfffffdbf
    11e0:	50435f54 	subpl	r5, r3, r4, asr pc
    11e4:	72615f55 	rsbvc	r5, r1, #340	; 0x154
    11e8:	6474396d 	ldrbtvs	r3, [r4], #-2413	; 0xfffff693
    11ec:	4100696d 	tstmi	r0, sp, ror #18
    11f0:	415f4d52 	cmpmi	pc, r2, asr sp	; <UNPREDICTABLE>
    11f4:	7369004c 	cmnvc	r9, #76	; 0x4c
    11f8:	69625f61 	stmdbvs	r2!, {r0, r5, r6, r8, r9, sl, fp, ip, lr}^
    11fc:	6f6d5f74 	svcvs	0x006d5f74
    1200:	32336564 	eorscc	r6, r3, #100, 10	; 0x19000000
    1204:	53414200 	movtpl	r4, #4608	; 0x1200
    1208:	52415f45 	subpl	r5, r1, #276	; 0x114
    120c:	375f4843 	ldrbcc	r4, [pc, -r3, asr #16]
    1210:	7261004d 	rsbvc	r0, r1, #77	; 0x4d
    1214:	61745f6d 	cmnvs	r4, sp, ror #30
    1218:	74656772 	strbtvc	r6, [r5], #-1906	; 0xfffff88e
    121c:	62616c5f 	rsbvs	r6, r1, #24320	; 0x5f00
    1220:	54006c65 	strpl	r6, [r0], #-3173	; 0xfffff39b
    1224:	45475241 	strbmi	r5, [r7, #-577]	; 0xfffffdbf
    1228:	50435f54 	subpl	r5, r3, r4, asr pc
    122c:	74735f55 	ldrbtvc	r5, [r3], #-3925	; 0xfffff0ab
    1230:	676e6f72 			; <UNDEFINED> instruction: 0x676e6f72
    1234:	316d7261 	cmncc	sp, r1, ror #4
    1238:	00303131 	eorseq	r3, r0, r1, lsr r1
    123c:	47524154 			; <UNDEFINED> instruction: 0x47524154
    1240:	435f5445 	cmpmi	pc, #1157627904	; 0x45000000
    1244:	615f5550 	cmpvs	pc, r0, asr r5	; <UNPREDICTABLE>
    1248:	32376d72 	eorscc	r6, r7, #7296	; 0x1c80
    124c:	41540030 	cmpmi	r4, r0, lsr r0
    1250:	54454752 	strbpl	r4, [r5], #-1874	; 0xfffff8ae
    1254:	5550435f 	ldrbpl	r4, [r0, #-863]	; 0xfffffca1
    1258:	726f635f 	rsbvc	r6, pc, #2080374785	; 0x7c000001
    125c:	72786574 	rsbsvc	r6, r8, #116, 10	; 0x1d000000
    1260:	41540034 	cmpmi	r4, r4, lsr r0
    1264:	54454752 	strbpl	r4, [r5], #-1874	; 0xfffff8ae
    1268:	5550435f 	ldrbpl	r4, [r0, #-863]	; 0xfffffca1
    126c:	726f635f 	rsbvc	r6, pc, #2080374785	; 0x7c000001
    1270:	72786574 	rsbsvc	r6, r8, #116, 10	; 0x1d000000
    1274:	41540035 	cmpmi	r4, r5, lsr r0
    1278:	54454752 	strbpl	r4, [r5], #-1874	; 0xfffff8ae
    127c:	5550435f 	ldrbpl	r4, [r0, #-863]	; 0xfffffca1
    1280:	726f635f 	rsbvc	r6, pc, #2080374785	; 0x7c000001
    1284:	72786574 	rsbsvc	r6, r8, #116, 10	; 0x1d000000
    1288:	41540037 	cmpmi	r4, r7, lsr r0
    128c:	54454752 	strbpl	r4, [r5], #-1874	; 0xfffff8ae
    1290:	5550435f 	ldrbpl	r4, [r0, #-863]	; 0xfffffca1
    1294:	726f635f 	rsbvc	r6, pc, #2080374785	; 0x7c000001
    1298:	72786574 	rsbsvc	r6, r8, #116, 10	; 0x1d000000
    129c:	6c5f0038 	mrrcvs	0, 3, r0, pc, cr8	; <UNPREDICTABLE>
    12a0:	006b636f 	rsbeq	r6, fp, pc, ror #6
    12a4:	5f617369 	svcpl	0x00617369
    12a8:	5f746962 	svcpl	0x00746962
    12ac:	6561706c 	strbvs	r7, [r1, #-108]!	; 0xffffff94
    12b0:	61736900 	cmnvs	r3, r0, lsl #18
    12b4:	7469625f 	strbtvc	r6, [r9], #-607	; 0xfffffda1
    12b8:	4d52415f 	ldfmie	f4, [r2, #-380]	; 0xfffffe84
    12bc:	006d3376 	rsbeq	r3, sp, r6, ror r3
    12c0:	47524154 			; <UNDEFINED> instruction: 0x47524154
    12c4:	435f5445 	cmpmi	pc, #1157627904	; 0x45000000
    12c8:	735f5550 	cmpvc	pc, #80, 10	; 0x14000000
    12cc:	6e6f7274 	mcrvs	2, 3, r7, cr15, cr4, {3}
    12d0:	6d726167 	ldfvse	f6, [r2, #-412]!	; 0xfffffe64
    12d4:	00303131 	eorseq	r3, r0, r1, lsr r1
    12d8:	646c6f5f 	strbtvs	r6, [ip], #-3935	; 0xfffff0a1
    12dc:	66666f5f 	uqsaxvs	r6, r6, pc	; <UNPREDICTABLE>
    12e0:	00746573 	rsbseq	r6, r4, r3, ror r5
    12e4:	5f617369 	svcpl	0x00617369
    12e8:	5f746962 	svcpl	0x00746962
    12ec:	6d746f6e 	ldclvs	15, cr6, [r4, #-440]!	; 0xfffffe48
    12f0:	61736900 	cmnvs	r3, r0, lsl #18
    12f4:	6e75745f 	mrcvs	4, 3, r7, cr5, cr15, {2}
    12f8:	62775f65 	rsbsvs	r5, r7, #404	; 0x194
    12fc:	69006675 	stmdbvs	r0, {r0, r2, r4, r5, r6, r9, sl, sp, lr}
    1300:	625f6173 	subsvs	r6, pc, #-1073741796	; 0xc000001c
    1304:	415f7469 	cmpmi	pc, r9, ror #8
    1308:	34764d52 	ldrbtcc	r4, [r6], #-3410	; 0xfffff2ae
    130c:	61736900 	cmnvs	r3, r0, lsl #18
    1310:	7469625f 	strbtvc	r6, [r9], #-607	; 0xfffffda1
    1314:	4d52415f 	ldfmie	f4, [r2, #-380]	; 0xfffffe84
    1318:	69003576 	stmdbvs	r0, {r1, r2, r4, r5, r6, r8, sl, ip, sp}
    131c:	625f6173 	subsvs	r6, pc, #-1073741796	; 0xc000001c
    1320:	415f7469 	cmpmi	pc, r9, ror #8
    1324:	36764d52 			; <UNDEFINED> instruction: 0x36764d52
    1328:	61736900 	cmnvs	r3, r0, lsl #18
    132c:	7469625f 	strbtvc	r6, [r9], #-607	; 0xfffffda1
    1330:	4d52415f 	ldfmie	f4, [r2, #-380]	; 0xfffffe84
    1334:	69003776 	stmdbvs	r0, {r1, r2, r4, r5, r6, r8, r9, sl, ip, sp}
    1338:	625f6173 	subsvs	r6, pc, #-1073741796	; 0xc000001c
    133c:	415f7469 	cmpmi	pc, r9, ror #8
    1340:	38764d52 	ldmdacc	r6!, {r1, r4, r6, r8, sl, fp, lr}^
    1344:	52415400 	subpl	r5, r1, #0, 8
    1348:	5f544547 	svcpl	0x00544547
    134c:	5f555043 	svcpl	0x00555043
    1350:	316d7261 	cmncc	sp, r1, ror #4
    1354:	74363531 	ldrtvc	r3, [r6], #-1329	; 0xfffffacf
    1358:	5f007332 	svcpl	0x00007332
    135c:	66756273 			; <UNDEFINED> instruction: 0x66756273
    1360:	6d726100 	ldfvse	f6, [r2, #-0]
    1364:	6e75745f 	mrcvs	4, 3, r7, cr5, cr15, {2}
    1368:	72610065 	rsbvc	r0, r1, #101	; 0x65
    136c:	70635f6d 	rsbvc	r5, r3, sp, ror #30
    1370:	6e695f70 	mcrvs	15, 3, r5, cr9, cr0, {3}
    1374:	77726574 			; <UNDEFINED> instruction: 0x77726574
    1378:	006b726f 	rsbeq	r7, fp, pc, ror #4
    137c:	69736e75 	ldmdbvs	r3!, {r0, r2, r4, r5, r6, r9, sl, fp, sp, lr}^
    1380:	64656e67 	strbtvs	r6, [r5], #-3687	; 0xfffff199
    1384:	61686320 	cmnvs	r8, r0, lsr #6
    1388:	41540072 	cmpmi	r4, r2, ror r0
    138c:	54454752 	strbpl	r4, [r5], #-1874	; 0xfffff8ae
    1390:	5550435f 	ldrbpl	r4, [r0, #-863]	; 0xfffffca1
    1394:	6d72615f 	ldfvse	f6, [r2, #-380]!	; 0xfffffe84
    1398:	74303239 	ldrtvc	r3, [r0], #-569	; 0xfffffdc7
    139c:	6f682f00 	svcvs	0x00682f00
    13a0:	742f656d 	strtvc	r6, [pc], #-1389	; 13a8 <shift+0x13a8>
    13a4:	2d677763 	stclcs	7, cr7, [r7, #-396]!	; 0xfffffe74
    13a8:	6c697562 	cfstr64vs	mvdx7, [r9], #-392	; 0xfffffe78
    13ac:	616c7364 	cmnvs	ip, r4, ror #6
    13b0:	772f6576 			; <UNDEFINED> instruction: 0x772f6576
    13b4:	736b726f 	cmnvc	fp, #-268435450	; 0xf0000006
    13b8:	65636170 	strbvs	r6, [r3, #-368]!	; 0xfffffe90
    13bc:	7763742f 	strbvc	r7, [r3, -pc, lsr #8]!
    13c0:	616d2d67 	cmnvs	sp, r7, ror #26
    13c4:	722d656b 	eorvc	r6, sp, #448790528	; 0x1ac00000
    13c8:	61656c65 	cmnvs	r5, r5, ror #24
    13cc:	315f6573 	cmpcc	pc, r3, ror r5	; <UNPREDICTABLE>
    13d0:	616e732f 	cmnvs	lr, pc, lsr #6
    13d4:	6f687370 	svcvs	0x00687370
    13d8:	672f7374 			; <UNDEFINED> instruction: 0x672f7374
    13dc:	672e6363 	strvs	r6, [lr, -r3, ror #6]!
    13e0:	6c7e7469 	cfldrdvs	mvd7, [lr], #-420	; 0xfffffe5c
    13e4:	72616e69 	rsbvc	r6, r1, #1680	; 0x690
    13e8:	2e372d6f 	cdpcs	13, 3, cr2, cr7, cr15, {3}
    13ec:	30322d35 	eorscc	r2, r2, r5, lsr sp
    13f0:	312e3931 			; <UNDEFINED> instruction: 0x312e3931
    13f4:	696c2f32 	stmdbvs	ip!, {r1, r4, r5, r8, r9, sl, fp, sp}^
    13f8:	63636762 	cmnvs	r3, #25690112	; 0x1880000
    13fc:	62696c2f 	rsbvs	r6, r9, #12032	; 0x2f00
    1400:	32636367 	rsbcc	r6, r3, #-1677721599	; 0x9c000001
    1404:	5400632e 	strpl	r6, [r0], #-814	; 0xfffffcd2
    1408:	45475241 	strbmi	r5, [r7, #-577]	; 0xfffffdbf
    140c:	50435f54 	subpl	r5, r3, r4, asr pc
    1410:	61665f55 	cmnvs	r6, r5, asr pc
    1414:	00363235 	eorseq	r3, r6, r5, lsr r2
    1418:	5f6d7261 	svcpl	0x006d7261
    141c:	68637261 	stmdavs	r3!, {r0, r5, r6, r9, ip, sp, lr}^
    1420:	7568745f 	strbvc	r7, [r8, #-1119]!	; 0xfffffba1
    1424:	685f626d 	ldmdavs	pc, {r0, r2, r3, r5, r6, r9, sp, lr}^	; <UNPREDICTABLE>
    1428:	76696477 			; <UNDEFINED> instruction: 0x76696477
    142c:	4f495f00 	svcmi	0x00495f00
    1430:	6972775f 	ldmdbvs	r2!, {r0, r1, r2, r3, r4, r6, r8, r9, sl, ip, sp, lr}^
    1434:	705f6574 	subsvc	r6, pc, r4, ror r5	; <UNPREDICTABLE>
    1438:	68007274 	stmdavs	r0, {r2, r4, r5, r6, r9, ip, sp, lr}
    143c:	5f626174 	svcpl	0x00626174
    1440:	705f7165 	subsvc	r7, pc, r5, ror #2
    1444:	746e696f 	strbtvc	r6, [lr], #-2415	; 0xfffff691
    1448:	54007265 	strpl	r7, [r0], #-613	; 0xfffffd9b
    144c:	45475241 	strbmi	r5, [r7, #-577]	; 0xfffffdbf
    1450:	50435f54 	subpl	r5, r3, r4, asr pc
    1454:	72615f55 	rsbvc	r5, r1, #340	; 0x154
    1458:	0030366d 	eorseq	r3, r0, sp, ror #12
    145c:	5f6d7261 	svcpl	0x006d7261
    1460:	5f636970 	svcpl	0x00636970
    1464:	69676572 	stmdbvs	r7!, {r1, r4, r5, r6, r8, sl, sp, lr}^
    1468:	72657473 	rsbvc	r7, r5, #1929379840	; 0x73000000
    146c:	52415400 	subpl	r5, r1, #0, 8
    1470:	5f544547 	svcpl	0x00544547
    1474:	5f555043 	svcpl	0x00555043
    1478:	74726f63 	ldrbtvc	r6, [r2], #-3939	; 0xfffff09d
    147c:	306d7865 	rsbcc	r7, sp, r5, ror #16
    1480:	6c616d73 	stclvs	13, cr6, [r1], #-460	; 0xfffffe34
    1484:	6c756d6c 	ldclvs	13, cr6, [r5], #-432	; 0xfffffe50
    1488:	6c706974 			; <UNDEFINED> instruction: 0x6c706974
    148c:	41540079 	cmpmi	r4, r9, ror r0
    1490:	54454752 	strbpl	r4, [r5], #-1874	; 0xfffff8ae
    1494:	5550435f 	ldrbpl	r4, [r0, #-863]	; 0xfffffca1
    1498:	6d72615f 	ldfvse	f6, [r2, #-380]!	; 0xfffffe84
    149c:	65363639 	ldrvs	r3, [r6, #-1593]!	; 0xfffff9c7
    14a0:	41540073 	cmpmi	r4, r3, ror r0
    14a4:	54454752 	strbpl	r4, [r5], #-1874	; 0xfffff8ae
    14a8:	5550435f 	ldrbpl	r4, [r0, #-863]	; 0xfffffca1
    14ac:	63706d5f 	cmnvs	r0, #6080	; 0x17c0
    14b0:	6e65726f 	cdpvs	2, 6, cr7, cr5, cr15, {3}
    14b4:	7066766f 	rsbvc	r7, r6, pc, ror #12
    14b8:	52415400 	subpl	r5, r1, #0, 8
    14bc:	5f544547 	svcpl	0x00544547
    14c0:	5f555043 	svcpl	0x00555043
    14c4:	376d7261 	strbcc	r7, [sp, -r1, ror #4]!
    14c8:	00693030 	rsbeq	r3, r9, r0, lsr r0
    14cc:	5f4d5241 	svcpl	0x004d5241
    14d0:	61004343 	tstvs	r0, r3, asr #6
    14d4:	615f6d72 	cmpvs	pc, r2, ror sp	; <UNPREDICTABLE>
    14d8:	38686372 	stmdacc	r8!, {r1, r4, r5, r6, r8, r9, sp, lr}^
    14dc:	6100325f 	tstvs	r0, pc, asr r2
    14e0:	6c5f6d72 	mrrcvs	13, 7, r6, pc, cr2	; <UNPREDICTABLE>
    14e4:	63735f64 	cmnvs	r3, #100, 30	; 0x190
    14e8:	00646568 	rsbeq	r6, r4, r8, ror #10
    14ec:	47524154 			; <UNDEFINED> instruction: 0x47524154
    14f0:	435f5445 	cmpmi	pc, #1157627904	; 0x45000000
    14f4:	665f5550 			; <UNDEFINED> instruction: 0x665f5550
    14f8:	3236706d 	eorscc	r7, r6, #109	; 0x6d
    14fc:	52410036 	subpl	r0, r1, #54	; 0x36
    1500:	53435f4d 	movtpl	r5, #16205	; 0x3f4d
    1504:	6d726100 	ldfvse	f6, [r2, #-0]
    1508:	3170665f 	cmncc	r0, pc, asr r6
    150c:	6e695f36 	mcrvs	15, 3, r5, cr9, cr6, {1}
    1510:	5f007473 	svcpl	0x00007473
    1514:	66666f5f 	uqsaxvs	r6, r6, pc	; <UNPREDICTABLE>
    1518:	6100745f 	tstvs	r0, pc, asr r4
    151c:	625f6d72 	subsvs	r6, pc, #7296	; 0x1c80
    1520:	5f657361 	svcpl	0x00657361
    1524:	68637261 	stmdavs	r3!, {r0, r5, r6, r9, ip, sp, lr}^
    1528:	61736900 	cmnvs	r3, r0, lsl #18
    152c:	7469625f 	strbtvc	r6, [r9], #-607	; 0xfffffda1
    1530:	4d52415f 	ldfmie	f4, [r2, #-380]	; 0xfffffe84
    1534:	00653576 	rsbeq	r3, r5, r6, ror r5
    1538:	726f6873 	rsbvc	r6, pc, #7536640	; 0x730000
    153c:	6e752074 	mrcvs	0, 3, r2, cr5, cr4, {3}
    1540:	6e676973 			; <UNDEFINED> instruction: 0x6e676973
    1544:	69206465 	stmdbvs	r0!, {r0, r2, r5, r6, sl, sp, lr}
    1548:	5400746e 	strpl	r7, [r0], #-1134	; 0xfffffb92
    154c:	45475241 	strbmi	r5, [r7, #-577]	; 0xfffffdbf
    1550:	50435f54 	subpl	r5, r3, r4, asr pc
    1554:	72615f55 	rsbvc	r5, r1, #340	; 0x154
    1558:	0030376d 	eorseq	r3, r0, sp, ror #14
    155c:	7379735f 	cmnvc	r9, #2080374785	; 0x7c000001
    1560:	7272655f 	rsbsvc	r6, r2, #398458880	; 0x17c00000
    1564:	7473696c 	ldrbtvc	r6, [r3], #-2412	; 0xfffff694
    1568:	52415400 	subpl	r5, r1, #0, 8
    156c:	5f544547 	svcpl	0x00544547
    1570:	5f555043 	svcpl	0x00555043
    1574:	326d7261 	rsbcc	r7, sp, #268435462	; 0x10000006
    1578:	61003035 	tstvs	r0, r5, lsr r0
    157c:	615f6d72 	cmpvs	pc, r2, ror sp	; <UNPREDICTABLE>
    1580:	37686372 			; <UNDEFINED> instruction: 0x37686372
    1584:	54006d65 	strpl	r6, [r0], #-3429	; 0xfffff29b
    1588:	45475241 	strbmi	r5, [r7, #-577]	; 0xfffffdbf
    158c:	50435f54 	subpl	r5, r3, r4, asr pc
    1590:	6f635f55 	svcvs	0x00635f55
    1594:	78657472 	stmdavc	r5!, {r1, r4, r5, r6, sl, ip, sp, lr}^
    1598:	00323761 	eorseq	r3, r2, r1, ror #14
    159c:	5f6d7261 	svcpl	0x006d7261
    15a0:	5f736370 	svcpl	0x00736370
    15a4:	61666564 	cmnvs	r6, r4, ror #10
    15a8:	00746c75 	rsbseq	r6, r4, r5, ror ip
    15ac:	47524154 			; <UNDEFINED> instruction: 0x47524154
    15b0:	435f5445 	cmpmi	pc, #1157627904	; 0x45000000
    15b4:	735f5550 	cmpvc	pc, #80, 10	; 0x14000000
    15b8:	6e6f7274 	mcrvs	2, 3, r7, cr15, cr4, {3}
    15bc:	6d726167 	ldfvse	f6, [r2, #-412]!	; 0xfffffe64
    15c0:	6d726100 	ldfvse	f6, [r2, #-0]
    15c4:	6372615f 	cmnvs	r2, #-1073741801	; 0xc0000017
    15c8:	68745f68 	ldmdavs	r4!, {r3, r5, r6, r8, r9, sl, fp, ip, lr}^
    15cc:	31626d75 	smccc	9941	; 0x26d5
    15d0:	6d726100 	ldfvse	f6, [r2, #-0]
    15d4:	6372615f 	cmnvs	r2, #-1073741801	; 0xc0000017
    15d8:	68745f68 	ldmdavs	r4!, {r3, r5, r6, r8, r9, sl, fp, ip, lr}^
    15dc:	32626d75 	rsbcc	r6, r2, #7488	; 0x1d40
    15e0:	52415400 	subpl	r5, r1, #0, 8
    15e4:	5f544547 	svcpl	0x00544547
    15e8:	5f555043 	svcpl	0x00555043
    15ec:	6d6d7769 	stclvs	7, cr7, [sp, #-420]!	; 0xfffffe5c
    15f0:	5f007478 	svcpl	0x00007478
    15f4:	69616863 	stmdbvs	r1!, {r0, r1, r5, r6, fp, sp, lr}^
    15f8:	7369006e 	cmnvc	r9, #110	; 0x6e
    15fc:	69625f61 	stmdbvs	r2!, {r0, r5, r6, r8, r9, sl, fp, ip, lr}^
    1600:	50465f74 	subpl	r5, r6, r4, ror pc
    1604:	4d52415f 	ldfmie	f4, [r2, #-380]	; 0xfffffe84
    1608:	54003876 	strpl	r3, [r0], #-2166	; 0xfffff78a
    160c:	45475241 	strbmi	r5, [r7, #-577]	; 0xfffffdbf
    1610:	50435f54 	subpl	r5, r3, r4, asr pc
    1614:	72615f55 	rsbvc	r5, r1, #340	; 0x154
    1618:	3232396d 	eorscc	r3, r2, #1785856	; 0x1b4000
    161c:	41540074 	cmpmi	r4, r4, ror r0
    1620:	54454752 	strbpl	r4, [r5], #-1874	; 0xfffff8ae
    1624:	5550435f 	ldrbpl	r4, [r0, #-863]	; 0xfffffca1
    1628:	6d72615f 	ldfvse	f6, [r2, #-380]!	; 0xfffffe84
    162c:	5f006437 	svcpl	0x00006437
    1630:	7961645f 	stmdbvc	r1!, {r0, r1, r2, r3, r4, r6, sl, sp, lr}^
    1634:	6867696c 	stmdavs	r7!, {r2, r3, r5, r6, r8, fp, sp, lr}^
    1638:	73690074 	cmnvc	r9, #116	; 0x74
    163c:	75745f61 	ldrbvc	r5, [r4, #-3937]!	; 0xfffff09f
    1640:	635f656e 	cmpvs	pc, #461373440	; 0x1b800000
    1644:	72705f6f 	rsbsvc	r5, r0, #444	; 0x1bc
    1648:	5400636f 	strpl	r6, [r0], #-879	; 0xfffffc91
    164c:	45475241 	strbmi	r5, [r7, #-577]	; 0xfffffdbf
    1650:	50435f54 	subpl	r5, r3, r4, asr pc
    1654:	72615f55 	rsbvc	r5, r1, #340	; 0x154
    1658:	006d376d 	rsbeq	r3, sp, sp, ror #14
    165c:	666f5f5f 	uqsaxvs	r5, pc, pc	; <UNPREDICTABLE>
    1660:	5f343666 	svcpl	0x00343666
    1664:	755f0074 	ldrbvc	r0, [pc, #-116]	; 15f8 <shift+0x15f8>
    1668:	6573756e 	ldrbvs	r7, [r3, #-1390]!	; 0xfffffa92
    166c:	5f003264 	svcpl	0x00003264
    1670:	625f4f49 	subsvs	r4, pc, #292	; 0x124
    1674:	625f6675 	subsvs	r6, pc, #122683392	; 0x7500000
    1678:	00657361 	rsbeq	r7, r5, r1, ror #6
    167c:	5f6d7261 	svcpl	0x006d7261
    1680:	68637261 	stmdavs	r3!, {r0, r5, r6, r9, ip, sp, lr}^
    1684:	00315f38 	eorseq	r5, r1, r8, lsr pc
